Record ID,Geological Group ID,CV Block ID,Reference ID,repeat,outer_fold,model,parameter_hash,model_score,score_type,analysis_protocol_hash,source_block_overlap_with_training,valid_prediction
R0015,GG0021,CVB0010,REF0003,1,1,XGBoost,8585aaa05cfdc45db07a6521f3455fad438715e7016e8c3af2d92b7b3190896e,0.9024549722671509,predict_proba,9eb1905b0d2d4dff99236976201e564cbe25ee258ba901ad38107c5c6b5846f0,True,True
R0016,GG0021,CVB0010,REF0003,1,1,XGBoost,8585aaa05cfdc45db07a6521f3455fad438715e7016e8c3af2d92b7b3190896e,0.961458683013916,predict_proba,9eb1905b0d2d4dff99236976201e564cbe25ee258ba901ad38107c5c6b5846f0,True,True
R0017,GG0021,CVB0010,REF0003,1,1,XGBoost,8585aaa05cfdc45db07a6521f3455fad438715e7016e8c3af2d92b7b3190896e,0.7909486889839172,predict_proba,9eb1905b0d2d4dff99236976201e564cbe25ee258ba901ad38107c5c6b5846f0,True,True
R0018,GG0021,CVB0010,REF0003,1,1,XGBoost,8585aaa05cfdc45db07a6521f3455fad438715e7016e8c3af2d92b7b3190896e,0.7712612152099609,predict_proba,9eb1905b0d2d4dff99236976201e564cbe25ee258ba901ad38107c5c6b5846f0,True,True
R0019,GG0021,CVB0010,REF0003,1,1,XGBoost,8585aaa05cfdc45db07a6521f3455fad438715e7016e8c3af2d92b7b3190896e,0.814038872718811,predict_proba,9eb1905b0d2d4dff99236976201e564cbe25ee258ba901ad38107c5c6b5846f0,True,True
R0020,GG0021,CVB0010,REF0003,1,1,XGBoost,8585aaa05cfdc45db07a6521f3455fad438715e7016e8c3af2d92b7b3190896e,0.9745190143585205,predict_proba,9eb1905b0d2d4dff99236976201e564cbe25ee258ba901ad38107c5c6b5846f0,True,True
R0021,GG0021,CVB0010,REF0003,1,1,XGBoost,8585aaa05cfdc45db07a6521f3455fad438715e7016e8c3af2d92b7b3190896e,0.9549259543418884,predict_proba,9eb1905b0d2d4dff99236976201e564cbe25ee258ba901ad38107c5c6b5846f0,True,True
R0022,GG0021,CVB0010,REF0003,1,1,XGBoost,8585aaa05cfdc45db07a6521f3455fad438715e7016e8c3af2d92b7b3190896e,0.921676754951477,predict_proba,9eb1905b0d2d4dff99236976201e564cbe25ee258ba901ad38107c5c6b5846f0,True,True
R0023,GG0021,CVB0010,REF0003,1,1,XGBoost,8585aaa05cfdc45db07a6521f3455fad438715e7016e8c3af2d92b7b3190896e,0.9555504322052002,predict_proba,9eb1905b0d2d4dff99236976201e564cbe25ee258ba901ad38107c5c6b5846f0,True,True
R0024,GG0021,CVB0010,REF0003,1,1,XGBoost,8585aaa05cfdc45db07a6521f3455fad438715e7016e8c3af2d92b7b3190896e,0.965104341506958,predict_proba,9eb1905b0d2d4dff99236976201e564cbe25ee258ba901ad38107c5c6b5846f0,True,True
R0025,GG0021,CVB0010,REF0003,1,1,XGBoost,8585aaa05cfdc45db07a6521f3455fad438715e7016e8c3af2d92b7b3190896e,0.8962815403938293,predict_proba,9eb1905b0d2d4dff99236976201e564cbe25ee258ba901ad38107c5c6b5846f0,True,True
R0026,GG0021,CVB0010,REF0003,1,1,XGBoost,8585aaa05cfdc45db07a6521f3455fad438715e7016e8c3af2d92b7b3190896e,0.8501076102256775,predict_proba,9eb1905b0d2d4dff99236976201e564cbe25ee258ba901ad38107c5c6b5846f0,True,True
R0027,GG0021,CVB0010,REF0003,1,1,XGBoost,8585aaa05cfdc45db07a6521f3455fad438715e7016e8c3af2d92b7b3190896e,0.9037120938301086,predict_proba,9eb1905b0d2d4dff99236976201e564cbe25ee258ba901ad38107c5c6b5846f0,True,True
R0028,GG0021,CVB0010,REF0003,1,1,XGBoost,8585aaa05cfdc45db07a6521f3455fad438715e7016e8c3af2d92b7b3190896e,0.8609522581100464,predict_proba,9eb1905b0d2d4dff99236976201e564cbe25ee258ba901ad38107c5c6b5846f0,True,True
R0029,GG0021,CVB0010,REF0004,1,1,XGBoost,8585aaa05cfdc45db07a6521f3455fad438715e7016e8c3af2d92b7b3190896e,0.9130740165710449,predict_proba,9eb1905b0d2d4dff99236976201e564cbe25ee258ba901ad38107c5c6b5846f0,True,True
R0030,GG0021,CVB0010,REF0004,1,1,XGBoost,8585aaa05cfdc45db07a6521f3455fad438715e7016e8c3af2d92b7b3190896e,0.9552295207977295,predict_proba,9eb1905b0d2d4dff99236976201e564cbe25ee258ba901ad38107c5c6b5846f0,True,True
R0031,GG0021,CVB0010,REF0004,1,1,XGBoost,8585aaa05cfdc45db07a6521f3455fad438715e7016e8c3af2d92b7b3190896e,0.9667851328849792,predict_proba,9eb1905b0d2d4dff99236976201e564cbe25ee258ba901ad38107c5c6b5846f0,True,True
R0032,GG0021,CVB0010,REF0004,1,1,XGBoost,8585aaa05cfdc45db07a6521f3455fad438715e7016e8c3af2d92b7b3190896e,0.8137916326522827,predict_proba,9eb1905b0d2d4dff99236976201e564cbe25ee258ba901ad38107c5c6b5846f0,True,True
R0033,GG0021,CVB0010,REF0004,1,1,XGBoost,8585aaa05cfdc45db07a6521f3455fad438715e7016e8c3af2d92b7b3190896e,0.9425875544548035,predict_proba,9eb1905b0d2d4dff99236976201e564cbe25ee258ba901ad38107c5c6b5846f0,True,True
R0034,GG0021,CVB0010,REF0004,1,1,XGBoost,8585aaa05cfdc45db07a6521f3455fad438715e7016e8c3af2d92b7b3190896e,0.630226194858551,predict_proba,9eb1905b0d2d4dff99236976201e564cbe25ee258ba901ad38107c5c6b5846f0,True,True
R0035,GG0021,CVB0010,REF0004,1,1,XGBoost,8585aaa05cfdc45db07a6521f3455fad438715e7016e8c3af2d92b7b3190896e,0.9512758255004883,predict_proba,9eb1905b0d2d4dff99236976201e564cbe25ee258ba901ad38107c5c6b5846f0,True,True
R0036,GG0021,CVB0010,REF0004,1,1,XGBoost,8585aaa05cfdc45db07a6521f3455fad438715e7016e8c3af2d92b7b3190896e,0.988043487071991,predict_proba,9eb1905b0d2d4dff99236976201e564cbe25ee258ba901ad38107c5c6b5846f0,True,True
R0037,GG0022,CVB0019,REF0005,1,1,XGBoost,8585aaa05cfdc45db07a6521f3455fad438715e7016e8c3af2d92b7b3190896e,0.7909246683120728,predict_proba,9eb1905b0d2d4dff99236976201e564cbe25ee258ba901ad38107c5c6b5846f0,False,True
R0038,GG0022,CVB0019,REF0005,1,1,XGBoost,8585aaa05cfdc45db07a6521f3455fad438715e7016e8c3af2d92b7b3190896e,0.762852668762207,predict_proba,9eb1905b0d2d4dff99236976201e564cbe25ee258ba901ad38107c5c6b5846f0,False,True
R0039,GG0022,CVB0019,REF0005,1,1,XGBoost,8585aaa05cfdc45db07a6521f3455fad438715e7016e8c3af2d92b7b3190896e,0.1666744351387024,predict_proba,9eb1905b0d2d4dff99236976201e564cbe25ee258ba901ad38107c5c6b5846f0,False,True
R0040,GG0022,CVB0019,REF0005,1,1,XGBoost,8585aaa05cfdc45db07a6521f3455fad438715e7016e8c3af2d92b7b3190896e,0.6635828018188477,predict_proba,9eb1905b0d2d4dff99236976201e564cbe25ee258ba901ad38107c5c6b5846f0,False,True
R0041,GG0022,CVB0019,REF0005,1,1,XGBoost,8585aaa05cfdc45db07a6521f3455fad438715e7016e8c3af2d92b7b3190896e,0.46273157000541687,predict_proba,9eb1905b0d2d4dff99236976201e564cbe25ee258ba901ad38107c5c6b5846f0,False,True
R0042,GG0022,CVB0019,REF0005,1,1,XGBoost,8585aaa05cfdc45db07a6521f3455fad438715e7016e8c3af2d92b7b3190896e,0.36158379912376404,predict_proba,9eb1905b0d2d4dff99236976201e564cbe25ee258ba901ad38107c5c6b5846f0,False,True
R0043,GG0022,CVB0019,REF0005,1,1,XGBoost,8585aaa05cfdc45db07a6521f3455fad438715e7016e8c3af2d92b7b3190896e,0.2941926419734955,predict_proba,9eb1905b0d2d4dff99236976201e564cbe25ee258ba901ad38107c5c6b5846f0,False,True
R0044,GG0022,CVB0019,REF0005,1,1,XGBoost,8585aaa05cfdc45db07a6521f3455fad438715e7016e8c3af2d92b7b3190896e,0.9104754328727722,predict_proba,9eb1905b0d2d4dff99236976201e564cbe25ee258ba901ad38107c5c6b5846f0,False,True
R0045,GG0022,CVB0019,REF0005,1,1,XGBoost,8585aaa05cfdc45db07a6521f3455fad438715e7016e8c3af2d92b7b3190896e,0.9455949068069458,predict_proba,9eb1905b0d2d4dff99236976201e564cbe25ee258ba901ad38107c5c6b5846f0,False,True
R0046,GG0022,CVB0019,REF0005,1,1,XGBoost,8585aaa05cfdc45db07a6521f3455fad438715e7016e8c3af2d92b7b3190896e,0.9594294428825378,predict_proba,9eb1905b0d2d4dff99236976201e564cbe25ee258ba901ad38107c5c6b5846f0,False,True
R0047,GG0022,CVB0019,REF0005,1,1,XGBoost,8585aaa05cfdc45db07a6521f3455fad438715e7016e8c3af2d92b7b3190896e,0.8357223272323608,predict_proba,9eb1905b0d2d4dff99236976201e564cbe25ee258ba901ad38107c5c6b5846f0,False,True
R0048,GG0022,CVB0019,REF0005,1,1,XGBoost,8585aaa05cfdc45db07a6521f3455fad438715e7016e8c3af2d92b7b3190896e,0.9062789082527161,predict_proba,9eb1905b0d2d4dff99236976201e564cbe25ee258ba901ad38107c5c6b5846f0,False,True
R0060,GG0021,CVB0010,REF0008,1,1,XGBoost,8585aaa05cfdc45db07a6521f3455fad438715e7016e8c3af2d92b7b3190896e,0.005312343593686819,predict_proba,9eb1905b0d2d4dff99236976201e564cbe25ee258ba901ad38107c5c6b5846f0,True,True
R0061,GG0021,CVB0010,REF0008,1,1,XGBoost,8585aaa05cfdc45db07a6521f3455fad438715e7016e8c3af2d92b7b3190896e,0.799185574054718,predict_proba,9eb1905b0d2d4dff99236976201e564cbe25ee258ba901ad38107c5c6b5846f0,True,True
R0062,GG0021,CVB0010,REF0008,1,1,XGBoost,8585aaa05cfdc45db07a6521f3455fad438715e7016e8c3af2d92b7b3190896e,0.6685671806335449,predict_proba,9eb1905b0d2d4dff99236976201e564cbe25ee258ba901ad38107c5c6b5846f0,True,True
R0063,GG0021,CVB0010,REF0008,1,1,XGBoost,8585aaa05cfdc45db07a6521f3455fad438715e7016e8c3af2d92b7b3190896e,0.1119646206498146,predict_proba,9eb1905b0d2d4dff99236976201e564cbe25ee258ba901ad38107c5c6b5846f0,True,True
R0064,GG0021,CVB0010,REF0008,1,1,XGBoost,8585aaa05cfdc45db07a6521f3455fad438715e7016e8c3af2d92b7b3190896e,0.8904346227645874,predict_proba,9eb1905b0d2d4dff99236976201e564cbe25ee258ba901ad38107c5c6b5846f0,True,True
R0065,GG0021,CVB0010,REF0008,1,1,XGBoost,8585aaa05cfdc45db07a6521f3455fad438715e7016e8c3af2d92b7b3190896e,0.9452471137046814,predict_proba,9eb1905b0d2d4dff99236976201e564cbe25ee258ba901ad38107c5c6b5846f0,True,True
R0066,GG0021,CVB0010,REF0008,1,1,XGBoost,8585aaa05cfdc45db07a6521f3455fad438715e7016e8c3af2d92b7b3190896e,0.18921662867069244,predict_proba,9eb1905b0d2d4dff99236976201e564cbe25ee258ba901ad38107c5c6b5846f0,True,True
R0067,GG0021,CVB0010,REF0008,1,1,XGBoost,8585aaa05cfdc45db07a6521f3455fad438715e7016e8c3af2d92b7b3190896e,0.06622884422540665,predict_proba,9eb1905b0d2d4dff99236976201e564cbe25ee258ba901ad38107c5c6b5846f0,True,True
R0068,GG0021,CVB0010,REF0008,1,1,XGBoost,8585aaa05cfdc45db07a6521f3455fad438715e7016e8c3af2d92b7b3190896e,0.9385147094726562,predict_proba,9eb1905b0d2d4dff99236976201e564cbe25ee258ba901ad38107c5c6b5846f0,True,True
R0069,GG0021,CVB0010,REF0008,1,1,XGBoost,8585aaa05cfdc45db07a6521f3455fad438715e7016e8c3af2d92b7b3190896e,0.4324820041656494,predict_proba,9eb1905b0d2d4dff99236976201e564cbe25ee258ba901ad38107c5c6b5846f0,True,True
R0070,GG0021,CVB0010,REF0008,1,1,XGBoost,8585aaa05cfdc45db07a6521f3455fad438715e7016e8c3af2d92b7b3190896e,0.5560198426246643,predict_proba,9eb1905b0d2d4dff99236976201e564cbe25ee258ba901ad38107c5c6b5846f0,True,True
R0071,GG0021,CVB0010,REF0008,1,1,XGBoost,8585aaa05cfdc45db07a6521f3455fad438715e7016e8c3af2d92b7b3190896e,0.7725701928138733,predict_proba,9eb1905b0d2d4dff99236976201e564cbe25ee258ba901ad38107c5c6b5846f0,True,True
R0072,GG0021,CVB0010,REF0008,1,1,XGBoost,8585aaa05cfdc45db07a6521f3455fad438715e7016e8c3af2d92b7b3190896e,0.9595268964767456,predict_proba,9eb1905b0d2d4dff99236976201e564cbe25ee258ba901ad38107c5c6b5846f0,True,True
R0073,GG0021,CVB0010,REF0008,1,1,XGBoost,8585aaa05cfdc45db07a6521f3455fad438715e7016e8c3af2d92b7b3190896e,0.9098920822143555,predict_proba,9eb1905b0d2d4dff99236976201e564cbe25ee258ba901ad38107c5c6b5846f0,True,True
R0074,GG0021,CVB0010,REF0008,1,1,XGBoost,8585aaa05cfdc45db07a6521f3455fad438715e7016e8c3af2d92b7b3190896e,0.8753458261489868,predict_proba,9eb1905b0d2d4dff99236976201e564cbe25ee258ba901ad38107c5c6b5846f0,True,True
R0075,GG0021,CVB0010,REF0008,1,1,XGBoost,8585aaa05cfdc45db07a6521f3455fad438715e7016e8c3af2d92b7b3190896e,0.7844477891921997,predict_proba,9eb1905b0d2d4dff99236976201e564cbe25ee258ba901ad38107c5c6b5846f0,True,True
R0076,GG0021,CVB0010,REF0008,1,1,XGBoost,8585aaa05cfdc45db07a6521f3455fad438715e7016e8c3af2d92b7b3190896e,0.8688305020332336,predict_proba,9eb1905b0d2d4dff99236976201e564cbe25ee258ba901ad38107c5c6b5846f0,True,True
R0077,GG0021,CVB0010,REF0008,1,1,XGBoost,8585aaa05cfdc45db07a6521f3455fad438715e7016e8c3af2d92b7b3190896e,0.9987956285476685,predict_proba,9eb1905b0d2d4dff99236976201e564cbe25ee258ba901ad38107c5c6b5846f0,True,True
R0078,GG0021,CVB0010,REF0008,1,1,XGBoost,8585aaa05cfdc45db07a6521f3455fad438715e7016e8c3af2d92b7b3190896e,0.9901267290115356,predict_proba,9eb1905b0d2d4dff99236976201e564cbe25ee258ba901ad38107c5c6b5846f0,True,True
R0079,GG0021,CVB0010,REF0008,1,1,XGBoost,8585aaa05cfdc45db07a6521f3455fad438715e7016e8c3af2d92b7b3190896e,0.9899066090583801,predict_proba,9eb1905b0d2d4dff99236976201e564cbe25ee258ba901ad38107c5c6b5846f0,True,True
R0080,GG0021,CVB0010,REF0008,1,1,XGBoost,8585aaa05cfdc45db07a6521f3455fad438715e7016e8c3af2d92b7b3190896e,0.9764040112495422,predict_proba,9eb1905b0d2d4dff99236976201e564cbe25ee258ba901ad38107c5c6b5846f0,True,True
R0123,GG0017,CVB0007,REF0013,1,1,XGBoost,8585aaa05cfdc45db07a6521f3455fad438715e7016e8c3af2d92b7b3190896e,0.010019306093454361,predict_proba,9eb1905b0d2d4dff99236976201e564cbe25ee258ba901ad38107c5c6b5846f0,True,True
R0124,GG0017,CVB0007,REF0013,1,1,XGBoost,8585aaa05cfdc45db07a6521f3455fad438715e7016e8c3af2d92b7b3190896e,0.8710814118385315,predict_proba,9eb1905b0d2d4dff99236976201e564cbe25ee258ba901ad38107c5c6b5846f0,True,True
R0125,GG0017,CVB0007,REF0013,1,1,XGBoost,8585aaa05cfdc45db07a6521f3455fad438715e7016e8c3af2d92b7b3190896e,0.01955598220229149,predict_proba,9eb1905b0d2d4dff99236976201e564cbe25ee258ba901ad38107c5c6b5846f0,True,True
R0126,GG0017,CVB0007,REF0013,1,1,XGBoost,8585aaa05cfdc45db07a6521f3455fad438715e7016e8c3af2d92b7b3190896e,0.004252749029546976,predict_proba,9eb1905b0d2d4dff99236976201e564cbe25ee258ba901ad38107c5c6b5846f0,True,True
R0127,GG0017,CVB0007,REF0013,1,1,XGBoost,8585aaa05cfdc45db07a6521f3455fad438715e7016e8c3af2d92b7b3190896e,0.002568999072536826,predict_proba,9eb1905b0d2d4dff99236976201e564cbe25ee258ba901ad38107c5c6b5846f0,True,True
R0128,GG0017,CVB0007,REF0013,1,1,XGBoost,8585aaa05cfdc45db07a6521f3455fad438715e7016e8c3af2d92b7b3190896e,0.05762090906500816,predict_proba,9eb1905b0d2d4dff99236976201e564cbe25ee258ba901ad38107c5c6b5846f0,True,True
R0199,GG0033,CVB0030,REF0021,1,1,XGBoost,8585aaa05cfdc45db07a6521f3455fad438715e7016e8c3af2d92b7b3190896e,0.11291705816984177,predict_proba,9eb1905b0d2d4dff99236976201e564cbe25ee258ba901ad38107c5c6b5846f0,False,True
R0200,GG0033,CVB0030,REF0021,1,1,XGBoost,8585aaa05cfdc45db07a6521f3455fad438715e7016e8c3af2d92b7b3190896e,0.4634522497653961,predict_proba,9eb1905b0d2d4dff99236976201e564cbe25ee258ba901ad38107c5c6b5846f0,False,True
R0201,GG0033,CVB0030,REF0021,1,1,XGBoost,8585aaa05cfdc45db07a6521f3455fad438715e7016e8c3af2d92b7b3190896e,0.42618244886398315,predict_proba,9eb1905b0d2d4dff99236976201e564cbe25ee258ba901ad38107c5c6b5846f0,False,True
R0202,GG0033,CVB0030,REF0021,1,1,XGBoost,8585aaa05cfdc45db07a6521f3455fad438715e7016e8c3af2d92b7b3190896e,0.11211635172367096,predict_proba,9eb1905b0d2d4dff99236976201e564cbe25ee258ba901ad38107c5c6b5846f0,False,True
R0203,GG0033,CVB0030,REF0021,1,1,XGBoost,8585aaa05cfdc45db07a6521f3455fad438715e7016e8c3af2d92b7b3190896e,0.2089756280183792,predict_proba,9eb1905b0d2d4dff99236976201e564cbe25ee258ba901ad38107c5c6b5846f0,False,True
R0204,GG0033,CVB0030,REF0021,1,1,XGBoost,8585aaa05cfdc45db07a6521f3455fad438715e7016e8c3af2d92b7b3190896e,0.11805586516857147,predict_proba,9eb1905b0d2d4dff99236976201e564cbe25ee258ba901ad38107c5c6b5846f0,False,True
R0205,GG0033,CVB0030,REF0021,1,1,XGBoost,8585aaa05cfdc45db07a6521f3455fad438715e7016e8c3af2d92b7b3190896e,0.47037556767463684,predict_proba,9eb1905b0d2d4dff99236976201e564cbe25ee258ba901ad38107c5c6b5846f0,False,True
R0206,GG0033,CVB0030,REF0021,1,1,XGBoost,8585aaa05cfdc45db07a6521f3455fad438715e7016e8c3af2d92b7b3190896e,0.8317066431045532,predict_proba,9eb1905b0d2d4dff99236976201e564cbe25ee258ba901ad38107c5c6b5846f0,False,True
R0207,GG0033,CVB0030,REF0021,1,1,XGBoost,8585aaa05cfdc45db07a6521f3455fad438715e7016e8c3af2d92b7b3190896e,0.00459405779838562,predict_proba,9eb1905b0d2d4dff99236976201e564cbe25ee258ba901ad38107c5c6b5846f0,False,True
R0208,GG0033,CVB0030,REF0021,1,1,XGBoost,8585aaa05cfdc45db07a6521f3455fad438715e7016e8c3af2d92b7b3190896e,0.007059622555971146,predict_proba,9eb1905b0d2d4dff99236976201e564cbe25ee258ba901ad38107c5c6b5846f0,False,True
R0209,GG0033,CVB0030,REF0021,1,1,XGBoost,8585aaa05cfdc45db07a6521f3455fad438715e7016e8c3af2d92b7b3190896e,0.0020286079961806536,predict_proba,9eb1905b0d2d4dff99236976201e564cbe25ee258ba901ad38107c5c6b5846f0,False,True
R0210,GG0033,CVB0030,REF0021,1,1,XGBoost,8585aaa05cfdc45db07a6521f3455fad438715e7016e8c3af2d92b7b3190896e,0.06576709449291229,predict_proba,9eb1905b0d2d4dff99236976201e564cbe25ee258ba901ad38107c5c6b5846f0,False,True
R0211,GG0033,CVB0030,REF0021,1,1,XGBoost,8585aaa05cfdc45db07a6521f3455fad438715e7016e8c3af2d92b7b3190896e,0.06437558680772781,predict_proba,9eb1905b0d2d4dff99236976201e564cbe25ee258ba901ad38107c5c6b5846f0,False,True
R0212,GG0033,CVB0030,REF0021,1,1,XGBoost,8585aaa05cfdc45db07a6521f3455fad438715e7016e8c3af2d92b7b3190896e,0.021123994141817093,predict_proba,9eb1905b0d2d4dff99236976201e564cbe25ee258ba901ad38107c5c6b5846f0,False,True
R0213,GG0033,CVB0030,REF0022,1,1,XGBoost,8585aaa05cfdc45db07a6521f3455fad438715e7016e8c3af2d92b7b3190896e,0.11665268242359161,predict_proba,9eb1905b0d2d4dff99236976201e564cbe25ee258ba901ad38107c5c6b5846f0,False,True
R0214,GG0033,CVB0030,REF0022,1,1,XGBoost,8585aaa05cfdc45db07a6521f3455fad438715e7016e8c3af2d92b7b3190896e,0.4961181581020355,predict_proba,9eb1905b0d2d4dff99236976201e564cbe25ee258ba901ad38107c5c6b5846f0,False,True
R0215,GG0033,CVB0030,REF0022,1,1,XGBoost,8585aaa05cfdc45db07a6521f3455fad438715e7016e8c3af2d92b7b3190896e,0.007379553746432066,predict_proba,9eb1905b0d2d4dff99236976201e564cbe25ee258ba901ad38107c5c6b5846f0,False,True
R0360,GG0021,CVB0010,REF0036,1,1,XGBoost,8585aaa05cfdc45db07a6521f3455fad438715e7016e8c3af2d92b7b3190896e,0.6580418944358826,predict_proba,9eb1905b0d2d4dff99236976201e564cbe25ee258ba901ad38107c5c6b5846f0,True,True
R0361,GG0021,CVB0010,REF0036,1,1,XGBoost,8585aaa05cfdc45db07a6521f3455fad438715e7016e8c3af2d92b7b3190896e,0.3452211320400238,predict_proba,9eb1905b0d2d4dff99236976201e564cbe25ee258ba901ad38107c5c6b5846f0,True,True
R0362,GG0021,CVB0010,REF0036,1,1,XGBoost,8585aaa05cfdc45db07a6521f3455fad438715e7016e8c3af2d92b7b3190896e,0.32057511806488037,predict_proba,9eb1905b0d2d4dff99236976201e564cbe25ee258ba901ad38107c5c6b5846f0,True,True
R0363,GG0021,CVB0010,REF0036,1,1,XGBoost,8585aaa05cfdc45db07a6521f3455fad438715e7016e8c3af2d92b7b3190896e,0.9632298350334167,predict_proba,9eb1905b0d2d4dff99236976201e564cbe25ee258ba901ad38107c5c6b5846f0,True,True
R0364,GG0021,CVB0010,REF0036,1,1,XGBoost,8585aaa05cfdc45db07a6521f3455fad438715e7016e8c3af2d92b7b3190896e,0.8675349950790405,predict_proba,9eb1905b0d2d4dff99236976201e564cbe25ee258ba901ad38107c5c6b5846f0,True,True
R0365,GG0021,CVB0010,REF0036,1,1,XGBoost,8585aaa05cfdc45db07a6521f3455fad438715e7016e8c3af2d92b7b3190896e,0.7277579307556152,predict_proba,9eb1905b0d2d4dff99236976201e564cbe25ee258ba901ad38107c5c6b5846f0,True,True
R0366,GG0021,CVB0010,REF0036,1,1,XGBoost,8585aaa05cfdc45db07a6521f3455fad438715e7016e8c3af2d92b7b3190896e,0.8023990392684937,predict_proba,9eb1905b0d2d4dff99236976201e564cbe25ee258ba901ad38107c5c6b5846f0,True,True
R0367,GG0021,CVB0010,REF0036,1,1,XGBoost,8585aaa05cfdc45db07a6521f3455fad438715e7016e8c3af2d92b7b3190896e,0.9923065304756165,predict_proba,9eb1905b0d2d4dff99236976201e564cbe25ee258ba901ad38107c5c6b5846f0,True,True
R0368,GG0021,CVB0010,REF0036,1,1,XGBoost,8585aaa05cfdc45db07a6521f3455fad438715e7016e8c3af2d92b7b3190896e,0.9974210262298584,predict_proba,9eb1905b0d2d4dff99236976201e564cbe25ee258ba901ad38107c5c6b5846f0,True,True
R0369,GG0021,CVB0010,REF0036,1,1,XGBoost,8585aaa05cfdc45db07a6521f3455fad438715e7016e8c3af2d92b7b3190896e,0.9950354099273682,predict_proba,9eb1905b0d2d4dff99236976201e564cbe25ee258ba901ad38107c5c6b5846f0,True,True
R0457,GG0021,CVB0010,REF0042,1,1,XGBoost,8585aaa05cfdc45db07a6521f3455fad438715e7016e8c3af2d92b7b3190896e,0.7945014238357544,predict_proba,9eb1905b0d2d4dff99236976201e564cbe25ee258ba901ad38107c5c6b5846f0,True,True
R0458,GG0021,CVB0010,REF0042,1,1,XGBoost,8585aaa05cfdc45db07a6521f3455fad438715e7016e8c3af2d92b7b3190896e,0.3656449019908905,predict_proba,9eb1905b0d2d4dff99236976201e564cbe25ee258ba901ad38107c5c6b5846f0,True,True
R0459,GG0021,CVB0010,REF0042,1,1,XGBoost,8585aaa05cfdc45db07a6521f3455fad438715e7016e8c3af2d92b7b3190896e,0.12404826283454895,predict_proba,9eb1905b0d2d4dff99236976201e564cbe25ee258ba901ad38107c5c6b5846f0,True,True
R0460,GG0021,CVB0010,REF0042,1,1,XGBoost,8585aaa05cfdc45db07a6521f3455fad438715e7016e8c3af2d92b7b3190896e,0.7907474040985107,predict_proba,9eb1905b0d2d4dff99236976201e564cbe25ee258ba901ad38107c5c6b5846f0,True,True
R0461,GG0021,CVB0010,REF0042,1,1,XGBoost,8585aaa05cfdc45db07a6521f3455fad438715e7016e8c3af2d92b7b3190896e,0.321773499250412,predict_proba,9eb1905b0d2d4dff99236976201e564cbe25ee258ba901ad38107c5c6b5846f0,True,True
R0462,GG0021,CVB0010,REF0042,1,1,XGBoost,8585aaa05cfdc45db07a6521f3455fad438715e7016e8c3af2d92b7b3190896e,0.7818973064422607,predict_proba,9eb1905b0d2d4dff99236976201e564cbe25ee258ba901ad38107c5c6b5846f0,True,True
R0463,GG0021,CVB0010,REF0042,1,1,XGBoost,8585aaa05cfdc45db07a6521f3455fad438715e7016e8c3af2d92b7b3190896e,0.30896854400634766,predict_proba,9eb1905b0d2d4dff99236976201e564cbe25ee258ba901ad38107c5c6b5846f0,True,True
R0464,GG0021,CVB0010,REF0042,1,1,XGBoost,8585aaa05cfdc45db07a6521f3455fad438715e7016e8c3af2d92b7b3190896e,0.2522726058959961,predict_proba,9eb1905b0d2d4dff99236976201e564cbe25ee258ba901ad38107c5c6b5846f0,True,True
R0465,GG0021,CVB0010,REF0042,1,1,XGBoost,8585aaa05cfdc45db07a6521f3455fad438715e7016e8c3af2d92b7b3190896e,0.21607466042041779,predict_proba,9eb1905b0d2d4dff99236976201e564cbe25ee258ba901ad38107c5c6b5846f0,True,True
R0466,GG0021,CVB0010,REF0042,1,1,XGBoost,8585aaa05cfdc45db07a6521f3455fad438715e7016e8c3af2d92b7b3190896e,0.020393600687384605,predict_proba,9eb1905b0d2d4dff99236976201e564cbe25ee258ba901ad38107c5c6b5846f0,True,True
R0467,GG0021,CVB0010,REF0042,1,1,XGBoost,8585aaa05cfdc45db07a6521f3455fad438715e7016e8c3af2d92b7b3190896e,0.05161192640662193,predict_proba,9eb1905b0d2d4dff99236976201e564cbe25ee258ba901ad38107c5c6b5846f0,True,True
R0468,GG0021,CVB0010,REF0042,1,1,XGBoost,8585aaa05cfdc45db07a6521f3455fad438715e7016e8c3af2d92b7b3190896e,0.9176966547966003,predict_proba,9eb1905b0d2d4dff99236976201e564cbe25ee258ba901ad38107c5c6b5846f0,True,True
R0469,GG0021,CVB0010,REF0042,1,1,XGBoost,8585aaa05cfdc45db07a6521f3455fad438715e7016e8c3af2d92b7b3190896e,0.18572208285331726,predict_proba,9eb1905b0d2d4dff99236976201e564cbe25ee258ba901ad38107c5c6b5846f0,True,True
R0470,GG0021,CVB0010,REF0042,1,1,XGBoost,8585aaa05cfdc45db07a6521f3455fad438715e7016e8c3af2d92b7b3190896e,0.026711059734225273,predict_proba,9eb1905b0d2d4dff99236976201e564cbe25ee258ba901ad38107c5c6b5846f0,True,True
R0471,GG0021,CVB0010,REF0042,1,1,XGBoost,8585aaa05cfdc45db07a6521f3455fad438715e7016e8c3af2d92b7b3190896e,0.04665350914001465,predict_proba,9eb1905b0d2d4dff99236976201e564cbe25ee258ba901ad38107c5c6b5846f0,True,True
R0472,GG0021,CVB0010,REF0042,1,1,XGBoost,8585aaa05cfdc45db07a6521f3455fad438715e7016e8c3af2d92b7b3190896e,0.24193507432937622,predict_proba,9eb1905b0d2d4dff99236976201e564cbe25ee258ba901ad38107c5c6b5846f0,True,True
R0473,GG0021,CVB0010,REF0042,1,1,XGBoost,8585aaa05cfdc45db07a6521f3455fad438715e7016e8c3af2d92b7b3190896e,0.022471733391284943,predict_proba,9eb1905b0d2d4dff99236976201e564cbe25ee258ba901ad38107c5c6b5846f0,True,True
R0474,GG0021,CVB0010,REF0042,1,1,XGBoost,8585aaa05cfdc45db07a6521f3455fad438715e7016e8c3af2d92b7b3190896e,0.4045446813106537,predict_proba,9eb1905b0d2d4dff99236976201e564cbe25ee258ba901ad38107c5c6b5846f0,True,True
R0475,GG0021,CVB0010,REF0042,1,1,XGBoost,8585aaa05cfdc45db07a6521f3455fad438715e7016e8c3af2d92b7b3190896e,0.017343932762742043,predict_proba,9eb1905b0d2d4dff99236976201e564cbe25ee258ba901ad38107c5c6b5846f0,True,True
R0476,GG0021,CVB0010,REF0042,1,1,XGBoost,8585aaa05cfdc45db07a6521f3455fad438715e7016e8c3af2d92b7b3190896e,0.1624177098274231,predict_proba,9eb1905b0d2d4dff99236976201e564cbe25ee258ba901ad38107c5c6b5846f0,True,True
R0477,GG0021,CVB0010,REF0042,1,1,XGBoost,8585aaa05cfdc45db07a6521f3455fad438715e7016e8c3af2d92b7b3190896e,0.0063570463098585606,predict_proba,9eb1905b0d2d4dff99236976201e564cbe25ee258ba901ad38107c5c6b5846f0,True,True
R0478,GG0021,CVB0010,REF0043,1,1,XGBoost,8585aaa05cfdc45db07a6521f3455fad438715e7016e8c3af2d92b7b3190896e,0.6906213760375977,predict_proba,9eb1905b0d2d4dff99236976201e564cbe25ee258ba901ad38107c5c6b5846f0,True,True
R0479,GG0021,CVB0010,REF0043,1,1,XGBoost,8585aaa05cfdc45db07a6521f3455fad438715e7016e8c3af2d92b7b3190896e,0.7205492854118347,predict_proba,9eb1905b0d2d4dff99236976201e564cbe25ee258ba901ad38107c5c6b5846f0,True,True
R0480,GG0021,CVB0010,REF0043,1,1,XGBoost,8585aaa05cfdc45db07a6521f3455fad438715e7016e8c3af2d92b7b3190896e,0.457207590341568,predict_proba,9eb1905b0d2d4dff99236976201e564cbe25ee258ba901ad38107c5c6b5846f0,True,True
R0481,GG0021,CVB0010,REF0043,1,1,XGBoost,8585aaa05cfdc45db07a6521f3455fad438715e7016e8c3af2d92b7b3190896e,0.8555775284767151,predict_proba,9eb1905b0d2d4dff99236976201e564cbe25ee258ba901ad38107c5c6b5846f0,True,True
R0482,GG0021,CVB0010,REF0043,1,1,XGBoost,8585aaa05cfdc45db07a6521f3455fad438715e7016e8c3af2d92b7b3190896e,0.5710824728012085,predict_proba,9eb1905b0d2d4dff99236976201e564cbe25ee258ba901ad38107c5c6b5846f0,True,True
R0483,GG0021,CVB0010,REF0043,1,1,XGBoost,8585aaa05cfdc45db07a6521f3455fad438715e7016e8c3af2d92b7b3190896e,0.8222352266311646,predict_proba,9eb1905b0d2d4dff99236976201e564cbe25ee258ba901ad38107c5c6b5846f0,True,True
R0484,GG0021,CVB0010,REF0043,1,1,XGBoost,8585aaa05cfdc45db07a6521f3455fad438715e7016e8c3af2d92b7b3190896e,0.5457519292831421,predict_proba,9eb1905b0d2d4dff99236976201e564cbe25ee258ba901ad38107c5c6b5846f0,True,True
R0485,GG0021,CVB0010,REF0043,1,1,XGBoost,8585aaa05cfdc45db07a6521f3455fad438715e7016e8c3af2d92b7b3190896e,0.6654614806175232,predict_proba,9eb1905b0d2d4dff99236976201e564cbe25ee258ba901ad38107c5c6b5846f0,True,True
R0486,GG0021,CVB0010,REF0043,1,1,XGBoost,8585aaa05cfdc45db07a6521f3455fad438715e7016e8c3af2d92b7b3190896e,0.9841085076332092,predict_proba,9eb1905b0d2d4dff99236976201e564cbe25ee258ba901ad38107c5c6b5846f0,True,True
R0487,GG0021,CVB0010,REF0043,1,1,XGBoost,8585aaa05cfdc45db07a6521f3455fad438715e7016e8c3af2d92b7b3190896e,0.9749178886413574,predict_proba,9eb1905b0d2d4dff99236976201e564cbe25ee258ba901ad38107c5c6b5846f0,True,True
R0488,GG0021,CVB0010,REF0043,1,1,XGBoost,8585aaa05cfdc45db07a6521f3455fad438715e7016e8c3af2d92b7b3190896e,0.9804731011390686,predict_proba,9eb1905b0d2d4dff99236976201e564cbe25ee258ba901ad38107c5c6b5846f0,True,True
R0489,GG0021,CVB0010,REF0043,1,1,XGBoost,8585aaa05cfdc45db07a6521f3455fad438715e7016e8c3af2d92b7b3190896e,0.9943349957466125,predict_proba,9eb1905b0d2d4dff99236976201e564cbe25ee258ba901ad38107c5c6b5846f0,True,True
R0490,GG0021,CVB0010,REF0043,1,1,XGBoost,8585aaa05cfdc45db07a6521f3455fad438715e7016e8c3af2d92b7b3190896e,0.14257694780826569,predict_proba,9eb1905b0d2d4dff99236976201e564cbe25ee258ba901ad38107c5c6b5846f0,True,True
R0491,GG0021,CVB0010,REF0043,1,1,XGBoost,8585aaa05cfdc45db07a6521f3455fad438715e7016e8c3af2d92b7b3190896e,0.995895504951477,predict_proba,9eb1905b0d2d4dff99236976201e564cbe25ee258ba901ad38107c5c6b5846f0,True,True
R0492,GG0021,CVB0010,REF0043,1,1,XGBoost,8585aaa05cfdc45db07a6521f3455fad438715e7016e8c3af2d92b7b3190896e,0.9989107847213745,predict_proba,9eb1905b0d2d4dff99236976201e564cbe25ee258ba901ad38107c5c6b5846f0,True,True
R0493,GG0021,CVB0010,REF0043,1,1,XGBoost,8585aaa05cfdc45db07a6521f3455fad438715e7016e8c3af2d92b7b3190896e,0.9705284237861633,predict_proba,9eb1905b0d2d4dff99236976201e564cbe25ee258ba901ad38107c5c6b5846f0,True,True
R0494,GG0021,CVB0010,REF0043,1,1,XGBoost,8585aaa05cfdc45db07a6521f3455fad438715e7016e8c3af2d92b7b3190896e,0.9721919894218445,predict_proba,9eb1905b0d2d4dff99236976201e564cbe25ee258ba901ad38107c5c6b5846f0,True,True
R0495,GG0021,CVB0010,REF0043,1,1,XGBoost,8585aaa05cfdc45db07a6521f3455fad438715e7016e8c3af2d92b7b3190896e,0.9842135906219482,predict_proba,9eb1905b0d2d4dff99236976201e564cbe25ee258ba901ad38107c5c6b5846f0,True,True
R0496,GG0021,CVB0010,REF0043,1,1,XGBoost,8585aaa05cfdc45db07a6521f3455fad438715e7016e8c3af2d92b7b3190896e,0.9936256408691406,predict_proba,9eb1905b0d2d4dff99236976201e564cbe25ee258ba901ad38107c5c6b5846f0,True,True
R0603,GG0033,CVB0030,REF0051,1,1,XGBoost,8585aaa05cfdc45db07a6521f3455fad438715e7016e8c3af2d92b7b3190896e,0.717575192451477,predict_proba,9eb1905b0d2d4dff99236976201e564cbe25ee258ba901ad38107c5c6b5846f0,False,True
R0604,GG0033,CVB0030,REF0051,1,1,XGBoost,8585aaa05cfdc45db07a6521f3455fad438715e7016e8c3af2d92b7b3190896e,0.12707222998142242,predict_proba,9eb1905b0d2d4dff99236976201e564cbe25ee258ba901ad38107c5c6b5846f0,False,True
R0605,GG0033,CVB0030,REF0051,1,1,XGBoost,8585aaa05cfdc45db07a6521f3455fad438715e7016e8c3af2d92b7b3190896e,0.43145257234573364,predict_proba,9eb1905b0d2d4dff99236976201e564cbe25ee258ba901ad38107c5c6b5846f0,False,True
R0606,GG0033,CVB0030,REF0051,1,1,XGBoost,8585aaa05cfdc45db07a6521f3455fad438715e7016e8c3af2d92b7b3190896e,0.04293206334114075,predict_proba,9eb1905b0d2d4dff99236976201e564cbe25ee258ba901ad38107c5c6b5846f0,False,True
R0607,GG0033,CVB0030,REF0051,1,1,XGBoost,8585aaa05cfdc45db07a6521f3455fad438715e7016e8c3af2d92b7b3190896e,0.16486430168151855,predict_proba,9eb1905b0d2d4dff99236976201e564cbe25ee258ba901ad38107c5c6b5846f0,False,True
R0608,GG0033,CVB0030,REF0051,1,1,XGBoost,8585aaa05cfdc45db07a6521f3455fad438715e7016e8c3af2d92b7b3190896e,0.4811236262321472,predict_proba,9eb1905b0d2d4dff99236976201e564cbe25ee258ba901ad38107c5c6b5846f0,False,True
R0609,GG0033,CVB0030,REF0051,1,1,XGBoost,8585aaa05cfdc45db07a6521f3455fad438715e7016e8c3af2d92b7b3190896e,0.5145255923271179,predict_proba,9eb1905b0d2d4dff99236976201e564cbe25ee258ba901ad38107c5c6b5846f0,False,True
R0610,GG0033,CVB0030,REF0051,1,1,XGBoost,8585aaa05cfdc45db07a6521f3455fad438715e7016e8c3af2d92b7b3190896e,0.602037787437439,predict_proba,9eb1905b0d2d4dff99236976201e564cbe25ee258ba901ad38107c5c6b5846f0,False,True
R0611,GG0033,CVB0030,REF0051,1,1,XGBoost,8585aaa05cfdc45db07a6521f3455fad438715e7016e8c3af2d92b7b3190896e,0.647082507610321,predict_proba,9eb1905b0d2d4dff99236976201e564cbe25ee258ba901ad38107c5c6b5846f0,False,True
R0612,GG0033,CVB0030,REF0051,1,1,XGBoost,8585aaa05cfdc45db07a6521f3455fad438715e7016e8c3af2d92b7b3190896e,0.17092245817184448,predict_proba,9eb1905b0d2d4dff99236976201e564cbe25ee258ba901ad38107c5c6b5846f0,False,True
R0613,GG0033,CVB0030,REF0051,1,1,XGBoost,8585aaa05cfdc45db07a6521f3455fad438715e7016e8c3af2d92b7b3190896e,0.11979996412992477,predict_proba,9eb1905b0d2d4dff99236976201e564cbe25ee258ba901ad38107c5c6b5846f0,False,True
R0614,GG0033,CVB0030,REF0051,1,1,XGBoost,8585aaa05cfdc45db07a6521f3455fad438715e7016e8c3af2d92b7b3190896e,0.02101663500070572,predict_proba,9eb1905b0d2d4dff99236976201e564cbe25ee258ba901ad38107c5c6b5846f0,False,True
R0615,GG0033,CVB0030,REF0051,1,1,XGBoost,8585aaa05cfdc45db07a6521f3455fad438715e7016e8c3af2d92b7b3190896e,0.07597805559635162,predict_proba,9eb1905b0d2d4dff99236976201e564cbe25ee258ba901ad38107c5c6b5846f0,False,True
R0616,GG0033,CVB0030,REF0051,1,1,XGBoost,8585aaa05cfdc45db07a6521f3455fad438715e7016e8c3af2d92b7b3190896e,0.03914153203368187,predict_proba,9eb1905b0d2d4dff99236976201e564cbe25ee258ba901ad38107c5c6b5846f0,False,True
R0617,GG0033,CVB0030,REF0051,1,1,XGBoost,8585aaa05cfdc45db07a6521f3455fad438715e7016e8c3af2d92b7b3190896e,0.04320582002401352,predict_proba,9eb1905b0d2d4dff99236976201e564cbe25ee258ba901ad38107c5c6b5846f0,False,True
R0618,GG0033,CVB0030,REF0051,1,1,XGBoost,8585aaa05cfdc45db07a6521f3455fad438715e7016e8c3af2d92b7b3190896e,0.02598215639591217,predict_proba,9eb1905b0d2d4dff99236976201e564cbe25ee258ba901ad38107c5c6b5846f0,False,True
R0619,GG0033,CVB0030,REF0051,1,1,XGBoost,8585aaa05cfdc45db07a6521f3455fad438715e7016e8c3af2d92b7b3190896e,0.06218578666448593,predict_proba,9eb1905b0d2d4dff99236976201e564cbe25ee258ba901ad38107c5c6b5846f0,False,True
R0620,GG0033,CVB0030,REF0051,1,1,XGBoost,8585aaa05cfdc45db07a6521f3455fad438715e7016e8c3af2d92b7b3190896e,0.22361835837364197,predict_proba,9eb1905b0d2d4dff99236976201e564cbe25ee258ba901ad38107c5c6b5846f0,False,True
R0621,GG0033,CVB0030,REF0051,1,1,XGBoost,8585aaa05cfdc45db07a6521f3455fad438715e7016e8c3af2d92b7b3190896e,0.050278179347515106,predict_proba,9eb1905b0d2d4dff99236976201e564cbe25ee258ba901ad38107c5c6b5846f0,False,True
R0622,GG0033,CVB0030,REF0051,1,1,XGBoost,8585aaa05cfdc45db07a6521f3455fad438715e7016e8c3af2d92b7b3190896e,0.3606858551502228,predict_proba,9eb1905b0d2d4dff99236976201e564cbe25ee258ba901ad38107c5c6b5846f0,False,True
R0623,GG0033,CVB0030,REF0051,1,1,XGBoost,8585aaa05cfdc45db07a6521f3455fad438715e7016e8c3af2d92b7b3190896e,0.03330402448773384,predict_proba,9eb1905b0d2d4dff99236976201e564cbe25ee258ba901ad38107c5c6b5846f0,False,True
R0624,GG0033,CVB0030,REF0051,1,1,XGBoost,8585aaa05cfdc45db07a6521f3455fad438715e7016e8c3af2d92b7b3190896e,0.11893268674612045,predict_proba,9eb1905b0d2d4dff99236976201e564cbe25ee258ba901ad38107c5c6b5846f0,False,True
R0625,GG0033,CVB0030,REF0051,1,1,XGBoost,8585aaa05cfdc45db07a6521f3455fad438715e7016e8c3af2d92b7b3190896e,0.028403347358107567,predict_proba,9eb1905b0d2d4dff99236976201e564cbe25ee258ba901ad38107c5c6b5846f0,False,True
R0626,GG0033,CVB0030,REF0051,1,1,XGBoost,8585aaa05cfdc45db07a6521f3455fad438715e7016e8c3af2d92b7b3190896e,0.01752600446343422,predict_proba,9eb1905b0d2d4dff99236976201e564cbe25ee258ba901ad38107c5c6b5846f0,False,True
R0627,GG0033,CVB0030,REF0051,1,1,XGBoost,8585aaa05cfdc45db07a6521f3455fad438715e7016e8c3af2d92b7b3190896e,0.3652348816394806,predict_proba,9eb1905b0d2d4dff99236976201e564cbe25ee258ba901ad38107c5c6b5846f0,False,True
R0737,GG0021,CVB0010,REF0057,1,1,XGBoost,8585aaa05cfdc45db07a6521f3455fad438715e7016e8c3af2d92b7b3190896e,0.046898555010557175,predict_proba,9eb1905b0d2d4dff99236976201e564cbe25ee258ba901ad38107c5c6b5846f0,True,True
R0738,GG0021,CVB0010,REF0057,1,1,XGBoost,8585aaa05cfdc45db07a6521f3455fad438715e7016e8c3af2d92b7b3190896e,0.831466555595398,predict_proba,9eb1905b0d2d4dff99236976201e564cbe25ee258ba901ad38107c5c6b5846f0,True,True
R0739,GG0021,CVB0010,REF0057,1,1,XGBoost,8585aaa05cfdc45db07a6521f3455fad438715e7016e8c3af2d92b7b3190896e,0.36692818999290466,predict_proba,9eb1905b0d2d4dff99236976201e564cbe25ee258ba901ad38107c5c6b5846f0,True,True
R0740,GG0021,CVB0010,REF0057,1,1,XGBoost,8585aaa05cfdc45db07a6521f3455fad438715e7016e8c3af2d92b7b3190896e,0.967560350894928,predict_proba,9eb1905b0d2d4dff99236976201e564cbe25ee258ba901ad38107c5c6b5846f0,True,True
R0741,GG0021,CVB0010,REF0057,1,1,XGBoost,8585aaa05cfdc45db07a6521f3455fad438715e7016e8c3af2d92b7b3190896e,0.9449514150619507,predict_proba,9eb1905b0d2d4dff99236976201e564cbe25ee258ba901ad38107c5c6b5846f0,True,True
R0742,GG0021,CVB0010,REF0057,1,1,XGBoost,8585aaa05cfdc45db07a6521f3455fad438715e7016e8c3af2d92b7b3190896e,0.92854905128479,predict_proba,9eb1905b0d2d4dff99236976201e564cbe25ee258ba901ad38107c5c6b5846f0,True,True
R0743,GG0021,CVB0010,REF0057,1,1,XGBoost,8585aaa05cfdc45db07a6521f3455fad438715e7016e8c3af2d92b7b3190896e,0.6976468563079834,predict_proba,9eb1905b0d2d4dff99236976201e564cbe25ee258ba901ad38107c5c6b5846f0,True,True
R0744,GG0021,CVB0010,REF0057,1,1,XGBoost,8585aaa05cfdc45db07a6521f3455fad438715e7016e8c3af2d92b7b3190896e,0.8902149200439453,predict_proba,9eb1905b0d2d4dff99236976201e564cbe25ee258ba901ad38107c5c6b5846f0,True,True
R0745,GG0021,CVB0010,REF0058,1,1,XGBoost,8585aaa05cfdc45db07a6521f3455fad438715e7016e8c3af2d92b7b3190896e,0.001088401535525918,predict_proba,9eb1905b0d2d4dff99236976201e564cbe25ee258ba901ad38107c5c6b5846f0,True,True
R0746,GG0021,CVB0010,REF0058,1,1,XGBoost,8585aaa05cfdc45db07a6521f3455fad438715e7016e8c3af2d92b7b3190896e,0.0010414429707452655,predict_proba,9eb1905b0d2d4dff99236976201e564cbe25ee258ba901ad38107c5c6b5846f0,True,True
R0747,GG0021,CVB0010,REF0058,1,1,XGBoost,8585aaa05cfdc45db07a6521f3455fad438715e7016e8c3af2d92b7b3190896e,0.0021336469799280167,predict_proba,9eb1905b0d2d4dff99236976201e564cbe25ee258ba901ad38107c5c6b5846f0,True,True
R0748,GG0021,CVB0010,REF0058,1,1,XGBoost,8585aaa05cfdc45db07a6521f3455fad438715e7016e8c3af2d92b7b3190896e,0.016956472769379616,predict_proba,9eb1905b0d2d4dff99236976201e564cbe25ee258ba901ad38107c5c6b5846f0,True,True
R0754,GG0021,CVB0010,REF0059,1,1,XGBoost,8585aaa05cfdc45db07a6521f3455fad438715e7016e8c3af2d92b7b3190896e,0.9907806515693665,predict_proba,9eb1905b0d2d4dff99236976201e564cbe25ee258ba901ad38107c5c6b5846f0,True,True
R0755,GG0021,CVB0010,REF0059,1,1,XGBoost,8585aaa05cfdc45db07a6521f3455fad438715e7016e8c3af2d92b7b3190896e,0.5531363487243652,predict_proba,9eb1905b0d2d4dff99236976201e564cbe25ee258ba901ad38107c5c6b5846f0,True,True
R0756,GG0021,CVB0010,REF0059,1,1,XGBoost,8585aaa05cfdc45db07a6521f3455fad438715e7016e8c3af2d92b7b3190896e,0.8896968364715576,predict_proba,9eb1905b0d2d4dff99236976201e564cbe25ee258ba901ad38107c5c6b5846f0,True,True
R0757,GG0021,CVB0010,REF0059,1,1,XGBoost,8585aaa05cfdc45db07a6521f3455fad438715e7016e8c3af2d92b7b3190896e,0.9892674088478088,predict_proba,9eb1905b0d2d4dff99236976201e564cbe25ee258ba901ad38107c5c6b5846f0,True,True
R0846,GG0033,CVB0030,REF0069,1,1,XGBoost,8585aaa05cfdc45db07a6521f3455fad438715e7016e8c3af2d92b7b3190896e,0.7549484968185425,predict_proba,9eb1905b0d2d4dff99236976201e564cbe25ee258ba901ad38107c5c6b5846f0,False,True
R0847,GG0033,CVB0030,REF0069,1,1,XGBoost,8585aaa05cfdc45db07a6521f3455fad438715e7016e8c3af2d92b7b3190896e,0.9741173982620239,predict_proba,9eb1905b0d2d4dff99236976201e564cbe25ee258ba901ad38107c5c6b5846f0,False,True
R0848,GG0033,CVB0030,REF0069,1,1,XGBoost,8585aaa05cfdc45db07a6521f3455fad438715e7016e8c3af2d92b7b3190896e,0.8226802945137024,predict_proba,9eb1905b0d2d4dff99236976201e564cbe25ee258ba901ad38107c5c6b5846f0,False,True
R0849,GG0033,CVB0030,REF0069,1,1,XGBoost,8585aaa05cfdc45db07a6521f3455fad438715e7016e8c3af2d92b7b3190896e,0.8439685702323914,predict_proba,9eb1905b0d2d4dff99236976201e564cbe25ee258ba901ad38107c5c6b5846f0,False,True
R0850,GG0033,CVB0030,REF0069,1,1,XGBoost,8585aaa05cfdc45db07a6521f3455fad438715e7016e8c3af2d92b7b3190896e,0.8806824684143066,predict_proba,9eb1905b0d2d4dff99236976201e564cbe25ee258ba901ad38107c5c6b5846f0,False,True
R0851,GG0033,CVB0030,REF0069,1,1,XGBoost,8585aaa05cfdc45db07a6521f3455fad438715e7016e8c3af2d92b7b3190896e,0.9543464779853821,predict_proba,9eb1905b0d2d4dff99236976201e564cbe25ee258ba901ad38107c5c6b5846f0,False,True
R0852,GG0033,CVB0030,REF0069,1,1,XGBoost,8585aaa05cfdc45db07a6521f3455fad438715e7016e8c3af2d92b7b3190896e,0.9655491709709167,predict_proba,9eb1905b0d2d4dff99236976201e564cbe25ee258ba901ad38107c5c6b5846f0,False,True
R0853,GG0033,CVB0030,REF0069,1,1,XGBoost,8585aaa05cfdc45db07a6521f3455fad438715e7016e8c3af2d92b7b3190896e,0.9631519913673401,predict_proba,9eb1905b0d2d4dff99236976201e564cbe25ee258ba901ad38107c5c6b5846f0,False,True
R0854,GG0033,CVB0030,REF0069,1,1,XGBoost,8585aaa05cfdc45db07a6521f3455fad438715e7016e8c3af2d92b7b3190896e,0.9623717665672302,predict_proba,9eb1905b0d2d4dff99236976201e564cbe25ee258ba901ad38107c5c6b5846f0,False,True
R0855,GG0033,CVB0030,REF0069,1,1,XGBoost,8585aaa05cfdc45db07a6521f3455fad438715e7016e8c3af2d92b7b3190896e,0.1566680371761322,predict_proba,9eb1905b0d2d4dff99236976201e564cbe25ee258ba901ad38107c5c6b5846f0,False,True
R0866,GG0033,CVB0030,REF0071,1,1,XGBoost,8585aaa05cfdc45db07a6521f3455fad438715e7016e8c3af2d92b7b3190896e,0.0031791769433766603,predict_proba,9eb1905b0d2d4dff99236976201e564cbe25ee258ba901ad38107c5c6b5846f0,False,True
R0867,GG0033,CVB0030,REF0071,1,1,XGBoost,8585aaa05cfdc45db07a6521f3455fad438715e7016e8c3af2d92b7b3190896e,0.410834938287735,predict_proba,9eb1905b0d2d4dff99236976201e564cbe25ee258ba901ad38107c5c6b5846f0,False,True
R0870,GG0033,CVB0030,REF0071,1,1,XGBoost,8585aaa05cfdc45db07a6521f3455fad438715e7016e8c3af2d92b7b3190896e,0.0019100423669442534,predict_proba,9eb1905b0d2d4dff99236976201e564cbe25ee258ba901ad38107c5c6b5846f0,False,True
R0871,GG0033,CVB0030,REF0071,1,1,XGBoost,8585aaa05cfdc45db07a6521f3455fad438715e7016e8c3af2d92b7b3190896e,0.0037256921641528606,predict_proba,9eb1905b0d2d4dff99236976201e564cbe25ee258ba901ad38107c5c6b5846f0,False,True
R0872,GG0033,CVB0030,REF0071,1,1,XGBoost,8585aaa05cfdc45db07a6521f3455fad438715e7016e8c3af2d92b7b3190896e,0.00912550836801529,predict_proba,9eb1905b0d2d4dff99236976201e564cbe25ee258ba901ad38107c5c6b5846f0,False,True
R0873,GG0033,CVB0030,REF0071,1,1,XGBoost,8585aaa05cfdc45db07a6521f3455fad438715e7016e8c3af2d92b7b3190896e,0.010099487379193306,predict_proba,9eb1905b0d2d4dff99236976201e564cbe25ee258ba901ad38107c5c6b5846f0,False,True
R0874,GG0033,CVB0030,REF0071,1,1,XGBoost,8585aaa05cfdc45db07a6521f3455fad438715e7016e8c3af2d92b7b3190896e,0.011290804482996464,predict_proba,9eb1905b0d2d4dff99236976201e564cbe25ee258ba901ad38107c5c6b5846f0,False,True
R0875,GG0033,CVB0030,REF0071,1,1,XGBoost,8585aaa05cfdc45db07a6521f3455fad438715e7016e8c3af2d92b7b3190896e,0.009269892238080502,predict_proba,9eb1905b0d2d4dff99236976201e564cbe25ee258ba901ad38107c5c6b5846f0,False,True
R0876,GG0033,CVB0030,REF0071,1,1,XGBoost,8585aaa05cfdc45db07a6521f3455fad438715e7016e8c3af2d92b7b3190896e,0.004945521242916584,predict_proba,9eb1905b0d2d4dff99236976201e564cbe25ee258ba901ad38107c5c6b5846f0,False,True
R0877,GG0033,CVB0030,REF0071,1,1,XGBoost,8585aaa05cfdc45db07a6521f3455fad438715e7016e8c3af2d92b7b3190896e,0.46508243680000305,predict_proba,9eb1905b0d2d4dff99236976201e564cbe25ee258ba901ad38107c5c6b5846f0,False,True
R0878,GG0033,CVB0030,REF0071,1,1,XGBoost,8585aaa05cfdc45db07a6521f3455fad438715e7016e8c3af2d92b7b3190896e,0.6229352355003357,predict_proba,9eb1905b0d2d4dff99236976201e564cbe25ee258ba901ad38107c5c6b5846f0,False,True
R0934,GG0011,CVB0011,REF0077,1,1,XGBoost,8585aaa05cfdc45db07a6521f3455fad438715e7016e8c3af2d92b7b3190896e,0.8241037130355835,predict_proba,9eb1905b0d2d4dff99236976201e564cbe25ee258ba901ad38107c5c6b5846f0,False,True
R0935,GG0011,CVB0011,REF0077,1,1,XGBoost,8585aaa05cfdc45db07a6521f3455fad438715e7016e8c3af2d92b7b3190896e,0.942074179649353,predict_proba,9eb1905b0d2d4dff99236976201e564cbe25ee258ba901ad38107c5c6b5846f0,False,True
R0936,GG0011,CVB0011,REF0077,1,1,XGBoost,8585aaa05cfdc45db07a6521f3455fad438715e7016e8c3af2d92b7b3190896e,0.8602048754692078,predict_proba,9eb1905b0d2d4dff99236976201e564cbe25ee258ba901ad38107c5c6b5846f0,False,True
R0937,GG0011,CVB0011,REF0077,1,1,XGBoost,8585aaa05cfdc45db07a6521f3455fad438715e7016e8c3af2d92b7b3190896e,0.7656497955322266,predict_proba,9eb1905b0d2d4dff99236976201e564cbe25ee258ba901ad38107c5c6b5846f0,False,True
R0938,GG0011,CVB0011,REF0077,1,1,XGBoost,8585aaa05cfdc45db07a6521f3455fad438715e7016e8c3af2d92b7b3190896e,0.7944435477256775,predict_proba,9eb1905b0d2d4dff99236976201e564cbe25ee258ba901ad38107c5c6b5846f0,False,True
R0939,GG0011,CVB0011,REF0077,1,1,XGBoost,8585aaa05cfdc45db07a6521f3455fad438715e7016e8c3af2d92b7b3190896e,0.9289746880531311,predict_proba,9eb1905b0d2d4dff99236976201e564cbe25ee258ba901ad38107c5c6b5846f0,False,True
R0940,GG0011,CVB0011,REF0077,1,1,XGBoost,8585aaa05cfdc45db07a6521f3455fad438715e7016e8c3af2d92b7b3190896e,0.7409440279006958,predict_proba,9eb1905b0d2d4dff99236976201e564cbe25ee258ba901ad38107c5c6b5846f0,False,True
R0941,GG0011,CVB0011,REF0077,1,1,XGBoost,8585aaa05cfdc45db07a6521f3455fad438715e7016e8c3af2d92b7b3190896e,0.044375255703926086,predict_proba,9eb1905b0d2d4dff99236976201e564cbe25ee258ba901ad38107c5c6b5846f0,False,True
R0942,GG0011,CVB0011,REF0077,1,1,XGBoost,8585aaa05cfdc45db07a6521f3455fad438715e7016e8c3af2d92b7b3190896e,0.034585125744342804,predict_proba,9eb1905b0d2d4dff99236976201e564cbe25ee258ba901ad38107c5c6b5846f0,False,True
R0943,GG0011,CVB0011,REF0077,1,1,XGBoost,8585aaa05cfdc45db07a6521f3455fad438715e7016e8c3af2d92b7b3190896e,0.24261324107646942,predict_proba,9eb1905b0d2d4dff99236976201e564cbe25ee258ba901ad38107c5c6b5846f0,False,True
R1000,GG0022,CVB0019,REF0084,1,1,XGBoost,8585aaa05cfdc45db07a6521f3455fad438715e7016e8c3af2d92b7b3190896e,0.9262858629226685,predict_proba,9eb1905b0d2d4dff99236976201e564cbe25ee258ba901ad38107c5c6b5846f0,False,True
R1001,GG0022,CVB0019,REF0084,1,1,XGBoost,8585aaa05cfdc45db07a6521f3455fad438715e7016e8c3af2d92b7b3190896e,0.9840013980865479,predict_proba,9eb1905b0d2d4dff99236976201e564cbe25ee258ba901ad38107c5c6b5846f0,False,True
R1002,GG0022,CVB0019,REF0084,1,1,XGBoost,8585aaa05cfdc45db07a6521f3455fad438715e7016e8c3af2d92b7b3190896e,0.14033256471157074,predict_proba,9eb1905b0d2d4dff99236976201e564cbe25ee258ba901ad38107c5c6b5846f0,False,True
R1003,GG0022,CVB0019,REF0084,1,1,XGBoost,8585aaa05cfdc45db07a6521f3455fad438715e7016e8c3af2d92b7b3190896e,0.02634519338607788,predict_proba,9eb1905b0d2d4dff99236976201e564cbe25ee258ba901ad38107c5c6b5846f0,False,True
R1004,GG0022,CVB0019,REF0084,1,1,XGBoost,8585aaa05cfdc45db07a6521f3455fad438715e7016e8c3af2d92b7b3190896e,0.9796597361564636,predict_proba,9eb1905b0d2d4dff99236976201e564cbe25ee258ba901ad38107c5c6b5846f0,False,True
R1005,GG0022,CVB0019,REF0084,1,1,XGBoost,8585aaa05cfdc45db07a6521f3455fad438715e7016e8c3af2d92b7b3190896e,0.0014925338327884674,predict_proba,9eb1905b0d2d4dff99236976201e564cbe25ee258ba901ad38107c5c6b5846f0,False,True
R1411,GG0011,CVB0011,REF0110,1,1,XGBoost,8585aaa05cfdc45db07a6521f3455fad438715e7016e8c3af2d92b7b3190896e,0.003115741303190589,predict_proba,9eb1905b0d2d4dff99236976201e564cbe25ee258ba901ad38107c5c6b5846f0,False,True
R1412,GG0011,CVB0011,REF0110,1,1,XGBoost,8585aaa05cfdc45db07a6521f3455fad438715e7016e8c3af2d92b7b3190896e,0.007062871940433979,predict_proba,9eb1905b0d2d4dff99236976201e564cbe25ee258ba901ad38107c5c6b5846f0,False,True
R1413,GG0011,CVB0011,REF0110,1,1,XGBoost,8585aaa05cfdc45db07a6521f3455fad438715e7016e8c3af2d92b7b3190896e,0.00024803727865219116,predict_proba,9eb1905b0d2d4dff99236976201e564cbe25ee258ba901ad38107c5c6b5846f0,False,True
R1414,GG0011,CVB0011,REF0110,1,1,XGBoost,8585aaa05cfdc45db07a6521f3455fad438715e7016e8c3af2d92b7b3190896e,0.0014661513268947601,predict_proba,9eb1905b0d2d4dff99236976201e564cbe25ee258ba901ad38107c5c6b5846f0,False,True
R1415,GG0011,CVB0011,REF0110,1,1,XGBoost,8585aaa05cfdc45db07a6521f3455fad438715e7016e8c3af2d92b7b3190896e,0.026056021451950073,predict_proba,9eb1905b0d2d4dff99236976201e564cbe25ee258ba901ad38107c5c6b5846f0,False,True
R1416,GG0011,CVB0011,REF0110,1,1,XGBoost,8585aaa05cfdc45db07a6521f3455fad438715e7016e8c3af2d92b7b3190896e,0.00034538275212980807,predict_proba,9eb1905b0d2d4dff99236976201e564cbe25ee258ba901ad38107c5c6b5846f0,False,True
R1417,GG0011,CVB0011,REF0110,1,1,XGBoost,8585aaa05cfdc45db07a6521f3455fad438715e7016e8c3af2d92b7b3190896e,0.002242938382551074,predict_proba,9eb1905b0d2d4dff99236976201e564cbe25ee258ba901ad38107c5c6b5846f0,False,True
R1418,GG0011,CVB0011,REF0110,1,1,XGBoost,8585aaa05cfdc45db07a6521f3455fad438715e7016e8c3af2d92b7b3190896e,0.00347606441937387,predict_proba,9eb1905b0d2d4dff99236976201e564cbe25ee258ba901ad38107c5c6b5846f0,False,True
R1419,GG0011,CVB0011,REF0110,1,1,XGBoost,8585aaa05cfdc45db07a6521f3455fad438715e7016e8c3af2d92b7b3190896e,0.0022992196027189493,predict_proba,9eb1905b0d2d4dff99236976201e564cbe25ee258ba901ad38107c5c6b5846f0,False,True
R1420,GG0011,CVB0011,REF0110,1,1,XGBoost,8585aaa05cfdc45db07a6521f3455fad438715e7016e8c3af2d92b7b3190896e,0.0019748941995203495,predict_proba,9eb1905b0d2d4dff99236976201e564cbe25ee258ba901ad38107c5c6b5846f0,False,True
R1421,GG0011,CVB0011,REF0110,1,1,XGBoost,8585aaa05cfdc45db07a6521f3455fad438715e7016e8c3af2d92b7b3190896e,0.46415671706199646,predict_proba,9eb1905b0d2d4dff99236976201e564cbe25ee258ba901ad38107c5c6b5846f0,False,True
R1422,GG0011,CVB0011,REF0110,1,1,XGBoost,8585aaa05cfdc45db07a6521f3455fad438715e7016e8c3af2d92b7b3190896e,0.12652656435966492,predict_proba,9eb1905b0d2d4dff99236976201e564cbe25ee258ba901ad38107c5c6b5846f0,False,True
R1423,GG0011,CVB0011,REF0110,1,1,XGBoost,8585aaa05cfdc45db07a6521f3455fad438715e7016e8c3af2d92b7b3190896e,0.1996578723192215,predict_proba,9eb1905b0d2d4dff99236976201e564cbe25ee258ba901ad38107c5c6b5846f0,False,True
R1424,GG0011,CVB0011,REF0110,1,1,XGBoost,8585aaa05cfdc45db07a6521f3455fad438715e7016e8c3af2d92b7b3190896e,0.4708549678325653,predict_proba,9eb1905b0d2d4dff99236976201e564cbe25ee258ba901ad38107c5c6b5846f0,False,True
R1425,GG0011,CVB0011,REF0110,1,1,XGBoost,8585aaa05cfdc45db07a6521f3455fad438715e7016e8c3af2d92b7b3190896e,0.18151842057704926,predict_proba,9eb1905b0d2d4dff99236976201e564cbe25ee258ba901ad38107c5c6b5846f0,False,True
R1426,GG0011,CVB0011,REF0110,1,1,XGBoost,8585aaa05cfdc45db07a6521f3455fad438715e7016e8c3af2d92b7b3190896e,0.12407755851745605,predict_proba,9eb1905b0d2d4dff99236976201e564cbe25ee258ba901ad38107c5c6b5846f0,False,True
R1427,GG0011,CVB0011,REF0110,1,1,XGBoost,8585aaa05cfdc45db07a6521f3455fad438715e7016e8c3af2d92b7b3190896e,0.3657323718070984,predict_proba,9eb1905b0d2d4dff99236976201e564cbe25ee258ba901ad38107c5c6b5846f0,False,True
R1428,GG0011,CVB0011,REF0110,1,1,XGBoost,8585aaa05cfdc45db07a6521f3455fad438715e7016e8c3af2d92b7b3190896e,0.05539732053875923,predict_proba,9eb1905b0d2d4dff99236976201e564cbe25ee258ba901ad38107c5c6b5846f0,False,True
R1429,GG0011,CVB0011,REF0110,1,1,XGBoost,8585aaa05cfdc45db07a6521f3455fad438715e7016e8c3af2d92b7b3190896e,0.0734095647931099,predict_proba,9eb1905b0d2d4dff99236976201e564cbe25ee258ba901ad38107c5c6b5846f0,False,True
R1430,GG0011,CVB0011,REF0110,1,1,XGBoost,8585aaa05cfdc45db07a6521f3455fad438715e7016e8c3af2d92b7b3190896e,0.11289675533771515,predict_proba,9eb1905b0d2d4dff99236976201e564cbe25ee258ba901ad38107c5c6b5846f0,False,True
R2142,GG0033,CVB0030,REF0155,1,1,XGBoost,8585aaa05cfdc45db07a6521f3455fad438715e7016e8c3af2d92b7b3190896e,0.24384410679340363,predict_proba,9eb1905b0d2d4dff99236976201e564cbe25ee258ba901ad38107c5c6b5846f0,False,True
R2143,GG0033,CVB0030,REF0155,1,1,XGBoost,8585aaa05cfdc45db07a6521f3455fad438715e7016e8c3af2d92b7b3190896e,0.07992254197597504,predict_proba,9eb1905b0d2d4dff99236976201e564cbe25ee258ba901ad38107c5c6b5846f0,False,True
R2144,GG0033,CVB0030,REF0155,1,1,XGBoost,8585aaa05cfdc45db07a6521f3455fad438715e7016e8c3af2d92b7b3190896e,0.0007611444452777505,predict_proba,9eb1905b0d2d4dff99236976201e564cbe25ee258ba901ad38107c5c6b5846f0,False,True
R2145,GG0033,CVB0030,REF0155,1,1,XGBoost,8585aaa05cfdc45db07a6521f3455fad438715e7016e8c3af2d92b7b3190896e,0.2421976923942566,predict_proba,9eb1905b0d2d4dff99236976201e564cbe25ee258ba901ad38107c5c6b5846f0,False,True
R2146,GG0033,CVB0030,REF0155,1,1,XGBoost,8585aaa05cfdc45db07a6521f3455fad438715e7016e8c3af2d92b7b3190896e,0.10769066959619522,predict_proba,9eb1905b0d2d4dff99236976201e564cbe25ee258ba901ad38107c5c6b5846f0,False,True
R2147,GG0033,CVB0030,REF0155,1,1,XGBoost,8585aaa05cfdc45db07a6521f3455fad438715e7016e8c3af2d92b7b3190896e,0.03216628357768059,predict_proba,9eb1905b0d2d4dff99236976201e564cbe25ee258ba901ad38107c5c6b5846f0,False,True
R2783,GG0017,CVB0007,REF0200,1,1,XGBoost,8585aaa05cfdc45db07a6521f3455fad438715e7016e8c3af2d92b7b3190896e,0.06692824512720108,predict_proba,9eb1905b0d2d4dff99236976201e564cbe25ee258ba901ad38107c5c6b5846f0,True,True
R2785,GG0017,CVB0007,REF0200,1,1,XGBoost,8585aaa05cfdc45db07a6521f3455fad438715e7016e8c3af2d92b7b3190896e,0.05070211738348007,predict_proba,9eb1905b0d2d4dff99236976201e564cbe25ee258ba901ad38107c5c6b5846f0,True,True
R2786,GG0017,CVB0007,REF0200,1,1,XGBoost,8585aaa05cfdc45db07a6521f3455fad438715e7016e8c3af2d92b7b3190896e,0.13839824497699738,predict_proba,9eb1905b0d2d4dff99236976201e564cbe25ee258ba901ad38107c5c6b5846f0,True,True
R2787,GG0017,CVB0007,REF0200,1,1,XGBoost,8585aaa05cfdc45db07a6521f3455fad438715e7016e8c3af2d92b7b3190896e,0.09481532126665115,predict_proba,9eb1905b0d2d4dff99236976201e564cbe25ee258ba901ad38107c5c6b5846f0,True,True
R2788,GG0017,CVB0007,REF0200,1,1,XGBoost,8585aaa05cfdc45db07a6521f3455fad438715e7016e8c3af2d92b7b3190896e,0.014764681458473206,predict_proba,9eb1905b0d2d4dff99236976201e564cbe25ee258ba901ad38107c5c6b5846f0,True,True
R2789,GG0017,CVB0007,REF0200,1,1,XGBoost,8585aaa05cfdc45db07a6521f3455fad438715e7016e8c3af2d92b7b3190896e,0.0992106944322586,predict_proba,9eb1905b0d2d4dff99236976201e564cbe25ee258ba901ad38107c5c6b5846f0,True,True
R2791,GG0017,CVB0007,REF0200,1,1,XGBoost,8585aaa05cfdc45db07a6521f3455fad438715e7016e8c3af2d92b7b3190896e,0.10136868059635162,predict_proba,9eb1905b0d2d4dff99236976201e564cbe25ee258ba901ad38107c5c6b5846f0,True,True
R2795,GG0017,CVB0007,REF0200,1,1,XGBoost,8585aaa05cfdc45db07a6521f3455fad438715e7016e8c3af2d92b7b3190896e,0.2500334680080414,predict_proba,9eb1905b0d2d4dff99236976201e564cbe25ee258ba901ad38107c5c6b5846f0,True,True
R2797,GG0017,CVB0007,REF0200,1,1,XGBoost,8585aaa05cfdc45db07a6521f3455fad438715e7016e8c3af2d92b7b3190896e,0.0025326900649815798,predict_proba,9eb1905b0d2d4dff99236976201e564cbe25ee258ba901ad38107c5c6b5846f0,True,True
R2842,GG0021,CVB0010,REF0206,1,1,XGBoost,8585aaa05cfdc45db07a6521f3455fad438715e7016e8c3af2d92b7b3190896e,0.1915399432182312,predict_proba,9eb1905b0d2d4dff99236976201e564cbe25ee258ba901ad38107c5c6b5846f0,True,True
R2843,GG0021,CVB0010,REF0206,1,1,XGBoost,8585aaa05cfdc45db07a6521f3455fad438715e7016e8c3af2d92b7b3190896e,0.013603363186120987,predict_proba,9eb1905b0d2d4dff99236976201e564cbe25ee258ba901ad38107c5c6b5846f0,True,True
R2844,GG0021,CVB0010,REF0206,1,1,XGBoost,8585aaa05cfdc45db07a6521f3455fad438715e7016e8c3af2d92b7b3190896e,0.04809756577014923,predict_proba,9eb1905b0d2d4dff99236976201e564cbe25ee258ba901ad38107c5c6b5846f0,True,True
R2845,GG0021,CVB0010,REF0206,1,1,XGBoost,8585aaa05cfdc45db07a6521f3455fad438715e7016e8c3af2d92b7b3190896e,0.754456102848053,predict_proba,9eb1905b0d2d4dff99236976201e564cbe25ee258ba901ad38107c5c6b5846f0,True,True
R2846,GG0021,CVB0010,REF0206,1,1,XGBoost,8585aaa05cfdc45db07a6521f3455fad438715e7016e8c3af2d92b7b3190896e,0.8236119747161865,predict_proba,9eb1905b0d2d4dff99236976201e564cbe25ee258ba901ad38107c5c6b5846f0,True,True
R2847,GG0021,CVB0010,REF0206,1,1,XGBoost,8585aaa05cfdc45db07a6521f3455fad438715e7016e8c3af2d92b7b3190896e,0.8972927927970886,predict_proba,9eb1905b0d2d4dff99236976201e564cbe25ee258ba901ad38107c5c6b5846f0,True,True
R2848,GG0021,CVB0010,REF0206,1,1,XGBoost,8585aaa05cfdc45db07a6521f3455fad438715e7016e8c3af2d92b7b3190896e,0.12821558117866516,predict_proba,9eb1905b0d2d4dff99236976201e564cbe25ee258ba901ad38107c5c6b5846f0,True,True
R2849,GG0021,CVB0010,REF0206,1,1,XGBoost,8585aaa05cfdc45db07a6521f3455fad438715e7016e8c3af2d92b7b3190896e,0.9937695860862732,predict_proba,9eb1905b0d2d4dff99236976201e564cbe25ee258ba901ad38107c5c6b5846f0,True,True
R2858,GG0021,CVB0010,REF0208,1,1,XGBoost,8585aaa05cfdc45db07a6521f3455fad438715e7016e8c3af2d92b7b3190896e,0.94387286901474,predict_proba,9eb1905b0d2d4dff99236976201e564cbe25ee258ba901ad38107c5c6b5846f0,True,True
R2859,GG0021,CVB0010,REF0208,1,1,XGBoost,8585aaa05cfdc45db07a6521f3455fad438715e7016e8c3af2d92b7b3190896e,0.9884806871414185,predict_proba,9eb1905b0d2d4dff99236976201e564cbe25ee258ba901ad38107c5c6b5846f0,True,True
R2860,GG0021,CVB0010,REF0208,1,1,XGBoost,8585aaa05cfdc45db07a6521f3455fad438715e7016e8c3af2d92b7b3190896e,0.9403156638145447,predict_proba,9eb1905b0d2d4dff99236976201e564cbe25ee258ba901ad38107c5c6b5846f0,True,True
R2861,GG0021,CVB0010,REF0208,1,1,XGBoost,8585aaa05cfdc45db07a6521f3455fad438715e7016e8c3af2d92b7b3190896e,0.9805527329444885,predict_proba,9eb1905b0d2d4dff99236976201e564cbe25ee258ba901ad38107c5c6b5846f0,True,True
R2862,GG0021,CVB0010,REF0208,1,1,XGBoost,8585aaa05cfdc45db07a6521f3455fad438715e7016e8c3af2d92b7b3190896e,0.981858491897583,predict_proba,9eb1905b0d2d4dff99236976201e564cbe25ee258ba901ad38107c5c6b5846f0,True,True
R2863,GG0021,CVB0010,REF0208,1,1,XGBoost,8585aaa05cfdc45db07a6521f3455fad438715e7016e8c3af2d92b7b3190896e,0.8847874402999878,predict_proba,9eb1905b0d2d4dff99236976201e564cbe25ee258ba901ad38107c5c6b5846f0,True,True
R2864,GG0021,CVB0010,REF0208,1,1,XGBoost,8585aaa05cfdc45db07a6521f3455fad438715e7016e8c3af2d92b7b3190896e,0.4200252294540405,predict_proba,9eb1905b0d2d4dff99236976201e564cbe25ee258ba901ad38107c5c6b5846f0,True,True
R2869,GG0021,CVB0010,REF0209,1,1,XGBoost,8585aaa05cfdc45db07a6521f3455fad438715e7016e8c3af2d92b7b3190896e,0.5910947322845459,predict_proba,9eb1905b0d2d4dff99236976201e564cbe25ee258ba901ad38107c5c6b5846f0,True,True
R2870,GG0021,CVB0010,REF0209,1,1,XGBoost,8585aaa05cfdc45db07a6521f3455fad438715e7016e8c3af2d92b7b3190896e,0.9803658127784729,predict_proba,9eb1905b0d2d4dff99236976201e564cbe25ee258ba901ad38107c5c6b5846f0,True,True
R2871,GG0021,CVB0010,REF0209,1,1,XGBoost,8585aaa05cfdc45db07a6521f3455fad438715e7016e8c3af2d92b7b3190896e,0.9763571619987488,predict_proba,9eb1905b0d2d4dff99236976201e564cbe25ee258ba901ad38107c5c6b5846f0,True,True
R2872,GG0021,CVB0010,REF0209,1,1,XGBoost,8585aaa05cfdc45db07a6521f3455fad438715e7016e8c3af2d92b7b3190896e,0.9909247159957886,predict_proba,9eb1905b0d2d4dff99236976201e564cbe25ee258ba901ad38107c5c6b5846f0,True,True
R2875,GG0021,CVB0010,REF0209,1,1,XGBoost,8585aaa05cfdc45db07a6521f3455fad438715e7016e8c3af2d92b7b3190896e,0.33922824263572693,predict_proba,9eb1905b0d2d4dff99236976201e564cbe25ee258ba901ad38107c5c6b5846f0,True,True
R0015,GG0021,CVB0010,REF0003,1,2,XGBoost,346ddaf5046939880747f8abfdd9d7bd219590954e73ecb9a4c5f431db560ccd,0.7372361421585083,predict_proba,9eb1905b0d2d4dff99236976201e564cbe25ee258ba901ad38107c5c6b5846f0,True,True
R0016,GG0021,CVB0010,REF0003,1,2,XGBoost,346ddaf5046939880747f8abfdd9d7bd219590954e73ecb9a4c5f431db560ccd,0.9320793747901917,predict_proba,9eb1905b0d2d4dff99236976201e564cbe25ee258ba901ad38107c5c6b5846f0,True,True
R0017,GG0021,CVB0010,REF0003,1,2,XGBoost,346ddaf5046939880747f8abfdd9d7bd219590954e73ecb9a4c5f431db560ccd,0.9458799362182617,predict_proba,9eb1905b0d2d4dff99236976201e564cbe25ee258ba901ad38107c5c6b5846f0,True,True
R0018,GG0021,CVB0010,REF0003,1,2,XGBoost,346ddaf5046939880747f8abfdd9d7bd219590954e73ecb9a4c5f431db560ccd,0.5747532844543457,predict_proba,9eb1905b0d2d4dff99236976201e564cbe25ee258ba901ad38107c5c6b5846f0,True,True
R0019,GG0021,CVB0010,REF0003,1,2,XGBoost,346ddaf5046939880747f8abfdd9d7bd219590954e73ecb9a4c5f431db560ccd,0.6194217801094055,predict_proba,9eb1905b0d2d4dff99236976201e564cbe25ee258ba901ad38107c5c6b5846f0,True,True
R0020,GG0021,CVB0010,REF0003,1,2,XGBoost,346ddaf5046939880747f8abfdd9d7bd219590954e73ecb9a4c5f431db560ccd,0.9923271536827087,predict_proba,9eb1905b0d2d4dff99236976201e564cbe25ee258ba901ad38107c5c6b5846f0,True,True
R0021,GG0021,CVB0010,REF0003,1,2,XGBoost,346ddaf5046939880747f8abfdd9d7bd219590954e73ecb9a4c5f431db560ccd,0.9851621985435486,predict_proba,9eb1905b0d2d4dff99236976201e564cbe25ee258ba901ad38107c5c6b5846f0,True,True
R0022,GG0021,CVB0010,REF0003,1,2,XGBoost,346ddaf5046939880747f8abfdd9d7bd219590954e73ecb9a4c5f431db560ccd,0.4446289539337158,predict_proba,9eb1905b0d2d4dff99236976201e564cbe25ee258ba901ad38107c5c6b5846f0,True,True
R0023,GG0021,CVB0010,REF0003,1,2,XGBoost,346ddaf5046939880747f8abfdd9d7bd219590954e73ecb9a4c5f431db560ccd,0.8384767174720764,predict_proba,9eb1905b0d2d4dff99236976201e564cbe25ee258ba901ad38107c5c6b5846f0,True,True
R0024,GG0021,CVB0010,REF0003,1,2,XGBoost,346ddaf5046939880747f8abfdd9d7bd219590954e73ecb9a4c5f431db560ccd,0.9743844270706177,predict_proba,9eb1905b0d2d4dff99236976201e564cbe25ee258ba901ad38107c5c6b5846f0,True,True
R0025,GG0021,CVB0010,REF0003,1,2,XGBoost,346ddaf5046939880747f8abfdd9d7bd219590954e73ecb9a4c5f431db560ccd,0.8484371900558472,predict_proba,9eb1905b0d2d4dff99236976201e564cbe25ee258ba901ad38107c5c6b5846f0,True,True
R0026,GG0021,CVB0010,REF0003,1,2,XGBoost,346ddaf5046939880747f8abfdd9d7bd219590954e73ecb9a4c5f431db560ccd,0.9053686261177063,predict_proba,9eb1905b0d2d4dff99236976201e564cbe25ee258ba901ad38107c5c6b5846f0,True,True
R0027,GG0021,CVB0010,REF0003,1,2,XGBoost,346ddaf5046939880747f8abfdd9d7bd219590954e73ecb9a4c5f431db560ccd,0.9086281061172485,predict_proba,9eb1905b0d2d4dff99236976201e564cbe25ee258ba901ad38107c5c6b5846f0,True,True
R0028,GG0021,CVB0010,REF0003,1,2,XGBoost,346ddaf5046939880747f8abfdd9d7bd219590954e73ecb9a4c5f431db560ccd,0.929578959941864,predict_proba,9eb1905b0d2d4dff99236976201e564cbe25ee258ba901ad38107c5c6b5846f0,True,True
R0029,GG0021,CVB0010,REF0004,1,2,XGBoost,346ddaf5046939880747f8abfdd9d7bd219590954e73ecb9a4c5f431db560ccd,0.9982895255088806,predict_proba,9eb1905b0d2d4dff99236976201e564cbe25ee258ba901ad38107c5c6b5846f0,True,True
R0030,GG0021,CVB0010,REF0004,1,2,XGBoost,346ddaf5046939880747f8abfdd9d7bd219590954e73ecb9a4c5f431db560ccd,0.9957615733146667,predict_proba,9eb1905b0d2d4dff99236976201e564cbe25ee258ba901ad38107c5c6b5846f0,True,True
R0031,GG0021,CVB0010,REF0004,1,2,XGBoost,346ddaf5046939880747f8abfdd9d7bd219590954e73ecb9a4c5f431db560ccd,0.9037370085716248,predict_proba,9eb1905b0d2d4dff99236976201e564cbe25ee258ba901ad38107c5c6b5846f0,True,True
R0032,GG0021,CVB0010,REF0004,1,2,XGBoost,346ddaf5046939880747f8abfdd9d7bd219590954e73ecb9a4c5f431db560ccd,0.7249847650527954,predict_proba,9eb1905b0d2d4dff99236976201e564cbe25ee258ba901ad38107c5c6b5846f0,True,True
R0033,GG0021,CVB0010,REF0004,1,2,XGBoost,346ddaf5046939880747f8abfdd9d7bd219590954e73ecb9a4c5f431db560ccd,0.5338732004165649,predict_proba,9eb1905b0d2d4dff99236976201e564cbe25ee258ba901ad38107c5c6b5846f0,True,True
R0034,GG0021,CVB0010,REF0004,1,2,XGBoost,346ddaf5046939880747f8abfdd9d7bd219590954e73ecb9a4c5f431db560ccd,0.8992012739181519,predict_proba,9eb1905b0d2d4dff99236976201e564cbe25ee258ba901ad38107c5c6b5846f0,True,True
R0035,GG0021,CVB0010,REF0004,1,2,XGBoost,346ddaf5046939880747f8abfdd9d7bd219590954e73ecb9a4c5f431db560ccd,0.9493833780288696,predict_proba,9eb1905b0d2d4dff99236976201e564cbe25ee258ba901ad38107c5c6b5846f0,True,True
R0036,GG0021,CVB0010,REF0004,1,2,XGBoost,346ddaf5046939880747f8abfdd9d7bd219590954e73ecb9a4c5f431db560ccd,0.9640852808952332,predict_proba,9eb1905b0d2d4dff99236976201e564cbe25ee258ba901ad38107c5c6b5846f0,True,True
R0037,GG0022,CVB0019,REF0005,1,2,XGBoost,346ddaf5046939880747f8abfdd9d7bd219590954e73ecb9a4c5f431db560ccd,0.13740798830986023,predict_proba,9eb1905b0d2d4dff99236976201e564cbe25ee258ba901ad38107c5c6b5846f0,False,True
R0038,GG0022,CVB0019,REF0005,1,2,XGBoost,346ddaf5046939880747f8abfdd9d7bd219590954e73ecb9a4c5f431db560ccd,0.8766321539878845,predict_proba,9eb1905b0d2d4dff99236976201e564cbe25ee258ba901ad38107c5c6b5846f0,False,True
R0039,GG0022,CVB0019,REF0005,1,2,XGBoost,346ddaf5046939880747f8abfdd9d7bd219590954e73ecb9a4c5f431db560ccd,0.0316203236579895,predict_proba,9eb1905b0d2d4dff99236976201e564cbe25ee258ba901ad38107c5c6b5846f0,False,True
R0040,GG0022,CVB0019,REF0005,1,2,XGBoost,346ddaf5046939880747f8abfdd9d7bd219590954e73ecb9a4c5f431db560ccd,0.40803512930870056,predict_proba,9eb1905b0d2d4dff99236976201e564cbe25ee258ba901ad38107c5c6b5846f0,False,True
R0041,GG0022,CVB0019,REF0005,1,2,XGBoost,346ddaf5046939880747f8abfdd9d7bd219590954e73ecb9a4c5f431db560ccd,0.19475646317005157,predict_proba,9eb1905b0d2d4dff99236976201e564cbe25ee258ba901ad38107c5c6b5846f0,False,True
R0042,GG0022,CVB0019,REF0005,1,2,XGBoost,346ddaf5046939880747f8abfdd9d7bd219590954e73ecb9a4c5f431db560ccd,0.6860766410827637,predict_proba,9eb1905b0d2d4dff99236976201e564cbe25ee258ba901ad38107c5c6b5846f0,False,True
R0043,GG0022,CVB0019,REF0005,1,2,XGBoost,346ddaf5046939880747f8abfdd9d7bd219590954e73ecb9a4c5f431db560ccd,0.48774704337120056,predict_proba,9eb1905b0d2d4dff99236976201e564cbe25ee258ba901ad38107c5c6b5846f0,False,True
R0044,GG0022,CVB0019,REF0005,1,2,XGBoost,346ddaf5046939880747f8abfdd9d7bd219590954e73ecb9a4c5f431db560ccd,0.7546234130859375,predict_proba,9eb1905b0d2d4dff99236976201e564cbe25ee258ba901ad38107c5c6b5846f0,False,True
R0045,GG0022,CVB0019,REF0005,1,2,XGBoost,346ddaf5046939880747f8abfdd9d7bd219590954e73ecb9a4c5f431db560ccd,0.9497432112693787,predict_proba,9eb1905b0d2d4dff99236976201e564cbe25ee258ba901ad38107c5c6b5846f0,False,True
R0046,GG0022,CVB0019,REF0005,1,2,XGBoost,346ddaf5046939880747f8abfdd9d7bd219590954e73ecb9a4c5f431db560ccd,0.9349315762519836,predict_proba,9eb1905b0d2d4dff99236976201e564cbe25ee258ba901ad38107c5c6b5846f0,False,True
R0047,GG0022,CVB0019,REF0005,1,2,XGBoost,346ddaf5046939880747f8abfdd9d7bd219590954e73ecb9a4c5f431db560ccd,0.9138051867485046,predict_proba,9eb1905b0d2d4dff99236976201e564cbe25ee258ba901ad38107c5c6b5846f0,False,True
R0048,GG0022,CVB0019,REF0005,1,2,XGBoost,346ddaf5046939880747f8abfdd9d7bd219590954e73ecb9a4c5f431db560ccd,0.9608529210090637,predict_proba,9eb1905b0d2d4dff99236976201e564cbe25ee258ba901ad38107c5c6b5846f0,False,True
R0060,GG0021,CVB0010,REF0008,1,2,XGBoost,346ddaf5046939880747f8abfdd9d7bd219590954e73ecb9a4c5f431db560ccd,0.014105461537837982,predict_proba,9eb1905b0d2d4dff99236976201e564cbe25ee258ba901ad38107c5c6b5846f0,True,True
R0061,GG0021,CVB0010,REF0008,1,2,XGBoost,346ddaf5046939880747f8abfdd9d7bd219590954e73ecb9a4c5f431db560ccd,0.600996732711792,predict_proba,9eb1905b0d2d4dff99236976201e564cbe25ee258ba901ad38107c5c6b5846f0,True,True
R0062,GG0021,CVB0010,REF0008,1,2,XGBoost,346ddaf5046939880747f8abfdd9d7bd219590954e73ecb9a4c5f431db560ccd,0.933560848236084,predict_proba,9eb1905b0d2d4dff99236976201e564cbe25ee258ba901ad38107c5c6b5846f0,True,True
R0063,GG0021,CVB0010,REF0008,1,2,XGBoost,346ddaf5046939880747f8abfdd9d7bd219590954e73ecb9a4c5f431db560ccd,0.7593923807144165,predict_proba,9eb1905b0d2d4dff99236976201e564cbe25ee258ba901ad38107c5c6b5846f0,True,True
R0064,GG0021,CVB0010,REF0008,1,2,XGBoost,346ddaf5046939880747f8abfdd9d7bd219590954e73ecb9a4c5f431db560ccd,0.9486805200576782,predict_proba,9eb1905b0d2d4dff99236976201e564cbe25ee258ba901ad38107c5c6b5846f0,True,True
R0065,GG0021,CVB0010,REF0008,1,2,XGBoost,346ddaf5046939880747f8abfdd9d7bd219590954e73ecb9a4c5f431db560ccd,0.7763055562973022,predict_proba,9eb1905b0d2d4dff99236976201e564cbe25ee258ba901ad38107c5c6b5846f0,True,True
R0066,GG0021,CVB0010,REF0008,1,2,XGBoost,346ddaf5046939880747f8abfdd9d7bd219590954e73ecb9a4c5f431db560ccd,0.1351735144853592,predict_proba,9eb1905b0d2d4dff99236976201e564cbe25ee258ba901ad38107c5c6b5846f0,True,True
R0067,GG0021,CVB0010,REF0008,1,2,XGBoost,346ddaf5046939880747f8abfdd9d7bd219590954e73ecb9a4c5f431db560ccd,0.3070606291294098,predict_proba,9eb1905b0d2d4dff99236976201e564cbe25ee258ba901ad38107c5c6b5846f0,True,True
R0068,GG0021,CVB0010,REF0008,1,2,XGBoost,346ddaf5046939880747f8abfdd9d7bd219590954e73ecb9a4c5f431db560ccd,0.6269989013671875,predict_proba,9eb1905b0d2d4dff99236976201e564cbe25ee258ba901ad38107c5c6b5846f0,True,True
R0069,GG0021,CVB0010,REF0008,1,2,XGBoost,346ddaf5046939880747f8abfdd9d7bd219590954e73ecb9a4c5f431db560ccd,0.5687069296836853,predict_proba,9eb1905b0d2d4dff99236976201e564cbe25ee258ba901ad38107c5c6b5846f0,True,True
R0070,GG0021,CVB0010,REF0008,1,2,XGBoost,346ddaf5046939880747f8abfdd9d7bd219590954e73ecb9a4c5f431db560ccd,0.18357495963573456,predict_proba,9eb1905b0d2d4dff99236976201e564cbe25ee258ba901ad38107c5c6b5846f0,True,True
R0071,GG0021,CVB0010,REF0008,1,2,XGBoost,346ddaf5046939880747f8abfdd9d7bd219590954e73ecb9a4c5f431db560ccd,0.40324968099594116,predict_proba,9eb1905b0d2d4dff99236976201e564cbe25ee258ba901ad38107c5c6b5846f0,True,True
R0072,GG0021,CVB0010,REF0008,1,2,XGBoost,346ddaf5046939880747f8abfdd9d7bd219590954e73ecb9a4c5f431db560ccd,0.9251943826675415,predict_proba,9eb1905b0d2d4dff99236976201e564cbe25ee258ba901ad38107c5c6b5846f0,True,True
R0073,GG0021,CVB0010,REF0008,1,2,XGBoost,346ddaf5046939880747f8abfdd9d7bd219590954e73ecb9a4c5f431db560ccd,0.8542039394378662,predict_proba,9eb1905b0d2d4dff99236976201e564cbe25ee258ba901ad38107c5c6b5846f0,True,True
R0074,GG0021,CVB0010,REF0008,1,2,XGBoost,346ddaf5046939880747f8abfdd9d7bd219590954e73ecb9a4c5f431db560ccd,0.9078139066696167,predict_proba,9eb1905b0d2d4dff99236976201e564cbe25ee258ba901ad38107c5c6b5846f0,True,True
R0075,GG0021,CVB0010,REF0008,1,2,XGBoost,346ddaf5046939880747f8abfdd9d7bd219590954e73ecb9a4c5f431db560ccd,0.9438135027885437,predict_proba,9eb1905b0d2d4dff99236976201e564cbe25ee258ba901ad38107c5c6b5846f0,True,True
R0076,GG0021,CVB0010,REF0008,1,2,XGBoost,346ddaf5046939880747f8abfdd9d7bd219590954e73ecb9a4c5f431db560ccd,0.9640856981277466,predict_proba,9eb1905b0d2d4dff99236976201e564cbe25ee258ba901ad38107c5c6b5846f0,True,True
R0077,GG0021,CVB0010,REF0008,1,2,XGBoost,346ddaf5046939880747f8abfdd9d7bd219590954e73ecb9a4c5f431db560ccd,0.9979178309440613,predict_proba,9eb1905b0d2d4dff99236976201e564cbe25ee258ba901ad38107c5c6b5846f0,True,True
R0078,GG0021,CVB0010,REF0008,1,2,XGBoost,346ddaf5046939880747f8abfdd9d7bd219590954e73ecb9a4c5f431db560ccd,0.9892867803573608,predict_proba,9eb1905b0d2d4dff99236976201e564cbe25ee258ba901ad38107c5c6b5846f0,True,True
R0079,GG0021,CVB0010,REF0008,1,2,XGBoost,346ddaf5046939880747f8abfdd9d7bd219590954e73ecb9a4c5f431db560ccd,0.9933704137802124,predict_proba,9eb1905b0d2d4dff99236976201e564cbe25ee258ba901ad38107c5c6b5846f0,True,True
R0080,GG0021,CVB0010,REF0008,1,2,XGBoost,346ddaf5046939880747f8abfdd9d7bd219590954e73ecb9a4c5f431db560ccd,0.9942728877067566,predict_proba,9eb1905b0d2d4dff99236976201e564cbe25ee258ba901ad38107c5c6b5846f0,True,True
R0123,GG0017,CVB0007,REF0013,1,2,XGBoost,346ddaf5046939880747f8abfdd9d7bd219590954e73ecb9a4c5f431db560ccd,0.007195644546300173,predict_proba,9eb1905b0d2d4dff99236976201e564cbe25ee258ba901ad38107c5c6b5846f0,True,True
R0124,GG0017,CVB0007,REF0013,1,2,XGBoost,346ddaf5046939880747f8abfdd9d7bd219590954e73ecb9a4c5f431db560ccd,0.07876311987638474,predict_proba,9eb1905b0d2d4dff99236976201e564cbe25ee258ba901ad38107c5c6b5846f0,True,True
R0125,GG0017,CVB0007,REF0013,1,2,XGBoost,346ddaf5046939880747f8abfdd9d7bd219590954e73ecb9a4c5f431db560ccd,0.008624553680419922,predict_proba,9eb1905b0d2d4dff99236976201e564cbe25ee258ba901ad38107c5c6b5846f0,True,True
R0126,GG0017,CVB0007,REF0013,1,2,XGBoost,346ddaf5046939880747f8abfdd9d7bd219590954e73ecb9a4c5f431db560ccd,0.004747294820845127,predict_proba,9eb1905b0d2d4dff99236976201e564cbe25ee258ba901ad38107c5c6b5846f0,True,True
R0127,GG0017,CVB0007,REF0013,1,2,XGBoost,346ddaf5046939880747f8abfdd9d7bd219590954e73ecb9a4c5f431db560ccd,0.004012076184153557,predict_proba,9eb1905b0d2d4dff99236976201e564cbe25ee258ba901ad38107c5c6b5846f0,True,True
R0128,GG0017,CVB0007,REF0013,1,2,XGBoost,346ddaf5046939880747f8abfdd9d7bd219590954e73ecb9a4c5f431db560ccd,0.18781577050685883,predict_proba,9eb1905b0d2d4dff99236976201e564cbe25ee258ba901ad38107c5c6b5846f0,True,True
R0199,GG0033,CVB0030,REF0021,1,2,XGBoost,346ddaf5046939880747f8abfdd9d7bd219590954e73ecb9a4c5f431db560ccd,0.3011077642440796,predict_proba,9eb1905b0d2d4dff99236976201e564cbe25ee258ba901ad38107c5c6b5846f0,False,True
R0200,GG0033,CVB0030,REF0021,1,2,XGBoost,346ddaf5046939880747f8abfdd9d7bd219590954e73ecb9a4c5f431db560ccd,0.4585113525390625,predict_proba,9eb1905b0d2d4dff99236976201e564cbe25ee258ba901ad38107c5c6b5846f0,False,True
R0201,GG0033,CVB0030,REF0021,1,2,XGBoost,346ddaf5046939880747f8abfdd9d7bd219590954e73ecb9a4c5f431db560ccd,0.2010144144296646,predict_proba,9eb1905b0d2d4dff99236976201e564cbe25ee258ba901ad38107c5c6b5846f0,False,True
R0202,GG0033,CVB0030,REF0021,1,2,XGBoost,346ddaf5046939880747f8abfdd9d7bd219590954e73ecb9a4c5f431db560ccd,0.062049880623817444,predict_proba,9eb1905b0d2d4dff99236976201e564cbe25ee258ba901ad38107c5c6b5846f0,False,True
R0203,GG0033,CVB0030,REF0021,1,2,XGBoost,346ddaf5046939880747f8abfdd9d7bd219590954e73ecb9a4c5f431db560ccd,0.03092317283153534,predict_proba,9eb1905b0d2d4dff99236976201e564cbe25ee258ba901ad38107c5c6b5846f0,False,True
R0204,GG0033,CVB0030,REF0021,1,2,XGBoost,346ddaf5046939880747f8abfdd9d7bd219590954e73ecb9a4c5f431db560ccd,0.08798246085643768,predict_proba,9eb1905b0d2d4dff99236976201e564cbe25ee258ba901ad38107c5c6b5846f0,False,True
R0205,GG0033,CVB0030,REF0021,1,2,XGBoost,346ddaf5046939880747f8abfdd9d7bd219590954e73ecb9a4c5f431db560ccd,0.6490619778633118,predict_proba,9eb1905b0d2d4dff99236976201e564cbe25ee258ba901ad38107c5c6b5846f0,False,True
R0206,GG0033,CVB0030,REF0021,1,2,XGBoost,346ddaf5046939880747f8abfdd9d7bd219590954e73ecb9a4c5f431db560ccd,0.579384446144104,predict_proba,9eb1905b0d2d4dff99236976201e564cbe25ee258ba901ad38107c5c6b5846f0,False,True
R0207,GG0033,CVB0030,REF0021,1,2,XGBoost,346ddaf5046939880747f8abfdd9d7bd219590954e73ecb9a4c5f431db560ccd,0.0012134428834542632,predict_proba,9eb1905b0d2d4dff99236976201e564cbe25ee258ba901ad38107c5c6b5846f0,False,True
R0208,GG0033,CVB0030,REF0021,1,2,XGBoost,346ddaf5046939880747f8abfdd9d7bd219590954e73ecb9a4c5f431db560ccd,0.0015841133426874876,predict_proba,9eb1905b0d2d4dff99236976201e564cbe25ee258ba901ad38107c5c6b5846f0,False,True
R0209,GG0033,CVB0030,REF0021,1,2,XGBoost,346ddaf5046939880747f8abfdd9d7bd219590954e73ecb9a4c5f431db560ccd,0.00012640802015084773,predict_proba,9eb1905b0d2d4dff99236976201e564cbe25ee258ba901ad38107c5c6b5846f0,False,True
R0210,GG0033,CVB0030,REF0021,1,2,XGBoost,346ddaf5046939880747f8abfdd9d7bd219590954e73ecb9a4c5f431db560ccd,0.06851464509963989,predict_proba,9eb1905b0d2d4dff99236976201e564cbe25ee258ba901ad38107c5c6b5846f0,False,True
R0211,GG0033,CVB0030,REF0021,1,2,XGBoost,346ddaf5046939880747f8abfdd9d7bd219590954e73ecb9a4c5f431db560ccd,0.06961505860090256,predict_proba,9eb1905b0d2d4dff99236976201e564cbe25ee258ba901ad38107c5c6b5846f0,False,True
R0212,GG0033,CVB0030,REF0021,1,2,XGBoost,346ddaf5046939880747f8abfdd9d7bd219590954e73ecb9a4c5f431db560ccd,0.05056517571210861,predict_proba,9eb1905b0d2d4dff99236976201e564cbe25ee258ba901ad38107c5c6b5846f0,False,True
R0213,GG0033,CVB0030,REF0022,1,2,XGBoost,346ddaf5046939880747f8abfdd9d7bd219590954e73ecb9a4c5f431db560ccd,0.026645857840776443,predict_proba,9eb1905b0d2d4dff99236976201e564cbe25ee258ba901ad38107c5c6b5846f0,False,True
R0214,GG0033,CVB0030,REF0022,1,2,XGBoost,346ddaf5046939880747f8abfdd9d7bd219590954e73ecb9a4c5f431db560ccd,0.4499925374984741,predict_proba,9eb1905b0d2d4dff99236976201e564cbe25ee258ba901ad38107c5c6b5846f0,False,True
R0215,GG0033,CVB0030,REF0022,1,2,XGBoost,346ddaf5046939880747f8abfdd9d7bd219590954e73ecb9a4c5f431db560ccd,0.05046478286385536,predict_proba,9eb1905b0d2d4dff99236976201e564cbe25ee258ba901ad38107c5c6b5846f0,False,True
R0360,GG0021,CVB0010,REF0036,1,2,XGBoost,346ddaf5046939880747f8abfdd9d7bd219590954e73ecb9a4c5f431db560ccd,0.4949987828731537,predict_proba,9eb1905b0d2d4dff99236976201e564cbe25ee258ba901ad38107c5c6b5846f0,True,True
R0361,GG0021,CVB0010,REF0036,1,2,XGBoost,346ddaf5046939880747f8abfdd9d7bd219590954e73ecb9a4c5f431db560ccd,0.024630723521113396,predict_proba,9eb1905b0d2d4dff99236976201e564cbe25ee258ba901ad38107c5c6b5846f0,True,True
R0362,GG0021,CVB0010,REF0036,1,2,XGBoost,346ddaf5046939880747f8abfdd9d7bd219590954e73ecb9a4c5f431db560ccd,0.030182121321558952,predict_proba,9eb1905b0d2d4dff99236976201e564cbe25ee258ba901ad38107c5c6b5846f0,True,True
R0363,GG0021,CVB0010,REF0036,1,2,XGBoost,346ddaf5046939880747f8abfdd9d7bd219590954e73ecb9a4c5f431db560ccd,0.8525611162185669,predict_proba,9eb1905b0d2d4dff99236976201e564cbe25ee258ba901ad38107c5c6b5846f0,True,True
R0364,GG0021,CVB0010,REF0036,1,2,XGBoost,346ddaf5046939880747f8abfdd9d7bd219590954e73ecb9a4c5f431db560ccd,0.7931273579597473,predict_proba,9eb1905b0d2d4dff99236976201e564cbe25ee258ba901ad38107c5c6b5846f0,True,True
R0365,GG0021,CVB0010,REF0036,1,2,XGBoost,346ddaf5046939880747f8abfdd9d7bd219590954e73ecb9a4c5f431db560ccd,0.7108195424079895,predict_proba,9eb1905b0d2d4dff99236976201e564cbe25ee258ba901ad38107c5c6b5846f0,True,True
R0366,GG0021,CVB0010,REF0036,1,2,XGBoost,346ddaf5046939880747f8abfdd9d7bd219590954e73ecb9a4c5f431db560ccd,0.9011062383651733,predict_proba,9eb1905b0d2d4dff99236976201e564cbe25ee258ba901ad38107c5c6b5846f0,True,True
R0367,GG0021,CVB0010,REF0036,1,2,XGBoost,346ddaf5046939880747f8abfdd9d7bd219590954e73ecb9a4c5f431db560ccd,0.26899468898773193,predict_proba,9eb1905b0d2d4dff99236976201e564cbe25ee258ba901ad38107c5c6b5846f0,True,True
R0368,GG0021,CVB0010,REF0036,1,2,XGBoost,346ddaf5046939880747f8abfdd9d7bd219590954e73ecb9a4c5f431db560ccd,0.9937931299209595,predict_proba,9eb1905b0d2d4dff99236976201e564cbe25ee258ba901ad38107c5c6b5846f0,True,True
R0369,GG0021,CVB0010,REF0036,1,2,XGBoost,346ddaf5046939880747f8abfdd9d7bd219590954e73ecb9a4c5f431db560ccd,0.9875006675720215,predict_proba,9eb1905b0d2d4dff99236976201e564cbe25ee258ba901ad38107c5c6b5846f0,True,True
R0457,GG0021,CVB0010,REF0042,1,2,XGBoost,346ddaf5046939880747f8abfdd9d7bd219590954e73ecb9a4c5f431db560ccd,0.8962291479110718,predict_proba,9eb1905b0d2d4dff99236976201e564cbe25ee258ba901ad38107c5c6b5846f0,True,True
R0458,GG0021,CVB0010,REF0042,1,2,XGBoost,346ddaf5046939880747f8abfdd9d7bd219590954e73ecb9a4c5f431db560ccd,0.38837435841560364,predict_proba,9eb1905b0d2d4dff99236976201e564cbe25ee258ba901ad38107c5c6b5846f0,True,True
R0459,GG0021,CVB0010,REF0042,1,2,XGBoost,346ddaf5046939880747f8abfdd9d7bd219590954e73ecb9a4c5f431db560ccd,0.23263861238956451,predict_proba,9eb1905b0d2d4dff99236976201e564cbe25ee258ba901ad38107c5c6b5846f0,True,True
R0460,GG0021,CVB0010,REF0042,1,2,XGBoost,346ddaf5046939880747f8abfdd9d7bd219590954e73ecb9a4c5f431db560ccd,0.97360759973526,predict_proba,9eb1905b0d2d4dff99236976201e564cbe25ee258ba901ad38107c5c6b5846f0,True,True
R0461,GG0021,CVB0010,REF0042,1,2,XGBoost,346ddaf5046939880747f8abfdd9d7bd219590954e73ecb9a4c5f431db560ccd,0.7291689515113831,predict_proba,9eb1905b0d2d4dff99236976201e564cbe25ee258ba901ad38107c5c6b5846f0,True,True
R0462,GG0021,CVB0010,REF0042,1,2,XGBoost,346ddaf5046939880747f8abfdd9d7bd219590954e73ecb9a4c5f431db560ccd,0.9229700565338135,predict_proba,9eb1905b0d2d4dff99236976201e564cbe25ee258ba901ad38107c5c6b5846f0,True,True
R0463,GG0021,CVB0010,REF0042,1,2,XGBoost,346ddaf5046939880747f8abfdd9d7bd219590954e73ecb9a4c5f431db560ccd,0.23686997592449188,predict_proba,9eb1905b0d2d4dff99236976201e564cbe25ee258ba901ad38107c5c6b5846f0,True,True
R0464,GG0021,CVB0010,REF0042,1,2,XGBoost,346ddaf5046939880747f8abfdd9d7bd219590954e73ecb9a4c5f431db560ccd,0.03522181510925293,predict_proba,9eb1905b0d2d4dff99236976201e564cbe25ee258ba901ad38107c5c6b5846f0,True,True
R0465,GG0021,CVB0010,REF0042,1,2,XGBoost,346ddaf5046939880747f8abfdd9d7bd219590954e73ecb9a4c5f431db560ccd,0.19085855782032013,predict_proba,9eb1905b0d2d4dff99236976201e564cbe25ee258ba901ad38107c5c6b5846f0,True,True
R0466,GG0021,CVB0010,REF0042,1,2,XGBoost,346ddaf5046939880747f8abfdd9d7bd219590954e73ecb9a4c5f431db560ccd,0.15441478788852692,predict_proba,9eb1905b0d2d4dff99236976201e564cbe25ee258ba901ad38107c5c6b5846f0,True,True
R0467,GG0021,CVB0010,REF0042,1,2,XGBoost,346ddaf5046939880747f8abfdd9d7bd219590954e73ecb9a4c5f431db560ccd,0.10801861435174942,predict_proba,9eb1905b0d2d4dff99236976201e564cbe25ee258ba901ad38107c5c6b5846f0,True,True
R0468,GG0021,CVB0010,REF0042,1,2,XGBoost,346ddaf5046939880747f8abfdd9d7bd219590954e73ecb9a4c5f431db560ccd,0.9294480681419373,predict_proba,9eb1905b0d2d4dff99236976201e564cbe25ee258ba901ad38107c5c6b5846f0,True,True
R0469,GG0021,CVB0010,REF0042,1,2,XGBoost,346ddaf5046939880747f8abfdd9d7bd219590954e73ecb9a4c5f431db560ccd,0.6940451264381409,predict_proba,9eb1905b0d2d4dff99236976201e564cbe25ee258ba901ad38107c5c6b5846f0,True,True
R0470,GG0021,CVB0010,REF0042,1,2,XGBoost,346ddaf5046939880747f8abfdd9d7bd219590954e73ecb9a4c5f431db560ccd,0.03693152219057083,predict_proba,9eb1905b0d2d4dff99236976201e564cbe25ee258ba901ad38107c5c6b5846f0,True,True
R0471,GG0021,CVB0010,REF0042,1,2,XGBoost,346ddaf5046939880747f8abfdd9d7bd219590954e73ecb9a4c5f431db560ccd,0.31806063652038574,predict_proba,9eb1905b0d2d4dff99236976201e564cbe25ee258ba901ad38107c5c6b5846f0,True,True
R0472,GG0021,CVB0010,REF0042,1,2,XGBoost,346ddaf5046939880747f8abfdd9d7bd219590954e73ecb9a4c5f431db560ccd,0.30728811025619507,predict_proba,9eb1905b0d2d4dff99236976201e564cbe25ee258ba901ad38107c5c6b5846f0,True,True
R0473,GG0021,CVB0010,REF0042,1,2,XGBoost,346ddaf5046939880747f8abfdd9d7bd219590954e73ecb9a4c5f431db560ccd,0.004686617758125067,predict_proba,9eb1905b0d2d4dff99236976201e564cbe25ee258ba901ad38107c5c6b5846f0,True,True
R0474,GG0021,CVB0010,REF0042,1,2,XGBoost,346ddaf5046939880747f8abfdd9d7bd219590954e73ecb9a4c5f431db560ccd,0.3957854211330414,predict_proba,9eb1905b0d2d4dff99236976201e564cbe25ee258ba901ad38107c5c6b5846f0,True,True
R0475,GG0021,CVB0010,REF0042,1,2,XGBoost,346ddaf5046939880747f8abfdd9d7bd219590954e73ecb9a4c5f431db560ccd,0.04914592579007149,predict_proba,9eb1905b0d2d4dff99236976201e564cbe25ee258ba901ad38107c5c6b5846f0,True,True
R0476,GG0021,CVB0010,REF0042,1,2,XGBoost,346ddaf5046939880747f8abfdd9d7bd219590954e73ecb9a4c5f431db560ccd,0.5806643962860107,predict_proba,9eb1905b0d2d4dff99236976201e564cbe25ee258ba901ad38107c5c6b5846f0,True,True
R0477,GG0021,CVB0010,REF0042,1,2,XGBoost,346ddaf5046939880747f8abfdd9d7bd219590954e73ecb9a4c5f431db560ccd,0.14002227783203125,predict_proba,9eb1905b0d2d4dff99236976201e564cbe25ee258ba901ad38107c5c6b5846f0,True,True
R0478,GG0021,CVB0010,REF0043,1,2,XGBoost,346ddaf5046939880747f8abfdd9d7bd219590954e73ecb9a4c5f431db560ccd,0.9112668037414551,predict_proba,9eb1905b0d2d4dff99236976201e564cbe25ee258ba901ad38107c5c6b5846f0,True,True
R0479,GG0021,CVB0010,REF0043,1,2,XGBoost,346ddaf5046939880747f8abfdd9d7bd219590954e73ecb9a4c5f431db560ccd,0.9257264137268066,predict_proba,9eb1905b0d2d4dff99236976201e564cbe25ee258ba901ad38107c5c6b5846f0,True,True
R0480,GG0021,CVB0010,REF0043,1,2,XGBoost,346ddaf5046939880747f8abfdd9d7bd219590954e73ecb9a4c5f431db560ccd,0.7194308638572693,predict_proba,9eb1905b0d2d4dff99236976201e564cbe25ee258ba901ad38107c5c6b5846f0,True,True
R0481,GG0021,CVB0010,REF0043,1,2,XGBoost,346ddaf5046939880747f8abfdd9d7bd219590954e73ecb9a4c5f431db560ccd,0.8960590958595276,predict_proba,9eb1905b0d2d4dff99236976201e564cbe25ee258ba901ad38107c5c6b5846f0,True,True
R0482,GG0021,CVB0010,REF0043,1,2,XGBoost,346ddaf5046939880747f8abfdd9d7bd219590954e73ecb9a4c5f431db560ccd,0.7450938820838928,predict_proba,9eb1905b0d2d4dff99236976201e564cbe25ee258ba901ad38107c5c6b5846f0,True,True
R0483,GG0021,CVB0010,REF0043,1,2,XGBoost,346ddaf5046939880747f8abfdd9d7bd219590954e73ecb9a4c5f431db560ccd,0.9177943468093872,predict_proba,9eb1905b0d2d4dff99236976201e564cbe25ee258ba901ad38107c5c6b5846f0,True,True
R0484,GG0021,CVB0010,REF0043,1,2,XGBoost,346ddaf5046939880747f8abfdd9d7bd219590954e73ecb9a4c5f431db560ccd,0.8139140605926514,predict_proba,9eb1905b0d2d4dff99236976201e564cbe25ee258ba901ad38107c5c6b5846f0,True,True
R0485,GG0021,CVB0010,REF0043,1,2,XGBoost,346ddaf5046939880747f8abfdd9d7bd219590954e73ecb9a4c5f431db560ccd,0.9003346562385559,predict_proba,9eb1905b0d2d4dff99236976201e564cbe25ee258ba901ad38107c5c6b5846f0,True,True
R0486,GG0021,CVB0010,REF0043,1,2,XGBoost,346ddaf5046939880747f8abfdd9d7bd219590954e73ecb9a4c5f431db560ccd,0.9832947850227356,predict_proba,9eb1905b0d2d4dff99236976201e564cbe25ee258ba901ad38107c5c6b5846f0,True,True
R0487,GG0021,CVB0010,REF0043,1,2,XGBoost,346ddaf5046939880747f8abfdd9d7bd219590954e73ecb9a4c5f431db560ccd,0.9868775010108948,predict_proba,9eb1905b0d2d4dff99236976201e564cbe25ee258ba901ad38107c5c6b5846f0,True,True
R0488,GG0021,CVB0010,REF0043,1,2,XGBoost,346ddaf5046939880747f8abfdd9d7bd219590954e73ecb9a4c5f431db560ccd,0.9530999064445496,predict_proba,9eb1905b0d2d4dff99236976201e564cbe25ee258ba901ad38107c5c6b5846f0,True,True
R0489,GG0021,CVB0010,REF0043,1,2,XGBoost,346ddaf5046939880747f8abfdd9d7bd219590954e73ecb9a4c5f431db560ccd,0.9949027299880981,predict_proba,9eb1905b0d2d4dff99236976201e564cbe25ee258ba901ad38107c5c6b5846f0,True,True
R0490,GG0021,CVB0010,REF0043,1,2,XGBoost,346ddaf5046939880747f8abfdd9d7bd219590954e73ecb9a4c5f431db560ccd,0.17326082289218903,predict_proba,9eb1905b0d2d4dff99236976201e564cbe25ee258ba901ad38107c5c6b5846f0,True,True
R0491,GG0021,CVB0010,REF0043,1,2,XGBoost,346ddaf5046939880747f8abfdd9d7bd219590954e73ecb9a4c5f431db560ccd,0.9859254956245422,predict_proba,9eb1905b0d2d4dff99236976201e564cbe25ee258ba901ad38107c5c6b5846f0,True,True
R0492,GG0021,CVB0010,REF0043,1,2,XGBoost,346ddaf5046939880747f8abfdd9d7bd219590954e73ecb9a4c5f431db560ccd,0.9982708692550659,predict_proba,9eb1905b0d2d4dff99236976201e564cbe25ee258ba901ad38107c5c6b5846f0,True,True
R0493,GG0021,CVB0010,REF0043,1,2,XGBoost,346ddaf5046939880747f8abfdd9d7bd219590954e73ecb9a4c5f431db560ccd,0.9854192733764648,predict_proba,9eb1905b0d2d4dff99236976201e564cbe25ee258ba901ad38107c5c6b5846f0,True,True
R0494,GG0021,CVB0010,REF0043,1,2,XGBoost,346ddaf5046939880747f8abfdd9d7bd219590954e73ecb9a4c5f431db560ccd,0.9929129481315613,predict_proba,9eb1905b0d2d4dff99236976201e564cbe25ee258ba901ad38107c5c6b5846f0,True,True
R0495,GG0021,CVB0010,REF0043,1,2,XGBoost,346ddaf5046939880747f8abfdd9d7bd219590954e73ecb9a4c5f431db560ccd,0.9910517334938049,predict_proba,9eb1905b0d2d4dff99236976201e564cbe25ee258ba901ad38107c5c6b5846f0,True,True
R0496,GG0021,CVB0010,REF0043,1,2,XGBoost,346ddaf5046939880747f8abfdd9d7bd219590954e73ecb9a4c5f431db560ccd,0.9967002272605896,predict_proba,9eb1905b0d2d4dff99236976201e564cbe25ee258ba901ad38107c5c6b5846f0,True,True
R0603,GG0033,CVB0030,REF0051,1,2,XGBoost,346ddaf5046939880747f8abfdd9d7bd219590954e73ecb9a4c5f431db560ccd,0.22334283590316772,predict_proba,9eb1905b0d2d4dff99236976201e564cbe25ee258ba901ad38107c5c6b5846f0,False,True
R0604,GG0033,CVB0030,REF0051,1,2,XGBoost,346ddaf5046939880747f8abfdd9d7bd219590954e73ecb9a4c5f431db560ccd,0.009894942864775658,predict_proba,9eb1905b0d2d4dff99236976201e564cbe25ee258ba901ad38107c5c6b5846f0,False,True
R0605,GG0033,CVB0030,REF0051,1,2,XGBoost,346ddaf5046939880747f8abfdd9d7bd219590954e73ecb9a4c5f431db560ccd,0.423417329788208,predict_proba,9eb1905b0d2d4dff99236976201e564cbe25ee258ba901ad38107c5c6b5846f0,False,True
R0606,GG0033,CVB0030,REF0051,1,2,XGBoost,346ddaf5046939880747f8abfdd9d7bd219590954e73ecb9a4c5f431db560ccd,0.11106710880994797,predict_proba,9eb1905b0d2d4dff99236976201e564cbe25ee258ba901ad38107c5c6b5846f0,False,True
R0607,GG0033,CVB0030,REF0051,1,2,XGBoost,346ddaf5046939880747f8abfdd9d7bd219590954e73ecb9a4c5f431db560ccd,0.2874675691127777,predict_proba,9eb1905b0d2d4dff99236976201e564cbe25ee258ba901ad38107c5c6b5846f0,False,True
R0608,GG0033,CVB0030,REF0051,1,2,XGBoost,346ddaf5046939880747f8abfdd9d7bd219590954e73ecb9a4c5f431db560ccd,0.4858247637748718,predict_proba,9eb1905b0d2d4dff99236976201e564cbe25ee258ba901ad38107c5c6b5846f0,False,True
R0609,GG0033,CVB0030,REF0051,1,2,XGBoost,346ddaf5046939880747f8abfdd9d7bd219590954e73ecb9a4c5f431db560ccd,0.4583861529827118,predict_proba,9eb1905b0d2d4dff99236976201e564cbe25ee258ba901ad38107c5c6b5846f0,False,True
R0610,GG0033,CVB0030,REF0051,1,2,XGBoost,346ddaf5046939880747f8abfdd9d7bd219590954e73ecb9a4c5f431db560ccd,0.7049468755722046,predict_proba,9eb1905b0d2d4dff99236976201e564cbe25ee258ba901ad38107c5c6b5846f0,False,True
R0611,GG0033,CVB0030,REF0051,1,2,XGBoost,346ddaf5046939880747f8abfdd9d7bd219590954e73ecb9a4c5f431db560ccd,0.9096328020095825,predict_proba,9eb1905b0d2d4dff99236976201e564cbe25ee258ba901ad38107c5c6b5846f0,False,True
R0612,GG0033,CVB0030,REF0051,1,2,XGBoost,346ddaf5046939880747f8abfdd9d7bd219590954e73ecb9a4c5f431db560ccd,0.09445860981941223,predict_proba,9eb1905b0d2d4dff99236976201e564cbe25ee258ba901ad38107c5c6b5846f0,False,True
R0613,GG0033,CVB0030,REF0051,1,2,XGBoost,346ddaf5046939880747f8abfdd9d7bd219590954e73ecb9a4c5f431db560ccd,0.02685881033539772,predict_proba,9eb1905b0d2d4dff99236976201e564cbe25ee258ba901ad38107c5c6b5846f0,False,True
R0614,GG0033,CVB0030,REF0051,1,2,XGBoost,346ddaf5046939880747f8abfdd9d7bd219590954e73ecb9a4c5f431db560ccd,0.005727476440370083,predict_proba,9eb1905b0d2d4dff99236976201e564cbe25ee258ba901ad38107c5c6b5846f0,False,True
R0615,GG0033,CVB0030,REF0051,1,2,XGBoost,346ddaf5046939880747f8abfdd9d7bd219590954e73ecb9a4c5f431db560ccd,0.012756983749568462,predict_proba,9eb1905b0d2d4dff99236976201e564cbe25ee258ba901ad38107c5c6b5846f0,False,True
R0616,GG0033,CVB0030,REF0051,1,2,XGBoost,346ddaf5046939880747f8abfdd9d7bd219590954e73ecb9a4c5f431db560ccd,0.0105670727789402,predict_proba,9eb1905b0d2d4dff99236976201e564cbe25ee258ba901ad38107c5c6b5846f0,False,True
R0617,GG0033,CVB0030,REF0051,1,2,XGBoost,346ddaf5046939880747f8abfdd9d7bd219590954e73ecb9a4c5f431db560ccd,0.09757211804389954,predict_proba,9eb1905b0d2d4dff99236976201e564cbe25ee258ba901ad38107c5c6b5846f0,False,True
R0618,GG0033,CVB0030,REF0051,1,2,XGBoost,346ddaf5046939880747f8abfdd9d7bd219590954e73ecb9a4c5f431db560ccd,0.23382817208766937,predict_proba,9eb1905b0d2d4dff99236976201e564cbe25ee258ba901ad38107c5c6b5846f0,False,True
R0619,GG0033,CVB0030,REF0051,1,2,XGBoost,346ddaf5046939880747f8abfdd9d7bd219590954e73ecb9a4c5f431db560ccd,0.08216473460197449,predict_proba,9eb1905b0d2d4dff99236976201e564cbe25ee258ba901ad38107c5c6b5846f0,False,True
R0620,GG0033,CVB0030,REF0051,1,2,XGBoost,346ddaf5046939880747f8abfdd9d7bd219590954e73ecb9a4c5f431db560ccd,0.32735729217529297,predict_proba,9eb1905b0d2d4dff99236976201e564cbe25ee258ba901ad38107c5c6b5846f0,False,True
R0621,GG0033,CVB0030,REF0051,1,2,XGBoost,346ddaf5046939880747f8abfdd9d7bd219590954e73ecb9a4c5f431db560ccd,0.04292432591319084,predict_proba,9eb1905b0d2d4dff99236976201e564cbe25ee258ba901ad38107c5c6b5846f0,False,True
R0622,GG0033,CVB0030,REF0051,1,2,XGBoost,346ddaf5046939880747f8abfdd9d7bd219590954e73ecb9a4c5f431db560ccd,0.1430896371603012,predict_proba,9eb1905b0d2d4dff99236976201e564cbe25ee258ba901ad38107c5c6b5846f0,False,True
R0623,GG0033,CVB0030,REF0051,1,2,XGBoost,346ddaf5046939880747f8abfdd9d7bd219590954e73ecb9a4c5f431db560ccd,0.022464601323008537,predict_proba,9eb1905b0d2d4dff99236976201e564cbe25ee258ba901ad38107c5c6b5846f0,False,True
R0624,GG0033,CVB0030,REF0051,1,2,XGBoost,346ddaf5046939880747f8abfdd9d7bd219590954e73ecb9a4c5f431db560ccd,0.07704727351665497,predict_proba,9eb1905b0d2d4dff99236976201e564cbe25ee258ba901ad38107c5c6b5846f0,False,True
R0625,GG0033,CVB0030,REF0051,1,2,XGBoost,346ddaf5046939880747f8abfdd9d7bd219590954e73ecb9a4c5f431db560ccd,0.03248361870646477,predict_proba,9eb1905b0d2d4dff99236976201e564cbe25ee258ba901ad38107c5c6b5846f0,False,True
R0626,GG0033,CVB0030,REF0051,1,2,XGBoost,346ddaf5046939880747f8abfdd9d7bd219590954e73ecb9a4c5f431db560ccd,0.005811032373458147,predict_proba,9eb1905b0d2d4dff99236976201e564cbe25ee258ba901ad38107c5c6b5846f0,False,True
R0627,GG0033,CVB0030,REF0051,1,2,XGBoost,346ddaf5046939880747f8abfdd9d7bd219590954e73ecb9a4c5f431db560ccd,0.13760650157928467,predict_proba,9eb1905b0d2d4dff99236976201e564cbe25ee258ba901ad38107c5c6b5846f0,False,True
R0737,GG0021,CVB0010,REF0057,1,2,XGBoost,346ddaf5046939880747f8abfdd9d7bd219590954e73ecb9a4c5f431db560ccd,0.08528979867696762,predict_proba,9eb1905b0d2d4dff99236976201e564cbe25ee258ba901ad38107c5c6b5846f0,True,True
R0738,GG0021,CVB0010,REF0057,1,2,XGBoost,346ddaf5046939880747f8abfdd9d7bd219590954e73ecb9a4c5f431db560ccd,0.48338761925697327,predict_proba,9eb1905b0d2d4dff99236976201e564cbe25ee258ba901ad38107c5c6b5846f0,True,True
R0739,GG0021,CVB0010,REF0057,1,2,XGBoost,346ddaf5046939880747f8abfdd9d7bd219590954e73ecb9a4c5f431db560ccd,0.5121886730194092,predict_proba,9eb1905b0d2d4dff99236976201e564cbe25ee258ba901ad38107c5c6b5846f0,True,True
R0740,GG0021,CVB0010,REF0057,1,2,XGBoost,346ddaf5046939880747f8abfdd9d7bd219590954e73ecb9a4c5f431db560ccd,0.9539538025856018,predict_proba,9eb1905b0d2d4dff99236976201e564cbe25ee258ba901ad38107c5c6b5846f0,True,True
R0741,GG0021,CVB0010,REF0057,1,2,XGBoost,346ddaf5046939880747f8abfdd9d7bd219590954e73ecb9a4c5f431db560ccd,0.9721530079841614,predict_proba,9eb1905b0d2d4dff99236976201e564cbe25ee258ba901ad38107c5c6b5846f0,True,True
R0742,GG0021,CVB0010,REF0057,1,2,XGBoost,346ddaf5046939880747f8abfdd9d7bd219590954e73ecb9a4c5f431db560ccd,0.9755515456199646,predict_proba,9eb1905b0d2d4dff99236976201e564cbe25ee258ba901ad38107c5c6b5846f0,True,True
R0743,GG0021,CVB0010,REF0057,1,2,XGBoost,346ddaf5046939880747f8abfdd9d7bd219590954e73ecb9a4c5f431db560ccd,0.9121620655059814,predict_proba,9eb1905b0d2d4dff99236976201e564cbe25ee258ba901ad38107c5c6b5846f0,True,True
R0744,GG0021,CVB0010,REF0057,1,2,XGBoost,346ddaf5046939880747f8abfdd9d7bd219590954e73ecb9a4c5f431db560ccd,0.9886884093284607,predict_proba,9eb1905b0d2d4dff99236976201e564cbe25ee258ba901ad38107c5c6b5846f0,True,True
R0745,GG0021,CVB0010,REF0058,1,2,XGBoost,346ddaf5046939880747f8abfdd9d7bd219590954e73ecb9a4c5f431db560ccd,0.0011541233398020267,predict_proba,9eb1905b0d2d4dff99236976201e564cbe25ee258ba901ad38107c5c6b5846f0,True,True
R0746,GG0021,CVB0010,REF0058,1,2,XGBoost,346ddaf5046939880747f8abfdd9d7bd219590954e73ecb9a4c5f431db560ccd,0.0037846395280212164,predict_proba,9eb1905b0d2d4dff99236976201e564cbe25ee258ba901ad38107c5c6b5846f0,True,True
R0747,GG0021,CVB0010,REF0058,1,2,XGBoost,346ddaf5046939880747f8abfdd9d7bd219590954e73ecb9a4c5f431db560ccd,0.0004641827254090458,predict_proba,9eb1905b0d2d4dff99236976201e564cbe25ee258ba901ad38107c5c6b5846f0,True,True
R0748,GG0021,CVB0010,REF0058,1,2,XGBoost,346ddaf5046939880747f8abfdd9d7bd219590954e73ecb9a4c5f431db560ccd,0.21354398131370544,predict_proba,9eb1905b0d2d4dff99236976201e564cbe25ee258ba901ad38107c5c6b5846f0,True,True
R0754,GG0021,CVB0010,REF0059,1,2,XGBoost,346ddaf5046939880747f8abfdd9d7bd219590954e73ecb9a4c5f431db560ccd,0.9008136987686157,predict_proba,9eb1905b0d2d4dff99236976201e564cbe25ee258ba901ad38107c5c6b5846f0,True,True
R0755,GG0021,CVB0010,REF0059,1,2,XGBoost,346ddaf5046939880747f8abfdd9d7bd219590954e73ecb9a4c5f431db560ccd,0.3338775038719177,predict_proba,9eb1905b0d2d4dff99236976201e564cbe25ee258ba901ad38107c5c6b5846f0,True,True
R0756,GG0021,CVB0010,REF0059,1,2,XGBoost,346ddaf5046939880747f8abfdd9d7bd219590954e73ecb9a4c5f431db560ccd,0.881244421005249,predict_proba,9eb1905b0d2d4dff99236976201e564cbe25ee258ba901ad38107c5c6b5846f0,True,True
R0757,GG0021,CVB0010,REF0059,1,2,XGBoost,346ddaf5046939880747f8abfdd9d7bd219590954e73ecb9a4c5f431db560ccd,0.975272536277771,predict_proba,9eb1905b0d2d4dff99236976201e564cbe25ee258ba901ad38107c5c6b5846f0,True,True
R0846,GG0033,CVB0030,REF0069,1,2,XGBoost,346ddaf5046939880747f8abfdd9d7bd219590954e73ecb9a4c5f431db560ccd,0.7035849690437317,predict_proba,9eb1905b0d2d4dff99236976201e564cbe25ee258ba901ad38107c5c6b5846f0,False,True
R0847,GG0033,CVB0030,REF0069,1,2,XGBoost,346ddaf5046939880747f8abfdd9d7bd219590954e73ecb9a4c5f431db560ccd,0.9724550247192383,predict_proba,9eb1905b0d2d4dff99236976201e564cbe25ee258ba901ad38107c5c6b5846f0,False,True
R0848,GG0033,CVB0030,REF0069,1,2,XGBoost,346ddaf5046939880747f8abfdd9d7bd219590954e73ecb9a4c5f431db560ccd,0.1823340654373169,predict_proba,9eb1905b0d2d4dff99236976201e564cbe25ee258ba901ad38107c5c6b5846f0,False,True
R0849,GG0033,CVB0030,REF0069,1,2,XGBoost,346ddaf5046939880747f8abfdd9d7bd219590954e73ecb9a4c5f431db560ccd,0.44460660219192505,predict_proba,9eb1905b0d2d4dff99236976201e564cbe25ee258ba901ad38107c5c6b5846f0,False,True
R0850,GG0033,CVB0030,REF0069,1,2,XGBoost,346ddaf5046939880747f8abfdd9d7bd219590954e73ecb9a4c5f431db560ccd,0.9066491723060608,predict_proba,9eb1905b0d2d4dff99236976201e564cbe25ee258ba901ad38107c5c6b5846f0,False,True
R0851,GG0033,CVB0030,REF0069,1,2,XGBoost,346ddaf5046939880747f8abfdd9d7bd219590954e73ecb9a4c5f431db560ccd,0.4835512340068817,predict_proba,9eb1905b0d2d4dff99236976201e564cbe25ee258ba901ad38107c5c6b5846f0,False,True
R0852,GG0033,CVB0030,REF0069,1,2,XGBoost,346ddaf5046939880747f8abfdd9d7bd219590954e73ecb9a4c5f431db560ccd,0.9768534898757935,predict_proba,9eb1905b0d2d4dff99236976201e564cbe25ee258ba901ad38107c5c6b5846f0,False,True
R0853,GG0033,CVB0030,REF0069,1,2,XGBoost,346ddaf5046939880747f8abfdd9d7bd219590954e73ecb9a4c5f431db560ccd,0.9793980717658997,predict_proba,9eb1905b0d2d4dff99236976201e564cbe25ee258ba901ad38107c5c6b5846f0,False,True
R0854,GG0033,CVB0030,REF0069,1,2,XGBoost,346ddaf5046939880747f8abfdd9d7bd219590954e73ecb9a4c5f431db560ccd,0.9928043484687805,predict_proba,9eb1905b0d2d4dff99236976201e564cbe25ee258ba901ad38107c5c6b5846f0,False,True
R0855,GG0033,CVB0030,REF0069,1,2,XGBoost,346ddaf5046939880747f8abfdd9d7bd219590954e73ecb9a4c5f431db560ccd,0.08532730489969254,predict_proba,9eb1905b0d2d4dff99236976201e564cbe25ee258ba901ad38107c5c6b5846f0,False,True
R0866,GG0033,CVB0030,REF0071,1,2,XGBoost,346ddaf5046939880747f8abfdd9d7bd219590954e73ecb9a4c5f431db560ccd,0.0008232032996602356,predict_proba,9eb1905b0d2d4dff99236976201e564cbe25ee258ba901ad38107c5c6b5846f0,False,True
R0867,GG0033,CVB0030,REF0071,1,2,XGBoost,346ddaf5046939880747f8abfdd9d7bd219590954e73ecb9a4c5f431db560ccd,0.6225304007530212,predict_proba,9eb1905b0d2d4dff99236976201e564cbe25ee258ba901ad38107c5c6b5846f0,False,True
R0870,GG0033,CVB0030,REF0071,1,2,XGBoost,346ddaf5046939880747f8abfdd9d7bd219590954e73ecb9a4c5f431db560ccd,0.0003019356227014214,predict_proba,9eb1905b0d2d4dff99236976201e564cbe25ee258ba901ad38107c5c6b5846f0,False,True
R0871,GG0033,CVB0030,REF0071,1,2,XGBoost,346ddaf5046939880747f8abfdd9d7bd219590954e73ecb9a4c5f431db560ccd,0.00480748200789094,predict_proba,9eb1905b0d2d4dff99236976201e564cbe25ee258ba901ad38107c5c6b5846f0,False,True
R0872,GG0033,CVB0030,REF0071,1,2,XGBoost,346ddaf5046939880747f8abfdd9d7bd219590954e73ecb9a4c5f431db560ccd,0.019771598279476166,predict_proba,9eb1905b0d2d4dff99236976201e564cbe25ee258ba901ad38107c5c6b5846f0,False,True
R0873,GG0033,CVB0030,REF0071,1,2,XGBoost,346ddaf5046939880747f8abfdd9d7bd219590954e73ecb9a4c5f431db560ccd,0.06814861297607422,predict_proba,9eb1905b0d2d4dff99236976201e564cbe25ee258ba901ad38107c5c6b5846f0,False,True
R0874,GG0033,CVB0030,REF0071,1,2,XGBoost,346ddaf5046939880747f8abfdd9d7bd219590954e73ecb9a4c5f431db560ccd,0.0008151030633598566,predict_proba,9eb1905b0d2d4dff99236976201e564cbe25ee258ba901ad38107c5c6b5846f0,False,True
R0875,GG0033,CVB0030,REF0071,1,2,XGBoost,346ddaf5046939880747f8abfdd9d7bd219590954e73ecb9a4c5f431db560ccd,0.0057697962038218975,predict_proba,9eb1905b0d2d4dff99236976201e564cbe25ee258ba901ad38107c5c6b5846f0,False,True
R0876,GG0033,CVB0030,REF0071,1,2,XGBoost,346ddaf5046939880747f8abfdd9d7bd219590954e73ecb9a4c5f431db560ccd,0.00622971449047327,predict_proba,9eb1905b0d2d4dff99236976201e564cbe25ee258ba901ad38107c5c6b5846f0,False,True
R0877,GG0033,CVB0030,REF0071,1,2,XGBoost,346ddaf5046939880747f8abfdd9d7bd219590954e73ecb9a4c5f431db560ccd,0.4831380546092987,predict_proba,9eb1905b0d2d4dff99236976201e564cbe25ee258ba901ad38107c5c6b5846f0,False,True
R0878,GG0033,CVB0030,REF0071,1,2,XGBoost,346ddaf5046939880747f8abfdd9d7bd219590954e73ecb9a4c5f431db560ccd,0.5813709497451782,predict_proba,9eb1905b0d2d4dff99236976201e564cbe25ee258ba901ad38107c5c6b5846f0,False,True
R0934,GG0011,CVB0011,REF0077,1,2,XGBoost,346ddaf5046939880747f8abfdd9d7bd219590954e73ecb9a4c5f431db560ccd,0.6851893663406372,predict_proba,9eb1905b0d2d4dff99236976201e564cbe25ee258ba901ad38107c5c6b5846f0,False,True
R0935,GG0011,CVB0011,REF0077,1,2,XGBoost,346ddaf5046939880747f8abfdd9d7bd219590954e73ecb9a4c5f431db560ccd,0.8430992364883423,predict_proba,9eb1905b0d2d4dff99236976201e564cbe25ee258ba901ad38107c5c6b5846f0,False,True
R0936,GG0011,CVB0011,REF0077,1,2,XGBoost,346ddaf5046939880747f8abfdd9d7bd219590954e73ecb9a4c5f431db560ccd,0.45620936155319214,predict_proba,9eb1905b0d2d4dff99236976201e564cbe25ee258ba901ad38107c5c6b5846f0,False,True
R0937,GG0011,CVB0011,REF0077,1,2,XGBoost,346ddaf5046939880747f8abfdd9d7bd219590954e73ecb9a4c5f431db560ccd,0.8669573068618774,predict_proba,9eb1905b0d2d4dff99236976201e564cbe25ee258ba901ad38107c5c6b5846f0,False,True
R0938,GG0011,CVB0011,REF0077,1,2,XGBoost,346ddaf5046939880747f8abfdd9d7bd219590954e73ecb9a4c5f431db560ccd,0.287326455116272,predict_proba,9eb1905b0d2d4dff99236976201e564cbe25ee258ba901ad38107c5c6b5846f0,False,True
R0939,GG0011,CVB0011,REF0077,1,2,XGBoost,346ddaf5046939880747f8abfdd9d7bd219590954e73ecb9a4c5f431db560ccd,0.8558745384216309,predict_proba,9eb1905b0d2d4dff99236976201e564cbe25ee258ba901ad38107c5c6b5846f0,False,True
R0940,GG0011,CVB0011,REF0077,1,2,XGBoost,346ddaf5046939880747f8abfdd9d7bd219590954e73ecb9a4c5f431db560ccd,0.581882119178772,predict_proba,9eb1905b0d2d4dff99236976201e564cbe25ee258ba901ad38107c5c6b5846f0,False,True
R0941,GG0011,CVB0011,REF0077,1,2,XGBoost,346ddaf5046939880747f8abfdd9d7bd219590954e73ecb9a4c5f431db560ccd,0.022335372865200043,predict_proba,9eb1905b0d2d4dff99236976201e564cbe25ee258ba901ad38107c5c6b5846f0,False,True
R0942,GG0011,CVB0011,REF0077,1,2,XGBoost,346ddaf5046939880747f8abfdd9d7bd219590954e73ecb9a4c5f431db560ccd,0.06936806440353394,predict_proba,9eb1905b0d2d4dff99236976201e564cbe25ee258ba901ad38107c5c6b5846f0,False,True
R0943,GG0011,CVB0011,REF0077,1,2,XGBoost,346ddaf5046939880747f8abfdd9d7bd219590954e73ecb9a4c5f431db560ccd,0.09277433156967163,predict_proba,9eb1905b0d2d4dff99236976201e564cbe25ee258ba901ad38107c5c6b5846f0,False,True
R1000,GG0022,CVB0019,REF0084,1,2,XGBoost,346ddaf5046939880747f8abfdd9d7bd219590954e73ecb9a4c5f431db560ccd,0.9271985292434692,predict_proba,9eb1905b0d2d4dff99236976201e564cbe25ee258ba901ad38107c5c6b5846f0,False,True
R1001,GG0022,CVB0019,REF0084,1,2,XGBoost,346ddaf5046939880747f8abfdd9d7bd219590954e73ecb9a4c5f431db560ccd,0.9474497437477112,predict_proba,9eb1905b0d2d4dff99236976201e564cbe25ee258ba901ad38107c5c6b5846f0,False,True
R1002,GG0022,CVB0019,REF0084,1,2,XGBoost,346ddaf5046939880747f8abfdd9d7bd219590954e73ecb9a4c5f431db560ccd,0.15001152455806732,predict_proba,9eb1905b0d2d4dff99236976201e564cbe25ee258ba901ad38107c5c6b5846f0,False,True
R1003,GG0022,CVB0019,REF0084,1,2,XGBoost,346ddaf5046939880747f8abfdd9d7bd219590954e73ecb9a4c5f431db560ccd,0.24079588055610657,predict_proba,9eb1905b0d2d4dff99236976201e564cbe25ee258ba901ad38107c5c6b5846f0,False,True
R1004,GG0022,CVB0019,REF0084,1,2,XGBoost,346ddaf5046939880747f8abfdd9d7bd219590954e73ecb9a4c5f431db560ccd,0.9949063062667847,predict_proba,9eb1905b0d2d4dff99236976201e564cbe25ee258ba901ad38107c5c6b5846f0,False,True
R1005,GG0022,CVB0019,REF0084,1,2,XGBoost,346ddaf5046939880747f8abfdd9d7bd219590954e73ecb9a4c5f431db560ccd,0.0013442181516438723,predict_proba,9eb1905b0d2d4dff99236976201e564cbe25ee258ba901ad38107c5c6b5846f0,False,True
R1411,GG0011,CVB0011,REF0110,1,2,XGBoost,346ddaf5046939880747f8abfdd9d7bd219590954e73ecb9a4c5f431db560ccd,0.00408506765961647,predict_proba,9eb1905b0d2d4dff99236976201e564cbe25ee258ba901ad38107c5c6b5846f0,False,True
R1412,GG0011,CVB0011,REF0110,1,2,XGBoost,346ddaf5046939880747f8abfdd9d7bd219590954e73ecb9a4c5f431db560ccd,0.005330303683876991,predict_proba,9eb1905b0d2d4dff99236976201e564cbe25ee258ba901ad38107c5c6b5846f0,False,True
R1413,GG0011,CVB0011,REF0110,1,2,XGBoost,346ddaf5046939880747f8abfdd9d7bd219590954e73ecb9a4c5f431db560ccd,0.000993396039120853,predict_proba,9eb1905b0d2d4dff99236976201e564cbe25ee258ba901ad38107c5c6b5846f0,False,True
R1414,GG0011,CVB0011,REF0110,1,2,XGBoost,346ddaf5046939880747f8abfdd9d7bd219590954e73ecb9a4c5f431db560ccd,0.0073198359459638596,predict_proba,9eb1905b0d2d4dff99236976201e564cbe25ee258ba901ad38107c5c6b5846f0,False,True
R1415,GG0011,CVB0011,REF0110,1,2,XGBoost,346ddaf5046939880747f8abfdd9d7bd219590954e73ecb9a4c5f431db560ccd,0.021651599556207657,predict_proba,9eb1905b0d2d4dff99236976201e564cbe25ee258ba901ad38107c5c6b5846f0,False,True
R1416,GG0011,CVB0011,REF0110,1,2,XGBoost,346ddaf5046939880747f8abfdd9d7bd219590954e73ecb9a4c5f431db560ccd,0.0007494111196137965,predict_proba,9eb1905b0d2d4dff99236976201e564cbe25ee258ba901ad38107c5c6b5846f0,False,True
R1417,GG0011,CVB0011,REF0110,1,2,XGBoost,346ddaf5046939880747f8abfdd9d7bd219590954e73ecb9a4c5f431db560ccd,0.002438960364088416,predict_proba,9eb1905b0d2d4dff99236976201e564cbe25ee258ba901ad38107c5c6b5846f0,False,True
R1418,GG0011,CVB0011,REF0110,1,2,XGBoost,346ddaf5046939880747f8abfdd9d7bd219590954e73ecb9a4c5f431db560ccd,0.004282655194401741,predict_proba,9eb1905b0d2d4dff99236976201e564cbe25ee258ba901ad38107c5c6b5846f0,False,True
R1419,GG0011,CVB0011,REF0110,1,2,XGBoost,346ddaf5046939880747f8abfdd9d7bd219590954e73ecb9a4c5f431db560ccd,0.001201534178107977,predict_proba,9eb1905b0d2d4dff99236976201e564cbe25ee258ba901ad38107c5c6b5846f0,False,True
R1420,GG0011,CVB0011,REF0110,1,2,XGBoost,346ddaf5046939880747f8abfdd9d7bd219590954e73ecb9a4c5f431db560ccd,0.0037311974447220564,predict_proba,9eb1905b0d2d4dff99236976201e564cbe25ee258ba901ad38107c5c6b5846f0,False,True
R1421,GG0011,CVB0011,REF0110,1,2,XGBoost,346ddaf5046939880747f8abfdd9d7bd219590954e73ecb9a4c5f431db560ccd,0.07579903304576874,predict_proba,9eb1905b0d2d4dff99236976201e564cbe25ee258ba901ad38107c5c6b5846f0,False,True
R1422,GG0011,CVB0011,REF0110,1,2,XGBoost,346ddaf5046939880747f8abfdd9d7bd219590954e73ecb9a4c5f431db560ccd,0.17710646986961365,predict_proba,9eb1905b0d2d4dff99236976201e564cbe25ee258ba901ad38107c5c6b5846f0,False,True
R1423,GG0011,CVB0011,REF0110,1,2,XGBoost,346ddaf5046939880747f8abfdd9d7bd219590954e73ecb9a4c5f431db560ccd,0.4394776523113251,predict_proba,9eb1905b0d2d4dff99236976201e564cbe25ee258ba901ad38107c5c6b5846f0,False,True
R1424,GG0011,CVB0011,REF0110,1,2,XGBoost,346ddaf5046939880747f8abfdd9d7bd219590954e73ecb9a4c5f431db560ccd,0.9104925990104675,predict_proba,9eb1905b0d2d4dff99236976201e564cbe25ee258ba901ad38107c5c6b5846f0,False,True
R1425,GG0011,CVB0011,REF0110,1,2,XGBoost,346ddaf5046939880747f8abfdd9d7bd219590954e73ecb9a4c5f431db560ccd,0.25628525018692017,predict_proba,9eb1905b0d2d4dff99236976201e564cbe25ee258ba901ad38107c5c6b5846f0,False,True
R1426,GG0011,CVB0011,REF0110,1,2,XGBoost,346ddaf5046939880747f8abfdd9d7bd219590954e73ecb9a4c5f431db560ccd,0.12616965174674988,predict_proba,9eb1905b0d2d4dff99236976201e564cbe25ee258ba901ad38107c5c6b5846f0,False,True
R1427,GG0011,CVB0011,REF0110,1,2,XGBoost,346ddaf5046939880747f8abfdd9d7bd219590954e73ecb9a4c5f431db560ccd,0.5933709740638733,predict_proba,9eb1905b0d2d4dff99236976201e564cbe25ee258ba901ad38107c5c6b5846f0,False,True
R1428,GG0011,CVB0011,REF0110,1,2,XGBoost,346ddaf5046939880747f8abfdd9d7bd219590954e73ecb9a4c5f431db560ccd,0.14814148843288422,predict_proba,9eb1905b0d2d4dff99236976201e564cbe25ee258ba901ad38107c5c6b5846f0,False,True
R1429,GG0011,CVB0011,REF0110,1,2,XGBoost,346ddaf5046939880747f8abfdd9d7bd219590954e73ecb9a4c5f431db560ccd,0.0009537984151393175,predict_proba,9eb1905b0d2d4dff99236976201e564cbe25ee258ba901ad38107c5c6b5846f0,False,True
R1430,GG0011,CVB0011,REF0110,1,2,XGBoost,346ddaf5046939880747f8abfdd9d7bd219590954e73ecb9a4c5f431db560ccd,0.0036361594684422016,predict_proba,9eb1905b0d2d4dff99236976201e564cbe25ee258ba901ad38107c5c6b5846f0,False,True
R2142,GG0033,CVB0030,REF0155,1,2,XGBoost,346ddaf5046939880747f8abfdd9d7bd219590954e73ecb9a4c5f431db560ccd,0.1507243514060974,predict_proba,9eb1905b0d2d4dff99236976201e564cbe25ee258ba901ad38107c5c6b5846f0,False,True
R2143,GG0033,CVB0030,REF0155,1,2,XGBoost,346ddaf5046939880747f8abfdd9d7bd219590954e73ecb9a4c5f431db560ccd,0.5032514929771423,predict_proba,9eb1905b0d2d4dff99236976201e564cbe25ee258ba901ad38107c5c6b5846f0,False,True
R2144,GG0033,CVB0030,REF0155,1,2,XGBoost,346ddaf5046939880747f8abfdd9d7bd219590954e73ecb9a4c5f431db560ccd,0.0007576520438306034,predict_proba,9eb1905b0d2d4dff99236976201e564cbe25ee258ba901ad38107c5c6b5846f0,False,True
R2145,GG0033,CVB0030,REF0155,1,2,XGBoost,346ddaf5046939880747f8abfdd9d7bd219590954e73ecb9a4c5f431db560ccd,0.09584421664476395,predict_proba,9eb1905b0d2d4dff99236976201e564cbe25ee258ba901ad38107c5c6b5846f0,False,True
R2146,GG0033,CVB0030,REF0155,1,2,XGBoost,346ddaf5046939880747f8abfdd9d7bd219590954e73ecb9a4c5f431db560ccd,0.235721156001091,predict_proba,9eb1905b0d2d4dff99236976201e564cbe25ee258ba901ad38107c5c6b5846f0,False,True
R2147,GG0033,CVB0030,REF0155,1,2,XGBoost,346ddaf5046939880747f8abfdd9d7bd219590954e73ecb9a4c5f431db560ccd,0.028210030868649483,predict_proba,9eb1905b0d2d4dff99236976201e564cbe25ee258ba901ad38107c5c6b5846f0,False,True
R2783,GG0017,CVB0007,REF0200,1,2,XGBoost,346ddaf5046939880747f8abfdd9d7bd219590954e73ecb9a4c5f431db560ccd,0.0297764353454113,predict_proba,9eb1905b0d2d4dff99236976201e564cbe25ee258ba901ad38107c5c6b5846f0,True,True
R2785,GG0017,CVB0007,REF0200,1,2,XGBoost,346ddaf5046939880747f8abfdd9d7bd219590954e73ecb9a4c5f431db560ccd,0.0589982308447361,predict_proba,9eb1905b0d2d4dff99236976201e564cbe25ee258ba901ad38107c5c6b5846f0,True,True
R2786,GG0017,CVB0007,REF0200,1,2,XGBoost,346ddaf5046939880747f8abfdd9d7bd219590954e73ecb9a4c5f431db560ccd,0.028461040928959846,predict_proba,9eb1905b0d2d4dff99236976201e564cbe25ee258ba901ad38107c5c6b5846f0,True,True
R2787,GG0017,CVB0007,REF0200,1,2,XGBoost,346ddaf5046939880747f8abfdd9d7bd219590954e73ecb9a4c5f431db560ccd,0.008204534649848938,predict_proba,9eb1905b0d2d4dff99236976201e564cbe25ee258ba901ad38107c5c6b5846f0,True,True
R2788,GG0017,CVB0007,REF0200,1,2,XGBoost,346ddaf5046939880747f8abfdd9d7bd219590954e73ecb9a4c5f431db560ccd,0.014623617753386497,predict_proba,9eb1905b0d2d4dff99236976201e564cbe25ee258ba901ad38107c5c6b5846f0,True,True
R2789,GG0017,CVB0007,REF0200,1,2,XGBoost,346ddaf5046939880747f8abfdd9d7bd219590954e73ecb9a4c5f431db560ccd,0.008195429109036922,predict_proba,9eb1905b0d2d4dff99236976201e564cbe25ee258ba901ad38107c5c6b5846f0,True,True
R2791,GG0017,CVB0007,REF0200,1,2,XGBoost,346ddaf5046939880747f8abfdd9d7bd219590954e73ecb9a4c5f431db560ccd,0.02494184859097004,predict_proba,9eb1905b0d2d4dff99236976201e564cbe25ee258ba901ad38107c5c6b5846f0,True,True
R2795,GG0017,CVB0007,REF0200,1,2,XGBoost,346ddaf5046939880747f8abfdd9d7bd219590954e73ecb9a4c5f431db560ccd,0.41681694984436035,predict_proba,9eb1905b0d2d4dff99236976201e564cbe25ee258ba901ad38107c5c6b5846f0,True,True
R2797,GG0017,CVB0007,REF0200,1,2,XGBoost,346ddaf5046939880747f8abfdd9d7bd219590954e73ecb9a4c5f431db560ccd,0.010863805189728737,predict_proba,9eb1905b0d2d4dff99236976201e564cbe25ee258ba901ad38107c5c6b5846f0,True,True
R2842,GG0021,CVB0010,REF0206,1,2,XGBoost,346ddaf5046939880747f8abfdd9d7bd219590954e73ecb9a4c5f431db560ccd,0.036746807396411896,predict_proba,9eb1905b0d2d4dff99236976201e564cbe25ee258ba901ad38107c5c6b5846f0,True,True
R2843,GG0021,CVB0010,REF0206,1,2,XGBoost,346ddaf5046939880747f8abfdd9d7bd219590954e73ecb9a4c5f431db560ccd,0.009938149712979794,predict_proba,9eb1905b0d2d4dff99236976201e564cbe25ee258ba901ad38107c5c6b5846f0,True,True
R2844,GG0021,CVB0010,REF0206,1,2,XGBoost,346ddaf5046939880747f8abfdd9d7bd219590954e73ecb9a4c5f431db560ccd,0.05202864110469818,predict_proba,9eb1905b0d2d4dff99236976201e564cbe25ee258ba901ad38107c5c6b5846f0,True,True
R2845,GG0021,CVB0010,REF0206,1,2,XGBoost,346ddaf5046939880747f8abfdd9d7bd219590954e73ecb9a4c5f431db560ccd,0.5012502670288086,predict_proba,9eb1905b0d2d4dff99236976201e564cbe25ee258ba901ad38107c5c6b5846f0,True,True
R2846,GG0021,CVB0010,REF0206,1,2,XGBoost,346ddaf5046939880747f8abfdd9d7bd219590954e73ecb9a4c5f431db560ccd,0.9448075294494629,predict_proba,9eb1905b0d2d4dff99236976201e564cbe25ee258ba901ad38107c5c6b5846f0,True,True
R2847,GG0021,CVB0010,REF0206,1,2,XGBoost,346ddaf5046939880747f8abfdd9d7bd219590954e73ecb9a4c5f431db560ccd,0.4988654553890228,predict_proba,9eb1905b0d2d4dff99236976201e564cbe25ee258ba901ad38107c5c6b5846f0,True,True
R2848,GG0021,CVB0010,REF0206,1,2,XGBoost,346ddaf5046939880747f8abfdd9d7bd219590954e73ecb9a4c5f431db560ccd,0.11237115412950516,predict_proba,9eb1905b0d2d4dff99236976201e564cbe25ee258ba901ad38107c5c6b5846f0,True,True
R2849,GG0021,CVB0010,REF0206,1,2,XGBoost,346ddaf5046939880747f8abfdd9d7bd219590954e73ecb9a4c5f431db560ccd,0.9663522243499756,predict_proba,9eb1905b0d2d4dff99236976201e564cbe25ee258ba901ad38107c5c6b5846f0,True,True
R2858,GG0021,CVB0010,REF0208,1,2,XGBoost,346ddaf5046939880747f8abfdd9d7bd219590954e73ecb9a4c5f431db560ccd,0.9729223847389221,predict_proba,9eb1905b0d2d4dff99236976201e564cbe25ee258ba901ad38107c5c6b5846f0,True,True
R2859,GG0021,CVB0010,REF0208,1,2,XGBoost,346ddaf5046939880747f8abfdd9d7bd219590954e73ecb9a4c5f431db560ccd,0.9862354397773743,predict_proba,9eb1905b0d2d4dff99236976201e564cbe25ee258ba901ad38107c5c6b5846f0,True,True
R2860,GG0021,CVB0010,REF0208,1,2,XGBoost,346ddaf5046939880747f8abfdd9d7bd219590954e73ecb9a4c5f431db560ccd,0.9672543406486511,predict_proba,9eb1905b0d2d4dff99236976201e564cbe25ee258ba901ad38107c5c6b5846f0,True,True
R2861,GG0021,CVB0010,REF0208,1,2,XGBoost,346ddaf5046939880747f8abfdd9d7bd219590954e73ecb9a4c5f431db560ccd,0.9924984574317932,predict_proba,9eb1905b0d2d4dff99236976201e564cbe25ee258ba901ad38107c5c6b5846f0,True,True
R2862,GG0021,CVB0010,REF0208,1,2,XGBoost,346ddaf5046939880747f8abfdd9d7bd219590954e73ecb9a4c5f431db560ccd,0.9934509992599487,predict_proba,9eb1905b0d2d4dff99236976201e564cbe25ee258ba901ad38107c5c6b5846f0,True,True
R2863,GG0021,CVB0010,REF0208,1,2,XGBoost,346ddaf5046939880747f8abfdd9d7bd219590954e73ecb9a4c5f431db560ccd,0.9674033522605896,predict_proba,9eb1905b0d2d4dff99236976201e564cbe25ee258ba901ad38107c5c6b5846f0,True,True
R2864,GG0021,CVB0010,REF0208,1,2,XGBoost,346ddaf5046939880747f8abfdd9d7bd219590954e73ecb9a4c5f431db560ccd,0.2777029275894165,predict_proba,9eb1905b0d2d4dff99236976201e564cbe25ee258ba901ad38107c5c6b5846f0,True,True
R2869,GG0021,CVB0010,REF0209,1,2,XGBoost,346ddaf5046939880747f8abfdd9d7bd219590954e73ecb9a4c5f431db560ccd,0.869743824005127,predict_proba,9eb1905b0d2d4dff99236976201e564cbe25ee258ba901ad38107c5c6b5846f0,True,True
R2870,GG0021,CVB0010,REF0209,1,2,XGBoost,346ddaf5046939880747f8abfdd9d7bd219590954e73ecb9a4c5f431db560ccd,0.9954143762588501,predict_proba,9eb1905b0d2d4dff99236976201e564cbe25ee258ba901ad38107c5c6b5846f0,True,True
R2871,GG0021,CVB0010,REF0209,1,2,XGBoost,346ddaf5046939880747f8abfdd9d7bd219590954e73ecb9a4c5f431db560ccd,0.9631368517875671,predict_proba,9eb1905b0d2d4dff99236976201e564cbe25ee258ba901ad38107c5c6b5846f0,True,True
R2872,GG0021,CVB0010,REF0209,1,2,XGBoost,346ddaf5046939880747f8abfdd9d7bd219590954e73ecb9a4c5f431db560ccd,0.9830657243728638,predict_proba,9eb1905b0d2d4dff99236976201e564cbe25ee258ba901ad38107c5c6b5846f0,True,True
R2875,GG0021,CVB0010,REF0209,1,2,XGBoost,346ddaf5046939880747f8abfdd9d7bd219590954e73ecb9a4c5f431db560ccd,0.8630994558334351,predict_proba,9eb1905b0d2d4dff99236976201e564cbe25ee258ba901ad38107c5c6b5846f0,True,True
R0015,GG0021,CVB0010,REF0003,1,3,XGBoost,ef4f82564a9ba494f340b55224365edc9cfc5cba40b00edea526e21aa7f8439a,0.7197452783584595,predict_proba,9eb1905b0d2d4dff99236976201e564cbe25ee258ba901ad38107c5c6b5846f0,True,True
R0016,GG0021,CVB0010,REF0003,1,3,XGBoost,ef4f82564a9ba494f340b55224365edc9cfc5cba40b00edea526e21aa7f8439a,0.7793092131614685,predict_proba,9eb1905b0d2d4dff99236976201e564cbe25ee258ba901ad38107c5c6b5846f0,True,True
R0017,GG0021,CVB0010,REF0003,1,3,XGBoost,ef4f82564a9ba494f340b55224365edc9cfc5cba40b00edea526e21aa7f8439a,0.8460254669189453,predict_proba,9eb1905b0d2d4dff99236976201e564cbe25ee258ba901ad38107c5c6b5846f0,True,True
R0018,GG0021,CVB0010,REF0003,1,3,XGBoost,ef4f82564a9ba494f340b55224365edc9cfc5cba40b00edea526e21aa7f8439a,0.6001604199409485,predict_proba,9eb1905b0d2d4dff99236976201e564cbe25ee258ba901ad38107c5c6b5846f0,True,True
R0019,GG0021,CVB0010,REF0003,1,3,XGBoost,ef4f82564a9ba494f340b55224365edc9cfc5cba40b00edea526e21aa7f8439a,0.07663343101739883,predict_proba,9eb1905b0d2d4dff99236976201e564cbe25ee258ba901ad38107c5c6b5846f0,True,True
R0020,GG0021,CVB0010,REF0003,1,3,XGBoost,ef4f82564a9ba494f340b55224365edc9cfc5cba40b00edea526e21aa7f8439a,0.8539107441902161,predict_proba,9eb1905b0d2d4dff99236976201e564cbe25ee258ba901ad38107c5c6b5846f0,True,True
R0021,GG0021,CVB0010,REF0003,1,3,XGBoost,ef4f82564a9ba494f340b55224365edc9cfc5cba40b00edea526e21aa7f8439a,0.8875257968902588,predict_proba,9eb1905b0d2d4dff99236976201e564cbe25ee258ba901ad38107c5c6b5846f0,True,True
R0022,GG0021,CVB0010,REF0003,1,3,XGBoost,ef4f82564a9ba494f340b55224365edc9cfc5cba40b00edea526e21aa7f8439a,0.16653960943222046,predict_proba,9eb1905b0d2d4dff99236976201e564cbe25ee258ba901ad38107c5c6b5846f0,True,True
R0023,GG0021,CVB0010,REF0003,1,3,XGBoost,ef4f82564a9ba494f340b55224365edc9cfc5cba40b00edea526e21aa7f8439a,0.07648080587387085,predict_proba,9eb1905b0d2d4dff99236976201e564cbe25ee258ba901ad38107c5c6b5846f0,True,True
R0024,GG0021,CVB0010,REF0003,1,3,XGBoost,ef4f82564a9ba494f340b55224365edc9cfc5cba40b00edea526e21aa7f8439a,0.7062769532203674,predict_proba,9eb1905b0d2d4dff99236976201e564cbe25ee258ba901ad38107c5c6b5846f0,True,True
R0025,GG0021,CVB0010,REF0003,1,3,XGBoost,ef4f82564a9ba494f340b55224365edc9cfc5cba40b00edea526e21aa7f8439a,0.5712832808494568,predict_proba,9eb1905b0d2d4dff99236976201e564cbe25ee258ba901ad38107c5c6b5846f0,True,True
R0026,GG0021,CVB0010,REF0003,1,3,XGBoost,ef4f82564a9ba494f340b55224365edc9cfc5cba40b00edea526e21aa7f8439a,0.4251802861690521,predict_proba,9eb1905b0d2d4dff99236976201e564cbe25ee258ba901ad38107c5c6b5846f0,True,True
R0027,GG0021,CVB0010,REF0003,1,3,XGBoost,ef4f82564a9ba494f340b55224365edc9cfc5cba40b00edea526e21aa7f8439a,0.27360475063323975,predict_proba,9eb1905b0d2d4dff99236976201e564cbe25ee258ba901ad38107c5c6b5846f0,True,True
R0028,GG0021,CVB0010,REF0003,1,3,XGBoost,ef4f82564a9ba494f340b55224365edc9cfc5cba40b00edea526e21aa7f8439a,0.17112533748149872,predict_proba,9eb1905b0d2d4dff99236976201e564cbe25ee258ba901ad38107c5c6b5846f0,True,True
R0029,GG0021,CVB0010,REF0004,1,3,XGBoost,ef4f82564a9ba494f340b55224365edc9cfc5cba40b00edea526e21aa7f8439a,0.9018532633781433,predict_proba,9eb1905b0d2d4dff99236976201e564cbe25ee258ba901ad38107c5c6b5846f0,True,True
R0030,GG0021,CVB0010,REF0004,1,3,XGBoost,ef4f82564a9ba494f340b55224365edc9cfc5cba40b00edea526e21aa7f8439a,0.8654299974441528,predict_proba,9eb1905b0d2d4dff99236976201e564cbe25ee258ba901ad38107c5c6b5846f0,True,True
R0031,GG0021,CVB0010,REF0004,1,3,XGBoost,ef4f82564a9ba494f340b55224365edc9cfc5cba40b00edea526e21aa7f8439a,0.8956329822540283,predict_proba,9eb1905b0d2d4dff99236976201e564cbe25ee258ba901ad38107c5c6b5846f0,True,True
R0032,GG0021,CVB0010,REF0004,1,3,XGBoost,ef4f82564a9ba494f340b55224365edc9cfc5cba40b00edea526e21aa7f8439a,0.6579198241233826,predict_proba,9eb1905b0d2d4dff99236976201e564cbe25ee258ba901ad38107c5c6b5846f0,True,True
R0033,GG0021,CVB0010,REF0004,1,3,XGBoost,ef4f82564a9ba494f340b55224365edc9cfc5cba40b00edea526e21aa7f8439a,0.9686592221260071,predict_proba,9eb1905b0d2d4dff99236976201e564cbe25ee258ba901ad38107c5c6b5846f0,True,True
R0034,GG0021,CVB0010,REF0004,1,3,XGBoost,ef4f82564a9ba494f340b55224365edc9cfc5cba40b00edea526e21aa7f8439a,0.7341741919517517,predict_proba,9eb1905b0d2d4dff99236976201e564cbe25ee258ba901ad38107c5c6b5846f0,True,True
R0035,GG0021,CVB0010,REF0004,1,3,XGBoost,ef4f82564a9ba494f340b55224365edc9cfc5cba40b00edea526e21aa7f8439a,0.41260695457458496,predict_proba,9eb1905b0d2d4dff99236976201e564cbe25ee258ba901ad38107c5c6b5846f0,True,True
R0036,GG0021,CVB0010,REF0004,1,3,XGBoost,ef4f82564a9ba494f340b55224365edc9cfc5cba40b00edea526e21aa7f8439a,0.9687690734863281,predict_proba,9eb1905b0d2d4dff99236976201e564cbe25ee258ba901ad38107c5c6b5846f0,True,True
R0037,GG0022,CVB0019,REF0005,1,3,XGBoost,ef4f82564a9ba494f340b55224365edc9cfc5cba40b00edea526e21aa7f8439a,0.08917967230081558,predict_proba,9eb1905b0d2d4dff99236976201e564cbe25ee258ba901ad38107c5c6b5846f0,False,True
R0038,GG0022,CVB0019,REF0005,1,3,XGBoost,ef4f82564a9ba494f340b55224365edc9cfc5cba40b00edea526e21aa7f8439a,0.4655854105949402,predict_proba,9eb1905b0d2d4dff99236976201e564cbe25ee258ba901ad38107c5c6b5846f0,False,True
R0039,GG0022,CVB0019,REF0005,1,3,XGBoost,ef4f82564a9ba494f340b55224365edc9cfc5cba40b00edea526e21aa7f8439a,0.054676614701747894,predict_proba,9eb1905b0d2d4dff99236976201e564cbe25ee258ba901ad38107c5c6b5846f0,False,True
R0040,GG0022,CVB0019,REF0005,1,3,XGBoost,ef4f82564a9ba494f340b55224365edc9cfc5cba40b00edea526e21aa7f8439a,0.5045337677001953,predict_proba,9eb1905b0d2d4dff99236976201e564cbe25ee258ba901ad38107c5c6b5846f0,False,True
R0041,GG0022,CVB0019,REF0005,1,3,XGBoost,ef4f82564a9ba494f340b55224365edc9cfc5cba40b00edea526e21aa7f8439a,0.13413721323013306,predict_proba,9eb1905b0d2d4dff99236976201e564cbe25ee258ba901ad38107c5c6b5846f0,False,True
R0042,GG0022,CVB0019,REF0005,1,3,XGBoost,ef4f82564a9ba494f340b55224365edc9cfc5cba40b00edea526e21aa7f8439a,0.1030651330947876,predict_proba,9eb1905b0d2d4dff99236976201e564cbe25ee258ba901ad38107c5c6b5846f0,False,True
R0043,GG0022,CVB0019,REF0005,1,3,XGBoost,ef4f82564a9ba494f340b55224365edc9cfc5cba40b00edea526e21aa7f8439a,0.11040057986974716,predict_proba,9eb1905b0d2d4dff99236976201e564cbe25ee258ba901ad38107c5c6b5846f0,False,True
R0044,GG0022,CVB0019,REF0005,1,3,XGBoost,ef4f82564a9ba494f340b55224365edc9cfc5cba40b00edea526e21aa7f8439a,0.35276684165000916,predict_proba,9eb1905b0d2d4dff99236976201e564cbe25ee258ba901ad38107c5c6b5846f0,False,True
R0045,GG0022,CVB0019,REF0005,1,3,XGBoost,ef4f82564a9ba494f340b55224365edc9cfc5cba40b00edea526e21aa7f8439a,0.9468551278114319,predict_proba,9eb1905b0d2d4dff99236976201e564cbe25ee258ba901ad38107c5c6b5846f0,False,True
R0046,GG0022,CVB0019,REF0005,1,3,XGBoost,ef4f82564a9ba494f340b55224365edc9cfc5cba40b00edea526e21aa7f8439a,0.8694919347763062,predict_proba,9eb1905b0d2d4dff99236976201e564cbe25ee258ba901ad38107c5c6b5846f0,False,True
R0047,GG0022,CVB0019,REF0005,1,3,XGBoost,ef4f82564a9ba494f340b55224365edc9cfc5cba40b00edea526e21aa7f8439a,0.6165990233421326,predict_proba,9eb1905b0d2d4dff99236976201e564cbe25ee258ba901ad38107c5c6b5846f0,False,True
R0048,GG0022,CVB0019,REF0005,1,3,XGBoost,ef4f82564a9ba494f340b55224365edc9cfc5cba40b00edea526e21aa7f8439a,0.7989538311958313,predict_proba,9eb1905b0d2d4dff99236976201e564cbe25ee258ba901ad38107c5c6b5846f0,False,True
R0060,GG0021,CVB0010,REF0008,1,3,XGBoost,ef4f82564a9ba494f340b55224365edc9cfc5cba40b00edea526e21aa7f8439a,0.0014355198945850134,predict_proba,9eb1905b0d2d4dff99236976201e564cbe25ee258ba901ad38107c5c6b5846f0,True,True
R0061,GG0021,CVB0010,REF0008,1,3,XGBoost,ef4f82564a9ba494f340b55224365edc9cfc5cba40b00edea526e21aa7f8439a,0.4824945628643036,predict_proba,9eb1905b0d2d4dff99236976201e564cbe25ee258ba901ad38107c5c6b5846f0,True,True
R0062,GG0021,CVB0010,REF0008,1,3,XGBoost,ef4f82564a9ba494f340b55224365edc9cfc5cba40b00edea526e21aa7f8439a,0.9710690379142761,predict_proba,9eb1905b0d2d4dff99236976201e564cbe25ee258ba901ad38107c5c6b5846f0,True,True
R0063,GG0021,CVB0010,REF0008,1,3,XGBoost,ef4f82564a9ba494f340b55224365edc9cfc5cba40b00edea526e21aa7f8439a,0.21670404076576233,predict_proba,9eb1905b0d2d4dff99236976201e564cbe25ee258ba901ad38107c5c6b5846f0,True,True
R0064,GG0021,CVB0010,REF0008,1,3,XGBoost,ef4f82564a9ba494f340b55224365edc9cfc5cba40b00edea526e21aa7f8439a,0.6237296462059021,predict_proba,9eb1905b0d2d4dff99236976201e564cbe25ee258ba901ad38107c5c6b5846f0,True,True
R0065,GG0021,CVB0010,REF0008,1,3,XGBoost,ef4f82564a9ba494f340b55224365edc9cfc5cba40b00edea526e21aa7f8439a,0.37043827772140503,predict_proba,9eb1905b0d2d4dff99236976201e564cbe25ee258ba901ad38107c5c6b5846f0,True,True
R0066,GG0021,CVB0010,REF0008,1,3,XGBoost,ef4f82564a9ba494f340b55224365edc9cfc5cba40b00edea526e21aa7f8439a,0.2794334590435028,predict_proba,9eb1905b0d2d4dff99236976201e564cbe25ee258ba901ad38107c5c6b5846f0,True,True
R0067,GG0021,CVB0010,REF0008,1,3,XGBoost,ef4f82564a9ba494f340b55224365edc9cfc5cba40b00edea526e21aa7f8439a,0.2639711797237396,predict_proba,9eb1905b0d2d4dff99236976201e564cbe25ee258ba901ad38107c5c6b5846f0,True,True
R0068,GG0021,CVB0010,REF0008,1,3,XGBoost,ef4f82564a9ba494f340b55224365edc9cfc5cba40b00edea526e21aa7f8439a,0.7716671228408813,predict_proba,9eb1905b0d2d4dff99236976201e564cbe25ee258ba901ad38107c5c6b5846f0,True,True
R0069,GG0021,CVB0010,REF0008,1,3,XGBoost,ef4f82564a9ba494f340b55224365edc9cfc5cba40b00edea526e21aa7f8439a,0.27654024958610535,predict_proba,9eb1905b0d2d4dff99236976201e564cbe25ee258ba901ad38107c5c6b5846f0,True,True
R0070,GG0021,CVB0010,REF0008,1,3,XGBoost,ef4f82564a9ba494f340b55224365edc9cfc5cba40b00edea526e21aa7f8439a,0.49035507440567017,predict_proba,9eb1905b0d2d4dff99236976201e564cbe25ee258ba901ad38107c5c6b5846f0,True,True
R0071,GG0021,CVB0010,REF0008,1,3,XGBoost,ef4f82564a9ba494f340b55224365edc9cfc5cba40b00edea526e21aa7f8439a,0.37425997853279114,predict_proba,9eb1905b0d2d4dff99236976201e564cbe25ee258ba901ad38107c5c6b5846f0,True,True
R0072,GG0021,CVB0010,REF0008,1,3,XGBoost,ef4f82564a9ba494f340b55224365edc9cfc5cba40b00edea526e21aa7f8439a,0.7965697050094604,predict_proba,9eb1905b0d2d4dff99236976201e564cbe25ee258ba901ad38107c5c6b5846f0,True,True
R0073,GG0021,CVB0010,REF0008,1,3,XGBoost,ef4f82564a9ba494f340b55224365edc9cfc5cba40b00edea526e21aa7f8439a,0.7885791063308716,predict_proba,9eb1905b0d2d4dff99236976201e564cbe25ee258ba901ad38107c5c6b5846f0,True,True
R0074,GG0021,CVB0010,REF0008,1,3,XGBoost,ef4f82564a9ba494f340b55224365edc9cfc5cba40b00edea526e21aa7f8439a,0.9722886681556702,predict_proba,9eb1905b0d2d4dff99236976201e564cbe25ee258ba901ad38107c5c6b5846f0,True,True
R0075,GG0021,CVB0010,REF0008,1,3,XGBoost,ef4f82564a9ba494f340b55224365edc9cfc5cba40b00edea526e21aa7f8439a,0.8055256009101868,predict_proba,9eb1905b0d2d4dff99236976201e564cbe25ee258ba901ad38107c5c6b5846f0,True,True
R0076,GG0021,CVB0010,REF0008,1,3,XGBoost,ef4f82564a9ba494f340b55224365edc9cfc5cba40b00edea526e21aa7f8439a,0.9140836000442505,predict_proba,9eb1905b0d2d4dff99236976201e564cbe25ee258ba901ad38107c5c6b5846f0,True,True
R0077,GG0021,CVB0010,REF0008,1,3,XGBoost,ef4f82564a9ba494f340b55224365edc9cfc5cba40b00edea526e21aa7f8439a,0.9730629324913025,predict_proba,9eb1905b0d2d4dff99236976201e564cbe25ee258ba901ad38107c5c6b5846f0,True,True
R0078,GG0021,CVB0010,REF0008,1,3,XGBoost,ef4f82564a9ba494f340b55224365edc9cfc5cba40b00edea526e21aa7f8439a,0.9761655926704407,predict_proba,9eb1905b0d2d4dff99236976201e564cbe25ee258ba901ad38107c5c6b5846f0,True,True
R0079,GG0021,CVB0010,REF0008,1,3,XGBoost,ef4f82564a9ba494f340b55224365edc9cfc5cba40b00edea526e21aa7f8439a,0.977455735206604,predict_proba,9eb1905b0d2d4dff99236976201e564cbe25ee258ba901ad38107c5c6b5846f0,True,True
R0080,GG0021,CVB0010,REF0008,1,3,XGBoost,ef4f82564a9ba494f340b55224365edc9cfc5cba40b00edea526e21aa7f8439a,0.9872846007347107,predict_proba,9eb1905b0d2d4dff99236976201e564cbe25ee258ba901ad38107c5c6b5846f0,True,True
R0123,GG0017,CVB0007,REF0013,1,3,XGBoost,ef4f82564a9ba494f340b55224365edc9cfc5cba40b00edea526e21aa7f8439a,0.011201799847185612,predict_proba,9eb1905b0d2d4dff99236976201e564cbe25ee258ba901ad38107c5c6b5846f0,True,True
R0124,GG0017,CVB0007,REF0013,1,3,XGBoost,ef4f82564a9ba494f340b55224365edc9cfc5cba40b00edea526e21aa7f8439a,0.14011484384536743,predict_proba,9eb1905b0d2d4dff99236976201e564cbe25ee258ba901ad38107c5c6b5846f0,True,True
R0125,GG0017,CVB0007,REF0013,1,3,XGBoost,ef4f82564a9ba494f340b55224365edc9cfc5cba40b00edea526e21aa7f8439a,0.025680460035800934,predict_proba,9eb1905b0d2d4dff99236976201e564cbe25ee258ba901ad38107c5c6b5846f0,True,True
R0126,GG0017,CVB0007,REF0013,1,3,XGBoost,ef4f82564a9ba494f340b55224365edc9cfc5cba40b00edea526e21aa7f8439a,0.034242674708366394,predict_proba,9eb1905b0d2d4dff99236976201e564cbe25ee258ba901ad38107c5c6b5846f0,True,True
R0127,GG0017,CVB0007,REF0013,1,3,XGBoost,ef4f82564a9ba494f340b55224365edc9cfc5cba40b00edea526e21aa7f8439a,0.10408928245306015,predict_proba,9eb1905b0d2d4dff99236976201e564cbe25ee258ba901ad38107c5c6b5846f0,True,True
R0128,GG0017,CVB0007,REF0013,1,3,XGBoost,ef4f82564a9ba494f340b55224365edc9cfc5cba40b00edea526e21aa7f8439a,0.15174074470996857,predict_proba,9eb1905b0d2d4dff99236976201e564cbe25ee258ba901ad38107c5c6b5846f0,True,True
R0199,GG0033,CVB0030,REF0021,1,3,XGBoost,ef4f82564a9ba494f340b55224365edc9cfc5cba40b00edea526e21aa7f8439a,0.0028723953291773796,predict_proba,9eb1905b0d2d4dff99236976201e564cbe25ee258ba901ad38107c5c6b5846f0,False,True
R0200,GG0033,CVB0030,REF0021,1,3,XGBoost,ef4f82564a9ba494f340b55224365edc9cfc5cba40b00edea526e21aa7f8439a,0.07449118793010712,predict_proba,9eb1905b0d2d4dff99236976201e564cbe25ee258ba901ad38107c5c6b5846f0,False,True
R0201,GG0033,CVB0030,REF0021,1,3,XGBoost,ef4f82564a9ba494f340b55224365edc9cfc5cba40b00edea526e21aa7f8439a,0.018149733543395996,predict_proba,9eb1905b0d2d4dff99236976201e564cbe25ee258ba901ad38107c5c6b5846f0,False,True
R0202,GG0033,CVB0030,REF0021,1,3,XGBoost,ef4f82564a9ba494f340b55224365edc9cfc5cba40b00edea526e21aa7f8439a,0.014849014580249786,predict_proba,9eb1905b0d2d4dff99236976201e564cbe25ee258ba901ad38107c5c6b5846f0,False,True
R0203,GG0033,CVB0030,REF0021,1,3,XGBoost,ef4f82564a9ba494f340b55224365edc9cfc5cba40b00edea526e21aa7f8439a,0.06938846409320831,predict_proba,9eb1905b0d2d4dff99236976201e564cbe25ee258ba901ad38107c5c6b5846f0,False,True
R0204,GG0033,CVB0030,REF0021,1,3,XGBoost,ef4f82564a9ba494f340b55224365edc9cfc5cba40b00edea526e21aa7f8439a,0.03840753808617592,predict_proba,9eb1905b0d2d4dff99236976201e564cbe25ee258ba901ad38107c5c6b5846f0,False,True
R0205,GG0033,CVB0030,REF0021,1,3,XGBoost,ef4f82564a9ba494f340b55224365edc9cfc5cba40b00edea526e21aa7f8439a,0.8433306217193604,predict_proba,9eb1905b0d2d4dff99236976201e564cbe25ee258ba901ad38107c5c6b5846f0,False,True
R0206,GG0033,CVB0030,REF0021,1,3,XGBoost,ef4f82564a9ba494f340b55224365edc9cfc5cba40b00edea526e21aa7f8439a,0.8313296437263489,predict_proba,9eb1905b0d2d4dff99236976201e564cbe25ee258ba901ad38107c5c6b5846f0,False,True
R0207,GG0033,CVB0030,REF0021,1,3,XGBoost,ef4f82564a9ba494f340b55224365edc9cfc5cba40b00edea526e21aa7f8439a,0.0014269610401242971,predict_proba,9eb1905b0d2d4dff99236976201e564cbe25ee258ba901ad38107c5c6b5846f0,False,True
R0208,GG0033,CVB0030,REF0021,1,3,XGBoost,ef4f82564a9ba494f340b55224365edc9cfc5cba40b00edea526e21aa7f8439a,0.003445864887908101,predict_proba,9eb1905b0d2d4dff99236976201e564cbe25ee258ba901ad38107c5c6b5846f0,False,True
R0209,GG0033,CVB0030,REF0021,1,3,XGBoost,ef4f82564a9ba494f340b55224365edc9cfc5cba40b00edea526e21aa7f8439a,0.00024821091210469604,predict_proba,9eb1905b0d2d4dff99236976201e564cbe25ee258ba901ad38107c5c6b5846f0,False,True
R0210,GG0033,CVB0030,REF0021,1,3,XGBoost,ef4f82564a9ba494f340b55224365edc9cfc5cba40b00edea526e21aa7f8439a,0.007464390713721514,predict_proba,9eb1905b0d2d4dff99236976201e564cbe25ee258ba901ad38107c5c6b5846f0,False,True
R0211,GG0033,CVB0030,REF0021,1,3,XGBoost,ef4f82564a9ba494f340b55224365edc9cfc5cba40b00edea526e21aa7f8439a,0.008257094770669937,predict_proba,9eb1905b0d2d4dff99236976201e564cbe25ee258ba901ad38107c5c6b5846f0,False,True
R0212,GG0033,CVB0030,REF0021,1,3,XGBoost,ef4f82564a9ba494f340b55224365edc9cfc5cba40b00edea526e21aa7f8439a,0.016183804720640182,predict_proba,9eb1905b0d2d4dff99236976201e564cbe25ee258ba901ad38107c5c6b5846f0,False,True
R0213,GG0033,CVB0030,REF0022,1,3,XGBoost,ef4f82564a9ba494f340b55224365edc9cfc5cba40b00edea526e21aa7f8439a,0.004415631294250488,predict_proba,9eb1905b0d2d4dff99236976201e564cbe25ee258ba901ad38107c5c6b5846f0,False,True
R0214,GG0033,CVB0030,REF0022,1,3,XGBoost,ef4f82564a9ba494f340b55224365edc9cfc5cba40b00edea526e21aa7f8439a,0.4126123785972595,predict_proba,9eb1905b0d2d4dff99236976201e564cbe25ee258ba901ad38107c5c6b5846f0,False,True
R0215,GG0033,CVB0030,REF0022,1,3,XGBoost,ef4f82564a9ba494f340b55224365edc9cfc5cba40b00edea526e21aa7f8439a,0.01943061873316765,predict_proba,9eb1905b0d2d4dff99236976201e564cbe25ee258ba901ad38107c5c6b5846f0,False,True
R0360,GG0021,CVB0010,REF0036,1,3,XGBoost,ef4f82564a9ba494f340b55224365edc9cfc5cba40b00edea526e21aa7f8439a,0.225620836019516,predict_proba,9eb1905b0d2d4dff99236976201e564cbe25ee258ba901ad38107c5c6b5846f0,True,True
R0361,GG0021,CVB0010,REF0036,1,3,XGBoost,ef4f82564a9ba494f340b55224365edc9cfc5cba40b00edea526e21aa7f8439a,0.023806976154446602,predict_proba,9eb1905b0d2d4dff99236976201e564cbe25ee258ba901ad38107c5c6b5846f0,True,True
R0362,GG0021,CVB0010,REF0036,1,3,XGBoost,ef4f82564a9ba494f340b55224365edc9cfc5cba40b00edea526e21aa7f8439a,0.015853438526391983,predict_proba,9eb1905b0d2d4dff99236976201e564cbe25ee258ba901ad38107c5c6b5846f0,True,True
R0363,GG0021,CVB0010,REF0036,1,3,XGBoost,ef4f82564a9ba494f340b55224365edc9cfc5cba40b00edea526e21aa7f8439a,0.4497869610786438,predict_proba,9eb1905b0d2d4dff99236976201e564cbe25ee258ba901ad38107c5c6b5846f0,True,True
R0364,GG0021,CVB0010,REF0036,1,3,XGBoost,ef4f82564a9ba494f340b55224365edc9cfc5cba40b00edea526e21aa7f8439a,0.7477623820304871,predict_proba,9eb1905b0d2d4dff99236976201e564cbe25ee258ba901ad38107c5c6b5846f0,True,True
R0365,GG0021,CVB0010,REF0036,1,3,XGBoost,ef4f82564a9ba494f340b55224365edc9cfc5cba40b00edea526e21aa7f8439a,0.23922370374202728,predict_proba,9eb1905b0d2d4dff99236976201e564cbe25ee258ba901ad38107c5c6b5846f0,True,True
R0366,GG0021,CVB0010,REF0036,1,3,XGBoost,ef4f82564a9ba494f340b55224365edc9cfc5cba40b00edea526e21aa7f8439a,0.6541115045547485,predict_proba,9eb1905b0d2d4dff99236976201e564cbe25ee258ba901ad38107c5c6b5846f0,True,True
R0367,GG0021,CVB0010,REF0036,1,3,XGBoost,ef4f82564a9ba494f340b55224365edc9cfc5cba40b00edea526e21aa7f8439a,0.17743675410747528,predict_proba,9eb1905b0d2d4dff99236976201e564cbe25ee258ba901ad38107c5c6b5846f0,True,True
R0368,GG0021,CVB0010,REF0036,1,3,XGBoost,ef4f82564a9ba494f340b55224365edc9cfc5cba40b00edea526e21aa7f8439a,0.9798151254653931,predict_proba,9eb1905b0d2d4dff99236976201e564cbe25ee258ba901ad38107c5c6b5846f0,True,True
R0369,GG0021,CVB0010,REF0036,1,3,XGBoost,ef4f82564a9ba494f340b55224365edc9cfc5cba40b00edea526e21aa7f8439a,0.9659209251403809,predict_proba,9eb1905b0d2d4dff99236976201e564cbe25ee258ba901ad38107c5c6b5846f0,True,True
R0457,GG0021,CVB0010,REF0042,1,3,XGBoost,ef4f82564a9ba494f340b55224365edc9cfc5cba40b00edea526e21aa7f8439a,0.35946735739707947,predict_proba,9eb1905b0d2d4dff99236976201e564cbe25ee258ba901ad38107c5c6b5846f0,True,True
R0458,GG0021,CVB0010,REF0042,1,3,XGBoost,ef4f82564a9ba494f340b55224365edc9cfc5cba40b00edea526e21aa7f8439a,0.461986780166626,predict_proba,9eb1905b0d2d4dff99236976201e564cbe25ee258ba901ad38107c5c6b5846f0,True,True
R0459,GG0021,CVB0010,REF0042,1,3,XGBoost,ef4f82564a9ba494f340b55224365edc9cfc5cba40b00edea526e21aa7f8439a,0.5109738707542419,predict_proba,9eb1905b0d2d4dff99236976201e564cbe25ee258ba901ad38107c5c6b5846f0,True,True
R0460,GG0021,CVB0010,REF0042,1,3,XGBoost,ef4f82564a9ba494f340b55224365edc9cfc5cba40b00edea526e21aa7f8439a,0.9555177688598633,predict_proba,9eb1905b0d2d4dff99236976201e564cbe25ee258ba901ad38107c5c6b5846f0,True,True
R0461,GG0021,CVB0010,REF0042,1,3,XGBoost,ef4f82564a9ba494f340b55224365edc9cfc5cba40b00edea526e21aa7f8439a,0.47401273250579834,predict_proba,9eb1905b0d2d4dff99236976201e564cbe25ee258ba901ad38107c5c6b5846f0,True,True
R0462,GG0021,CVB0010,REF0042,1,3,XGBoost,ef4f82564a9ba494f340b55224365edc9cfc5cba40b00edea526e21aa7f8439a,0.8187993764877319,predict_proba,9eb1905b0d2d4dff99236976201e564cbe25ee258ba901ad38107c5c6b5846f0,True,True
R0463,GG0021,CVB0010,REF0042,1,3,XGBoost,ef4f82564a9ba494f340b55224365edc9cfc5cba40b00edea526e21aa7f8439a,0.571783721446991,predict_proba,9eb1905b0d2d4dff99236976201e564cbe25ee258ba901ad38107c5c6b5846f0,True,True
R0464,GG0021,CVB0010,REF0042,1,3,XGBoost,ef4f82564a9ba494f340b55224365edc9cfc5cba40b00edea526e21aa7f8439a,0.09070280194282532,predict_proba,9eb1905b0d2d4dff99236976201e564cbe25ee258ba901ad38107c5c6b5846f0,True,True
R0465,GG0021,CVB0010,REF0042,1,3,XGBoost,ef4f82564a9ba494f340b55224365edc9cfc5cba40b00edea526e21aa7f8439a,0.34277695417404175,predict_proba,9eb1905b0d2d4dff99236976201e564cbe25ee258ba901ad38107c5c6b5846f0,True,True
R0466,GG0021,CVB0010,REF0042,1,3,XGBoost,ef4f82564a9ba494f340b55224365edc9cfc5cba40b00edea526e21aa7f8439a,0.19050468504428864,predict_proba,9eb1905b0d2d4dff99236976201e564cbe25ee258ba901ad38107c5c6b5846f0,True,True
R0467,GG0021,CVB0010,REF0042,1,3,XGBoost,ef4f82564a9ba494f340b55224365edc9cfc5cba40b00edea526e21aa7f8439a,0.049011267721652985,predict_proba,9eb1905b0d2d4dff99236976201e564cbe25ee258ba901ad38107c5c6b5846f0,True,True
R0468,GG0021,CVB0010,REF0042,1,3,XGBoost,ef4f82564a9ba494f340b55224365edc9cfc5cba40b00edea526e21aa7f8439a,0.9883533120155334,predict_proba,9eb1905b0d2d4dff99236976201e564cbe25ee258ba901ad38107c5c6b5846f0,True,True
R0469,GG0021,CVB0010,REF0042,1,3,XGBoost,ef4f82564a9ba494f340b55224365edc9cfc5cba40b00edea526e21aa7f8439a,0.6980957984924316,predict_proba,9eb1905b0d2d4dff99236976201e564cbe25ee258ba901ad38107c5c6b5846f0,True,True
R0470,GG0021,CVB0010,REF0042,1,3,XGBoost,ef4f82564a9ba494f340b55224365edc9cfc5cba40b00edea526e21aa7f8439a,0.07307195663452148,predict_proba,9eb1905b0d2d4dff99236976201e564cbe25ee258ba901ad38107c5c6b5846f0,True,True
R0471,GG0021,CVB0010,REF0042,1,3,XGBoost,ef4f82564a9ba494f340b55224365edc9cfc5cba40b00edea526e21aa7f8439a,0.04510074108839035,predict_proba,9eb1905b0d2d4dff99236976201e564cbe25ee258ba901ad38107c5c6b5846f0,True,True
R0472,GG0021,CVB0010,REF0042,1,3,XGBoost,ef4f82564a9ba494f340b55224365edc9cfc5cba40b00edea526e21aa7f8439a,0.24249202013015747,predict_proba,9eb1905b0d2d4dff99236976201e564cbe25ee258ba901ad38107c5c6b5846f0,True,True
R0473,GG0021,CVB0010,REF0042,1,3,XGBoost,ef4f82564a9ba494f340b55224365edc9cfc5cba40b00edea526e21aa7f8439a,0.025698229670524597,predict_proba,9eb1905b0d2d4dff99236976201e564cbe25ee258ba901ad38107c5c6b5846f0,True,True
R0474,GG0021,CVB0010,REF0042,1,3,XGBoost,ef4f82564a9ba494f340b55224365edc9cfc5cba40b00edea526e21aa7f8439a,0.08691069483757019,predict_proba,9eb1905b0d2d4dff99236976201e564cbe25ee258ba901ad38107c5c6b5846f0,True,True
R0475,GG0021,CVB0010,REF0042,1,3,XGBoost,ef4f82564a9ba494f340b55224365edc9cfc5cba40b00edea526e21aa7f8439a,0.009748437441885471,predict_proba,9eb1905b0d2d4dff99236976201e564cbe25ee258ba901ad38107c5c6b5846f0,True,True
R0476,GG0021,CVB0010,REF0042,1,3,XGBoost,ef4f82564a9ba494f340b55224365edc9cfc5cba40b00edea526e21aa7f8439a,0.06461429595947266,predict_proba,9eb1905b0d2d4dff99236976201e564cbe25ee258ba901ad38107c5c6b5846f0,True,True
R0477,GG0021,CVB0010,REF0042,1,3,XGBoost,ef4f82564a9ba494f340b55224365edc9cfc5cba40b00edea526e21aa7f8439a,0.024324163794517517,predict_proba,9eb1905b0d2d4dff99236976201e564cbe25ee258ba901ad38107c5c6b5846f0,True,True
R0478,GG0021,CVB0010,REF0043,1,3,XGBoost,ef4f82564a9ba494f340b55224365edc9cfc5cba40b00edea526e21aa7f8439a,0.7657915949821472,predict_proba,9eb1905b0d2d4dff99236976201e564cbe25ee258ba901ad38107c5c6b5846f0,True,True
R0479,GG0021,CVB0010,REF0043,1,3,XGBoost,ef4f82564a9ba494f340b55224365edc9cfc5cba40b00edea526e21aa7f8439a,0.6182040572166443,predict_proba,9eb1905b0d2d4dff99236976201e564cbe25ee258ba901ad38107c5c6b5846f0,True,True
R0480,GG0021,CVB0010,REF0043,1,3,XGBoost,ef4f82564a9ba494f340b55224365edc9cfc5cba40b00edea526e21aa7f8439a,0.4325791597366333,predict_proba,9eb1905b0d2d4dff99236976201e564cbe25ee258ba901ad38107c5c6b5846f0,True,True
R0481,GG0021,CVB0010,REF0043,1,3,XGBoost,ef4f82564a9ba494f340b55224365edc9cfc5cba40b00edea526e21aa7f8439a,0.9137617349624634,predict_proba,9eb1905b0d2d4dff99236976201e564cbe25ee258ba901ad38107c5c6b5846f0,True,True
R0482,GG0021,CVB0010,REF0043,1,3,XGBoost,ef4f82564a9ba494f340b55224365edc9cfc5cba40b00edea526e21aa7f8439a,0.8124345541000366,predict_proba,9eb1905b0d2d4dff99236976201e564cbe25ee258ba901ad38107c5c6b5846f0,True,True
R0483,GG0021,CVB0010,REF0043,1,3,XGBoost,ef4f82564a9ba494f340b55224365edc9cfc5cba40b00edea526e21aa7f8439a,0.8992881178855896,predict_proba,9eb1905b0d2d4dff99236976201e564cbe25ee258ba901ad38107c5c6b5846f0,True,True
R0484,GG0021,CVB0010,REF0043,1,3,XGBoost,ef4f82564a9ba494f340b55224365edc9cfc5cba40b00edea526e21aa7f8439a,0.5737327933311462,predict_proba,9eb1905b0d2d4dff99236976201e564cbe25ee258ba901ad38107c5c6b5846f0,True,True
R0485,GG0021,CVB0010,REF0043,1,3,XGBoost,ef4f82564a9ba494f340b55224365edc9cfc5cba40b00edea526e21aa7f8439a,0.8564069271087646,predict_proba,9eb1905b0d2d4dff99236976201e564cbe25ee258ba901ad38107c5c6b5846f0,True,True
R0486,GG0021,CVB0010,REF0043,1,3,XGBoost,ef4f82564a9ba494f340b55224365edc9cfc5cba40b00edea526e21aa7f8439a,0.9766749143600464,predict_proba,9eb1905b0d2d4dff99236976201e564cbe25ee258ba901ad38107c5c6b5846f0,True,True
R0487,GG0021,CVB0010,REF0043,1,3,XGBoost,ef4f82564a9ba494f340b55224365edc9cfc5cba40b00edea526e21aa7f8439a,0.986668586730957,predict_proba,9eb1905b0d2d4dff99236976201e564cbe25ee258ba901ad38107c5c6b5846f0,True,True
R0488,GG0021,CVB0010,REF0043,1,3,XGBoost,ef4f82564a9ba494f340b55224365edc9cfc5cba40b00edea526e21aa7f8439a,0.5065352320671082,predict_proba,9eb1905b0d2d4dff99236976201e564cbe25ee258ba901ad38107c5c6b5846f0,True,True
R0489,GG0021,CVB0010,REF0043,1,3,XGBoost,ef4f82564a9ba494f340b55224365edc9cfc5cba40b00edea526e21aa7f8439a,0.9924840331077576,predict_proba,9eb1905b0d2d4dff99236976201e564cbe25ee258ba901ad38107c5c6b5846f0,True,True
R0490,GG0021,CVB0010,REF0043,1,3,XGBoost,ef4f82564a9ba494f340b55224365edc9cfc5cba40b00edea526e21aa7f8439a,0.4159618318080902,predict_proba,9eb1905b0d2d4dff99236976201e564cbe25ee258ba901ad38107c5c6b5846f0,True,True
R0491,GG0021,CVB0010,REF0043,1,3,XGBoost,ef4f82564a9ba494f340b55224365edc9cfc5cba40b00edea526e21aa7f8439a,0.9730520844459534,predict_proba,9eb1905b0d2d4dff99236976201e564cbe25ee258ba901ad38107c5c6b5846f0,True,True
R0492,GG0021,CVB0010,REF0043,1,3,XGBoost,ef4f82564a9ba494f340b55224365edc9cfc5cba40b00edea526e21aa7f8439a,0.9762356281280518,predict_proba,9eb1905b0d2d4dff99236976201e564cbe25ee258ba901ad38107c5c6b5846f0,True,True
R0493,GG0021,CVB0010,REF0043,1,3,XGBoost,ef4f82564a9ba494f340b55224365edc9cfc5cba40b00edea526e21aa7f8439a,0.9587611556053162,predict_proba,9eb1905b0d2d4dff99236976201e564cbe25ee258ba901ad38107c5c6b5846f0,True,True
R0494,GG0021,CVB0010,REF0043,1,3,XGBoost,ef4f82564a9ba494f340b55224365edc9cfc5cba40b00edea526e21aa7f8439a,0.9850342869758606,predict_proba,9eb1905b0d2d4dff99236976201e564cbe25ee258ba901ad38107c5c6b5846f0,True,True
R0495,GG0021,CVB0010,REF0043,1,3,XGBoost,ef4f82564a9ba494f340b55224365edc9cfc5cba40b00edea526e21aa7f8439a,0.9820168614387512,predict_proba,9eb1905b0d2d4dff99236976201e564cbe25ee258ba901ad38107c5c6b5846f0,True,True
R0496,GG0021,CVB0010,REF0043,1,3,XGBoost,ef4f82564a9ba494f340b55224365edc9cfc5cba40b00edea526e21aa7f8439a,0.9935118556022644,predict_proba,9eb1905b0d2d4dff99236976201e564cbe25ee258ba901ad38107c5c6b5846f0,True,True
R0603,GG0033,CVB0030,REF0051,1,3,XGBoost,ef4f82564a9ba494f340b55224365edc9cfc5cba40b00edea526e21aa7f8439a,0.4374214708805084,predict_proba,9eb1905b0d2d4dff99236976201e564cbe25ee258ba901ad38107c5c6b5846f0,False,True
R0604,GG0033,CVB0030,REF0051,1,3,XGBoost,ef4f82564a9ba494f340b55224365edc9cfc5cba40b00edea526e21aa7f8439a,0.03543795645236969,predict_proba,9eb1905b0d2d4dff99236976201e564cbe25ee258ba901ad38107c5c6b5846f0,False,True
R0605,GG0033,CVB0030,REF0051,1,3,XGBoost,ef4f82564a9ba494f340b55224365edc9cfc5cba40b00edea526e21aa7f8439a,0.24016544222831726,predict_proba,9eb1905b0d2d4dff99236976201e564cbe25ee258ba901ad38107c5c6b5846f0,False,True
R0606,GG0033,CVB0030,REF0051,1,3,XGBoost,ef4f82564a9ba494f340b55224365edc9cfc5cba40b00edea526e21aa7f8439a,0.20614027976989746,predict_proba,9eb1905b0d2d4dff99236976201e564cbe25ee258ba901ad38107c5c6b5846f0,False,True
R0607,GG0033,CVB0030,REF0051,1,3,XGBoost,ef4f82564a9ba494f340b55224365edc9cfc5cba40b00edea526e21aa7f8439a,0.1830698847770691,predict_proba,9eb1905b0d2d4dff99236976201e564cbe25ee258ba901ad38107c5c6b5846f0,False,True
R0608,GG0033,CVB0030,REF0051,1,3,XGBoost,ef4f82564a9ba494f340b55224365edc9cfc5cba40b00edea526e21aa7f8439a,0.12367184460163116,predict_proba,9eb1905b0d2d4dff99236976201e564cbe25ee258ba901ad38107c5c6b5846f0,False,True
R0609,GG0033,CVB0030,REF0051,1,3,XGBoost,ef4f82564a9ba494f340b55224365edc9cfc5cba40b00edea526e21aa7f8439a,0.4141840934753418,predict_proba,9eb1905b0d2d4dff99236976201e564cbe25ee258ba901ad38107c5c6b5846f0,False,True
R0610,GG0033,CVB0030,REF0051,1,3,XGBoost,ef4f82564a9ba494f340b55224365edc9cfc5cba40b00edea526e21aa7f8439a,0.7513372302055359,predict_proba,9eb1905b0d2d4dff99236976201e564cbe25ee258ba901ad38107c5c6b5846f0,False,True
R0611,GG0033,CVB0030,REF0051,1,3,XGBoost,ef4f82564a9ba494f340b55224365edc9cfc5cba40b00edea526e21aa7f8439a,0.6300985217094421,predict_proba,9eb1905b0d2d4dff99236976201e564cbe25ee258ba901ad38107c5c6b5846f0,False,True
R0612,GG0033,CVB0030,REF0051,1,3,XGBoost,ef4f82564a9ba494f340b55224365edc9cfc5cba40b00edea526e21aa7f8439a,0.020728396251797676,predict_proba,9eb1905b0d2d4dff99236976201e564cbe25ee258ba901ad38107c5c6b5846f0,False,True
R0613,GG0033,CVB0030,REF0051,1,3,XGBoost,ef4f82564a9ba494f340b55224365edc9cfc5cba40b00edea526e21aa7f8439a,0.008198872208595276,predict_proba,9eb1905b0d2d4dff99236976201e564cbe25ee258ba901ad38107c5c6b5846f0,False,True
R0614,GG0033,CVB0030,REF0051,1,3,XGBoost,ef4f82564a9ba494f340b55224365edc9cfc5cba40b00edea526e21aa7f8439a,0.009508006274700165,predict_proba,9eb1905b0d2d4dff99236976201e564cbe25ee258ba901ad38107c5c6b5846f0,False,True
R0615,GG0033,CVB0030,REF0051,1,3,XGBoost,ef4f82564a9ba494f340b55224365edc9cfc5cba40b00edea526e21aa7f8439a,0.032818395644426346,predict_proba,9eb1905b0d2d4dff99236976201e564cbe25ee258ba901ad38107c5c6b5846f0,False,True
R0616,GG0033,CVB0030,REF0051,1,3,XGBoost,ef4f82564a9ba494f340b55224365edc9cfc5cba40b00edea526e21aa7f8439a,0.024257835000753403,predict_proba,9eb1905b0d2d4dff99236976201e564cbe25ee258ba901ad38107c5c6b5846f0,False,True
R0617,GG0033,CVB0030,REF0051,1,3,XGBoost,ef4f82564a9ba494f340b55224365edc9cfc5cba40b00edea526e21aa7f8439a,0.10754026472568512,predict_proba,9eb1905b0d2d4dff99236976201e564cbe25ee258ba901ad38107c5c6b5846f0,False,True
R0618,GG0033,CVB0030,REF0051,1,3,XGBoost,ef4f82564a9ba494f340b55224365edc9cfc5cba40b00edea526e21aa7f8439a,0.015873664990067482,predict_proba,9eb1905b0d2d4dff99236976201e564cbe25ee258ba901ad38107c5c6b5846f0,False,True
R0619,GG0033,CVB0030,REF0051,1,3,XGBoost,ef4f82564a9ba494f340b55224365edc9cfc5cba40b00edea526e21aa7f8439a,0.13074539601802826,predict_proba,9eb1905b0d2d4dff99236976201e564cbe25ee258ba901ad38107c5c6b5846f0,False,True
R0620,GG0033,CVB0030,REF0051,1,3,XGBoost,ef4f82564a9ba494f340b55224365edc9cfc5cba40b00edea526e21aa7f8439a,0.21202582120895386,predict_proba,9eb1905b0d2d4dff99236976201e564cbe25ee258ba901ad38107c5c6b5846f0,False,True
R0621,GG0033,CVB0030,REF0051,1,3,XGBoost,ef4f82564a9ba494f340b55224365edc9cfc5cba40b00edea526e21aa7f8439a,0.009149831719696522,predict_proba,9eb1905b0d2d4dff99236976201e564cbe25ee258ba901ad38107c5c6b5846f0,False,True
R0622,GG0033,CVB0030,REF0051,1,3,XGBoost,ef4f82564a9ba494f340b55224365edc9cfc5cba40b00edea526e21aa7f8439a,0.03204698488116264,predict_proba,9eb1905b0d2d4dff99236976201e564cbe25ee258ba901ad38107c5c6b5846f0,False,True
R0623,GG0033,CVB0030,REF0051,1,3,XGBoost,ef4f82564a9ba494f340b55224365edc9cfc5cba40b00edea526e21aa7f8439a,0.029239028692245483,predict_proba,9eb1905b0d2d4dff99236976201e564cbe25ee258ba901ad38107c5c6b5846f0,False,True
R0624,GG0033,CVB0030,REF0051,1,3,XGBoost,ef4f82564a9ba494f340b55224365edc9cfc5cba40b00edea526e21aa7f8439a,0.024922385811805725,predict_proba,9eb1905b0d2d4dff99236976201e564cbe25ee258ba901ad38107c5c6b5846f0,False,True
R0625,GG0033,CVB0030,REF0051,1,3,XGBoost,ef4f82564a9ba494f340b55224365edc9cfc5cba40b00edea526e21aa7f8439a,0.035512715578079224,predict_proba,9eb1905b0d2d4dff99236976201e564cbe25ee258ba901ad38107c5c6b5846f0,False,True
R0626,GG0033,CVB0030,REF0051,1,3,XGBoost,ef4f82564a9ba494f340b55224365edc9cfc5cba40b00edea526e21aa7f8439a,0.0032712609972804785,predict_proba,9eb1905b0d2d4dff99236976201e564cbe25ee258ba901ad38107c5c6b5846f0,False,True
R0627,GG0033,CVB0030,REF0051,1,3,XGBoost,ef4f82564a9ba494f340b55224365edc9cfc5cba40b00edea526e21aa7f8439a,0.08408595621585846,predict_proba,9eb1905b0d2d4dff99236976201e564cbe25ee258ba901ad38107c5c6b5846f0,False,True
R0737,GG0021,CVB0010,REF0057,1,3,XGBoost,ef4f82564a9ba494f340b55224365edc9cfc5cba40b00edea526e21aa7f8439a,0.014993570744991302,predict_proba,9eb1905b0d2d4dff99236976201e564cbe25ee258ba901ad38107c5c6b5846f0,True,True
R0738,GG0021,CVB0010,REF0057,1,3,XGBoost,ef4f82564a9ba494f340b55224365edc9cfc5cba40b00edea526e21aa7f8439a,0.8457732796669006,predict_proba,9eb1905b0d2d4dff99236976201e564cbe25ee258ba901ad38107c5c6b5846f0,True,True
R0739,GG0021,CVB0010,REF0057,1,3,XGBoost,ef4f82564a9ba494f340b55224365edc9cfc5cba40b00edea526e21aa7f8439a,0.3474666476249695,predict_proba,9eb1905b0d2d4dff99236976201e564cbe25ee258ba901ad38107c5c6b5846f0,True,True
R0740,GG0021,CVB0010,REF0057,1,3,XGBoost,ef4f82564a9ba494f340b55224365edc9cfc5cba40b00edea526e21aa7f8439a,0.855250895023346,predict_proba,9eb1905b0d2d4dff99236976201e564cbe25ee258ba901ad38107c5c6b5846f0,True,True
R0741,GG0021,CVB0010,REF0057,1,3,XGBoost,ef4f82564a9ba494f340b55224365edc9cfc5cba40b00edea526e21aa7f8439a,0.9679506421089172,predict_proba,9eb1905b0d2d4dff99236976201e564cbe25ee258ba901ad38107c5c6b5846f0,True,True
R0742,GG0021,CVB0010,REF0057,1,3,XGBoost,ef4f82564a9ba494f340b55224365edc9cfc5cba40b00edea526e21aa7f8439a,0.8587077856063843,predict_proba,9eb1905b0d2d4dff99236976201e564cbe25ee258ba901ad38107c5c6b5846f0,True,True
R0743,GG0021,CVB0010,REF0057,1,3,XGBoost,ef4f82564a9ba494f340b55224365edc9cfc5cba40b00edea526e21aa7f8439a,0.7389232516288757,predict_proba,9eb1905b0d2d4dff99236976201e564cbe25ee258ba901ad38107c5c6b5846f0,True,True
R0744,GG0021,CVB0010,REF0057,1,3,XGBoost,ef4f82564a9ba494f340b55224365edc9cfc5cba40b00edea526e21aa7f8439a,0.6718636155128479,predict_proba,9eb1905b0d2d4dff99236976201e564cbe25ee258ba901ad38107c5c6b5846f0,True,True
R0745,GG0021,CVB0010,REF0058,1,3,XGBoost,ef4f82564a9ba494f340b55224365edc9cfc5cba40b00edea526e21aa7f8439a,0.0007694099331274629,predict_proba,9eb1905b0d2d4dff99236976201e564cbe25ee258ba901ad38107c5c6b5846f0,True,True
R0746,GG0021,CVB0010,REF0058,1,3,XGBoost,ef4f82564a9ba494f340b55224365edc9cfc5cba40b00edea526e21aa7f8439a,0.003441076958552003,predict_proba,9eb1905b0d2d4dff99236976201e564cbe25ee258ba901ad38107c5c6b5846f0,True,True
R0747,GG0021,CVB0010,REF0058,1,3,XGBoost,ef4f82564a9ba494f340b55224365edc9cfc5cba40b00edea526e21aa7f8439a,0.0004092769231647253,predict_proba,9eb1905b0d2d4dff99236976201e564cbe25ee258ba901ad38107c5c6b5846f0,True,True
R0748,GG0021,CVB0010,REF0058,1,3,XGBoost,ef4f82564a9ba494f340b55224365edc9cfc5cba40b00edea526e21aa7f8439a,0.022007711231708527,predict_proba,9eb1905b0d2d4dff99236976201e564cbe25ee258ba901ad38107c5c6b5846f0,True,True
R0754,GG0021,CVB0010,REF0059,1,3,XGBoost,ef4f82564a9ba494f340b55224365edc9cfc5cba40b00edea526e21aa7f8439a,0.9673089981079102,predict_proba,9eb1905b0d2d4dff99236976201e564cbe25ee258ba901ad38107c5c6b5846f0,True,True
R0755,GG0021,CVB0010,REF0059,1,3,XGBoost,ef4f82564a9ba494f340b55224365edc9cfc5cba40b00edea526e21aa7f8439a,0.482148140668869,predict_proba,9eb1905b0d2d4dff99236976201e564cbe25ee258ba901ad38107c5c6b5846f0,True,True
R0756,GG0021,CVB0010,REF0059,1,3,XGBoost,ef4f82564a9ba494f340b55224365edc9cfc5cba40b00edea526e21aa7f8439a,0.9373453259468079,predict_proba,9eb1905b0d2d4dff99236976201e564cbe25ee258ba901ad38107c5c6b5846f0,True,True
R0757,GG0021,CVB0010,REF0059,1,3,XGBoost,ef4f82564a9ba494f340b55224365edc9cfc5cba40b00edea526e21aa7f8439a,0.9397016763687134,predict_proba,9eb1905b0d2d4dff99236976201e564cbe25ee258ba901ad38107c5c6b5846f0,True,True
R0846,GG0033,CVB0030,REF0069,1,3,XGBoost,ef4f82564a9ba494f340b55224365edc9cfc5cba40b00edea526e21aa7f8439a,0.9213429093360901,predict_proba,9eb1905b0d2d4dff99236976201e564cbe25ee258ba901ad38107c5c6b5846f0,False,True
R0847,GG0033,CVB0030,REF0069,1,3,XGBoost,ef4f82564a9ba494f340b55224365edc9cfc5cba40b00edea526e21aa7f8439a,0.5006407499313354,predict_proba,9eb1905b0d2d4dff99236976201e564cbe25ee258ba901ad38107c5c6b5846f0,False,True
R0848,GG0033,CVB0030,REF0069,1,3,XGBoost,ef4f82564a9ba494f340b55224365edc9cfc5cba40b00edea526e21aa7f8439a,0.4056503474712372,predict_proba,9eb1905b0d2d4dff99236976201e564cbe25ee258ba901ad38107c5c6b5846f0,False,True
R0849,GG0033,CVB0030,REF0069,1,3,XGBoost,ef4f82564a9ba494f340b55224365edc9cfc5cba40b00edea526e21aa7f8439a,0.4810974597930908,predict_proba,9eb1905b0d2d4dff99236976201e564cbe25ee258ba901ad38107c5c6b5846f0,False,True
R0850,GG0033,CVB0030,REF0069,1,3,XGBoost,ef4f82564a9ba494f340b55224365edc9cfc5cba40b00edea526e21aa7f8439a,0.9782148599624634,predict_proba,9eb1905b0d2d4dff99236976201e564cbe25ee258ba901ad38107c5c6b5846f0,False,True
R0851,GG0033,CVB0030,REF0069,1,3,XGBoost,ef4f82564a9ba494f340b55224365edc9cfc5cba40b00edea526e21aa7f8439a,0.8687009215354919,predict_proba,9eb1905b0d2d4dff99236976201e564cbe25ee258ba901ad38107c5c6b5846f0,False,True
R0852,GG0033,CVB0030,REF0069,1,3,XGBoost,ef4f82564a9ba494f340b55224365edc9cfc5cba40b00edea526e21aa7f8439a,0.9081663489341736,predict_proba,9eb1905b0d2d4dff99236976201e564cbe25ee258ba901ad38107c5c6b5846f0,False,True
R0853,GG0033,CVB0030,REF0069,1,3,XGBoost,ef4f82564a9ba494f340b55224365edc9cfc5cba40b00edea526e21aa7f8439a,0.9315377473831177,predict_proba,9eb1905b0d2d4dff99236976201e564cbe25ee258ba901ad38107c5c6b5846f0,False,True
R0854,GG0033,CVB0030,REF0069,1,3,XGBoost,ef4f82564a9ba494f340b55224365edc9cfc5cba40b00edea526e21aa7f8439a,0.9676932096481323,predict_proba,9eb1905b0d2d4dff99236976201e564cbe25ee258ba901ad38107c5c6b5846f0,False,True
R0855,GG0033,CVB0030,REF0069,1,3,XGBoost,ef4f82564a9ba494f340b55224365edc9cfc5cba40b00edea526e21aa7f8439a,0.010135098360478878,predict_proba,9eb1905b0d2d4dff99236976201e564cbe25ee258ba901ad38107c5c6b5846f0,False,True
R0866,GG0033,CVB0030,REF0071,1,3,XGBoost,ef4f82564a9ba494f340b55224365edc9cfc5cba40b00edea526e21aa7f8439a,0.002444278448820114,predict_proba,9eb1905b0d2d4dff99236976201e564cbe25ee258ba901ad38107c5c6b5846f0,False,True
R0867,GG0033,CVB0030,REF0071,1,3,XGBoost,ef4f82564a9ba494f340b55224365edc9cfc5cba40b00edea526e21aa7f8439a,0.004649978596717119,predict_proba,9eb1905b0d2d4dff99236976201e564cbe25ee258ba901ad38107c5c6b5846f0,False,True
R0870,GG0033,CVB0030,REF0071,1,3,XGBoost,ef4f82564a9ba494f340b55224365edc9cfc5cba40b00edea526e21aa7f8439a,0.002110026078298688,predict_proba,9eb1905b0d2d4dff99236976201e564cbe25ee258ba901ad38107c5c6b5846f0,False,True
R0871,GG0033,CVB0030,REF0071,1,3,XGBoost,ef4f82564a9ba494f340b55224365edc9cfc5cba40b00edea526e21aa7f8439a,0.002830238314345479,predict_proba,9eb1905b0d2d4dff99236976201e564cbe25ee258ba901ad38107c5c6b5846f0,False,True
R0872,GG0033,CVB0030,REF0071,1,3,XGBoost,ef4f82564a9ba494f340b55224365edc9cfc5cba40b00edea526e21aa7f8439a,0.005663215182721615,predict_proba,9eb1905b0d2d4dff99236976201e564cbe25ee258ba901ad38107c5c6b5846f0,False,True
R0873,GG0033,CVB0030,REF0071,1,3,XGBoost,ef4f82564a9ba494f340b55224365edc9cfc5cba40b00edea526e21aa7f8439a,0.006764943711459637,predict_proba,9eb1905b0d2d4dff99236976201e564cbe25ee258ba901ad38107c5c6b5846f0,False,True
R0874,GG0033,CVB0030,REF0071,1,3,XGBoost,ef4f82564a9ba494f340b55224365edc9cfc5cba40b00edea526e21aa7f8439a,0.0015041715232655406,predict_proba,9eb1905b0d2d4dff99236976201e564cbe25ee258ba901ad38107c5c6b5846f0,False,True
R0875,GG0033,CVB0030,REF0071,1,3,XGBoost,ef4f82564a9ba494f340b55224365edc9cfc5cba40b00edea526e21aa7f8439a,0.0013714168453589082,predict_proba,9eb1905b0d2d4dff99236976201e564cbe25ee258ba901ad38107c5c6b5846f0,False,True
R0876,GG0033,CVB0030,REF0071,1,3,XGBoost,ef4f82564a9ba494f340b55224365edc9cfc5cba40b00edea526e21aa7f8439a,0.0011408351128920913,predict_proba,9eb1905b0d2d4dff99236976201e564cbe25ee258ba901ad38107c5c6b5846f0,False,True
R0877,GG0033,CVB0030,REF0071,1,3,XGBoost,ef4f82564a9ba494f340b55224365edc9cfc5cba40b00edea526e21aa7f8439a,0.007339556235820055,predict_proba,9eb1905b0d2d4dff99236976201e564cbe25ee258ba901ad38107c5c6b5846f0,False,True
R0878,GG0033,CVB0030,REF0071,1,3,XGBoost,ef4f82564a9ba494f340b55224365edc9cfc5cba40b00edea526e21aa7f8439a,0.028882941231131554,predict_proba,9eb1905b0d2d4dff99236976201e564cbe25ee258ba901ad38107c5c6b5846f0,False,True
R0934,GG0011,CVB0011,REF0077,1,3,XGBoost,ef4f82564a9ba494f340b55224365edc9cfc5cba40b00edea526e21aa7f8439a,0.411370187997818,predict_proba,9eb1905b0d2d4dff99236976201e564cbe25ee258ba901ad38107c5c6b5846f0,False,True
R0935,GG0011,CVB0011,REF0077,1,3,XGBoost,ef4f82564a9ba494f340b55224365edc9cfc5cba40b00edea526e21aa7f8439a,0.8296324014663696,predict_proba,9eb1905b0d2d4dff99236976201e564cbe25ee258ba901ad38107c5c6b5846f0,False,True
R0936,GG0011,CVB0011,REF0077,1,3,XGBoost,ef4f82564a9ba494f340b55224365edc9cfc5cba40b00edea526e21aa7f8439a,0.5615530610084534,predict_proba,9eb1905b0d2d4dff99236976201e564cbe25ee258ba901ad38107c5c6b5846f0,False,True
R0937,GG0011,CVB0011,REF0077,1,3,XGBoost,ef4f82564a9ba494f340b55224365edc9cfc5cba40b00edea526e21aa7f8439a,0.8704911470413208,predict_proba,9eb1905b0d2d4dff99236976201e564cbe25ee258ba901ad38107c5c6b5846f0,False,True
R0938,GG0011,CVB0011,REF0077,1,3,XGBoost,ef4f82564a9ba494f340b55224365edc9cfc5cba40b00edea526e21aa7f8439a,0.1646561175584793,predict_proba,9eb1905b0d2d4dff99236976201e564cbe25ee258ba901ad38107c5c6b5846f0,False,True
R0939,GG0011,CVB0011,REF0077,1,3,XGBoost,ef4f82564a9ba494f340b55224365edc9cfc5cba40b00edea526e21aa7f8439a,0.9145975112915039,predict_proba,9eb1905b0d2d4dff99236976201e564cbe25ee258ba901ad38107c5c6b5846f0,False,True
R0940,GG0011,CVB0011,REF0077,1,3,XGBoost,ef4f82564a9ba494f340b55224365edc9cfc5cba40b00edea526e21aa7f8439a,0.8405392169952393,predict_proba,9eb1905b0d2d4dff99236976201e564cbe25ee258ba901ad38107c5c6b5846f0,False,True
R0941,GG0011,CVB0011,REF0077,1,3,XGBoost,ef4f82564a9ba494f340b55224365edc9cfc5cba40b00edea526e21aa7f8439a,0.03304896131157875,predict_proba,9eb1905b0d2d4dff99236976201e564cbe25ee258ba901ad38107c5c6b5846f0,False,True
R0942,GG0011,CVB0011,REF0077,1,3,XGBoost,ef4f82564a9ba494f340b55224365edc9cfc5cba40b00edea526e21aa7f8439a,0.03854452446103096,predict_proba,9eb1905b0d2d4dff99236976201e564cbe25ee258ba901ad38107c5c6b5846f0,False,True
R0943,GG0011,CVB0011,REF0077,1,3,XGBoost,ef4f82564a9ba494f340b55224365edc9cfc5cba40b00edea526e21aa7f8439a,0.0571058914065361,predict_proba,9eb1905b0d2d4dff99236976201e564cbe25ee258ba901ad38107c5c6b5846f0,False,True
R1000,GG0022,CVB0019,REF0084,1,3,XGBoost,ef4f82564a9ba494f340b55224365edc9cfc5cba40b00edea526e21aa7f8439a,0.9659736752510071,predict_proba,9eb1905b0d2d4dff99236976201e564cbe25ee258ba901ad38107c5c6b5846f0,False,True
R1001,GG0022,CVB0019,REF0084,1,3,XGBoost,ef4f82564a9ba494f340b55224365edc9cfc5cba40b00edea526e21aa7f8439a,0.9402024745941162,predict_proba,9eb1905b0d2d4dff99236976201e564cbe25ee258ba901ad38107c5c6b5846f0,False,True
R1002,GG0022,CVB0019,REF0084,1,3,XGBoost,ef4f82564a9ba494f340b55224365edc9cfc5cba40b00edea526e21aa7f8439a,0.12470654398202896,predict_proba,9eb1905b0d2d4dff99236976201e564cbe25ee258ba901ad38107c5c6b5846f0,False,True
R1003,GG0022,CVB0019,REF0084,1,3,XGBoost,ef4f82564a9ba494f340b55224365edc9cfc5cba40b00edea526e21aa7f8439a,0.13318659365177155,predict_proba,9eb1905b0d2d4dff99236976201e564cbe25ee258ba901ad38107c5c6b5846f0,False,True
R1004,GG0022,CVB0019,REF0084,1,3,XGBoost,ef4f82564a9ba494f340b55224365edc9cfc5cba40b00edea526e21aa7f8439a,0.9897189140319824,predict_proba,9eb1905b0d2d4dff99236976201e564cbe25ee258ba901ad38107c5c6b5846f0,False,True
R1005,GG0022,CVB0019,REF0084,1,3,XGBoost,ef4f82564a9ba494f340b55224365edc9cfc5cba40b00edea526e21aa7f8439a,0.0009621502249501646,predict_proba,9eb1905b0d2d4dff99236976201e564cbe25ee258ba901ad38107c5c6b5846f0,False,True
R1411,GG0011,CVB0011,REF0110,1,3,XGBoost,ef4f82564a9ba494f340b55224365edc9cfc5cba40b00edea526e21aa7f8439a,0.003619265276938677,predict_proba,9eb1905b0d2d4dff99236976201e564cbe25ee258ba901ad38107c5c6b5846f0,False,True
R1412,GG0011,CVB0011,REF0110,1,3,XGBoost,ef4f82564a9ba494f340b55224365edc9cfc5cba40b00edea526e21aa7f8439a,0.007752223871648312,predict_proba,9eb1905b0d2d4dff99236976201e564cbe25ee258ba901ad38107c5c6b5846f0,False,True
R1413,GG0011,CVB0011,REF0110,1,3,XGBoost,ef4f82564a9ba494f340b55224365edc9cfc5cba40b00edea526e21aa7f8439a,0.0009265989065170288,predict_proba,9eb1905b0d2d4dff99236976201e564cbe25ee258ba901ad38107c5c6b5846f0,False,True
R1414,GG0011,CVB0011,REF0110,1,3,XGBoost,ef4f82564a9ba494f340b55224365edc9cfc5cba40b00edea526e21aa7f8439a,0.0029497689101845026,predict_proba,9eb1905b0d2d4dff99236976201e564cbe25ee258ba901ad38107c5c6b5846f0,False,True
R1415,GG0011,CVB0011,REF0110,1,3,XGBoost,ef4f82564a9ba494f340b55224365edc9cfc5cba40b00edea526e21aa7f8439a,0.10481709986925125,predict_proba,9eb1905b0d2d4dff99236976201e564cbe25ee258ba901ad38107c5c6b5846f0,False,True
R1416,GG0011,CVB0011,REF0110,1,3,XGBoost,ef4f82564a9ba494f340b55224365edc9cfc5cba40b00edea526e21aa7f8439a,0.00452454062178731,predict_proba,9eb1905b0d2d4dff99236976201e564cbe25ee258ba901ad38107c5c6b5846f0,False,True
R1417,GG0011,CVB0011,REF0110,1,3,XGBoost,ef4f82564a9ba494f340b55224365edc9cfc5cba40b00edea526e21aa7f8439a,0.0037392887752503157,predict_proba,9eb1905b0d2d4dff99236976201e564cbe25ee258ba901ad38107c5c6b5846f0,False,True
R1418,GG0011,CVB0011,REF0110,1,3,XGBoost,ef4f82564a9ba494f340b55224365edc9cfc5cba40b00edea526e21aa7f8439a,0.012231806293129921,predict_proba,9eb1905b0d2d4dff99236976201e564cbe25ee258ba901ad38107c5c6b5846f0,False,True
R1419,GG0011,CVB0011,REF0110,1,3,XGBoost,ef4f82564a9ba494f340b55224365edc9cfc5cba40b00edea526e21aa7f8439a,0.002275656210258603,predict_proba,9eb1905b0d2d4dff99236976201e564cbe25ee258ba901ad38107c5c6b5846f0,False,True
R1420,GG0011,CVB0011,REF0110,1,3,XGBoost,ef4f82564a9ba494f340b55224365edc9cfc5cba40b00edea526e21aa7f8439a,0.0006727364379912615,predict_proba,9eb1905b0d2d4dff99236976201e564cbe25ee258ba901ad38107c5c6b5846f0,False,True
R1421,GG0011,CVB0011,REF0110,1,3,XGBoost,ef4f82564a9ba494f340b55224365edc9cfc5cba40b00edea526e21aa7f8439a,0.05146285891532898,predict_proba,9eb1905b0d2d4dff99236976201e564cbe25ee258ba901ad38107c5c6b5846f0,False,True
R1422,GG0011,CVB0011,REF0110,1,3,XGBoost,ef4f82564a9ba494f340b55224365edc9cfc5cba40b00edea526e21aa7f8439a,0.012885594740509987,predict_proba,9eb1905b0d2d4dff99236976201e564cbe25ee258ba901ad38107c5c6b5846f0,False,True
R1423,GG0011,CVB0011,REF0110,1,3,XGBoost,ef4f82564a9ba494f340b55224365edc9cfc5cba40b00edea526e21aa7f8439a,0.29815763235092163,predict_proba,9eb1905b0d2d4dff99236976201e564cbe25ee258ba901ad38107c5c6b5846f0,False,True
R1424,GG0011,CVB0011,REF0110,1,3,XGBoost,ef4f82564a9ba494f340b55224365edc9cfc5cba40b00edea526e21aa7f8439a,0.11940785497426987,predict_proba,9eb1905b0d2d4dff99236976201e564cbe25ee258ba901ad38107c5c6b5846f0,False,True
R1425,GG0011,CVB0011,REF0110,1,3,XGBoost,ef4f82564a9ba494f340b55224365edc9cfc5cba40b00edea526e21aa7f8439a,0.11911624670028687,predict_proba,9eb1905b0d2d4dff99236976201e564cbe25ee258ba901ad38107c5c6b5846f0,False,True
R1426,GG0011,CVB0011,REF0110,1,3,XGBoost,ef4f82564a9ba494f340b55224365edc9cfc5cba40b00edea526e21aa7f8439a,0.05092642456293106,predict_proba,9eb1905b0d2d4dff99236976201e564cbe25ee258ba901ad38107c5c6b5846f0,False,True
R1427,GG0011,CVB0011,REF0110,1,3,XGBoost,ef4f82564a9ba494f340b55224365edc9cfc5cba40b00edea526e21aa7f8439a,0.12266075611114502,predict_proba,9eb1905b0d2d4dff99236976201e564cbe25ee258ba901ad38107c5c6b5846f0,False,True
R1428,GG0011,CVB0011,REF0110,1,3,XGBoost,ef4f82564a9ba494f340b55224365edc9cfc5cba40b00edea526e21aa7f8439a,0.06001230329275131,predict_proba,9eb1905b0d2d4dff99236976201e564cbe25ee258ba901ad38107c5c6b5846f0,False,True
R1429,GG0011,CVB0011,REF0110,1,3,XGBoost,ef4f82564a9ba494f340b55224365edc9cfc5cba40b00edea526e21aa7f8439a,0.16500838100910187,predict_proba,9eb1905b0d2d4dff99236976201e564cbe25ee258ba901ad38107c5c6b5846f0,False,True
R1430,GG0011,CVB0011,REF0110,1,3,XGBoost,ef4f82564a9ba494f340b55224365edc9cfc5cba40b00edea526e21aa7f8439a,0.6001294851303101,predict_proba,9eb1905b0d2d4dff99236976201e564cbe25ee258ba901ad38107c5c6b5846f0,False,True
R2142,GG0033,CVB0030,REF0155,1,3,XGBoost,ef4f82564a9ba494f340b55224365edc9cfc5cba40b00edea526e21aa7f8439a,0.053690433502197266,predict_proba,9eb1905b0d2d4dff99236976201e564cbe25ee258ba901ad38107c5c6b5846f0,False,True
R2143,GG0033,CVB0030,REF0155,1,3,XGBoost,ef4f82564a9ba494f340b55224365edc9cfc5cba40b00edea526e21aa7f8439a,0.019414255395531654,predict_proba,9eb1905b0d2d4dff99236976201e564cbe25ee258ba901ad38107c5c6b5846f0,False,True
R2144,GG0033,CVB0030,REF0155,1,3,XGBoost,ef4f82564a9ba494f340b55224365edc9cfc5cba40b00edea526e21aa7f8439a,0.0022319983690977097,predict_proba,9eb1905b0d2d4dff99236976201e564cbe25ee258ba901ad38107c5c6b5846f0,False,True
R2145,GG0033,CVB0030,REF0155,1,3,XGBoost,ef4f82564a9ba494f340b55224365edc9cfc5cba40b00edea526e21aa7f8439a,0.022994890809059143,predict_proba,9eb1905b0d2d4dff99236976201e564cbe25ee258ba901ad38107c5c6b5846f0,False,True
R2146,GG0033,CVB0030,REF0155,1,3,XGBoost,ef4f82564a9ba494f340b55224365edc9cfc5cba40b00edea526e21aa7f8439a,0.05538489669561386,predict_proba,9eb1905b0d2d4dff99236976201e564cbe25ee258ba901ad38107c5c6b5846f0,False,True
R2147,GG0033,CVB0030,REF0155,1,3,XGBoost,ef4f82564a9ba494f340b55224365edc9cfc5cba40b00edea526e21aa7f8439a,0.017295531928539276,predict_proba,9eb1905b0d2d4dff99236976201e564cbe25ee258ba901ad38107c5c6b5846f0,False,True
R2783,GG0017,CVB0007,REF0200,1,3,XGBoost,ef4f82564a9ba494f340b55224365edc9cfc5cba40b00edea526e21aa7f8439a,0.010628169402480125,predict_proba,9eb1905b0d2d4dff99236976201e564cbe25ee258ba901ad38107c5c6b5846f0,True,True
R2785,GG0017,CVB0007,REF0200,1,3,XGBoost,ef4f82564a9ba494f340b55224365edc9cfc5cba40b00edea526e21aa7f8439a,0.016514640301465988,predict_proba,9eb1905b0d2d4dff99236976201e564cbe25ee258ba901ad38107c5c6b5846f0,True,True
R2786,GG0017,CVB0007,REF0200,1,3,XGBoost,ef4f82564a9ba494f340b55224365edc9cfc5cba40b00edea526e21aa7f8439a,0.31819793581962585,predict_proba,9eb1905b0d2d4dff99236976201e564cbe25ee258ba901ad38107c5c6b5846f0,True,True
R2787,GG0017,CVB0007,REF0200,1,3,XGBoost,ef4f82564a9ba494f340b55224365edc9cfc5cba40b00edea526e21aa7f8439a,0.02545817196369171,predict_proba,9eb1905b0d2d4dff99236976201e564cbe25ee258ba901ad38107c5c6b5846f0,True,True
R2788,GG0017,CVB0007,REF0200,1,3,XGBoost,ef4f82564a9ba494f340b55224365edc9cfc5cba40b00edea526e21aa7f8439a,0.4788432717323303,predict_proba,9eb1905b0d2d4dff99236976201e564cbe25ee258ba901ad38107c5c6b5846f0,True,True
R2789,GG0017,CVB0007,REF0200,1,3,XGBoost,ef4f82564a9ba494f340b55224365edc9cfc5cba40b00edea526e21aa7f8439a,0.7226518392562866,predict_proba,9eb1905b0d2d4dff99236976201e564cbe25ee258ba901ad38107c5c6b5846f0,True,True
R2791,GG0017,CVB0007,REF0200,1,3,XGBoost,ef4f82564a9ba494f340b55224365edc9cfc5cba40b00edea526e21aa7f8439a,0.2853364050388336,predict_proba,9eb1905b0d2d4dff99236976201e564cbe25ee258ba901ad38107c5c6b5846f0,True,True
R2795,GG0017,CVB0007,REF0200,1,3,XGBoost,ef4f82564a9ba494f340b55224365edc9cfc5cba40b00edea526e21aa7f8439a,0.027030538767576218,predict_proba,9eb1905b0d2d4dff99236976201e564cbe25ee258ba901ad38107c5c6b5846f0,True,True
R2797,GG0017,CVB0007,REF0200,1,3,XGBoost,ef4f82564a9ba494f340b55224365edc9cfc5cba40b00edea526e21aa7f8439a,0.002415253547951579,predict_proba,9eb1905b0d2d4dff99236976201e564cbe25ee258ba901ad38107c5c6b5846f0,True,True
R2842,GG0021,CVB0010,REF0206,1,3,XGBoost,ef4f82564a9ba494f340b55224365edc9cfc5cba40b00edea526e21aa7f8439a,0.0045536295510828495,predict_proba,9eb1905b0d2d4dff99236976201e564cbe25ee258ba901ad38107c5c6b5846f0,True,True
R2843,GG0021,CVB0010,REF0206,1,3,XGBoost,ef4f82564a9ba494f340b55224365edc9cfc5cba40b00edea526e21aa7f8439a,0.016417579725384712,predict_proba,9eb1905b0d2d4dff99236976201e564cbe25ee258ba901ad38107c5c6b5846f0,True,True
R2844,GG0021,CVB0010,REF0206,1,3,XGBoost,ef4f82564a9ba494f340b55224365edc9cfc5cba40b00edea526e21aa7f8439a,0.023086031898856163,predict_proba,9eb1905b0d2d4dff99236976201e564cbe25ee258ba901ad38107c5c6b5846f0,True,True
R2845,GG0021,CVB0010,REF0206,1,3,XGBoost,ef4f82564a9ba494f340b55224365edc9cfc5cba40b00edea526e21aa7f8439a,0.0948743149638176,predict_proba,9eb1905b0d2d4dff99236976201e564cbe25ee258ba901ad38107c5c6b5846f0,True,True
R2846,GG0021,CVB0010,REF0206,1,3,XGBoost,ef4f82564a9ba494f340b55224365edc9cfc5cba40b00edea526e21aa7f8439a,0.8901673555374146,predict_proba,9eb1905b0d2d4dff99236976201e564cbe25ee258ba901ad38107c5c6b5846f0,True,True
R2847,GG0021,CVB0010,REF0206,1,3,XGBoost,ef4f82564a9ba494f340b55224365edc9cfc5cba40b00edea526e21aa7f8439a,0.524390459060669,predict_proba,9eb1905b0d2d4dff99236976201e564cbe25ee258ba901ad38107c5c6b5846f0,True,True
R2848,GG0021,CVB0010,REF0206,1,3,XGBoost,ef4f82564a9ba494f340b55224365edc9cfc5cba40b00edea526e21aa7f8439a,0.2941231429576874,predict_proba,9eb1905b0d2d4dff99236976201e564cbe25ee258ba901ad38107c5c6b5846f0,True,True
R2849,GG0021,CVB0010,REF0206,1,3,XGBoost,ef4f82564a9ba494f340b55224365edc9cfc5cba40b00edea526e21aa7f8439a,0.7220583558082581,predict_proba,9eb1905b0d2d4dff99236976201e564cbe25ee258ba901ad38107c5c6b5846f0,True,True
R2858,GG0021,CVB0010,REF0208,1,3,XGBoost,ef4f82564a9ba494f340b55224365edc9cfc5cba40b00edea526e21aa7f8439a,0.48447611927986145,predict_proba,9eb1905b0d2d4dff99236976201e564cbe25ee258ba901ad38107c5c6b5846f0,True,True
R2859,GG0021,CVB0010,REF0208,1,3,XGBoost,ef4f82564a9ba494f340b55224365edc9cfc5cba40b00edea526e21aa7f8439a,0.9750416278839111,predict_proba,9eb1905b0d2d4dff99236976201e564cbe25ee258ba901ad38107c5c6b5846f0,True,True
R2860,GG0021,CVB0010,REF0208,1,3,XGBoost,ef4f82564a9ba494f340b55224365edc9cfc5cba40b00edea526e21aa7f8439a,0.7842081785202026,predict_proba,9eb1905b0d2d4dff99236976201e564cbe25ee258ba901ad38107c5c6b5846f0,True,True
R2861,GG0021,CVB0010,REF0208,1,3,XGBoost,ef4f82564a9ba494f340b55224365edc9cfc5cba40b00edea526e21aa7f8439a,0.8643350601196289,predict_proba,9eb1905b0d2d4dff99236976201e564cbe25ee258ba901ad38107c5c6b5846f0,True,True
R2862,GG0021,CVB0010,REF0208,1,3,XGBoost,ef4f82564a9ba494f340b55224365edc9cfc5cba40b00edea526e21aa7f8439a,0.8087606430053711,predict_proba,9eb1905b0d2d4dff99236976201e564cbe25ee258ba901ad38107c5c6b5846f0,True,True
R2863,GG0021,CVB0010,REF0208,1,3,XGBoost,ef4f82564a9ba494f340b55224365edc9cfc5cba40b00edea526e21aa7f8439a,0.8527674078941345,predict_proba,9eb1905b0d2d4dff99236976201e564cbe25ee258ba901ad38107c5c6b5846f0,True,True
R2864,GG0021,CVB0010,REF0208,1,3,XGBoost,ef4f82564a9ba494f340b55224365edc9cfc5cba40b00edea526e21aa7f8439a,0.12292637676000595,predict_proba,9eb1905b0d2d4dff99236976201e564cbe25ee258ba901ad38107c5c6b5846f0,True,True
R2869,GG0021,CVB0010,REF0209,1,3,XGBoost,ef4f82564a9ba494f340b55224365edc9cfc5cba40b00edea526e21aa7f8439a,0.8889879584312439,predict_proba,9eb1905b0d2d4dff99236976201e564cbe25ee258ba901ad38107c5c6b5846f0,True,True
R2870,GG0021,CVB0010,REF0209,1,3,XGBoost,ef4f82564a9ba494f340b55224365edc9cfc5cba40b00edea526e21aa7f8439a,0.9323713183403015,predict_proba,9eb1905b0d2d4dff99236976201e564cbe25ee258ba901ad38107c5c6b5846f0,True,True
R2871,GG0021,CVB0010,REF0209,1,3,XGBoost,ef4f82564a9ba494f340b55224365edc9cfc5cba40b00edea526e21aa7f8439a,0.7715580463409424,predict_proba,9eb1905b0d2d4dff99236976201e564cbe25ee258ba901ad38107c5c6b5846f0,True,True
R2872,GG0021,CVB0010,REF0209,1,3,XGBoost,ef4f82564a9ba494f340b55224365edc9cfc5cba40b00edea526e21aa7f8439a,0.8337016701698303,predict_proba,9eb1905b0d2d4dff99236976201e564cbe25ee258ba901ad38107c5c6b5846f0,True,True
R2875,GG0021,CVB0010,REF0209,1,3,XGBoost,ef4f82564a9ba494f340b55224365edc9cfc5cba40b00edea526e21aa7f8439a,0.667748212814331,predict_proba,9eb1905b0d2d4dff99236976201e564cbe25ee258ba901ad38107c5c6b5846f0,True,True
R0015,GG0021,CVB0010,REF0003,1,4,XGBoost,2a8b1d148acd67bb10e93abe1211393f264d78f08459ade4caba8041b6f90760,0.5454457998275757,predict_proba,9eb1905b0d2d4dff99236976201e564cbe25ee258ba901ad38107c5c6b5846f0,True,True
R0016,GG0021,CVB0010,REF0003,1,4,XGBoost,2a8b1d148acd67bb10e93abe1211393f264d78f08459ade4caba8041b6f90760,0.4308627247810364,predict_proba,9eb1905b0d2d4dff99236976201e564cbe25ee258ba901ad38107c5c6b5846f0,True,True
R0017,GG0021,CVB0010,REF0003,1,4,XGBoost,2a8b1d148acd67bb10e93abe1211393f264d78f08459ade4caba8041b6f90760,0.6303069591522217,predict_proba,9eb1905b0d2d4dff99236976201e564cbe25ee258ba901ad38107c5c6b5846f0,True,True
R0018,GG0021,CVB0010,REF0003,1,4,XGBoost,2a8b1d148acd67bb10e93abe1211393f264d78f08459ade4caba8041b6f90760,0.546482503414154,predict_proba,9eb1905b0d2d4dff99236976201e564cbe25ee258ba901ad38107c5c6b5846f0,True,True
R0019,GG0021,CVB0010,REF0003,1,4,XGBoost,2a8b1d148acd67bb10e93abe1211393f264d78f08459ade4caba8041b6f90760,0.6331552267074585,predict_proba,9eb1905b0d2d4dff99236976201e564cbe25ee258ba901ad38107c5c6b5846f0,True,True
R0020,GG0021,CVB0010,REF0003,1,4,XGBoost,2a8b1d148acd67bb10e93abe1211393f264d78f08459ade4caba8041b6f90760,0.9281920194625854,predict_proba,9eb1905b0d2d4dff99236976201e564cbe25ee258ba901ad38107c5c6b5846f0,True,True
R0021,GG0021,CVB0010,REF0003,1,4,XGBoost,2a8b1d148acd67bb10e93abe1211393f264d78f08459ade4caba8041b6f90760,0.903373122215271,predict_proba,9eb1905b0d2d4dff99236976201e564cbe25ee258ba901ad38107c5c6b5846f0,True,True
R0022,GG0021,CVB0010,REF0003,1,4,XGBoost,2a8b1d148acd67bb10e93abe1211393f264d78f08459ade4caba8041b6f90760,0.33183249831199646,predict_proba,9eb1905b0d2d4dff99236976201e564cbe25ee258ba901ad38107c5c6b5846f0,True,True
R0023,GG0021,CVB0010,REF0003,1,4,XGBoost,2a8b1d148acd67bb10e93abe1211393f264d78f08459ade4caba8041b6f90760,0.5061445236206055,predict_proba,9eb1905b0d2d4dff99236976201e564cbe25ee258ba901ad38107c5c6b5846f0,True,True
R0024,GG0021,CVB0010,REF0003,1,4,XGBoost,2a8b1d148acd67bb10e93abe1211393f264d78f08459ade4caba8041b6f90760,0.7886176705360413,predict_proba,9eb1905b0d2d4dff99236976201e564cbe25ee258ba901ad38107c5c6b5846f0,True,True
R0025,GG0021,CVB0010,REF0003,1,4,XGBoost,2a8b1d148acd67bb10e93abe1211393f264d78f08459ade4caba8041b6f90760,0.7870856523513794,predict_proba,9eb1905b0d2d4dff99236976201e564cbe25ee258ba901ad38107c5c6b5846f0,True,True
R0026,GG0021,CVB0010,REF0003,1,4,XGBoost,2a8b1d148acd67bb10e93abe1211393f264d78f08459ade4caba8041b6f90760,0.7610828280448914,predict_proba,9eb1905b0d2d4dff99236976201e564cbe25ee258ba901ad38107c5c6b5846f0,True,True
R0027,GG0021,CVB0010,REF0003,1,4,XGBoost,2a8b1d148acd67bb10e93abe1211393f264d78f08459ade4caba8041b6f90760,0.8854528665542603,predict_proba,9eb1905b0d2d4dff99236976201e564cbe25ee258ba901ad38107c5c6b5846f0,True,True
R0028,GG0021,CVB0010,REF0003,1,4,XGBoost,2a8b1d148acd67bb10e93abe1211393f264d78f08459ade4caba8041b6f90760,0.8454933762550354,predict_proba,9eb1905b0d2d4dff99236976201e564cbe25ee258ba901ad38107c5c6b5846f0,True,True
R0029,GG0021,CVB0010,REF0004,1,4,XGBoost,2a8b1d148acd67bb10e93abe1211393f264d78f08459ade4caba8041b6f90760,0.932748556137085,predict_proba,9eb1905b0d2d4dff99236976201e564cbe25ee258ba901ad38107c5c6b5846f0,True,True
R0030,GG0021,CVB0010,REF0004,1,4,XGBoost,2a8b1d148acd67bb10e93abe1211393f264d78f08459ade4caba8041b6f90760,0.7804895639419556,predict_proba,9eb1905b0d2d4dff99236976201e564cbe25ee258ba901ad38107c5c6b5846f0,True,True
R0031,GG0021,CVB0010,REF0004,1,4,XGBoost,2a8b1d148acd67bb10e93abe1211393f264d78f08459ade4caba8041b6f90760,0.5499154925346375,predict_proba,9eb1905b0d2d4dff99236976201e564cbe25ee258ba901ad38107c5c6b5846f0,True,True
R0032,GG0021,CVB0010,REF0004,1,4,XGBoost,2a8b1d148acd67bb10e93abe1211393f264d78f08459ade4caba8041b6f90760,0.7965332865715027,predict_proba,9eb1905b0d2d4dff99236976201e564cbe25ee258ba901ad38107c5c6b5846f0,True,True
R0033,GG0021,CVB0010,REF0004,1,4,XGBoost,2a8b1d148acd67bb10e93abe1211393f264d78f08459ade4caba8041b6f90760,0.7482991814613342,predict_proba,9eb1905b0d2d4dff99236976201e564cbe25ee258ba901ad38107c5c6b5846f0,True,True
R0034,GG0021,CVB0010,REF0004,1,4,XGBoost,2a8b1d148acd67bb10e93abe1211393f264d78f08459ade4caba8041b6f90760,0.3999370038509369,predict_proba,9eb1905b0d2d4dff99236976201e564cbe25ee258ba901ad38107c5c6b5846f0,True,True
R0035,GG0021,CVB0010,REF0004,1,4,XGBoost,2a8b1d148acd67bb10e93abe1211393f264d78f08459ade4caba8041b6f90760,0.6444453597068787,predict_proba,9eb1905b0d2d4dff99236976201e564cbe25ee258ba901ad38107c5c6b5846f0,True,True
R0036,GG0021,CVB0010,REF0004,1,4,XGBoost,2a8b1d148acd67bb10e93abe1211393f264d78f08459ade4caba8041b6f90760,0.6867013573646545,predict_proba,9eb1905b0d2d4dff99236976201e564cbe25ee258ba901ad38107c5c6b5846f0,True,True
R0037,GG0022,CVB0019,REF0005,1,4,XGBoost,2a8b1d148acd67bb10e93abe1211393f264d78f08459ade4caba8041b6f90760,0.1681947261095047,predict_proba,9eb1905b0d2d4dff99236976201e564cbe25ee258ba901ad38107c5c6b5846f0,False,True
R0038,GG0022,CVB0019,REF0005,1,4,XGBoost,2a8b1d148acd67bb10e93abe1211393f264d78f08459ade4caba8041b6f90760,0.5547552108764648,predict_proba,9eb1905b0d2d4dff99236976201e564cbe25ee258ba901ad38107c5c6b5846f0,False,True
R0039,GG0022,CVB0019,REF0005,1,4,XGBoost,2a8b1d148acd67bb10e93abe1211393f264d78f08459ade4caba8041b6f90760,0.0671088695526123,predict_proba,9eb1905b0d2d4dff99236976201e564cbe25ee258ba901ad38107c5c6b5846f0,False,True
R0040,GG0022,CVB0019,REF0005,1,4,XGBoost,2a8b1d148acd67bb10e93abe1211393f264d78f08459ade4caba8041b6f90760,0.13149838149547577,predict_proba,9eb1905b0d2d4dff99236976201e564cbe25ee258ba901ad38107c5c6b5846f0,False,True
R0041,GG0022,CVB0019,REF0005,1,4,XGBoost,2a8b1d148acd67bb10e93abe1211393f264d78f08459ade4caba8041b6f90760,0.06094292923808098,predict_proba,9eb1905b0d2d4dff99236976201e564cbe25ee258ba901ad38107c5c6b5846f0,False,True
R0042,GG0022,CVB0019,REF0005,1,4,XGBoost,2a8b1d148acd67bb10e93abe1211393f264d78f08459ade4caba8041b6f90760,0.14578290283679962,predict_proba,9eb1905b0d2d4dff99236976201e564cbe25ee258ba901ad38107c5c6b5846f0,False,True
R0043,GG0022,CVB0019,REF0005,1,4,XGBoost,2a8b1d148acd67bb10e93abe1211393f264d78f08459ade4caba8041b6f90760,0.12387976050376892,predict_proba,9eb1905b0d2d4dff99236976201e564cbe25ee258ba901ad38107c5c6b5846f0,False,True
R0044,GG0022,CVB0019,REF0005,1,4,XGBoost,2a8b1d148acd67bb10e93abe1211393f264d78f08459ade4caba8041b6f90760,0.33155474066734314,predict_proba,9eb1905b0d2d4dff99236976201e564cbe25ee258ba901ad38107c5c6b5846f0,False,True
R0045,GG0022,CVB0019,REF0005,1,4,XGBoost,2a8b1d148acd67bb10e93abe1211393f264d78f08459ade4caba8041b6f90760,0.5699427127838135,predict_proba,9eb1905b0d2d4dff99236976201e564cbe25ee258ba901ad38107c5c6b5846f0,False,True
R0046,GG0022,CVB0019,REF0005,1,4,XGBoost,2a8b1d148acd67bb10e93abe1211393f264d78f08459ade4caba8041b6f90760,0.16585232317447662,predict_proba,9eb1905b0d2d4dff99236976201e564cbe25ee258ba901ad38107c5c6b5846f0,False,True
R0047,GG0022,CVB0019,REF0005,1,4,XGBoost,2a8b1d148acd67bb10e93abe1211393f264d78f08459ade4caba8041b6f90760,0.4818307161331177,predict_proba,9eb1905b0d2d4dff99236976201e564cbe25ee258ba901ad38107c5c6b5846f0,False,True
R0048,GG0022,CVB0019,REF0005,1,4,XGBoost,2a8b1d148acd67bb10e93abe1211393f264d78f08459ade4caba8041b6f90760,0.24708589911460876,predict_proba,9eb1905b0d2d4dff99236976201e564cbe25ee258ba901ad38107c5c6b5846f0,False,True
R0060,GG0021,CVB0010,REF0008,1,4,XGBoost,2a8b1d148acd67bb10e93abe1211393f264d78f08459ade4caba8041b6f90760,0.2652599811553955,predict_proba,9eb1905b0d2d4dff99236976201e564cbe25ee258ba901ad38107c5c6b5846f0,True,True
R0061,GG0021,CVB0010,REF0008,1,4,XGBoost,2a8b1d148acd67bb10e93abe1211393f264d78f08459ade4caba8041b6f90760,0.8523020148277283,predict_proba,9eb1905b0d2d4dff99236976201e564cbe25ee258ba901ad38107c5c6b5846f0,True,True
R0062,GG0021,CVB0010,REF0008,1,4,XGBoost,2a8b1d148acd67bb10e93abe1211393f264d78f08459ade4caba8041b6f90760,0.9126895070075989,predict_proba,9eb1905b0d2d4dff99236976201e564cbe25ee258ba901ad38107c5c6b5846f0,True,True
R0063,GG0021,CVB0010,REF0008,1,4,XGBoost,2a8b1d148acd67bb10e93abe1211393f264d78f08459ade4caba8041b6f90760,0.4829201400279999,predict_proba,9eb1905b0d2d4dff99236976201e564cbe25ee258ba901ad38107c5c6b5846f0,True,True
R0064,GG0021,CVB0010,REF0008,1,4,XGBoost,2a8b1d148acd67bb10e93abe1211393f264d78f08459ade4caba8041b6f90760,0.9057528376579285,predict_proba,9eb1905b0d2d4dff99236976201e564cbe25ee258ba901ad38107c5c6b5846f0,True,True
R0065,GG0021,CVB0010,REF0008,1,4,XGBoost,2a8b1d148acd67bb10e93abe1211393f264d78f08459ade4caba8041b6f90760,0.796842098236084,predict_proba,9eb1905b0d2d4dff99236976201e564cbe25ee258ba901ad38107c5c6b5846f0,True,True
R0066,GG0021,CVB0010,REF0008,1,4,XGBoost,2a8b1d148acd67bb10e93abe1211393f264d78f08459ade4caba8041b6f90760,0.5103359818458557,predict_proba,9eb1905b0d2d4dff99236976201e564cbe25ee258ba901ad38107c5c6b5846f0,True,True
R0067,GG0021,CVB0010,REF0008,1,4,XGBoost,2a8b1d148acd67bb10e93abe1211393f264d78f08459ade4caba8041b6f90760,0.17970013618469238,predict_proba,9eb1905b0d2d4dff99236976201e564cbe25ee258ba901ad38107c5c6b5846f0,True,True
R0068,GG0021,CVB0010,REF0008,1,4,XGBoost,2a8b1d148acd67bb10e93abe1211393f264d78f08459ade4caba8041b6f90760,0.5639783143997192,predict_proba,9eb1905b0d2d4dff99236976201e564cbe25ee258ba901ad38107c5c6b5846f0,True,True
R0069,GG0021,CVB0010,REF0008,1,4,XGBoost,2a8b1d148acd67bb10e93abe1211393f264d78f08459ade4caba8041b6f90760,0.6506150960922241,predict_proba,9eb1905b0d2d4dff99236976201e564cbe25ee258ba901ad38107c5c6b5846f0,True,True
R0070,GG0021,CVB0010,REF0008,1,4,XGBoost,2a8b1d148acd67bb10e93abe1211393f264d78f08459ade4caba8041b6f90760,0.7954049110412598,predict_proba,9eb1905b0d2d4dff99236976201e564cbe25ee258ba901ad38107c5c6b5846f0,True,True
R0071,GG0021,CVB0010,REF0008,1,4,XGBoost,2a8b1d148acd67bb10e93abe1211393f264d78f08459ade4caba8041b6f90760,0.825225293636322,predict_proba,9eb1905b0d2d4dff99236976201e564cbe25ee258ba901ad38107c5c6b5846f0,True,True
R0072,GG0021,CVB0010,REF0008,1,4,XGBoost,2a8b1d148acd67bb10e93abe1211393f264d78f08459ade4caba8041b6f90760,0.9509065747261047,predict_proba,9eb1905b0d2d4dff99236976201e564cbe25ee258ba901ad38107c5c6b5846f0,True,True
R0073,GG0021,CVB0010,REF0008,1,4,XGBoost,2a8b1d148acd67bb10e93abe1211393f264d78f08459ade4caba8041b6f90760,0.7484601140022278,predict_proba,9eb1905b0d2d4dff99236976201e564cbe25ee258ba901ad38107c5c6b5846f0,True,True
R0074,GG0021,CVB0010,REF0008,1,4,XGBoost,2a8b1d148acd67bb10e93abe1211393f264d78f08459ade4caba8041b6f90760,0.7616573572158813,predict_proba,9eb1905b0d2d4dff99236976201e564cbe25ee258ba901ad38107c5c6b5846f0,True,True
R0075,GG0021,CVB0010,REF0008,1,4,XGBoost,2a8b1d148acd67bb10e93abe1211393f264d78f08459ade4caba8041b6f90760,0.8424362540245056,predict_proba,9eb1905b0d2d4dff99236976201e564cbe25ee258ba901ad38107c5c6b5846f0,True,True
R0076,GG0021,CVB0010,REF0008,1,4,XGBoost,2a8b1d148acd67bb10e93abe1211393f264d78f08459ade4caba8041b6f90760,0.8995119333267212,predict_proba,9eb1905b0d2d4dff99236976201e564cbe25ee258ba901ad38107c5c6b5846f0,True,True
R0077,GG0021,CVB0010,REF0008,1,4,XGBoost,2a8b1d148acd67bb10e93abe1211393f264d78f08459ade4caba8041b6f90760,0.9821702241897583,predict_proba,9eb1905b0d2d4dff99236976201e564cbe25ee258ba901ad38107c5c6b5846f0,True,True
R0078,GG0021,CVB0010,REF0008,1,4,XGBoost,2a8b1d148acd67bb10e93abe1211393f264d78f08459ade4caba8041b6f90760,0.9712545275688171,predict_proba,9eb1905b0d2d4dff99236976201e564cbe25ee258ba901ad38107c5c6b5846f0,True,True
R0079,GG0021,CVB0010,REF0008,1,4,XGBoost,2a8b1d148acd67bb10e93abe1211393f264d78f08459ade4caba8041b6f90760,0.9651605486869812,predict_proba,9eb1905b0d2d4dff99236976201e564cbe25ee258ba901ad38107c5c6b5846f0,True,True
R0080,GG0021,CVB0010,REF0008,1,4,XGBoost,2a8b1d148acd67bb10e93abe1211393f264d78f08459ade4caba8041b6f90760,0.9542375802993774,predict_proba,9eb1905b0d2d4dff99236976201e564cbe25ee258ba901ad38107c5c6b5846f0,True,True
R0123,GG0017,CVB0007,REF0013,1,4,XGBoost,2a8b1d148acd67bb10e93abe1211393f264d78f08459ade4caba8041b6f90760,0.02538827247917652,predict_proba,9eb1905b0d2d4dff99236976201e564cbe25ee258ba901ad38107c5c6b5846f0,False,True
R0124,GG0017,CVB0007,REF0013,1,4,XGBoost,2a8b1d148acd67bb10e93abe1211393f264d78f08459ade4caba8041b6f90760,0.03896721452474594,predict_proba,9eb1905b0d2d4dff99236976201e564cbe25ee258ba901ad38107c5c6b5846f0,False,True
R0125,GG0017,CVB0007,REF0013,1,4,XGBoost,2a8b1d148acd67bb10e93abe1211393f264d78f08459ade4caba8041b6f90760,0.03617016226053238,predict_proba,9eb1905b0d2d4dff99236976201e564cbe25ee258ba901ad38107c5c6b5846f0,False,True
R0126,GG0017,CVB0007,REF0013,1,4,XGBoost,2a8b1d148acd67bb10e93abe1211393f264d78f08459ade4caba8041b6f90760,0.12879081070423126,predict_proba,9eb1905b0d2d4dff99236976201e564cbe25ee258ba901ad38107c5c6b5846f0,False,True
R0127,GG0017,CVB0007,REF0013,1,4,XGBoost,2a8b1d148acd67bb10e93abe1211393f264d78f08459ade4caba8041b6f90760,0.10013381391763687,predict_proba,9eb1905b0d2d4dff99236976201e564cbe25ee258ba901ad38107c5c6b5846f0,False,True
R0128,GG0017,CVB0007,REF0013,1,4,XGBoost,2a8b1d148acd67bb10e93abe1211393f264d78f08459ade4caba8041b6f90760,0.45089226961135864,predict_proba,9eb1905b0d2d4dff99236976201e564cbe25ee258ba901ad38107c5c6b5846f0,False,True
R0199,GG0033,CVB0030,REF0021,1,4,XGBoost,2a8b1d148acd67bb10e93abe1211393f264d78f08459ade4caba8041b6f90760,0.5463252067565918,predict_proba,9eb1905b0d2d4dff99236976201e564cbe25ee258ba901ad38107c5c6b5846f0,False,True
R0200,GG0033,CVB0030,REF0021,1,4,XGBoost,2a8b1d148acd67bb10e93abe1211393f264d78f08459ade4caba8041b6f90760,0.6464378237724304,predict_proba,9eb1905b0d2d4dff99236976201e564cbe25ee258ba901ad38107c5c6b5846f0,False,True
R0201,GG0033,CVB0030,REF0021,1,4,XGBoost,2a8b1d148acd67bb10e93abe1211393f264d78f08459ade4caba8041b6f90760,0.9075627326965332,predict_proba,9eb1905b0d2d4dff99236976201e564cbe25ee258ba901ad38107c5c6b5846f0,False,True
R0202,GG0033,CVB0030,REF0021,1,4,XGBoost,2a8b1d148acd67bb10e93abe1211393f264d78f08459ade4caba8041b6f90760,0.901506781578064,predict_proba,9eb1905b0d2d4dff99236976201e564cbe25ee258ba901ad38107c5c6b5846f0,False,True
R0203,GG0033,CVB0030,REF0021,1,4,XGBoost,2a8b1d148acd67bb10e93abe1211393f264d78f08459ade4caba8041b6f90760,0.0937037318944931,predict_proba,9eb1905b0d2d4dff99236976201e564cbe25ee258ba901ad38107c5c6b5846f0,False,True
R0204,GG0033,CVB0030,REF0021,1,4,XGBoost,2a8b1d148acd67bb10e93abe1211393f264d78f08459ade4caba8041b6f90760,0.7653216123580933,predict_proba,9eb1905b0d2d4dff99236976201e564cbe25ee258ba901ad38107c5c6b5846f0,False,True
R0205,GG0033,CVB0030,REF0021,1,4,XGBoost,2a8b1d148acd67bb10e93abe1211393f264d78f08459ade4caba8041b6f90760,0.8877424597740173,predict_proba,9eb1905b0d2d4dff99236976201e564cbe25ee258ba901ad38107c5c6b5846f0,False,True
R0206,GG0033,CVB0030,REF0021,1,4,XGBoost,2a8b1d148acd67bb10e93abe1211393f264d78f08459ade4caba8041b6f90760,0.8271377682685852,predict_proba,9eb1905b0d2d4dff99236976201e564cbe25ee258ba901ad38107c5c6b5846f0,False,True
R0207,GG0033,CVB0030,REF0021,1,4,XGBoost,2a8b1d148acd67bb10e93abe1211393f264d78f08459ade4caba8041b6f90760,0.006179917603731155,predict_proba,9eb1905b0d2d4dff99236976201e564cbe25ee258ba901ad38107c5c6b5846f0,False,True
R0208,GG0033,CVB0030,REF0021,1,4,XGBoost,2a8b1d148acd67bb10e93abe1211393f264d78f08459ade4caba8041b6f90760,0.004555421881377697,predict_proba,9eb1905b0d2d4dff99236976201e564cbe25ee258ba901ad38107c5c6b5846f0,False,True
R0209,GG0033,CVB0030,REF0021,1,4,XGBoost,2a8b1d148acd67bb10e93abe1211393f264d78f08459ade4caba8041b6f90760,0.0021649161353707314,predict_proba,9eb1905b0d2d4dff99236976201e564cbe25ee258ba901ad38107c5c6b5846f0,False,True
R0210,GG0033,CVB0030,REF0021,1,4,XGBoost,2a8b1d148acd67bb10e93abe1211393f264d78f08459ade4caba8041b6f90760,0.1269785612821579,predict_proba,9eb1905b0d2d4dff99236976201e564cbe25ee258ba901ad38107c5c6b5846f0,False,True
R0211,GG0033,CVB0030,REF0021,1,4,XGBoost,2a8b1d148acd67bb10e93abe1211393f264d78f08459ade4caba8041b6f90760,0.38866904377937317,predict_proba,9eb1905b0d2d4dff99236976201e564cbe25ee258ba901ad38107c5c6b5846f0,False,True
R0212,GG0033,CVB0030,REF0021,1,4,XGBoost,2a8b1d148acd67bb10e93abe1211393f264d78f08459ade4caba8041b6f90760,0.43951115012168884,predict_proba,9eb1905b0d2d4dff99236976201e564cbe25ee258ba901ad38107c5c6b5846f0,False,True
R0213,GG0033,CVB0030,REF0022,1,4,XGBoost,2a8b1d148acd67bb10e93abe1211393f264d78f08459ade4caba8041b6f90760,0.028259478509426117,predict_proba,9eb1905b0d2d4dff99236976201e564cbe25ee258ba901ad38107c5c6b5846f0,False,True
R0214,GG0033,CVB0030,REF0022,1,4,XGBoost,2a8b1d148acd67bb10e93abe1211393f264d78f08459ade4caba8041b6f90760,0.8091019988059998,predict_proba,9eb1905b0d2d4dff99236976201e564cbe25ee258ba901ad38107c5c6b5846f0,False,True
R0215,GG0033,CVB0030,REF0022,1,4,XGBoost,2a8b1d148acd67bb10e93abe1211393f264d78f08459ade4caba8041b6f90760,0.12434710562229156,predict_proba,9eb1905b0d2d4dff99236976201e564cbe25ee258ba901ad38107c5c6b5846f0,False,True
R0360,GG0021,CVB0010,REF0036,1,4,XGBoost,2a8b1d148acd67bb10e93abe1211393f264d78f08459ade4caba8041b6f90760,0.3349035084247589,predict_proba,9eb1905b0d2d4dff99236976201e564cbe25ee258ba901ad38107c5c6b5846f0,True,True
R0361,GG0021,CVB0010,REF0036,1,4,XGBoost,2a8b1d148acd67bb10e93abe1211393f264d78f08459ade4caba8041b6f90760,0.04430786892771721,predict_proba,9eb1905b0d2d4dff99236976201e564cbe25ee258ba901ad38107c5c6b5846f0,True,True
R0362,GG0021,CVB0010,REF0036,1,4,XGBoost,2a8b1d148acd67bb10e93abe1211393f264d78f08459ade4caba8041b6f90760,0.14700499176979065,predict_proba,9eb1905b0d2d4dff99236976201e564cbe25ee258ba901ad38107c5c6b5846f0,True,True
R0363,GG0021,CVB0010,REF0036,1,4,XGBoost,2a8b1d148acd67bb10e93abe1211393f264d78f08459ade4caba8041b6f90760,0.7762911915779114,predict_proba,9eb1905b0d2d4dff99236976201e564cbe25ee258ba901ad38107c5c6b5846f0,True,True
R0364,GG0021,CVB0010,REF0036,1,4,XGBoost,2a8b1d148acd67bb10e93abe1211393f264d78f08459ade4caba8041b6f90760,0.838370680809021,predict_proba,9eb1905b0d2d4dff99236976201e564cbe25ee258ba901ad38107c5c6b5846f0,True,True
R0365,GG0021,CVB0010,REF0036,1,4,XGBoost,2a8b1d148acd67bb10e93abe1211393f264d78f08459ade4caba8041b6f90760,0.6719285845756531,predict_proba,9eb1905b0d2d4dff99236976201e564cbe25ee258ba901ad38107c5c6b5846f0,True,True
R0366,GG0021,CVB0010,REF0036,1,4,XGBoost,2a8b1d148acd67bb10e93abe1211393f264d78f08459ade4caba8041b6f90760,0.8125116229057312,predict_proba,9eb1905b0d2d4dff99236976201e564cbe25ee258ba901ad38107c5c6b5846f0,True,True
R0367,GG0021,CVB0010,REF0036,1,4,XGBoost,2a8b1d148acd67bb10e93abe1211393f264d78f08459ade4caba8041b6f90760,0.21293143928050995,predict_proba,9eb1905b0d2d4dff99236976201e564cbe25ee258ba901ad38107c5c6b5846f0,True,True
R0368,GG0021,CVB0010,REF0036,1,4,XGBoost,2a8b1d148acd67bb10e93abe1211393f264d78f08459ade4caba8041b6f90760,0.9615902900695801,predict_proba,9eb1905b0d2d4dff99236976201e564cbe25ee258ba901ad38107c5c6b5846f0,True,True
R0369,GG0021,CVB0010,REF0036,1,4,XGBoost,2a8b1d148acd67bb10e93abe1211393f264d78f08459ade4caba8041b6f90760,0.9553744196891785,predict_proba,9eb1905b0d2d4dff99236976201e564cbe25ee258ba901ad38107c5c6b5846f0,True,True
R0457,GG0021,CVB0010,REF0042,1,4,XGBoost,2a8b1d148acd67bb10e93abe1211393f264d78f08459ade4caba8041b6f90760,0.485304057598114,predict_proba,9eb1905b0d2d4dff99236976201e564cbe25ee258ba901ad38107c5c6b5846f0,True,True
R0458,GG0021,CVB0010,REF0042,1,4,XGBoost,2a8b1d148acd67bb10e93abe1211393f264d78f08459ade4caba8041b6f90760,0.5835748910903931,predict_proba,9eb1905b0d2d4dff99236976201e564cbe25ee258ba901ad38107c5c6b5846f0,True,True
R0459,GG0021,CVB0010,REF0042,1,4,XGBoost,2a8b1d148acd67bb10e93abe1211393f264d78f08459ade4caba8041b6f90760,0.4663066565990448,predict_proba,9eb1905b0d2d4dff99236976201e564cbe25ee258ba901ad38107c5c6b5846f0,True,True
R0460,GG0021,CVB0010,REF0042,1,4,XGBoost,2a8b1d148acd67bb10e93abe1211393f264d78f08459ade4caba8041b6f90760,0.8331469893455505,predict_proba,9eb1905b0d2d4dff99236976201e564cbe25ee258ba901ad38107c5c6b5846f0,True,True
R0461,GG0021,CVB0010,REF0042,1,4,XGBoost,2a8b1d148acd67bb10e93abe1211393f264d78f08459ade4caba8041b6f90760,0.2612391412258148,predict_proba,9eb1905b0d2d4dff99236976201e564cbe25ee258ba901ad38107c5c6b5846f0,True,True
R0462,GG0021,CVB0010,REF0042,1,4,XGBoost,2a8b1d148acd67bb10e93abe1211393f264d78f08459ade4caba8041b6f90760,0.5065773129463196,predict_proba,9eb1905b0d2d4dff99236976201e564cbe25ee258ba901ad38107c5c6b5846f0,True,True
R0463,GG0021,CVB0010,REF0042,1,4,XGBoost,2a8b1d148acd67bb10e93abe1211393f264d78f08459ade4caba8041b6f90760,0.22288256883621216,predict_proba,9eb1905b0d2d4dff99236976201e564cbe25ee258ba901ad38107c5c6b5846f0,True,True
R0464,GG0021,CVB0010,REF0042,1,4,XGBoost,2a8b1d148acd67bb10e93abe1211393f264d78f08459ade4caba8041b6f90760,0.030150031670928,predict_proba,9eb1905b0d2d4dff99236976201e564cbe25ee258ba901ad38107c5c6b5846f0,True,True
R0465,GG0021,CVB0010,REF0042,1,4,XGBoost,2a8b1d148acd67bb10e93abe1211393f264d78f08459ade4caba8041b6f90760,0.17503836750984192,predict_proba,9eb1905b0d2d4dff99236976201e564cbe25ee258ba901ad38107c5c6b5846f0,True,True
R0466,GG0021,CVB0010,REF0042,1,4,XGBoost,2a8b1d148acd67bb10e93abe1211393f264d78f08459ade4caba8041b6f90760,0.129243403673172,predict_proba,9eb1905b0d2d4dff99236976201e564cbe25ee258ba901ad38107c5c6b5846f0,True,True
R0467,GG0021,CVB0010,REF0042,1,4,XGBoost,2a8b1d148acd67bb10e93abe1211393f264d78f08459ade4caba8041b6f90760,0.04632924124598503,predict_proba,9eb1905b0d2d4dff99236976201e564cbe25ee258ba901ad38107c5c6b5846f0,True,True
R0468,GG0021,CVB0010,REF0042,1,4,XGBoost,2a8b1d148acd67bb10e93abe1211393f264d78f08459ade4caba8041b6f90760,0.5656539797782898,predict_proba,9eb1905b0d2d4dff99236976201e564cbe25ee258ba901ad38107c5c6b5846f0,True,True
R0469,GG0021,CVB0010,REF0042,1,4,XGBoost,2a8b1d148acd67bb10e93abe1211393f264d78f08459ade4caba8041b6f90760,0.6344316005706787,predict_proba,9eb1905b0d2d4dff99236976201e564cbe25ee258ba901ad38107c5c6b5846f0,True,True
R0470,GG0021,CVB0010,REF0042,1,4,XGBoost,2a8b1d148acd67bb10e93abe1211393f264d78f08459ade4caba8041b6f90760,0.07603944092988968,predict_proba,9eb1905b0d2d4dff99236976201e564cbe25ee258ba901ad38107c5c6b5846f0,True,True
R0471,GG0021,CVB0010,REF0042,1,4,XGBoost,2a8b1d148acd67bb10e93abe1211393f264d78f08459ade4caba8041b6f90760,0.11717239767313004,predict_proba,9eb1905b0d2d4dff99236976201e564cbe25ee258ba901ad38107c5c6b5846f0,True,True
R0472,GG0021,CVB0010,REF0042,1,4,XGBoost,2a8b1d148acd67bb10e93abe1211393f264d78f08459ade4caba8041b6f90760,0.33042728900909424,predict_proba,9eb1905b0d2d4dff99236976201e564cbe25ee258ba901ad38107c5c6b5846f0,True,True
R0473,GG0021,CVB0010,REF0042,1,4,XGBoost,2a8b1d148acd67bb10e93abe1211393f264d78f08459ade4caba8041b6f90760,0.1459227204322815,predict_proba,9eb1905b0d2d4dff99236976201e564cbe25ee258ba901ad38107c5c6b5846f0,True,True
R0474,GG0021,CVB0010,REF0042,1,4,XGBoost,2a8b1d148acd67bb10e93abe1211393f264d78f08459ade4caba8041b6f90760,0.17158877849578857,predict_proba,9eb1905b0d2d4dff99236976201e564cbe25ee258ba901ad38107c5c6b5846f0,True,True
R0475,GG0021,CVB0010,REF0042,1,4,XGBoost,2a8b1d148acd67bb10e93abe1211393f264d78f08459ade4caba8041b6f90760,0.030847158282995224,predict_proba,9eb1905b0d2d4dff99236976201e564cbe25ee258ba901ad38107c5c6b5846f0,True,True
R0476,GG0021,CVB0010,REF0042,1,4,XGBoost,2a8b1d148acd67bb10e93abe1211393f264d78f08459ade4caba8041b6f90760,0.7764574289321899,predict_proba,9eb1905b0d2d4dff99236976201e564cbe25ee258ba901ad38107c5c6b5846f0,True,True
R0477,GG0021,CVB0010,REF0042,1,4,XGBoost,2a8b1d148acd67bb10e93abe1211393f264d78f08459ade4caba8041b6f90760,0.03970300406217575,predict_proba,9eb1905b0d2d4dff99236976201e564cbe25ee258ba901ad38107c5c6b5846f0,True,True
R0478,GG0021,CVB0010,REF0043,1,4,XGBoost,2a8b1d148acd67bb10e93abe1211393f264d78f08459ade4caba8041b6f90760,0.6175116300582886,predict_proba,9eb1905b0d2d4dff99236976201e564cbe25ee258ba901ad38107c5c6b5846f0,True,True
R0479,GG0021,CVB0010,REF0043,1,4,XGBoost,2a8b1d148acd67bb10e93abe1211393f264d78f08459ade4caba8041b6f90760,0.6507168412208557,predict_proba,9eb1905b0d2d4dff99236976201e564cbe25ee258ba901ad38107c5c6b5846f0,True,True
R0480,GG0021,CVB0010,REF0043,1,4,XGBoost,2a8b1d148acd67bb10e93abe1211393f264d78f08459ade4caba8041b6f90760,0.9031423330307007,predict_proba,9eb1905b0d2d4dff99236976201e564cbe25ee258ba901ad38107c5c6b5846f0,True,True
R0481,GG0021,CVB0010,REF0043,1,4,XGBoost,2a8b1d148acd67bb10e93abe1211393f264d78f08459ade4caba8041b6f90760,0.732955276966095,predict_proba,9eb1905b0d2d4dff99236976201e564cbe25ee258ba901ad38107c5c6b5846f0,True,True
R0482,GG0021,CVB0010,REF0043,1,4,XGBoost,2a8b1d148acd67bb10e93abe1211393f264d78f08459ade4caba8041b6f90760,0.6150604486465454,predict_proba,9eb1905b0d2d4dff99236976201e564cbe25ee258ba901ad38107c5c6b5846f0,True,True
R0483,GG0021,CVB0010,REF0043,1,4,XGBoost,2a8b1d148acd67bb10e93abe1211393f264d78f08459ade4caba8041b6f90760,0.7046043276786804,predict_proba,9eb1905b0d2d4dff99236976201e564cbe25ee258ba901ad38107c5c6b5846f0,True,True
R0484,GG0021,CVB0010,REF0043,1,4,XGBoost,2a8b1d148acd67bb10e93abe1211393f264d78f08459ade4caba8041b6f90760,0.4345850646495819,predict_proba,9eb1905b0d2d4dff99236976201e564cbe25ee258ba901ad38107c5c6b5846f0,True,True
R0485,GG0021,CVB0010,REF0043,1,4,XGBoost,2a8b1d148acd67bb10e93abe1211393f264d78f08459ade4caba8041b6f90760,0.7205964922904968,predict_proba,9eb1905b0d2d4dff99236976201e564cbe25ee258ba901ad38107c5c6b5846f0,True,True
R0486,GG0021,CVB0010,REF0043,1,4,XGBoost,2a8b1d148acd67bb10e93abe1211393f264d78f08459ade4caba8041b6f90760,0.9605951905250549,predict_proba,9eb1905b0d2d4dff99236976201e564cbe25ee258ba901ad38107c5c6b5846f0,True,True
R0487,GG0021,CVB0010,REF0043,1,4,XGBoost,2a8b1d148acd67bb10e93abe1211393f264d78f08459ade4caba8041b6f90760,0.9455874562263489,predict_proba,9eb1905b0d2d4dff99236976201e564cbe25ee258ba901ad38107c5c6b5846f0,True,True
R0488,GG0021,CVB0010,REF0043,1,4,XGBoost,2a8b1d148acd67bb10e93abe1211393f264d78f08459ade4caba8041b6f90760,0.7305938005447388,predict_proba,9eb1905b0d2d4dff99236976201e564cbe25ee258ba901ad38107c5c6b5846f0,True,True
R0489,GG0021,CVB0010,REF0043,1,4,XGBoost,2a8b1d148acd67bb10e93abe1211393f264d78f08459ade4caba8041b6f90760,0.9692438840866089,predict_proba,9eb1905b0d2d4dff99236976201e564cbe25ee258ba901ad38107c5c6b5846f0,True,True
R0490,GG0021,CVB0010,REF0043,1,4,XGBoost,2a8b1d148acd67bb10e93abe1211393f264d78f08459ade4caba8041b6f90760,0.44664710760116577,predict_proba,9eb1905b0d2d4dff99236976201e564cbe25ee258ba901ad38107c5c6b5846f0,True,True
R0491,GG0021,CVB0010,REF0043,1,4,XGBoost,2a8b1d148acd67bb10e93abe1211393f264d78f08459ade4caba8041b6f90760,0.9665530920028687,predict_proba,9eb1905b0d2d4dff99236976201e564cbe25ee258ba901ad38107c5c6b5846f0,True,True
R0492,GG0021,CVB0010,REF0043,1,4,XGBoost,2a8b1d148acd67bb10e93abe1211393f264d78f08459ade4caba8041b6f90760,0.9773666262626648,predict_proba,9eb1905b0d2d4dff99236976201e564cbe25ee258ba901ad38107c5c6b5846f0,True,True
R0493,GG0021,CVB0010,REF0043,1,4,XGBoost,2a8b1d148acd67bb10e93abe1211393f264d78f08459ade4caba8041b6f90760,0.9641513824462891,predict_proba,9eb1905b0d2d4dff99236976201e564cbe25ee258ba901ad38107c5c6b5846f0,True,True
R0494,GG0021,CVB0010,REF0043,1,4,XGBoost,2a8b1d148acd67bb10e93abe1211393f264d78f08459ade4caba8041b6f90760,0.9637740254402161,predict_proba,9eb1905b0d2d4dff99236976201e564cbe25ee258ba901ad38107c5c6b5846f0,True,True
R0495,GG0021,CVB0010,REF0043,1,4,XGBoost,2a8b1d148acd67bb10e93abe1211393f264d78f08459ade4caba8041b6f90760,0.940230131149292,predict_proba,9eb1905b0d2d4dff99236976201e564cbe25ee258ba901ad38107c5c6b5846f0,True,True
R0496,GG0021,CVB0010,REF0043,1,4,XGBoost,2a8b1d148acd67bb10e93abe1211393f264d78f08459ade4caba8041b6f90760,0.971721351146698,predict_proba,9eb1905b0d2d4dff99236976201e564cbe25ee258ba901ad38107c5c6b5846f0,True,True
R0603,GG0033,CVB0030,REF0051,1,4,XGBoost,2a8b1d148acd67bb10e93abe1211393f264d78f08459ade4caba8041b6f90760,0.3908079266548157,predict_proba,9eb1905b0d2d4dff99236976201e564cbe25ee258ba901ad38107c5c6b5846f0,False,True
R0604,GG0033,CVB0030,REF0051,1,4,XGBoost,2a8b1d148acd67bb10e93abe1211393f264d78f08459ade4caba8041b6f90760,0.31134992837905884,predict_proba,9eb1905b0d2d4dff99236976201e564cbe25ee258ba901ad38107c5c6b5846f0,False,True
R0605,GG0033,CVB0030,REF0051,1,4,XGBoost,2a8b1d148acd67bb10e93abe1211393f264d78f08459ade4caba8041b6f90760,0.3656436502933502,predict_proba,9eb1905b0d2d4dff99236976201e564cbe25ee258ba901ad38107c5c6b5846f0,False,True
R0606,GG0033,CVB0030,REF0051,1,4,XGBoost,2a8b1d148acd67bb10e93abe1211393f264d78f08459ade4caba8041b6f90760,0.11839345097541809,predict_proba,9eb1905b0d2d4dff99236976201e564cbe25ee258ba901ad38107c5c6b5846f0,False,True
R0607,GG0033,CVB0030,REF0051,1,4,XGBoost,2a8b1d148acd67bb10e93abe1211393f264d78f08459ade4caba8041b6f90760,0.1488114446401596,predict_proba,9eb1905b0d2d4dff99236976201e564cbe25ee258ba901ad38107c5c6b5846f0,False,True
R0608,GG0033,CVB0030,REF0051,1,4,XGBoost,2a8b1d148acd67bb10e93abe1211393f264d78f08459ade4caba8041b6f90760,0.17004771530628204,predict_proba,9eb1905b0d2d4dff99236976201e564cbe25ee258ba901ad38107c5c6b5846f0,False,True
R0609,GG0033,CVB0030,REF0051,1,4,XGBoost,2a8b1d148acd67bb10e93abe1211393f264d78f08459ade4caba8041b6f90760,0.2917383909225464,predict_proba,9eb1905b0d2d4dff99236976201e564cbe25ee258ba901ad38107c5c6b5846f0,False,True
R0610,GG0033,CVB0030,REF0051,1,4,XGBoost,2a8b1d148acd67bb10e93abe1211393f264d78f08459ade4caba8041b6f90760,0.34016478061676025,predict_proba,9eb1905b0d2d4dff99236976201e564cbe25ee258ba901ad38107c5c6b5846f0,False,True
R0611,GG0033,CVB0030,REF0051,1,4,XGBoost,2a8b1d148acd67bb10e93abe1211393f264d78f08459ade4caba8041b6f90760,0.47990989685058594,predict_proba,9eb1905b0d2d4dff99236976201e564cbe25ee258ba901ad38107c5c6b5846f0,False,True
R0612,GG0033,CVB0030,REF0051,1,4,XGBoost,2a8b1d148acd67bb10e93abe1211393f264d78f08459ade4caba8041b6f90760,0.38367611169815063,predict_proba,9eb1905b0d2d4dff99236976201e564cbe25ee258ba901ad38107c5c6b5846f0,False,True
R0613,GG0033,CVB0030,REF0051,1,4,XGBoost,2a8b1d148acd67bb10e93abe1211393f264d78f08459ade4caba8041b6f90760,0.2687200903892517,predict_proba,9eb1905b0d2d4dff99236976201e564cbe25ee258ba901ad38107c5c6b5846f0,False,True
R0614,GG0033,CVB0030,REF0051,1,4,XGBoost,2a8b1d148acd67bb10e93abe1211393f264d78f08459ade4caba8041b6f90760,0.23412664234638214,predict_proba,9eb1905b0d2d4dff99236976201e564cbe25ee258ba901ad38107c5c6b5846f0,False,True
R0615,GG0033,CVB0030,REF0051,1,4,XGBoost,2a8b1d148acd67bb10e93abe1211393f264d78f08459ade4caba8041b6f90760,0.31106212735176086,predict_proba,9eb1905b0d2d4dff99236976201e564cbe25ee258ba901ad38107c5c6b5846f0,False,True
R0616,GG0033,CVB0030,REF0051,1,4,XGBoost,2a8b1d148acd67bb10e93abe1211393f264d78f08459ade4caba8041b6f90760,0.25401344895362854,predict_proba,9eb1905b0d2d4dff99236976201e564cbe25ee258ba901ad38107c5c6b5846f0,False,True
R0617,GG0033,CVB0030,REF0051,1,4,XGBoost,2a8b1d148acd67bb10e93abe1211393f264d78f08459ade4caba8041b6f90760,0.5211992263793945,predict_proba,9eb1905b0d2d4dff99236976201e564cbe25ee258ba901ad38107c5c6b5846f0,False,True
R0618,GG0033,CVB0030,REF0051,1,4,XGBoost,2a8b1d148acd67bb10e93abe1211393f264d78f08459ade4caba8041b6f90760,0.13848364353179932,predict_proba,9eb1905b0d2d4dff99236976201e564cbe25ee258ba901ad38107c5c6b5846f0,False,True
R0619,GG0033,CVB0030,REF0051,1,4,XGBoost,2a8b1d148acd67bb10e93abe1211393f264d78f08459ade4caba8041b6f90760,0.5172286033630371,predict_proba,9eb1905b0d2d4dff99236976201e564cbe25ee258ba901ad38107c5c6b5846f0,False,True
R0620,GG0033,CVB0030,REF0051,1,4,XGBoost,2a8b1d148acd67bb10e93abe1211393f264d78f08459ade4caba8041b6f90760,0.44213441014289856,predict_proba,9eb1905b0d2d4dff99236976201e564cbe25ee258ba901ad38107c5c6b5846f0,False,True
R0621,GG0033,CVB0030,REF0051,1,4,XGBoost,2a8b1d148acd67bb10e93abe1211393f264d78f08459ade4caba8041b6f90760,0.33880650997161865,predict_proba,9eb1905b0d2d4dff99236976201e564cbe25ee258ba901ad38107c5c6b5846f0,False,True
R0622,GG0033,CVB0030,REF0051,1,4,XGBoost,2a8b1d148acd67bb10e93abe1211393f264d78f08459ade4caba8041b6f90760,0.48992329835891724,predict_proba,9eb1905b0d2d4dff99236976201e564cbe25ee258ba901ad38107c5c6b5846f0,False,True
R0623,GG0033,CVB0030,REF0051,1,4,XGBoost,2a8b1d148acd67bb10e93abe1211393f264d78f08459ade4caba8041b6f90760,0.1945769339799881,predict_proba,9eb1905b0d2d4dff99236976201e564cbe25ee258ba901ad38107c5c6b5846f0,False,True
R0624,GG0033,CVB0030,REF0051,1,4,XGBoost,2a8b1d148acd67bb10e93abe1211393f264d78f08459ade4caba8041b6f90760,0.36802420020103455,predict_proba,9eb1905b0d2d4dff99236976201e564cbe25ee258ba901ad38107c5c6b5846f0,False,True
R0625,GG0033,CVB0030,REF0051,1,4,XGBoost,2a8b1d148acd67bb10e93abe1211393f264d78f08459ade4caba8041b6f90760,0.22031031548976898,predict_proba,9eb1905b0d2d4dff99236976201e564cbe25ee258ba901ad38107c5c6b5846f0,False,True
R0626,GG0033,CVB0030,REF0051,1,4,XGBoost,2a8b1d148acd67bb10e93abe1211393f264d78f08459ade4caba8041b6f90760,0.0733000785112381,predict_proba,9eb1905b0d2d4dff99236976201e564cbe25ee258ba901ad38107c5c6b5846f0,False,True
R0627,GG0033,CVB0030,REF0051,1,4,XGBoost,2a8b1d148acd67bb10e93abe1211393f264d78f08459ade4caba8041b6f90760,0.4544277787208557,predict_proba,9eb1905b0d2d4dff99236976201e564cbe25ee258ba901ad38107c5c6b5846f0,False,True
R0737,GG0021,CVB0010,REF0057,1,4,XGBoost,2a8b1d148acd67bb10e93abe1211393f264d78f08459ade4caba8041b6f90760,0.1294836401939392,predict_proba,9eb1905b0d2d4dff99236976201e564cbe25ee258ba901ad38107c5c6b5846f0,True,True
R0738,GG0021,CVB0010,REF0057,1,4,XGBoost,2a8b1d148acd67bb10e93abe1211393f264d78f08459ade4caba8041b6f90760,0.9142661094665527,predict_proba,9eb1905b0d2d4dff99236976201e564cbe25ee258ba901ad38107c5c6b5846f0,True,True
R0739,GG0021,CVB0010,REF0057,1,4,XGBoost,2a8b1d148acd67bb10e93abe1211393f264d78f08459ade4caba8041b6f90760,0.7156538963317871,predict_proba,9eb1905b0d2d4dff99236976201e564cbe25ee258ba901ad38107c5c6b5846f0,True,True
R0740,GG0021,CVB0010,REF0057,1,4,XGBoost,2a8b1d148acd67bb10e93abe1211393f264d78f08459ade4caba8041b6f90760,0.7172055840492249,predict_proba,9eb1905b0d2d4dff99236976201e564cbe25ee258ba901ad38107c5c6b5846f0,True,True
R0741,GG0021,CVB0010,REF0057,1,4,XGBoost,2a8b1d148acd67bb10e93abe1211393f264d78f08459ade4caba8041b6f90760,0.8867198824882507,predict_proba,9eb1905b0d2d4dff99236976201e564cbe25ee258ba901ad38107c5c6b5846f0,True,True
R0742,GG0021,CVB0010,REF0057,1,4,XGBoost,2a8b1d148acd67bb10e93abe1211393f264d78f08459ade4caba8041b6f90760,0.8784245252609253,predict_proba,9eb1905b0d2d4dff99236976201e564cbe25ee258ba901ad38107c5c6b5846f0,True,True
R0743,GG0021,CVB0010,REF0057,1,4,XGBoost,2a8b1d148acd67bb10e93abe1211393f264d78f08459ade4caba8041b6f90760,0.6686070561408997,predict_proba,9eb1905b0d2d4dff99236976201e564cbe25ee258ba901ad38107c5c6b5846f0,True,True
R0744,GG0021,CVB0010,REF0057,1,4,XGBoost,2a8b1d148acd67bb10e93abe1211393f264d78f08459ade4caba8041b6f90760,0.90389084815979,predict_proba,9eb1905b0d2d4dff99236976201e564cbe25ee258ba901ad38107c5c6b5846f0,True,True
R0745,GG0021,CVB0010,REF0058,1,4,XGBoost,2a8b1d148acd67bb10e93abe1211393f264d78f08459ade4caba8041b6f90760,0.0030255112797021866,predict_proba,9eb1905b0d2d4dff99236976201e564cbe25ee258ba901ad38107c5c6b5846f0,True,True
R0746,GG0021,CVB0010,REF0058,1,4,XGBoost,2a8b1d148acd67bb10e93abe1211393f264d78f08459ade4caba8041b6f90760,0.01382856722921133,predict_proba,9eb1905b0d2d4dff99236976201e564cbe25ee258ba901ad38107c5c6b5846f0,True,True
R0747,GG0021,CVB0010,REF0058,1,4,XGBoost,2a8b1d148acd67bb10e93abe1211393f264d78f08459ade4caba8041b6f90760,0.011677326634526253,predict_proba,9eb1905b0d2d4dff99236976201e564cbe25ee258ba901ad38107c5c6b5846f0,True,True
R0748,GG0021,CVB0010,REF0058,1,4,XGBoost,2a8b1d148acd67bb10e93abe1211393f264d78f08459ade4caba8041b6f90760,0.24320755898952484,predict_proba,9eb1905b0d2d4dff99236976201e564cbe25ee258ba901ad38107c5c6b5846f0,True,True
R0754,GG0021,CVB0010,REF0059,1,4,XGBoost,2a8b1d148acd67bb10e93abe1211393f264d78f08459ade4caba8041b6f90760,0.9401428699493408,predict_proba,9eb1905b0d2d4dff99236976201e564cbe25ee258ba901ad38107c5c6b5846f0,True,True
R0755,GG0021,CVB0010,REF0059,1,4,XGBoost,2a8b1d148acd67bb10e93abe1211393f264d78f08459ade4caba8041b6f90760,0.6641002893447876,predict_proba,9eb1905b0d2d4dff99236976201e564cbe25ee258ba901ad38107c5c6b5846f0,True,True
R0756,GG0021,CVB0010,REF0059,1,4,XGBoost,2a8b1d148acd67bb10e93abe1211393f264d78f08459ade4caba8041b6f90760,0.8156915903091431,predict_proba,9eb1905b0d2d4dff99236976201e564cbe25ee258ba901ad38107c5c6b5846f0,True,True
R0757,GG0021,CVB0010,REF0059,1,4,XGBoost,2a8b1d148acd67bb10e93abe1211393f264d78f08459ade4caba8041b6f90760,0.9191293716430664,predict_proba,9eb1905b0d2d4dff99236976201e564cbe25ee258ba901ad38107c5c6b5846f0,True,True
R0846,GG0033,CVB0030,REF0069,1,4,XGBoost,2a8b1d148acd67bb10e93abe1211393f264d78f08459ade4caba8041b6f90760,0.9084078669548035,predict_proba,9eb1905b0d2d4dff99236976201e564cbe25ee258ba901ad38107c5c6b5846f0,False,True
R0847,GG0033,CVB0030,REF0069,1,4,XGBoost,2a8b1d148acd67bb10e93abe1211393f264d78f08459ade4caba8041b6f90760,0.9258183836936951,predict_proba,9eb1905b0d2d4dff99236976201e564cbe25ee258ba901ad38107c5c6b5846f0,False,True
R0848,GG0033,CVB0030,REF0069,1,4,XGBoost,2a8b1d148acd67bb10e93abe1211393f264d78f08459ade4caba8041b6f90760,0.5359454154968262,predict_proba,9eb1905b0d2d4dff99236976201e564cbe25ee258ba901ad38107c5c6b5846f0,False,True
R0849,GG0033,CVB0030,REF0069,1,4,XGBoost,2a8b1d148acd67bb10e93abe1211393f264d78f08459ade4caba8041b6f90760,0.8909755349159241,predict_proba,9eb1905b0d2d4dff99236976201e564cbe25ee258ba901ad38107c5c6b5846f0,False,True
R0850,GG0033,CVB0030,REF0069,1,4,XGBoost,2a8b1d148acd67bb10e93abe1211393f264d78f08459ade4caba8041b6f90760,0.8199329972267151,predict_proba,9eb1905b0d2d4dff99236976201e564cbe25ee258ba901ad38107c5c6b5846f0,False,True
R0851,GG0033,CVB0030,REF0069,1,4,XGBoost,2a8b1d148acd67bb10e93abe1211393f264d78f08459ade4caba8041b6f90760,0.7295118570327759,predict_proba,9eb1905b0d2d4dff99236976201e564cbe25ee258ba901ad38107c5c6b5846f0,False,True
R0852,GG0033,CVB0030,REF0069,1,4,XGBoost,2a8b1d148acd67bb10e93abe1211393f264d78f08459ade4caba8041b6f90760,0.9084985852241516,predict_proba,9eb1905b0d2d4dff99236976201e564cbe25ee258ba901ad38107c5c6b5846f0,False,True
R0853,GG0033,CVB0030,REF0069,1,4,XGBoost,2a8b1d148acd67bb10e93abe1211393f264d78f08459ade4caba8041b6f90760,0.9591947793960571,predict_proba,9eb1905b0d2d4dff99236976201e564cbe25ee258ba901ad38107c5c6b5846f0,False,True
R0854,GG0033,CVB0030,REF0069,1,4,XGBoost,2a8b1d148acd67bb10e93abe1211393f264d78f08459ade4caba8041b6f90760,0.9740745425224304,predict_proba,9eb1905b0d2d4dff99236976201e564cbe25ee258ba901ad38107c5c6b5846f0,False,True
R0855,GG0033,CVB0030,REF0069,1,4,XGBoost,2a8b1d148acd67bb10e93abe1211393f264d78f08459ade4caba8041b6f90760,0.26192742586135864,predict_proba,9eb1905b0d2d4dff99236976201e564cbe25ee258ba901ad38107c5c6b5846f0,False,True
R0866,GG0033,CVB0030,REF0071,1,4,XGBoost,2a8b1d148acd67bb10e93abe1211393f264d78f08459ade4caba8041b6f90760,0.011660481803119183,predict_proba,9eb1905b0d2d4dff99236976201e564cbe25ee258ba901ad38107c5c6b5846f0,False,True
R0867,GG0033,CVB0030,REF0071,1,4,XGBoost,2a8b1d148acd67bb10e93abe1211393f264d78f08459ade4caba8041b6f90760,0.6883207559585571,predict_proba,9eb1905b0d2d4dff99236976201e564cbe25ee258ba901ad38107c5c6b5846f0,False,True
R0870,GG0033,CVB0030,REF0071,1,4,XGBoost,2a8b1d148acd67bb10e93abe1211393f264d78f08459ade4caba8041b6f90760,0.0011342759244143963,predict_proba,9eb1905b0d2d4dff99236976201e564cbe25ee258ba901ad38107c5c6b5846f0,False,True
R0871,GG0033,CVB0030,REF0071,1,4,XGBoost,2a8b1d148acd67bb10e93abe1211393f264d78f08459ade4caba8041b6f90760,0.008416800759732723,predict_proba,9eb1905b0d2d4dff99236976201e564cbe25ee258ba901ad38107c5c6b5846f0,False,True
R0872,GG0033,CVB0030,REF0071,1,4,XGBoost,2a8b1d148acd67bb10e93abe1211393f264d78f08459ade4caba8041b6f90760,0.05192484334111214,predict_proba,9eb1905b0d2d4dff99236976201e564cbe25ee258ba901ad38107c5c6b5846f0,False,True
R0873,GG0033,CVB0030,REF0071,1,4,XGBoost,2a8b1d148acd67bb10e93abe1211393f264d78f08459ade4caba8041b6f90760,0.14223995804786682,predict_proba,9eb1905b0d2d4dff99236976201e564cbe25ee258ba901ad38107c5c6b5846f0,False,True
R0874,GG0033,CVB0030,REF0071,1,4,XGBoost,2a8b1d148acd67bb10e93abe1211393f264d78f08459ade4caba8041b6f90760,0.01001364178955555,predict_proba,9eb1905b0d2d4dff99236976201e564cbe25ee258ba901ad38107c5c6b5846f0,False,True
R0875,GG0033,CVB0030,REF0071,1,4,XGBoost,2a8b1d148acd67bb10e93abe1211393f264d78f08459ade4caba8041b6f90760,0.1905943900346756,predict_proba,9eb1905b0d2d4dff99236976201e564cbe25ee258ba901ad38107c5c6b5846f0,False,True
R0876,GG0033,CVB0030,REF0071,1,4,XGBoost,2a8b1d148acd67bb10e93abe1211393f264d78f08459ade4caba8041b6f90760,0.09478624910116196,predict_proba,9eb1905b0d2d4dff99236976201e564cbe25ee258ba901ad38107c5c6b5846f0,False,True
R0877,GG0033,CVB0030,REF0071,1,4,XGBoost,2a8b1d148acd67bb10e93abe1211393f264d78f08459ade4caba8041b6f90760,0.8043091893196106,predict_proba,9eb1905b0d2d4dff99236976201e564cbe25ee258ba901ad38107c5c6b5846f0,False,True
R0878,GG0033,CVB0030,REF0071,1,4,XGBoost,2a8b1d148acd67bb10e93abe1211393f264d78f08459ade4caba8041b6f90760,0.7684227824211121,predict_proba,9eb1905b0d2d4dff99236976201e564cbe25ee258ba901ad38107c5c6b5846f0,False,True
R0934,GG0011,CVB0011,REF0077,1,4,XGBoost,2a8b1d148acd67bb10e93abe1211393f264d78f08459ade4caba8041b6f90760,0.5894154906272888,predict_proba,9eb1905b0d2d4dff99236976201e564cbe25ee258ba901ad38107c5c6b5846f0,False,True
R0935,GG0011,CVB0011,REF0077,1,4,XGBoost,2a8b1d148acd67bb10e93abe1211393f264d78f08459ade4caba8041b6f90760,0.6809847354888916,predict_proba,9eb1905b0d2d4dff99236976201e564cbe25ee258ba901ad38107c5c6b5846f0,False,True
R0936,GG0011,CVB0011,REF0077,1,4,XGBoost,2a8b1d148acd67bb10e93abe1211393f264d78f08459ade4caba8041b6f90760,0.36776235699653625,predict_proba,9eb1905b0d2d4dff99236976201e564cbe25ee258ba901ad38107c5c6b5846f0,False,True
R0937,GG0011,CVB0011,REF0077,1,4,XGBoost,2a8b1d148acd67bb10e93abe1211393f264d78f08459ade4caba8041b6f90760,0.6029523015022278,predict_proba,9eb1905b0d2d4dff99236976201e564cbe25ee258ba901ad38107c5c6b5846f0,False,True
R0938,GG0011,CVB0011,REF0077,1,4,XGBoost,2a8b1d148acd67bb10e93abe1211393f264d78f08459ade4caba8041b6f90760,0.10024982690811157,predict_proba,9eb1905b0d2d4dff99236976201e564cbe25ee258ba901ad38107c5c6b5846f0,False,True
R0939,GG0011,CVB0011,REF0077,1,4,XGBoost,2a8b1d148acd67bb10e93abe1211393f264d78f08459ade4caba8041b6f90760,0.36664873361587524,predict_proba,9eb1905b0d2d4dff99236976201e564cbe25ee258ba901ad38107c5c6b5846f0,False,True
R0940,GG0011,CVB0011,REF0077,1,4,XGBoost,2a8b1d148acd67bb10e93abe1211393f264d78f08459ade4caba8041b6f90760,0.1727817803621292,predict_proba,9eb1905b0d2d4dff99236976201e564cbe25ee258ba901ad38107c5c6b5846f0,False,True
R0941,GG0011,CVB0011,REF0077,1,4,XGBoost,2a8b1d148acd67bb10e93abe1211393f264d78f08459ade4caba8041b6f90760,0.16763050854206085,predict_proba,9eb1905b0d2d4dff99236976201e564cbe25ee258ba901ad38107c5c6b5846f0,False,True
R0942,GG0011,CVB0011,REF0077,1,4,XGBoost,2a8b1d148acd67bb10e93abe1211393f264d78f08459ade4caba8041b6f90760,0.4499393403530121,predict_proba,9eb1905b0d2d4dff99236976201e564cbe25ee258ba901ad38107c5c6b5846f0,False,True
R0943,GG0011,CVB0011,REF0077,1,4,XGBoost,2a8b1d148acd67bb10e93abe1211393f264d78f08459ade4caba8041b6f90760,0.24599070847034454,predict_proba,9eb1905b0d2d4dff99236976201e564cbe25ee258ba901ad38107c5c6b5846f0,False,True
R1000,GG0022,CVB0019,REF0084,1,4,XGBoost,2a8b1d148acd67bb10e93abe1211393f264d78f08459ade4caba8041b6f90760,0.7273459434509277,predict_proba,9eb1905b0d2d4dff99236976201e564cbe25ee258ba901ad38107c5c6b5846f0,False,True
R1001,GG0022,CVB0019,REF0084,1,4,XGBoost,2a8b1d148acd67bb10e93abe1211393f264d78f08459ade4caba8041b6f90760,0.8841891884803772,predict_proba,9eb1905b0d2d4dff99236976201e564cbe25ee258ba901ad38107c5c6b5846f0,False,True
R1002,GG0022,CVB0019,REF0084,1,4,XGBoost,2a8b1d148acd67bb10e93abe1211393f264d78f08459ade4caba8041b6f90760,0.684812605381012,predict_proba,9eb1905b0d2d4dff99236976201e564cbe25ee258ba901ad38107c5c6b5846f0,False,True
R1003,GG0022,CVB0019,REF0084,1,4,XGBoost,2a8b1d148acd67bb10e93abe1211393f264d78f08459ade4caba8041b6f90760,0.5261207222938538,predict_proba,9eb1905b0d2d4dff99236976201e564cbe25ee258ba901ad38107c5c6b5846f0,False,True
R1004,GG0022,CVB0019,REF0084,1,4,XGBoost,2a8b1d148acd67bb10e93abe1211393f264d78f08459ade4caba8041b6f90760,0.9545179009437561,predict_proba,9eb1905b0d2d4dff99236976201e564cbe25ee258ba901ad38107c5c6b5846f0,False,True
R1005,GG0022,CVB0019,REF0084,1,4,XGBoost,2a8b1d148acd67bb10e93abe1211393f264d78f08459ade4caba8041b6f90760,0.013391047716140747,predict_proba,9eb1905b0d2d4dff99236976201e564cbe25ee258ba901ad38107c5c6b5846f0,False,True
R1411,GG0011,CVB0011,REF0110,1,4,XGBoost,2a8b1d148acd67bb10e93abe1211393f264d78f08459ade4caba8041b6f90760,0.002601536689326167,predict_proba,9eb1905b0d2d4dff99236976201e564cbe25ee258ba901ad38107c5c6b5846f0,False,True
R1412,GG0011,CVB0011,REF0110,1,4,XGBoost,2a8b1d148acd67bb10e93abe1211393f264d78f08459ade4caba8041b6f90760,0.006525898817926645,predict_proba,9eb1905b0d2d4dff99236976201e564cbe25ee258ba901ad38107c5c6b5846f0,False,True
R1413,GG0011,CVB0011,REF0110,1,4,XGBoost,2a8b1d148acd67bb10e93abe1211393f264d78f08459ade4caba8041b6f90760,0.0010181298712268472,predict_proba,9eb1905b0d2d4dff99236976201e564cbe25ee258ba901ad38107c5c6b5846f0,False,True
R1414,GG0011,CVB0011,REF0110,1,4,XGBoost,2a8b1d148acd67bb10e93abe1211393f264d78f08459ade4caba8041b6f90760,0.006604521535336971,predict_proba,9eb1905b0d2d4dff99236976201e564cbe25ee258ba901ad38107c5c6b5846f0,False,True
R1415,GG0011,CVB0011,REF0110,1,4,XGBoost,2a8b1d148acd67bb10e93abe1211393f264d78f08459ade4caba8041b6f90760,0.0333380289375782,predict_proba,9eb1905b0d2d4dff99236976201e564cbe25ee258ba901ad38107c5c6b5846f0,False,True
R1416,GG0011,CVB0011,REF0110,1,4,XGBoost,2a8b1d148acd67bb10e93abe1211393f264d78f08459ade4caba8041b6f90760,0.001282958430238068,predict_proba,9eb1905b0d2d4dff99236976201e564cbe25ee258ba901ad38107c5c6b5846f0,False,True
R1417,GG0011,CVB0011,REF0110,1,4,XGBoost,2a8b1d148acd67bb10e93abe1211393f264d78f08459ade4caba8041b6f90760,0.000805707008112222,predict_proba,9eb1905b0d2d4dff99236976201e564cbe25ee258ba901ad38107c5c6b5846f0,False,True
R1418,GG0011,CVB0011,REF0110,1,4,XGBoost,2a8b1d148acd67bb10e93abe1211393f264d78f08459ade4caba8041b6f90760,0.0031230917666107416,predict_proba,9eb1905b0d2d4dff99236976201e564cbe25ee258ba901ad38107c5c6b5846f0,False,True
R1419,GG0011,CVB0011,REF0110,1,4,XGBoost,2a8b1d148acd67bb10e93abe1211393f264d78f08459ade4caba8041b6f90760,0.006260669324547052,predict_proba,9eb1905b0d2d4dff99236976201e564cbe25ee258ba901ad38107c5c6b5846f0,False,True
R1420,GG0011,CVB0011,REF0110,1,4,XGBoost,2a8b1d148acd67bb10e93abe1211393f264d78f08459ade4caba8041b6f90760,0.003183992113918066,predict_proba,9eb1905b0d2d4dff99236976201e564cbe25ee258ba901ad38107c5c6b5846f0,False,True
R1421,GG0011,CVB0011,REF0110,1,4,XGBoost,2a8b1d148acd67bb10e93abe1211393f264d78f08459ade4caba8041b6f90760,0.056663163006305695,predict_proba,9eb1905b0d2d4dff99236976201e564cbe25ee258ba901ad38107c5c6b5846f0,False,True
R1422,GG0011,CVB0011,REF0110,1,4,XGBoost,2a8b1d148acd67bb10e93abe1211393f264d78f08459ade4caba8041b6f90760,0.11277161538600922,predict_proba,9eb1905b0d2d4dff99236976201e564cbe25ee258ba901ad38107c5c6b5846f0,False,True
R1423,GG0011,CVB0011,REF0110,1,4,XGBoost,2a8b1d148acd67bb10e93abe1211393f264d78f08459ade4caba8041b6f90760,0.0415400005877018,predict_proba,9eb1905b0d2d4dff99236976201e564cbe25ee258ba901ad38107c5c6b5846f0,False,True
R1424,GG0011,CVB0011,REF0110,1,4,XGBoost,2a8b1d148acd67bb10e93abe1211393f264d78f08459ade4caba8041b6f90760,0.7542527914047241,predict_proba,9eb1905b0d2d4dff99236976201e564cbe25ee258ba901ad38107c5c6b5846f0,False,True
R1425,GG0011,CVB0011,REF0110,1,4,XGBoost,2a8b1d148acd67bb10e93abe1211393f264d78f08459ade4caba8041b6f90760,0.6010677218437195,predict_proba,9eb1905b0d2d4dff99236976201e564cbe25ee258ba901ad38107c5c6b5846f0,False,True
R1426,GG0011,CVB0011,REF0110,1,4,XGBoost,2a8b1d148acd67bb10e93abe1211393f264d78f08459ade4caba8041b6f90760,0.06617087870836258,predict_proba,9eb1905b0d2d4dff99236976201e564cbe25ee258ba901ad38107c5c6b5846f0,False,True
R1427,GG0011,CVB0011,REF0110,1,4,XGBoost,2a8b1d148acd67bb10e93abe1211393f264d78f08459ade4caba8041b6f90760,0.6753677725791931,predict_proba,9eb1905b0d2d4dff99236976201e564cbe25ee258ba901ad38107c5c6b5846f0,False,True
R1428,GG0011,CVB0011,REF0110,1,4,XGBoost,2a8b1d148acd67bb10e93abe1211393f264d78f08459ade4caba8041b6f90760,0.038073502480983734,predict_proba,9eb1905b0d2d4dff99236976201e564cbe25ee258ba901ad38107c5c6b5846f0,False,True
R1429,GG0011,CVB0011,REF0110,1,4,XGBoost,2a8b1d148acd67bb10e93abe1211393f264d78f08459ade4caba8041b6f90760,0.05159042403101921,predict_proba,9eb1905b0d2d4dff99236976201e564cbe25ee258ba901ad38107c5c6b5846f0,False,True
R1430,GG0011,CVB0011,REF0110,1,4,XGBoost,2a8b1d148acd67bb10e93abe1211393f264d78f08459ade4caba8041b6f90760,0.14554764330387115,predict_proba,9eb1905b0d2d4dff99236976201e564cbe25ee258ba901ad38107c5c6b5846f0,False,True
R2142,GG0033,CVB0030,REF0155,1,4,XGBoost,2a8b1d148acd67bb10e93abe1211393f264d78f08459ade4caba8041b6f90760,0.8067293167114258,predict_proba,9eb1905b0d2d4dff99236976201e564cbe25ee258ba901ad38107c5c6b5846f0,False,True
R2143,GG0033,CVB0030,REF0155,1,4,XGBoost,2a8b1d148acd67bb10e93abe1211393f264d78f08459ade4caba8041b6f90760,0.7378227114677429,predict_proba,9eb1905b0d2d4dff99236976201e564cbe25ee258ba901ad38107c5c6b5846f0,False,True
R2144,GG0033,CVB0030,REF0155,1,4,XGBoost,2a8b1d148acd67bb10e93abe1211393f264d78f08459ade4caba8041b6f90760,0.02068641036748886,predict_proba,9eb1905b0d2d4dff99236976201e564cbe25ee258ba901ad38107c5c6b5846f0,False,True
R2145,GG0033,CVB0030,REF0155,1,4,XGBoost,2a8b1d148acd67bb10e93abe1211393f264d78f08459ade4caba8041b6f90760,0.5044572949409485,predict_proba,9eb1905b0d2d4dff99236976201e564cbe25ee258ba901ad38107c5c6b5846f0,False,True
R2146,GG0033,CVB0030,REF0155,1,4,XGBoost,2a8b1d148acd67bb10e93abe1211393f264d78f08459ade4caba8041b6f90760,0.6878296136856079,predict_proba,9eb1905b0d2d4dff99236976201e564cbe25ee258ba901ad38107c5c6b5846f0,False,True
R2147,GG0033,CVB0030,REF0155,1,4,XGBoost,2a8b1d148acd67bb10e93abe1211393f264d78f08459ade4caba8041b6f90760,0.32908910512924194,predict_proba,9eb1905b0d2d4dff99236976201e564cbe25ee258ba901ad38107c5c6b5846f0,False,True
R2783,GG0017,CVB0007,REF0200,1,4,XGBoost,2a8b1d148acd67bb10e93abe1211393f264d78f08459ade4caba8041b6f90760,0.13358435034751892,predict_proba,9eb1905b0d2d4dff99236976201e564cbe25ee258ba901ad38107c5c6b5846f0,False,True
R2785,GG0017,CVB0007,REF0200,1,4,XGBoost,2a8b1d148acd67bb10e93abe1211393f264d78f08459ade4caba8041b6f90760,0.028307942673563957,predict_proba,9eb1905b0d2d4dff99236976201e564cbe25ee258ba901ad38107c5c6b5846f0,False,True
R2786,GG0017,CVB0007,REF0200,1,4,XGBoost,2a8b1d148acd67bb10e93abe1211393f264d78f08459ade4caba8041b6f90760,0.39225783944129944,predict_proba,9eb1905b0d2d4dff99236976201e564cbe25ee258ba901ad38107c5c6b5846f0,False,True
R2787,GG0017,CVB0007,REF0200,1,4,XGBoost,2a8b1d148acd67bb10e93abe1211393f264d78f08459ade4caba8041b6f90760,0.0275027547031641,predict_proba,9eb1905b0d2d4dff99236976201e564cbe25ee258ba901ad38107c5c6b5846f0,False,True
R2788,GG0017,CVB0007,REF0200,1,4,XGBoost,2a8b1d148acd67bb10e93abe1211393f264d78f08459ade4caba8041b6f90760,0.3901529312133789,predict_proba,9eb1905b0d2d4dff99236976201e564cbe25ee258ba901ad38107c5c6b5846f0,False,True
R2789,GG0017,CVB0007,REF0200,1,4,XGBoost,2a8b1d148acd67bb10e93abe1211393f264d78f08459ade4caba8041b6f90760,0.23570555448532104,predict_proba,9eb1905b0d2d4dff99236976201e564cbe25ee258ba901ad38107c5c6b5846f0,False,True
R2791,GG0017,CVB0007,REF0200,1,4,XGBoost,2a8b1d148acd67bb10e93abe1211393f264d78f08459ade4caba8041b6f90760,0.5191870927810669,predict_proba,9eb1905b0d2d4dff99236976201e564cbe25ee258ba901ad38107c5c6b5846f0,False,True
R2795,GG0017,CVB0007,REF0200,1,4,XGBoost,2a8b1d148acd67bb10e93abe1211393f264d78f08459ade4caba8041b6f90760,0.34631866216659546,predict_proba,9eb1905b0d2d4dff99236976201e564cbe25ee258ba901ad38107c5c6b5846f0,False,True
R2797,GG0017,CVB0007,REF0200,1,4,XGBoost,2a8b1d148acd67bb10e93abe1211393f264d78f08459ade4caba8041b6f90760,0.019366251304745674,predict_proba,9eb1905b0d2d4dff99236976201e564cbe25ee258ba901ad38107c5c6b5846f0,False,True
R2842,GG0021,CVB0010,REF0206,1,4,XGBoost,2a8b1d148acd67bb10e93abe1211393f264d78f08459ade4caba8041b6f90760,0.019870800897479057,predict_proba,9eb1905b0d2d4dff99236976201e564cbe25ee258ba901ad38107c5c6b5846f0,True,True
R2843,GG0021,CVB0010,REF0206,1,4,XGBoost,2a8b1d148acd67bb10e93abe1211393f264d78f08459ade4caba8041b6f90760,0.07625585794448853,predict_proba,9eb1905b0d2d4dff99236976201e564cbe25ee258ba901ad38107c5c6b5846f0,True,True
R2844,GG0021,CVB0010,REF0206,1,4,XGBoost,2a8b1d148acd67bb10e93abe1211393f264d78f08459ade4caba8041b6f90760,0.2734259068965912,predict_proba,9eb1905b0d2d4dff99236976201e564cbe25ee258ba901ad38107c5c6b5846f0,True,True
R2845,GG0021,CVB0010,REF0206,1,4,XGBoost,2a8b1d148acd67bb10e93abe1211393f264d78f08459ade4caba8041b6f90760,0.49997127056121826,predict_proba,9eb1905b0d2d4dff99236976201e564cbe25ee258ba901ad38107c5c6b5846f0,True,True
R2846,GG0021,CVB0010,REF0206,1,4,XGBoost,2a8b1d148acd67bb10e93abe1211393f264d78f08459ade4caba8041b6f90760,0.7701135277748108,predict_proba,9eb1905b0d2d4dff99236976201e564cbe25ee258ba901ad38107c5c6b5846f0,True,True
R2847,GG0021,CVB0010,REF0206,1,4,XGBoost,2a8b1d148acd67bb10e93abe1211393f264d78f08459ade4caba8041b6f90760,0.43143951892852783,predict_proba,9eb1905b0d2d4dff99236976201e564cbe25ee258ba901ad38107c5c6b5846f0,True,True
R2848,GG0021,CVB0010,REF0206,1,4,XGBoost,2a8b1d148acd67bb10e93abe1211393f264d78f08459ade4caba8041b6f90760,0.4008600413799286,predict_proba,9eb1905b0d2d4dff99236976201e564cbe25ee258ba901ad38107c5c6b5846f0,True,True
R2849,GG0021,CVB0010,REF0206,1,4,XGBoost,2a8b1d148acd67bb10e93abe1211393f264d78f08459ade4caba8041b6f90760,0.9327777028083801,predict_proba,9eb1905b0d2d4dff99236976201e564cbe25ee258ba901ad38107c5c6b5846f0,True,True
R2858,GG0021,CVB0010,REF0208,1,4,XGBoost,2a8b1d148acd67bb10e93abe1211393f264d78f08459ade4caba8041b6f90760,0.8618461489677429,predict_proba,9eb1905b0d2d4dff99236976201e564cbe25ee258ba901ad38107c5c6b5846f0,True,True
R2859,GG0021,CVB0010,REF0208,1,4,XGBoost,2a8b1d148acd67bb10e93abe1211393f264d78f08459ade4caba8041b6f90760,0.8948467969894409,predict_proba,9eb1905b0d2d4dff99236976201e564cbe25ee258ba901ad38107c5c6b5846f0,True,True
R2860,GG0021,CVB0010,REF0208,1,4,XGBoost,2a8b1d148acd67bb10e93abe1211393f264d78f08459ade4caba8041b6f90760,0.8217343688011169,predict_proba,9eb1905b0d2d4dff99236976201e564cbe25ee258ba901ad38107c5c6b5846f0,True,True
R2861,GG0021,CVB0010,REF0208,1,4,XGBoost,2a8b1d148acd67bb10e93abe1211393f264d78f08459ade4caba8041b6f90760,0.8896145820617676,predict_proba,9eb1905b0d2d4dff99236976201e564cbe25ee258ba901ad38107c5c6b5846f0,True,True
R2862,GG0021,CVB0010,REF0208,1,4,XGBoost,2a8b1d148acd67bb10e93abe1211393f264d78f08459ade4caba8041b6f90760,0.9313172101974487,predict_proba,9eb1905b0d2d4dff99236976201e564cbe25ee258ba901ad38107c5c6b5846f0,True,True
R2863,GG0021,CVB0010,REF0208,1,4,XGBoost,2a8b1d148acd67bb10e93abe1211393f264d78f08459ade4caba8041b6f90760,0.7401215434074402,predict_proba,9eb1905b0d2d4dff99236976201e564cbe25ee258ba901ad38107c5c6b5846f0,True,True
R2864,GG0021,CVB0010,REF0208,1,4,XGBoost,2a8b1d148acd67bb10e93abe1211393f264d78f08459ade4caba8041b6f90760,0.4548167884349823,predict_proba,9eb1905b0d2d4dff99236976201e564cbe25ee258ba901ad38107c5c6b5846f0,True,True
R2869,GG0021,CVB0010,REF0209,1,4,XGBoost,2a8b1d148acd67bb10e93abe1211393f264d78f08459ade4caba8041b6f90760,0.8792827725410461,predict_proba,9eb1905b0d2d4dff99236976201e564cbe25ee258ba901ad38107c5c6b5846f0,True,True
R2870,GG0021,CVB0010,REF0209,1,4,XGBoost,2a8b1d148acd67bb10e93abe1211393f264d78f08459ade4caba8041b6f90760,0.9660441875457764,predict_proba,9eb1905b0d2d4dff99236976201e564cbe25ee258ba901ad38107c5c6b5846f0,True,True
R2871,GG0021,CVB0010,REF0209,1,4,XGBoost,2a8b1d148acd67bb10e93abe1211393f264d78f08459ade4caba8041b6f90760,0.8888483047485352,predict_proba,9eb1905b0d2d4dff99236976201e564cbe25ee258ba901ad38107c5c6b5846f0,True,True
R2872,GG0021,CVB0010,REF0209,1,4,XGBoost,2a8b1d148acd67bb10e93abe1211393f264d78f08459ade4caba8041b6f90760,0.8608825206756592,predict_proba,9eb1905b0d2d4dff99236976201e564cbe25ee258ba901ad38107c5c6b5846f0,True,True
R2875,GG0021,CVB0010,REF0209,1,4,XGBoost,2a8b1d148acd67bb10e93abe1211393f264d78f08459ade4caba8041b6f90760,0.7402492165565491,predict_proba,9eb1905b0d2d4dff99236976201e564cbe25ee258ba901ad38107c5c6b5846f0,True,True
R0015,GG0021,CVB0010,REF0003,1,5,XGBoost,5f62d3872bc5b0320c77367b04fd72f500b433ab1cfe1ba74280d204b50cc69f,0.953589677810669,predict_proba,9eb1905b0d2d4dff99236976201e564cbe25ee258ba901ad38107c5c6b5846f0,False,True
R0016,GG0021,CVB0010,REF0003,1,5,XGBoost,5f62d3872bc5b0320c77367b04fd72f500b433ab1cfe1ba74280d204b50cc69f,0.8991350531578064,predict_proba,9eb1905b0d2d4dff99236976201e564cbe25ee258ba901ad38107c5c6b5846f0,False,True
R0017,GG0021,CVB0010,REF0003,1,5,XGBoost,5f62d3872bc5b0320c77367b04fd72f500b433ab1cfe1ba74280d204b50cc69f,0.869970440864563,predict_proba,9eb1905b0d2d4dff99236976201e564cbe25ee258ba901ad38107c5c6b5846f0,False,True
R0018,GG0021,CVB0010,REF0003,1,5,XGBoost,5f62d3872bc5b0320c77367b04fd72f500b433ab1cfe1ba74280d204b50cc69f,0.8317556381225586,predict_proba,9eb1905b0d2d4dff99236976201e564cbe25ee258ba901ad38107c5c6b5846f0,False,True
R0019,GG0021,CVB0010,REF0003,1,5,XGBoost,5f62d3872bc5b0320c77367b04fd72f500b433ab1cfe1ba74280d204b50cc69f,0.2336239516735077,predict_proba,9eb1905b0d2d4dff99236976201e564cbe25ee258ba901ad38107c5c6b5846f0,False,True
R0020,GG0021,CVB0010,REF0003,1,5,XGBoost,5f62d3872bc5b0320c77367b04fd72f500b433ab1cfe1ba74280d204b50cc69f,0.6795579195022583,predict_proba,9eb1905b0d2d4dff99236976201e564cbe25ee258ba901ad38107c5c6b5846f0,False,True
R0021,GG0021,CVB0010,REF0003,1,5,XGBoost,5f62d3872bc5b0320c77367b04fd72f500b433ab1cfe1ba74280d204b50cc69f,0.49392926692962646,predict_proba,9eb1905b0d2d4dff99236976201e564cbe25ee258ba901ad38107c5c6b5846f0,False,True
R0022,GG0021,CVB0010,REF0003,1,5,XGBoost,5f62d3872bc5b0320c77367b04fd72f500b433ab1cfe1ba74280d204b50cc69f,0.40581926703453064,predict_proba,9eb1905b0d2d4dff99236976201e564cbe25ee258ba901ad38107c5c6b5846f0,False,True
R0023,GG0021,CVB0010,REF0003,1,5,XGBoost,5f62d3872bc5b0320c77367b04fd72f500b433ab1cfe1ba74280d204b50cc69f,0.4090864062309265,predict_proba,9eb1905b0d2d4dff99236976201e564cbe25ee258ba901ad38107c5c6b5846f0,False,True
R0024,GG0021,CVB0010,REF0003,1,5,XGBoost,5f62d3872bc5b0320c77367b04fd72f500b433ab1cfe1ba74280d204b50cc69f,0.8096314668655396,predict_proba,9eb1905b0d2d4dff99236976201e564cbe25ee258ba901ad38107c5c6b5846f0,False,True
R0025,GG0021,CVB0010,REF0003,1,5,XGBoost,5f62d3872bc5b0320c77367b04fd72f500b433ab1cfe1ba74280d204b50cc69f,0.7866537570953369,predict_proba,9eb1905b0d2d4dff99236976201e564cbe25ee258ba901ad38107c5c6b5846f0,False,True
R0026,GG0021,CVB0010,REF0003,1,5,XGBoost,5f62d3872bc5b0320c77367b04fd72f500b433ab1cfe1ba74280d204b50cc69f,0.7216764092445374,predict_proba,9eb1905b0d2d4dff99236976201e564cbe25ee258ba901ad38107c5c6b5846f0,False,True
R0027,GG0021,CVB0010,REF0003,1,5,XGBoost,5f62d3872bc5b0320c77367b04fd72f500b433ab1cfe1ba74280d204b50cc69f,0.41479572653770447,predict_proba,9eb1905b0d2d4dff99236976201e564cbe25ee258ba901ad38107c5c6b5846f0,False,True
R0028,GG0021,CVB0010,REF0003,1,5,XGBoost,5f62d3872bc5b0320c77367b04fd72f500b433ab1cfe1ba74280d204b50cc69f,0.7655797600746155,predict_proba,9eb1905b0d2d4dff99236976201e564cbe25ee258ba901ad38107c5c6b5846f0,False,True
R0029,GG0021,CVB0010,REF0004,1,5,XGBoost,5f62d3872bc5b0320c77367b04fd72f500b433ab1cfe1ba74280d204b50cc69f,0.8402829170227051,predict_proba,9eb1905b0d2d4dff99236976201e564cbe25ee258ba901ad38107c5c6b5846f0,False,True
R0030,GG0021,CVB0010,REF0004,1,5,XGBoost,5f62d3872bc5b0320c77367b04fd72f500b433ab1cfe1ba74280d204b50cc69f,0.7362786531448364,predict_proba,9eb1905b0d2d4dff99236976201e564cbe25ee258ba901ad38107c5c6b5846f0,False,True
R0031,GG0021,CVB0010,REF0004,1,5,XGBoost,5f62d3872bc5b0320c77367b04fd72f500b433ab1cfe1ba74280d204b50cc69f,0.7288866639137268,predict_proba,9eb1905b0d2d4dff99236976201e564cbe25ee258ba901ad38107c5c6b5846f0,False,True
R0032,GG0021,CVB0010,REF0004,1,5,XGBoost,5f62d3872bc5b0320c77367b04fd72f500b433ab1cfe1ba74280d204b50cc69f,0.8244854807853699,predict_proba,9eb1905b0d2d4dff99236976201e564cbe25ee258ba901ad38107c5c6b5846f0,False,True
R0033,GG0021,CVB0010,REF0004,1,5,XGBoost,5f62d3872bc5b0320c77367b04fd72f500b433ab1cfe1ba74280d204b50cc69f,0.7204410433769226,predict_proba,9eb1905b0d2d4dff99236976201e564cbe25ee258ba901ad38107c5c6b5846f0,False,True
R0034,GG0021,CVB0010,REF0004,1,5,XGBoost,5f62d3872bc5b0320c77367b04fd72f500b433ab1cfe1ba74280d204b50cc69f,0.7563008069992065,predict_proba,9eb1905b0d2d4dff99236976201e564cbe25ee258ba901ad38107c5c6b5846f0,False,True
R0035,GG0021,CVB0010,REF0004,1,5,XGBoost,5f62d3872bc5b0320c77367b04fd72f500b433ab1cfe1ba74280d204b50cc69f,0.8851744532585144,predict_proba,9eb1905b0d2d4dff99236976201e564cbe25ee258ba901ad38107c5c6b5846f0,False,True
R0036,GG0021,CVB0010,REF0004,1,5,XGBoost,5f62d3872bc5b0320c77367b04fd72f500b433ab1cfe1ba74280d204b50cc69f,0.9226177930831909,predict_proba,9eb1905b0d2d4dff99236976201e564cbe25ee258ba901ad38107c5c6b5846f0,False,True
R0037,GG0022,CVB0019,REF0005,1,5,XGBoost,5f62d3872bc5b0320c77367b04fd72f500b433ab1cfe1ba74280d204b50cc69f,0.33279845118522644,predict_proba,9eb1905b0d2d4dff99236976201e564cbe25ee258ba901ad38107c5c6b5846f0,False,True
R0038,GG0022,CVB0019,REF0005,1,5,XGBoost,5f62d3872bc5b0320c77367b04fd72f500b433ab1cfe1ba74280d204b50cc69f,0.48722678422927856,predict_proba,9eb1905b0d2d4dff99236976201e564cbe25ee258ba901ad38107c5c6b5846f0,False,True
R0039,GG0022,CVB0019,REF0005,1,5,XGBoost,5f62d3872bc5b0320c77367b04fd72f500b433ab1cfe1ba74280d204b50cc69f,0.12464640289545059,predict_proba,9eb1905b0d2d4dff99236976201e564cbe25ee258ba901ad38107c5c6b5846f0,False,True
R0040,GG0022,CVB0019,REF0005,1,5,XGBoost,5f62d3872bc5b0320c77367b04fd72f500b433ab1cfe1ba74280d204b50cc69f,0.15620499849319458,predict_proba,9eb1905b0d2d4dff99236976201e564cbe25ee258ba901ad38107c5c6b5846f0,False,True
R0041,GG0022,CVB0019,REF0005,1,5,XGBoost,5f62d3872bc5b0320c77367b04fd72f500b433ab1cfe1ba74280d204b50cc69f,0.07472197711467743,predict_proba,9eb1905b0d2d4dff99236976201e564cbe25ee258ba901ad38107c5c6b5846f0,False,True
R0042,GG0022,CVB0019,REF0005,1,5,XGBoost,5f62d3872bc5b0320c77367b04fd72f500b433ab1cfe1ba74280d204b50cc69f,0.21209996938705444,predict_proba,9eb1905b0d2d4dff99236976201e564cbe25ee258ba901ad38107c5c6b5846f0,False,True
R0043,GG0022,CVB0019,REF0005,1,5,XGBoost,5f62d3872bc5b0320c77367b04fd72f500b433ab1cfe1ba74280d204b50cc69f,0.10532360523939133,predict_proba,9eb1905b0d2d4dff99236976201e564cbe25ee258ba901ad38107c5c6b5846f0,False,True
R0044,GG0022,CVB0019,REF0005,1,5,XGBoost,5f62d3872bc5b0320c77367b04fd72f500b433ab1cfe1ba74280d204b50cc69f,0.6169568300247192,predict_proba,9eb1905b0d2d4dff99236976201e564cbe25ee258ba901ad38107c5c6b5846f0,False,True
R0045,GG0022,CVB0019,REF0005,1,5,XGBoost,5f62d3872bc5b0320c77367b04fd72f500b433ab1cfe1ba74280d204b50cc69f,0.7631285190582275,predict_proba,9eb1905b0d2d4dff99236976201e564cbe25ee258ba901ad38107c5c6b5846f0,False,True
R0046,GG0022,CVB0019,REF0005,1,5,XGBoost,5f62d3872bc5b0320c77367b04fd72f500b433ab1cfe1ba74280d204b50cc69f,0.8027356266975403,predict_proba,9eb1905b0d2d4dff99236976201e564cbe25ee258ba901ad38107c5c6b5846f0,False,True
R0047,GG0022,CVB0019,REF0005,1,5,XGBoost,5f62d3872bc5b0320c77367b04fd72f500b433ab1cfe1ba74280d204b50cc69f,0.6924178600311279,predict_proba,9eb1905b0d2d4dff99236976201e564cbe25ee258ba901ad38107c5c6b5846f0,False,True
R0048,GG0022,CVB0019,REF0005,1,5,XGBoost,5f62d3872bc5b0320c77367b04fd72f500b433ab1cfe1ba74280d204b50cc69f,0.5008084774017334,predict_proba,9eb1905b0d2d4dff99236976201e564cbe25ee258ba901ad38107c5c6b5846f0,False,True
R0060,GG0021,CVB0010,REF0008,1,5,XGBoost,5f62d3872bc5b0320c77367b04fd72f500b433ab1cfe1ba74280d204b50cc69f,0.24481910467147827,predict_proba,9eb1905b0d2d4dff99236976201e564cbe25ee258ba901ad38107c5c6b5846f0,False,True
R0061,GG0021,CVB0010,REF0008,1,5,XGBoost,5f62d3872bc5b0320c77367b04fd72f500b433ab1cfe1ba74280d204b50cc69f,0.46204641461372375,predict_proba,9eb1905b0d2d4dff99236976201e564cbe25ee258ba901ad38107c5c6b5846f0,False,True
R0062,GG0021,CVB0010,REF0008,1,5,XGBoost,5f62d3872bc5b0320c77367b04fd72f500b433ab1cfe1ba74280d204b50cc69f,0.3634212911128998,predict_proba,9eb1905b0d2d4dff99236976201e564cbe25ee258ba901ad38107c5c6b5846f0,False,True
R0063,GG0021,CVB0010,REF0008,1,5,XGBoost,5f62d3872bc5b0320c77367b04fd72f500b433ab1cfe1ba74280d204b50cc69f,0.7676491141319275,predict_proba,9eb1905b0d2d4dff99236976201e564cbe25ee258ba901ad38107c5c6b5846f0,False,True
R0064,GG0021,CVB0010,REF0008,1,5,XGBoost,5f62d3872bc5b0320c77367b04fd72f500b433ab1cfe1ba74280d204b50cc69f,0.778752326965332,predict_proba,9eb1905b0d2d4dff99236976201e564cbe25ee258ba901ad38107c5c6b5846f0,False,True
R0065,GG0021,CVB0010,REF0008,1,5,XGBoost,5f62d3872bc5b0320c77367b04fd72f500b433ab1cfe1ba74280d204b50cc69f,0.8255060315132141,predict_proba,9eb1905b0d2d4dff99236976201e564cbe25ee258ba901ad38107c5c6b5846f0,False,True
R0066,GG0021,CVB0010,REF0008,1,5,XGBoost,5f62d3872bc5b0320c77367b04fd72f500b433ab1cfe1ba74280d204b50cc69f,0.6098066568374634,predict_proba,9eb1905b0d2d4dff99236976201e564cbe25ee258ba901ad38107c5c6b5846f0,False,True
R0067,GG0021,CVB0010,REF0008,1,5,XGBoost,5f62d3872bc5b0320c77367b04fd72f500b433ab1cfe1ba74280d204b50cc69f,0.1246691644191742,predict_proba,9eb1905b0d2d4dff99236976201e564cbe25ee258ba901ad38107c5c6b5846f0,False,True
R0068,GG0021,CVB0010,REF0008,1,5,XGBoost,5f62d3872bc5b0320c77367b04fd72f500b433ab1cfe1ba74280d204b50cc69f,0.7553971409797668,predict_proba,9eb1905b0d2d4dff99236976201e564cbe25ee258ba901ad38107c5c6b5846f0,False,True
R0069,GG0021,CVB0010,REF0008,1,5,XGBoost,5f62d3872bc5b0320c77367b04fd72f500b433ab1cfe1ba74280d204b50cc69f,0.29750698804855347,predict_proba,9eb1905b0d2d4dff99236976201e564cbe25ee258ba901ad38107c5c6b5846f0,False,True
R0070,GG0021,CVB0010,REF0008,1,5,XGBoost,5f62d3872bc5b0320c77367b04fd72f500b433ab1cfe1ba74280d204b50cc69f,0.7962316870689392,predict_proba,9eb1905b0d2d4dff99236976201e564cbe25ee258ba901ad38107c5c6b5846f0,False,True
R0071,GG0021,CVB0010,REF0008,1,5,XGBoost,5f62d3872bc5b0320c77367b04fd72f500b433ab1cfe1ba74280d204b50cc69f,0.8705589175224304,predict_proba,9eb1905b0d2d4dff99236976201e564cbe25ee258ba901ad38107c5c6b5846f0,False,True
R0072,GG0021,CVB0010,REF0008,1,5,XGBoost,5f62d3872bc5b0320c77367b04fd72f500b433ab1cfe1ba74280d204b50cc69f,0.916348934173584,predict_proba,9eb1905b0d2d4dff99236976201e564cbe25ee258ba901ad38107c5c6b5846f0,False,True
R0073,GG0021,CVB0010,REF0008,1,5,XGBoost,5f62d3872bc5b0320c77367b04fd72f500b433ab1cfe1ba74280d204b50cc69f,0.8683664202690125,predict_proba,9eb1905b0d2d4dff99236976201e564cbe25ee258ba901ad38107c5c6b5846f0,False,True
R0074,GG0021,CVB0010,REF0008,1,5,XGBoost,5f62d3872bc5b0320c77367b04fd72f500b433ab1cfe1ba74280d204b50cc69f,0.8605049848556519,predict_proba,9eb1905b0d2d4dff99236976201e564cbe25ee258ba901ad38107c5c6b5846f0,False,True
R0075,GG0021,CVB0010,REF0008,1,5,XGBoost,5f62d3872bc5b0320c77367b04fd72f500b433ab1cfe1ba74280d204b50cc69f,0.8744648098945618,predict_proba,9eb1905b0d2d4dff99236976201e564cbe25ee258ba901ad38107c5c6b5846f0,False,True
R0076,GG0021,CVB0010,REF0008,1,5,XGBoost,5f62d3872bc5b0320c77367b04fd72f500b433ab1cfe1ba74280d204b50cc69f,0.9066267013549805,predict_proba,9eb1905b0d2d4dff99236976201e564cbe25ee258ba901ad38107c5c6b5846f0,False,True
R0077,GG0021,CVB0010,REF0008,1,5,XGBoost,5f62d3872bc5b0320c77367b04fd72f500b433ab1cfe1ba74280d204b50cc69f,0.9543027281761169,predict_proba,9eb1905b0d2d4dff99236976201e564cbe25ee258ba901ad38107c5c6b5846f0,False,True
R0078,GG0021,CVB0010,REF0008,1,5,XGBoost,5f62d3872bc5b0320c77367b04fd72f500b433ab1cfe1ba74280d204b50cc69f,0.9430803060531616,predict_proba,9eb1905b0d2d4dff99236976201e564cbe25ee258ba901ad38107c5c6b5846f0,False,True
R0079,GG0021,CVB0010,REF0008,1,5,XGBoost,5f62d3872bc5b0320c77367b04fd72f500b433ab1cfe1ba74280d204b50cc69f,0.9696094393730164,predict_proba,9eb1905b0d2d4dff99236976201e564cbe25ee258ba901ad38107c5c6b5846f0,False,True
R0080,GG0021,CVB0010,REF0008,1,5,XGBoost,5f62d3872bc5b0320c77367b04fd72f500b433ab1cfe1ba74280d204b50cc69f,0.9512032270431519,predict_proba,9eb1905b0d2d4dff99236976201e564cbe25ee258ba901ad38107c5c6b5846f0,False,True
R0123,GG0017,CVB0007,REF0013,1,5,XGBoost,5f62d3872bc5b0320c77367b04fd72f500b433ab1cfe1ba74280d204b50cc69f,0.0062396773137152195,predict_proba,9eb1905b0d2d4dff99236976201e564cbe25ee258ba901ad38107c5c6b5846f0,True,True
R0124,GG0017,CVB0007,REF0013,1,5,XGBoost,5f62d3872bc5b0320c77367b04fd72f500b433ab1cfe1ba74280d204b50cc69f,0.09111848473548889,predict_proba,9eb1905b0d2d4dff99236976201e564cbe25ee258ba901ad38107c5c6b5846f0,True,True
R0125,GG0017,CVB0007,REF0013,1,5,XGBoost,5f62d3872bc5b0320c77367b04fd72f500b433ab1cfe1ba74280d204b50cc69f,0.042606551200151443,predict_proba,9eb1905b0d2d4dff99236976201e564cbe25ee258ba901ad38107c5c6b5846f0,True,True
R0126,GG0017,CVB0007,REF0013,1,5,XGBoost,5f62d3872bc5b0320c77367b04fd72f500b433ab1cfe1ba74280d204b50cc69f,0.010208808816969395,predict_proba,9eb1905b0d2d4dff99236976201e564cbe25ee258ba901ad38107c5c6b5846f0,True,True
R0127,GG0017,CVB0007,REF0013,1,5,XGBoost,5f62d3872bc5b0320c77367b04fd72f500b433ab1cfe1ba74280d204b50cc69f,0.007642687764018774,predict_proba,9eb1905b0d2d4dff99236976201e564cbe25ee258ba901ad38107c5c6b5846f0,True,True
R0128,GG0017,CVB0007,REF0013,1,5,XGBoost,5f62d3872bc5b0320c77367b04fd72f500b433ab1cfe1ba74280d204b50cc69f,0.06744135171175003,predict_proba,9eb1905b0d2d4dff99236976201e564cbe25ee258ba901ad38107c5c6b5846f0,True,True
R0199,GG0033,CVB0030,REF0021,1,5,XGBoost,5f62d3872bc5b0320c77367b04fd72f500b433ab1cfe1ba74280d204b50cc69f,0.19441042840480804,predict_proba,9eb1905b0d2d4dff99236976201e564cbe25ee258ba901ad38107c5c6b5846f0,False,True
R0200,GG0033,CVB0030,REF0021,1,5,XGBoost,5f62d3872bc5b0320c77367b04fd72f500b433ab1cfe1ba74280d204b50cc69f,0.26589062809944153,predict_proba,9eb1905b0d2d4dff99236976201e564cbe25ee258ba901ad38107c5c6b5846f0,False,True
R0201,GG0033,CVB0030,REF0021,1,5,XGBoost,5f62d3872bc5b0320c77367b04fd72f500b433ab1cfe1ba74280d204b50cc69f,0.49466580152511597,predict_proba,9eb1905b0d2d4dff99236976201e564cbe25ee258ba901ad38107c5c6b5846f0,False,True
R0202,GG0033,CVB0030,REF0021,1,5,XGBoost,5f62d3872bc5b0320c77367b04fd72f500b433ab1cfe1ba74280d204b50cc69f,0.055605191737413406,predict_proba,9eb1905b0d2d4dff99236976201e564cbe25ee258ba901ad38107c5c6b5846f0,False,True
R0203,GG0033,CVB0030,REF0021,1,5,XGBoost,5f62d3872bc5b0320c77367b04fd72f500b433ab1cfe1ba74280d204b50cc69f,0.01054030004888773,predict_proba,9eb1905b0d2d4dff99236976201e564cbe25ee258ba901ad38107c5c6b5846f0,False,True
R0204,GG0033,CVB0030,REF0021,1,5,XGBoost,5f62d3872bc5b0320c77367b04fd72f500b433ab1cfe1ba74280d204b50cc69f,0.04168664291501045,predict_proba,9eb1905b0d2d4dff99236976201e564cbe25ee258ba901ad38107c5c6b5846f0,False,True
R0205,GG0033,CVB0030,REF0021,1,5,XGBoost,5f62d3872bc5b0320c77367b04fd72f500b433ab1cfe1ba74280d204b50cc69f,0.4815088212490082,predict_proba,9eb1905b0d2d4dff99236976201e564cbe25ee258ba901ad38107c5c6b5846f0,False,True
R0206,GG0033,CVB0030,REF0021,1,5,XGBoost,5f62d3872bc5b0320c77367b04fd72f500b433ab1cfe1ba74280d204b50cc69f,0.3883022964000702,predict_proba,9eb1905b0d2d4dff99236976201e564cbe25ee258ba901ad38107c5c6b5846f0,False,True
R0207,GG0033,CVB0030,REF0021,1,5,XGBoost,5f62d3872bc5b0320c77367b04fd72f500b433ab1cfe1ba74280d204b50cc69f,0.006398250348865986,predict_proba,9eb1905b0d2d4dff99236976201e564cbe25ee258ba901ad38107c5c6b5846f0,False,True
R0208,GG0033,CVB0030,REF0021,1,5,XGBoost,5f62d3872bc5b0320c77367b04fd72f500b433ab1cfe1ba74280d204b50cc69f,0.013139431364834309,predict_proba,9eb1905b0d2d4dff99236976201e564cbe25ee258ba901ad38107c5c6b5846f0,False,True
R0209,GG0033,CVB0030,REF0021,1,5,XGBoost,5f62d3872bc5b0320c77367b04fd72f500b433ab1cfe1ba74280d204b50cc69f,0.0007437485619448125,predict_proba,9eb1905b0d2d4dff99236976201e564cbe25ee258ba901ad38107c5c6b5846f0,False,True
R0210,GG0033,CVB0030,REF0021,1,5,XGBoost,5f62d3872bc5b0320c77367b04fd72f500b433ab1cfe1ba74280d204b50cc69f,0.13086509704589844,predict_proba,9eb1905b0d2d4dff99236976201e564cbe25ee258ba901ad38107c5c6b5846f0,False,True
R0211,GG0033,CVB0030,REF0021,1,5,XGBoost,5f62d3872bc5b0320c77367b04fd72f500b433ab1cfe1ba74280d204b50cc69f,0.10383922606706619,predict_proba,9eb1905b0d2d4dff99236976201e564cbe25ee258ba901ad38107c5c6b5846f0,False,True
R0212,GG0033,CVB0030,REF0021,1,5,XGBoost,5f62d3872bc5b0320c77367b04fd72f500b433ab1cfe1ba74280d204b50cc69f,0.05845652148127556,predict_proba,9eb1905b0d2d4dff99236976201e564cbe25ee258ba901ad38107c5c6b5846f0,False,True
R0213,GG0033,CVB0030,REF0022,1,5,XGBoost,5f62d3872bc5b0320c77367b04fd72f500b433ab1cfe1ba74280d204b50cc69f,0.2093553990125656,predict_proba,9eb1905b0d2d4dff99236976201e564cbe25ee258ba901ad38107c5c6b5846f0,False,True
R0214,GG0033,CVB0030,REF0022,1,5,XGBoost,5f62d3872bc5b0320c77367b04fd72f500b433ab1cfe1ba74280d204b50cc69f,0.5182491540908813,predict_proba,9eb1905b0d2d4dff99236976201e564cbe25ee258ba901ad38107c5c6b5846f0,False,True
R0215,GG0033,CVB0030,REF0022,1,5,XGBoost,5f62d3872bc5b0320c77367b04fd72f500b433ab1cfe1ba74280d204b50cc69f,0.04973108693957329,predict_proba,9eb1905b0d2d4dff99236976201e564cbe25ee258ba901ad38107c5c6b5846f0,False,True
R0360,GG0021,CVB0010,REF0036,1,5,XGBoost,5f62d3872bc5b0320c77367b04fd72f500b433ab1cfe1ba74280d204b50cc69f,0.16012690961360931,predict_proba,9eb1905b0d2d4dff99236976201e564cbe25ee258ba901ad38107c5c6b5846f0,False,True
R0361,GG0021,CVB0010,REF0036,1,5,XGBoost,5f62d3872bc5b0320c77367b04fd72f500b433ab1cfe1ba74280d204b50cc69f,0.023809364065527916,predict_proba,9eb1905b0d2d4dff99236976201e564cbe25ee258ba901ad38107c5c6b5846f0,False,True
R0362,GG0021,CVB0010,REF0036,1,5,XGBoost,5f62d3872bc5b0320c77367b04fd72f500b433ab1cfe1ba74280d204b50cc69f,0.02619650773704052,predict_proba,9eb1905b0d2d4dff99236976201e564cbe25ee258ba901ad38107c5c6b5846f0,False,True
R0363,GG0021,CVB0010,REF0036,1,5,XGBoost,5f62d3872bc5b0320c77367b04fd72f500b433ab1cfe1ba74280d204b50cc69f,0.8673251271247864,predict_proba,9eb1905b0d2d4dff99236976201e564cbe25ee258ba901ad38107c5c6b5846f0,False,True
R0364,GG0021,CVB0010,REF0036,1,5,XGBoost,5f62d3872bc5b0320c77367b04fd72f500b433ab1cfe1ba74280d204b50cc69f,0.7712051272392273,predict_proba,9eb1905b0d2d4dff99236976201e564cbe25ee258ba901ad38107c5c6b5846f0,False,True
R0365,GG0021,CVB0010,REF0036,1,5,XGBoost,5f62d3872bc5b0320c77367b04fd72f500b433ab1cfe1ba74280d204b50cc69f,0.48107418417930603,predict_proba,9eb1905b0d2d4dff99236976201e564cbe25ee258ba901ad38107c5c6b5846f0,False,True
R0366,GG0021,CVB0010,REF0036,1,5,XGBoost,5f62d3872bc5b0320c77367b04fd72f500b433ab1cfe1ba74280d204b50cc69f,0.8864138722419739,predict_proba,9eb1905b0d2d4dff99236976201e564cbe25ee258ba901ad38107c5c6b5846f0,False,True
R0367,GG0021,CVB0010,REF0036,1,5,XGBoost,5f62d3872bc5b0320c77367b04fd72f500b433ab1cfe1ba74280d204b50cc69f,0.1913345456123352,predict_proba,9eb1905b0d2d4dff99236976201e564cbe25ee258ba901ad38107c5c6b5846f0,False,True
R0368,GG0021,CVB0010,REF0036,1,5,XGBoost,5f62d3872bc5b0320c77367b04fd72f500b433ab1cfe1ba74280d204b50cc69f,0.9813336730003357,predict_proba,9eb1905b0d2d4dff99236976201e564cbe25ee258ba901ad38107c5c6b5846f0,False,True
R0369,GG0021,CVB0010,REF0036,1,5,XGBoost,5f62d3872bc5b0320c77367b04fd72f500b433ab1cfe1ba74280d204b50cc69f,0.9729496240615845,predict_proba,9eb1905b0d2d4dff99236976201e564cbe25ee258ba901ad38107c5c6b5846f0,False,True
R0457,GG0021,CVB0010,REF0042,1,5,XGBoost,5f62d3872bc5b0320c77367b04fd72f500b433ab1cfe1ba74280d204b50cc69f,0.7050637006759644,predict_proba,9eb1905b0d2d4dff99236976201e564cbe25ee258ba901ad38107c5c6b5846f0,False,True
R0458,GG0021,CVB0010,REF0042,1,5,XGBoost,5f62d3872bc5b0320c77367b04fd72f500b433ab1cfe1ba74280d204b50cc69f,0.44983434677124023,predict_proba,9eb1905b0d2d4dff99236976201e564cbe25ee258ba901ad38107c5c6b5846f0,False,True
R0459,GG0021,CVB0010,REF0042,1,5,XGBoost,5f62d3872bc5b0320c77367b04fd72f500b433ab1cfe1ba74280d204b50cc69f,0.17893368005752563,predict_proba,9eb1905b0d2d4dff99236976201e564cbe25ee258ba901ad38107c5c6b5846f0,False,True
R0460,GG0021,CVB0010,REF0042,1,5,XGBoost,5f62d3872bc5b0320c77367b04fd72f500b433ab1cfe1ba74280d204b50cc69f,0.7948400378227234,predict_proba,9eb1905b0d2d4dff99236976201e564cbe25ee258ba901ad38107c5c6b5846f0,False,True
R0461,GG0021,CVB0010,REF0042,1,5,XGBoost,5f62d3872bc5b0320c77367b04fd72f500b433ab1cfe1ba74280d204b50cc69f,0.30777332186698914,predict_proba,9eb1905b0d2d4dff99236976201e564cbe25ee258ba901ad38107c5c6b5846f0,False,True
R0462,GG0021,CVB0010,REF0042,1,5,XGBoost,5f62d3872bc5b0320c77367b04fd72f500b433ab1cfe1ba74280d204b50cc69f,0.6291146278381348,predict_proba,9eb1905b0d2d4dff99236976201e564cbe25ee258ba901ad38107c5c6b5846f0,False,True
R0463,GG0021,CVB0010,REF0042,1,5,XGBoost,5f62d3872bc5b0320c77367b04fd72f500b433ab1cfe1ba74280d204b50cc69f,0.2580954432487488,predict_proba,9eb1905b0d2d4dff99236976201e564cbe25ee258ba901ad38107c5c6b5846f0,False,True
R0464,GG0021,CVB0010,REF0042,1,5,XGBoost,5f62d3872bc5b0320c77367b04fd72f500b433ab1cfe1ba74280d204b50cc69f,0.013091185130178928,predict_proba,9eb1905b0d2d4dff99236976201e564cbe25ee258ba901ad38107c5c6b5846f0,False,True
R0465,GG0021,CVB0010,REF0042,1,5,XGBoost,5f62d3872bc5b0320c77367b04fd72f500b433ab1cfe1ba74280d204b50cc69f,0.018772590905427933,predict_proba,9eb1905b0d2d4dff99236976201e564cbe25ee258ba901ad38107c5c6b5846f0,False,True
R0466,GG0021,CVB0010,REF0042,1,5,XGBoost,5f62d3872bc5b0320c77367b04fd72f500b433ab1cfe1ba74280d204b50cc69f,0.02711312100291252,predict_proba,9eb1905b0d2d4dff99236976201e564cbe25ee258ba901ad38107c5c6b5846f0,False,True
R0467,GG0021,CVB0010,REF0042,1,5,XGBoost,5f62d3872bc5b0320c77367b04fd72f500b433ab1cfe1ba74280d204b50cc69f,0.021638497710227966,predict_proba,9eb1905b0d2d4dff99236976201e564cbe25ee258ba901ad38107c5c6b5846f0,False,True
R0468,GG0021,CVB0010,REF0042,1,5,XGBoost,5f62d3872bc5b0320c77367b04fd72f500b433ab1cfe1ba74280d204b50cc69f,0.8189823627471924,predict_proba,9eb1905b0d2d4dff99236976201e564cbe25ee258ba901ad38107c5c6b5846f0,False,True
R0469,GG0021,CVB0010,REF0042,1,5,XGBoost,5f62d3872bc5b0320c77367b04fd72f500b433ab1cfe1ba74280d204b50cc69f,0.06382391601800919,predict_proba,9eb1905b0d2d4dff99236976201e564cbe25ee258ba901ad38107c5c6b5846f0,False,True
R0470,GG0021,CVB0010,REF0042,1,5,XGBoost,5f62d3872bc5b0320c77367b04fd72f500b433ab1cfe1ba74280d204b50cc69f,0.015639333054423332,predict_proba,9eb1905b0d2d4dff99236976201e564cbe25ee258ba901ad38107c5c6b5846f0,False,True
R0471,GG0021,CVB0010,REF0042,1,5,XGBoost,5f62d3872bc5b0320c77367b04fd72f500b433ab1cfe1ba74280d204b50cc69f,0.04829191043972969,predict_proba,9eb1905b0d2d4dff99236976201e564cbe25ee258ba901ad38107c5c6b5846f0,False,True
R0472,GG0021,CVB0010,REF0042,1,5,XGBoost,5f62d3872bc5b0320c77367b04fd72f500b433ab1cfe1ba74280d204b50cc69f,0.050940290093421936,predict_proba,9eb1905b0d2d4dff99236976201e564cbe25ee258ba901ad38107c5c6b5846f0,False,True
R0473,GG0021,CVB0010,REF0042,1,5,XGBoost,5f62d3872bc5b0320c77367b04fd72f500b433ab1cfe1ba74280d204b50cc69f,0.009625284932553768,predict_proba,9eb1905b0d2d4dff99236976201e564cbe25ee258ba901ad38107c5c6b5846f0,False,True
R0474,GG0021,CVB0010,REF0042,1,5,XGBoost,5f62d3872bc5b0320c77367b04fd72f500b433ab1cfe1ba74280d204b50cc69f,0.09268244355916977,predict_proba,9eb1905b0d2d4dff99236976201e564cbe25ee258ba901ad38107c5c6b5846f0,False,True
R0475,GG0021,CVB0010,REF0042,1,5,XGBoost,5f62d3872bc5b0320c77367b04fd72f500b433ab1cfe1ba74280d204b50cc69f,0.006082764361053705,predict_proba,9eb1905b0d2d4dff99236976201e564cbe25ee258ba901ad38107c5c6b5846f0,False,True
R0476,GG0021,CVB0010,REF0042,1,5,XGBoost,5f62d3872bc5b0320c77367b04fd72f500b433ab1cfe1ba74280d204b50cc69f,0.050627633929252625,predict_proba,9eb1905b0d2d4dff99236976201e564cbe25ee258ba901ad38107c5c6b5846f0,False,True
R0477,GG0021,CVB0010,REF0042,1,5,XGBoost,5f62d3872bc5b0320c77367b04fd72f500b433ab1cfe1ba74280d204b50cc69f,0.004294153302907944,predict_proba,9eb1905b0d2d4dff99236976201e564cbe25ee258ba901ad38107c5c6b5846f0,False,True
R0478,GG0021,CVB0010,REF0043,1,5,XGBoost,5f62d3872bc5b0320c77367b04fd72f500b433ab1cfe1ba74280d204b50cc69f,0.6007770299911499,predict_proba,9eb1905b0d2d4dff99236976201e564cbe25ee258ba901ad38107c5c6b5846f0,False,True
R0479,GG0021,CVB0010,REF0043,1,5,XGBoost,5f62d3872bc5b0320c77367b04fd72f500b433ab1cfe1ba74280d204b50cc69f,0.6053973436355591,predict_proba,9eb1905b0d2d4dff99236976201e564cbe25ee258ba901ad38107c5c6b5846f0,False,True
R0480,GG0021,CVB0010,REF0043,1,5,XGBoost,5f62d3872bc5b0320c77367b04fd72f500b433ab1cfe1ba74280d204b50cc69f,0.09929913282394409,predict_proba,9eb1905b0d2d4dff99236976201e564cbe25ee258ba901ad38107c5c6b5846f0,False,True
R0481,GG0021,CVB0010,REF0043,1,5,XGBoost,5f62d3872bc5b0320c77367b04fd72f500b433ab1cfe1ba74280d204b50cc69f,0.8244803547859192,predict_proba,9eb1905b0d2d4dff99236976201e564cbe25ee258ba901ad38107c5c6b5846f0,False,True
R0482,GG0021,CVB0010,REF0043,1,5,XGBoost,5f62d3872bc5b0320c77367b04fd72f500b433ab1cfe1ba74280d204b50cc69f,0.8224001526832581,predict_proba,9eb1905b0d2d4dff99236976201e564cbe25ee258ba901ad38107c5c6b5846f0,False,True
R0483,GG0021,CVB0010,REF0043,1,5,XGBoost,5f62d3872bc5b0320c77367b04fd72f500b433ab1cfe1ba74280d204b50cc69f,0.8248434066772461,predict_proba,9eb1905b0d2d4dff99236976201e564cbe25ee258ba901ad38107c5c6b5846f0,False,True
R0484,GG0021,CVB0010,REF0043,1,5,XGBoost,5f62d3872bc5b0320c77367b04fd72f500b433ab1cfe1ba74280d204b50cc69f,0.8168519735336304,predict_proba,9eb1905b0d2d4dff99236976201e564cbe25ee258ba901ad38107c5c6b5846f0,False,True
R0485,GG0021,CVB0010,REF0043,1,5,XGBoost,5f62d3872bc5b0320c77367b04fd72f500b433ab1cfe1ba74280d204b50cc69f,0.7896895408630371,predict_proba,9eb1905b0d2d4dff99236976201e564cbe25ee258ba901ad38107c5c6b5846f0,False,True
R0486,GG0021,CVB0010,REF0043,1,5,XGBoost,5f62d3872bc5b0320c77367b04fd72f500b433ab1cfe1ba74280d204b50cc69f,0.9544589519500732,predict_proba,9eb1905b0d2d4dff99236976201e564cbe25ee258ba901ad38107c5c6b5846f0,False,True
R0487,GG0021,CVB0010,REF0043,1,5,XGBoost,5f62d3872bc5b0320c77367b04fd72f500b433ab1cfe1ba74280d204b50cc69f,0.9665891528129578,predict_proba,9eb1905b0d2d4dff99236976201e564cbe25ee258ba901ad38107c5c6b5846f0,False,True
R0488,GG0021,CVB0010,REF0043,1,5,XGBoost,5f62d3872bc5b0320c77367b04fd72f500b433ab1cfe1ba74280d204b50cc69f,0.7131412029266357,predict_proba,9eb1905b0d2d4dff99236976201e564cbe25ee258ba901ad38107c5c6b5846f0,False,True
R0489,GG0021,CVB0010,REF0043,1,5,XGBoost,5f62d3872bc5b0320c77367b04fd72f500b433ab1cfe1ba74280d204b50cc69f,0.9901925325393677,predict_proba,9eb1905b0d2d4dff99236976201e564cbe25ee258ba901ad38107c5c6b5846f0,False,True
R0490,GG0021,CVB0010,REF0043,1,5,XGBoost,5f62d3872bc5b0320c77367b04fd72f500b433ab1cfe1ba74280d204b50cc69f,0.8676897287368774,predict_proba,9eb1905b0d2d4dff99236976201e564cbe25ee258ba901ad38107c5c6b5846f0,False,True
R0491,GG0021,CVB0010,REF0043,1,5,XGBoost,5f62d3872bc5b0320c77367b04fd72f500b433ab1cfe1ba74280d204b50cc69f,0.973540723323822,predict_proba,9eb1905b0d2d4dff99236976201e564cbe25ee258ba901ad38107c5c6b5846f0,False,True
R0492,GG0021,CVB0010,REF0043,1,5,XGBoost,5f62d3872bc5b0320c77367b04fd72f500b433ab1cfe1ba74280d204b50cc69f,0.9313748478889465,predict_proba,9eb1905b0d2d4dff99236976201e564cbe25ee258ba901ad38107c5c6b5846f0,False,True
R0493,GG0021,CVB0010,REF0043,1,5,XGBoost,5f62d3872bc5b0320c77367b04fd72f500b433ab1cfe1ba74280d204b50cc69f,0.8757994174957275,predict_proba,9eb1905b0d2d4dff99236976201e564cbe25ee258ba901ad38107c5c6b5846f0,False,True
R0494,GG0021,CVB0010,REF0043,1,5,XGBoost,5f62d3872bc5b0320c77367b04fd72f500b433ab1cfe1ba74280d204b50cc69f,0.9305950403213501,predict_proba,9eb1905b0d2d4dff99236976201e564cbe25ee258ba901ad38107c5c6b5846f0,False,True
R0495,GG0021,CVB0010,REF0043,1,5,XGBoost,5f62d3872bc5b0320c77367b04fd72f500b433ab1cfe1ba74280d204b50cc69f,0.9546086192131042,predict_proba,9eb1905b0d2d4dff99236976201e564cbe25ee258ba901ad38107c5c6b5846f0,False,True
R0496,GG0021,CVB0010,REF0043,1,5,XGBoost,5f62d3872bc5b0320c77367b04fd72f500b433ab1cfe1ba74280d204b50cc69f,0.942823052406311,predict_proba,9eb1905b0d2d4dff99236976201e564cbe25ee258ba901ad38107c5c6b5846f0,False,True
R0603,GG0033,CVB0030,REF0051,1,5,XGBoost,5f62d3872bc5b0320c77367b04fd72f500b433ab1cfe1ba74280d204b50cc69f,0.7055729627609253,predict_proba,9eb1905b0d2d4dff99236976201e564cbe25ee258ba901ad38107c5c6b5846f0,False,True
R0604,GG0033,CVB0030,REF0051,1,5,XGBoost,5f62d3872bc5b0320c77367b04fd72f500b433ab1cfe1ba74280d204b50cc69f,0.10507367551326752,predict_proba,9eb1905b0d2d4dff99236976201e564cbe25ee258ba901ad38107c5c6b5846f0,False,True
R0605,GG0033,CVB0030,REF0051,1,5,XGBoost,5f62d3872bc5b0320c77367b04fd72f500b433ab1cfe1ba74280d204b50cc69f,0.1405894011259079,predict_proba,9eb1905b0d2d4dff99236976201e564cbe25ee258ba901ad38107c5c6b5846f0,False,True
R0606,GG0033,CVB0030,REF0051,1,5,XGBoost,5f62d3872bc5b0320c77367b04fd72f500b433ab1cfe1ba74280d204b50cc69f,0.017352785915136337,predict_proba,9eb1905b0d2d4dff99236976201e564cbe25ee258ba901ad38107c5c6b5846f0,False,True
R0607,GG0033,CVB0030,REF0051,1,5,XGBoost,5f62d3872bc5b0320c77367b04fd72f500b433ab1cfe1ba74280d204b50cc69f,0.2339036464691162,predict_proba,9eb1905b0d2d4dff99236976201e564cbe25ee258ba901ad38107c5c6b5846f0,False,True
R0608,GG0033,CVB0030,REF0051,1,5,XGBoost,5f62d3872bc5b0320c77367b04fd72f500b433ab1cfe1ba74280d204b50cc69f,0.07953152805566788,predict_proba,9eb1905b0d2d4dff99236976201e564cbe25ee258ba901ad38107c5c6b5846f0,False,True
R0609,GG0033,CVB0030,REF0051,1,5,XGBoost,5f62d3872bc5b0320c77367b04fd72f500b433ab1cfe1ba74280d204b50cc69f,0.15143471956253052,predict_proba,9eb1905b0d2d4dff99236976201e564cbe25ee258ba901ad38107c5c6b5846f0,False,True
R0610,GG0033,CVB0030,REF0051,1,5,XGBoost,5f62d3872bc5b0320c77367b04fd72f500b433ab1cfe1ba74280d204b50cc69f,0.06041887030005455,predict_proba,9eb1905b0d2d4dff99236976201e564cbe25ee258ba901ad38107c5c6b5846f0,False,True
R0611,GG0033,CVB0030,REF0051,1,5,XGBoost,5f62d3872bc5b0320c77367b04fd72f500b433ab1cfe1ba74280d204b50cc69f,0.5466344952583313,predict_proba,9eb1905b0d2d4dff99236976201e564cbe25ee258ba901ad38107c5c6b5846f0,False,True
R0612,GG0033,CVB0030,REF0051,1,5,XGBoost,5f62d3872bc5b0320c77367b04fd72f500b433ab1cfe1ba74280d204b50cc69f,0.1152690201997757,predict_proba,9eb1905b0d2d4dff99236976201e564cbe25ee258ba901ad38107c5c6b5846f0,False,True
R0613,GG0033,CVB0030,REF0051,1,5,XGBoost,5f62d3872bc5b0320c77367b04fd72f500b433ab1cfe1ba74280d204b50cc69f,0.02881556935608387,predict_proba,9eb1905b0d2d4dff99236976201e564cbe25ee258ba901ad38107c5c6b5846f0,False,True
R0614,GG0033,CVB0030,REF0051,1,5,XGBoost,5f62d3872bc5b0320c77367b04fd72f500b433ab1cfe1ba74280d204b50cc69f,0.040533579885959625,predict_proba,9eb1905b0d2d4dff99236976201e564cbe25ee258ba901ad38107c5c6b5846f0,False,True
R0615,GG0033,CVB0030,REF0051,1,5,XGBoost,5f62d3872bc5b0320c77367b04fd72f500b433ab1cfe1ba74280d204b50cc69f,0.11349562555551529,predict_proba,9eb1905b0d2d4dff99236976201e564cbe25ee258ba901ad38107c5c6b5846f0,False,True
R0616,GG0033,CVB0030,REF0051,1,5,XGBoost,5f62d3872bc5b0320c77367b04fd72f500b433ab1cfe1ba74280d204b50cc69f,0.1158597320318222,predict_proba,9eb1905b0d2d4dff99236976201e564cbe25ee258ba901ad38107c5c6b5846f0,False,True
R0617,GG0033,CVB0030,REF0051,1,5,XGBoost,5f62d3872bc5b0320c77367b04fd72f500b433ab1cfe1ba74280d204b50cc69f,0.38981151580810547,predict_proba,9eb1905b0d2d4dff99236976201e564cbe25ee258ba901ad38107c5c6b5846f0,False,True
R0618,GG0033,CVB0030,REF0051,1,5,XGBoost,5f62d3872bc5b0320c77367b04fd72f500b433ab1cfe1ba74280d204b50cc69f,0.032807234674692154,predict_proba,9eb1905b0d2d4dff99236976201e564cbe25ee258ba901ad38107c5c6b5846f0,False,True
R0619,GG0033,CVB0030,REF0051,1,5,XGBoost,5f62d3872bc5b0320c77367b04fd72f500b433ab1cfe1ba74280d204b50cc69f,0.05074034258723259,predict_proba,9eb1905b0d2d4dff99236976201e564cbe25ee258ba901ad38107c5c6b5846f0,False,True
R0620,GG0033,CVB0030,REF0051,1,5,XGBoost,5f62d3872bc5b0320c77367b04fd72f500b433ab1cfe1ba74280d204b50cc69f,0.08236496895551682,predict_proba,9eb1905b0d2d4dff99236976201e564cbe25ee258ba901ad38107c5c6b5846f0,False,True
R0621,GG0033,CVB0030,REF0051,1,5,XGBoost,5f62d3872bc5b0320c77367b04fd72f500b433ab1cfe1ba74280d204b50cc69f,0.02899576909840107,predict_proba,9eb1905b0d2d4dff99236976201e564cbe25ee258ba901ad38107c5c6b5846f0,False,True
R0622,GG0033,CVB0030,REF0051,1,5,XGBoost,5f62d3872bc5b0320c77367b04fd72f500b433ab1cfe1ba74280d204b50cc69f,0.03486665338277817,predict_proba,9eb1905b0d2d4dff99236976201e564cbe25ee258ba901ad38107c5c6b5846f0,False,True
R0623,GG0033,CVB0030,REF0051,1,5,XGBoost,5f62d3872bc5b0320c77367b04fd72f500b433ab1cfe1ba74280d204b50cc69f,0.0751957967877388,predict_proba,9eb1905b0d2d4dff99236976201e564cbe25ee258ba901ad38107c5c6b5846f0,False,True
R0624,GG0033,CVB0030,REF0051,1,5,XGBoost,5f62d3872bc5b0320c77367b04fd72f500b433ab1cfe1ba74280d204b50cc69f,0.26746660470962524,predict_proba,9eb1905b0d2d4dff99236976201e564cbe25ee258ba901ad38107c5c6b5846f0,False,True
R0625,GG0033,CVB0030,REF0051,1,5,XGBoost,5f62d3872bc5b0320c77367b04fd72f500b433ab1cfe1ba74280d204b50cc69f,0.045497626066207886,predict_proba,9eb1905b0d2d4dff99236976201e564cbe25ee258ba901ad38107c5c6b5846f0,False,True
R0626,GG0033,CVB0030,REF0051,1,5,XGBoost,5f62d3872bc5b0320c77367b04fd72f500b433ab1cfe1ba74280d204b50cc69f,0.018313875421881676,predict_proba,9eb1905b0d2d4dff99236976201e564cbe25ee258ba901ad38107c5c6b5846f0,False,True
R0627,GG0033,CVB0030,REF0051,1,5,XGBoost,5f62d3872bc5b0320c77367b04fd72f500b433ab1cfe1ba74280d204b50cc69f,0.0720142349600792,predict_proba,9eb1905b0d2d4dff99236976201e564cbe25ee258ba901ad38107c5c6b5846f0,False,True
R0737,GG0021,CVB0010,REF0057,1,5,XGBoost,5f62d3872bc5b0320c77367b04fd72f500b433ab1cfe1ba74280d204b50cc69f,0.011471040546894073,predict_proba,9eb1905b0d2d4dff99236976201e564cbe25ee258ba901ad38107c5c6b5846f0,False,True
R0738,GG0021,CVB0010,REF0057,1,5,XGBoost,5f62d3872bc5b0320c77367b04fd72f500b433ab1cfe1ba74280d204b50cc69f,0.9362114071846008,predict_proba,9eb1905b0d2d4dff99236976201e564cbe25ee258ba901ad38107c5c6b5846f0,False,True
R0739,GG0021,CVB0010,REF0057,1,5,XGBoost,5f62d3872bc5b0320c77367b04fd72f500b433ab1cfe1ba74280d204b50cc69f,0.3378389775753021,predict_proba,9eb1905b0d2d4dff99236976201e564cbe25ee258ba901ad38107c5c6b5846f0,False,True
R0740,GG0021,CVB0010,REF0057,1,5,XGBoost,5f62d3872bc5b0320c77367b04fd72f500b433ab1cfe1ba74280d204b50cc69f,0.9643280506134033,predict_proba,9eb1905b0d2d4dff99236976201e564cbe25ee258ba901ad38107c5c6b5846f0,False,True
R0741,GG0021,CVB0010,REF0057,1,5,XGBoost,5f62d3872bc5b0320c77367b04fd72f500b433ab1cfe1ba74280d204b50cc69f,0.7323421835899353,predict_proba,9eb1905b0d2d4dff99236976201e564cbe25ee258ba901ad38107c5c6b5846f0,False,True
R0742,GG0021,CVB0010,REF0057,1,5,XGBoost,5f62d3872bc5b0320c77367b04fd72f500b433ab1cfe1ba74280d204b50cc69f,0.9062188863754272,predict_proba,9eb1905b0d2d4dff99236976201e564cbe25ee258ba901ad38107c5c6b5846f0,False,True
R0743,GG0021,CVB0010,REF0057,1,5,XGBoost,5f62d3872bc5b0320c77367b04fd72f500b433ab1cfe1ba74280d204b50cc69f,0.7687901258468628,predict_proba,9eb1905b0d2d4dff99236976201e564cbe25ee258ba901ad38107c5c6b5846f0,False,True
R0744,GG0021,CVB0010,REF0057,1,5,XGBoost,5f62d3872bc5b0320c77367b04fd72f500b433ab1cfe1ba74280d204b50cc69f,0.9390332102775574,predict_proba,9eb1905b0d2d4dff99236976201e564cbe25ee258ba901ad38107c5c6b5846f0,False,True
R0745,GG0021,CVB0010,REF0058,1,5,XGBoost,5f62d3872bc5b0320c77367b04fd72f500b433ab1cfe1ba74280d204b50cc69f,0.0011900567915290594,predict_proba,9eb1905b0d2d4dff99236976201e564cbe25ee258ba901ad38107c5c6b5846f0,False,True
R0746,GG0021,CVB0010,REF0058,1,5,XGBoost,5f62d3872bc5b0320c77367b04fd72f500b433ab1cfe1ba74280d204b50cc69f,0.006994704250246286,predict_proba,9eb1905b0d2d4dff99236976201e564cbe25ee258ba901ad38107c5c6b5846f0,False,True
R0747,GG0021,CVB0010,REF0058,1,5,XGBoost,5f62d3872bc5b0320c77367b04fd72f500b433ab1cfe1ba74280d204b50cc69f,0.0021698197815567255,predict_proba,9eb1905b0d2d4dff99236976201e564cbe25ee258ba901ad38107c5c6b5846f0,False,True
R0748,GG0021,CVB0010,REF0058,1,5,XGBoost,5f62d3872bc5b0320c77367b04fd72f500b433ab1cfe1ba74280d204b50cc69f,0.2646874487400055,predict_proba,9eb1905b0d2d4dff99236976201e564cbe25ee258ba901ad38107c5c6b5846f0,False,True
R0754,GG0021,CVB0010,REF0059,1,5,XGBoost,5f62d3872bc5b0320c77367b04fd72f500b433ab1cfe1ba74280d204b50cc69f,0.9791989922523499,predict_proba,9eb1905b0d2d4dff99236976201e564cbe25ee258ba901ad38107c5c6b5846f0,False,True
R0755,GG0021,CVB0010,REF0059,1,5,XGBoost,5f62d3872bc5b0320c77367b04fd72f500b433ab1cfe1ba74280d204b50cc69f,0.6531726121902466,predict_proba,9eb1905b0d2d4dff99236976201e564cbe25ee258ba901ad38107c5c6b5846f0,False,True
R0756,GG0021,CVB0010,REF0059,1,5,XGBoost,5f62d3872bc5b0320c77367b04fd72f500b433ab1cfe1ba74280d204b50cc69f,0.9565430283546448,predict_proba,9eb1905b0d2d4dff99236976201e564cbe25ee258ba901ad38107c5c6b5846f0,False,True
R0757,GG0021,CVB0010,REF0059,1,5,XGBoost,5f62d3872bc5b0320c77367b04fd72f500b433ab1cfe1ba74280d204b50cc69f,0.9668537974357605,predict_proba,9eb1905b0d2d4dff99236976201e564cbe25ee258ba901ad38107c5c6b5846f0,False,True
R0846,GG0033,CVB0030,REF0069,1,5,XGBoost,5f62d3872bc5b0320c77367b04fd72f500b433ab1cfe1ba74280d204b50cc69f,0.9133015275001526,predict_proba,9eb1905b0d2d4dff99236976201e564cbe25ee258ba901ad38107c5c6b5846f0,False,True
R0847,GG0033,CVB0030,REF0069,1,5,XGBoost,5f62d3872bc5b0320c77367b04fd72f500b433ab1cfe1ba74280d204b50cc69f,0.7412005662918091,predict_proba,9eb1905b0d2d4dff99236976201e564cbe25ee258ba901ad38107c5c6b5846f0,False,True
R0848,GG0033,CVB0030,REF0069,1,5,XGBoost,5f62d3872bc5b0320c77367b04fd72f500b433ab1cfe1ba74280d204b50cc69f,0.8639298677444458,predict_proba,9eb1905b0d2d4dff99236976201e564cbe25ee258ba901ad38107c5c6b5846f0,False,True
R0849,GG0033,CVB0030,REF0069,1,5,XGBoost,5f62d3872bc5b0320c77367b04fd72f500b433ab1cfe1ba74280d204b50cc69f,0.8927486538887024,predict_proba,9eb1905b0d2d4dff99236976201e564cbe25ee258ba901ad38107c5c6b5846f0,False,True
R0850,GG0033,CVB0030,REF0069,1,5,XGBoost,5f62d3872bc5b0320c77367b04fd72f500b433ab1cfe1ba74280d204b50cc69f,0.7927164435386658,predict_proba,9eb1905b0d2d4dff99236976201e564cbe25ee258ba901ad38107c5c6b5846f0,False,True
R0851,GG0033,CVB0030,REF0069,1,5,XGBoost,5f62d3872bc5b0320c77367b04fd72f500b433ab1cfe1ba74280d204b50cc69f,0.904213547706604,predict_proba,9eb1905b0d2d4dff99236976201e564cbe25ee258ba901ad38107c5c6b5846f0,False,True
R0852,GG0033,CVB0030,REF0069,1,5,XGBoost,5f62d3872bc5b0320c77367b04fd72f500b433ab1cfe1ba74280d204b50cc69f,0.98831707239151,predict_proba,9eb1905b0d2d4dff99236976201e564cbe25ee258ba901ad38107c5c6b5846f0,False,True
R0853,GG0033,CVB0030,REF0069,1,5,XGBoost,5f62d3872bc5b0320c77367b04fd72f500b433ab1cfe1ba74280d204b50cc69f,0.9703558683395386,predict_proba,9eb1905b0d2d4dff99236976201e564cbe25ee258ba901ad38107c5c6b5846f0,False,True
R0854,GG0033,CVB0030,REF0069,1,5,XGBoost,5f62d3872bc5b0320c77367b04fd72f500b433ab1cfe1ba74280d204b50cc69f,0.9769574403762817,predict_proba,9eb1905b0d2d4dff99236976201e564cbe25ee258ba901ad38107c5c6b5846f0,False,True
R0855,GG0033,CVB0030,REF0069,1,5,XGBoost,5f62d3872bc5b0320c77367b04fd72f500b433ab1cfe1ba74280d204b50cc69f,0.03347781300544739,predict_proba,9eb1905b0d2d4dff99236976201e564cbe25ee258ba901ad38107c5c6b5846f0,False,True
R0866,GG0033,CVB0030,REF0071,1,5,XGBoost,5f62d3872bc5b0320c77367b04fd72f500b433ab1cfe1ba74280d204b50cc69f,0.02494344860315323,predict_proba,9eb1905b0d2d4dff99236976201e564cbe25ee258ba901ad38107c5c6b5846f0,False,True
R0867,GG0033,CVB0030,REF0071,1,5,XGBoost,5f62d3872bc5b0320c77367b04fd72f500b433ab1cfe1ba74280d204b50cc69f,0.5395172238349915,predict_proba,9eb1905b0d2d4dff99236976201e564cbe25ee258ba901ad38107c5c6b5846f0,False,True
R0870,GG0033,CVB0030,REF0071,1,5,XGBoost,5f62d3872bc5b0320c77367b04fd72f500b433ab1cfe1ba74280d204b50cc69f,0.00667422404512763,predict_proba,9eb1905b0d2d4dff99236976201e564cbe25ee258ba901ad38107c5c6b5846f0,False,True
R0871,GG0033,CVB0030,REF0071,1,5,XGBoost,5f62d3872bc5b0320c77367b04fd72f500b433ab1cfe1ba74280d204b50cc69f,0.01056535355746746,predict_proba,9eb1905b0d2d4dff99236976201e564cbe25ee258ba901ad38107c5c6b5846f0,False,True
R0872,GG0033,CVB0030,REF0071,1,5,XGBoost,5f62d3872bc5b0320c77367b04fd72f500b433ab1cfe1ba74280d204b50cc69f,0.007575922179967165,predict_proba,9eb1905b0d2d4dff99236976201e564cbe25ee258ba901ad38107c5c6b5846f0,False,True
R0873,GG0033,CVB0030,REF0071,1,5,XGBoost,5f62d3872bc5b0320c77367b04fd72f500b433ab1cfe1ba74280d204b50cc69f,0.027756018564105034,predict_proba,9eb1905b0d2d4dff99236976201e564cbe25ee258ba901ad38107c5c6b5846f0,False,True
R0874,GG0033,CVB0030,REF0071,1,5,XGBoost,5f62d3872bc5b0320c77367b04fd72f500b433ab1cfe1ba74280d204b50cc69f,0.0017740754410624504,predict_proba,9eb1905b0d2d4dff99236976201e564cbe25ee258ba901ad38107c5c6b5846f0,False,True
R0875,GG0033,CVB0030,REF0071,1,5,XGBoost,5f62d3872bc5b0320c77367b04fd72f500b433ab1cfe1ba74280d204b50cc69f,0.07012154161930084,predict_proba,9eb1905b0d2d4dff99236976201e564cbe25ee258ba901ad38107c5c6b5846f0,False,True
R0876,GG0033,CVB0030,REF0071,1,5,XGBoost,5f62d3872bc5b0320c77367b04fd72f500b433ab1cfe1ba74280d204b50cc69f,0.01048724539577961,predict_proba,9eb1905b0d2d4dff99236976201e564cbe25ee258ba901ad38107c5c6b5846f0,False,True
R0877,GG0033,CVB0030,REF0071,1,5,XGBoost,5f62d3872bc5b0320c77367b04fd72f500b433ab1cfe1ba74280d204b50cc69f,0.1752321720123291,predict_proba,9eb1905b0d2d4dff99236976201e564cbe25ee258ba901ad38107c5c6b5846f0,False,True
R0878,GG0033,CVB0030,REF0071,1,5,XGBoost,5f62d3872bc5b0320c77367b04fd72f500b433ab1cfe1ba74280d204b50cc69f,0.36415621638298035,predict_proba,9eb1905b0d2d4dff99236976201e564cbe25ee258ba901ad38107c5c6b5846f0,False,True
R0934,GG0011,CVB0011,REF0077,1,5,XGBoost,5f62d3872bc5b0320c77367b04fd72f500b433ab1cfe1ba74280d204b50cc69f,0.7054466009140015,predict_proba,9eb1905b0d2d4dff99236976201e564cbe25ee258ba901ad38107c5c6b5846f0,False,True
R0935,GG0011,CVB0011,REF0077,1,5,XGBoost,5f62d3872bc5b0320c77367b04fd72f500b433ab1cfe1ba74280d204b50cc69f,0.7295456528663635,predict_proba,9eb1905b0d2d4dff99236976201e564cbe25ee258ba901ad38107c5c6b5846f0,False,True
R0936,GG0011,CVB0011,REF0077,1,5,XGBoost,5f62d3872bc5b0320c77367b04fd72f500b433ab1cfe1ba74280d204b50cc69f,0.8708671927452087,predict_proba,9eb1905b0d2d4dff99236976201e564cbe25ee258ba901ad38107c5c6b5846f0,False,True
R0937,GG0011,CVB0011,REF0077,1,5,XGBoost,5f62d3872bc5b0320c77367b04fd72f500b433ab1cfe1ba74280d204b50cc69f,0.6799952983856201,predict_proba,9eb1905b0d2d4dff99236976201e564cbe25ee258ba901ad38107c5c6b5846f0,False,True
R0938,GG0011,CVB0011,REF0077,1,5,XGBoost,5f62d3872bc5b0320c77367b04fd72f500b433ab1cfe1ba74280d204b50cc69f,0.6895826458930969,predict_proba,9eb1905b0d2d4dff99236976201e564cbe25ee258ba901ad38107c5c6b5846f0,False,True
R0939,GG0011,CVB0011,REF0077,1,5,XGBoost,5f62d3872bc5b0320c77367b04fd72f500b433ab1cfe1ba74280d204b50cc69f,0.9273489713668823,predict_proba,9eb1905b0d2d4dff99236976201e564cbe25ee258ba901ad38107c5c6b5846f0,False,True
R0940,GG0011,CVB0011,REF0077,1,5,XGBoost,5f62d3872bc5b0320c77367b04fd72f500b433ab1cfe1ba74280d204b50cc69f,0.5821637511253357,predict_proba,9eb1905b0d2d4dff99236976201e564cbe25ee258ba901ad38107c5c6b5846f0,False,True
R0941,GG0011,CVB0011,REF0077,1,5,XGBoost,5f62d3872bc5b0320c77367b04fd72f500b433ab1cfe1ba74280d204b50cc69f,0.0639762431383133,predict_proba,9eb1905b0d2d4dff99236976201e564cbe25ee258ba901ad38107c5c6b5846f0,False,True
R0942,GG0011,CVB0011,REF0077,1,5,XGBoost,5f62d3872bc5b0320c77367b04fd72f500b433ab1cfe1ba74280d204b50cc69f,0.042351871728897095,predict_proba,9eb1905b0d2d4dff99236976201e564cbe25ee258ba901ad38107c5c6b5846f0,False,True
R0943,GG0011,CVB0011,REF0077,1,5,XGBoost,5f62d3872bc5b0320c77367b04fd72f500b433ab1cfe1ba74280d204b50cc69f,0.11678366363048553,predict_proba,9eb1905b0d2d4dff99236976201e564cbe25ee258ba901ad38107c5c6b5846f0,False,True
R1000,GG0022,CVB0019,REF0084,1,5,XGBoost,5f62d3872bc5b0320c77367b04fd72f500b433ab1cfe1ba74280d204b50cc69f,0.7800567150115967,predict_proba,9eb1905b0d2d4dff99236976201e564cbe25ee258ba901ad38107c5c6b5846f0,False,True
R1001,GG0022,CVB0019,REF0084,1,5,XGBoost,5f62d3872bc5b0320c77367b04fd72f500b433ab1cfe1ba74280d204b50cc69f,0.9339653849601746,predict_proba,9eb1905b0d2d4dff99236976201e564cbe25ee258ba901ad38107c5c6b5846f0,False,True
R1002,GG0022,CVB0019,REF0084,1,5,XGBoost,5f62d3872bc5b0320c77367b04fd72f500b433ab1cfe1ba74280d204b50cc69f,0.42011183500289917,predict_proba,9eb1905b0d2d4dff99236976201e564cbe25ee258ba901ad38107c5c6b5846f0,False,True
R1003,GG0022,CVB0019,REF0084,1,5,XGBoost,5f62d3872bc5b0320c77367b04fd72f500b433ab1cfe1ba74280d204b50cc69f,0.25384315848350525,predict_proba,9eb1905b0d2d4dff99236976201e564cbe25ee258ba901ad38107c5c6b5846f0,False,True
R1004,GG0022,CVB0019,REF0084,1,5,XGBoost,5f62d3872bc5b0320c77367b04fd72f500b433ab1cfe1ba74280d204b50cc69f,0.9176977276802063,predict_proba,9eb1905b0d2d4dff99236976201e564cbe25ee258ba901ad38107c5c6b5846f0,False,True
R1005,GG0022,CVB0019,REF0084,1,5,XGBoost,5f62d3872bc5b0320c77367b04fd72f500b433ab1cfe1ba74280d204b50cc69f,0.003158827079460025,predict_proba,9eb1905b0d2d4dff99236976201e564cbe25ee258ba901ad38107c5c6b5846f0,False,True
R1411,GG0011,CVB0011,REF0110,1,5,XGBoost,5f62d3872bc5b0320c77367b04fd72f500b433ab1cfe1ba74280d204b50cc69f,0.002135421382263303,predict_proba,9eb1905b0d2d4dff99236976201e564cbe25ee258ba901ad38107c5c6b5846f0,False,True
R1412,GG0011,CVB0011,REF0110,1,5,XGBoost,5f62d3872bc5b0320c77367b04fd72f500b433ab1cfe1ba74280d204b50cc69f,0.007843177765607834,predict_proba,9eb1905b0d2d4dff99236976201e564cbe25ee258ba901ad38107c5c6b5846f0,False,True
R1413,GG0011,CVB0011,REF0110,1,5,XGBoost,5f62d3872bc5b0320c77367b04fd72f500b433ab1cfe1ba74280d204b50cc69f,0.0009299123776145279,predict_proba,9eb1905b0d2d4dff99236976201e564cbe25ee258ba901ad38107c5c6b5846f0,False,True
R1414,GG0011,CVB0011,REF0110,1,5,XGBoost,5f62d3872bc5b0320c77367b04fd72f500b433ab1cfe1ba74280d204b50cc69f,0.0029140757396817207,predict_proba,9eb1905b0d2d4dff99236976201e564cbe25ee258ba901ad38107c5c6b5846f0,False,True
R1415,GG0011,CVB0011,REF0110,1,5,XGBoost,5f62d3872bc5b0320c77367b04fd72f500b433ab1cfe1ba74280d204b50cc69f,0.07545402646064758,predict_proba,9eb1905b0d2d4dff99236976201e564cbe25ee258ba901ad38107c5c6b5846f0,False,True
R1416,GG0011,CVB0011,REF0110,1,5,XGBoost,5f62d3872bc5b0320c77367b04fd72f500b433ab1cfe1ba74280d204b50cc69f,0.0014151494251564145,predict_proba,9eb1905b0d2d4dff99236976201e564cbe25ee258ba901ad38107c5c6b5846f0,False,True
R1417,GG0011,CVB0011,REF0110,1,5,XGBoost,5f62d3872bc5b0320c77367b04fd72f500b433ab1cfe1ba74280d204b50cc69f,0.003509788541123271,predict_proba,9eb1905b0d2d4dff99236976201e564cbe25ee258ba901ad38107c5c6b5846f0,False,True
R1418,GG0011,CVB0011,REF0110,1,5,XGBoost,5f62d3872bc5b0320c77367b04fd72f500b433ab1cfe1ba74280d204b50cc69f,0.007082783617079258,predict_proba,9eb1905b0d2d4dff99236976201e564cbe25ee258ba901ad38107c5c6b5846f0,False,True
R1419,GG0011,CVB0011,REF0110,1,5,XGBoost,5f62d3872bc5b0320c77367b04fd72f500b433ab1cfe1ba74280d204b50cc69f,0.0097025316208601,predict_proba,9eb1905b0d2d4dff99236976201e564cbe25ee258ba901ad38107c5c6b5846f0,False,True
R1420,GG0011,CVB0011,REF0110,1,5,XGBoost,5f62d3872bc5b0320c77367b04fd72f500b433ab1cfe1ba74280d204b50cc69f,0.00888681411743164,predict_proba,9eb1905b0d2d4dff99236976201e564cbe25ee258ba901ad38107c5c6b5846f0,False,True
R1421,GG0011,CVB0011,REF0110,1,5,XGBoost,5f62d3872bc5b0320c77367b04fd72f500b433ab1cfe1ba74280d204b50cc69f,0.12750142812728882,predict_proba,9eb1905b0d2d4dff99236976201e564cbe25ee258ba901ad38107c5c6b5846f0,False,True
R1422,GG0011,CVB0011,REF0110,1,5,XGBoost,5f62d3872bc5b0320c77367b04fd72f500b433ab1cfe1ba74280d204b50cc69f,0.09221675992012024,predict_proba,9eb1905b0d2d4dff99236976201e564cbe25ee258ba901ad38107c5c6b5846f0,False,True
R1423,GG0011,CVB0011,REF0110,1,5,XGBoost,5f62d3872bc5b0320c77367b04fd72f500b433ab1cfe1ba74280d204b50cc69f,0.29308587312698364,predict_proba,9eb1905b0d2d4dff99236976201e564cbe25ee258ba901ad38107c5c6b5846f0,False,True
R1424,GG0011,CVB0011,REF0110,1,5,XGBoost,5f62d3872bc5b0320c77367b04fd72f500b433ab1cfe1ba74280d204b50cc69f,0.20725393295288086,predict_proba,9eb1905b0d2d4dff99236976201e564cbe25ee258ba901ad38107c5c6b5846f0,False,True
R1425,GG0011,CVB0011,REF0110,1,5,XGBoost,5f62d3872bc5b0320c77367b04fd72f500b433ab1cfe1ba74280d204b50cc69f,0.37672457098960876,predict_proba,9eb1905b0d2d4dff99236976201e564cbe25ee258ba901ad38107c5c6b5846f0,False,True
R1426,GG0011,CVB0011,REF0110,1,5,XGBoost,5f62d3872bc5b0320c77367b04fd72f500b433ab1cfe1ba74280d204b50cc69f,0.11599975824356079,predict_proba,9eb1905b0d2d4dff99236976201e564cbe25ee258ba901ad38107c5c6b5846f0,False,True
R1427,GG0011,CVB0011,REF0110,1,5,XGBoost,5f62d3872bc5b0320c77367b04fd72f500b433ab1cfe1ba74280d204b50cc69f,0.5057169795036316,predict_proba,9eb1905b0d2d4dff99236976201e564cbe25ee258ba901ad38107c5c6b5846f0,False,True
R1428,GG0011,CVB0011,REF0110,1,5,XGBoost,5f62d3872bc5b0320c77367b04fd72f500b433ab1cfe1ba74280d204b50cc69f,0.021589379757642746,predict_proba,9eb1905b0d2d4dff99236976201e564cbe25ee258ba901ad38107c5c6b5846f0,False,True
R1429,GG0011,CVB0011,REF0110,1,5,XGBoost,5f62d3872bc5b0320c77367b04fd72f500b433ab1cfe1ba74280d204b50cc69f,0.04679618403315544,predict_proba,9eb1905b0d2d4dff99236976201e564cbe25ee258ba901ad38107c5c6b5846f0,False,True
R1430,GG0011,CVB0011,REF0110,1,5,XGBoost,5f62d3872bc5b0320c77367b04fd72f500b433ab1cfe1ba74280d204b50cc69f,0.07732322812080383,predict_proba,9eb1905b0d2d4dff99236976201e564cbe25ee258ba901ad38107c5c6b5846f0,False,True
R2142,GG0033,CVB0030,REF0155,1,5,XGBoost,5f62d3872bc5b0320c77367b04fd72f500b433ab1cfe1ba74280d204b50cc69f,0.27179819345474243,predict_proba,9eb1905b0d2d4dff99236976201e564cbe25ee258ba901ad38107c5c6b5846f0,False,True
R2143,GG0033,CVB0030,REF0155,1,5,XGBoost,5f62d3872bc5b0320c77367b04fd72f500b433ab1cfe1ba74280d204b50cc69f,0.14317481219768524,predict_proba,9eb1905b0d2d4dff99236976201e564cbe25ee258ba901ad38107c5c6b5846f0,False,True
R2144,GG0033,CVB0030,REF0155,1,5,XGBoost,5f62d3872bc5b0320c77367b04fd72f500b433ab1cfe1ba74280d204b50cc69f,0.0027752025052905083,predict_proba,9eb1905b0d2d4dff99236976201e564cbe25ee258ba901ad38107c5c6b5846f0,False,True
R2145,GG0033,CVB0030,REF0155,1,5,XGBoost,5f62d3872bc5b0320c77367b04fd72f500b433ab1cfe1ba74280d204b50cc69f,0.06215875968337059,predict_proba,9eb1905b0d2d4dff99236976201e564cbe25ee258ba901ad38107c5c6b5846f0,False,True
R2146,GG0033,CVB0030,REF0155,1,5,XGBoost,5f62d3872bc5b0320c77367b04fd72f500b433ab1cfe1ba74280d204b50cc69f,0.2502969801425934,predict_proba,9eb1905b0d2d4dff99236976201e564cbe25ee258ba901ad38107c5c6b5846f0,False,True
R2147,GG0033,CVB0030,REF0155,1,5,XGBoost,5f62d3872bc5b0320c77367b04fd72f500b433ab1cfe1ba74280d204b50cc69f,0.039977043867111206,predict_proba,9eb1905b0d2d4dff99236976201e564cbe25ee258ba901ad38107c5c6b5846f0,False,True
R2783,GG0017,CVB0007,REF0200,1,5,XGBoost,5f62d3872bc5b0320c77367b04fd72f500b433ab1cfe1ba74280d204b50cc69f,0.01822664961218834,predict_proba,9eb1905b0d2d4dff99236976201e564cbe25ee258ba901ad38107c5c6b5846f0,True,True
R2785,GG0017,CVB0007,REF0200,1,5,XGBoost,5f62d3872bc5b0320c77367b04fd72f500b433ab1cfe1ba74280d204b50cc69f,0.02710604853928089,predict_proba,9eb1905b0d2d4dff99236976201e564cbe25ee258ba901ad38107c5c6b5846f0,True,True
R2786,GG0017,CVB0007,REF0200,1,5,XGBoost,5f62d3872bc5b0320c77367b04fd72f500b433ab1cfe1ba74280d204b50cc69f,0.09343242645263672,predict_proba,9eb1905b0d2d4dff99236976201e564cbe25ee258ba901ad38107c5c6b5846f0,True,True
R2787,GG0017,CVB0007,REF0200,1,5,XGBoost,5f62d3872bc5b0320c77367b04fd72f500b433ab1cfe1ba74280d204b50cc69f,0.00935648288577795,predict_proba,9eb1905b0d2d4dff99236976201e564cbe25ee258ba901ad38107c5c6b5846f0,True,True
R2788,GG0017,CVB0007,REF0200,1,5,XGBoost,5f62d3872bc5b0320c77367b04fd72f500b433ab1cfe1ba74280d204b50cc69f,0.06790683418512344,predict_proba,9eb1905b0d2d4dff99236976201e564cbe25ee258ba901ad38107c5c6b5846f0,True,True
R2789,GG0017,CVB0007,REF0200,1,5,XGBoost,5f62d3872bc5b0320c77367b04fd72f500b433ab1cfe1ba74280d204b50cc69f,0.15340542793273926,predict_proba,9eb1905b0d2d4dff99236976201e564cbe25ee258ba901ad38107c5c6b5846f0,True,True
R2791,GG0017,CVB0007,REF0200,1,5,XGBoost,5f62d3872bc5b0320c77367b04fd72f500b433ab1cfe1ba74280d204b50cc69f,0.12960022687911987,predict_proba,9eb1905b0d2d4dff99236976201e564cbe25ee258ba901ad38107c5c6b5846f0,True,True
R2795,GG0017,CVB0007,REF0200,1,5,XGBoost,5f62d3872bc5b0320c77367b04fd72f500b433ab1cfe1ba74280d204b50cc69f,0.395734965801239,predict_proba,9eb1905b0d2d4dff99236976201e564cbe25ee258ba901ad38107c5c6b5846f0,True,True
R2797,GG0017,CVB0007,REF0200,1,5,XGBoost,5f62d3872bc5b0320c77367b04fd72f500b433ab1cfe1ba74280d204b50cc69f,0.013881697319447994,predict_proba,9eb1905b0d2d4dff99236976201e564cbe25ee258ba901ad38107c5c6b5846f0,True,True
R2842,GG0021,CVB0010,REF0206,1,5,XGBoost,5f62d3872bc5b0320c77367b04fd72f500b433ab1cfe1ba74280d204b50cc69f,0.006387866567820311,predict_proba,9eb1905b0d2d4dff99236976201e564cbe25ee258ba901ad38107c5c6b5846f0,False,True
R2843,GG0021,CVB0010,REF0206,1,5,XGBoost,5f62d3872bc5b0320c77367b04fd72f500b433ab1cfe1ba74280d204b50cc69f,0.035334326326847076,predict_proba,9eb1905b0d2d4dff99236976201e564cbe25ee258ba901ad38107c5c6b5846f0,False,True
R2844,GG0021,CVB0010,REF0206,1,5,XGBoost,5f62d3872bc5b0320c77367b04fd72f500b433ab1cfe1ba74280d204b50cc69f,0.062332794070243835,predict_proba,9eb1905b0d2d4dff99236976201e564cbe25ee258ba901ad38107c5c6b5846f0,False,True
R2845,GG0021,CVB0010,REF0206,1,5,XGBoost,5f62d3872bc5b0320c77367b04fd72f500b433ab1cfe1ba74280d204b50cc69f,0.46418601274490356,predict_proba,9eb1905b0d2d4dff99236976201e564cbe25ee258ba901ad38107c5c6b5846f0,False,True
R2846,GG0021,CVB0010,REF0206,1,5,XGBoost,5f62d3872bc5b0320c77367b04fd72f500b433ab1cfe1ba74280d204b50cc69f,0.6909851431846619,predict_proba,9eb1905b0d2d4dff99236976201e564cbe25ee258ba901ad38107c5c6b5846f0,False,True
R2847,GG0021,CVB0010,REF0206,1,5,XGBoost,5f62d3872bc5b0320c77367b04fd72f500b433ab1cfe1ba74280d204b50cc69f,0.6707968711853027,predict_proba,9eb1905b0d2d4dff99236976201e564cbe25ee258ba901ad38107c5c6b5846f0,False,True
R2848,GG0021,CVB0010,REF0206,1,5,XGBoost,5f62d3872bc5b0320c77367b04fd72f500b433ab1cfe1ba74280d204b50cc69f,0.625552237033844,predict_proba,9eb1905b0d2d4dff99236976201e564cbe25ee258ba901ad38107c5c6b5846f0,False,True
R2849,GG0021,CVB0010,REF0206,1,5,XGBoost,5f62d3872bc5b0320c77367b04fd72f500b433ab1cfe1ba74280d204b50cc69f,0.9288769960403442,predict_proba,9eb1905b0d2d4dff99236976201e564cbe25ee258ba901ad38107c5c6b5846f0,False,True
R2858,GG0021,CVB0010,REF0208,1,5,XGBoost,5f62d3872bc5b0320c77367b04fd72f500b433ab1cfe1ba74280d204b50cc69f,0.7467875480651855,predict_proba,9eb1905b0d2d4dff99236976201e564cbe25ee258ba901ad38107c5c6b5846f0,False,True
R2859,GG0021,CVB0010,REF0208,1,5,XGBoost,5f62d3872bc5b0320c77367b04fd72f500b433ab1cfe1ba74280d204b50cc69f,0.964273989200592,predict_proba,9eb1905b0d2d4dff99236976201e564cbe25ee258ba901ad38107c5c6b5846f0,False,True
R2860,GG0021,CVB0010,REF0208,1,5,XGBoost,5f62d3872bc5b0320c77367b04fd72f500b433ab1cfe1ba74280d204b50cc69f,0.8465762138366699,predict_proba,9eb1905b0d2d4dff99236976201e564cbe25ee258ba901ad38107c5c6b5846f0,False,True
R2861,GG0021,CVB0010,REF0208,1,5,XGBoost,5f62d3872bc5b0320c77367b04fd72f500b433ab1cfe1ba74280d204b50cc69f,0.9395942091941833,predict_proba,9eb1905b0d2d4dff99236976201e564cbe25ee258ba901ad38107c5c6b5846f0,False,True
R2862,GG0021,CVB0010,REF0208,1,5,XGBoost,5f62d3872bc5b0320c77367b04fd72f500b433ab1cfe1ba74280d204b50cc69f,0.9699666500091553,predict_proba,9eb1905b0d2d4dff99236976201e564cbe25ee258ba901ad38107c5c6b5846f0,False,True
R2863,GG0021,CVB0010,REF0208,1,5,XGBoost,5f62d3872bc5b0320c77367b04fd72f500b433ab1cfe1ba74280d204b50cc69f,0.9164820909500122,predict_proba,9eb1905b0d2d4dff99236976201e564cbe25ee258ba901ad38107c5c6b5846f0,False,True
R2864,GG0021,CVB0010,REF0208,1,5,XGBoost,5f62d3872bc5b0320c77367b04fd72f500b433ab1cfe1ba74280d204b50cc69f,0.23122872412204742,predict_proba,9eb1905b0d2d4dff99236976201e564cbe25ee258ba901ad38107c5c6b5846f0,False,True
R2869,GG0021,CVB0010,REF0209,1,5,XGBoost,5f62d3872bc5b0320c77367b04fd72f500b433ab1cfe1ba74280d204b50cc69f,0.7417111992835999,predict_proba,9eb1905b0d2d4dff99236976201e564cbe25ee258ba901ad38107c5c6b5846f0,False,True
R2870,GG0021,CVB0010,REF0209,1,5,XGBoost,5f62d3872bc5b0320c77367b04fd72f500b433ab1cfe1ba74280d204b50cc69f,0.986907958984375,predict_proba,9eb1905b0d2d4dff99236976201e564cbe25ee258ba901ad38107c5c6b5846f0,False,True
R2871,GG0021,CVB0010,REF0209,1,5,XGBoost,5f62d3872bc5b0320c77367b04fd72f500b433ab1cfe1ba74280d204b50cc69f,0.9549167156219482,predict_proba,9eb1905b0d2d4dff99236976201e564cbe25ee258ba901ad38107c5c6b5846f0,False,True
R2872,GG0021,CVB0010,REF0209,1,5,XGBoost,5f62d3872bc5b0320c77367b04fd72f500b433ab1cfe1ba74280d204b50cc69f,0.9106188416481018,predict_proba,9eb1905b0d2d4dff99236976201e564cbe25ee258ba901ad38107c5c6b5846f0,False,True
R2875,GG0021,CVB0010,REF0209,1,5,XGBoost,5f62d3872bc5b0320c77367b04fd72f500b433ab1cfe1ba74280d204b50cc69f,0.6705953478813171,predict_proba,9eb1905b0d2d4dff99236976201e564cbe25ee258ba901ad38107c5c6b5846f0,False,True
R0015,GG0021,CVB0010,REF0003,2,1,XGBoost,1ece5d830ab3e8d5a297a5d654d4d15166e82c716f155d9a1f3c2508225edd93,0.569878876209259,predict_proba,9eb1905b0d2d4dff99236976201e564cbe25ee258ba901ad38107c5c6b5846f0,False,True
R0016,GG0021,CVB0010,REF0003,2,1,XGBoost,1ece5d830ab3e8d5a297a5d654d4d15166e82c716f155d9a1f3c2508225edd93,0.7424061894416809,predict_proba,9eb1905b0d2d4dff99236976201e564cbe25ee258ba901ad38107c5c6b5846f0,False,True
R0017,GG0021,CVB0010,REF0003,2,1,XGBoost,1ece5d830ab3e8d5a297a5d654d4d15166e82c716f155d9a1f3c2508225edd93,0.8566329479217529,predict_proba,9eb1905b0d2d4dff99236976201e564cbe25ee258ba901ad38107c5c6b5846f0,False,True
R0018,GG0021,CVB0010,REF0003,2,1,XGBoost,1ece5d830ab3e8d5a297a5d654d4d15166e82c716f155d9a1f3c2508225edd93,0.7167503237724304,predict_proba,9eb1905b0d2d4dff99236976201e564cbe25ee258ba901ad38107c5c6b5846f0,False,True
R0019,GG0021,CVB0010,REF0003,2,1,XGBoost,1ece5d830ab3e8d5a297a5d654d4d15166e82c716f155d9a1f3c2508225edd93,0.18117165565490723,predict_proba,9eb1905b0d2d4dff99236976201e564cbe25ee258ba901ad38107c5c6b5846f0,False,True
R0020,GG0021,CVB0010,REF0003,2,1,XGBoost,1ece5d830ab3e8d5a297a5d654d4d15166e82c716f155d9a1f3c2508225edd93,0.9404687881469727,predict_proba,9eb1905b0d2d4dff99236976201e564cbe25ee258ba901ad38107c5c6b5846f0,False,True
R0021,GG0021,CVB0010,REF0003,2,1,XGBoost,1ece5d830ab3e8d5a297a5d654d4d15166e82c716f155d9a1f3c2508225edd93,0.9188922643661499,predict_proba,9eb1905b0d2d4dff99236976201e564cbe25ee258ba901ad38107c5c6b5846f0,False,True
R0022,GG0021,CVB0010,REF0003,2,1,XGBoost,1ece5d830ab3e8d5a297a5d654d4d15166e82c716f155d9a1f3c2508225edd93,0.2564908564090729,predict_proba,9eb1905b0d2d4dff99236976201e564cbe25ee258ba901ad38107c5c6b5846f0,False,True
R0023,GG0021,CVB0010,REF0003,2,1,XGBoost,1ece5d830ab3e8d5a297a5d654d4d15166e82c716f155d9a1f3c2508225edd93,0.5094387531280518,predict_proba,9eb1905b0d2d4dff99236976201e564cbe25ee258ba901ad38107c5c6b5846f0,False,True
R0024,GG0021,CVB0010,REF0003,2,1,XGBoost,1ece5d830ab3e8d5a297a5d654d4d15166e82c716f155d9a1f3c2508225edd93,0.8951215147972107,predict_proba,9eb1905b0d2d4dff99236976201e564cbe25ee258ba901ad38107c5c6b5846f0,False,True
R0025,GG0021,CVB0010,REF0003,2,1,XGBoost,1ece5d830ab3e8d5a297a5d654d4d15166e82c716f155d9a1f3c2508225edd93,0.9505001902580261,predict_proba,9eb1905b0d2d4dff99236976201e564cbe25ee258ba901ad38107c5c6b5846f0,False,True
R0026,GG0021,CVB0010,REF0003,2,1,XGBoost,1ece5d830ab3e8d5a297a5d654d4d15166e82c716f155d9a1f3c2508225edd93,0.9115048050880432,predict_proba,9eb1905b0d2d4dff99236976201e564cbe25ee258ba901ad38107c5c6b5846f0,False,True
R0027,GG0021,CVB0010,REF0003,2,1,XGBoost,1ece5d830ab3e8d5a297a5d654d4d15166e82c716f155d9a1f3c2508225edd93,0.9251632690429688,predict_proba,9eb1905b0d2d4dff99236976201e564cbe25ee258ba901ad38107c5c6b5846f0,False,True
R0028,GG0021,CVB0010,REF0003,2,1,XGBoost,1ece5d830ab3e8d5a297a5d654d4d15166e82c716f155d9a1f3c2508225edd93,0.9451892971992493,predict_proba,9eb1905b0d2d4dff99236976201e564cbe25ee258ba901ad38107c5c6b5846f0,False,True
R0029,GG0021,CVB0010,REF0004,2,1,XGBoost,1ece5d830ab3e8d5a297a5d654d4d15166e82c716f155d9a1f3c2508225edd93,0.834835946559906,predict_proba,9eb1905b0d2d4dff99236976201e564cbe25ee258ba901ad38107c5c6b5846f0,False,True
R0030,GG0021,CVB0010,REF0004,2,1,XGBoost,1ece5d830ab3e8d5a297a5d654d4d15166e82c716f155d9a1f3c2508225edd93,0.8971328735351562,predict_proba,9eb1905b0d2d4dff99236976201e564cbe25ee258ba901ad38107c5c6b5846f0,False,True
R0031,GG0021,CVB0010,REF0004,2,1,XGBoost,1ece5d830ab3e8d5a297a5d654d4d15166e82c716f155d9a1f3c2508225edd93,0.7672045826911926,predict_proba,9eb1905b0d2d4dff99236976201e564cbe25ee258ba901ad38107c5c6b5846f0,False,True
R0032,GG0021,CVB0010,REF0004,2,1,XGBoost,1ece5d830ab3e8d5a297a5d654d4d15166e82c716f155d9a1f3c2508225edd93,0.5345503091812134,predict_proba,9eb1905b0d2d4dff99236976201e564cbe25ee258ba901ad38107c5c6b5846f0,False,True
R0033,GG0021,CVB0010,REF0004,2,1,XGBoost,1ece5d830ab3e8d5a297a5d654d4d15166e82c716f155d9a1f3c2508225edd93,0.522309422492981,predict_proba,9eb1905b0d2d4dff99236976201e564cbe25ee258ba901ad38107c5c6b5846f0,False,True
R0034,GG0021,CVB0010,REF0004,2,1,XGBoost,1ece5d830ab3e8d5a297a5d654d4d15166e82c716f155d9a1f3c2508225edd93,0.9642168879508972,predict_proba,9eb1905b0d2d4dff99236976201e564cbe25ee258ba901ad38107c5c6b5846f0,False,True
R0035,GG0021,CVB0010,REF0004,2,1,XGBoost,1ece5d830ab3e8d5a297a5d654d4d15166e82c716f155d9a1f3c2508225edd93,0.9782419800758362,predict_proba,9eb1905b0d2d4dff99236976201e564cbe25ee258ba901ad38107c5c6b5846f0,False,True
R0036,GG0021,CVB0010,REF0004,2,1,XGBoost,1ece5d830ab3e8d5a297a5d654d4d15166e82c716f155d9a1f3c2508225edd93,0.985906720161438,predict_proba,9eb1905b0d2d4dff99236976201e564cbe25ee258ba901ad38107c5c6b5846f0,False,True
R0037,GG0022,CVB0019,REF0005,2,1,XGBoost,1ece5d830ab3e8d5a297a5d654d4d15166e82c716f155d9a1f3c2508225edd93,0.44891563057899475,predict_proba,9eb1905b0d2d4dff99236976201e564cbe25ee258ba901ad38107c5c6b5846f0,False,True
R0038,GG0022,CVB0019,REF0005,2,1,XGBoost,1ece5d830ab3e8d5a297a5d654d4d15166e82c716f155d9a1f3c2508225edd93,0.33979958295822144,predict_proba,9eb1905b0d2d4dff99236976201e564cbe25ee258ba901ad38107c5c6b5846f0,False,True
R0039,GG0022,CVB0019,REF0005,2,1,XGBoost,1ece5d830ab3e8d5a297a5d654d4d15166e82c716f155d9a1f3c2508225edd93,0.04424120485782623,predict_proba,9eb1905b0d2d4dff99236976201e564cbe25ee258ba901ad38107c5c6b5846f0,False,True
R0040,GG0022,CVB0019,REF0005,2,1,XGBoost,1ece5d830ab3e8d5a297a5d654d4d15166e82c716f155d9a1f3c2508225edd93,0.29338470101356506,predict_proba,9eb1905b0d2d4dff99236976201e564cbe25ee258ba901ad38107c5c6b5846f0,False,True
R0041,GG0022,CVB0019,REF0005,2,1,XGBoost,1ece5d830ab3e8d5a297a5d654d4d15166e82c716f155d9a1f3c2508225edd93,0.1505708396434784,predict_proba,9eb1905b0d2d4dff99236976201e564cbe25ee258ba901ad38107c5c6b5846f0,False,True
R0042,GG0022,CVB0019,REF0005,2,1,XGBoost,1ece5d830ab3e8d5a297a5d654d4d15166e82c716f155d9a1f3c2508225edd93,0.4863765835762024,predict_proba,9eb1905b0d2d4dff99236976201e564cbe25ee258ba901ad38107c5c6b5846f0,False,True
R0043,GG0022,CVB0019,REF0005,2,1,XGBoost,1ece5d830ab3e8d5a297a5d654d4d15166e82c716f155d9a1f3c2508225edd93,0.3092535734176636,predict_proba,9eb1905b0d2d4dff99236976201e564cbe25ee258ba901ad38107c5c6b5846f0,False,True
R0044,GG0022,CVB0019,REF0005,2,1,XGBoost,1ece5d830ab3e8d5a297a5d654d4d15166e82c716f155d9a1f3c2508225edd93,0.37692826986312866,predict_proba,9eb1905b0d2d4dff99236976201e564cbe25ee258ba901ad38107c5c6b5846f0,False,True
R0045,GG0022,CVB0019,REF0005,2,1,XGBoost,1ece5d830ab3e8d5a297a5d654d4d15166e82c716f155d9a1f3c2508225edd93,0.9524964094161987,predict_proba,9eb1905b0d2d4dff99236976201e564cbe25ee258ba901ad38107c5c6b5846f0,False,True
R0046,GG0022,CVB0019,REF0005,2,1,XGBoost,1ece5d830ab3e8d5a297a5d654d4d15166e82c716f155d9a1f3c2508225edd93,0.8125256896018982,predict_proba,9eb1905b0d2d4dff99236976201e564cbe25ee258ba901ad38107c5c6b5846f0,False,True
R0047,GG0022,CVB0019,REF0005,2,1,XGBoost,1ece5d830ab3e8d5a297a5d654d4d15166e82c716f155d9a1f3c2508225edd93,0.5807636976242065,predict_proba,9eb1905b0d2d4dff99236976201e564cbe25ee258ba901ad38107c5c6b5846f0,False,True
R0048,GG0022,CVB0019,REF0005,2,1,XGBoost,1ece5d830ab3e8d5a297a5d654d4d15166e82c716f155d9a1f3c2508225edd93,0.4288727939128876,predict_proba,9eb1905b0d2d4dff99236976201e564cbe25ee258ba901ad38107c5c6b5846f0,False,True
R0060,GG0021,CVB0010,REF0008,2,1,XGBoost,1ece5d830ab3e8d5a297a5d654d4d15166e82c716f155d9a1f3c2508225edd93,0.019796615466475487,predict_proba,9eb1905b0d2d4dff99236976201e564cbe25ee258ba901ad38107c5c6b5846f0,False,True
R0061,GG0021,CVB0010,REF0008,2,1,XGBoost,1ece5d830ab3e8d5a297a5d654d4d15166e82c716f155d9a1f3c2508225edd93,0.9236140251159668,predict_proba,9eb1905b0d2d4dff99236976201e564cbe25ee258ba901ad38107c5c6b5846f0,False,True
R0062,GG0021,CVB0010,REF0008,2,1,XGBoost,1ece5d830ab3e8d5a297a5d654d4d15166e82c716f155d9a1f3c2508225edd93,0.9563404321670532,predict_proba,9eb1905b0d2d4dff99236976201e564cbe25ee258ba901ad38107c5c6b5846f0,False,True
R0063,GG0021,CVB0010,REF0008,2,1,XGBoost,1ece5d830ab3e8d5a297a5d654d4d15166e82c716f155d9a1f3c2508225edd93,0.17926086485385895,predict_proba,9eb1905b0d2d4dff99236976201e564cbe25ee258ba901ad38107c5c6b5846f0,False,True
R0064,GG0021,CVB0010,REF0008,2,1,XGBoost,1ece5d830ab3e8d5a297a5d654d4d15166e82c716f155d9a1f3c2508225edd93,0.8132697939872742,predict_proba,9eb1905b0d2d4dff99236976201e564cbe25ee258ba901ad38107c5c6b5846f0,False,True
R0065,GG0021,CVB0010,REF0008,2,1,XGBoost,1ece5d830ab3e8d5a297a5d654d4d15166e82c716f155d9a1f3c2508225edd93,0.7153709530830383,predict_proba,9eb1905b0d2d4dff99236976201e564cbe25ee258ba901ad38107c5c6b5846f0,False,True
R0066,GG0021,CVB0010,REF0008,2,1,XGBoost,1ece5d830ab3e8d5a297a5d654d4d15166e82c716f155d9a1f3c2508225edd93,0.1988220065832138,predict_proba,9eb1905b0d2d4dff99236976201e564cbe25ee258ba901ad38107c5c6b5846f0,False,True
R0067,GG0021,CVB0010,REF0008,2,1,XGBoost,1ece5d830ab3e8d5a297a5d654d4d15166e82c716f155d9a1f3c2508225edd93,0.11167360842227936,predict_proba,9eb1905b0d2d4dff99236976201e564cbe25ee258ba901ad38107c5c6b5846f0,False,True
R0068,GG0021,CVB0010,REF0008,2,1,XGBoost,1ece5d830ab3e8d5a297a5d654d4d15166e82c716f155d9a1f3c2508225edd93,0.5823365449905396,predict_proba,9eb1905b0d2d4dff99236976201e564cbe25ee258ba901ad38107c5c6b5846f0,False,True
R0069,GG0021,CVB0010,REF0008,2,1,XGBoost,1ece5d830ab3e8d5a297a5d654d4d15166e82c716f155d9a1f3c2508225edd93,0.4576141834259033,predict_proba,9eb1905b0d2d4dff99236976201e564cbe25ee258ba901ad38107c5c6b5846f0,False,True
R0070,GG0021,CVB0010,REF0008,2,1,XGBoost,1ece5d830ab3e8d5a297a5d654d4d15166e82c716f155d9a1f3c2508225edd93,0.4291597008705139,predict_proba,9eb1905b0d2d4dff99236976201e564cbe25ee258ba901ad38107c5c6b5846f0,False,True
R0071,GG0021,CVB0010,REF0008,2,1,XGBoost,1ece5d830ab3e8d5a297a5d654d4d15166e82c716f155d9a1f3c2508225edd93,0.7978866100311279,predict_proba,9eb1905b0d2d4dff99236976201e564cbe25ee258ba901ad38107c5c6b5846f0,False,True
R0072,GG0021,CVB0010,REF0008,2,1,XGBoost,1ece5d830ab3e8d5a297a5d654d4d15166e82c716f155d9a1f3c2508225edd93,0.8655749559402466,predict_proba,9eb1905b0d2d4dff99236976201e564cbe25ee258ba901ad38107c5c6b5846f0,False,True
R0073,GG0021,CVB0010,REF0008,2,1,XGBoost,1ece5d830ab3e8d5a297a5d654d4d15166e82c716f155d9a1f3c2508225edd93,0.7891256809234619,predict_proba,9eb1905b0d2d4dff99236976201e564cbe25ee258ba901ad38107c5c6b5846f0,False,True
R0074,GG0021,CVB0010,REF0008,2,1,XGBoost,1ece5d830ab3e8d5a297a5d654d4d15166e82c716f155d9a1f3c2508225edd93,0.8879647850990295,predict_proba,9eb1905b0d2d4dff99236976201e564cbe25ee258ba901ad38107c5c6b5846f0,False,True
R0075,GG0021,CVB0010,REF0008,2,1,XGBoost,1ece5d830ab3e8d5a297a5d654d4d15166e82c716f155d9a1f3c2508225edd93,0.9335745573043823,predict_proba,9eb1905b0d2d4dff99236976201e564cbe25ee258ba901ad38107c5c6b5846f0,False,True
R0076,GG0021,CVB0010,REF0008,2,1,XGBoost,1ece5d830ab3e8d5a297a5d654d4d15166e82c716f155d9a1f3c2508225edd93,0.9283156991004944,predict_proba,9eb1905b0d2d4dff99236976201e564cbe25ee258ba901ad38107c5c6b5846f0,False,True
R0077,GG0021,CVB0010,REF0008,2,1,XGBoost,1ece5d830ab3e8d5a297a5d654d4d15166e82c716f155d9a1f3c2508225edd93,0.9798012971878052,predict_proba,9eb1905b0d2d4dff99236976201e564cbe25ee258ba901ad38107c5c6b5846f0,False,True
R0078,GG0021,CVB0010,REF0008,2,1,XGBoost,1ece5d830ab3e8d5a297a5d654d4d15166e82c716f155d9a1f3c2508225edd93,0.9768483638763428,predict_proba,9eb1905b0d2d4dff99236976201e564cbe25ee258ba901ad38107c5c6b5846f0,False,True
R0079,GG0021,CVB0010,REF0008,2,1,XGBoost,1ece5d830ab3e8d5a297a5d654d4d15166e82c716f155d9a1f3c2508225edd93,0.9802950024604797,predict_proba,9eb1905b0d2d4dff99236976201e564cbe25ee258ba901ad38107c5c6b5846f0,False,True
R0080,GG0021,CVB0010,REF0008,2,1,XGBoost,1ece5d830ab3e8d5a297a5d654d4d15166e82c716f155d9a1f3c2508225edd93,0.9710533022880554,predict_proba,9eb1905b0d2d4dff99236976201e564cbe25ee258ba901ad38107c5c6b5846f0,False,True
R0123,GG0017,CVB0007,REF0013,2,1,XGBoost,1ece5d830ab3e8d5a297a5d654d4d15166e82c716f155d9a1f3c2508225edd93,0.01706753298640251,predict_proba,9eb1905b0d2d4dff99236976201e564cbe25ee258ba901ad38107c5c6b5846f0,True,True
R0124,GG0017,CVB0007,REF0013,2,1,XGBoost,1ece5d830ab3e8d5a297a5d654d4d15166e82c716f155d9a1f3c2508225edd93,0.30924609303474426,predict_proba,9eb1905b0d2d4dff99236976201e564cbe25ee258ba901ad38107c5c6b5846f0,True,True
R0125,GG0017,CVB0007,REF0013,2,1,XGBoost,1ece5d830ab3e8d5a297a5d654d4d15166e82c716f155d9a1f3c2508225edd93,0.008897614665329456,predict_proba,9eb1905b0d2d4dff99236976201e564cbe25ee258ba901ad38107c5c6b5846f0,True,True
R0126,GG0017,CVB0007,REF0013,2,1,XGBoost,1ece5d830ab3e8d5a297a5d654d4d15166e82c716f155d9a1f3c2508225edd93,0.14089220762252808,predict_proba,9eb1905b0d2d4dff99236976201e564cbe25ee258ba901ad38107c5c6b5846f0,True,True
R0127,GG0017,CVB0007,REF0013,2,1,XGBoost,1ece5d830ab3e8d5a297a5d654d4d15166e82c716f155d9a1f3c2508225edd93,0.03428046405315399,predict_proba,9eb1905b0d2d4dff99236976201e564cbe25ee258ba901ad38107c5c6b5846f0,True,True
R0128,GG0017,CVB0007,REF0013,2,1,XGBoost,1ece5d830ab3e8d5a297a5d654d4d15166e82c716f155d9a1f3c2508225edd93,0.2812478244304657,predict_proba,9eb1905b0d2d4dff99236976201e564cbe25ee258ba901ad38107c5c6b5846f0,True,True
R0199,GG0033,CVB0030,REF0021,2,1,XGBoost,1ece5d830ab3e8d5a297a5d654d4d15166e82c716f155d9a1f3c2508225edd93,0.06826599687337875,predict_proba,9eb1905b0d2d4dff99236976201e564cbe25ee258ba901ad38107c5c6b5846f0,False,True
R0200,GG0033,CVB0030,REF0021,2,1,XGBoost,1ece5d830ab3e8d5a297a5d654d4d15166e82c716f155d9a1f3c2508225edd93,0.20645880699157715,predict_proba,9eb1905b0d2d4dff99236976201e564cbe25ee258ba901ad38107c5c6b5846f0,False,True
R0201,GG0033,CVB0030,REF0021,2,1,XGBoost,1ece5d830ab3e8d5a297a5d654d4d15166e82c716f155d9a1f3c2508225edd93,0.5140801668167114,predict_proba,9eb1905b0d2d4dff99236976201e564cbe25ee258ba901ad38107c5c6b5846f0,False,True
R0202,GG0033,CVB0030,REF0021,2,1,XGBoost,1ece5d830ab3e8d5a297a5d654d4d15166e82c716f155d9a1f3c2508225edd93,0.398469477891922,predict_proba,9eb1905b0d2d4dff99236976201e564cbe25ee258ba901ad38107c5c6b5846f0,False,True
R0203,GG0033,CVB0030,REF0021,2,1,XGBoost,1ece5d830ab3e8d5a297a5d654d4d15166e82c716f155d9a1f3c2508225edd93,0.034502964466810226,predict_proba,9eb1905b0d2d4dff99236976201e564cbe25ee258ba901ad38107c5c6b5846f0,False,True
R0204,GG0033,CVB0030,REF0021,2,1,XGBoost,1ece5d830ab3e8d5a297a5d654d4d15166e82c716f155d9a1f3c2508225edd93,0.10862407833337784,predict_proba,9eb1905b0d2d4dff99236976201e564cbe25ee258ba901ad38107c5c6b5846f0,False,True
R0205,GG0033,CVB0030,REF0021,2,1,XGBoost,1ece5d830ab3e8d5a297a5d654d4d15166e82c716f155d9a1f3c2508225edd93,0.4185386300086975,predict_proba,9eb1905b0d2d4dff99236976201e564cbe25ee258ba901ad38107c5c6b5846f0,False,True
R0206,GG0033,CVB0030,REF0021,2,1,XGBoost,1ece5d830ab3e8d5a297a5d654d4d15166e82c716f155d9a1f3c2508225edd93,0.7280393838882446,predict_proba,9eb1905b0d2d4dff99236976201e564cbe25ee258ba901ad38107c5c6b5846f0,False,True
R0207,GG0033,CVB0030,REF0021,2,1,XGBoost,1ece5d830ab3e8d5a297a5d654d4d15166e82c716f155d9a1f3c2508225edd93,0.002081371610984206,predict_proba,9eb1905b0d2d4dff99236976201e564cbe25ee258ba901ad38107c5c6b5846f0,False,True
R0208,GG0033,CVB0030,REF0021,2,1,XGBoost,1ece5d830ab3e8d5a297a5d654d4d15166e82c716f155d9a1f3c2508225edd93,0.004403182305395603,predict_proba,9eb1905b0d2d4dff99236976201e564cbe25ee258ba901ad38107c5c6b5846f0,False,True
R0209,GG0033,CVB0030,REF0021,2,1,XGBoost,1ece5d830ab3e8d5a297a5d654d4d15166e82c716f155d9a1f3c2508225edd93,0.0008201942546293139,predict_proba,9eb1905b0d2d4dff99236976201e564cbe25ee258ba901ad38107c5c6b5846f0,False,True
R0210,GG0033,CVB0030,REF0021,2,1,XGBoost,1ece5d830ab3e8d5a297a5d654d4d15166e82c716f155d9a1f3c2508225edd93,0.023195471614599228,predict_proba,9eb1905b0d2d4dff99236976201e564cbe25ee258ba901ad38107c5c6b5846f0,False,True
R0211,GG0033,CVB0030,REF0021,2,1,XGBoost,1ece5d830ab3e8d5a297a5d654d4d15166e82c716f155d9a1f3c2508225edd93,0.02333737164735794,predict_proba,9eb1905b0d2d4dff99236976201e564cbe25ee258ba901ad38107c5c6b5846f0,False,True
R0212,GG0033,CVB0030,REF0021,2,1,XGBoost,1ece5d830ab3e8d5a297a5d654d4d15166e82c716f155d9a1f3c2508225edd93,0.027764668688178062,predict_proba,9eb1905b0d2d4dff99236976201e564cbe25ee258ba901ad38107c5c6b5846f0,False,True
R0213,GG0033,CVB0030,REF0022,2,1,XGBoost,1ece5d830ab3e8d5a297a5d654d4d15166e82c716f155d9a1f3c2508225edd93,0.06334546208381653,predict_proba,9eb1905b0d2d4dff99236976201e564cbe25ee258ba901ad38107c5c6b5846f0,False,True
R0214,GG0033,CVB0030,REF0022,2,1,XGBoost,1ece5d830ab3e8d5a297a5d654d4d15166e82c716f155d9a1f3c2508225edd93,0.6313426494598389,predict_proba,9eb1905b0d2d4dff99236976201e564cbe25ee258ba901ad38107c5c6b5846f0,False,True
R0215,GG0033,CVB0030,REF0022,2,1,XGBoost,1ece5d830ab3e8d5a297a5d654d4d15166e82c716f155d9a1f3c2508225edd93,0.12570695579051971,predict_proba,9eb1905b0d2d4dff99236976201e564cbe25ee258ba901ad38107c5c6b5846f0,False,True
R0360,GG0021,CVB0010,REF0036,2,1,XGBoost,1ece5d830ab3e8d5a297a5d654d4d15166e82c716f155d9a1f3c2508225edd93,0.05441516637802124,predict_proba,9eb1905b0d2d4dff99236976201e564cbe25ee258ba901ad38107c5c6b5846f0,False,True
R0361,GG0021,CVB0010,REF0036,2,1,XGBoost,1ece5d830ab3e8d5a297a5d654d4d15166e82c716f155d9a1f3c2508225edd93,0.01371751818805933,predict_proba,9eb1905b0d2d4dff99236976201e564cbe25ee258ba901ad38107c5c6b5846f0,False,True
R0362,GG0021,CVB0010,REF0036,2,1,XGBoost,1ece5d830ab3e8d5a297a5d654d4d15166e82c716f155d9a1f3c2508225edd93,0.011392305605113506,predict_proba,9eb1905b0d2d4dff99236976201e564cbe25ee258ba901ad38107c5c6b5846f0,False,True
R0363,GG0021,CVB0010,REF0036,2,1,XGBoost,1ece5d830ab3e8d5a297a5d654d4d15166e82c716f155d9a1f3c2508225edd93,0.8446990847587585,predict_proba,9eb1905b0d2d4dff99236976201e564cbe25ee258ba901ad38107c5c6b5846f0,False,True
R0364,GG0021,CVB0010,REF0036,2,1,XGBoost,1ece5d830ab3e8d5a297a5d654d4d15166e82c716f155d9a1f3c2508225edd93,0.7839429378509521,predict_proba,9eb1905b0d2d4dff99236976201e564cbe25ee258ba901ad38107c5c6b5846f0,False,True
R0365,GG0021,CVB0010,REF0036,2,1,XGBoost,1ece5d830ab3e8d5a297a5d654d4d15166e82c716f155d9a1f3c2508225edd93,0.822815477848053,predict_proba,9eb1905b0d2d4dff99236976201e564cbe25ee258ba901ad38107c5c6b5846f0,False,True
R0366,GG0021,CVB0010,REF0036,2,1,XGBoost,1ece5d830ab3e8d5a297a5d654d4d15166e82c716f155d9a1f3c2508225edd93,0.9360945224761963,predict_proba,9eb1905b0d2d4dff99236976201e564cbe25ee258ba901ad38107c5c6b5846f0,False,True
R0367,GG0021,CVB0010,REF0036,2,1,XGBoost,1ece5d830ab3e8d5a297a5d654d4d15166e82c716f155d9a1f3c2508225edd93,0.18129003047943115,predict_proba,9eb1905b0d2d4dff99236976201e564cbe25ee258ba901ad38107c5c6b5846f0,False,True
R0368,GG0021,CVB0010,REF0036,2,1,XGBoost,1ece5d830ab3e8d5a297a5d654d4d15166e82c716f155d9a1f3c2508225edd93,0.9914388656616211,predict_proba,9eb1905b0d2d4dff99236976201e564cbe25ee258ba901ad38107c5c6b5846f0,False,True
R0369,GG0021,CVB0010,REF0036,2,1,XGBoost,1ece5d830ab3e8d5a297a5d654d4d15166e82c716f155d9a1f3c2508225edd93,0.9917703866958618,predict_proba,9eb1905b0d2d4dff99236976201e564cbe25ee258ba901ad38107c5c6b5846f0,False,True
R0457,GG0021,CVB0010,REF0042,2,1,XGBoost,1ece5d830ab3e8d5a297a5d654d4d15166e82c716f155d9a1f3c2508225edd93,0.7453576326370239,predict_proba,9eb1905b0d2d4dff99236976201e564cbe25ee258ba901ad38107c5c6b5846f0,False,True
R0458,GG0021,CVB0010,REF0042,2,1,XGBoost,1ece5d830ab3e8d5a297a5d654d4d15166e82c716f155d9a1f3c2508225edd93,0.18463553488254547,predict_proba,9eb1905b0d2d4dff99236976201e564cbe25ee258ba901ad38107c5c6b5846f0,False,True
R0459,GG0021,CVB0010,REF0042,2,1,XGBoost,1ece5d830ab3e8d5a297a5d654d4d15166e82c716f155d9a1f3c2508225edd93,0.09830328077077866,predict_proba,9eb1905b0d2d4dff99236976201e564cbe25ee258ba901ad38107c5c6b5846f0,False,True
R0460,GG0021,CVB0010,REF0042,2,1,XGBoost,1ece5d830ab3e8d5a297a5d654d4d15166e82c716f155d9a1f3c2508225edd93,0.8560494184494019,predict_proba,9eb1905b0d2d4dff99236976201e564cbe25ee258ba901ad38107c5c6b5846f0,False,True
R0461,GG0021,CVB0010,REF0042,2,1,XGBoost,1ece5d830ab3e8d5a297a5d654d4d15166e82c716f155d9a1f3c2508225edd93,0.31088587641716003,predict_proba,9eb1905b0d2d4dff99236976201e564cbe25ee258ba901ad38107c5c6b5846f0,False,True
R0462,GG0021,CVB0010,REF0042,2,1,XGBoost,1ece5d830ab3e8d5a297a5d654d4d15166e82c716f155d9a1f3c2508225edd93,0.7338472008705139,predict_proba,9eb1905b0d2d4dff99236976201e564cbe25ee258ba901ad38107c5c6b5846f0,False,True
R0463,GG0021,CVB0010,REF0042,2,1,XGBoost,1ece5d830ab3e8d5a297a5d654d4d15166e82c716f155d9a1f3c2508225edd93,0.13258959352970123,predict_proba,9eb1905b0d2d4dff99236976201e564cbe25ee258ba901ad38107c5c6b5846f0,False,True
R0464,GG0021,CVB0010,REF0042,2,1,XGBoost,1ece5d830ab3e8d5a297a5d654d4d15166e82c716f155d9a1f3c2508225edd93,0.014474635012447834,predict_proba,9eb1905b0d2d4dff99236976201e564cbe25ee258ba901ad38107c5c6b5846f0,False,True
R0465,GG0021,CVB0010,REF0042,2,1,XGBoost,1ece5d830ab3e8d5a297a5d654d4d15166e82c716f155d9a1f3c2508225edd93,0.06226744130253792,predict_proba,9eb1905b0d2d4dff99236976201e564cbe25ee258ba901ad38107c5c6b5846f0,False,True
R0466,GG0021,CVB0010,REF0042,2,1,XGBoost,1ece5d830ab3e8d5a297a5d654d4d15166e82c716f155d9a1f3c2508225edd93,0.06794615834951401,predict_proba,9eb1905b0d2d4dff99236976201e564cbe25ee258ba901ad38107c5c6b5846f0,False,True
R0467,GG0021,CVB0010,REF0042,2,1,XGBoost,1ece5d830ab3e8d5a297a5d654d4d15166e82c716f155d9a1f3c2508225edd93,0.04012957960367203,predict_proba,9eb1905b0d2d4dff99236976201e564cbe25ee258ba901ad38107c5c6b5846f0,False,True
R0468,GG0021,CVB0010,REF0042,2,1,XGBoost,1ece5d830ab3e8d5a297a5d654d4d15166e82c716f155d9a1f3c2508225edd93,0.8505871891975403,predict_proba,9eb1905b0d2d4dff99236976201e564cbe25ee258ba901ad38107c5c6b5846f0,False,True
R0469,GG0021,CVB0010,REF0042,2,1,XGBoost,1ece5d830ab3e8d5a297a5d654d4d15166e82c716f155d9a1f3c2508225edd93,0.8282145857810974,predict_proba,9eb1905b0d2d4dff99236976201e564cbe25ee258ba901ad38107c5c6b5846f0,False,True
R0470,GG0021,CVB0010,REF0042,2,1,XGBoost,1ece5d830ab3e8d5a297a5d654d4d15166e82c716f155d9a1f3c2508225edd93,0.03406904265284538,predict_proba,9eb1905b0d2d4dff99236976201e564cbe25ee258ba901ad38107c5c6b5846f0,False,True
R0471,GG0021,CVB0010,REF0042,2,1,XGBoost,1ece5d830ab3e8d5a297a5d654d4d15166e82c716f155d9a1f3c2508225edd93,0.05159618705511093,predict_proba,9eb1905b0d2d4dff99236976201e564cbe25ee258ba901ad38107c5c6b5846f0,False,True
R0472,GG0021,CVB0010,REF0042,2,1,XGBoost,1ece5d830ab3e8d5a297a5d654d4d15166e82c716f155d9a1f3c2508225edd93,0.1481705754995346,predict_proba,9eb1905b0d2d4dff99236976201e564cbe25ee258ba901ad38107c5c6b5846f0,False,True
R0473,GG0021,CVB0010,REF0042,2,1,XGBoost,1ece5d830ab3e8d5a297a5d654d4d15166e82c716f155d9a1f3c2508225edd93,0.008245088160037994,predict_proba,9eb1905b0d2d4dff99236976201e564cbe25ee258ba901ad38107c5c6b5846f0,False,True
R0474,GG0021,CVB0010,REF0042,2,1,XGBoost,1ece5d830ab3e8d5a297a5d654d4d15166e82c716f155d9a1f3c2508225edd93,0.041576698422431946,predict_proba,9eb1905b0d2d4dff99236976201e564cbe25ee258ba901ad38107c5c6b5846f0,False,True
R0475,GG0021,CVB0010,REF0042,2,1,XGBoost,1ece5d830ab3e8d5a297a5d654d4d15166e82c716f155d9a1f3c2508225edd93,0.010451525449752808,predict_proba,9eb1905b0d2d4dff99236976201e564cbe25ee258ba901ad38107c5c6b5846f0,False,True
R0476,GG0021,CVB0010,REF0042,2,1,XGBoost,1ece5d830ab3e8d5a297a5d654d4d15166e82c716f155d9a1f3c2508225edd93,0.21895991265773773,predict_proba,9eb1905b0d2d4dff99236976201e564cbe25ee258ba901ad38107c5c6b5846f0,False,True
R0477,GG0021,CVB0010,REF0042,2,1,XGBoost,1ece5d830ab3e8d5a297a5d654d4d15166e82c716f155d9a1f3c2508225edd93,0.02554451860487461,predict_proba,9eb1905b0d2d4dff99236976201e564cbe25ee258ba901ad38107c5c6b5846f0,False,True
R0478,GG0021,CVB0010,REF0043,2,1,XGBoost,1ece5d830ab3e8d5a297a5d654d4d15166e82c716f155d9a1f3c2508225edd93,0.8375645875930786,predict_proba,9eb1905b0d2d4dff99236976201e564cbe25ee258ba901ad38107c5c6b5846f0,False,True
R0479,GG0021,CVB0010,REF0043,2,1,XGBoost,1ece5d830ab3e8d5a297a5d654d4d15166e82c716f155d9a1f3c2508225edd93,0.9188579320907593,predict_proba,9eb1905b0d2d4dff99236976201e564cbe25ee258ba901ad38107c5c6b5846f0,False,True
R0480,GG0021,CVB0010,REF0043,2,1,XGBoost,1ece5d830ab3e8d5a297a5d654d4d15166e82c716f155d9a1f3c2508225edd93,0.7062950134277344,predict_proba,9eb1905b0d2d4dff99236976201e564cbe25ee258ba901ad38107c5c6b5846f0,False,True
R0481,GG0021,CVB0010,REF0043,2,1,XGBoost,1ece5d830ab3e8d5a297a5d654d4d15166e82c716f155d9a1f3c2508225edd93,0.8450895547866821,predict_proba,9eb1905b0d2d4dff99236976201e564cbe25ee258ba901ad38107c5c6b5846f0,False,True
R0482,GG0021,CVB0010,REF0043,2,1,XGBoost,1ece5d830ab3e8d5a297a5d654d4d15166e82c716f155d9a1f3c2508225edd93,0.8771527409553528,predict_proba,9eb1905b0d2d4dff99236976201e564cbe25ee258ba901ad38107c5c6b5846f0,False,True
R0483,GG0021,CVB0010,REF0043,2,1,XGBoost,1ece5d830ab3e8d5a297a5d654d4d15166e82c716f155d9a1f3c2508225edd93,0.9248049855232239,predict_proba,9eb1905b0d2d4dff99236976201e564cbe25ee258ba901ad38107c5c6b5846f0,False,True
R0484,GG0021,CVB0010,REF0043,2,1,XGBoost,1ece5d830ab3e8d5a297a5d654d4d15166e82c716f155d9a1f3c2508225edd93,0.7768503427505493,predict_proba,9eb1905b0d2d4dff99236976201e564cbe25ee258ba901ad38107c5c6b5846f0,False,True
R0485,GG0021,CVB0010,REF0043,2,1,XGBoost,1ece5d830ab3e8d5a297a5d654d4d15166e82c716f155d9a1f3c2508225edd93,0.8584989905357361,predict_proba,9eb1905b0d2d4dff99236976201e564cbe25ee258ba901ad38107c5c6b5846f0,False,True
R0486,GG0021,CVB0010,REF0043,2,1,XGBoost,1ece5d830ab3e8d5a297a5d654d4d15166e82c716f155d9a1f3c2508225edd93,0.9549701809883118,predict_proba,9eb1905b0d2d4dff99236976201e564cbe25ee258ba901ad38107c5c6b5846f0,False,True
R0487,GG0021,CVB0010,REF0043,2,1,XGBoost,1ece5d830ab3e8d5a297a5d654d4d15166e82c716f155d9a1f3c2508225edd93,0.9535124897956848,predict_proba,9eb1905b0d2d4dff99236976201e564cbe25ee258ba901ad38107c5c6b5846f0,False,True
R0488,GG0021,CVB0010,REF0043,2,1,XGBoost,1ece5d830ab3e8d5a297a5d654d4d15166e82c716f155d9a1f3c2508225edd93,0.9048081040382385,predict_proba,9eb1905b0d2d4dff99236976201e564cbe25ee258ba901ad38107c5c6b5846f0,False,True
R0489,GG0021,CVB0010,REF0043,2,1,XGBoost,1ece5d830ab3e8d5a297a5d654d4d15166e82c716f155d9a1f3c2508225edd93,0.9939188957214355,predict_proba,9eb1905b0d2d4dff99236976201e564cbe25ee258ba901ad38107c5c6b5846f0,False,True
R0490,GG0021,CVB0010,REF0043,2,1,XGBoost,1ece5d830ab3e8d5a297a5d654d4d15166e82c716f155d9a1f3c2508225edd93,0.9885517358779907,predict_proba,9eb1905b0d2d4dff99236976201e564cbe25ee258ba901ad38107c5c6b5846f0,False,True
R0491,GG0021,CVB0010,REF0043,2,1,XGBoost,1ece5d830ab3e8d5a297a5d654d4d15166e82c716f155d9a1f3c2508225edd93,0.9600311517715454,predict_proba,9eb1905b0d2d4dff99236976201e564cbe25ee258ba901ad38107c5c6b5846f0,False,True
R0492,GG0021,CVB0010,REF0043,2,1,XGBoost,1ece5d830ab3e8d5a297a5d654d4d15166e82c716f155d9a1f3c2508225edd93,0.9871684312820435,predict_proba,9eb1905b0d2d4dff99236976201e564cbe25ee258ba901ad38107c5c6b5846f0,False,True
R0493,GG0021,CVB0010,REF0043,2,1,XGBoost,1ece5d830ab3e8d5a297a5d654d4d15166e82c716f155d9a1f3c2508225edd93,0.9798953533172607,predict_proba,9eb1905b0d2d4dff99236976201e564cbe25ee258ba901ad38107c5c6b5846f0,False,True
R0494,GG0021,CVB0010,REF0043,2,1,XGBoost,1ece5d830ab3e8d5a297a5d654d4d15166e82c716f155d9a1f3c2508225edd93,0.9197113513946533,predict_proba,9eb1905b0d2d4dff99236976201e564cbe25ee258ba901ad38107c5c6b5846f0,False,True
R0495,GG0021,CVB0010,REF0043,2,1,XGBoost,1ece5d830ab3e8d5a297a5d654d4d15166e82c716f155d9a1f3c2508225edd93,0.9654473662376404,predict_proba,9eb1905b0d2d4dff99236976201e564cbe25ee258ba901ad38107c5c6b5846f0,False,True
R0496,GG0021,CVB0010,REF0043,2,1,XGBoost,1ece5d830ab3e8d5a297a5d654d4d15166e82c716f155d9a1f3c2508225edd93,0.968562662601471,predict_proba,9eb1905b0d2d4dff99236976201e564cbe25ee258ba901ad38107c5c6b5846f0,False,True
R0603,GG0033,CVB0030,REF0051,2,1,XGBoost,1ece5d830ab3e8d5a297a5d654d4d15166e82c716f155d9a1f3c2508225edd93,0.47600653767585754,predict_proba,9eb1905b0d2d4dff99236976201e564cbe25ee258ba901ad38107c5c6b5846f0,False,True
R0604,GG0033,CVB0030,REF0051,2,1,XGBoost,1ece5d830ab3e8d5a297a5d654d4d15166e82c716f155d9a1f3c2508225edd93,0.14080700278282166,predict_proba,9eb1905b0d2d4dff99236976201e564cbe25ee258ba901ad38107c5c6b5846f0,False,True
R0605,GG0033,CVB0030,REF0051,2,1,XGBoost,1ece5d830ab3e8d5a297a5d654d4d15166e82c716f155d9a1f3c2508225edd93,0.31116458773612976,predict_proba,9eb1905b0d2d4dff99236976201e564cbe25ee258ba901ad38107c5c6b5846f0,False,True
R0606,GG0033,CVB0030,REF0051,2,1,XGBoost,1ece5d830ab3e8d5a297a5d654d4d15166e82c716f155d9a1f3c2508225edd93,0.04651365801692009,predict_proba,9eb1905b0d2d4dff99236976201e564cbe25ee258ba901ad38107c5c6b5846f0,False,True
R0607,GG0033,CVB0030,REF0051,2,1,XGBoost,1ece5d830ab3e8d5a297a5d654d4d15166e82c716f155d9a1f3c2508225edd93,0.3531092703342438,predict_proba,9eb1905b0d2d4dff99236976201e564cbe25ee258ba901ad38107c5c6b5846f0,False,True
R0608,GG0033,CVB0030,REF0051,2,1,XGBoost,1ece5d830ab3e8d5a297a5d654d4d15166e82c716f155d9a1f3c2508225edd93,0.27564871311187744,predict_proba,9eb1905b0d2d4dff99236976201e564cbe25ee258ba901ad38107c5c6b5846f0,False,True
R0609,GG0033,CVB0030,REF0051,2,1,XGBoost,1ece5d830ab3e8d5a297a5d654d4d15166e82c716f155d9a1f3c2508225edd93,0.21057818830013275,predict_proba,9eb1905b0d2d4dff99236976201e564cbe25ee258ba901ad38107c5c6b5846f0,False,True
R0610,GG0033,CVB0030,REF0051,2,1,XGBoost,1ece5d830ab3e8d5a297a5d654d4d15166e82c716f155d9a1f3c2508225edd93,0.491485059261322,predict_proba,9eb1905b0d2d4dff99236976201e564cbe25ee258ba901ad38107c5c6b5846f0,False,True
R0611,GG0033,CVB0030,REF0051,2,1,XGBoost,1ece5d830ab3e8d5a297a5d654d4d15166e82c716f155d9a1f3c2508225edd93,0.6526774764060974,predict_proba,9eb1905b0d2d4dff99236976201e564cbe25ee258ba901ad38107c5c6b5846f0,False,True
R0612,GG0033,CVB0030,REF0051,2,1,XGBoost,1ece5d830ab3e8d5a297a5d654d4d15166e82c716f155d9a1f3c2508225edd93,0.17169387638568878,predict_proba,9eb1905b0d2d4dff99236976201e564cbe25ee258ba901ad38107c5c6b5846f0,False,True
R0613,GG0033,CVB0030,REF0051,2,1,XGBoost,1ece5d830ab3e8d5a297a5d654d4d15166e82c716f155d9a1f3c2508225edd93,0.05752076208591461,predict_proba,9eb1905b0d2d4dff99236976201e564cbe25ee258ba901ad38107c5c6b5846f0,False,True
R0614,GG0033,CVB0030,REF0051,2,1,XGBoost,1ece5d830ab3e8d5a297a5d654d4d15166e82c716f155d9a1f3c2508225edd93,0.0930306687951088,predict_proba,9eb1905b0d2d4dff99236976201e564cbe25ee258ba901ad38107c5c6b5846f0,False,True
R0615,GG0033,CVB0030,REF0051,2,1,XGBoost,1ece5d830ab3e8d5a297a5d654d4d15166e82c716f155d9a1f3c2508225edd93,0.0913705825805664,predict_proba,9eb1905b0d2d4dff99236976201e564cbe25ee258ba901ad38107c5c6b5846f0,False,True
R0616,GG0033,CVB0030,REF0051,2,1,XGBoost,1ece5d830ab3e8d5a297a5d654d4d15166e82c716f155d9a1f3c2508225edd93,0.1378268450498581,predict_proba,9eb1905b0d2d4dff99236976201e564cbe25ee258ba901ad38107c5c6b5846f0,False,True
R0617,GG0033,CVB0030,REF0051,2,1,XGBoost,1ece5d830ab3e8d5a297a5d654d4d15166e82c716f155d9a1f3c2508225edd93,0.15000048279762268,predict_proba,9eb1905b0d2d4dff99236976201e564cbe25ee258ba901ad38107c5c6b5846f0,False,True
R0618,GG0033,CVB0030,REF0051,2,1,XGBoost,1ece5d830ab3e8d5a297a5d654d4d15166e82c716f155d9a1f3c2508225edd93,0.04009473696351051,predict_proba,9eb1905b0d2d4dff99236976201e564cbe25ee258ba901ad38107c5c6b5846f0,False,True
R0619,GG0033,CVB0030,REF0051,2,1,XGBoost,1ece5d830ab3e8d5a297a5d654d4d15166e82c716f155d9a1f3c2508225edd93,0.11486977338790894,predict_proba,9eb1905b0d2d4dff99236976201e564cbe25ee258ba901ad38107c5c6b5846f0,False,True
R0620,GG0033,CVB0030,REF0051,2,1,XGBoost,1ece5d830ab3e8d5a297a5d654d4d15166e82c716f155d9a1f3c2508225edd93,0.07845097780227661,predict_proba,9eb1905b0d2d4dff99236976201e564cbe25ee258ba901ad38107c5c6b5846f0,False,True
R0621,GG0033,CVB0030,REF0051,2,1,XGBoost,1ece5d830ab3e8d5a297a5d654d4d15166e82c716f155d9a1f3c2508225edd93,0.021631792187690735,predict_proba,9eb1905b0d2d4dff99236976201e564cbe25ee258ba901ad38107c5c6b5846f0,False,True
R0622,GG0033,CVB0030,REF0051,2,1,XGBoost,1ece5d830ab3e8d5a297a5d654d4d15166e82c716f155d9a1f3c2508225edd93,0.1610802859067917,predict_proba,9eb1905b0d2d4dff99236976201e564cbe25ee258ba901ad38107c5c6b5846f0,False,True
R0623,GG0033,CVB0030,REF0051,2,1,XGBoost,1ece5d830ab3e8d5a297a5d654d4d15166e82c716f155d9a1f3c2508225edd93,0.11907471716403961,predict_proba,9eb1905b0d2d4dff99236976201e564cbe25ee258ba901ad38107c5c6b5846f0,False,True
R0624,GG0033,CVB0030,REF0051,2,1,XGBoost,1ece5d830ab3e8d5a297a5d654d4d15166e82c716f155d9a1f3c2508225edd93,0.17823708057403564,predict_proba,9eb1905b0d2d4dff99236976201e564cbe25ee258ba901ad38107c5c6b5846f0,False,True
R0625,GG0033,CVB0030,REF0051,2,1,XGBoost,1ece5d830ab3e8d5a297a5d654d4d15166e82c716f155d9a1f3c2508225edd93,0.061859145760536194,predict_proba,9eb1905b0d2d4dff99236976201e564cbe25ee258ba901ad38107c5c6b5846f0,False,True
R0626,GG0033,CVB0030,REF0051,2,1,XGBoost,1ece5d830ab3e8d5a297a5d654d4d15166e82c716f155d9a1f3c2508225edd93,0.03827865049242973,predict_proba,9eb1905b0d2d4dff99236976201e564cbe25ee258ba901ad38107c5c6b5846f0,False,True
R0627,GG0033,CVB0030,REF0051,2,1,XGBoost,1ece5d830ab3e8d5a297a5d654d4d15166e82c716f155d9a1f3c2508225edd93,0.20598408579826355,predict_proba,9eb1905b0d2d4dff99236976201e564cbe25ee258ba901ad38107c5c6b5846f0,False,True
R0737,GG0021,CVB0010,REF0057,2,1,XGBoost,1ece5d830ab3e8d5a297a5d654d4d15166e82c716f155d9a1f3c2508225edd93,0.018092166632413864,predict_proba,9eb1905b0d2d4dff99236976201e564cbe25ee258ba901ad38107c5c6b5846f0,False,True
R0738,GG0021,CVB0010,REF0057,2,1,XGBoost,1ece5d830ab3e8d5a297a5d654d4d15166e82c716f155d9a1f3c2508225edd93,0.9519816637039185,predict_proba,9eb1905b0d2d4dff99236976201e564cbe25ee258ba901ad38107c5c6b5846f0,False,True
R0739,GG0021,CVB0010,REF0057,2,1,XGBoost,1ece5d830ab3e8d5a297a5d654d4d15166e82c716f155d9a1f3c2508225edd93,0.8077314496040344,predict_proba,9eb1905b0d2d4dff99236976201e564cbe25ee258ba901ad38107c5c6b5846f0,False,True
R0740,GG0021,CVB0010,REF0057,2,1,XGBoost,1ece5d830ab3e8d5a297a5d654d4d15166e82c716f155d9a1f3c2508225edd93,0.8821481466293335,predict_proba,9eb1905b0d2d4dff99236976201e564cbe25ee258ba901ad38107c5c6b5846f0,False,True
R0741,GG0021,CVB0010,REF0057,2,1,XGBoost,1ece5d830ab3e8d5a297a5d654d4d15166e82c716f155d9a1f3c2508225edd93,0.983242928981781,predict_proba,9eb1905b0d2d4dff99236976201e564cbe25ee258ba901ad38107c5c6b5846f0,False,True
R0742,GG0021,CVB0010,REF0057,2,1,XGBoost,1ece5d830ab3e8d5a297a5d654d4d15166e82c716f155d9a1f3c2508225edd93,0.9516475200653076,predict_proba,9eb1905b0d2d4dff99236976201e564cbe25ee258ba901ad38107c5c6b5846f0,False,True
R0743,GG0021,CVB0010,REF0057,2,1,XGBoost,1ece5d830ab3e8d5a297a5d654d4d15166e82c716f155d9a1f3c2508225edd93,0.9409181475639343,predict_proba,9eb1905b0d2d4dff99236976201e564cbe25ee258ba901ad38107c5c6b5846f0,False,True
R0744,GG0021,CVB0010,REF0057,2,1,XGBoost,1ece5d830ab3e8d5a297a5d654d4d15166e82c716f155d9a1f3c2508225edd93,0.9074363112449646,predict_proba,9eb1905b0d2d4dff99236976201e564cbe25ee258ba901ad38107c5c6b5846f0,False,True
R0745,GG0021,CVB0010,REF0058,2,1,XGBoost,1ece5d830ab3e8d5a297a5d654d4d15166e82c716f155d9a1f3c2508225edd93,0.005449631717056036,predict_proba,9eb1905b0d2d4dff99236976201e564cbe25ee258ba901ad38107c5c6b5846f0,False,True
R0746,GG0021,CVB0010,REF0058,2,1,XGBoost,1ece5d830ab3e8d5a297a5d654d4d15166e82c716f155d9a1f3c2508225edd93,0.003856066847220063,predict_proba,9eb1905b0d2d4dff99236976201e564cbe25ee258ba901ad38107c5c6b5846f0,False,True
R0747,GG0021,CVB0010,REF0058,2,1,XGBoost,1ece5d830ab3e8d5a297a5d654d4d15166e82c716f155d9a1f3c2508225edd93,0.002347365254536271,predict_proba,9eb1905b0d2d4dff99236976201e564cbe25ee258ba901ad38107c5c6b5846f0,False,True
R0748,GG0021,CVB0010,REF0058,2,1,XGBoost,1ece5d830ab3e8d5a297a5d654d4d15166e82c716f155d9a1f3c2508225edd93,0.1969635784626007,predict_proba,9eb1905b0d2d4dff99236976201e564cbe25ee258ba901ad38107c5c6b5846f0,False,True
R0754,GG0021,CVB0010,REF0059,2,1,XGBoost,1ece5d830ab3e8d5a297a5d654d4d15166e82c716f155d9a1f3c2508225edd93,0.9804695248603821,predict_proba,9eb1905b0d2d4dff99236976201e564cbe25ee258ba901ad38107c5c6b5846f0,False,True
R0755,GG0021,CVB0010,REF0059,2,1,XGBoost,1ece5d830ab3e8d5a297a5d654d4d15166e82c716f155d9a1f3c2508225edd93,0.651702344417572,predict_proba,9eb1905b0d2d4dff99236976201e564cbe25ee258ba901ad38107c5c6b5846f0,False,True
R0756,GG0021,CVB0010,REF0059,2,1,XGBoost,1ece5d830ab3e8d5a297a5d654d4d15166e82c716f155d9a1f3c2508225edd93,0.8477874994277954,predict_proba,9eb1905b0d2d4dff99236976201e564cbe25ee258ba901ad38107c5c6b5846f0,False,True
R0757,GG0021,CVB0010,REF0059,2,1,XGBoost,1ece5d830ab3e8d5a297a5d654d4d15166e82c716f155d9a1f3c2508225edd93,0.9847174286842346,predict_proba,9eb1905b0d2d4dff99236976201e564cbe25ee258ba901ad38107c5c6b5846f0,False,True
R0846,GG0033,CVB0030,REF0069,2,1,XGBoost,1ece5d830ab3e8d5a297a5d654d4d15166e82c716f155d9a1f3c2508225edd93,0.7995046973228455,predict_proba,9eb1905b0d2d4dff99236976201e564cbe25ee258ba901ad38107c5c6b5846f0,False,True
R0847,GG0033,CVB0030,REF0069,2,1,XGBoost,1ece5d830ab3e8d5a297a5d654d4d15166e82c716f155d9a1f3c2508225edd93,0.9361265897750854,predict_proba,9eb1905b0d2d4dff99236976201e564cbe25ee258ba901ad38107c5c6b5846f0,False,True
R0848,GG0033,CVB0030,REF0069,2,1,XGBoost,1ece5d830ab3e8d5a297a5d654d4d15166e82c716f155d9a1f3c2508225edd93,0.5816518664360046,predict_proba,9eb1905b0d2d4dff99236976201e564cbe25ee258ba901ad38107c5c6b5846f0,False,True
R0849,GG0033,CVB0030,REF0069,2,1,XGBoost,1ece5d830ab3e8d5a297a5d654d4d15166e82c716f155d9a1f3c2508225edd93,0.8120507001876831,predict_proba,9eb1905b0d2d4dff99236976201e564cbe25ee258ba901ad38107c5c6b5846f0,False,True
R0850,GG0033,CVB0030,REF0069,2,1,XGBoost,1ece5d830ab3e8d5a297a5d654d4d15166e82c716f155d9a1f3c2508225edd93,0.6870331764221191,predict_proba,9eb1905b0d2d4dff99236976201e564cbe25ee258ba901ad38107c5c6b5846f0,False,True
R0851,GG0033,CVB0030,REF0069,2,1,XGBoost,1ece5d830ab3e8d5a297a5d654d4d15166e82c716f155d9a1f3c2508225edd93,0.8580845594406128,predict_proba,9eb1905b0d2d4dff99236976201e564cbe25ee258ba901ad38107c5c6b5846f0,False,True
R0852,GG0033,CVB0030,REF0069,2,1,XGBoost,1ece5d830ab3e8d5a297a5d654d4d15166e82c716f155d9a1f3c2508225edd93,0.9895051121711731,predict_proba,9eb1905b0d2d4dff99236976201e564cbe25ee258ba901ad38107c5c6b5846f0,False,True
R0853,GG0033,CVB0030,REF0069,2,1,XGBoost,1ece5d830ab3e8d5a297a5d654d4d15166e82c716f155d9a1f3c2508225edd93,0.9248417615890503,predict_proba,9eb1905b0d2d4dff99236976201e564cbe25ee258ba901ad38107c5c6b5846f0,False,True
R0854,GG0033,CVB0030,REF0069,2,1,XGBoost,1ece5d830ab3e8d5a297a5d654d4d15166e82c716f155d9a1f3c2508225edd93,0.9863691329956055,predict_proba,9eb1905b0d2d4dff99236976201e564cbe25ee258ba901ad38107c5c6b5846f0,False,True
R0855,GG0033,CVB0030,REF0069,2,1,XGBoost,1ece5d830ab3e8d5a297a5d654d4d15166e82c716f155d9a1f3c2508225edd93,0.05034530162811279,predict_proba,9eb1905b0d2d4dff99236976201e564cbe25ee258ba901ad38107c5c6b5846f0,False,True
R0866,GG0033,CVB0030,REF0071,2,1,XGBoost,1ece5d830ab3e8d5a297a5d654d4d15166e82c716f155d9a1f3c2508225edd93,0.0023668152280151844,predict_proba,9eb1905b0d2d4dff99236976201e564cbe25ee258ba901ad38107c5c6b5846f0,False,True
R0867,GG0033,CVB0030,REF0071,2,1,XGBoost,1ece5d830ab3e8d5a297a5d654d4d15166e82c716f155d9a1f3c2508225edd93,0.14890430867671967,predict_proba,9eb1905b0d2d4dff99236976201e564cbe25ee258ba901ad38107c5c6b5846f0,False,True
R0870,GG0033,CVB0030,REF0071,2,1,XGBoost,1ece5d830ab3e8d5a297a5d654d4d15166e82c716f155d9a1f3c2508225edd93,0.004454810172319412,predict_proba,9eb1905b0d2d4dff99236976201e564cbe25ee258ba901ad38107c5c6b5846f0,False,True
R0871,GG0033,CVB0030,REF0071,2,1,XGBoost,1ece5d830ab3e8d5a297a5d654d4d15166e82c716f155d9a1f3c2508225edd93,0.0020580010022968054,predict_proba,9eb1905b0d2d4dff99236976201e564cbe25ee258ba901ad38107c5c6b5846f0,False,True
R0872,GG0033,CVB0030,REF0071,2,1,XGBoost,1ece5d830ab3e8d5a297a5d654d4d15166e82c716f155d9a1f3c2508225edd93,0.003922374453395605,predict_proba,9eb1905b0d2d4dff99236976201e564cbe25ee258ba901ad38107c5c6b5846f0,False,True
R0873,GG0033,CVB0030,REF0071,2,1,XGBoost,1ece5d830ab3e8d5a297a5d654d4d15166e82c716f155d9a1f3c2508225edd93,0.0057854196056723595,predict_proba,9eb1905b0d2d4dff99236976201e564cbe25ee258ba901ad38107c5c6b5846f0,False,True
R0874,GG0033,CVB0030,REF0071,2,1,XGBoost,1ece5d830ab3e8d5a297a5d654d4d15166e82c716f155d9a1f3c2508225edd93,0.017332786694169044,predict_proba,9eb1905b0d2d4dff99236976201e564cbe25ee258ba901ad38107c5c6b5846f0,False,True
R0875,GG0033,CVB0030,REF0071,2,1,XGBoost,1ece5d830ab3e8d5a297a5d654d4d15166e82c716f155d9a1f3c2508225edd93,0.04442097619175911,predict_proba,9eb1905b0d2d4dff99236976201e564cbe25ee258ba901ad38107c5c6b5846f0,False,True
R0876,GG0033,CVB0030,REF0071,2,1,XGBoost,1ece5d830ab3e8d5a297a5d654d4d15166e82c716f155d9a1f3c2508225edd93,0.013436646200716496,predict_proba,9eb1905b0d2d4dff99236976201e564cbe25ee258ba901ad38107c5c6b5846f0,False,True
R0877,GG0033,CVB0030,REF0071,2,1,XGBoost,1ece5d830ab3e8d5a297a5d654d4d15166e82c716f155d9a1f3c2508225edd93,0.6421641707420349,predict_proba,9eb1905b0d2d4dff99236976201e564cbe25ee258ba901ad38107c5c6b5846f0,False,True
R0878,GG0033,CVB0030,REF0071,2,1,XGBoost,1ece5d830ab3e8d5a297a5d654d4d15166e82c716f155d9a1f3c2508225edd93,0.5548863410949707,predict_proba,9eb1905b0d2d4dff99236976201e564cbe25ee258ba901ad38107c5c6b5846f0,False,True
R0934,GG0011,CVB0011,REF0077,2,1,XGBoost,1ece5d830ab3e8d5a297a5d654d4d15166e82c716f155d9a1f3c2508225edd93,0.25950589776039124,predict_proba,9eb1905b0d2d4dff99236976201e564cbe25ee258ba901ad38107c5c6b5846f0,False,True
R0935,GG0011,CVB0011,REF0077,2,1,XGBoost,1ece5d830ab3e8d5a297a5d654d4d15166e82c716f155d9a1f3c2508225edd93,0.5564737319946289,predict_proba,9eb1905b0d2d4dff99236976201e564cbe25ee258ba901ad38107c5c6b5846f0,False,True
R0936,GG0011,CVB0011,REF0077,2,1,XGBoost,1ece5d830ab3e8d5a297a5d654d4d15166e82c716f155d9a1f3c2508225edd93,0.3828749656677246,predict_proba,9eb1905b0d2d4dff99236976201e564cbe25ee258ba901ad38107c5c6b5846f0,False,True
R0937,GG0011,CVB0011,REF0077,2,1,XGBoost,1ece5d830ab3e8d5a297a5d654d4d15166e82c716f155d9a1f3c2508225edd93,0.27203643321990967,predict_proba,9eb1905b0d2d4dff99236976201e564cbe25ee258ba901ad38107c5c6b5846f0,False,True
R0938,GG0011,CVB0011,REF0077,2,1,XGBoost,1ece5d830ab3e8d5a297a5d654d4d15166e82c716f155d9a1f3c2508225edd93,0.14492490887641907,predict_proba,9eb1905b0d2d4dff99236976201e564cbe25ee258ba901ad38107c5c6b5846f0,False,True
R0939,GG0011,CVB0011,REF0077,2,1,XGBoost,1ece5d830ab3e8d5a297a5d654d4d15166e82c716f155d9a1f3c2508225edd93,0.7460988759994507,predict_proba,9eb1905b0d2d4dff99236976201e564cbe25ee258ba901ad38107c5c6b5846f0,False,True
R0940,GG0011,CVB0011,REF0077,2,1,XGBoost,1ece5d830ab3e8d5a297a5d654d4d15166e82c716f155d9a1f3c2508225edd93,0.8450540900230408,predict_proba,9eb1905b0d2d4dff99236976201e564cbe25ee258ba901ad38107c5c6b5846f0,False,True
R0941,GG0011,CVB0011,REF0077,2,1,XGBoost,1ece5d830ab3e8d5a297a5d654d4d15166e82c716f155d9a1f3c2508225edd93,0.03665466234087944,predict_proba,9eb1905b0d2d4dff99236976201e564cbe25ee258ba901ad38107c5c6b5846f0,False,True
R0942,GG0011,CVB0011,REF0077,2,1,XGBoost,1ece5d830ab3e8d5a297a5d654d4d15166e82c716f155d9a1f3c2508225edd93,0.07714319974184036,predict_proba,9eb1905b0d2d4dff99236976201e564cbe25ee258ba901ad38107c5c6b5846f0,False,True
R0943,GG0011,CVB0011,REF0077,2,1,XGBoost,1ece5d830ab3e8d5a297a5d654d4d15166e82c716f155d9a1f3c2508225edd93,0.27583417296409607,predict_proba,9eb1905b0d2d4dff99236976201e564cbe25ee258ba901ad38107c5c6b5846f0,False,True
R1000,GG0022,CVB0019,REF0084,2,1,XGBoost,1ece5d830ab3e8d5a297a5d654d4d15166e82c716f155d9a1f3c2508225edd93,0.9813947677612305,predict_proba,9eb1905b0d2d4dff99236976201e564cbe25ee258ba901ad38107c5c6b5846f0,False,True
R1001,GG0022,CVB0019,REF0084,2,1,XGBoost,1ece5d830ab3e8d5a297a5d654d4d15166e82c716f155d9a1f3c2508225edd93,0.9799613356590271,predict_proba,9eb1905b0d2d4dff99236976201e564cbe25ee258ba901ad38107c5c6b5846f0,False,True
R1002,GG0022,CVB0019,REF0084,2,1,XGBoost,1ece5d830ab3e8d5a297a5d654d4d15166e82c716f155d9a1f3c2508225edd93,0.8833296298980713,predict_proba,9eb1905b0d2d4dff99236976201e564cbe25ee258ba901ad38107c5c6b5846f0,False,True
R1003,GG0022,CVB0019,REF0084,2,1,XGBoost,1ece5d830ab3e8d5a297a5d654d4d15166e82c716f155d9a1f3c2508225edd93,0.5351427793502808,predict_proba,9eb1905b0d2d4dff99236976201e564cbe25ee258ba901ad38107c5c6b5846f0,False,True
R1004,GG0022,CVB0019,REF0084,2,1,XGBoost,1ece5d830ab3e8d5a297a5d654d4d15166e82c716f155d9a1f3c2508225edd93,0.9838283061981201,predict_proba,9eb1905b0d2d4dff99236976201e564cbe25ee258ba901ad38107c5c6b5846f0,False,True
R1005,GG0022,CVB0019,REF0084,2,1,XGBoost,1ece5d830ab3e8d5a297a5d654d4d15166e82c716f155d9a1f3c2508225edd93,0.0022559629287570715,predict_proba,9eb1905b0d2d4dff99236976201e564cbe25ee258ba901ad38107c5c6b5846f0,False,True
R1411,GG0011,CVB0011,REF0110,2,1,XGBoost,1ece5d830ab3e8d5a297a5d654d4d15166e82c716f155d9a1f3c2508225edd93,0.005714491941034794,predict_proba,9eb1905b0d2d4dff99236976201e564cbe25ee258ba901ad38107c5c6b5846f0,False,True
R1412,GG0011,CVB0011,REF0110,2,1,XGBoost,1ece5d830ab3e8d5a297a5d654d4d15166e82c716f155d9a1f3c2508225edd93,0.007111375220119953,predict_proba,9eb1905b0d2d4dff99236976201e564cbe25ee258ba901ad38107c5c6b5846f0,False,True
R1413,GG0011,CVB0011,REF0110,2,1,XGBoost,1ece5d830ab3e8d5a297a5d654d4d15166e82c716f155d9a1f3c2508225edd93,0.0025660512037575245,predict_proba,9eb1905b0d2d4dff99236976201e564cbe25ee258ba901ad38107c5c6b5846f0,False,True
R1414,GG0011,CVB0011,REF0110,2,1,XGBoost,1ece5d830ab3e8d5a297a5d654d4d15166e82c716f155d9a1f3c2508225edd93,0.004636471159756184,predict_proba,9eb1905b0d2d4dff99236976201e564cbe25ee258ba901ad38107c5c6b5846f0,False,True
R1415,GG0011,CVB0011,REF0110,2,1,XGBoost,1ece5d830ab3e8d5a297a5d654d4d15166e82c716f155d9a1f3c2508225edd93,0.020555192604660988,predict_proba,9eb1905b0d2d4dff99236976201e564cbe25ee258ba901ad38107c5c6b5846f0,False,True
R1416,GG0011,CVB0011,REF0110,2,1,XGBoost,1ece5d830ab3e8d5a297a5d654d4d15166e82c716f155d9a1f3c2508225edd93,0.002978106029331684,predict_proba,9eb1905b0d2d4dff99236976201e564cbe25ee258ba901ad38107c5c6b5846f0,False,True
R1417,GG0011,CVB0011,REF0110,2,1,XGBoost,1ece5d830ab3e8d5a297a5d654d4d15166e82c716f155d9a1f3c2508225edd93,0.004020816646516323,predict_proba,9eb1905b0d2d4dff99236976201e564cbe25ee258ba901ad38107c5c6b5846f0,False,True
R1418,GG0011,CVB0011,REF0110,2,1,XGBoost,1ece5d830ab3e8d5a297a5d654d4d15166e82c716f155d9a1f3c2508225edd93,0.006224503740668297,predict_proba,9eb1905b0d2d4dff99236976201e564cbe25ee258ba901ad38107c5c6b5846f0,False,True
R1419,GG0011,CVB0011,REF0110,2,1,XGBoost,1ece5d830ab3e8d5a297a5d654d4d15166e82c716f155d9a1f3c2508225edd93,0.003411065088585019,predict_proba,9eb1905b0d2d4dff99236976201e564cbe25ee258ba901ad38107c5c6b5846f0,False,True
R1420,GG0011,CVB0011,REF0110,2,1,XGBoost,1ece5d830ab3e8d5a297a5d654d4d15166e82c716f155d9a1f3c2508225edd93,0.005398567300289869,predict_proba,9eb1905b0d2d4dff99236976201e564cbe25ee258ba901ad38107c5c6b5846f0,False,True
R1421,GG0011,CVB0011,REF0110,2,1,XGBoost,1ece5d830ab3e8d5a297a5d654d4d15166e82c716f155d9a1f3c2508225edd93,0.2600879669189453,predict_proba,9eb1905b0d2d4dff99236976201e564cbe25ee258ba901ad38107c5c6b5846f0,False,True
R1422,GG0011,CVB0011,REF0110,2,1,XGBoost,1ece5d830ab3e8d5a297a5d654d4d15166e82c716f155d9a1f3c2508225edd93,0.14507299661636353,predict_proba,9eb1905b0d2d4dff99236976201e564cbe25ee258ba901ad38107c5c6b5846f0,False,True
R1423,GG0011,CVB0011,REF0110,2,1,XGBoost,1ece5d830ab3e8d5a297a5d654d4d15166e82c716f155d9a1f3c2508225edd93,0.20031338930130005,predict_proba,9eb1905b0d2d4dff99236976201e564cbe25ee258ba901ad38107c5c6b5846f0,False,True
R1424,GG0011,CVB0011,REF0110,2,1,XGBoost,1ece5d830ab3e8d5a297a5d654d4d15166e82c716f155d9a1f3c2508225edd93,0.34830084443092346,predict_proba,9eb1905b0d2d4dff99236976201e564cbe25ee258ba901ad38107c5c6b5846f0,False,True
R1425,GG0011,CVB0011,REF0110,2,1,XGBoost,1ece5d830ab3e8d5a297a5d654d4d15166e82c716f155d9a1f3c2508225edd93,0.35977280139923096,predict_proba,9eb1905b0d2d4dff99236976201e564cbe25ee258ba901ad38107c5c6b5846f0,False,True
R1426,GG0011,CVB0011,REF0110,2,1,XGBoost,1ece5d830ab3e8d5a297a5d654d4d15166e82c716f155d9a1f3c2508225edd93,0.072808638215065,predict_proba,9eb1905b0d2d4dff99236976201e564cbe25ee258ba901ad38107c5c6b5846f0,False,True
R1427,GG0011,CVB0011,REF0110,2,1,XGBoost,1ece5d830ab3e8d5a297a5d654d4d15166e82c716f155d9a1f3c2508225edd93,0.45174047350883484,predict_proba,9eb1905b0d2d4dff99236976201e564cbe25ee258ba901ad38107c5c6b5846f0,False,True
R1428,GG0011,CVB0011,REF0110,2,1,XGBoost,1ece5d830ab3e8d5a297a5d654d4d15166e82c716f155d9a1f3c2508225edd93,0.08772814273834229,predict_proba,9eb1905b0d2d4dff99236976201e564cbe25ee258ba901ad38107c5c6b5846f0,False,True
R1429,GG0011,CVB0011,REF0110,2,1,XGBoost,1ece5d830ab3e8d5a297a5d654d4d15166e82c716f155d9a1f3c2508225edd93,0.01657528430223465,predict_proba,9eb1905b0d2d4dff99236976201e564cbe25ee258ba901ad38107c5c6b5846f0,False,True
R1430,GG0011,CVB0011,REF0110,2,1,XGBoost,1ece5d830ab3e8d5a297a5d654d4d15166e82c716f155d9a1f3c2508225edd93,0.014258491806685925,predict_proba,9eb1905b0d2d4dff99236976201e564cbe25ee258ba901ad38107c5c6b5846f0,False,True
R2142,GG0033,CVB0030,REF0155,2,1,XGBoost,1ece5d830ab3e8d5a297a5d654d4d15166e82c716f155d9a1f3c2508225edd93,0.48390212655067444,predict_proba,9eb1905b0d2d4dff99236976201e564cbe25ee258ba901ad38107c5c6b5846f0,False,True
R2143,GG0033,CVB0030,REF0155,2,1,XGBoost,1ece5d830ab3e8d5a297a5d654d4d15166e82c716f155d9a1f3c2508225edd93,0.1777544468641281,predict_proba,9eb1905b0d2d4dff99236976201e564cbe25ee258ba901ad38107c5c6b5846f0,False,True
R2144,GG0033,CVB0030,REF0155,2,1,XGBoost,1ece5d830ab3e8d5a297a5d654d4d15166e82c716f155d9a1f3c2508225edd93,0.00927205104380846,predict_proba,9eb1905b0d2d4dff99236976201e564cbe25ee258ba901ad38107c5c6b5846f0,False,True
R2145,GG0033,CVB0030,REF0155,2,1,XGBoost,1ece5d830ab3e8d5a297a5d654d4d15166e82c716f155d9a1f3c2508225edd93,0.17403392493724823,predict_proba,9eb1905b0d2d4dff99236976201e564cbe25ee258ba901ad38107c5c6b5846f0,False,True
R2146,GG0033,CVB0030,REF0155,2,1,XGBoost,1ece5d830ab3e8d5a297a5d654d4d15166e82c716f155d9a1f3c2508225edd93,0.47614336013793945,predict_proba,9eb1905b0d2d4dff99236976201e564cbe25ee258ba901ad38107c5c6b5846f0,False,True
R2147,GG0033,CVB0030,REF0155,2,1,XGBoost,1ece5d830ab3e8d5a297a5d654d4d15166e82c716f155d9a1f3c2508225edd93,0.09103260934352875,predict_proba,9eb1905b0d2d4dff99236976201e564cbe25ee258ba901ad38107c5c6b5846f0,False,True
R2783,GG0017,CVB0007,REF0200,2,1,XGBoost,1ece5d830ab3e8d5a297a5d654d4d15166e82c716f155d9a1f3c2508225edd93,0.03982127085328102,predict_proba,9eb1905b0d2d4dff99236976201e564cbe25ee258ba901ad38107c5c6b5846f0,True,True
R2785,GG0017,CVB0007,REF0200,2,1,XGBoost,1ece5d830ab3e8d5a297a5d654d4d15166e82c716f155d9a1f3c2508225edd93,0.023407481610774994,predict_proba,9eb1905b0d2d4dff99236976201e564cbe25ee258ba901ad38107c5c6b5846f0,True,True
R2786,GG0017,CVB0007,REF0200,2,1,XGBoost,1ece5d830ab3e8d5a297a5d654d4d15166e82c716f155d9a1f3c2508225edd93,0.04684941843152046,predict_proba,9eb1905b0d2d4dff99236976201e564cbe25ee258ba901ad38107c5c6b5846f0,True,True
R2787,GG0017,CVB0007,REF0200,2,1,XGBoost,1ece5d830ab3e8d5a297a5d654d4d15166e82c716f155d9a1f3c2508225edd93,0.02034100331366062,predict_proba,9eb1905b0d2d4dff99236976201e564cbe25ee258ba901ad38107c5c6b5846f0,True,True
R2788,GG0017,CVB0007,REF0200,2,1,XGBoost,1ece5d830ab3e8d5a297a5d654d4d15166e82c716f155d9a1f3c2508225edd93,0.027139320969581604,predict_proba,9eb1905b0d2d4dff99236976201e564cbe25ee258ba901ad38107c5c6b5846f0,True,True
R2789,GG0017,CVB0007,REF0200,2,1,XGBoost,1ece5d830ab3e8d5a297a5d654d4d15166e82c716f155d9a1f3c2508225edd93,0.12253441661596298,predict_proba,9eb1905b0d2d4dff99236976201e564cbe25ee258ba901ad38107c5c6b5846f0,True,True
R2791,GG0017,CVB0007,REF0200,2,1,XGBoost,1ece5d830ab3e8d5a297a5d654d4d15166e82c716f155d9a1f3c2508225edd93,0.36290600895881653,predict_proba,9eb1905b0d2d4dff99236976201e564cbe25ee258ba901ad38107c5c6b5846f0,True,True
R2795,GG0017,CVB0007,REF0200,2,1,XGBoost,1ece5d830ab3e8d5a297a5d654d4d15166e82c716f155d9a1f3c2508225edd93,0.1660008281469345,predict_proba,9eb1905b0d2d4dff99236976201e564cbe25ee258ba901ad38107c5c6b5846f0,True,True
R2797,GG0017,CVB0007,REF0200,2,1,XGBoost,1ece5d830ab3e8d5a297a5d654d4d15166e82c716f155d9a1f3c2508225edd93,0.007982585579156876,predict_proba,9eb1905b0d2d4dff99236976201e564cbe25ee258ba901ad38107c5c6b5846f0,True,True
R2842,GG0021,CVB0010,REF0206,2,1,XGBoost,1ece5d830ab3e8d5a297a5d654d4d15166e82c716f155d9a1f3c2508225edd93,0.022365344688296318,predict_proba,9eb1905b0d2d4dff99236976201e564cbe25ee258ba901ad38107c5c6b5846f0,False,True
R2843,GG0021,CVB0010,REF0206,2,1,XGBoost,1ece5d830ab3e8d5a297a5d654d4d15166e82c716f155d9a1f3c2508225edd93,0.16811631619930267,predict_proba,9eb1905b0d2d4dff99236976201e564cbe25ee258ba901ad38107c5c6b5846f0,False,True
R2844,GG0021,CVB0010,REF0206,2,1,XGBoost,1ece5d830ab3e8d5a297a5d654d4d15166e82c716f155d9a1f3c2508225edd93,0.07120063155889511,predict_proba,9eb1905b0d2d4dff99236976201e564cbe25ee258ba901ad38107c5c6b5846f0,False,True
R2845,GG0021,CVB0010,REF0206,2,1,XGBoost,1ece5d830ab3e8d5a297a5d654d4d15166e82c716f155d9a1f3c2508225edd93,0.3773590624332428,predict_proba,9eb1905b0d2d4dff99236976201e564cbe25ee258ba901ad38107c5c6b5846f0,False,True
R2846,GG0021,CVB0010,REF0206,2,1,XGBoost,1ece5d830ab3e8d5a297a5d654d4d15166e82c716f155d9a1f3c2508225edd93,0.3127996325492859,predict_proba,9eb1905b0d2d4dff99236976201e564cbe25ee258ba901ad38107c5c6b5846f0,False,True
R2847,GG0021,CVB0010,REF0206,2,1,XGBoost,1ece5d830ab3e8d5a297a5d654d4d15166e82c716f155d9a1f3c2508225edd93,0.5406663417816162,predict_proba,9eb1905b0d2d4dff99236976201e564cbe25ee258ba901ad38107c5c6b5846f0,False,True
R2848,GG0021,CVB0010,REF0206,2,1,XGBoost,1ece5d830ab3e8d5a297a5d654d4d15166e82c716f155d9a1f3c2508225edd93,0.27834588289260864,predict_proba,9eb1905b0d2d4dff99236976201e564cbe25ee258ba901ad38107c5c6b5846f0,False,True
R2849,GG0021,CVB0010,REF0206,2,1,XGBoost,1ece5d830ab3e8d5a297a5d654d4d15166e82c716f155d9a1f3c2508225edd93,0.9536914229393005,predict_proba,9eb1905b0d2d4dff99236976201e564cbe25ee258ba901ad38107c5c6b5846f0,False,True
R2858,GG0021,CVB0010,REF0208,2,1,XGBoost,1ece5d830ab3e8d5a297a5d654d4d15166e82c716f155d9a1f3c2508225edd93,0.8146800398826599,predict_proba,9eb1905b0d2d4dff99236976201e564cbe25ee258ba901ad38107c5c6b5846f0,False,True
R2859,GG0021,CVB0010,REF0208,2,1,XGBoost,1ece5d830ab3e8d5a297a5d654d4d15166e82c716f155d9a1f3c2508225edd93,0.9460388422012329,predict_proba,9eb1905b0d2d4dff99236976201e564cbe25ee258ba901ad38107c5c6b5846f0,False,True
R2860,GG0021,CVB0010,REF0208,2,1,XGBoost,1ece5d830ab3e8d5a297a5d654d4d15166e82c716f155d9a1f3c2508225edd93,0.9670006632804871,predict_proba,9eb1905b0d2d4dff99236976201e564cbe25ee258ba901ad38107c5c6b5846f0,False,True
R2861,GG0021,CVB0010,REF0208,2,1,XGBoost,1ece5d830ab3e8d5a297a5d654d4d15166e82c716f155d9a1f3c2508225edd93,0.9465340375900269,predict_proba,9eb1905b0d2d4dff99236976201e564cbe25ee258ba901ad38107c5c6b5846f0,False,True
R2862,GG0021,CVB0010,REF0208,2,1,XGBoost,1ece5d830ab3e8d5a297a5d654d4d15166e82c716f155d9a1f3c2508225edd93,0.9580867290496826,predict_proba,9eb1905b0d2d4dff99236976201e564cbe25ee258ba901ad38107c5c6b5846f0,False,True
R2863,GG0021,CVB0010,REF0208,2,1,XGBoost,1ece5d830ab3e8d5a297a5d654d4d15166e82c716f155d9a1f3c2508225edd93,0.9800679087638855,predict_proba,9eb1905b0d2d4dff99236976201e564cbe25ee258ba901ad38107c5c6b5846f0,False,True
R2864,GG0021,CVB0010,REF0208,2,1,XGBoost,1ece5d830ab3e8d5a297a5d654d4d15166e82c716f155d9a1f3c2508225edd93,0.4832668602466583,predict_proba,9eb1905b0d2d4dff99236976201e564cbe25ee258ba901ad38107c5c6b5846f0,False,True
R2869,GG0021,CVB0010,REF0209,2,1,XGBoost,1ece5d830ab3e8d5a297a5d654d4d15166e82c716f155d9a1f3c2508225edd93,0.45357027649879456,predict_proba,9eb1905b0d2d4dff99236976201e564cbe25ee258ba901ad38107c5c6b5846f0,False,True
R2870,GG0021,CVB0010,REF0209,2,1,XGBoost,1ece5d830ab3e8d5a297a5d654d4d15166e82c716f155d9a1f3c2508225edd93,0.9894975423812866,predict_proba,9eb1905b0d2d4dff99236976201e564cbe25ee258ba901ad38107c5c6b5846f0,False,True
R2871,GG0021,CVB0010,REF0209,2,1,XGBoost,1ece5d830ab3e8d5a297a5d654d4d15166e82c716f155d9a1f3c2508225edd93,0.9707889556884766,predict_proba,9eb1905b0d2d4dff99236976201e564cbe25ee258ba901ad38107c5c6b5846f0,False,True
R2872,GG0021,CVB0010,REF0209,2,1,XGBoost,1ece5d830ab3e8d5a297a5d654d4d15166e82c716f155d9a1f3c2508225edd93,0.8449997305870056,predict_proba,9eb1905b0d2d4dff99236976201e564cbe25ee258ba901ad38107c5c6b5846f0,False,True
R2875,GG0021,CVB0010,REF0209,2,1,XGBoost,1ece5d830ab3e8d5a297a5d654d4d15166e82c716f155d9a1f3c2508225edd93,0.8784513473510742,predict_proba,9eb1905b0d2d4dff99236976201e564cbe25ee258ba901ad38107c5c6b5846f0,False,True
R0015,GG0021,CVB0010,REF0003,2,2,XGBoost,9c6ef1372de324832af1a3a11298ab0f70c60e7c6607f338577a7e844b51225e,0.677601158618927,predict_proba,9eb1905b0d2d4dff99236976201e564cbe25ee258ba901ad38107c5c6b5846f0,True,True
R0016,GG0021,CVB0010,REF0003,2,2,XGBoost,9c6ef1372de324832af1a3a11298ab0f70c60e7c6607f338577a7e844b51225e,0.8840721845626831,predict_proba,9eb1905b0d2d4dff99236976201e564cbe25ee258ba901ad38107c5c6b5846f0,True,True
R0017,GG0021,CVB0010,REF0003,2,2,XGBoost,9c6ef1372de324832af1a3a11298ab0f70c60e7c6607f338577a7e844b51225e,0.7450939416885376,predict_proba,9eb1905b0d2d4dff99236976201e564cbe25ee258ba901ad38107c5c6b5846f0,True,True
R0018,GG0021,CVB0010,REF0003,2,2,XGBoost,9c6ef1372de324832af1a3a11298ab0f70c60e7c6607f338577a7e844b51225e,0.7807043194770813,predict_proba,9eb1905b0d2d4dff99236976201e564cbe25ee258ba901ad38107c5c6b5846f0,True,True
R0019,GG0021,CVB0010,REF0003,2,2,XGBoost,9c6ef1372de324832af1a3a11298ab0f70c60e7c6607f338577a7e844b51225e,0.7964563369750977,predict_proba,9eb1905b0d2d4dff99236976201e564cbe25ee258ba901ad38107c5c6b5846f0,True,True
R0020,GG0021,CVB0010,REF0003,2,2,XGBoost,9c6ef1372de324832af1a3a11298ab0f70c60e7c6607f338577a7e844b51225e,0.9255900979042053,predict_proba,9eb1905b0d2d4dff99236976201e564cbe25ee258ba901ad38107c5c6b5846f0,True,True
R0021,GG0021,CVB0010,REF0003,2,2,XGBoost,9c6ef1372de324832af1a3a11298ab0f70c60e7c6607f338577a7e844b51225e,0.8650987148284912,predict_proba,9eb1905b0d2d4dff99236976201e564cbe25ee258ba901ad38107c5c6b5846f0,True,True
R0022,GG0021,CVB0010,REF0003,2,2,XGBoost,9c6ef1372de324832af1a3a11298ab0f70c60e7c6607f338577a7e844b51225e,0.7939342856407166,predict_proba,9eb1905b0d2d4dff99236976201e564cbe25ee258ba901ad38107c5c6b5846f0,True,True
R0023,GG0021,CVB0010,REF0003,2,2,XGBoost,9c6ef1372de324832af1a3a11298ab0f70c60e7c6607f338577a7e844b51225e,0.9812365770339966,predict_proba,9eb1905b0d2d4dff99236976201e564cbe25ee258ba901ad38107c5c6b5846f0,True,True
R0024,GG0021,CVB0010,REF0003,2,2,XGBoost,9c6ef1372de324832af1a3a11298ab0f70c60e7c6607f338577a7e844b51225e,0.9154890775680542,predict_proba,9eb1905b0d2d4dff99236976201e564cbe25ee258ba901ad38107c5c6b5846f0,True,True
R0025,GG0021,CVB0010,REF0003,2,2,XGBoost,9c6ef1372de324832af1a3a11298ab0f70c60e7c6607f338577a7e844b51225e,0.8386716842651367,predict_proba,9eb1905b0d2d4dff99236976201e564cbe25ee258ba901ad38107c5c6b5846f0,True,True
R0026,GG0021,CVB0010,REF0003,2,2,XGBoost,9c6ef1372de324832af1a3a11298ab0f70c60e7c6607f338577a7e844b51225e,0.7768853902816772,predict_proba,9eb1905b0d2d4dff99236976201e564cbe25ee258ba901ad38107c5c6b5846f0,True,True
R0027,GG0021,CVB0010,REF0003,2,2,XGBoost,9c6ef1372de324832af1a3a11298ab0f70c60e7c6607f338577a7e844b51225e,0.9691522717475891,predict_proba,9eb1905b0d2d4dff99236976201e564cbe25ee258ba901ad38107c5c6b5846f0,True,True
R0028,GG0021,CVB0010,REF0003,2,2,XGBoost,9c6ef1372de324832af1a3a11298ab0f70c60e7c6607f338577a7e844b51225e,0.8238523006439209,predict_proba,9eb1905b0d2d4dff99236976201e564cbe25ee258ba901ad38107c5c6b5846f0,True,True
R0029,GG0021,CVB0010,REF0004,2,2,XGBoost,9c6ef1372de324832af1a3a11298ab0f70c60e7c6607f338577a7e844b51225e,0.9923033714294434,predict_proba,9eb1905b0d2d4dff99236976201e564cbe25ee258ba901ad38107c5c6b5846f0,True,True
R0030,GG0021,CVB0010,REF0004,2,2,XGBoost,9c6ef1372de324832af1a3a11298ab0f70c60e7c6607f338577a7e844b51225e,0.949427604675293,predict_proba,9eb1905b0d2d4dff99236976201e564cbe25ee258ba901ad38107c5c6b5846f0,True,True
R0031,GG0021,CVB0010,REF0004,2,2,XGBoost,9c6ef1372de324832af1a3a11298ab0f70c60e7c6607f338577a7e844b51225e,0.6048238277435303,predict_proba,9eb1905b0d2d4dff99236976201e564cbe25ee258ba901ad38107c5c6b5846f0,True,True
R0032,GG0021,CVB0010,REF0004,2,2,XGBoost,9c6ef1372de324832af1a3a11298ab0f70c60e7c6607f338577a7e844b51225e,0.6030014157295227,predict_proba,9eb1905b0d2d4dff99236976201e564cbe25ee258ba901ad38107c5c6b5846f0,True,True
R0033,GG0021,CVB0010,REF0004,2,2,XGBoost,9c6ef1372de324832af1a3a11298ab0f70c60e7c6607f338577a7e844b51225e,0.3524059057235718,predict_proba,9eb1905b0d2d4dff99236976201e564cbe25ee258ba901ad38107c5c6b5846f0,True,True
R0034,GG0021,CVB0010,REF0004,2,2,XGBoost,9c6ef1372de324832af1a3a11298ab0f70c60e7c6607f338577a7e844b51225e,0.9271876811981201,predict_proba,9eb1905b0d2d4dff99236976201e564cbe25ee258ba901ad38107c5c6b5846f0,True,True
R0035,GG0021,CVB0010,REF0004,2,2,XGBoost,9c6ef1372de324832af1a3a11298ab0f70c60e7c6607f338577a7e844b51225e,0.9244433641433716,predict_proba,9eb1905b0d2d4dff99236976201e564cbe25ee258ba901ad38107c5c6b5846f0,True,True
R0036,GG0021,CVB0010,REF0004,2,2,XGBoost,9c6ef1372de324832af1a3a11298ab0f70c60e7c6607f338577a7e844b51225e,0.9680946469306946,predict_proba,9eb1905b0d2d4dff99236976201e564cbe25ee258ba901ad38107c5c6b5846f0,True,True
R0037,GG0022,CVB0019,REF0005,2,2,XGBoost,9c6ef1372de324832af1a3a11298ab0f70c60e7c6607f338577a7e844b51225e,0.30389177799224854,predict_proba,9eb1905b0d2d4dff99236976201e564cbe25ee258ba901ad38107c5c6b5846f0,False,True
R0038,GG0022,CVB0019,REF0005,2,2,XGBoost,9c6ef1372de324832af1a3a11298ab0f70c60e7c6607f338577a7e844b51225e,0.6280410885810852,predict_proba,9eb1905b0d2d4dff99236976201e564cbe25ee258ba901ad38107c5c6b5846f0,False,True
R0039,GG0022,CVB0019,REF0005,2,2,XGBoost,9c6ef1372de324832af1a3a11298ab0f70c60e7c6607f338577a7e844b51225e,0.037470318377017975,predict_proba,9eb1905b0d2d4dff99236976201e564cbe25ee258ba901ad38107c5c6b5846f0,False,True
R0040,GG0022,CVB0019,REF0005,2,2,XGBoost,9c6ef1372de324832af1a3a11298ab0f70c60e7c6607f338577a7e844b51225e,0.4000399708747864,predict_proba,9eb1905b0d2d4dff99236976201e564cbe25ee258ba901ad38107c5c6b5846f0,False,True
R0041,GG0022,CVB0019,REF0005,2,2,XGBoost,9c6ef1372de324832af1a3a11298ab0f70c60e7c6607f338577a7e844b51225e,0.04770902171730995,predict_proba,9eb1905b0d2d4dff99236976201e564cbe25ee258ba901ad38107c5c6b5846f0,False,True
R0042,GG0022,CVB0019,REF0005,2,2,XGBoost,9c6ef1372de324832af1a3a11298ab0f70c60e7c6607f338577a7e844b51225e,0.7573651075363159,predict_proba,9eb1905b0d2d4dff99236976201e564cbe25ee258ba901ad38107c5c6b5846f0,False,True
R0043,GG0022,CVB0019,REF0005,2,2,XGBoost,9c6ef1372de324832af1a3a11298ab0f70c60e7c6607f338577a7e844b51225e,0.2648352086544037,predict_proba,9eb1905b0d2d4dff99236976201e564cbe25ee258ba901ad38107c5c6b5846f0,False,True
R0044,GG0022,CVB0019,REF0005,2,2,XGBoost,9c6ef1372de324832af1a3a11298ab0f70c60e7c6607f338577a7e844b51225e,0.6078542470932007,predict_proba,9eb1905b0d2d4dff99236976201e564cbe25ee258ba901ad38107c5c6b5846f0,False,True
R0045,GG0022,CVB0019,REF0005,2,2,XGBoost,9c6ef1372de324832af1a3a11298ab0f70c60e7c6607f338577a7e844b51225e,0.9446613788604736,predict_proba,9eb1905b0d2d4dff99236976201e564cbe25ee258ba901ad38107c5c6b5846f0,False,True
R0046,GG0022,CVB0019,REF0005,2,2,XGBoost,9c6ef1372de324832af1a3a11298ab0f70c60e7c6607f338577a7e844b51225e,0.5776987671852112,predict_proba,9eb1905b0d2d4dff99236976201e564cbe25ee258ba901ad38107c5c6b5846f0,False,True
R0047,GG0022,CVB0019,REF0005,2,2,XGBoost,9c6ef1372de324832af1a3a11298ab0f70c60e7c6607f338577a7e844b51225e,0.7155447006225586,predict_proba,9eb1905b0d2d4dff99236976201e564cbe25ee258ba901ad38107c5c6b5846f0,False,True
R0048,GG0022,CVB0019,REF0005,2,2,XGBoost,9c6ef1372de324832af1a3a11298ab0f70c60e7c6607f338577a7e844b51225e,0.8984267711639404,predict_proba,9eb1905b0d2d4dff99236976201e564cbe25ee258ba901ad38107c5c6b5846f0,False,True
R0060,GG0021,CVB0010,REF0008,2,2,XGBoost,9c6ef1372de324832af1a3a11298ab0f70c60e7c6607f338577a7e844b51225e,0.010909255594015121,predict_proba,9eb1905b0d2d4dff99236976201e564cbe25ee258ba901ad38107c5c6b5846f0,True,True
R0061,GG0021,CVB0010,REF0008,2,2,XGBoost,9c6ef1372de324832af1a3a11298ab0f70c60e7c6607f338577a7e844b51225e,0.8587931990623474,predict_proba,9eb1905b0d2d4dff99236976201e564cbe25ee258ba901ad38107c5c6b5846f0,True,True
R0062,GG0021,CVB0010,REF0008,2,2,XGBoost,9c6ef1372de324832af1a3a11298ab0f70c60e7c6607f338577a7e844b51225e,0.5056620836257935,predict_proba,9eb1905b0d2d4dff99236976201e564cbe25ee258ba901ad38107c5c6b5846f0,True,True
R0063,GG0021,CVB0010,REF0008,2,2,XGBoost,9c6ef1372de324832af1a3a11298ab0f70c60e7c6607f338577a7e844b51225e,0.43132930994033813,predict_proba,9eb1905b0d2d4dff99236976201e564cbe25ee258ba901ad38107c5c6b5846f0,True,True
R0064,GG0021,CVB0010,REF0008,2,2,XGBoost,9c6ef1372de324832af1a3a11298ab0f70c60e7c6607f338577a7e844b51225e,0.950019359588623,predict_proba,9eb1905b0d2d4dff99236976201e564cbe25ee258ba901ad38107c5c6b5846f0,True,True
R0065,GG0021,CVB0010,REF0008,2,2,XGBoost,9c6ef1372de324832af1a3a11298ab0f70c60e7c6607f338577a7e844b51225e,0.8031015992164612,predict_proba,9eb1905b0d2d4dff99236976201e564cbe25ee258ba901ad38107c5c6b5846f0,True,True
R0066,GG0021,CVB0010,REF0008,2,2,XGBoost,9c6ef1372de324832af1a3a11298ab0f70c60e7c6607f338577a7e844b51225e,0.259797066450119,predict_proba,9eb1905b0d2d4dff99236976201e564cbe25ee258ba901ad38107c5c6b5846f0,True,True
R0067,GG0021,CVB0010,REF0008,2,2,XGBoost,9c6ef1372de324832af1a3a11298ab0f70c60e7c6607f338577a7e844b51225e,0.13188320398330688,predict_proba,9eb1905b0d2d4dff99236976201e564cbe25ee258ba901ad38107c5c6b5846f0,True,True
R0068,GG0021,CVB0010,REF0008,2,2,XGBoost,9c6ef1372de324832af1a3a11298ab0f70c60e7c6607f338577a7e844b51225e,0.8795992732048035,predict_proba,9eb1905b0d2d4dff99236976201e564cbe25ee258ba901ad38107c5c6b5846f0,True,True
R0069,GG0021,CVB0010,REF0008,2,2,XGBoost,9c6ef1372de324832af1a3a11298ab0f70c60e7c6607f338577a7e844b51225e,0.1876315325498581,predict_proba,9eb1905b0d2d4dff99236976201e564cbe25ee258ba901ad38107c5c6b5846f0,True,True
R0070,GG0021,CVB0010,REF0008,2,2,XGBoost,9c6ef1372de324832af1a3a11298ab0f70c60e7c6607f338577a7e844b51225e,0.5274426937103271,predict_proba,9eb1905b0d2d4dff99236976201e564cbe25ee258ba901ad38107c5c6b5846f0,True,True
R0071,GG0021,CVB0010,REF0008,2,2,XGBoost,9c6ef1372de324832af1a3a11298ab0f70c60e7c6607f338577a7e844b51225e,0.8216413855552673,predict_proba,9eb1905b0d2d4dff99236976201e564cbe25ee258ba901ad38107c5c6b5846f0,True,True
R0072,GG0021,CVB0010,REF0008,2,2,XGBoost,9c6ef1372de324832af1a3a11298ab0f70c60e7c6607f338577a7e844b51225e,0.9528552293777466,predict_proba,9eb1905b0d2d4dff99236976201e564cbe25ee258ba901ad38107c5c6b5846f0,True,True
R0073,GG0021,CVB0010,REF0008,2,2,XGBoost,9c6ef1372de324832af1a3a11298ab0f70c60e7c6607f338577a7e844b51225e,0.8347039818763733,predict_proba,9eb1905b0d2d4dff99236976201e564cbe25ee258ba901ad38107c5c6b5846f0,True,True
R0074,GG0021,CVB0010,REF0008,2,2,XGBoost,9c6ef1372de324832af1a3a11298ab0f70c60e7c6607f338577a7e844b51225e,0.8964904546737671,predict_proba,9eb1905b0d2d4dff99236976201e564cbe25ee258ba901ad38107c5c6b5846f0,True,True
R0075,GG0021,CVB0010,REF0008,2,2,XGBoost,9c6ef1372de324832af1a3a11298ab0f70c60e7c6607f338577a7e844b51225e,0.9410580992698669,predict_proba,9eb1905b0d2d4dff99236976201e564cbe25ee258ba901ad38107c5c6b5846f0,True,True
R0076,GG0021,CVB0010,REF0008,2,2,XGBoost,9c6ef1372de324832af1a3a11298ab0f70c60e7c6607f338577a7e844b51225e,0.9802523851394653,predict_proba,9eb1905b0d2d4dff99236976201e564cbe25ee258ba901ad38107c5c6b5846f0,True,True
R0077,GG0021,CVB0010,REF0008,2,2,XGBoost,9c6ef1372de324832af1a3a11298ab0f70c60e7c6607f338577a7e844b51225e,0.9970292448997498,predict_proba,9eb1905b0d2d4dff99236976201e564cbe25ee258ba901ad38107c5c6b5846f0,True,True
R0078,GG0021,CVB0010,REF0008,2,2,XGBoost,9c6ef1372de324832af1a3a11298ab0f70c60e7c6607f338577a7e844b51225e,0.9891034364700317,predict_proba,9eb1905b0d2d4dff99236976201e564cbe25ee258ba901ad38107c5c6b5846f0,True,True
R0079,GG0021,CVB0010,REF0008,2,2,XGBoost,9c6ef1372de324832af1a3a11298ab0f70c60e7c6607f338577a7e844b51225e,0.9868590831756592,predict_proba,9eb1905b0d2d4dff99236976201e564cbe25ee258ba901ad38107c5c6b5846f0,True,True
R0080,GG0021,CVB0010,REF0008,2,2,XGBoost,9c6ef1372de324832af1a3a11298ab0f70c60e7c6607f338577a7e844b51225e,0.9688088893890381,predict_proba,9eb1905b0d2d4dff99236976201e564cbe25ee258ba901ad38107c5c6b5846f0,True,True
R0123,GG0017,CVB0007,REF0013,2,2,XGBoost,9c6ef1372de324832af1a3a11298ab0f70c60e7c6607f338577a7e844b51225e,0.011944941245019436,predict_proba,9eb1905b0d2d4dff99236976201e564cbe25ee258ba901ad38107c5c6b5846f0,True,True
R0124,GG0017,CVB0007,REF0013,2,2,XGBoost,9c6ef1372de324832af1a3a11298ab0f70c60e7c6607f338577a7e844b51225e,0.3414752781391144,predict_proba,9eb1905b0d2d4dff99236976201e564cbe25ee258ba901ad38107c5c6b5846f0,True,True
R0125,GG0017,CVB0007,REF0013,2,2,XGBoost,9c6ef1372de324832af1a3a11298ab0f70c60e7c6607f338577a7e844b51225e,0.009016606025397778,predict_proba,9eb1905b0d2d4dff99236976201e564cbe25ee258ba901ad38107c5c6b5846f0,True,True
R0126,GG0017,CVB0007,REF0013,2,2,XGBoost,9c6ef1372de324832af1a3a11298ab0f70c60e7c6607f338577a7e844b51225e,0.020553238689899445,predict_proba,9eb1905b0d2d4dff99236976201e564cbe25ee258ba901ad38107c5c6b5846f0,True,True
R0127,GG0017,CVB0007,REF0013,2,2,XGBoost,9c6ef1372de324832af1a3a11298ab0f70c60e7c6607f338577a7e844b51225e,0.020627105608582497,predict_proba,9eb1905b0d2d4dff99236976201e564cbe25ee258ba901ad38107c5c6b5846f0,True,True
R0128,GG0017,CVB0007,REF0013,2,2,XGBoost,9c6ef1372de324832af1a3a11298ab0f70c60e7c6607f338577a7e844b51225e,0.024970363825559616,predict_proba,9eb1905b0d2d4dff99236976201e564cbe25ee258ba901ad38107c5c6b5846f0,True,True
R0199,GG0033,CVB0030,REF0021,2,2,XGBoost,9c6ef1372de324832af1a3a11298ab0f70c60e7c6607f338577a7e844b51225e,0.010072831064462662,predict_proba,9eb1905b0d2d4dff99236976201e564cbe25ee258ba901ad38107c5c6b5846f0,False,True
R0200,GG0033,CVB0030,REF0021,2,2,XGBoost,9c6ef1372de324832af1a3a11298ab0f70c60e7c6607f338577a7e844b51225e,0.132357656955719,predict_proba,9eb1905b0d2d4dff99236976201e564cbe25ee258ba901ad38107c5c6b5846f0,False,True
R0201,GG0033,CVB0030,REF0021,2,2,XGBoost,9c6ef1372de324832af1a3a11298ab0f70c60e7c6607f338577a7e844b51225e,0.10868051648139954,predict_proba,9eb1905b0d2d4dff99236976201e564cbe25ee258ba901ad38107c5c6b5846f0,False,True
R0202,GG0033,CVB0030,REF0021,2,2,XGBoost,9c6ef1372de324832af1a3a11298ab0f70c60e7c6607f338577a7e844b51225e,0.03765077888965607,predict_proba,9eb1905b0d2d4dff99236976201e564cbe25ee258ba901ad38107c5c6b5846f0,False,True
R0203,GG0033,CVB0030,REF0021,2,2,XGBoost,9c6ef1372de324832af1a3a11298ab0f70c60e7c6607f338577a7e844b51225e,0.13506288826465607,predict_proba,9eb1905b0d2d4dff99236976201e564cbe25ee258ba901ad38107c5c6b5846f0,False,True
R0204,GG0033,CVB0030,REF0021,2,2,XGBoost,9c6ef1372de324832af1a3a11298ab0f70c60e7c6607f338577a7e844b51225e,0.06548986583948135,predict_proba,9eb1905b0d2d4dff99236976201e564cbe25ee258ba901ad38107c5c6b5846f0,False,True
R0205,GG0033,CVB0030,REF0021,2,2,XGBoost,9c6ef1372de324832af1a3a11298ab0f70c60e7c6607f338577a7e844b51225e,0.38936647772789,predict_proba,9eb1905b0d2d4dff99236976201e564cbe25ee258ba901ad38107c5c6b5846f0,False,True
R0206,GG0033,CVB0030,REF0021,2,2,XGBoost,9c6ef1372de324832af1a3a11298ab0f70c60e7c6607f338577a7e844b51225e,0.7206390500068665,predict_proba,9eb1905b0d2d4dff99236976201e564cbe25ee258ba901ad38107c5c6b5846f0,False,True
R0207,GG0033,CVB0030,REF0021,2,2,XGBoost,9c6ef1372de324832af1a3a11298ab0f70c60e7c6607f338577a7e844b51225e,0.0029409327544271946,predict_proba,9eb1905b0d2d4dff99236976201e564cbe25ee258ba901ad38107c5c6b5846f0,False,True
R0208,GG0033,CVB0030,REF0021,2,2,XGBoost,9c6ef1372de324832af1a3a11298ab0f70c60e7c6607f338577a7e844b51225e,0.0020143536385148764,predict_proba,9eb1905b0d2d4dff99236976201e564cbe25ee258ba901ad38107c5c6b5846f0,False,True
R0209,GG0033,CVB0030,REF0021,2,2,XGBoost,9c6ef1372de324832af1a3a11298ab0f70c60e7c6607f338577a7e844b51225e,0.001952089020051062,predict_proba,9eb1905b0d2d4dff99236976201e564cbe25ee258ba901ad38107c5c6b5846f0,False,True
R0210,GG0033,CVB0030,REF0021,2,2,XGBoost,9c6ef1372de324832af1a3a11298ab0f70c60e7c6607f338577a7e844b51225e,0.04087332636117935,predict_proba,9eb1905b0d2d4dff99236976201e564cbe25ee258ba901ad38107c5c6b5846f0,False,True
R0211,GG0033,CVB0030,REF0021,2,2,XGBoost,9c6ef1372de324832af1a3a11298ab0f70c60e7c6607f338577a7e844b51225e,0.027417797595262527,predict_proba,9eb1905b0d2d4dff99236976201e564cbe25ee258ba901ad38107c5c6b5846f0,False,True
R0212,GG0033,CVB0030,REF0021,2,2,XGBoost,9c6ef1372de324832af1a3a11298ab0f70c60e7c6607f338577a7e844b51225e,0.02246534451842308,predict_proba,9eb1905b0d2d4dff99236976201e564cbe25ee258ba901ad38107c5c6b5846f0,False,True
R0213,GG0033,CVB0030,REF0022,2,2,XGBoost,9c6ef1372de324832af1a3a11298ab0f70c60e7c6607f338577a7e844b51225e,0.1318138986825943,predict_proba,9eb1905b0d2d4dff99236976201e564cbe25ee258ba901ad38107c5c6b5846f0,False,True
R0214,GG0033,CVB0030,REF0022,2,2,XGBoost,9c6ef1372de324832af1a3a11298ab0f70c60e7c6607f338577a7e844b51225e,0.2999383509159088,predict_proba,9eb1905b0d2d4dff99236976201e564cbe25ee258ba901ad38107c5c6b5846f0,False,True
R0215,GG0033,CVB0030,REF0022,2,2,XGBoost,9c6ef1372de324832af1a3a11298ab0f70c60e7c6607f338577a7e844b51225e,0.005403921008110046,predict_proba,9eb1905b0d2d4dff99236976201e564cbe25ee258ba901ad38107c5c6b5846f0,False,True
R0360,GG0021,CVB0010,REF0036,2,2,XGBoost,9c6ef1372de324832af1a3a11298ab0f70c60e7c6607f338577a7e844b51225e,0.519193708896637,predict_proba,9eb1905b0d2d4dff99236976201e564cbe25ee258ba901ad38107c5c6b5846f0,True,True
R0361,GG0021,CVB0010,REF0036,2,2,XGBoost,9c6ef1372de324832af1a3a11298ab0f70c60e7c6607f338577a7e844b51225e,0.03977004811167717,predict_proba,9eb1905b0d2d4dff99236976201e564cbe25ee258ba901ad38107c5c6b5846f0,True,True
R0362,GG0021,CVB0010,REF0036,2,2,XGBoost,9c6ef1372de324832af1a3a11298ab0f70c60e7c6607f338577a7e844b51225e,0.041021108627319336,predict_proba,9eb1905b0d2d4dff99236976201e564cbe25ee258ba901ad38107c5c6b5846f0,True,True
R0363,GG0021,CVB0010,REF0036,2,2,XGBoost,9c6ef1372de324832af1a3a11298ab0f70c60e7c6607f338577a7e844b51225e,0.5339928269386292,predict_proba,9eb1905b0d2d4dff99236976201e564cbe25ee258ba901ad38107c5c6b5846f0,True,True
R0364,GG0021,CVB0010,REF0036,2,2,XGBoost,9c6ef1372de324832af1a3a11298ab0f70c60e7c6607f338577a7e844b51225e,0.5914567708969116,predict_proba,9eb1905b0d2d4dff99236976201e564cbe25ee258ba901ad38107c5c6b5846f0,True,True
R0365,GG0021,CVB0010,REF0036,2,2,XGBoost,9c6ef1372de324832af1a3a11298ab0f70c60e7c6607f338577a7e844b51225e,0.105666883289814,predict_proba,9eb1905b0d2d4dff99236976201e564cbe25ee258ba901ad38107c5c6b5846f0,True,True
R0366,GG0021,CVB0010,REF0036,2,2,XGBoost,9c6ef1372de324832af1a3a11298ab0f70c60e7c6607f338577a7e844b51225e,0.56207674741745,predict_proba,9eb1905b0d2d4dff99236976201e564cbe25ee258ba901ad38107c5c6b5846f0,True,True
R0367,GG0021,CVB0010,REF0036,2,2,XGBoost,9c6ef1372de324832af1a3a11298ab0f70c60e7c6607f338577a7e844b51225e,0.8681795001029968,predict_proba,9eb1905b0d2d4dff99236976201e564cbe25ee258ba901ad38107c5c6b5846f0,True,True
R0368,GG0021,CVB0010,REF0036,2,2,XGBoost,9c6ef1372de324832af1a3a11298ab0f70c60e7c6607f338577a7e844b51225e,0.9950019717216492,predict_proba,9eb1905b0d2d4dff99236976201e564cbe25ee258ba901ad38107c5c6b5846f0,True,True
R0369,GG0021,CVB0010,REF0036,2,2,XGBoost,9c6ef1372de324832af1a3a11298ab0f70c60e7c6607f338577a7e844b51225e,0.9943495392799377,predict_proba,9eb1905b0d2d4dff99236976201e564cbe25ee258ba901ad38107c5c6b5846f0,True,True
R0457,GG0021,CVB0010,REF0042,2,2,XGBoost,9c6ef1372de324832af1a3a11298ab0f70c60e7c6607f338577a7e844b51225e,0.9605169892311096,predict_proba,9eb1905b0d2d4dff99236976201e564cbe25ee258ba901ad38107c5c6b5846f0,True,True
R0458,GG0021,CVB0010,REF0042,2,2,XGBoost,9c6ef1372de324832af1a3a11298ab0f70c60e7c6607f338577a7e844b51225e,0.5638107061386108,predict_proba,9eb1905b0d2d4dff99236976201e564cbe25ee258ba901ad38107c5c6b5846f0,True,True
R0459,GG0021,CVB0010,REF0042,2,2,XGBoost,9c6ef1372de324832af1a3a11298ab0f70c60e7c6607f338577a7e844b51225e,0.571316123008728,predict_proba,9eb1905b0d2d4dff99236976201e564cbe25ee258ba901ad38107c5c6b5846f0,True,True
R0460,GG0021,CVB0010,REF0042,2,2,XGBoost,9c6ef1372de324832af1a3a11298ab0f70c60e7c6607f338577a7e844b51225e,0.9404836297035217,predict_proba,9eb1905b0d2d4dff99236976201e564cbe25ee258ba901ad38107c5c6b5846f0,True,True
R0461,GG0021,CVB0010,REF0042,2,2,XGBoost,9c6ef1372de324832af1a3a11298ab0f70c60e7c6607f338577a7e844b51225e,0.5492796897888184,predict_proba,9eb1905b0d2d4dff99236976201e564cbe25ee258ba901ad38107c5c6b5846f0,True,True
R0462,GG0021,CVB0010,REF0042,2,2,XGBoost,9c6ef1372de324832af1a3a11298ab0f70c60e7c6607f338577a7e844b51225e,0.698681652545929,predict_proba,9eb1905b0d2d4dff99236976201e564cbe25ee258ba901ad38107c5c6b5846f0,True,True
R0463,GG0021,CVB0010,REF0042,2,2,XGBoost,9c6ef1372de324832af1a3a11298ab0f70c60e7c6607f338577a7e844b51225e,0.5650466680526733,predict_proba,9eb1905b0d2d4dff99236976201e564cbe25ee258ba901ad38107c5c6b5846f0,True,True
R0464,GG0021,CVB0010,REF0042,2,2,XGBoost,9c6ef1372de324832af1a3a11298ab0f70c60e7c6607f338577a7e844b51225e,0.13280272483825684,predict_proba,9eb1905b0d2d4dff99236976201e564cbe25ee258ba901ad38107c5c6b5846f0,True,True
R0465,GG0021,CVB0010,REF0042,2,2,XGBoost,9c6ef1372de324832af1a3a11298ab0f70c60e7c6607f338577a7e844b51225e,0.13126668334007263,predict_proba,9eb1905b0d2d4dff99236976201e564cbe25ee258ba901ad38107c5c6b5846f0,True,True
R0466,GG0021,CVB0010,REF0042,2,2,XGBoost,9c6ef1372de324832af1a3a11298ab0f70c60e7c6607f338577a7e844b51225e,0.21955913305282593,predict_proba,9eb1905b0d2d4dff99236976201e564cbe25ee258ba901ad38107c5c6b5846f0,True,True
R0467,GG0021,CVB0010,REF0042,2,2,XGBoost,9c6ef1372de324832af1a3a11298ab0f70c60e7c6607f338577a7e844b51225e,0.012800010852515697,predict_proba,9eb1905b0d2d4dff99236976201e564cbe25ee258ba901ad38107c5c6b5846f0,True,True
R0468,GG0021,CVB0010,REF0042,2,2,XGBoost,9c6ef1372de324832af1a3a11298ab0f70c60e7c6607f338577a7e844b51225e,0.9399590492248535,predict_proba,9eb1905b0d2d4dff99236976201e564cbe25ee258ba901ad38107c5c6b5846f0,True,True
R0469,GG0021,CVB0010,REF0042,2,2,XGBoost,9c6ef1372de324832af1a3a11298ab0f70c60e7c6607f338577a7e844b51225e,0.6741424798965454,predict_proba,9eb1905b0d2d4dff99236976201e564cbe25ee258ba901ad38107c5c6b5846f0,True,True
R0470,GG0021,CVB0010,REF0042,2,2,XGBoost,9c6ef1372de324832af1a3a11298ab0f70c60e7c6607f338577a7e844b51225e,0.03853186219930649,predict_proba,9eb1905b0d2d4dff99236976201e564cbe25ee258ba901ad38107c5c6b5846f0,True,True
R0471,GG0021,CVB0010,REF0042,2,2,XGBoost,9c6ef1372de324832af1a3a11298ab0f70c60e7c6607f338577a7e844b51225e,0.19735516607761383,predict_proba,9eb1905b0d2d4dff99236976201e564cbe25ee258ba901ad38107c5c6b5846f0,True,True
R0472,GG0021,CVB0010,REF0042,2,2,XGBoost,9c6ef1372de324832af1a3a11298ab0f70c60e7c6607f338577a7e844b51225e,0.6164741516113281,predict_proba,9eb1905b0d2d4dff99236976201e564cbe25ee258ba901ad38107c5c6b5846f0,True,True
R0473,GG0021,CVB0010,REF0042,2,2,XGBoost,9c6ef1372de324832af1a3a11298ab0f70c60e7c6607f338577a7e844b51225e,0.09662124514579773,predict_proba,9eb1905b0d2d4dff99236976201e564cbe25ee258ba901ad38107c5c6b5846f0,True,True
R0474,GG0021,CVB0010,REF0042,2,2,XGBoost,9c6ef1372de324832af1a3a11298ab0f70c60e7c6607f338577a7e844b51225e,0.26754850149154663,predict_proba,9eb1905b0d2d4dff99236976201e564cbe25ee258ba901ad38107c5c6b5846f0,True,True
R0475,GG0021,CVB0010,REF0042,2,2,XGBoost,9c6ef1372de324832af1a3a11298ab0f70c60e7c6607f338577a7e844b51225e,0.11704234033823013,predict_proba,9eb1905b0d2d4dff99236976201e564cbe25ee258ba901ad38107c5c6b5846f0,True,True
R0476,GG0021,CVB0010,REF0042,2,2,XGBoost,9c6ef1372de324832af1a3a11298ab0f70c60e7c6607f338577a7e844b51225e,0.9056702852249146,predict_proba,9eb1905b0d2d4dff99236976201e564cbe25ee258ba901ad38107c5c6b5846f0,True,True
R0477,GG0021,CVB0010,REF0042,2,2,XGBoost,9c6ef1372de324832af1a3a11298ab0f70c60e7c6607f338577a7e844b51225e,0.26175206899642944,predict_proba,9eb1905b0d2d4dff99236976201e564cbe25ee258ba901ad38107c5c6b5846f0,True,True
R0478,GG0021,CVB0010,REF0043,2,2,XGBoost,9c6ef1372de324832af1a3a11298ab0f70c60e7c6607f338577a7e844b51225e,0.7366259694099426,predict_proba,9eb1905b0d2d4dff99236976201e564cbe25ee258ba901ad38107c5c6b5846f0,True,True
R0479,GG0021,CVB0010,REF0043,2,2,XGBoost,9c6ef1372de324832af1a3a11298ab0f70c60e7c6607f338577a7e844b51225e,0.5677444338798523,predict_proba,9eb1905b0d2d4dff99236976201e564cbe25ee258ba901ad38107c5c6b5846f0,True,True
R0480,GG0021,CVB0010,REF0043,2,2,XGBoost,9c6ef1372de324832af1a3a11298ab0f70c60e7c6607f338577a7e844b51225e,0.7298201322555542,predict_proba,9eb1905b0d2d4dff99236976201e564cbe25ee258ba901ad38107c5c6b5846f0,True,True
R0481,GG0021,CVB0010,REF0043,2,2,XGBoost,9c6ef1372de324832af1a3a11298ab0f70c60e7c6607f338577a7e844b51225e,0.5244362950325012,predict_proba,9eb1905b0d2d4dff99236976201e564cbe25ee258ba901ad38107c5c6b5846f0,True,True
R0482,GG0021,CVB0010,REF0043,2,2,XGBoost,9c6ef1372de324832af1a3a11298ab0f70c60e7c6607f338577a7e844b51225e,0.6824904680252075,predict_proba,9eb1905b0d2d4dff99236976201e564cbe25ee258ba901ad38107c5c6b5846f0,True,True
R0483,GG0021,CVB0010,REF0043,2,2,XGBoost,9c6ef1372de324832af1a3a11298ab0f70c60e7c6607f338577a7e844b51225e,0.8533495664596558,predict_proba,9eb1905b0d2d4dff99236976201e564cbe25ee258ba901ad38107c5c6b5846f0,True,True
R0484,GG0021,CVB0010,REF0043,2,2,XGBoost,9c6ef1372de324832af1a3a11298ab0f70c60e7c6607f338577a7e844b51225e,0.3615168333053589,predict_proba,9eb1905b0d2d4dff99236976201e564cbe25ee258ba901ad38107c5c6b5846f0,True,True
R0485,GG0021,CVB0010,REF0043,2,2,XGBoost,9c6ef1372de324832af1a3a11298ab0f70c60e7c6607f338577a7e844b51225e,0.6001966595649719,predict_proba,9eb1905b0d2d4dff99236976201e564cbe25ee258ba901ad38107c5c6b5846f0,True,True
R0486,GG0021,CVB0010,REF0043,2,2,XGBoost,9c6ef1372de324832af1a3a11298ab0f70c60e7c6607f338577a7e844b51225e,0.9797903299331665,predict_proba,9eb1905b0d2d4dff99236976201e564cbe25ee258ba901ad38107c5c6b5846f0,True,True
R0487,GG0021,CVB0010,REF0043,2,2,XGBoost,9c6ef1372de324832af1a3a11298ab0f70c60e7c6607f338577a7e844b51225e,0.9851763248443604,predict_proba,9eb1905b0d2d4dff99236976201e564cbe25ee258ba901ad38107c5c6b5846f0,True,True
R0488,GG0021,CVB0010,REF0043,2,2,XGBoost,9c6ef1372de324832af1a3a11298ab0f70c60e7c6607f338577a7e844b51225e,0.9834095239639282,predict_proba,9eb1905b0d2d4dff99236976201e564cbe25ee258ba901ad38107c5c6b5846f0,True,True
R0489,GG0021,CVB0010,REF0043,2,2,XGBoost,9c6ef1372de324832af1a3a11298ab0f70c60e7c6607f338577a7e844b51225e,0.9959426522254944,predict_proba,9eb1905b0d2d4dff99236976201e564cbe25ee258ba901ad38107c5c6b5846f0,True,True
R0490,GG0021,CVB0010,REF0043,2,2,XGBoost,9c6ef1372de324832af1a3a11298ab0f70c60e7c6607f338577a7e844b51225e,0.1626666933298111,predict_proba,9eb1905b0d2d4dff99236976201e564cbe25ee258ba901ad38107c5c6b5846f0,True,True
R0491,GG0021,CVB0010,REF0043,2,2,XGBoost,9c6ef1372de324832af1a3a11298ab0f70c60e7c6607f338577a7e844b51225e,0.9779748916625977,predict_proba,9eb1905b0d2d4dff99236976201e564cbe25ee258ba901ad38107c5c6b5846f0,True,True
R0492,GG0021,CVB0010,REF0043,2,2,XGBoost,9c6ef1372de324832af1a3a11298ab0f70c60e7c6607f338577a7e844b51225e,0.9976486563682556,predict_proba,9eb1905b0d2d4dff99236976201e564cbe25ee258ba901ad38107c5c6b5846f0,True,True
R0493,GG0021,CVB0010,REF0043,2,2,XGBoost,9c6ef1372de324832af1a3a11298ab0f70c60e7c6607f338577a7e844b51225e,0.9892197251319885,predict_proba,9eb1905b0d2d4dff99236976201e564cbe25ee258ba901ad38107c5c6b5846f0,True,True
R0494,GG0021,CVB0010,REF0043,2,2,XGBoost,9c6ef1372de324832af1a3a11298ab0f70c60e7c6607f338577a7e844b51225e,0.9893943667411804,predict_proba,9eb1905b0d2d4dff99236976201e564cbe25ee258ba901ad38107c5c6b5846f0,True,True
R0495,GG0021,CVB0010,REF0043,2,2,XGBoost,9c6ef1372de324832af1a3a11298ab0f70c60e7c6607f338577a7e844b51225e,0.9897520542144775,predict_proba,9eb1905b0d2d4dff99236976201e564cbe25ee258ba901ad38107c5c6b5846f0,True,True
R0496,GG0021,CVB0010,REF0043,2,2,XGBoost,9c6ef1372de324832af1a3a11298ab0f70c60e7c6607f338577a7e844b51225e,0.9982554316520691,predict_proba,9eb1905b0d2d4dff99236976201e564cbe25ee258ba901ad38107c5c6b5846f0,True,True
R0603,GG0033,CVB0030,REF0051,2,2,XGBoost,9c6ef1372de324832af1a3a11298ab0f70c60e7c6607f338577a7e844b51225e,0.5270872116088867,predict_proba,9eb1905b0d2d4dff99236976201e564cbe25ee258ba901ad38107c5c6b5846f0,False,True
R0604,GG0033,CVB0030,REF0051,2,2,XGBoost,9c6ef1372de324832af1a3a11298ab0f70c60e7c6607f338577a7e844b51225e,0.04287543520331383,predict_proba,9eb1905b0d2d4dff99236976201e564cbe25ee258ba901ad38107c5c6b5846f0,False,True
R0605,GG0033,CVB0030,REF0051,2,2,XGBoost,9c6ef1372de324832af1a3a11298ab0f70c60e7c6607f338577a7e844b51225e,0.46981075406074524,predict_proba,9eb1905b0d2d4dff99236976201e564cbe25ee258ba901ad38107c5c6b5846f0,False,True
R0606,GG0033,CVB0030,REF0051,2,2,XGBoost,9c6ef1372de324832af1a3a11298ab0f70c60e7c6607f338577a7e844b51225e,0.050963230431079865,predict_proba,9eb1905b0d2d4dff99236976201e564cbe25ee258ba901ad38107c5c6b5846f0,False,True
R0607,GG0033,CVB0030,REF0051,2,2,XGBoost,9c6ef1372de324832af1a3a11298ab0f70c60e7c6607f338577a7e844b51225e,0.11831831932067871,predict_proba,9eb1905b0d2d4dff99236976201e564cbe25ee258ba901ad38107c5c6b5846f0,False,True
R0608,GG0033,CVB0030,REF0051,2,2,XGBoost,9c6ef1372de324832af1a3a11298ab0f70c60e7c6607f338577a7e844b51225e,0.39173901081085205,predict_proba,9eb1905b0d2d4dff99236976201e564cbe25ee258ba901ad38107c5c6b5846f0,False,True
R0609,GG0033,CVB0030,REF0051,2,2,XGBoost,9c6ef1372de324832af1a3a11298ab0f70c60e7c6607f338577a7e844b51225e,0.10948161035776138,predict_proba,9eb1905b0d2d4dff99236976201e564cbe25ee258ba901ad38107c5c6b5846f0,False,True
R0610,GG0033,CVB0030,REF0051,2,2,XGBoost,9c6ef1372de324832af1a3a11298ab0f70c60e7c6607f338577a7e844b51225e,0.2466641068458557,predict_proba,9eb1905b0d2d4dff99236976201e564cbe25ee258ba901ad38107c5c6b5846f0,False,True
R0611,GG0033,CVB0030,REF0051,2,2,XGBoost,9c6ef1372de324832af1a3a11298ab0f70c60e7c6607f338577a7e844b51225e,0.509438693523407,predict_proba,9eb1905b0d2d4dff99236976201e564cbe25ee258ba901ad38107c5c6b5846f0,False,True
R0612,GG0033,CVB0030,REF0051,2,2,XGBoost,9c6ef1372de324832af1a3a11298ab0f70c60e7c6607f338577a7e844b51225e,0.19461621344089508,predict_proba,9eb1905b0d2d4dff99236976201e564cbe25ee258ba901ad38107c5c6b5846f0,False,True
R0613,GG0033,CVB0030,REF0051,2,2,XGBoost,9c6ef1372de324832af1a3a11298ab0f70c60e7c6607f338577a7e844b51225e,0.08369673043489456,predict_proba,9eb1905b0d2d4dff99236976201e564cbe25ee258ba901ad38107c5c6b5846f0,False,True
R0614,GG0033,CVB0030,REF0051,2,2,XGBoost,9c6ef1372de324832af1a3a11298ab0f70c60e7c6607f338577a7e844b51225e,0.014654205180704594,predict_proba,9eb1905b0d2d4dff99236976201e564cbe25ee258ba901ad38107c5c6b5846f0,False,True
R0615,GG0033,CVB0030,REF0051,2,2,XGBoost,9c6ef1372de324832af1a3a11298ab0f70c60e7c6607f338577a7e844b51225e,0.029507415369153023,predict_proba,9eb1905b0d2d4dff99236976201e564cbe25ee258ba901ad38107c5c6b5846f0,False,True
R0616,GG0033,CVB0030,REF0051,2,2,XGBoost,9c6ef1372de324832af1a3a11298ab0f70c60e7c6607f338577a7e844b51225e,0.01832510344684124,predict_proba,9eb1905b0d2d4dff99236976201e564cbe25ee258ba901ad38107c5c6b5846f0,False,True
R0617,GG0033,CVB0030,REF0051,2,2,XGBoost,9c6ef1372de324832af1a3a11298ab0f70c60e7c6607f338577a7e844b51225e,0.049974460154771805,predict_proba,9eb1905b0d2d4dff99236976201e564cbe25ee258ba901ad38107c5c6b5846f0,False,True
R0618,GG0033,CVB0030,REF0051,2,2,XGBoost,9c6ef1372de324832af1a3a11298ab0f70c60e7c6607f338577a7e844b51225e,0.13305111229419708,predict_proba,9eb1905b0d2d4dff99236976201e564cbe25ee258ba901ad38107c5c6b5846f0,False,True
R0619,GG0033,CVB0030,REF0051,2,2,XGBoost,9c6ef1372de324832af1a3a11298ab0f70c60e7c6607f338577a7e844b51225e,0.02571095898747444,predict_proba,9eb1905b0d2d4dff99236976201e564cbe25ee258ba901ad38107c5c6b5846f0,False,True
R0620,GG0033,CVB0030,REF0051,2,2,XGBoost,9c6ef1372de324832af1a3a11298ab0f70c60e7c6607f338577a7e844b51225e,0.33794105052948,predict_proba,9eb1905b0d2d4dff99236976201e564cbe25ee258ba901ad38107c5c6b5846f0,False,True
R0621,GG0033,CVB0030,REF0051,2,2,XGBoost,9c6ef1372de324832af1a3a11298ab0f70c60e7c6607f338577a7e844b51225e,0.1041354313492775,predict_proba,9eb1905b0d2d4dff99236976201e564cbe25ee258ba901ad38107c5c6b5846f0,False,True
R0622,GG0033,CVB0030,REF0051,2,2,XGBoost,9c6ef1372de324832af1a3a11298ab0f70c60e7c6607f338577a7e844b51225e,0.24900533258914948,predict_proba,9eb1905b0d2d4dff99236976201e564cbe25ee258ba901ad38107c5c6b5846f0,False,True
R0623,GG0033,CVB0030,REF0051,2,2,XGBoost,9c6ef1372de324832af1a3a11298ab0f70c60e7c6607f338577a7e844b51225e,0.03345798701047897,predict_proba,9eb1905b0d2d4dff99236976201e564cbe25ee258ba901ad38107c5c6b5846f0,False,True
R0624,GG0033,CVB0030,REF0051,2,2,XGBoost,9c6ef1372de324832af1a3a11298ab0f70c60e7c6607f338577a7e844b51225e,0.08695895969867706,predict_proba,9eb1905b0d2d4dff99236976201e564cbe25ee258ba901ad38107c5c6b5846f0,False,True
R0625,GG0033,CVB0030,REF0051,2,2,XGBoost,9c6ef1372de324832af1a3a11298ab0f70c60e7c6607f338577a7e844b51225e,0.03814339265227318,predict_proba,9eb1905b0d2d4dff99236976201e564cbe25ee258ba901ad38107c5c6b5846f0,False,True
R0626,GG0033,CVB0030,REF0051,2,2,XGBoost,9c6ef1372de324832af1a3a11298ab0f70c60e7c6607f338577a7e844b51225e,0.04964294284582138,predict_proba,9eb1905b0d2d4dff99236976201e564cbe25ee258ba901ad38107c5c6b5846f0,False,True
R0627,GG0033,CVB0030,REF0051,2,2,XGBoost,9c6ef1372de324832af1a3a11298ab0f70c60e7c6607f338577a7e844b51225e,0.3687826097011566,predict_proba,9eb1905b0d2d4dff99236976201e564cbe25ee258ba901ad38107c5c6b5846f0,False,True
R0737,GG0021,CVB0010,REF0057,2,2,XGBoost,9c6ef1372de324832af1a3a11298ab0f70c60e7c6607f338577a7e844b51225e,0.08540690690279007,predict_proba,9eb1905b0d2d4dff99236976201e564cbe25ee258ba901ad38107c5c6b5846f0,True,True
R0738,GG0021,CVB0010,REF0057,2,2,XGBoost,9c6ef1372de324832af1a3a11298ab0f70c60e7c6607f338577a7e844b51225e,0.7263621091842651,predict_proba,9eb1905b0d2d4dff99236976201e564cbe25ee258ba901ad38107c5c6b5846f0,True,True
R0739,GG0021,CVB0010,REF0057,2,2,XGBoost,9c6ef1372de324832af1a3a11298ab0f70c60e7c6607f338577a7e844b51225e,0.8282787799835205,predict_proba,9eb1905b0d2d4dff99236976201e564cbe25ee258ba901ad38107c5c6b5846f0,True,True
R0740,GG0021,CVB0010,REF0057,2,2,XGBoost,9c6ef1372de324832af1a3a11298ab0f70c60e7c6607f338577a7e844b51225e,0.8461214303970337,predict_proba,9eb1905b0d2d4dff99236976201e564cbe25ee258ba901ad38107c5c6b5846f0,True,True
R0741,GG0021,CVB0010,REF0057,2,2,XGBoost,9c6ef1372de324832af1a3a11298ab0f70c60e7c6607f338577a7e844b51225e,0.9318065643310547,predict_proba,9eb1905b0d2d4dff99236976201e564cbe25ee258ba901ad38107c5c6b5846f0,True,True
R0742,GG0021,CVB0010,REF0057,2,2,XGBoost,9c6ef1372de324832af1a3a11298ab0f70c60e7c6607f338577a7e844b51225e,0.9461995959281921,predict_proba,9eb1905b0d2d4dff99236976201e564cbe25ee258ba901ad38107c5c6b5846f0,True,True
R0743,GG0021,CVB0010,REF0057,2,2,XGBoost,9c6ef1372de324832af1a3a11298ab0f70c60e7c6607f338577a7e844b51225e,0.8827030658721924,predict_proba,9eb1905b0d2d4dff99236976201e564cbe25ee258ba901ad38107c5c6b5846f0,True,True
R0744,GG0021,CVB0010,REF0057,2,2,XGBoost,9c6ef1372de324832af1a3a11298ab0f70c60e7c6607f338577a7e844b51225e,0.7250106930732727,predict_proba,9eb1905b0d2d4dff99236976201e564cbe25ee258ba901ad38107c5c6b5846f0,True,True
R0745,GG0021,CVB0010,REF0058,2,2,XGBoost,9c6ef1372de324832af1a3a11298ab0f70c60e7c6607f338577a7e844b51225e,0.0031889949459582567,predict_proba,9eb1905b0d2d4dff99236976201e564cbe25ee258ba901ad38107c5c6b5846f0,True,True
R0746,GG0021,CVB0010,REF0058,2,2,XGBoost,9c6ef1372de324832af1a3a11298ab0f70c60e7c6607f338577a7e844b51225e,0.0009886453626677394,predict_proba,9eb1905b0d2d4dff99236976201e564cbe25ee258ba901ad38107c5c6b5846f0,True,True
R0747,GG0021,CVB0010,REF0058,2,2,XGBoost,9c6ef1372de324832af1a3a11298ab0f70c60e7c6607f338577a7e844b51225e,0.00905718095600605,predict_proba,9eb1905b0d2d4dff99236976201e564cbe25ee258ba901ad38107c5c6b5846f0,True,True
R0748,GG0021,CVB0010,REF0058,2,2,XGBoost,9c6ef1372de324832af1a3a11298ab0f70c60e7c6607f338577a7e844b51225e,0.05279674008488655,predict_proba,9eb1905b0d2d4dff99236976201e564cbe25ee258ba901ad38107c5c6b5846f0,True,True
R0754,GG0021,CVB0010,REF0059,2,2,XGBoost,9c6ef1372de324832af1a3a11298ab0f70c60e7c6607f338577a7e844b51225e,0.9829215407371521,predict_proba,9eb1905b0d2d4dff99236976201e564cbe25ee258ba901ad38107c5c6b5846f0,True,True
R0755,GG0021,CVB0010,REF0059,2,2,XGBoost,9c6ef1372de324832af1a3a11298ab0f70c60e7c6607f338577a7e844b51225e,0.7483269572257996,predict_proba,9eb1905b0d2d4dff99236976201e564cbe25ee258ba901ad38107c5c6b5846f0,True,True
R0756,GG0021,CVB0010,REF0059,2,2,XGBoost,9c6ef1372de324832af1a3a11298ab0f70c60e7c6607f338577a7e844b51225e,0.9272956848144531,predict_proba,9eb1905b0d2d4dff99236976201e564cbe25ee258ba901ad38107c5c6b5846f0,True,True
R0757,GG0021,CVB0010,REF0059,2,2,XGBoost,9c6ef1372de324832af1a3a11298ab0f70c60e7c6607f338577a7e844b51225e,0.925513505935669,predict_proba,9eb1905b0d2d4dff99236976201e564cbe25ee258ba901ad38107c5c6b5846f0,True,True
R0846,GG0033,CVB0030,REF0069,2,2,XGBoost,9c6ef1372de324832af1a3a11298ab0f70c60e7c6607f338577a7e844b51225e,0.9074087142944336,predict_proba,9eb1905b0d2d4dff99236976201e564cbe25ee258ba901ad38107c5c6b5846f0,False,True
R0847,GG0033,CVB0030,REF0069,2,2,XGBoost,9c6ef1372de324832af1a3a11298ab0f70c60e7c6607f338577a7e844b51225e,0.7844574451446533,predict_proba,9eb1905b0d2d4dff99236976201e564cbe25ee258ba901ad38107c5c6b5846f0,False,True
R0848,GG0033,CVB0030,REF0069,2,2,XGBoost,9c6ef1372de324832af1a3a11298ab0f70c60e7c6607f338577a7e844b51225e,0.06790418922901154,predict_proba,9eb1905b0d2d4dff99236976201e564cbe25ee258ba901ad38107c5c6b5846f0,False,True
R0849,GG0033,CVB0030,REF0069,2,2,XGBoost,9c6ef1372de324832af1a3a11298ab0f70c60e7c6607f338577a7e844b51225e,0.8276557326316833,predict_proba,9eb1905b0d2d4dff99236976201e564cbe25ee258ba901ad38107c5c6b5846f0,False,True
R0850,GG0033,CVB0030,REF0069,2,2,XGBoost,9c6ef1372de324832af1a3a11298ab0f70c60e7c6607f338577a7e844b51225e,0.975688099861145,predict_proba,9eb1905b0d2d4dff99236976201e564cbe25ee258ba901ad38107c5c6b5846f0,False,True
R0851,GG0033,CVB0030,REF0069,2,2,XGBoost,9c6ef1372de324832af1a3a11298ab0f70c60e7c6607f338577a7e844b51225e,0.048446573317050934,predict_proba,9eb1905b0d2d4dff99236976201e564cbe25ee258ba901ad38107c5c6b5846f0,False,True
R0852,GG0033,CVB0030,REF0069,2,2,XGBoost,9c6ef1372de324832af1a3a11298ab0f70c60e7c6607f338577a7e844b51225e,0.8539372086524963,predict_proba,9eb1905b0d2d4dff99236976201e564cbe25ee258ba901ad38107c5c6b5846f0,False,True
R0853,GG0033,CVB0030,REF0069,2,2,XGBoost,9c6ef1372de324832af1a3a11298ab0f70c60e7c6607f338577a7e844b51225e,0.9896663427352905,predict_proba,9eb1905b0d2d4dff99236976201e564cbe25ee258ba901ad38107c5c6b5846f0,False,True
R0854,GG0033,CVB0030,REF0069,2,2,XGBoost,9c6ef1372de324832af1a3a11298ab0f70c60e7c6607f338577a7e844b51225e,0.9845757484436035,predict_proba,9eb1905b0d2d4dff99236976201e564cbe25ee258ba901ad38107c5c6b5846f0,False,True
R0855,GG0033,CVB0030,REF0069,2,2,XGBoost,9c6ef1372de324832af1a3a11298ab0f70c60e7c6607f338577a7e844b51225e,0.0013991284649819136,predict_proba,9eb1905b0d2d4dff99236976201e564cbe25ee258ba901ad38107c5c6b5846f0,False,True
R0866,GG0033,CVB0030,REF0071,2,2,XGBoost,9c6ef1372de324832af1a3a11298ab0f70c60e7c6607f338577a7e844b51225e,0.003415884217247367,predict_proba,9eb1905b0d2d4dff99236976201e564cbe25ee258ba901ad38107c5c6b5846f0,False,True
R0867,GG0033,CVB0030,REF0071,2,2,XGBoost,9c6ef1372de324832af1a3a11298ab0f70c60e7c6607f338577a7e844b51225e,0.36344441771507263,predict_proba,9eb1905b0d2d4dff99236976201e564cbe25ee258ba901ad38107c5c6b5846f0,False,True
R0870,GG0033,CVB0030,REF0071,2,2,XGBoost,9c6ef1372de324832af1a3a11298ab0f70c60e7c6607f338577a7e844b51225e,0.007028631400316954,predict_proba,9eb1905b0d2d4dff99236976201e564cbe25ee258ba901ad38107c5c6b5846f0,False,True
R0871,GG0033,CVB0030,REF0071,2,2,XGBoost,9c6ef1372de324832af1a3a11298ab0f70c60e7c6607f338577a7e844b51225e,0.019011663272976875,predict_proba,9eb1905b0d2d4dff99236976201e564cbe25ee258ba901ad38107c5c6b5846f0,False,True
R0872,GG0033,CVB0030,REF0071,2,2,XGBoost,9c6ef1372de324832af1a3a11298ab0f70c60e7c6607f338577a7e844b51225e,0.061620842665433884,predict_proba,9eb1905b0d2d4dff99236976201e564cbe25ee258ba901ad38107c5c6b5846f0,False,True
R0873,GG0033,CVB0030,REF0071,2,2,XGBoost,9c6ef1372de324832af1a3a11298ab0f70c60e7c6607f338577a7e844b51225e,0.2714720368385315,predict_proba,9eb1905b0d2d4dff99236976201e564cbe25ee258ba901ad38107c5c6b5846f0,False,True
R0874,GG0033,CVB0030,REF0071,2,2,XGBoost,9c6ef1372de324832af1a3a11298ab0f70c60e7c6607f338577a7e844b51225e,0.003911403939127922,predict_proba,9eb1905b0d2d4dff99236976201e564cbe25ee258ba901ad38107c5c6b5846f0,False,True
R0875,GG0033,CVB0030,REF0071,2,2,XGBoost,9c6ef1372de324832af1a3a11298ab0f70c60e7c6607f338577a7e844b51225e,0.04103930667042732,predict_proba,9eb1905b0d2d4dff99236976201e564cbe25ee258ba901ad38107c5c6b5846f0,False,True
R0876,GG0033,CVB0030,REF0071,2,2,XGBoost,9c6ef1372de324832af1a3a11298ab0f70c60e7c6607f338577a7e844b51225e,0.024033965542912483,predict_proba,9eb1905b0d2d4dff99236976201e564cbe25ee258ba901ad38107c5c6b5846f0,False,True
R0877,GG0033,CVB0030,REF0071,2,2,XGBoost,9c6ef1372de324832af1a3a11298ab0f70c60e7c6607f338577a7e844b51225e,0.5531401634216309,predict_proba,9eb1905b0d2d4dff99236976201e564cbe25ee258ba901ad38107c5c6b5846f0,False,True
R0878,GG0033,CVB0030,REF0071,2,2,XGBoost,9c6ef1372de324832af1a3a11298ab0f70c60e7c6607f338577a7e844b51225e,0.5066143274307251,predict_proba,9eb1905b0d2d4dff99236976201e564cbe25ee258ba901ad38107c5c6b5846f0,False,True
R0934,GG0011,CVB0011,REF0077,2,2,XGBoost,9c6ef1372de324832af1a3a11298ab0f70c60e7c6607f338577a7e844b51225e,0.33659812808036804,predict_proba,9eb1905b0d2d4dff99236976201e564cbe25ee258ba901ad38107c5c6b5846f0,False,True
R0935,GG0011,CVB0011,REF0077,2,2,XGBoost,9c6ef1372de324832af1a3a11298ab0f70c60e7c6607f338577a7e844b51225e,0.5009785294532776,predict_proba,9eb1905b0d2d4dff99236976201e564cbe25ee258ba901ad38107c5c6b5846f0,False,True
R0936,GG0011,CVB0011,REF0077,2,2,XGBoost,9c6ef1372de324832af1a3a11298ab0f70c60e7c6607f338577a7e844b51225e,0.3936586081981659,predict_proba,9eb1905b0d2d4dff99236976201e564cbe25ee258ba901ad38107c5c6b5846f0,False,True
R0937,GG0011,CVB0011,REF0077,2,2,XGBoost,9c6ef1372de324832af1a3a11298ab0f70c60e7c6607f338577a7e844b51225e,0.5159621834754944,predict_proba,9eb1905b0d2d4dff99236976201e564cbe25ee258ba901ad38107c5c6b5846f0,False,True
R0938,GG0011,CVB0011,REF0077,2,2,XGBoost,9c6ef1372de324832af1a3a11298ab0f70c60e7c6607f338577a7e844b51225e,0.5779693126678467,predict_proba,9eb1905b0d2d4dff99236976201e564cbe25ee258ba901ad38107c5c6b5846f0,False,True
R0939,GG0011,CVB0011,REF0077,2,2,XGBoost,9c6ef1372de324832af1a3a11298ab0f70c60e7c6607f338577a7e844b51225e,0.6388525366783142,predict_proba,9eb1905b0d2d4dff99236976201e564cbe25ee258ba901ad38107c5c6b5846f0,False,True
R0940,GG0011,CVB0011,REF0077,2,2,XGBoost,9c6ef1372de324832af1a3a11298ab0f70c60e7c6607f338577a7e844b51225e,0.3051288425922394,predict_proba,9eb1905b0d2d4dff99236976201e564cbe25ee258ba901ad38107c5c6b5846f0,False,True
R0941,GG0011,CVB0011,REF0077,2,2,XGBoost,9c6ef1372de324832af1a3a11298ab0f70c60e7c6607f338577a7e844b51225e,0.01669742912054062,predict_proba,9eb1905b0d2d4dff99236976201e564cbe25ee258ba901ad38107c5c6b5846f0,False,True
R0942,GG0011,CVB0011,REF0077,2,2,XGBoost,9c6ef1372de324832af1a3a11298ab0f70c60e7c6607f338577a7e844b51225e,0.018301911652088165,predict_proba,9eb1905b0d2d4dff99236976201e564cbe25ee258ba901ad38107c5c6b5846f0,False,True
R0943,GG0011,CVB0011,REF0077,2,2,XGBoost,9c6ef1372de324832af1a3a11298ab0f70c60e7c6607f338577a7e844b51225e,0.14265881478786469,predict_proba,9eb1905b0d2d4dff99236976201e564cbe25ee258ba901ad38107c5c6b5846f0,False,True
R1000,GG0022,CVB0019,REF0084,2,2,XGBoost,9c6ef1372de324832af1a3a11298ab0f70c60e7c6607f338577a7e844b51225e,0.9930078983306885,predict_proba,9eb1905b0d2d4dff99236976201e564cbe25ee258ba901ad38107c5c6b5846f0,False,True
R1001,GG0022,CVB0019,REF0084,2,2,XGBoost,9c6ef1372de324832af1a3a11298ab0f70c60e7c6607f338577a7e844b51225e,0.9868947267532349,predict_proba,9eb1905b0d2d4dff99236976201e564cbe25ee258ba901ad38107c5c6b5846f0,False,True
R1002,GG0022,CVB0019,REF0084,2,2,XGBoost,9c6ef1372de324832af1a3a11298ab0f70c60e7c6607f338577a7e844b51225e,0.15815941989421844,predict_proba,9eb1905b0d2d4dff99236976201e564cbe25ee258ba901ad38107c5c6b5846f0,False,True
R1003,GG0022,CVB0019,REF0084,2,2,XGBoost,9c6ef1372de324832af1a3a11298ab0f70c60e7c6607f338577a7e844b51225e,0.037996143102645874,predict_proba,9eb1905b0d2d4dff99236976201e564cbe25ee258ba901ad38107c5c6b5846f0,False,True
R1004,GG0022,CVB0019,REF0084,2,2,XGBoost,9c6ef1372de324832af1a3a11298ab0f70c60e7c6607f338577a7e844b51225e,0.9957075119018555,predict_proba,9eb1905b0d2d4dff99236976201e564cbe25ee258ba901ad38107c5c6b5846f0,False,True
R1005,GG0022,CVB0019,REF0084,2,2,XGBoost,9c6ef1372de324832af1a3a11298ab0f70c60e7c6607f338577a7e844b51225e,0.006419167388230562,predict_proba,9eb1905b0d2d4dff99236976201e564cbe25ee258ba901ad38107c5c6b5846f0,False,True
R1411,GG0011,CVB0011,REF0110,2,2,XGBoost,9c6ef1372de324832af1a3a11298ab0f70c60e7c6607f338577a7e844b51225e,0.0038305523339658976,predict_proba,9eb1905b0d2d4dff99236976201e564cbe25ee258ba901ad38107c5c6b5846f0,False,True
R1412,GG0011,CVB0011,REF0110,2,2,XGBoost,9c6ef1372de324832af1a3a11298ab0f70c60e7c6607f338577a7e844b51225e,0.006179709453135729,predict_proba,9eb1905b0d2d4dff99236976201e564cbe25ee258ba901ad38107c5c6b5846f0,False,True
R1413,GG0011,CVB0011,REF0110,2,2,XGBoost,9c6ef1372de324832af1a3a11298ab0f70c60e7c6607f338577a7e844b51225e,0.0021083028987050056,predict_proba,9eb1905b0d2d4dff99236976201e564cbe25ee258ba901ad38107c5c6b5846f0,False,True
R1414,GG0011,CVB0011,REF0110,2,2,XGBoost,9c6ef1372de324832af1a3a11298ab0f70c60e7c6607f338577a7e844b51225e,0.007249704096466303,predict_proba,9eb1905b0d2d4dff99236976201e564cbe25ee258ba901ad38107c5c6b5846f0,False,True
R1415,GG0011,CVB0011,REF0110,2,2,XGBoost,9c6ef1372de324832af1a3a11298ab0f70c60e7c6607f338577a7e844b51225e,0.05240027979016304,predict_proba,9eb1905b0d2d4dff99236976201e564cbe25ee258ba901ad38107c5c6b5846f0,False,True
R1416,GG0011,CVB0011,REF0110,2,2,XGBoost,9c6ef1372de324832af1a3a11298ab0f70c60e7c6607f338577a7e844b51225e,0.0013749459758400917,predict_proba,9eb1905b0d2d4dff99236976201e564cbe25ee258ba901ad38107c5c6b5846f0,False,True
R1417,GG0011,CVB0011,REF0110,2,2,XGBoost,9c6ef1372de324832af1a3a11298ab0f70c60e7c6607f338577a7e844b51225e,0.0018216382013633847,predict_proba,9eb1905b0d2d4dff99236976201e564cbe25ee258ba901ad38107c5c6b5846f0,False,True
R1418,GG0011,CVB0011,REF0110,2,2,XGBoost,9c6ef1372de324832af1a3a11298ab0f70c60e7c6607f338577a7e844b51225e,0.0035024662502110004,predict_proba,9eb1905b0d2d4dff99236976201e564cbe25ee258ba901ad38107c5c6b5846f0,False,True
R1419,GG0011,CVB0011,REF0110,2,2,XGBoost,9c6ef1372de324832af1a3a11298ab0f70c60e7c6607f338577a7e844b51225e,0.0009973595151677728,predict_proba,9eb1905b0d2d4dff99236976201e564cbe25ee258ba901ad38107c5c6b5846f0,False,True
R1420,GG0011,CVB0011,REF0110,2,2,XGBoost,9c6ef1372de324832af1a3a11298ab0f70c60e7c6607f338577a7e844b51225e,0.007815825752913952,predict_proba,9eb1905b0d2d4dff99236976201e564cbe25ee258ba901ad38107c5c6b5846f0,False,True
R1421,GG0011,CVB0011,REF0110,2,2,XGBoost,9c6ef1372de324832af1a3a11298ab0f70c60e7c6607f338577a7e844b51225e,0.05564088001847267,predict_proba,9eb1905b0d2d4dff99236976201e564cbe25ee258ba901ad38107c5c6b5846f0,False,True
R1422,GG0011,CVB0011,REF0110,2,2,XGBoost,9c6ef1372de324832af1a3a11298ab0f70c60e7c6607f338577a7e844b51225e,0.04490813612937927,predict_proba,9eb1905b0d2d4dff99236976201e564cbe25ee258ba901ad38107c5c6b5846f0,False,True
R1423,GG0011,CVB0011,REF0110,2,2,XGBoost,9c6ef1372de324832af1a3a11298ab0f70c60e7c6607f338577a7e844b51225e,0.15111985802650452,predict_proba,9eb1905b0d2d4dff99236976201e564cbe25ee258ba901ad38107c5c6b5846f0,False,True
R1424,GG0011,CVB0011,REF0110,2,2,XGBoost,9c6ef1372de324832af1a3a11298ab0f70c60e7c6607f338577a7e844b51225e,0.1842450648546219,predict_proba,9eb1905b0d2d4dff99236976201e564cbe25ee258ba901ad38107c5c6b5846f0,False,True
R1425,GG0011,CVB0011,REF0110,2,2,XGBoost,9c6ef1372de324832af1a3a11298ab0f70c60e7c6607f338577a7e844b51225e,0.02870851568877697,predict_proba,9eb1905b0d2d4dff99236976201e564cbe25ee258ba901ad38107c5c6b5846f0,False,True
R1426,GG0011,CVB0011,REF0110,2,2,XGBoost,9c6ef1372de324832af1a3a11298ab0f70c60e7c6607f338577a7e844b51225e,0.030395613983273506,predict_proba,9eb1905b0d2d4dff99236976201e564cbe25ee258ba901ad38107c5c6b5846f0,False,True
R1427,GG0011,CVB0011,REF0110,2,2,XGBoost,9c6ef1372de324832af1a3a11298ab0f70c60e7c6607f338577a7e844b51225e,0.1824255883693695,predict_proba,9eb1905b0d2d4dff99236976201e564cbe25ee258ba901ad38107c5c6b5846f0,False,True
R1428,GG0011,CVB0011,REF0110,2,2,XGBoost,9c6ef1372de324832af1a3a11298ab0f70c60e7c6607f338577a7e844b51225e,0.02482924610376358,predict_proba,9eb1905b0d2d4dff99236976201e564cbe25ee258ba901ad38107c5c6b5846f0,False,True
R1429,GG0011,CVB0011,REF0110,2,2,XGBoost,9c6ef1372de324832af1a3a11298ab0f70c60e7c6607f338577a7e844b51225e,0.0031002084724605083,predict_proba,9eb1905b0d2d4dff99236976201e564cbe25ee258ba901ad38107c5c6b5846f0,False,True
R1430,GG0011,CVB0011,REF0110,2,2,XGBoost,9c6ef1372de324832af1a3a11298ab0f70c60e7c6607f338577a7e844b51225e,0.009703096002340317,predict_proba,9eb1905b0d2d4dff99236976201e564cbe25ee258ba901ad38107c5c6b5846f0,False,True
R2142,GG0033,CVB0030,REF0155,2,2,XGBoost,9c6ef1372de324832af1a3a11298ab0f70c60e7c6607f338577a7e844b51225e,0.3949708938598633,predict_proba,9eb1905b0d2d4dff99236976201e564cbe25ee258ba901ad38107c5c6b5846f0,False,True
R2143,GG0033,CVB0030,REF0155,2,2,XGBoost,9c6ef1372de324832af1a3a11298ab0f70c60e7c6607f338577a7e844b51225e,0.6065559983253479,predict_proba,9eb1905b0d2d4dff99236976201e564cbe25ee258ba901ad38107c5c6b5846f0,False,True
R2144,GG0033,CVB0030,REF0155,2,2,XGBoost,9c6ef1372de324832af1a3a11298ab0f70c60e7c6607f338577a7e844b51225e,0.003952327650040388,predict_proba,9eb1905b0d2d4dff99236976201e564cbe25ee258ba901ad38107c5c6b5846f0,False,True
R2145,GG0033,CVB0030,REF0155,2,2,XGBoost,9c6ef1372de324832af1a3a11298ab0f70c60e7c6607f338577a7e844b51225e,0.33840757608413696,predict_proba,9eb1905b0d2d4dff99236976201e564cbe25ee258ba901ad38107c5c6b5846f0,False,True
R2146,GG0033,CVB0030,REF0155,2,2,XGBoost,9c6ef1372de324832af1a3a11298ab0f70c60e7c6607f338577a7e844b51225e,0.5153625011444092,predict_proba,9eb1905b0d2d4dff99236976201e564cbe25ee258ba901ad38107c5c6b5846f0,False,True
R2147,GG0033,CVB0030,REF0155,2,2,XGBoost,9c6ef1372de324832af1a3a11298ab0f70c60e7c6607f338577a7e844b51225e,0.14178720116615295,predict_proba,9eb1905b0d2d4dff99236976201e564cbe25ee258ba901ad38107c5c6b5846f0,False,True
R2783,GG0017,CVB0007,REF0200,2,2,XGBoost,9c6ef1372de324832af1a3a11298ab0f70c60e7c6607f338577a7e844b51225e,0.03283665329217911,predict_proba,9eb1905b0d2d4dff99236976201e564cbe25ee258ba901ad38107c5c6b5846f0,True,True
R2785,GG0017,CVB0007,REF0200,2,2,XGBoost,9c6ef1372de324832af1a3a11298ab0f70c60e7c6607f338577a7e844b51225e,0.02337934821844101,predict_proba,9eb1905b0d2d4dff99236976201e564cbe25ee258ba901ad38107c5c6b5846f0,True,True
R2786,GG0017,CVB0007,REF0200,2,2,XGBoost,9c6ef1372de324832af1a3a11298ab0f70c60e7c6607f338577a7e844b51225e,0.053120434284210205,predict_proba,9eb1905b0d2d4dff99236976201e564cbe25ee258ba901ad38107c5c6b5846f0,True,True
R2787,GG0017,CVB0007,REF0200,2,2,XGBoost,9c6ef1372de324832af1a3a11298ab0f70c60e7c6607f338577a7e844b51225e,0.012157730758190155,predict_proba,9eb1905b0d2d4dff99236976201e564cbe25ee258ba901ad38107c5c6b5846f0,True,True
R2788,GG0017,CVB0007,REF0200,2,2,XGBoost,9c6ef1372de324832af1a3a11298ab0f70c60e7c6607f338577a7e844b51225e,0.08679582178592682,predict_proba,9eb1905b0d2d4dff99236976201e564cbe25ee258ba901ad38107c5c6b5846f0,True,True
R2789,GG0017,CVB0007,REF0200,2,2,XGBoost,9c6ef1372de324832af1a3a11298ab0f70c60e7c6607f338577a7e844b51225e,0.036024194210767746,predict_proba,9eb1905b0d2d4dff99236976201e564cbe25ee258ba901ad38107c5c6b5846f0,True,True
R2791,GG0017,CVB0007,REF0200,2,2,XGBoost,9c6ef1372de324832af1a3a11298ab0f70c60e7c6607f338577a7e844b51225e,0.06228216364979744,predict_proba,9eb1905b0d2d4dff99236976201e564cbe25ee258ba901ad38107c5c6b5846f0,True,True
R2795,GG0017,CVB0007,REF0200,2,2,XGBoost,9c6ef1372de324832af1a3a11298ab0f70c60e7c6607f338577a7e844b51225e,0.7847400903701782,predict_proba,9eb1905b0d2d4dff99236976201e564cbe25ee258ba901ad38107c5c6b5846f0,True,True
R2797,GG0017,CVB0007,REF0200,2,2,XGBoost,9c6ef1372de324832af1a3a11298ab0f70c60e7c6607f338577a7e844b51225e,0.003079271176829934,predict_proba,9eb1905b0d2d4dff99236976201e564cbe25ee258ba901ad38107c5c6b5846f0,True,True
R2842,GG0021,CVB0010,REF0206,2,2,XGBoost,9c6ef1372de324832af1a3a11298ab0f70c60e7c6607f338577a7e844b51225e,0.013806352391839027,predict_proba,9eb1905b0d2d4dff99236976201e564cbe25ee258ba901ad38107c5c6b5846f0,True,True
R2843,GG0021,CVB0010,REF0206,2,2,XGBoost,9c6ef1372de324832af1a3a11298ab0f70c60e7c6607f338577a7e844b51225e,0.042111292481422424,predict_proba,9eb1905b0d2d4dff99236976201e564cbe25ee258ba901ad38107c5c6b5846f0,True,True
R2844,GG0021,CVB0010,REF0206,2,2,XGBoost,9c6ef1372de324832af1a3a11298ab0f70c60e7c6607f338577a7e844b51225e,0.16052040457725525,predict_proba,9eb1905b0d2d4dff99236976201e564cbe25ee258ba901ad38107c5c6b5846f0,True,True
R2845,GG0021,CVB0010,REF0206,2,2,XGBoost,9c6ef1372de324832af1a3a11298ab0f70c60e7c6607f338577a7e844b51225e,0.2015899121761322,predict_proba,9eb1905b0d2d4dff99236976201e564cbe25ee258ba901ad38107c5c6b5846f0,True,True
R2846,GG0021,CVB0010,REF0206,2,2,XGBoost,9c6ef1372de324832af1a3a11298ab0f70c60e7c6607f338577a7e844b51225e,0.8635271191596985,predict_proba,9eb1905b0d2d4dff99236976201e564cbe25ee258ba901ad38107c5c6b5846f0,True,True
R2847,GG0021,CVB0010,REF0206,2,2,XGBoost,9c6ef1372de324832af1a3a11298ab0f70c60e7c6607f338577a7e844b51225e,0.46114400029182434,predict_proba,9eb1905b0d2d4dff99236976201e564cbe25ee258ba901ad38107c5c6b5846f0,True,True
R2848,GG0021,CVB0010,REF0206,2,2,XGBoost,9c6ef1372de324832af1a3a11298ab0f70c60e7c6607f338577a7e844b51225e,0.05009756609797478,predict_proba,9eb1905b0d2d4dff99236976201e564cbe25ee258ba901ad38107c5c6b5846f0,True,True
R2849,GG0021,CVB0010,REF0206,2,2,XGBoost,9c6ef1372de324832af1a3a11298ab0f70c60e7c6607f338577a7e844b51225e,0.8667463064193726,predict_proba,9eb1905b0d2d4dff99236976201e564cbe25ee258ba901ad38107c5c6b5846f0,True,True
R2858,GG0021,CVB0010,REF0208,2,2,XGBoost,9c6ef1372de324832af1a3a11298ab0f70c60e7c6607f338577a7e844b51225e,0.8986167311668396,predict_proba,9eb1905b0d2d4dff99236976201e564cbe25ee258ba901ad38107c5c6b5846f0,True,True
R2859,GG0021,CVB0010,REF0208,2,2,XGBoost,9c6ef1372de324832af1a3a11298ab0f70c60e7c6607f338577a7e844b51225e,0.9822610020637512,predict_proba,9eb1905b0d2d4dff99236976201e564cbe25ee258ba901ad38107c5c6b5846f0,True,True
R2860,GG0021,CVB0010,REF0208,2,2,XGBoost,9c6ef1372de324832af1a3a11298ab0f70c60e7c6607f338577a7e844b51225e,0.9851927757263184,predict_proba,9eb1905b0d2d4dff99236976201e564cbe25ee258ba901ad38107c5c6b5846f0,True,True
R2861,GG0021,CVB0010,REF0208,2,2,XGBoost,9c6ef1372de324832af1a3a11298ab0f70c60e7c6607f338577a7e844b51225e,0.9812188744544983,predict_proba,9eb1905b0d2d4dff99236976201e564cbe25ee258ba901ad38107c5c6b5846f0,True,True
R2862,GG0021,CVB0010,REF0208,2,2,XGBoost,9c6ef1372de324832af1a3a11298ab0f70c60e7c6607f338577a7e844b51225e,0.9881497621536255,predict_proba,9eb1905b0d2d4dff99236976201e564cbe25ee258ba901ad38107c5c6b5846f0,True,True
R2863,GG0021,CVB0010,REF0208,2,2,XGBoost,9c6ef1372de324832af1a3a11298ab0f70c60e7c6607f338577a7e844b51225e,0.9337948560714722,predict_proba,9eb1905b0d2d4dff99236976201e564cbe25ee258ba901ad38107c5c6b5846f0,True,True
R2864,GG0021,CVB0010,REF0208,2,2,XGBoost,9c6ef1372de324832af1a3a11298ab0f70c60e7c6607f338577a7e844b51225e,0.6344742178916931,predict_proba,9eb1905b0d2d4dff99236976201e564cbe25ee258ba901ad38107c5c6b5846f0,True,True
R2869,GG0021,CVB0010,REF0209,2,2,XGBoost,9c6ef1372de324832af1a3a11298ab0f70c60e7c6607f338577a7e844b51225e,0.8185054659843445,predict_proba,9eb1905b0d2d4dff99236976201e564cbe25ee258ba901ad38107c5c6b5846f0,True,True
R2870,GG0021,CVB0010,REF0209,2,2,XGBoost,9c6ef1372de324832af1a3a11298ab0f70c60e7c6607f338577a7e844b51225e,0.9933642148971558,predict_proba,9eb1905b0d2d4dff99236976201e564cbe25ee258ba901ad38107c5c6b5846f0,True,True
R2871,GG0021,CVB0010,REF0209,2,2,XGBoost,9c6ef1372de324832af1a3a11298ab0f70c60e7c6607f338577a7e844b51225e,0.8838644623756409,predict_proba,9eb1905b0d2d4dff99236976201e564cbe25ee258ba901ad38107c5c6b5846f0,True,True
R2872,GG0021,CVB0010,REF0209,2,2,XGBoost,9c6ef1372de324832af1a3a11298ab0f70c60e7c6607f338577a7e844b51225e,0.9738897085189819,predict_proba,9eb1905b0d2d4dff99236976201e564cbe25ee258ba901ad38107c5c6b5846f0,True,True
R2875,GG0021,CVB0010,REF0209,2,2,XGBoost,9c6ef1372de324832af1a3a11298ab0f70c60e7c6607f338577a7e844b51225e,0.37283286452293396,predict_proba,9eb1905b0d2d4dff99236976201e564cbe25ee258ba901ad38107c5c6b5846f0,True,True
R0015,GG0021,CVB0010,REF0003,2,3,XGBoost,40f455f4e8aaedd0a9d3bd7cc2aee6a89380eb0e7ca14605e93e85e5c5cf4dbe,0.8619681596755981,predict_proba,9eb1905b0d2d4dff99236976201e564cbe25ee258ba901ad38107c5c6b5846f0,True,True
R0016,GG0021,CVB0010,REF0003,2,3,XGBoost,40f455f4e8aaedd0a9d3bd7cc2aee6a89380eb0e7ca14605e93e85e5c5cf4dbe,0.9641659259796143,predict_proba,9eb1905b0d2d4dff99236976201e564cbe25ee258ba901ad38107c5c6b5846f0,True,True
R0017,GG0021,CVB0010,REF0003,2,3,XGBoost,40f455f4e8aaedd0a9d3bd7cc2aee6a89380eb0e7ca14605e93e85e5c5cf4dbe,0.7957271933555603,predict_proba,9eb1905b0d2d4dff99236976201e564cbe25ee258ba901ad38107c5c6b5846f0,True,True
R0018,GG0021,CVB0010,REF0003,2,3,XGBoost,40f455f4e8aaedd0a9d3bd7cc2aee6a89380eb0e7ca14605e93e85e5c5cf4dbe,0.6136869192123413,predict_proba,9eb1905b0d2d4dff99236976201e564cbe25ee258ba901ad38107c5c6b5846f0,True,True
R0019,GG0021,CVB0010,REF0003,2,3,XGBoost,40f455f4e8aaedd0a9d3bd7cc2aee6a89380eb0e7ca14605e93e85e5c5cf4dbe,0.1326400488615036,predict_proba,9eb1905b0d2d4dff99236976201e564cbe25ee258ba901ad38107c5c6b5846f0,True,True
R0020,GG0021,CVB0010,REF0003,2,3,XGBoost,40f455f4e8aaedd0a9d3bd7cc2aee6a89380eb0e7ca14605e93e85e5c5cf4dbe,0.757517397403717,predict_proba,9eb1905b0d2d4dff99236976201e564cbe25ee258ba901ad38107c5c6b5846f0,True,True
R0021,GG0021,CVB0010,REF0003,2,3,XGBoost,40f455f4e8aaedd0a9d3bd7cc2aee6a89380eb0e7ca14605e93e85e5c5cf4dbe,0.7237740159034729,predict_proba,9eb1905b0d2d4dff99236976201e564cbe25ee258ba901ad38107c5c6b5846f0,True,True
R0022,GG0021,CVB0010,REF0003,2,3,XGBoost,40f455f4e8aaedd0a9d3bd7cc2aee6a89380eb0e7ca14605e93e85e5c5cf4dbe,0.3238925337791443,predict_proba,9eb1905b0d2d4dff99236976201e564cbe25ee258ba901ad38107c5c6b5846f0,True,True
R0023,GG0021,CVB0010,REF0003,2,3,XGBoost,40f455f4e8aaedd0a9d3bd7cc2aee6a89380eb0e7ca14605e93e85e5c5cf4dbe,0.3705003559589386,predict_proba,9eb1905b0d2d4dff99236976201e564cbe25ee258ba901ad38107c5c6b5846f0,True,True
R0024,GG0021,CVB0010,REF0003,2,3,XGBoost,40f455f4e8aaedd0a9d3bd7cc2aee6a89380eb0e7ca14605e93e85e5c5cf4dbe,0.8180522322654724,predict_proba,9eb1905b0d2d4dff99236976201e564cbe25ee258ba901ad38107c5c6b5846f0,True,True
R0025,GG0021,CVB0010,REF0003,2,3,XGBoost,40f455f4e8aaedd0a9d3bd7cc2aee6a89380eb0e7ca14605e93e85e5c5cf4dbe,0.7804343104362488,predict_proba,9eb1905b0d2d4dff99236976201e564cbe25ee258ba901ad38107c5c6b5846f0,True,True
R0026,GG0021,CVB0010,REF0003,2,3,XGBoost,40f455f4e8aaedd0a9d3bd7cc2aee6a89380eb0e7ca14605e93e85e5c5cf4dbe,0.5965801477432251,predict_proba,9eb1905b0d2d4dff99236976201e564cbe25ee258ba901ad38107c5c6b5846f0,True,True
R0027,GG0021,CVB0010,REF0003,2,3,XGBoost,40f455f4e8aaedd0a9d3bd7cc2aee6a89380eb0e7ca14605e93e85e5c5cf4dbe,0.7029876112937927,predict_proba,9eb1905b0d2d4dff99236976201e564cbe25ee258ba901ad38107c5c6b5846f0,True,True
R0028,GG0021,CVB0010,REF0003,2,3,XGBoost,40f455f4e8aaedd0a9d3bd7cc2aee6a89380eb0e7ca14605e93e85e5c5cf4dbe,0.3713778853416443,predict_proba,9eb1905b0d2d4dff99236976201e564cbe25ee258ba901ad38107c5c6b5846f0,True,True
R0029,GG0021,CVB0010,REF0004,2,3,XGBoost,40f455f4e8aaedd0a9d3bd7cc2aee6a89380eb0e7ca14605e93e85e5c5cf4dbe,0.9642165899276733,predict_proba,9eb1905b0d2d4dff99236976201e564cbe25ee258ba901ad38107c5c6b5846f0,True,True
R0030,GG0021,CVB0010,REF0004,2,3,XGBoost,40f455f4e8aaedd0a9d3bd7cc2aee6a89380eb0e7ca14605e93e85e5c5cf4dbe,0.8661275506019592,predict_proba,9eb1905b0d2d4dff99236976201e564cbe25ee258ba901ad38107c5c6b5846f0,True,True
R0031,GG0021,CVB0010,REF0004,2,3,XGBoost,40f455f4e8aaedd0a9d3bd7cc2aee6a89380eb0e7ca14605e93e85e5c5cf4dbe,0.5532225966453552,predict_proba,9eb1905b0d2d4dff99236976201e564cbe25ee258ba901ad38107c5c6b5846f0,True,True
R0032,GG0021,CVB0010,REF0004,2,3,XGBoost,40f455f4e8aaedd0a9d3bd7cc2aee6a89380eb0e7ca14605e93e85e5c5cf4dbe,0.6512978076934814,predict_proba,9eb1905b0d2d4dff99236976201e564cbe25ee258ba901ad38107c5c6b5846f0,True,True
R0033,GG0021,CVB0010,REF0004,2,3,XGBoost,40f455f4e8aaedd0a9d3bd7cc2aee6a89380eb0e7ca14605e93e85e5c5cf4dbe,0.7463547587394714,predict_proba,9eb1905b0d2d4dff99236976201e564cbe25ee258ba901ad38107c5c6b5846f0,True,True
R0034,GG0021,CVB0010,REF0004,2,3,XGBoost,40f455f4e8aaedd0a9d3bd7cc2aee6a89380eb0e7ca14605e93e85e5c5cf4dbe,0.28288698196411133,predict_proba,9eb1905b0d2d4dff99236976201e564cbe25ee258ba901ad38107c5c6b5846f0,True,True
R0035,GG0021,CVB0010,REF0004,2,3,XGBoost,40f455f4e8aaedd0a9d3bd7cc2aee6a89380eb0e7ca14605e93e85e5c5cf4dbe,0.3187163472175598,predict_proba,9eb1905b0d2d4dff99236976201e564cbe25ee258ba901ad38107c5c6b5846f0,True,True
R0036,GG0021,CVB0010,REF0004,2,3,XGBoost,40f455f4e8aaedd0a9d3bd7cc2aee6a89380eb0e7ca14605e93e85e5c5cf4dbe,0.8056384325027466,predict_proba,9eb1905b0d2d4dff99236976201e564cbe25ee258ba901ad38107c5c6b5846f0,True,True
R0037,GG0022,CVB0019,REF0005,2,3,XGBoost,40f455f4e8aaedd0a9d3bd7cc2aee6a89380eb0e7ca14605e93e85e5c5cf4dbe,0.0704011470079422,predict_proba,9eb1905b0d2d4dff99236976201e564cbe25ee258ba901ad38107c5c6b5846f0,False,True
R0038,GG0022,CVB0019,REF0005,2,3,XGBoost,40f455f4e8aaedd0a9d3bd7cc2aee6a89380eb0e7ca14605e93e85e5c5cf4dbe,0.41388410329818726,predict_proba,9eb1905b0d2d4dff99236976201e564cbe25ee258ba901ad38107c5c6b5846f0,False,True
R0039,GG0022,CVB0019,REF0005,2,3,XGBoost,40f455f4e8aaedd0a9d3bd7cc2aee6a89380eb0e7ca14605e93e85e5c5cf4dbe,0.01785198226571083,predict_proba,9eb1905b0d2d4dff99236976201e564cbe25ee258ba901ad38107c5c6b5846f0,False,True
R0040,GG0022,CVB0019,REF0005,2,3,XGBoost,40f455f4e8aaedd0a9d3bd7cc2aee6a89380eb0e7ca14605e93e85e5c5cf4dbe,0.04557216912508011,predict_proba,9eb1905b0d2d4dff99236976201e564cbe25ee258ba901ad38107c5c6b5846f0,False,True
R0041,GG0022,CVB0019,REF0005,2,3,XGBoost,40f455f4e8aaedd0a9d3bd7cc2aee6a89380eb0e7ca14605e93e85e5c5cf4dbe,0.021338798105716705,predict_proba,9eb1905b0d2d4dff99236976201e564cbe25ee258ba901ad38107c5c6b5846f0,False,True
R0042,GG0022,CVB0019,REF0005,2,3,XGBoost,40f455f4e8aaedd0a9d3bd7cc2aee6a89380eb0e7ca14605e93e85e5c5cf4dbe,0.049751341342926025,predict_proba,9eb1905b0d2d4dff99236976201e564cbe25ee258ba901ad38107c5c6b5846f0,False,True
R0043,GG0022,CVB0019,REF0005,2,3,XGBoost,40f455f4e8aaedd0a9d3bd7cc2aee6a89380eb0e7ca14605e93e85e5c5cf4dbe,0.03160184249281883,predict_proba,9eb1905b0d2d4dff99236976201e564cbe25ee258ba901ad38107c5c6b5846f0,False,True
R0044,GG0022,CVB0019,REF0005,2,3,XGBoost,40f455f4e8aaedd0a9d3bd7cc2aee6a89380eb0e7ca14605e93e85e5c5cf4dbe,0.07798677682876587,predict_proba,9eb1905b0d2d4dff99236976201e564cbe25ee258ba901ad38107c5c6b5846f0,False,True
R0045,GG0022,CVB0019,REF0005,2,3,XGBoost,40f455f4e8aaedd0a9d3bd7cc2aee6a89380eb0e7ca14605e93e85e5c5cf4dbe,0.5814222693443298,predict_proba,9eb1905b0d2d4dff99236976201e564cbe25ee258ba901ad38107c5c6b5846f0,False,True
R0046,GG0022,CVB0019,REF0005,2,3,XGBoost,40f455f4e8aaedd0a9d3bd7cc2aee6a89380eb0e7ca14605e93e85e5c5cf4dbe,0.15547075867652893,predict_proba,9eb1905b0d2d4dff99236976201e564cbe25ee258ba901ad38107c5c6b5846f0,False,True
R0047,GG0022,CVB0019,REF0005,2,3,XGBoost,40f455f4e8aaedd0a9d3bd7cc2aee6a89380eb0e7ca14605e93e85e5c5cf4dbe,0.10543575882911682,predict_proba,9eb1905b0d2d4dff99236976201e564cbe25ee258ba901ad38107c5c6b5846f0,False,True
R0048,GG0022,CVB0019,REF0005,2,3,XGBoost,40f455f4e8aaedd0a9d3bd7cc2aee6a89380eb0e7ca14605e93e85e5c5cf4dbe,0.21206912398338318,predict_proba,9eb1905b0d2d4dff99236976201e564cbe25ee258ba901ad38107c5c6b5846f0,False,True
R0060,GG0021,CVB0010,REF0008,2,3,XGBoost,40f455f4e8aaedd0a9d3bd7cc2aee6a89380eb0e7ca14605e93e85e5c5cf4dbe,0.18903875350952148,predict_proba,9eb1905b0d2d4dff99236976201e564cbe25ee258ba901ad38107c5c6b5846f0,True,True
R0061,GG0021,CVB0010,REF0008,2,3,XGBoost,40f455f4e8aaedd0a9d3bd7cc2aee6a89380eb0e7ca14605e93e85e5c5cf4dbe,0.47351789474487305,predict_proba,9eb1905b0d2d4dff99236976201e564cbe25ee258ba901ad38107c5c6b5846f0,True,True
R0062,GG0021,CVB0010,REF0008,2,3,XGBoost,40f455f4e8aaedd0a9d3bd7cc2aee6a89380eb0e7ca14605e93e85e5c5cf4dbe,0.9753340482711792,predict_proba,9eb1905b0d2d4dff99236976201e564cbe25ee258ba901ad38107c5c6b5846f0,True,True
R0063,GG0021,CVB0010,REF0008,2,3,XGBoost,40f455f4e8aaedd0a9d3bd7cc2aee6a89380eb0e7ca14605e93e85e5c5cf4dbe,0.71201491355896,predict_proba,9eb1905b0d2d4dff99236976201e564cbe25ee258ba901ad38107c5c6b5846f0,True,True
R0064,GG0021,CVB0010,REF0008,2,3,XGBoost,40f455f4e8aaedd0a9d3bd7cc2aee6a89380eb0e7ca14605e93e85e5c5cf4dbe,0.9029531478881836,predict_proba,9eb1905b0d2d4dff99236976201e564cbe25ee258ba901ad38107c5c6b5846f0,True,True
R0065,GG0021,CVB0010,REF0008,2,3,XGBoost,40f455f4e8aaedd0a9d3bd7cc2aee6a89380eb0e7ca14605e93e85e5c5cf4dbe,0.7639089822769165,predict_proba,9eb1905b0d2d4dff99236976201e564cbe25ee258ba901ad38107c5c6b5846f0,True,True
R0066,GG0021,CVB0010,REF0008,2,3,XGBoost,40f455f4e8aaedd0a9d3bd7cc2aee6a89380eb0e7ca14605e93e85e5c5cf4dbe,0.44880133867263794,predict_proba,9eb1905b0d2d4dff99236976201e564cbe25ee258ba901ad38107c5c6b5846f0,True,True
R0067,GG0021,CVB0010,REF0008,2,3,XGBoost,40f455f4e8aaedd0a9d3bd7cc2aee6a89380eb0e7ca14605e93e85e5c5cf4dbe,0.1226293221116066,predict_proba,9eb1905b0d2d4dff99236976201e564cbe25ee258ba901ad38107c5c6b5846f0,True,True
R0068,GG0021,CVB0010,REF0008,2,3,XGBoost,40f455f4e8aaedd0a9d3bd7cc2aee6a89380eb0e7ca14605e93e85e5c5cf4dbe,0.545617401599884,predict_proba,9eb1905b0d2d4dff99236976201e564cbe25ee258ba901ad38107c5c6b5846f0,True,True
R0069,GG0021,CVB0010,REF0008,2,3,XGBoost,40f455f4e8aaedd0a9d3bd7cc2aee6a89380eb0e7ca14605e93e85e5c5cf4dbe,0.13393104076385498,predict_proba,9eb1905b0d2d4dff99236976201e564cbe25ee258ba901ad38107c5c6b5846f0,True,True
R0070,GG0021,CVB0010,REF0008,2,3,XGBoost,40f455f4e8aaedd0a9d3bd7cc2aee6a89380eb0e7ca14605e93e85e5c5cf4dbe,0.2821016013622284,predict_proba,9eb1905b0d2d4dff99236976201e564cbe25ee258ba901ad38107c5c6b5846f0,True,True
R0071,GG0021,CVB0010,REF0008,2,3,XGBoost,40f455f4e8aaedd0a9d3bd7cc2aee6a89380eb0e7ca14605e93e85e5c5cf4dbe,0.5597286820411682,predict_proba,9eb1905b0d2d4dff99236976201e564cbe25ee258ba901ad38107c5c6b5846f0,True,True
R0072,GG0021,CVB0010,REF0008,2,3,XGBoost,40f455f4e8aaedd0a9d3bd7cc2aee6a89380eb0e7ca14605e93e85e5c5cf4dbe,0.7853811979293823,predict_proba,9eb1905b0d2d4dff99236976201e564cbe25ee258ba901ad38107c5c6b5846f0,True,True
R0073,GG0021,CVB0010,REF0008,2,3,XGBoost,40f455f4e8aaedd0a9d3bd7cc2aee6a89380eb0e7ca14605e93e85e5c5cf4dbe,0.6405878663063049,predict_proba,9eb1905b0d2d4dff99236976201e564cbe25ee258ba901ad38107c5c6b5846f0,True,True
R0074,GG0021,CVB0010,REF0008,2,3,XGBoost,40f455f4e8aaedd0a9d3bd7cc2aee6a89380eb0e7ca14605e93e85e5c5cf4dbe,0.45013847947120667,predict_proba,9eb1905b0d2d4dff99236976201e564cbe25ee258ba901ad38107c5c6b5846f0,True,True
R0075,GG0021,CVB0010,REF0008,2,3,XGBoost,40f455f4e8aaedd0a9d3bd7cc2aee6a89380eb0e7ca14605e93e85e5c5cf4dbe,0.9019043445587158,predict_proba,9eb1905b0d2d4dff99236976201e564cbe25ee258ba901ad38107c5c6b5846f0,True,True
R0076,GG0021,CVB0010,REF0008,2,3,XGBoost,40f455f4e8aaedd0a9d3bd7cc2aee6a89380eb0e7ca14605e93e85e5c5cf4dbe,0.880713939666748,predict_proba,9eb1905b0d2d4dff99236976201e564cbe25ee258ba901ad38107c5c6b5846f0,True,True
R0077,GG0021,CVB0010,REF0008,2,3,XGBoost,40f455f4e8aaedd0a9d3bd7cc2aee6a89380eb0e7ca14605e93e85e5c5cf4dbe,0.922095000743866,predict_proba,9eb1905b0d2d4dff99236976201e564cbe25ee258ba901ad38107c5c6b5846f0,True,True
R0078,GG0021,CVB0010,REF0008,2,3,XGBoost,40f455f4e8aaedd0a9d3bd7cc2aee6a89380eb0e7ca14605e93e85e5c5cf4dbe,0.9815680384635925,predict_proba,9eb1905b0d2d4dff99236976201e564cbe25ee258ba901ad38107c5c6b5846f0,True,True
R0079,GG0021,CVB0010,REF0008,2,3,XGBoost,40f455f4e8aaedd0a9d3bd7cc2aee6a89380eb0e7ca14605e93e85e5c5cf4dbe,0.9903844594955444,predict_proba,9eb1905b0d2d4dff99236976201e564cbe25ee258ba901ad38107c5c6b5846f0,True,True
R0080,GG0021,CVB0010,REF0008,2,3,XGBoost,40f455f4e8aaedd0a9d3bd7cc2aee6a89380eb0e7ca14605e93e85e5c5cf4dbe,0.9805609583854675,predict_proba,9eb1905b0d2d4dff99236976201e564cbe25ee258ba901ad38107c5c6b5846f0,True,True
R0123,GG0017,CVB0007,REF0013,2,3,XGBoost,40f455f4e8aaedd0a9d3bd7cc2aee6a89380eb0e7ca14605e93e85e5c5cf4dbe,0.020293651148676872,predict_proba,9eb1905b0d2d4dff99236976201e564cbe25ee258ba901ad38107c5c6b5846f0,True,True
R0124,GG0017,CVB0007,REF0013,2,3,XGBoost,40f455f4e8aaedd0a9d3bd7cc2aee6a89380eb0e7ca14605e93e85e5c5cf4dbe,0.10047920048236847,predict_proba,9eb1905b0d2d4dff99236976201e564cbe25ee258ba901ad38107c5c6b5846f0,True,True
R0125,GG0017,CVB0007,REF0013,2,3,XGBoost,40f455f4e8aaedd0a9d3bd7cc2aee6a89380eb0e7ca14605e93e85e5c5cf4dbe,0.09934315085411072,predict_proba,9eb1905b0d2d4dff99236976201e564cbe25ee258ba901ad38107c5c6b5846f0,True,True
R0126,GG0017,CVB0007,REF0013,2,3,XGBoost,40f455f4e8aaedd0a9d3bd7cc2aee6a89380eb0e7ca14605e93e85e5c5cf4dbe,0.11708655208349228,predict_proba,9eb1905b0d2d4dff99236976201e564cbe25ee258ba901ad38107c5c6b5846f0,True,True
R0127,GG0017,CVB0007,REF0013,2,3,XGBoost,40f455f4e8aaedd0a9d3bd7cc2aee6a89380eb0e7ca14605e93e85e5c5cf4dbe,0.19592605531215668,predict_proba,9eb1905b0d2d4dff99236976201e564cbe25ee258ba901ad38107c5c6b5846f0,True,True
R0128,GG0017,CVB0007,REF0013,2,3,XGBoost,40f455f4e8aaedd0a9d3bd7cc2aee6a89380eb0e7ca14605e93e85e5c5cf4dbe,0.6178613305091858,predict_proba,9eb1905b0d2d4dff99236976201e564cbe25ee258ba901ad38107c5c6b5846f0,True,True
R0199,GG0033,CVB0030,REF0021,2,3,XGBoost,40f455f4e8aaedd0a9d3bd7cc2aee6a89380eb0e7ca14605e93e85e5c5cf4dbe,0.33768218755722046,predict_proba,9eb1905b0d2d4dff99236976201e564cbe25ee258ba901ad38107c5c6b5846f0,False,True
R0200,GG0033,CVB0030,REF0021,2,3,XGBoost,40f455f4e8aaedd0a9d3bd7cc2aee6a89380eb0e7ca14605e93e85e5c5cf4dbe,0.26128944754600525,predict_proba,9eb1905b0d2d4dff99236976201e564cbe25ee258ba901ad38107c5c6b5846f0,False,True
R0201,GG0033,CVB0030,REF0021,2,3,XGBoost,40f455f4e8aaedd0a9d3bd7cc2aee6a89380eb0e7ca14605e93e85e5c5cf4dbe,0.37497448921203613,predict_proba,9eb1905b0d2d4dff99236976201e564cbe25ee258ba901ad38107c5c6b5846f0,False,True
R0202,GG0033,CVB0030,REF0021,2,3,XGBoost,40f455f4e8aaedd0a9d3bd7cc2aee6a89380eb0e7ca14605e93e85e5c5cf4dbe,0.12751643359661102,predict_proba,9eb1905b0d2d4dff99236976201e564cbe25ee258ba901ad38107c5c6b5846f0,False,True
R0203,GG0033,CVB0030,REF0021,2,3,XGBoost,40f455f4e8aaedd0a9d3bd7cc2aee6a89380eb0e7ca14605e93e85e5c5cf4dbe,0.37368687987327576,predict_proba,9eb1905b0d2d4dff99236976201e564cbe25ee258ba901ad38107c5c6b5846f0,False,True
R0204,GG0033,CVB0030,REF0021,2,3,XGBoost,40f455f4e8aaedd0a9d3bd7cc2aee6a89380eb0e7ca14605e93e85e5c5cf4dbe,0.7363711595535278,predict_proba,9eb1905b0d2d4dff99236976201e564cbe25ee258ba901ad38107c5c6b5846f0,False,True
R0205,GG0033,CVB0030,REF0021,2,3,XGBoost,40f455f4e8aaedd0a9d3bd7cc2aee6a89380eb0e7ca14605e93e85e5c5cf4dbe,0.5579712390899658,predict_proba,9eb1905b0d2d4dff99236976201e564cbe25ee258ba901ad38107c5c6b5846f0,False,True
R0206,GG0033,CVB0030,REF0021,2,3,XGBoost,40f455f4e8aaedd0a9d3bd7cc2aee6a89380eb0e7ca14605e93e85e5c5cf4dbe,0.548237144947052,predict_proba,9eb1905b0d2d4dff99236976201e564cbe25ee258ba901ad38107c5c6b5846f0,False,True
R0207,GG0033,CVB0030,REF0021,2,3,XGBoost,40f455f4e8aaedd0a9d3bd7cc2aee6a89380eb0e7ca14605e93e85e5c5cf4dbe,0.005238799378275871,predict_proba,9eb1905b0d2d4dff99236976201e564cbe25ee258ba901ad38107c5c6b5846f0,False,True
R0208,GG0033,CVB0030,REF0021,2,3,XGBoost,40f455f4e8aaedd0a9d3bd7cc2aee6a89380eb0e7ca14605e93e85e5c5cf4dbe,0.005241257604211569,predict_proba,9eb1905b0d2d4dff99236976201e564cbe25ee258ba901ad38107c5c6b5846f0,False,True
R0209,GG0033,CVB0030,REF0021,2,3,XGBoost,40f455f4e8aaedd0a9d3bd7cc2aee6a89380eb0e7ca14605e93e85e5c5cf4dbe,0.0016697254031896591,predict_proba,9eb1905b0d2d4dff99236976201e564cbe25ee258ba901ad38107c5c6b5846f0,False,True
R0210,GG0033,CVB0030,REF0021,2,3,XGBoost,40f455f4e8aaedd0a9d3bd7cc2aee6a89380eb0e7ca14605e93e85e5c5cf4dbe,0.06654632091522217,predict_proba,9eb1905b0d2d4dff99236976201e564cbe25ee258ba901ad38107c5c6b5846f0,False,True
R0211,GG0033,CVB0030,REF0021,2,3,XGBoost,40f455f4e8aaedd0a9d3bd7cc2aee6a89380eb0e7ca14605e93e85e5c5cf4dbe,0.17828421294689178,predict_proba,9eb1905b0d2d4dff99236976201e564cbe25ee258ba901ad38107c5c6b5846f0,False,True
R0212,GG0033,CVB0030,REF0021,2,3,XGBoost,40f455f4e8aaedd0a9d3bd7cc2aee6a89380eb0e7ca14605e93e85e5c5cf4dbe,0.382668137550354,predict_proba,9eb1905b0d2d4dff99236976201e564cbe25ee258ba901ad38107c5c6b5846f0,False,True
R0213,GG0033,CVB0030,REF0022,2,3,XGBoost,40f455f4e8aaedd0a9d3bd7cc2aee6a89380eb0e7ca14605e93e85e5c5cf4dbe,0.11041516810655594,predict_proba,9eb1905b0d2d4dff99236976201e564cbe25ee258ba901ad38107c5c6b5846f0,False,True
R0214,GG0033,CVB0030,REF0022,2,3,XGBoost,40f455f4e8aaedd0a9d3bd7cc2aee6a89380eb0e7ca14605e93e85e5c5cf4dbe,0.3978293538093567,predict_proba,9eb1905b0d2d4dff99236976201e564cbe25ee258ba901ad38107c5c6b5846f0,False,True
R0215,GG0033,CVB0030,REF0022,2,3,XGBoost,40f455f4e8aaedd0a9d3bd7cc2aee6a89380eb0e7ca14605e93e85e5c5cf4dbe,0.09554924070835114,predict_proba,9eb1905b0d2d4dff99236976201e564cbe25ee258ba901ad38107c5c6b5846f0,False,True
R0360,GG0021,CVB0010,REF0036,2,3,XGBoost,40f455f4e8aaedd0a9d3bd7cc2aee6a89380eb0e7ca14605e93e85e5c5cf4dbe,0.20904287695884705,predict_proba,9eb1905b0d2d4dff99236976201e564cbe25ee258ba901ad38107c5c6b5846f0,True,True
R0361,GG0021,CVB0010,REF0036,2,3,XGBoost,40f455f4e8aaedd0a9d3bd7cc2aee6a89380eb0e7ca14605e93e85e5c5cf4dbe,0.03981313854455948,predict_proba,9eb1905b0d2d4dff99236976201e564cbe25ee258ba901ad38107c5c6b5846f0,True,True
R0362,GG0021,CVB0010,REF0036,2,3,XGBoost,40f455f4e8aaedd0a9d3bd7cc2aee6a89380eb0e7ca14605e93e85e5c5cf4dbe,0.13717849552631378,predict_proba,9eb1905b0d2d4dff99236976201e564cbe25ee258ba901ad38107c5c6b5846f0,True,True
R0363,GG0021,CVB0010,REF0036,2,3,XGBoost,40f455f4e8aaedd0a9d3bd7cc2aee6a89380eb0e7ca14605e93e85e5c5cf4dbe,0.5888800621032715,predict_proba,9eb1905b0d2d4dff99236976201e564cbe25ee258ba901ad38107c5c6b5846f0,True,True
R0364,GG0021,CVB0010,REF0036,2,3,XGBoost,40f455f4e8aaedd0a9d3bd7cc2aee6a89380eb0e7ca14605e93e85e5c5cf4dbe,0.6501942873001099,predict_proba,9eb1905b0d2d4dff99236976201e564cbe25ee258ba901ad38107c5c6b5846f0,True,True
R0365,GG0021,CVB0010,REF0036,2,3,XGBoost,40f455f4e8aaedd0a9d3bd7cc2aee6a89380eb0e7ca14605e93e85e5c5cf4dbe,0.4862370491027832,predict_proba,9eb1905b0d2d4dff99236976201e564cbe25ee258ba901ad38107c5c6b5846f0,True,True
R0366,GG0021,CVB0010,REF0036,2,3,XGBoost,40f455f4e8aaedd0a9d3bd7cc2aee6a89380eb0e7ca14605e93e85e5c5cf4dbe,0.6958459615707397,predict_proba,9eb1905b0d2d4dff99236976201e564cbe25ee258ba901ad38107c5c6b5846f0,True,True
R0367,GG0021,CVB0010,REF0036,2,3,XGBoost,40f455f4e8aaedd0a9d3bd7cc2aee6a89380eb0e7ca14605e93e85e5c5cf4dbe,0.25317656993865967,predict_proba,9eb1905b0d2d4dff99236976201e564cbe25ee258ba901ad38107c5c6b5846f0,True,True
R0368,GG0021,CVB0010,REF0036,2,3,XGBoost,40f455f4e8aaedd0a9d3bd7cc2aee6a89380eb0e7ca14605e93e85e5c5cf4dbe,0.9784395098686218,predict_proba,9eb1905b0d2d4dff99236976201e564cbe25ee258ba901ad38107c5c6b5846f0,True,True
R0369,GG0021,CVB0010,REF0036,2,3,XGBoost,40f455f4e8aaedd0a9d3bd7cc2aee6a89380eb0e7ca14605e93e85e5c5cf4dbe,0.9652464985847473,predict_proba,9eb1905b0d2d4dff99236976201e564cbe25ee258ba901ad38107c5c6b5846f0,True,True
R0457,GG0021,CVB0010,REF0042,2,3,XGBoost,40f455f4e8aaedd0a9d3bd7cc2aee6a89380eb0e7ca14605e93e85e5c5cf4dbe,0.5602282285690308,predict_proba,9eb1905b0d2d4dff99236976201e564cbe25ee258ba901ad38107c5c6b5846f0,True,True
R0458,GG0021,CVB0010,REF0042,2,3,XGBoost,40f455f4e8aaedd0a9d3bd7cc2aee6a89380eb0e7ca14605e93e85e5c5cf4dbe,0.17423225939273834,predict_proba,9eb1905b0d2d4dff99236976201e564cbe25ee258ba901ad38107c5c6b5846f0,True,True
R0459,GG0021,CVB0010,REF0042,2,3,XGBoost,40f455f4e8aaedd0a9d3bd7cc2aee6a89380eb0e7ca14605e93e85e5c5cf4dbe,0.12986250221729279,predict_proba,9eb1905b0d2d4dff99236976201e564cbe25ee258ba901ad38107c5c6b5846f0,True,True
R0460,GG0021,CVB0010,REF0042,2,3,XGBoost,40f455f4e8aaedd0a9d3bd7cc2aee6a89380eb0e7ca14605e93e85e5c5cf4dbe,0.872092068195343,predict_proba,9eb1905b0d2d4dff99236976201e564cbe25ee258ba901ad38107c5c6b5846f0,True,True
R0461,GG0021,CVB0010,REF0042,2,3,XGBoost,40f455f4e8aaedd0a9d3bd7cc2aee6a89380eb0e7ca14605e93e85e5c5cf4dbe,0.32598915696144104,predict_proba,9eb1905b0d2d4dff99236976201e564cbe25ee258ba901ad38107c5c6b5846f0,True,True
R0462,GG0021,CVB0010,REF0042,2,3,XGBoost,40f455f4e8aaedd0a9d3bd7cc2aee6a89380eb0e7ca14605e93e85e5c5cf4dbe,0.6856958270072937,predict_proba,9eb1905b0d2d4dff99236976201e564cbe25ee258ba901ad38107c5c6b5846f0,True,True
R0463,GG0021,CVB0010,REF0042,2,3,XGBoost,40f455f4e8aaedd0a9d3bd7cc2aee6a89380eb0e7ca14605e93e85e5c5cf4dbe,0.08356384187936783,predict_proba,9eb1905b0d2d4dff99236976201e564cbe25ee258ba901ad38107c5c6b5846f0,True,True
R0464,GG0021,CVB0010,REF0042,2,3,XGBoost,40f455f4e8aaedd0a9d3bd7cc2aee6a89380eb0e7ca14605e93e85e5c5cf4dbe,0.040498748421669006,predict_proba,9eb1905b0d2d4dff99236976201e564cbe25ee258ba901ad38107c5c6b5846f0,True,True
R0465,GG0021,CVB0010,REF0042,2,3,XGBoost,40f455f4e8aaedd0a9d3bd7cc2aee6a89380eb0e7ca14605e93e85e5c5cf4dbe,0.011958077549934387,predict_proba,9eb1905b0d2d4dff99236976201e564cbe25ee258ba901ad38107c5c6b5846f0,True,True
R0466,GG0021,CVB0010,REF0042,2,3,XGBoost,40f455f4e8aaedd0a9d3bd7cc2aee6a89380eb0e7ca14605e93e85e5c5cf4dbe,0.4136788547039032,predict_proba,9eb1905b0d2d4dff99236976201e564cbe25ee258ba901ad38107c5c6b5846f0,True,True
R0467,GG0021,CVB0010,REF0042,2,3,XGBoost,40f455f4e8aaedd0a9d3bd7cc2aee6a89380eb0e7ca14605e93e85e5c5cf4dbe,0.037434495985507965,predict_proba,9eb1905b0d2d4dff99236976201e564cbe25ee258ba901ad38107c5c6b5846f0,True,True
R0468,GG0021,CVB0010,REF0042,2,3,XGBoost,40f455f4e8aaedd0a9d3bd7cc2aee6a89380eb0e7ca14605e93e85e5c5cf4dbe,0.871228039264679,predict_proba,9eb1905b0d2d4dff99236976201e564cbe25ee258ba901ad38107c5c6b5846f0,True,True
R0469,GG0021,CVB0010,REF0042,2,3,XGBoost,40f455f4e8aaedd0a9d3bd7cc2aee6a89380eb0e7ca14605e93e85e5c5cf4dbe,0.6361466646194458,predict_proba,9eb1905b0d2d4dff99236976201e564cbe25ee258ba901ad38107c5c6b5846f0,True,True
R0470,GG0021,CVB0010,REF0042,2,3,XGBoost,40f455f4e8aaedd0a9d3bd7cc2aee6a89380eb0e7ca14605e93e85e5c5cf4dbe,0.013299787417054176,predict_proba,9eb1905b0d2d4dff99236976201e564cbe25ee258ba901ad38107c5c6b5846f0,True,True
R0471,GG0021,CVB0010,REF0042,2,3,XGBoost,40f455f4e8aaedd0a9d3bd7cc2aee6a89380eb0e7ca14605e93e85e5c5cf4dbe,0.06864234805107117,predict_proba,9eb1905b0d2d4dff99236976201e564cbe25ee258ba901ad38107c5c6b5846f0,True,True
R0472,GG0021,CVB0010,REF0042,2,3,XGBoost,40f455f4e8aaedd0a9d3bd7cc2aee6a89380eb0e7ca14605e93e85e5c5cf4dbe,0.08496216684579849,predict_proba,9eb1905b0d2d4dff99236976201e564cbe25ee258ba901ad38107c5c6b5846f0,True,True
R0473,GG0021,CVB0010,REF0042,2,3,XGBoost,40f455f4e8aaedd0a9d3bd7cc2aee6a89380eb0e7ca14605e93e85e5c5cf4dbe,0.07403411716222763,predict_proba,9eb1905b0d2d4dff99236976201e564cbe25ee258ba901ad38107c5c6b5846f0,True,True
R0474,GG0021,CVB0010,REF0042,2,3,XGBoost,40f455f4e8aaedd0a9d3bd7cc2aee6a89380eb0e7ca14605e93e85e5c5cf4dbe,0.1715930998325348,predict_proba,9eb1905b0d2d4dff99236976201e564cbe25ee258ba901ad38107c5c6b5846f0,True,True
R0475,GG0021,CVB0010,REF0042,2,3,XGBoost,40f455f4e8aaedd0a9d3bd7cc2aee6a89380eb0e7ca14605e93e85e5c5cf4dbe,0.02004658430814743,predict_proba,9eb1905b0d2d4dff99236976201e564cbe25ee258ba901ad38107c5c6b5846f0,True,True
R0476,GG0021,CVB0010,REF0042,2,3,XGBoost,40f455f4e8aaedd0a9d3bd7cc2aee6a89380eb0e7ca14605e93e85e5c5cf4dbe,0.3432426452636719,predict_proba,9eb1905b0d2d4dff99236976201e564cbe25ee258ba901ad38107c5c6b5846f0,True,True
R0477,GG0021,CVB0010,REF0042,2,3,XGBoost,40f455f4e8aaedd0a9d3bd7cc2aee6a89380eb0e7ca14605e93e85e5c5cf4dbe,0.07131852954626083,predict_proba,9eb1905b0d2d4dff99236976201e564cbe25ee258ba901ad38107c5c6b5846f0,True,True
R0478,GG0021,CVB0010,REF0043,2,3,XGBoost,40f455f4e8aaedd0a9d3bd7cc2aee6a89380eb0e7ca14605e93e85e5c5cf4dbe,0.9073150753974915,predict_proba,9eb1905b0d2d4dff99236976201e564cbe25ee258ba901ad38107c5c6b5846f0,True,True
R0479,GG0021,CVB0010,REF0043,2,3,XGBoost,40f455f4e8aaedd0a9d3bd7cc2aee6a89380eb0e7ca14605e93e85e5c5cf4dbe,0.8294957280158997,predict_proba,9eb1905b0d2d4dff99236976201e564cbe25ee258ba901ad38107c5c6b5846f0,True,True
R0480,GG0021,CVB0010,REF0043,2,3,XGBoost,40f455f4e8aaedd0a9d3bd7cc2aee6a89380eb0e7ca14605e93e85e5c5cf4dbe,0.3400299549102783,predict_proba,9eb1905b0d2d4dff99236976201e564cbe25ee258ba901ad38107c5c6b5846f0,True,True
R0481,GG0021,CVB0010,REF0043,2,3,XGBoost,40f455f4e8aaedd0a9d3bd7cc2aee6a89380eb0e7ca14605e93e85e5c5cf4dbe,0.9453555941581726,predict_proba,9eb1905b0d2d4dff99236976201e564cbe25ee258ba901ad38107c5c6b5846f0,True,True
R0482,GG0021,CVB0010,REF0043,2,3,XGBoost,40f455f4e8aaedd0a9d3bd7cc2aee6a89380eb0e7ca14605e93e85e5c5cf4dbe,0.8201615810394287,predict_proba,9eb1905b0d2d4dff99236976201e564cbe25ee258ba901ad38107c5c6b5846f0,True,True
R0483,GG0021,CVB0010,REF0043,2,3,XGBoost,40f455f4e8aaedd0a9d3bd7cc2aee6a89380eb0e7ca14605e93e85e5c5cf4dbe,0.9633303880691528,predict_proba,9eb1905b0d2d4dff99236976201e564cbe25ee258ba901ad38107c5c6b5846f0,True,True
R0484,GG0021,CVB0010,REF0043,2,3,XGBoost,40f455f4e8aaedd0a9d3bd7cc2aee6a89380eb0e7ca14605e93e85e5c5cf4dbe,0.8462866544723511,predict_proba,9eb1905b0d2d4dff99236976201e564cbe25ee258ba901ad38107c5c6b5846f0,True,True
R0485,GG0021,CVB0010,REF0043,2,3,XGBoost,40f455f4e8aaedd0a9d3bd7cc2aee6a89380eb0e7ca14605e93e85e5c5cf4dbe,0.9589837789535522,predict_proba,9eb1905b0d2d4dff99236976201e564cbe25ee258ba901ad38107c5c6b5846f0,True,True
R0486,GG0021,CVB0010,REF0043,2,3,XGBoost,40f455f4e8aaedd0a9d3bd7cc2aee6a89380eb0e7ca14605e93e85e5c5cf4dbe,0.9856693744659424,predict_proba,9eb1905b0d2d4dff99236976201e564cbe25ee258ba901ad38107c5c6b5846f0,True,True
R0487,GG0021,CVB0010,REF0043,2,3,XGBoost,40f455f4e8aaedd0a9d3bd7cc2aee6a89380eb0e7ca14605e93e85e5c5cf4dbe,0.9800421595573425,predict_proba,9eb1905b0d2d4dff99236976201e564cbe25ee258ba901ad38107c5c6b5846f0,True,True
R0488,GG0021,CVB0010,REF0043,2,3,XGBoost,40f455f4e8aaedd0a9d3bd7cc2aee6a89380eb0e7ca14605e93e85e5c5cf4dbe,0.8358688354492188,predict_proba,9eb1905b0d2d4dff99236976201e564cbe25ee258ba901ad38107c5c6b5846f0,True,True
R0489,GG0021,CVB0010,REF0043,2,3,XGBoost,40f455f4e8aaedd0a9d3bd7cc2aee6a89380eb0e7ca14605e93e85e5c5cf4dbe,0.9924640655517578,predict_proba,9eb1905b0d2d4dff99236976201e564cbe25ee258ba901ad38107c5c6b5846f0,True,True
R0490,GG0021,CVB0010,REF0043,2,3,XGBoost,40f455f4e8aaedd0a9d3bd7cc2aee6a89380eb0e7ca14605e93e85e5c5cf4dbe,0.17423947155475616,predict_proba,9eb1905b0d2d4dff99236976201e564cbe25ee258ba901ad38107c5c6b5846f0,True,True
R0491,GG0021,CVB0010,REF0043,2,3,XGBoost,40f455f4e8aaedd0a9d3bd7cc2aee6a89380eb0e7ca14605e93e85e5c5cf4dbe,0.9951677322387695,predict_proba,9eb1905b0d2d4dff99236976201e564cbe25ee258ba901ad38107c5c6b5846f0,True,True
R0492,GG0021,CVB0010,REF0043,2,3,XGBoost,40f455f4e8aaedd0a9d3bd7cc2aee6a89380eb0e7ca14605e93e85e5c5cf4dbe,0.9754903316497803,predict_proba,9eb1905b0d2d4dff99236976201e564cbe25ee258ba901ad38107c5c6b5846f0,True,True
R0493,GG0021,CVB0010,REF0043,2,3,XGBoost,40f455f4e8aaedd0a9d3bd7cc2aee6a89380eb0e7ca14605e93e85e5c5cf4dbe,0.9904980063438416,predict_proba,9eb1905b0d2d4dff99236976201e564cbe25ee258ba901ad38107c5c6b5846f0,True,True
R0494,GG0021,CVB0010,REF0043,2,3,XGBoost,40f455f4e8aaedd0a9d3bd7cc2aee6a89380eb0e7ca14605e93e85e5c5cf4dbe,0.9957557916641235,predict_proba,9eb1905b0d2d4dff99236976201e564cbe25ee258ba901ad38107c5c6b5846f0,True,True
R0495,GG0021,CVB0010,REF0043,2,3,XGBoost,40f455f4e8aaedd0a9d3bd7cc2aee6a89380eb0e7ca14605e93e85e5c5cf4dbe,0.9804486632347107,predict_proba,9eb1905b0d2d4dff99236976201e564cbe25ee258ba901ad38107c5c6b5846f0,True,True
R0496,GG0021,CVB0010,REF0043,2,3,XGBoost,40f455f4e8aaedd0a9d3bd7cc2aee6a89380eb0e7ca14605e93e85e5c5cf4dbe,0.9919915795326233,predict_proba,9eb1905b0d2d4dff99236976201e564cbe25ee258ba901ad38107c5c6b5846f0,True,True
R0603,GG0033,CVB0030,REF0051,2,3,XGBoost,40f455f4e8aaedd0a9d3bd7cc2aee6a89380eb0e7ca14605e93e85e5c5cf4dbe,0.4694257378578186,predict_proba,9eb1905b0d2d4dff99236976201e564cbe25ee258ba901ad38107c5c6b5846f0,False,True
R0604,GG0033,CVB0030,REF0051,2,3,XGBoost,40f455f4e8aaedd0a9d3bd7cc2aee6a89380eb0e7ca14605e93e85e5c5cf4dbe,0.058265868574380875,predict_proba,9eb1905b0d2d4dff99236976201e564cbe25ee258ba901ad38107c5c6b5846f0,False,True
R0605,GG0033,CVB0030,REF0051,2,3,XGBoost,40f455f4e8aaedd0a9d3bd7cc2aee6a89380eb0e7ca14605e93e85e5c5cf4dbe,0.43396514654159546,predict_proba,9eb1905b0d2d4dff99236976201e564cbe25ee258ba901ad38107c5c6b5846f0,False,True
R0606,GG0033,CVB0030,REF0051,2,3,XGBoost,40f455f4e8aaedd0a9d3bd7cc2aee6a89380eb0e7ca14605e93e85e5c5cf4dbe,0.12183057516813278,predict_proba,9eb1905b0d2d4dff99236976201e564cbe25ee258ba901ad38107c5c6b5846f0,False,True
R0607,GG0033,CVB0030,REF0051,2,3,XGBoost,40f455f4e8aaedd0a9d3bd7cc2aee6a89380eb0e7ca14605e93e85e5c5cf4dbe,0.10850005596876144,predict_proba,9eb1905b0d2d4dff99236976201e564cbe25ee258ba901ad38107c5c6b5846f0,False,True
R0608,GG0033,CVB0030,REF0051,2,3,XGBoost,40f455f4e8aaedd0a9d3bd7cc2aee6a89380eb0e7ca14605e93e85e5c5cf4dbe,0.4467751979827881,predict_proba,9eb1905b0d2d4dff99236976201e564cbe25ee258ba901ad38107c5c6b5846f0,False,True
R0609,GG0033,CVB0030,REF0051,2,3,XGBoost,40f455f4e8aaedd0a9d3bd7cc2aee6a89380eb0e7ca14605e93e85e5c5cf4dbe,0.5333187580108643,predict_proba,9eb1905b0d2d4dff99236976201e564cbe25ee258ba901ad38107c5c6b5846f0,False,True
R0610,GG0033,CVB0030,REF0051,2,3,XGBoost,40f455f4e8aaedd0a9d3bd7cc2aee6a89380eb0e7ca14605e93e85e5c5cf4dbe,0.7135061621665955,predict_proba,9eb1905b0d2d4dff99236976201e564cbe25ee258ba901ad38107c5c6b5846f0,False,True
R0611,GG0033,CVB0030,REF0051,2,3,XGBoost,40f455f4e8aaedd0a9d3bd7cc2aee6a89380eb0e7ca14605e93e85e5c5cf4dbe,0.8265008330345154,predict_proba,9eb1905b0d2d4dff99236976201e564cbe25ee258ba901ad38107c5c6b5846f0,False,True
R0612,GG0033,CVB0030,REF0051,2,3,XGBoost,40f455f4e8aaedd0a9d3bd7cc2aee6a89380eb0e7ca14605e93e85e5c5cf4dbe,0.17842364311218262,predict_proba,9eb1905b0d2d4dff99236976201e564cbe25ee258ba901ad38107c5c6b5846f0,False,True
R0613,GG0033,CVB0030,REF0051,2,3,XGBoost,40f455f4e8aaedd0a9d3bd7cc2aee6a89380eb0e7ca14605e93e85e5c5cf4dbe,0.16816098988056183,predict_proba,9eb1905b0d2d4dff99236976201e564cbe25ee258ba901ad38107c5c6b5846f0,False,True
R0614,GG0033,CVB0030,REF0051,2,3,XGBoost,40f455f4e8aaedd0a9d3bd7cc2aee6a89380eb0e7ca14605e93e85e5c5cf4dbe,0.014397991821169853,predict_proba,9eb1905b0d2d4dff99236976201e564cbe25ee258ba901ad38107c5c6b5846f0,False,True
R0615,GG0033,CVB0030,REF0051,2,3,XGBoost,40f455f4e8aaedd0a9d3bd7cc2aee6a89380eb0e7ca14605e93e85e5c5cf4dbe,0.02736382558941841,predict_proba,9eb1905b0d2d4dff99236976201e564cbe25ee258ba901ad38107c5c6b5846f0,False,True
R0616,GG0033,CVB0030,REF0051,2,3,XGBoost,40f455f4e8aaedd0a9d3bd7cc2aee6a89380eb0e7ca14605e93e85e5c5cf4dbe,0.03792652115225792,predict_proba,9eb1905b0d2d4dff99236976201e564cbe25ee258ba901ad38107c5c6b5846f0,False,True
R0617,GG0033,CVB0030,REF0051,2,3,XGBoost,40f455f4e8aaedd0a9d3bd7cc2aee6a89380eb0e7ca14605e93e85e5c5cf4dbe,0.09442808479070663,predict_proba,9eb1905b0d2d4dff99236976201e564cbe25ee258ba901ad38107c5c6b5846f0,False,True
R0618,GG0033,CVB0030,REF0051,2,3,XGBoost,40f455f4e8aaedd0a9d3bd7cc2aee6a89380eb0e7ca14605e93e85e5c5cf4dbe,0.06735639274120331,predict_proba,9eb1905b0d2d4dff99236976201e564cbe25ee258ba901ad38107c5c6b5846f0,False,True
R0619,GG0033,CVB0030,REF0051,2,3,XGBoost,40f455f4e8aaedd0a9d3bd7cc2aee6a89380eb0e7ca14605e93e85e5c5cf4dbe,0.2686609625816345,predict_proba,9eb1905b0d2d4dff99236976201e564cbe25ee258ba901ad38107c5c6b5846f0,False,True
R0620,GG0033,CVB0030,REF0051,2,3,XGBoost,40f455f4e8aaedd0a9d3bd7cc2aee6a89380eb0e7ca14605e93e85e5c5cf4dbe,0.4417497217655182,predict_proba,9eb1905b0d2d4dff99236976201e564cbe25ee258ba901ad38107c5c6b5846f0,False,True
R0621,GG0033,CVB0030,REF0051,2,3,XGBoost,40f455f4e8aaedd0a9d3bd7cc2aee6a89380eb0e7ca14605e93e85e5c5cf4dbe,0.20065195858478546,predict_proba,9eb1905b0d2d4dff99236976201e564cbe25ee258ba901ad38107c5c6b5846f0,False,True
R0622,GG0033,CVB0030,REF0051,2,3,XGBoost,40f455f4e8aaedd0a9d3bd7cc2aee6a89380eb0e7ca14605e93e85e5c5cf4dbe,0.47747480869293213,predict_proba,9eb1905b0d2d4dff99236976201e564cbe25ee258ba901ad38107c5c6b5846f0,False,True
R0623,GG0033,CVB0030,REF0051,2,3,XGBoost,40f455f4e8aaedd0a9d3bd7cc2aee6a89380eb0e7ca14605e93e85e5c5cf4dbe,0.06666940450668335,predict_proba,9eb1905b0d2d4dff99236976201e564cbe25ee258ba901ad38107c5c6b5846f0,False,True
R0624,GG0033,CVB0030,REF0051,2,3,XGBoost,40f455f4e8aaedd0a9d3bd7cc2aee6a89380eb0e7ca14605e93e85e5c5cf4dbe,0.05209333077073097,predict_proba,9eb1905b0d2d4dff99236976201e564cbe25ee258ba901ad38107c5c6b5846f0,False,True
R0625,GG0033,CVB0030,REF0051,2,3,XGBoost,40f455f4e8aaedd0a9d3bd7cc2aee6a89380eb0e7ca14605e93e85e5c5cf4dbe,0.06015465408563614,predict_proba,9eb1905b0d2d4dff99236976201e564cbe25ee258ba901ad38107c5c6b5846f0,False,True
R0626,GG0033,CVB0030,REF0051,2,3,XGBoost,40f455f4e8aaedd0a9d3bd7cc2aee6a89380eb0e7ca14605e93e85e5c5cf4dbe,0.06665124744176865,predict_proba,9eb1905b0d2d4dff99236976201e564cbe25ee258ba901ad38107c5c6b5846f0,False,True
R0627,GG0033,CVB0030,REF0051,2,3,XGBoost,40f455f4e8aaedd0a9d3bd7cc2aee6a89380eb0e7ca14605e93e85e5c5cf4dbe,0.3067376911640167,predict_proba,9eb1905b0d2d4dff99236976201e564cbe25ee258ba901ad38107c5c6b5846f0,False,True
R0737,GG0021,CVB0010,REF0057,2,3,XGBoost,40f455f4e8aaedd0a9d3bd7cc2aee6a89380eb0e7ca14605e93e85e5c5cf4dbe,0.08523520827293396,predict_proba,9eb1905b0d2d4dff99236976201e564cbe25ee258ba901ad38107c5c6b5846f0,True,True
R0738,GG0021,CVB0010,REF0057,2,3,XGBoost,40f455f4e8aaedd0a9d3bd7cc2aee6a89380eb0e7ca14605e93e85e5c5cf4dbe,0.5807528495788574,predict_proba,9eb1905b0d2d4dff99236976201e564cbe25ee258ba901ad38107c5c6b5846f0,True,True
R0739,GG0021,CVB0010,REF0057,2,3,XGBoost,40f455f4e8aaedd0a9d3bd7cc2aee6a89380eb0e7ca14605e93e85e5c5cf4dbe,0.43909552693367004,predict_proba,9eb1905b0d2d4dff99236976201e564cbe25ee258ba901ad38107c5c6b5846f0,True,True
R0740,GG0021,CVB0010,REF0057,2,3,XGBoost,40f455f4e8aaedd0a9d3bd7cc2aee6a89380eb0e7ca14605e93e85e5c5cf4dbe,0.9727962613105774,predict_proba,9eb1905b0d2d4dff99236976201e564cbe25ee258ba901ad38107c5c6b5846f0,True,True
R0741,GG0021,CVB0010,REF0057,2,3,XGBoost,40f455f4e8aaedd0a9d3bd7cc2aee6a89380eb0e7ca14605e93e85e5c5cf4dbe,0.9668737053871155,predict_proba,9eb1905b0d2d4dff99236976201e564cbe25ee258ba901ad38107c5c6b5846f0,True,True
R0742,GG0021,CVB0010,REF0057,2,3,XGBoost,40f455f4e8aaedd0a9d3bd7cc2aee6a89380eb0e7ca14605e93e85e5c5cf4dbe,0.977566659450531,predict_proba,9eb1905b0d2d4dff99236976201e564cbe25ee258ba901ad38107c5c6b5846f0,True,True
R0743,GG0021,CVB0010,REF0057,2,3,XGBoost,40f455f4e8aaedd0a9d3bd7cc2aee6a89380eb0e7ca14605e93e85e5c5cf4dbe,0.8959699273109436,predict_proba,9eb1905b0d2d4dff99236976201e564cbe25ee258ba901ad38107c5c6b5846f0,True,True
R0744,GG0021,CVB0010,REF0057,2,3,XGBoost,40f455f4e8aaedd0a9d3bd7cc2aee6a89380eb0e7ca14605e93e85e5c5cf4dbe,0.9866560697555542,predict_proba,9eb1905b0d2d4dff99236976201e564cbe25ee258ba901ad38107c5c6b5846f0,True,True
R0745,GG0021,CVB0010,REF0058,2,3,XGBoost,40f455f4e8aaedd0a9d3bd7cc2aee6a89380eb0e7ca14605e93e85e5c5cf4dbe,0.00882635172456503,predict_proba,9eb1905b0d2d4dff99236976201e564cbe25ee258ba901ad38107c5c6b5846f0,True,True
R0746,GG0021,CVB0010,REF0058,2,3,XGBoost,40f455f4e8aaedd0a9d3bd7cc2aee6a89380eb0e7ca14605e93e85e5c5cf4dbe,0.004031912889331579,predict_proba,9eb1905b0d2d4dff99236976201e564cbe25ee258ba901ad38107c5c6b5846f0,True,True
R0747,GG0021,CVB0010,REF0058,2,3,XGBoost,40f455f4e8aaedd0a9d3bd7cc2aee6a89380eb0e7ca14605e93e85e5c5cf4dbe,0.0047799041494727135,predict_proba,9eb1905b0d2d4dff99236976201e564cbe25ee258ba901ad38107c5c6b5846f0,True,True
R0748,GG0021,CVB0010,REF0058,2,3,XGBoost,40f455f4e8aaedd0a9d3bd7cc2aee6a89380eb0e7ca14605e93e85e5c5cf4dbe,0.18310309946537018,predict_proba,9eb1905b0d2d4dff99236976201e564cbe25ee258ba901ad38107c5c6b5846f0,True,True
R0754,GG0021,CVB0010,REF0059,2,3,XGBoost,40f455f4e8aaedd0a9d3bd7cc2aee6a89380eb0e7ca14605e93e85e5c5cf4dbe,0.9323131442070007,predict_proba,9eb1905b0d2d4dff99236976201e564cbe25ee258ba901ad38107c5c6b5846f0,True,True
R0755,GG0021,CVB0010,REF0059,2,3,XGBoost,40f455f4e8aaedd0a9d3bd7cc2aee6a89380eb0e7ca14605e93e85e5c5cf4dbe,0.3794718384742737,predict_proba,9eb1905b0d2d4dff99236976201e564cbe25ee258ba901ad38107c5c6b5846f0,True,True
R0756,GG0021,CVB0010,REF0059,2,3,XGBoost,40f455f4e8aaedd0a9d3bd7cc2aee6a89380eb0e7ca14605e93e85e5c5cf4dbe,0.7891497611999512,predict_proba,9eb1905b0d2d4dff99236976201e564cbe25ee258ba901ad38107c5c6b5846f0,True,True
R0757,GG0021,CVB0010,REF0059,2,3,XGBoost,40f455f4e8aaedd0a9d3bd7cc2aee6a89380eb0e7ca14605e93e85e5c5cf4dbe,0.9716950058937073,predict_proba,9eb1905b0d2d4dff99236976201e564cbe25ee258ba901ad38107c5c6b5846f0,True,True
R0846,GG0033,CVB0030,REF0069,2,3,XGBoost,40f455f4e8aaedd0a9d3bd7cc2aee6a89380eb0e7ca14605e93e85e5c5cf4dbe,0.883251965045929,predict_proba,9eb1905b0d2d4dff99236976201e564cbe25ee258ba901ad38107c5c6b5846f0,False,True
R0847,GG0033,CVB0030,REF0069,2,3,XGBoost,40f455f4e8aaedd0a9d3bd7cc2aee6a89380eb0e7ca14605e93e85e5c5cf4dbe,0.9653195142745972,predict_proba,9eb1905b0d2d4dff99236976201e564cbe25ee258ba901ad38107c5c6b5846f0,False,True
R0848,GG0033,CVB0030,REF0069,2,3,XGBoost,40f455f4e8aaedd0a9d3bd7cc2aee6a89380eb0e7ca14605e93e85e5c5cf4dbe,0.5688460469245911,predict_proba,9eb1905b0d2d4dff99236976201e564cbe25ee258ba901ad38107c5c6b5846f0,False,True
R0849,GG0033,CVB0030,REF0069,2,3,XGBoost,40f455f4e8aaedd0a9d3bd7cc2aee6a89380eb0e7ca14605e93e85e5c5cf4dbe,0.6930857300758362,predict_proba,9eb1905b0d2d4dff99236976201e564cbe25ee258ba901ad38107c5c6b5846f0,False,True
R0850,GG0033,CVB0030,REF0069,2,3,XGBoost,40f455f4e8aaedd0a9d3bd7cc2aee6a89380eb0e7ca14605e93e85e5c5cf4dbe,0.9425590634346008,predict_proba,9eb1905b0d2d4dff99236976201e564cbe25ee258ba901ad38107c5c6b5846f0,False,True
R0851,GG0033,CVB0030,REF0069,2,3,XGBoost,40f455f4e8aaedd0a9d3bd7cc2aee6a89380eb0e7ca14605e93e85e5c5cf4dbe,0.948684811592102,predict_proba,9eb1905b0d2d4dff99236976201e564cbe25ee258ba901ad38107c5c6b5846f0,False,True
R0852,GG0033,CVB0030,REF0069,2,3,XGBoost,40f455f4e8aaedd0a9d3bd7cc2aee6a89380eb0e7ca14605e93e85e5c5cf4dbe,0.9705544710159302,predict_proba,9eb1905b0d2d4dff99236976201e564cbe25ee258ba901ad38107c5c6b5846f0,False,True
R0853,GG0033,CVB0030,REF0069,2,3,XGBoost,40f455f4e8aaedd0a9d3bd7cc2aee6a89380eb0e7ca14605e93e85e5c5cf4dbe,0.9910536408424377,predict_proba,9eb1905b0d2d4dff99236976201e564cbe25ee258ba901ad38107c5c6b5846f0,False,True
R0854,GG0033,CVB0030,REF0069,2,3,XGBoost,40f455f4e8aaedd0a9d3bd7cc2aee6a89380eb0e7ca14605e93e85e5c5cf4dbe,0.9758750200271606,predict_proba,9eb1905b0d2d4dff99236976201e564cbe25ee258ba901ad38107c5c6b5846f0,False,True
R0855,GG0033,CVB0030,REF0069,2,3,XGBoost,40f455f4e8aaedd0a9d3bd7cc2aee6a89380eb0e7ca14605e93e85e5c5cf4dbe,0.19728147983551025,predict_proba,9eb1905b0d2d4dff99236976201e564cbe25ee258ba901ad38107c5c6b5846f0,False,True
R0866,GG0033,CVB0030,REF0071,2,3,XGBoost,40f455f4e8aaedd0a9d3bd7cc2aee6a89380eb0e7ca14605e93e85e5c5cf4dbe,0.10281588137149811,predict_proba,9eb1905b0d2d4dff99236976201e564cbe25ee258ba901ad38107c5c6b5846f0,False,True
R0867,GG0033,CVB0030,REF0071,2,3,XGBoost,40f455f4e8aaedd0a9d3bd7cc2aee6a89380eb0e7ca14605e93e85e5c5cf4dbe,0.5124168395996094,predict_proba,9eb1905b0d2d4dff99236976201e564cbe25ee258ba901ad38107c5c6b5846f0,False,True
R0870,GG0033,CVB0030,REF0071,2,3,XGBoost,40f455f4e8aaedd0a9d3bd7cc2aee6a89380eb0e7ca14605e93e85e5c5cf4dbe,0.0015277104685083032,predict_proba,9eb1905b0d2d4dff99236976201e564cbe25ee258ba901ad38107c5c6b5846f0,False,True
R0871,GG0033,CVB0030,REF0071,2,3,XGBoost,40f455f4e8aaedd0a9d3bd7cc2aee6a89380eb0e7ca14605e93e85e5c5cf4dbe,0.005055280867964029,predict_proba,9eb1905b0d2d4dff99236976201e564cbe25ee258ba901ad38107c5c6b5846f0,False,True
R0872,GG0033,CVB0030,REF0071,2,3,XGBoost,40f455f4e8aaedd0a9d3bd7cc2aee6a89380eb0e7ca14605e93e85e5c5cf4dbe,0.04179660975933075,predict_proba,9eb1905b0d2d4dff99236976201e564cbe25ee258ba901ad38107c5c6b5846f0,False,True
R0873,GG0033,CVB0030,REF0071,2,3,XGBoost,40f455f4e8aaedd0a9d3bd7cc2aee6a89380eb0e7ca14605e93e85e5c5cf4dbe,0.33411356806755066,predict_proba,9eb1905b0d2d4dff99236976201e564cbe25ee258ba901ad38107c5c6b5846f0,False,True
R0874,GG0033,CVB0030,REF0071,2,3,XGBoost,40f455f4e8aaedd0a9d3bd7cc2aee6a89380eb0e7ca14605e93e85e5c5cf4dbe,0.007799664977937937,predict_proba,9eb1905b0d2d4dff99236976201e564cbe25ee258ba901ad38107c5c6b5846f0,False,True
R0875,GG0033,CVB0030,REF0071,2,3,XGBoost,40f455f4e8aaedd0a9d3bd7cc2aee6a89380eb0e7ca14605e93e85e5c5cf4dbe,0.021946800872683525,predict_proba,9eb1905b0d2d4dff99236976201e564cbe25ee258ba901ad38107c5c6b5846f0,False,True
R0876,GG0033,CVB0030,REF0071,2,3,XGBoost,40f455f4e8aaedd0a9d3bd7cc2aee6a89380eb0e7ca14605e93e85e5c5cf4dbe,0.013158946298062801,predict_proba,9eb1905b0d2d4dff99236976201e564cbe25ee258ba901ad38107c5c6b5846f0,False,True
R0877,GG0033,CVB0030,REF0071,2,3,XGBoost,40f455f4e8aaedd0a9d3bd7cc2aee6a89380eb0e7ca14605e93e85e5c5cf4dbe,0.4288831949234009,predict_proba,9eb1905b0d2d4dff99236976201e564cbe25ee258ba901ad38107c5c6b5846f0,False,True
R0878,GG0033,CVB0030,REF0071,2,3,XGBoost,40f455f4e8aaedd0a9d3bd7cc2aee6a89380eb0e7ca14605e93e85e5c5cf4dbe,0.4799652397632599,predict_proba,9eb1905b0d2d4dff99236976201e564cbe25ee258ba901ad38107c5c6b5846f0,False,True
R0934,GG0011,CVB0011,REF0077,2,3,XGBoost,40f455f4e8aaedd0a9d3bd7cc2aee6a89380eb0e7ca14605e93e85e5c5cf4dbe,0.4578184187412262,predict_proba,9eb1905b0d2d4dff99236976201e564cbe25ee258ba901ad38107c5c6b5846f0,False,True
R0935,GG0011,CVB0011,REF0077,2,3,XGBoost,40f455f4e8aaedd0a9d3bd7cc2aee6a89380eb0e7ca14605e93e85e5c5cf4dbe,0.821851909160614,predict_proba,9eb1905b0d2d4dff99236976201e564cbe25ee258ba901ad38107c5c6b5846f0,False,True
R0936,GG0011,CVB0011,REF0077,2,3,XGBoost,40f455f4e8aaedd0a9d3bd7cc2aee6a89380eb0e7ca14605e93e85e5c5cf4dbe,0.6499928832054138,predict_proba,9eb1905b0d2d4dff99236976201e564cbe25ee258ba901ad38107c5c6b5846f0,False,True
R0937,GG0011,CVB0011,REF0077,2,3,XGBoost,40f455f4e8aaedd0a9d3bd7cc2aee6a89380eb0e7ca14605e93e85e5c5cf4dbe,0.7865580916404724,predict_proba,9eb1905b0d2d4dff99236976201e564cbe25ee258ba901ad38107c5c6b5846f0,False,True
R0938,GG0011,CVB0011,REF0077,2,3,XGBoost,40f455f4e8aaedd0a9d3bd7cc2aee6a89380eb0e7ca14605e93e85e5c5cf4dbe,0.8173097968101501,predict_proba,9eb1905b0d2d4dff99236976201e564cbe25ee258ba901ad38107c5c6b5846f0,False,True
R0939,GG0011,CVB0011,REF0077,2,3,XGBoost,40f455f4e8aaedd0a9d3bd7cc2aee6a89380eb0e7ca14605e93e85e5c5cf4dbe,0.6377480030059814,predict_proba,9eb1905b0d2d4dff99236976201e564cbe25ee258ba901ad38107c5c6b5846f0,False,True
R0940,GG0011,CVB0011,REF0077,2,3,XGBoost,40f455f4e8aaedd0a9d3bd7cc2aee6a89380eb0e7ca14605e93e85e5c5cf4dbe,0.732944667339325,predict_proba,9eb1905b0d2d4dff99236976201e564cbe25ee258ba901ad38107c5c6b5846f0,False,True
R0941,GG0011,CVB0011,REF0077,2,3,XGBoost,40f455f4e8aaedd0a9d3bd7cc2aee6a89380eb0e7ca14605e93e85e5c5cf4dbe,0.044397126883268356,predict_proba,9eb1905b0d2d4dff99236976201e564cbe25ee258ba901ad38107c5c6b5846f0,False,True
R0942,GG0011,CVB0011,REF0077,2,3,XGBoost,40f455f4e8aaedd0a9d3bd7cc2aee6a89380eb0e7ca14605e93e85e5c5cf4dbe,0.2529619634151459,predict_proba,9eb1905b0d2d4dff99236976201e564cbe25ee258ba901ad38107c5c6b5846f0,False,True
R0943,GG0011,CVB0011,REF0077,2,3,XGBoost,40f455f4e8aaedd0a9d3bd7cc2aee6a89380eb0e7ca14605e93e85e5c5cf4dbe,0.11399275064468384,predict_proba,9eb1905b0d2d4dff99236976201e564cbe25ee258ba901ad38107c5c6b5846f0,False,True
R1000,GG0022,CVB0019,REF0084,2,3,XGBoost,40f455f4e8aaedd0a9d3bd7cc2aee6a89380eb0e7ca14605e93e85e5c5cf4dbe,0.701093852519989,predict_proba,9eb1905b0d2d4dff99236976201e564cbe25ee258ba901ad38107c5c6b5846f0,False,True
R1001,GG0022,CVB0019,REF0084,2,3,XGBoost,40f455f4e8aaedd0a9d3bd7cc2aee6a89380eb0e7ca14605e93e85e5c5cf4dbe,0.934407651424408,predict_proba,9eb1905b0d2d4dff99236976201e564cbe25ee258ba901ad38107c5c6b5846f0,False,True
R1002,GG0022,CVB0019,REF0084,2,3,XGBoost,40f455f4e8aaedd0a9d3bd7cc2aee6a89380eb0e7ca14605e93e85e5c5cf4dbe,0.49835699796676636,predict_proba,9eb1905b0d2d4dff99236976201e564cbe25ee258ba901ad38107c5c6b5846f0,False,True
R1003,GG0022,CVB0019,REF0084,2,3,XGBoost,40f455f4e8aaedd0a9d3bd7cc2aee6a89380eb0e7ca14605e93e85e5c5cf4dbe,0.2132652997970581,predict_proba,9eb1905b0d2d4dff99236976201e564cbe25ee258ba901ad38107c5c6b5846f0,False,True
R1004,GG0022,CVB0019,REF0084,2,3,XGBoost,40f455f4e8aaedd0a9d3bd7cc2aee6a89380eb0e7ca14605e93e85e5c5cf4dbe,0.957590639591217,predict_proba,9eb1905b0d2d4dff99236976201e564cbe25ee258ba901ad38107c5c6b5846f0,False,True
R1005,GG0022,CVB0019,REF0084,2,3,XGBoost,40f455f4e8aaedd0a9d3bd7cc2aee6a89380eb0e7ca14605e93e85e5c5cf4dbe,0.007672250270843506,predict_proba,9eb1905b0d2d4dff99236976201e564cbe25ee258ba901ad38107c5c6b5846f0,False,True
R1411,GG0011,CVB0011,REF0110,2,3,XGBoost,40f455f4e8aaedd0a9d3bd7cc2aee6a89380eb0e7ca14605e93e85e5c5cf4dbe,0.00771250668913126,predict_proba,9eb1905b0d2d4dff99236976201e564cbe25ee258ba901ad38107c5c6b5846f0,False,True
R1412,GG0011,CVB0011,REF0110,2,3,XGBoost,40f455f4e8aaedd0a9d3bd7cc2aee6a89380eb0e7ca14605e93e85e5c5cf4dbe,0.008706877008080482,predict_proba,9eb1905b0d2d4dff99236976201e564cbe25ee258ba901ad38107c5c6b5846f0,False,True
R1413,GG0011,CVB0011,REF0110,2,3,XGBoost,40f455f4e8aaedd0a9d3bd7cc2aee6a89380eb0e7ca14605e93e85e5c5cf4dbe,0.0027395684737712145,predict_proba,9eb1905b0d2d4dff99236976201e564cbe25ee258ba901ad38107c5c6b5846f0,False,True
R1414,GG0011,CVB0011,REF0110,2,3,XGBoost,40f455f4e8aaedd0a9d3bd7cc2aee6a89380eb0e7ca14605e93e85e5c5cf4dbe,0.005199981387704611,predict_proba,9eb1905b0d2d4dff99236976201e564cbe25ee258ba901ad38107c5c6b5846f0,False,True
R1415,GG0011,CVB0011,REF0110,2,3,XGBoost,40f455f4e8aaedd0a9d3bd7cc2aee6a89380eb0e7ca14605e93e85e5c5cf4dbe,0.04761171713471413,predict_proba,9eb1905b0d2d4dff99236976201e564cbe25ee258ba901ad38107c5c6b5846f0,False,True
R1416,GG0011,CVB0011,REF0110,2,3,XGBoost,40f455f4e8aaedd0a9d3bd7cc2aee6a89380eb0e7ca14605e93e85e5c5cf4dbe,0.0012882977025583386,predict_proba,9eb1905b0d2d4dff99236976201e564cbe25ee258ba901ad38107c5c6b5846f0,False,True
R1417,GG0011,CVB0011,REF0110,2,3,XGBoost,40f455f4e8aaedd0a9d3bd7cc2aee6a89380eb0e7ca14605e93e85e5c5cf4dbe,0.00045143949682824314,predict_proba,9eb1905b0d2d4dff99236976201e564cbe25ee258ba901ad38107c5c6b5846f0,False,True
R1418,GG0011,CVB0011,REF0110,2,3,XGBoost,40f455f4e8aaedd0a9d3bd7cc2aee6a89380eb0e7ca14605e93e85e5c5cf4dbe,0.0008135724347084761,predict_proba,9eb1905b0d2d4dff99236976201e564cbe25ee258ba901ad38107c5c6b5846f0,False,True
R1419,GG0011,CVB0011,REF0110,2,3,XGBoost,40f455f4e8aaedd0a9d3bd7cc2aee6a89380eb0e7ca14605e93e85e5c5cf4dbe,0.004236223176121712,predict_proba,9eb1905b0d2d4dff99236976201e564cbe25ee258ba901ad38107c5c6b5846f0,False,True
R1420,GG0011,CVB0011,REF0110,2,3,XGBoost,40f455f4e8aaedd0a9d3bd7cc2aee6a89380eb0e7ca14605e93e85e5c5cf4dbe,0.002069323556497693,predict_proba,9eb1905b0d2d4dff99236976201e564cbe25ee258ba901ad38107c5c6b5846f0,False,True
R1421,GG0011,CVB0011,REF0110,2,3,XGBoost,40f455f4e8aaedd0a9d3bd7cc2aee6a89380eb0e7ca14605e93e85e5c5cf4dbe,0.19701999425888062,predict_proba,9eb1905b0d2d4dff99236976201e564cbe25ee258ba901ad38107c5c6b5846f0,False,True
R1422,GG0011,CVB0011,REF0110,2,3,XGBoost,40f455f4e8aaedd0a9d3bd7cc2aee6a89380eb0e7ca14605e93e85e5c5cf4dbe,0.018521873280405998,predict_proba,9eb1905b0d2d4dff99236976201e564cbe25ee258ba901ad38107c5c6b5846f0,False,True
R1423,GG0011,CVB0011,REF0110,2,3,XGBoost,40f455f4e8aaedd0a9d3bd7cc2aee6a89380eb0e7ca14605e93e85e5c5cf4dbe,0.06703485548496246,predict_proba,9eb1905b0d2d4dff99236976201e564cbe25ee258ba901ad38107c5c6b5846f0,False,True
R1424,GG0011,CVB0011,REF0110,2,3,XGBoost,40f455f4e8aaedd0a9d3bd7cc2aee6a89380eb0e7ca14605e93e85e5c5cf4dbe,0.8957149386405945,predict_proba,9eb1905b0d2d4dff99236976201e564cbe25ee258ba901ad38107c5c6b5846f0,False,True
R1425,GG0011,CVB0011,REF0110,2,3,XGBoost,40f455f4e8aaedd0a9d3bd7cc2aee6a89380eb0e7ca14605e93e85e5c5cf4dbe,0.5165992379188538,predict_proba,9eb1905b0d2d4dff99236976201e564cbe25ee258ba901ad38107c5c6b5846f0,False,True
R1426,GG0011,CVB0011,REF0110,2,3,XGBoost,40f455f4e8aaedd0a9d3bd7cc2aee6a89380eb0e7ca14605e93e85e5c5cf4dbe,0.05297812446951866,predict_proba,9eb1905b0d2d4dff99236976201e564cbe25ee258ba901ad38107c5c6b5846f0,False,True
R1427,GG0011,CVB0011,REF0110,2,3,XGBoost,40f455f4e8aaedd0a9d3bd7cc2aee6a89380eb0e7ca14605e93e85e5c5cf4dbe,0.37150681018829346,predict_proba,9eb1905b0d2d4dff99236976201e564cbe25ee258ba901ad38107c5c6b5846f0,False,True
R1428,GG0011,CVB0011,REF0110,2,3,XGBoost,40f455f4e8aaedd0a9d3bd7cc2aee6a89380eb0e7ca14605e93e85e5c5cf4dbe,0.024284813553094864,predict_proba,9eb1905b0d2d4dff99236976201e564cbe25ee258ba901ad38107c5c6b5846f0,False,True
R1429,GG0011,CVB0011,REF0110,2,3,XGBoost,40f455f4e8aaedd0a9d3bd7cc2aee6a89380eb0e7ca14605e93e85e5c5cf4dbe,0.0173640176653862,predict_proba,9eb1905b0d2d4dff99236976201e564cbe25ee258ba901ad38107c5c6b5846f0,False,True
R1430,GG0011,CVB0011,REF0110,2,3,XGBoost,40f455f4e8aaedd0a9d3bd7cc2aee6a89380eb0e7ca14605e93e85e5c5cf4dbe,0.46272382140159607,predict_proba,9eb1905b0d2d4dff99236976201e564cbe25ee258ba901ad38107c5c6b5846f0,False,True
R2142,GG0033,CVB0030,REF0155,2,3,XGBoost,40f455f4e8aaedd0a9d3bd7cc2aee6a89380eb0e7ca14605e93e85e5c5cf4dbe,0.4514264166355133,predict_proba,9eb1905b0d2d4dff99236976201e564cbe25ee258ba901ad38107c5c6b5846f0,False,True
R2143,GG0033,CVB0030,REF0155,2,3,XGBoost,40f455f4e8aaedd0a9d3bd7cc2aee6a89380eb0e7ca14605e93e85e5c5cf4dbe,0.369257390499115,predict_proba,9eb1905b0d2d4dff99236976201e564cbe25ee258ba901ad38107c5c6b5846f0,False,True
R2144,GG0033,CVB0030,REF0155,2,3,XGBoost,40f455f4e8aaedd0a9d3bd7cc2aee6a89380eb0e7ca14605e93e85e5c5cf4dbe,0.001291995169594884,predict_proba,9eb1905b0d2d4dff99236976201e564cbe25ee258ba901ad38107c5c6b5846f0,False,True
R2145,GG0033,CVB0030,REF0155,2,3,XGBoost,40f455f4e8aaedd0a9d3bd7cc2aee6a89380eb0e7ca14605e93e85e5c5cf4dbe,0.2169680893421173,predict_proba,9eb1905b0d2d4dff99236976201e564cbe25ee258ba901ad38107c5c6b5846f0,False,True
R2146,GG0033,CVB0030,REF0155,2,3,XGBoost,40f455f4e8aaedd0a9d3bd7cc2aee6a89380eb0e7ca14605e93e85e5c5cf4dbe,0.3290235698223114,predict_proba,9eb1905b0d2d4dff99236976201e564cbe25ee258ba901ad38107c5c6b5846f0,False,True
R2147,GG0033,CVB0030,REF0155,2,3,XGBoost,40f455f4e8aaedd0a9d3bd7cc2aee6a89380eb0e7ca14605e93e85e5c5cf4dbe,0.3104424476623535,predict_proba,9eb1905b0d2d4dff99236976201e564cbe25ee258ba901ad38107c5c6b5846f0,False,True
R2783,GG0017,CVB0007,REF0200,2,3,XGBoost,40f455f4e8aaedd0a9d3bd7cc2aee6a89380eb0e7ca14605e93e85e5c5cf4dbe,0.11407285928726196,predict_proba,9eb1905b0d2d4dff99236976201e564cbe25ee258ba901ad38107c5c6b5846f0,True,True
R2785,GG0017,CVB0007,REF0200,2,3,XGBoost,40f455f4e8aaedd0a9d3bd7cc2aee6a89380eb0e7ca14605e93e85e5c5cf4dbe,0.04179568588733673,predict_proba,9eb1905b0d2d4dff99236976201e564cbe25ee258ba901ad38107c5c6b5846f0,True,True
R2786,GG0017,CVB0007,REF0200,2,3,XGBoost,40f455f4e8aaedd0a9d3bd7cc2aee6a89380eb0e7ca14605e93e85e5c5cf4dbe,0.3413829505443573,predict_proba,9eb1905b0d2d4dff99236976201e564cbe25ee258ba901ad38107c5c6b5846f0,True,True
R2787,GG0017,CVB0007,REF0200,2,3,XGBoost,40f455f4e8aaedd0a9d3bd7cc2aee6a89380eb0e7ca14605e93e85e5c5cf4dbe,0.1430404782295227,predict_proba,9eb1905b0d2d4dff99236976201e564cbe25ee258ba901ad38107c5c6b5846f0,True,True
R2788,GG0017,CVB0007,REF0200,2,3,XGBoost,40f455f4e8aaedd0a9d3bd7cc2aee6a89380eb0e7ca14605e93e85e5c5cf4dbe,0.2140083611011505,predict_proba,9eb1905b0d2d4dff99236976201e564cbe25ee258ba901ad38107c5c6b5846f0,True,True
R2789,GG0017,CVB0007,REF0200,2,3,XGBoost,40f455f4e8aaedd0a9d3bd7cc2aee6a89380eb0e7ca14605e93e85e5c5cf4dbe,0.3357311189174652,predict_proba,9eb1905b0d2d4dff99236976201e564cbe25ee258ba901ad38107c5c6b5846f0,True,True
R2791,GG0017,CVB0007,REF0200,2,3,XGBoost,40f455f4e8aaedd0a9d3bd7cc2aee6a89380eb0e7ca14605e93e85e5c5cf4dbe,0.44020092487335205,predict_proba,9eb1905b0d2d4dff99236976201e564cbe25ee258ba901ad38107c5c6b5846f0,True,True
R2795,GG0017,CVB0007,REF0200,2,3,XGBoost,40f455f4e8aaedd0a9d3bd7cc2aee6a89380eb0e7ca14605e93e85e5c5cf4dbe,0.3298623859882355,predict_proba,9eb1905b0d2d4dff99236976201e564cbe25ee258ba901ad38107c5c6b5846f0,True,True
R2797,GG0017,CVB0007,REF0200,2,3,XGBoost,40f455f4e8aaedd0a9d3bd7cc2aee6a89380eb0e7ca14605e93e85e5c5cf4dbe,0.05025952309370041,predict_proba,9eb1905b0d2d4dff99236976201e564cbe25ee258ba901ad38107c5c6b5846f0,True,True
R2842,GG0021,CVB0010,REF0206,2,3,XGBoost,40f455f4e8aaedd0a9d3bd7cc2aee6a89380eb0e7ca14605e93e85e5c5cf4dbe,0.318241149187088,predict_proba,9eb1905b0d2d4dff99236976201e564cbe25ee258ba901ad38107c5c6b5846f0,True,True
R2843,GG0021,CVB0010,REF0206,2,3,XGBoost,40f455f4e8aaedd0a9d3bd7cc2aee6a89380eb0e7ca14605e93e85e5c5cf4dbe,0.026848560199141502,predict_proba,9eb1905b0d2d4dff99236976201e564cbe25ee258ba901ad38107c5c6b5846f0,True,True
R2844,GG0021,CVB0010,REF0206,2,3,XGBoost,40f455f4e8aaedd0a9d3bd7cc2aee6a89380eb0e7ca14605e93e85e5c5cf4dbe,0.04158439114689827,predict_proba,9eb1905b0d2d4dff99236976201e564cbe25ee258ba901ad38107c5c6b5846f0,True,True
R2845,GG0021,CVB0010,REF0206,2,3,XGBoost,40f455f4e8aaedd0a9d3bd7cc2aee6a89380eb0e7ca14605e93e85e5c5cf4dbe,0.1339728981256485,predict_proba,9eb1905b0d2d4dff99236976201e564cbe25ee258ba901ad38107c5c6b5846f0,True,True
R2846,GG0021,CVB0010,REF0206,2,3,XGBoost,40f455f4e8aaedd0a9d3bd7cc2aee6a89380eb0e7ca14605e93e85e5c5cf4dbe,0.9318498969078064,predict_proba,9eb1905b0d2d4dff99236976201e564cbe25ee258ba901ad38107c5c6b5846f0,True,True
R2847,GG0021,CVB0010,REF0206,2,3,XGBoost,40f455f4e8aaedd0a9d3bd7cc2aee6a89380eb0e7ca14605e93e85e5c5cf4dbe,0.22254632413387299,predict_proba,9eb1905b0d2d4dff99236976201e564cbe25ee258ba901ad38107c5c6b5846f0,True,True
R2848,GG0021,CVB0010,REF0206,2,3,XGBoost,40f455f4e8aaedd0a9d3bd7cc2aee6a89380eb0e7ca14605e93e85e5c5cf4dbe,0.09660917520523071,predict_proba,9eb1905b0d2d4dff99236976201e564cbe25ee258ba901ad38107c5c6b5846f0,True,True
R2849,GG0021,CVB0010,REF0206,2,3,XGBoost,40f455f4e8aaedd0a9d3bd7cc2aee6a89380eb0e7ca14605e93e85e5c5cf4dbe,0.9099262952804565,predict_proba,9eb1905b0d2d4dff99236976201e564cbe25ee258ba901ad38107c5c6b5846f0,True,True
R2858,GG0021,CVB0010,REF0208,2,3,XGBoost,40f455f4e8aaedd0a9d3bd7cc2aee6a89380eb0e7ca14605e93e85e5c5cf4dbe,0.9407029151916504,predict_proba,9eb1905b0d2d4dff99236976201e564cbe25ee258ba901ad38107c5c6b5846f0,True,True
R2859,GG0021,CVB0010,REF0208,2,3,XGBoost,40f455f4e8aaedd0a9d3bd7cc2aee6a89380eb0e7ca14605e93e85e5c5cf4dbe,0.9292353391647339,predict_proba,9eb1905b0d2d4dff99236976201e564cbe25ee258ba901ad38107c5c6b5846f0,True,True
R2860,GG0021,CVB0010,REF0208,2,3,XGBoost,40f455f4e8aaedd0a9d3bd7cc2aee6a89380eb0e7ca14605e93e85e5c5cf4dbe,0.8296353220939636,predict_proba,9eb1905b0d2d4dff99236976201e564cbe25ee258ba901ad38107c5c6b5846f0,True,True
R2861,GG0021,CVB0010,REF0208,2,3,XGBoost,40f455f4e8aaedd0a9d3bd7cc2aee6a89380eb0e7ca14605e93e85e5c5cf4dbe,0.9585853219032288,predict_proba,9eb1905b0d2d4dff99236976201e564cbe25ee258ba901ad38107c5c6b5846f0,True,True
R2862,GG0021,CVB0010,REF0208,2,3,XGBoost,40f455f4e8aaedd0a9d3bd7cc2aee6a89380eb0e7ca14605e93e85e5c5cf4dbe,0.9937352538108826,predict_proba,9eb1905b0d2d4dff99236976201e564cbe25ee258ba901ad38107c5c6b5846f0,True,True
R2863,GG0021,CVB0010,REF0208,2,3,XGBoost,40f455f4e8aaedd0a9d3bd7cc2aee6a89380eb0e7ca14605e93e85e5c5cf4dbe,0.8250873684883118,predict_proba,9eb1905b0d2d4dff99236976201e564cbe25ee258ba901ad38107c5c6b5846f0,True,True
R2864,GG0021,CVB0010,REF0208,2,3,XGBoost,40f455f4e8aaedd0a9d3bd7cc2aee6a89380eb0e7ca14605e93e85e5c5cf4dbe,0.35292714834213257,predict_proba,9eb1905b0d2d4dff99236976201e564cbe25ee258ba901ad38107c5c6b5846f0,True,True
R2869,GG0021,CVB0010,REF0209,2,3,XGBoost,40f455f4e8aaedd0a9d3bd7cc2aee6a89380eb0e7ca14605e93e85e5c5cf4dbe,0.4431440234184265,predict_proba,9eb1905b0d2d4dff99236976201e564cbe25ee258ba901ad38107c5c6b5846f0,True,True
R2870,GG0021,CVB0010,REF0209,2,3,XGBoost,40f455f4e8aaedd0a9d3bd7cc2aee6a89380eb0e7ca14605e93e85e5c5cf4dbe,0.9880952835083008,predict_proba,9eb1905b0d2d4dff99236976201e564cbe25ee258ba901ad38107c5c6b5846f0,True,True
R2871,GG0021,CVB0010,REF0209,2,3,XGBoost,40f455f4e8aaedd0a9d3bd7cc2aee6a89380eb0e7ca14605e93e85e5c5cf4dbe,0.976081907749176,predict_proba,9eb1905b0d2d4dff99236976201e564cbe25ee258ba901ad38107c5c6b5846f0,True,True
R2872,GG0021,CVB0010,REF0209,2,3,XGBoost,40f455f4e8aaedd0a9d3bd7cc2aee6a89380eb0e7ca14605e93e85e5c5cf4dbe,0.9875190258026123,predict_proba,9eb1905b0d2d4dff99236976201e564cbe25ee258ba901ad38107c5c6b5846f0,True,True
R2875,GG0021,CVB0010,REF0209,2,3,XGBoost,40f455f4e8aaedd0a9d3bd7cc2aee6a89380eb0e7ca14605e93e85e5c5cf4dbe,0.8757886290550232,predict_proba,9eb1905b0d2d4dff99236976201e564cbe25ee258ba901ad38107c5c6b5846f0,True,True
R0015,GG0021,CVB0010,REF0003,2,4,XGBoost,5c88e068396f32f89d85756e9dbc6ab2fb26afa93a4d5569f61d74bfd99473ad,0.8226227164268494,predict_proba,9eb1905b0d2d4dff99236976201e564cbe25ee258ba901ad38107c5c6b5846f0,True,True
R0016,GG0021,CVB0010,REF0003,2,4,XGBoost,5c88e068396f32f89d85756e9dbc6ab2fb26afa93a4d5569f61d74bfd99473ad,0.6512472629547119,predict_proba,9eb1905b0d2d4dff99236976201e564cbe25ee258ba901ad38107c5c6b5846f0,True,True
R0017,GG0021,CVB0010,REF0003,2,4,XGBoost,5c88e068396f32f89d85756e9dbc6ab2fb26afa93a4d5569f61d74bfd99473ad,0.7086847424507141,predict_proba,9eb1905b0d2d4dff99236976201e564cbe25ee258ba901ad38107c5c6b5846f0,True,True
R0018,GG0021,CVB0010,REF0003,2,4,XGBoost,5c88e068396f32f89d85756e9dbc6ab2fb26afa93a4d5569f61d74bfd99473ad,0.6291223764419556,predict_proba,9eb1905b0d2d4dff99236976201e564cbe25ee258ba901ad38107c5c6b5846f0,True,True
R0019,GG0021,CVB0010,REF0003,2,4,XGBoost,5c88e068396f32f89d85756e9dbc6ab2fb26afa93a4d5569f61d74bfd99473ad,0.22978554666042328,predict_proba,9eb1905b0d2d4dff99236976201e564cbe25ee258ba901ad38107c5c6b5846f0,True,True
R0020,GG0021,CVB0010,REF0003,2,4,XGBoost,5c88e068396f32f89d85756e9dbc6ab2fb26afa93a4d5569f61d74bfd99473ad,0.7837578654289246,predict_proba,9eb1905b0d2d4dff99236976201e564cbe25ee258ba901ad38107c5c6b5846f0,True,True
R0021,GG0021,CVB0010,REF0003,2,4,XGBoost,5c88e068396f32f89d85756e9dbc6ab2fb26afa93a4d5569f61d74bfd99473ad,0.7244126796722412,predict_proba,9eb1905b0d2d4dff99236976201e564cbe25ee258ba901ad38107c5c6b5846f0,True,True
R0022,GG0021,CVB0010,REF0003,2,4,XGBoost,5c88e068396f32f89d85756e9dbc6ab2fb26afa93a4d5569f61d74bfd99473ad,0.48844778537750244,predict_proba,9eb1905b0d2d4dff99236976201e564cbe25ee258ba901ad38107c5c6b5846f0,True,True
R0023,GG0021,CVB0010,REF0003,2,4,XGBoost,5c88e068396f32f89d85756e9dbc6ab2fb26afa93a4d5569f61d74bfd99473ad,0.5874945521354675,predict_proba,9eb1905b0d2d4dff99236976201e564cbe25ee258ba901ad38107c5c6b5846f0,True,True
R0024,GG0021,CVB0010,REF0003,2,4,XGBoost,5c88e068396f32f89d85756e9dbc6ab2fb26afa93a4d5569f61d74bfd99473ad,0.4625484347343445,predict_proba,9eb1905b0d2d4dff99236976201e564cbe25ee258ba901ad38107c5c6b5846f0,True,True
R0025,GG0021,CVB0010,REF0003,2,4,XGBoost,5c88e068396f32f89d85756e9dbc6ab2fb26afa93a4d5569f61d74bfd99473ad,0.6728662252426147,predict_proba,9eb1905b0d2d4dff99236976201e564cbe25ee258ba901ad38107c5c6b5846f0,True,True
R0026,GG0021,CVB0010,REF0003,2,4,XGBoost,5c88e068396f32f89d85756e9dbc6ab2fb26afa93a4d5569f61d74bfd99473ad,0.573223888874054,predict_proba,9eb1905b0d2d4dff99236976201e564cbe25ee258ba901ad38107c5c6b5846f0,True,True
R0027,GG0021,CVB0010,REF0003,2,4,XGBoost,5c88e068396f32f89d85756e9dbc6ab2fb26afa93a4d5569f61d74bfd99473ad,0.6823331713676453,predict_proba,9eb1905b0d2d4dff99236976201e564cbe25ee258ba901ad38107c5c6b5846f0,True,True
R0028,GG0021,CVB0010,REF0003,2,4,XGBoost,5c88e068396f32f89d85756e9dbc6ab2fb26afa93a4d5569f61d74bfd99473ad,0.5799442529678345,predict_proba,9eb1905b0d2d4dff99236976201e564cbe25ee258ba901ad38107c5c6b5846f0,True,True
R0029,GG0021,CVB0010,REF0004,2,4,XGBoost,5c88e068396f32f89d85756e9dbc6ab2fb26afa93a4d5569f61d74bfd99473ad,0.6559211015701294,predict_proba,9eb1905b0d2d4dff99236976201e564cbe25ee258ba901ad38107c5c6b5846f0,True,True
R0030,GG0021,CVB0010,REF0004,2,4,XGBoost,5c88e068396f32f89d85756e9dbc6ab2fb26afa93a4d5569f61d74bfd99473ad,0.648357629776001,predict_proba,9eb1905b0d2d4dff99236976201e564cbe25ee258ba901ad38107c5c6b5846f0,True,True
R0031,GG0021,CVB0010,REF0004,2,4,XGBoost,5c88e068396f32f89d85756e9dbc6ab2fb26afa93a4d5569f61d74bfd99473ad,0.6829700469970703,predict_proba,9eb1905b0d2d4dff99236976201e564cbe25ee258ba901ad38107c5c6b5846f0,True,True
R0032,GG0021,CVB0010,REF0004,2,4,XGBoost,5c88e068396f32f89d85756e9dbc6ab2fb26afa93a4d5569f61d74bfd99473ad,0.7721680402755737,predict_proba,9eb1905b0d2d4dff99236976201e564cbe25ee258ba901ad38107c5c6b5846f0,True,True
R0033,GG0021,CVB0010,REF0004,2,4,XGBoost,5c88e068396f32f89d85756e9dbc6ab2fb26afa93a4d5569f61d74bfd99473ad,0.7810600399971008,predict_proba,9eb1905b0d2d4dff99236976201e564cbe25ee258ba901ad38107c5c6b5846f0,True,True
R0034,GG0021,CVB0010,REF0004,2,4,XGBoost,5c88e068396f32f89d85756e9dbc6ab2fb26afa93a4d5569f61d74bfd99473ad,0.5368251800537109,predict_proba,9eb1905b0d2d4dff99236976201e564cbe25ee258ba901ad38107c5c6b5846f0,True,True
R0035,GG0021,CVB0010,REF0004,2,4,XGBoost,5c88e068396f32f89d85756e9dbc6ab2fb26afa93a4d5569f61d74bfd99473ad,0.6707417368888855,predict_proba,9eb1905b0d2d4dff99236976201e564cbe25ee258ba901ad38107c5c6b5846f0,True,True
R0036,GG0021,CVB0010,REF0004,2,4,XGBoost,5c88e068396f32f89d85756e9dbc6ab2fb26afa93a4d5569f61d74bfd99473ad,0.7759931087493896,predict_proba,9eb1905b0d2d4dff99236976201e564cbe25ee258ba901ad38107c5c6b5846f0,True,True
R0037,GG0022,CVB0019,REF0005,2,4,XGBoost,5c88e068396f32f89d85756e9dbc6ab2fb26afa93a4d5569f61d74bfd99473ad,0.09211686998605728,predict_proba,9eb1905b0d2d4dff99236976201e564cbe25ee258ba901ad38107c5c6b5846f0,False,True
R0038,GG0022,CVB0019,REF0005,2,4,XGBoost,5c88e068396f32f89d85756e9dbc6ab2fb26afa93a4d5569f61d74bfd99473ad,0.3999997079372406,predict_proba,9eb1905b0d2d4dff99236976201e564cbe25ee258ba901ad38107c5c6b5846f0,False,True
R0039,GG0022,CVB0019,REF0005,2,4,XGBoost,5c88e068396f32f89d85756e9dbc6ab2fb26afa93a4d5569f61d74bfd99473ad,0.2637392282485962,predict_proba,9eb1905b0d2d4dff99236976201e564cbe25ee258ba901ad38107c5c6b5846f0,False,True
R0040,GG0022,CVB0019,REF0005,2,4,XGBoost,5c88e068396f32f89d85756e9dbc6ab2fb26afa93a4d5569f61d74bfd99473ad,0.22164998948574066,predict_proba,9eb1905b0d2d4dff99236976201e564cbe25ee258ba901ad38107c5c6b5846f0,False,True
R0041,GG0022,CVB0019,REF0005,2,4,XGBoost,5c88e068396f32f89d85756e9dbc6ab2fb26afa93a4d5569f61d74bfd99473ad,0.20887760818004608,predict_proba,9eb1905b0d2d4dff99236976201e564cbe25ee258ba901ad38107c5c6b5846f0,False,True
R0042,GG0022,CVB0019,REF0005,2,4,XGBoost,5c88e068396f32f89d85756e9dbc6ab2fb26afa93a4d5569f61d74bfd99473ad,0.2347247451543808,predict_proba,9eb1905b0d2d4dff99236976201e564cbe25ee258ba901ad38107c5c6b5846f0,False,True
R0043,GG0022,CVB0019,REF0005,2,4,XGBoost,5c88e068396f32f89d85756e9dbc6ab2fb26afa93a4d5569f61d74bfd99473ad,0.20395204424858093,predict_proba,9eb1905b0d2d4dff99236976201e564cbe25ee258ba901ad38107c5c6b5846f0,False,True
R0044,GG0022,CVB0019,REF0005,2,4,XGBoost,5c88e068396f32f89d85756e9dbc6ab2fb26afa93a4d5569f61d74bfd99473ad,0.22518335282802582,predict_proba,9eb1905b0d2d4dff99236976201e564cbe25ee258ba901ad38107c5c6b5846f0,False,True
R0045,GG0022,CVB0019,REF0005,2,4,XGBoost,5c88e068396f32f89d85756e9dbc6ab2fb26afa93a4d5569f61d74bfd99473ad,0.5109376311302185,predict_proba,9eb1905b0d2d4dff99236976201e564cbe25ee258ba901ad38107c5c6b5846f0,False,True
R0046,GG0022,CVB0019,REF0005,2,4,XGBoost,5c88e068396f32f89d85756e9dbc6ab2fb26afa93a4d5569f61d74bfd99473ad,0.339635968208313,predict_proba,9eb1905b0d2d4dff99236976201e564cbe25ee258ba901ad38107c5c6b5846f0,False,True
R0047,GG0022,CVB0019,REF0005,2,4,XGBoost,5c88e068396f32f89d85756e9dbc6ab2fb26afa93a4d5569f61d74bfd99473ad,0.3704489767551422,predict_proba,9eb1905b0d2d4dff99236976201e564cbe25ee258ba901ad38107c5c6b5846f0,False,True
R0048,GG0022,CVB0019,REF0005,2,4,XGBoost,5c88e068396f32f89d85756e9dbc6ab2fb26afa93a4d5569f61d74bfd99473ad,0.34940364956855774,predict_proba,9eb1905b0d2d4dff99236976201e564cbe25ee258ba901ad38107c5c6b5846f0,False,True
R0060,GG0021,CVB0010,REF0008,2,4,XGBoost,5c88e068396f32f89d85756e9dbc6ab2fb26afa93a4d5569f61d74bfd99473ad,0.0940198078751564,predict_proba,9eb1905b0d2d4dff99236976201e564cbe25ee258ba901ad38107c5c6b5846f0,True,True
R0061,GG0021,CVB0010,REF0008,2,4,XGBoost,5c88e068396f32f89d85756e9dbc6ab2fb26afa93a4d5569f61d74bfd99473ad,0.5122573375701904,predict_proba,9eb1905b0d2d4dff99236976201e564cbe25ee258ba901ad38107c5c6b5846f0,True,True
R0062,GG0021,CVB0010,REF0008,2,4,XGBoost,5c88e068396f32f89d85756e9dbc6ab2fb26afa93a4d5569f61d74bfd99473ad,0.7514941692352295,predict_proba,9eb1905b0d2d4dff99236976201e564cbe25ee258ba901ad38107c5c6b5846f0,True,True
R0063,GG0021,CVB0010,REF0008,2,4,XGBoost,5c88e068396f32f89d85756e9dbc6ab2fb26afa93a4d5569f61d74bfd99473ad,0.3305783271789551,predict_proba,9eb1905b0d2d4dff99236976201e564cbe25ee258ba901ad38107c5c6b5846f0,True,True
R0064,GG0021,CVB0010,REF0008,2,4,XGBoost,5c88e068396f32f89d85756e9dbc6ab2fb26afa93a4d5569f61d74bfd99473ad,0.5968160629272461,predict_proba,9eb1905b0d2d4dff99236976201e564cbe25ee258ba901ad38107c5c6b5846f0,True,True
R0065,GG0021,CVB0010,REF0008,2,4,XGBoost,5c88e068396f32f89d85756e9dbc6ab2fb26afa93a4d5569f61d74bfd99473ad,0.5341281890869141,predict_proba,9eb1905b0d2d4dff99236976201e564cbe25ee258ba901ad38107c5c6b5846f0,True,True
R0066,GG0021,CVB0010,REF0008,2,4,XGBoost,5c88e068396f32f89d85756e9dbc6ab2fb26afa93a4d5569f61d74bfd99473ad,0.665270984172821,predict_proba,9eb1905b0d2d4dff99236976201e564cbe25ee258ba901ad38107c5c6b5846f0,True,True
R0067,GG0021,CVB0010,REF0008,2,4,XGBoost,5c88e068396f32f89d85756e9dbc6ab2fb26afa93a4d5569f61d74bfd99473ad,0.3695613443851471,predict_proba,9eb1905b0d2d4dff99236976201e564cbe25ee258ba901ad38107c5c6b5846f0,True,True
R0068,GG0021,CVB0010,REF0008,2,4,XGBoost,5c88e068396f32f89d85756e9dbc6ab2fb26afa93a4d5569f61d74bfd99473ad,0.5739216804504395,predict_proba,9eb1905b0d2d4dff99236976201e564cbe25ee258ba901ad38107c5c6b5846f0,True,True
R0069,GG0021,CVB0010,REF0008,2,4,XGBoost,5c88e068396f32f89d85756e9dbc6ab2fb26afa93a4d5569f61d74bfd99473ad,0.5304123163223267,predict_proba,9eb1905b0d2d4dff99236976201e564cbe25ee258ba901ad38107c5c6b5846f0,True,True
R0070,GG0021,CVB0010,REF0008,2,4,XGBoost,5c88e068396f32f89d85756e9dbc6ab2fb26afa93a4d5569f61d74bfd99473ad,0.5204168558120728,predict_proba,9eb1905b0d2d4dff99236976201e564cbe25ee258ba901ad38107c5c6b5846f0,True,True
R0071,GG0021,CVB0010,REF0008,2,4,XGBoost,5c88e068396f32f89d85756e9dbc6ab2fb26afa93a4d5569f61d74bfd99473ad,0.5261841416358948,predict_proba,9eb1905b0d2d4dff99236976201e564cbe25ee258ba901ad38107c5c6b5846f0,True,True
R0072,GG0021,CVB0010,REF0008,2,4,XGBoost,5c88e068396f32f89d85756e9dbc6ab2fb26afa93a4d5569f61d74bfd99473ad,0.6058250665664673,predict_proba,9eb1905b0d2d4dff99236976201e564cbe25ee258ba901ad38107c5c6b5846f0,True,True
R0073,GG0021,CVB0010,REF0008,2,4,XGBoost,5c88e068396f32f89d85756e9dbc6ab2fb26afa93a4d5569f61d74bfd99473ad,0.5319367051124573,predict_proba,9eb1905b0d2d4dff99236976201e564cbe25ee258ba901ad38107c5c6b5846f0,True,True
R0074,GG0021,CVB0010,REF0008,2,4,XGBoost,5c88e068396f32f89d85756e9dbc6ab2fb26afa93a4d5569f61d74bfd99473ad,0.5576202869415283,predict_proba,9eb1905b0d2d4dff99236976201e564cbe25ee258ba901ad38107c5c6b5846f0,True,True
R0075,GG0021,CVB0010,REF0008,2,4,XGBoost,5c88e068396f32f89d85756e9dbc6ab2fb26afa93a4d5569f61d74bfd99473ad,0.4672009348869324,predict_proba,9eb1905b0d2d4dff99236976201e564cbe25ee258ba901ad38107c5c6b5846f0,True,True
R0076,GG0021,CVB0010,REF0008,2,4,XGBoost,5c88e068396f32f89d85756e9dbc6ab2fb26afa93a4d5569f61d74bfd99473ad,0.6960561871528625,predict_proba,9eb1905b0d2d4dff99236976201e564cbe25ee258ba901ad38107c5c6b5846f0,True,True
R0077,GG0021,CVB0010,REF0008,2,4,XGBoost,5c88e068396f32f89d85756e9dbc6ab2fb26afa93a4d5569f61d74bfd99473ad,0.8156832456588745,predict_proba,9eb1905b0d2d4dff99236976201e564cbe25ee258ba901ad38107c5c6b5846f0,True,True
R0078,GG0021,CVB0010,REF0008,2,4,XGBoost,5c88e068396f32f89d85756e9dbc6ab2fb26afa93a4d5569f61d74bfd99473ad,0.8227869868278503,predict_proba,9eb1905b0d2d4dff99236976201e564cbe25ee258ba901ad38107c5c6b5846f0,True,True
R0079,GG0021,CVB0010,REF0008,2,4,XGBoost,5c88e068396f32f89d85756e9dbc6ab2fb26afa93a4d5569f61d74bfd99473ad,0.7823503613471985,predict_proba,9eb1905b0d2d4dff99236976201e564cbe25ee258ba901ad38107c5c6b5846f0,True,True
R0080,GG0021,CVB0010,REF0008,2,4,XGBoost,5c88e068396f32f89d85756e9dbc6ab2fb26afa93a4d5569f61d74bfd99473ad,0.8179579377174377,predict_proba,9eb1905b0d2d4dff99236976201e564cbe25ee258ba901ad38107c5c6b5846f0,True,True
R0123,GG0017,CVB0007,REF0013,2,4,XGBoost,5c88e068396f32f89d85756e9dbc6ab2fb26afa93a4d5569f61d74bfd99473ad,0.1542174071073532,predict_proba,9eb1905b0d2d4dff99236976201e564cbe25ee258ba901ad38107c5c6b5846f0,False,True
R0124,GG0017,CVB0007,REF0013,2,4,XGBoost,5c88e068396f32f89d85756e9dbc6ab2fb26afa93a4d5569f61d74bfd99473ad,0.15191484987735748,predict_proba,9eb1905b0d2d4dff99236976201e564cbe25ee258ba901ad38107c5c6b5846f0,False,True
R0125,GG0017,CVB0007,REF0013,2,4,XGBoost,5c88e068396f32f89d85756e9dbc6ab2fb26afa93a4d5569f61d74bfd99473ad,0.11873705685138702,predict_proba,9eb1905b0d2d4dff99236976201e564cbe25ee258ba901ad38107c5c6b5846f0,False,True
R0126,GG0017,CVB0007,REF0013,2,4,XGBoost,5c88e068396f32f89d85756e9dbc6ab2fb26afa93a4d5569f61d74bfd99473ad,0.09090062230825424,predict_proba,9eb1905b0d2d4dff99236976201e564cbe25ee258ba901ad38107c5c6b5846f0,False,True
R0127,GG0017,CVB0007,REF0013,2,4,XGBoost,5c88e068396f32f89d85756e9dbc6ab2fb26afa93a4d5569f61d74bfd99473ad,0.12641698122024536,predict_proba,9eb1905b0d2d4dff99236976201e564cbe25ee258ba901ad38107c5c6b5846f0,False,True
R0128,GG0017,CVB0007,REF0013,2,4,XGBoost,5c88e068396f32f89d85756e9dbc6ab2fb26afa93a4d5569f61d74bfd99473ad,0.16294720768928528,predict_proba,9eb1905b0d2d4dff99236976201e564cbe25ee258ba901ad38107c5c6b5846f0,False,True
R0199,GG0033,CVB0030,REF0021,2,4,XGBoost,5c88e068396f32f89d85756e9dbc6ab2fb26afa93a4d5569f61d74bfd99473ad,0.35309362411499023,predict_proba,9eb1905b0d2d4dff99236976201e564cbe25ee258ba901ad38107c5c6b5846f0,False,True
R0200,GG0033,CVB0030,REF0021,2,4,XGBoost,5c88e068396f32f89d85756e9dbc6ab2fb26afa93a4d5569f61d74bfd99473ad,0.20907126367092133,predict_proba,9eb1905b0d2d4dff99236976201e564cbe25ee258ba901ad38107c5c6b5846f0,False,True
R0201,GG0033,CVB0030,REF0021,2,4,XGBoost,5c88e068396f32f89d85756e9dbc6ab2fb26afa93a4d5569f61d74bfd99473ad,0.4028410017490387,predict_proba,9eb1905b0d2d4dff99236976201e564cbe25ee258ba901ad38107c5c6b5846f0,False,True
R0202,GG0033,CVB0030,REF0021,2,4,XGBoost,5c88e068396f32f89d85756e9dbc6ab2fb26afa93a4d5569f61d74bfd99473ad,0.28147369623184204,predict_proba,9eb1905b0d2d4dff99236976201e564cbe25ee258ba901ad38107c5c6b5846f0,False,True
R0203,GG0033,CVB0030,REF0021,2,4,XGBoost,5c88e068396f32f89d85756e9dbc6ab2fb26afa93a4d5569f61d74bfd99473ad,0.22859516739845276,predict_proba,9eb1905b0d2d4dff99236976201e564cbe25ee258ba901ad38107c5c6b5846f0,False,True
R0204,GG0033,CVB0030,REF0021,2,4,XGBoost,5c88e068396f32f89d85756e9dbc6ab2fb26afa93a4d5569f61d74bfd99473ad,0.42281845211982727,predict_proba,9eb1905b0d2d4dff99236976201e564cbe25ee258ba901ad38107c5c6b5846f0,False,True
R0205,GG0033,CVB0030,REF0021,2,4,XGBoost,5c88e068396f32f89d85756e9dbc6ab2fb26afa93a4d5569f61d74bfd99473ad,0.3388591706752777,predict_proba,9eb1905b0d2d4dff99236976201e564cbe25ee258ba901ad38107c5c6b5846f0,False,True
R0206,GG0033,CVB0030,REF0021,2,4,XGBoost,5c88e068396f32f89d85756e9dbc6ab2fb26afa93a4d5569f61d74bfd99473ad,0.5399044752120972,predict_proba,9eb1905b0d2d4dff99236976201e564cbe25ee258ba901ad38107c5c6b5846f0,False,True
R0207,GG0033,CVB0030,REF0021,2,4,XGBoost,5c88e068396f32f89d85756e9dbc6ab2fb26afa93a4d5569f61d74bfd99473ad,0.026142990216612816,predict_proba,9eb1905b0d2d4dff99236976201e564cbe25ee258ba901ad38107c5c6b5846f0,False,True
R0208,GG0033,CVB0030,REF0021,2,4,XGBoost,5c88e068396f32f89d85756e9dbc6ab2fb26afa93a4d5569f61d74bfd99473ad,0.02779180184006691,predict_proba,9eb1905b0d2d4dff99236976201e564cbe25ee258ba901ad38107c5c6b5846f0,False,True
R0209,GG0033,CVB0030,REF0021,2,4,XGBoost,5c88e068396f32f89d85756e9dbc6ab2fb26afa93a4d5569f61d74bfd99473ad,0.02337200567126274,predict_proba,9eb1905b0d2d4dff99236976201e564cbe25ee258ba901ad38107c5c6b5846f0,False,True
R0210,GG0033,CVB0030,REF0021,2,4,XGBoost,5c88e068396f32f89d85756e9dbc6ab2fb26afa93a4d5569f61d74bfd99473ad,0.12272369116544724,predict_proba,9eb1905b0d2d4dff99236976201e564cbe25ee258ba901ad38107c5c6b5846f0,False,True
R0211,GG0033,CVB0030,REF0021,2,4,XGBoost,5c88e068396f32f89d85756e9dbc6ab2fb26afa93a4d5569f61d74bfd99473ad,0.12091012299060822,predict_proba,9eb1905b0d2d4dff99236976201e564cbe25ee258ba901ad38107c5c6b5846f0,False,True
R0212,GG0033,CVB0030,REF0021,2,4,XGBoost,5c88e068396f32f89d85756e9dbc6ab2fb26afa93a4d5569f61d74bfd99473ad,0.12190541625022888,predict_proba,9eb1905b0d2d4dff99236976201e564cbe25ee258ba901ad38107c5c6b5846f0,False,True
R0213,GG0033,CVB0030,REF0022,2,4,XGBoost,5c88e068396f32f89d85756e9dbc6ab2fb26afa93a4d5569f61d74bfd99473ad,0.11323095113039017,predict_proba,9eb1905b0d2d4dff99236976201e564cbe25ee258ba901ad38107c5c6b5846f0,False,True
R0214,GG0033,CVB0030,REF0022,2,4,XGBoost,5c88e068396f32f89d85756e9dbc6ab2fb26afa93a4d5569f61d74bfd99473ad,0.45701634883880615,predict_proba,9eb1905b0d2d4dff99236976201e564cbe25ee258ba901ad38107c5c6b5846f0,False,True
R0215,GG0033,CVB0030,REF0022,2,4,XGBoost,5c88e068396f32f89d85756e9dbc6ab2fb26afa93a4d5569f61d74bfd99473ad,0.22719863057136536,predict_proba,9eb1905b0d2d4dff99236976201e564cbe25ee258ba901ad38107c5c6b5846f0,False,True
R0360,GG0021,CVB0010,REF0036,2,4,XGBoost,5c88e068396f32f89d85756e9dbc6ab2fb26afa93a4d5569f61d74bfd99473ad,0.20545265078544617,predict_proba,9eb1905b0d2d4dff99236976201e564cbe25ee258ba901ad38107c5c6b5846f0,True,True
R0361,GG0021,CVB0010,REF0036,2,4,XGBoost,5c88e068396f32f89d85756e9dbc6ab2fb26afa93a4d5569f61d74bfd99473ad,0.27216604351997375,predict_proba,9eb1905b0d2d4dff99236976201e564cbe25ee258ba901ad38107c5c6b5846f0,True,True
R0362,GG0021,CVB0010,REF0036,2,4,XGBoost,5c88e068396f32f89d85756e9dbc6ab2fb26afa93a4d5569f61d74bfd99473ad,0.23925946652889252,predict_proba,9eb1905b0d2d4dff99236976201e564cbe25ee258ba901ad38107c5c6b5846f0,True,True
R0363,GG0021,CVB0010,REF0036,2,4,XGBoost,5c88e068396f32f89d85756e9dbc6ab2fb26afa93a4d5569f61d74bfd99473ad,0.6323341727256775,predict_proba,9eb1905b0d2d4dff99236976201e564cbe25ee258ba901ad38107c5c6b5846f0,True,True
R0364,GG0021,CVB0010,REF0036,2,4,XGBoost,5c88e068396f32f89d85756e9dbc6ab2fb26afa93a4d5569f61d74bfd99473ad,0.5838718414306641,predict_proba,9eb1905b0d2d4dff99236976201e564cbe25ee258ba901ad38107c5c6b5846f0,True,True
R0365,GG0021,CVB0010,REF0036,2,4,XGBoost,5c88e068396f32f89d85756e9dbc6ab2fb26afa93a4d5569f61d74bfd99473ad,0.3601704239845276,predict_proba,9eb1905b0d2d4dff99236976201e564cbe25ee258ba901ad38107c5c6b5846f0,True,True
R0366,GG0021,CVB0010,REF0036,2,4,XGBoost,5c88e068396f32f89d85756e9dbc6ab2fb26afa93a4d5569f61d74bfd99473ad,0.5172221660614014,predict_proba,9eb1905b0d2d4dff99236976201e564cbe25ee258ba901ad38107c5c6b5846f0,True,True
R0367,GG0021,CVB0010,REF0036,2,4,XGBoost,5c88e068396f32f89d85756e9dbc6ab2fb26afa93a4d5569f61d74bfd99473ad,0.3221382200717926,predict_proba,9eb1905b0d2d4dff99236976201e564cbe25ee258ba901ad38107c5c6b5846f0,True,True
R0368,GG0021,CVB0010,REF0036,2,4,XGBoost,5c88e068396f32f89d85756e9dbc6ab2fb26afa93a4d5569f61d74bfd99473ad,0.806609570980072,predict_proba,9eb1905b0d2d4dff99236976201e564cbe25ee258ba901ad38107c5c6b5846f0,True,True
R0369,GG0021,CVB0010,REF0036,2,4,XGBoost,5c88e068396f32f89d85756e9dbc6ab2fb26afa93a4d5569f61d74bfd99473ad,0.7812556028366089,predict_proba,9eb1905b0d2d4dff99236976201e564cbe25ee258ba901ad38107c5c6b5846f0,True,True
R0457,GG0021,CVB0010,REF0042,2,4,XGBoost,5c88e068396f32f89d85756e9dbc6ab2fb26afa93a4d5569f61d74bfd99473ad,0.29831239581108093,predict_proba,9eb1905b0d2d4dff99236976201e564cbe25ee258ba901ad38107c5c6b5846f0,True,True
R0458,GG0021,CVB0010,REF0042,2,4,XGBoost,5c88e068396f32f89d85756e9dbc6ab2fb26afa93a4d5569f61d74bfd99473ad,0.3602908253669739,predict_proba,9eb1905b0d2d4dff99236976201e564cbe25ee258ba901ad38107c5c6b5846f0,True,True
R0459,GG0021,CVB0010,REF0042,2,4,XGBoost,5c88e068396f32f89d85756e9dbc6ab2fb26afa93a4d5569f61d74bfd99473ad,0.29338592290878296,predict_proba,9eb1905b0d2d4dff99236976201e564cbe25ee258ba901ad38107c5c6b5846f0,True,True
R0460,GG0021,CVB0010,REF0042,2,4,XGBoost,5c88e068396f32f89d85756e9dbc6ab2fb26afa93a4d5569f61d74bfd99473ad,0.7779154181480408,predict_proba,9eb1905b0d2d4dff99236976201e564cbe25ee258ba901ad38107c5c6b5846f0,True,True
R0461,GG0021,CVB0010,REF0042,2,4,XGBoost,5c88e068396f32f89d85756e9dbc6ab2fb26afa93a4d5569f61d74bfd99473ad,0.6264345645904541,predict_proba,9eb1905b0d2d4dff99236976201e564cbe25ee258ba901ad38107c5c6b5846f0,True,True
R0462,GG0021,CVB0010,REF0042,2,4,XGBoost,5c88e068396f32f89d85756e9dbc6ab2fb26afa93a4d5569f61d74bfd99473ad,0.45228439569473267,predict_proba,9eb1905b0d2d4dff99236976201e564cbe25ee258ba901ad38107c5c6b5846f0,True,True
R0463,GG0021,CVB0010,REF0042,2,4,XGBoost,5c88e068396f32f89d85756e9dbc6ab2fb26afa93a4d5569f61d74bfd99473ad,0.2791001796722412,predict_proba,9eb1905b0d2d4dff99236976201e564cbe25ee258ba901ad38107c5c6b5846f0,True,True
R0464,GG0021,CVB0010,REF0042,2,4,XGBoost,5c88e068396f32f89d85756e9dbc6ab2fb26afa93a4d5569f61d74bfd99473ad,0.344318151473999,predict_proba,9eb1905b0d2d4dff99236976201e564cbe25ee258ba901ad38107c5c6b5846f0,True,True
R0465,GG0021,CVB0010,REF0042,2,4,XGBoost,5c88e068396f32f89d85756e9dbc6ab2fb26afa93a4d5569f61d74bfd99473ad,0.2536708116531372,predict_proba,9eb1905b0d2d4dff99236976201e564cbe25ee258ba901ad38107c5c6b5846f0,True,True
R0466,GG0021,CVB0010,REF0042,2,4,XGBoost,5c88e068396f32f89d85756e9dbc6ab2fb26afa93a4d5569f61d74bfd99473ad,0.3262021839618683,predict_proba,9eb1905b0d2d4dff99236976201e564cbe25ee258ba901ad38107c5c6b5846f0,True,True
R0467,GG0021,CVB0010,REF0042,2,4,XGBoost,5c88e068396f32f89d85756e9dbc6ab2fb26afa93a4d5569f61d74bfd99473ad,0.23815079033374786,predict_proba,9eb1905b0d2d4dff99236976201e564cbe25ee258ba901ad38107c5c6b5846f0,True,True
R0468,GG0021,CVB0010,REF0042,2,4,XGBoost,5c88e068396f32f89d85756e9dbc6ab2fb26afa93a4d5569f61d74bfd99473ad,0.7850414514541626,predict_proba,9eb1905b0d2d4dff99236976201e564cbe25ee258ba901ad38107c5c6b5846f0,True,True
R0469,GG0021,CVB0010,REF0042,2,4,XGBoost,5c88e068396f32f89d85756e9dbc6ab2fb26afa93a4d5569f61d74bfd99473ad,0.303779274225235,predict_proba,9eb1905b0d2d4dff99236976201e564cbe25ee258ba901ad38107c5c6b5846f0,True,True
R0470,GG0021,CVB0010,REF0042,2,4,XGBoost,5c88e068396f32f89d85756e9dbc6ab2fb26afa93a4d5569f61d74bfd99473ad,0.1747685968875885,predict_proba,9eb1905b0d2d4dff99236976201e564cbe25ee258ba901ad38107c5c6b5846f0,True,True
R0471,GG0021,CVB0010,REF0042,2,4,XGBoost,5c88e068396f32f89d85756e9dbc6ab2fb26afa93a4d5569f61d74bfd99473ad,0.2853522300720215,predict_proba,9eb1905b0d2d4dff99236976201e564cbe25ee258ba901ad38107c5c6b5846f0,True,True
R0472,GG0021,CVB0010,REF0042,2,4,XGBoost,5c88e068396f32f89d85756e9dbc6ab2fb26afa93a4d5569f61d74bfd99473ad,0.3455538749694824,predict_proba,9eb1905b0d2d4dff99236976201e564cbe25ee258ba901ad38107c5c6b5846f0,True,True
R0473,GG0021,CVB0010,REF0042,2,4,XGBoost,5c88e068396f32f89d85756e9dbc6ab2fb26afa93a4d5569f61d74bfd99473ad,0.26579177379608154,predict_proba,9eb1905b0d2d4dff99236976201e564cbe25ee258ba901ad38107c5c6b5846f0,True,True
R0474,GG0021,CVB0010,REF0042,2,4,XGBoost,5c88e068396f32f89d85756e9dbc6ab2fb26afa93a4d5569f61d74bfd99473ad,0.33859574794769287,predict_proba,9eb1905b0d2d4dff99236976201e564cbe25ee258ba901ad38107c5c6b5846f0,True,True
R0475,GG0021,CVB0010,REF0042,2,4,XGBoost,5c88e068396f32f89d85756e9dbc6ab2fb26afa93a4d5569f61d74bfd99473ad,0.27019384503364563,predict_proba,9eb1905b0d2d4dff99236976201e564cbe25ee258ba901ad38107c5c6b5846f0,True,True
R0476,GG0021,CVB0010,REF0042,2,4,XGBoost,5c88e068396f32f89d85756e9dbc6ab2fb26afa93a4d5569f61d74bfd99473ad,0.5086187124252319,predict_proba,9eb1905b0d2d4dff99236976201e564cbe25ee258ba901ad38107c5c6b5846f0,True,True
R0477,GG0021,CVB0010,REF0042,2,4,XGBoost,5c88e068396f32f89d85756e9dbc6ab2fb26afa93a4d5569f61d74bfd99473ad,0.27949854731559753,predict_proba,9eb1905b0d2d4dff99236976201e564cbe25ee258ba901ad38107c5c6b5846f0,True,True
R0478,GG0021,CVB0010,REF0043,2,4,XGBoost,5c88e068396f32f89d85756e9dbc6ab2fb26afa93a4d5569f61d74bfd99473ad,0.613114058971405,predict_proba,9eb1905b0d2d4dff99236976201e564cbe25ee258ba901ad38107c5c6b5846f0,True,True
R0479,GG0021,CVB0010,REF0043,2,4,XGBoost,5c88e068396f32f89d85756e9dbc6ab2fb26afa93a4d5569f61d74bfd99473ad,0.6721555590629578,predict_proba,9eb1905b0d2d4dff99236976201e564cbe25ee258ba901ad38107c5c6b5846f0,True,True
R0480,GG0021,CVB0010,REF0043,2,4,XGBoost,5c88e068396f32f89d85756e9dbc6ab2fb26afa93a4d5569f61d74bfd99473ad,0.406658798456192,predict_proba,9eb1905b0d2d4dff99236976201e564cbe25ee258ba901ad38107c5c6b5846f0,True,True
R0481,GG0021,CVB0010,REF0043,2,4,XGBoost,5c88e068396f32f89d85756e9dbc6ab2fb26afa93a4d5569f61d74bfd99473ad,0.6864601373672485,predict_proba,9eb1905b0d2d4dff99236976201e564cbe25ee258ba901ad38107c5c6b5846f0,True,True
R0482,GG0021,CVB0010,REF0043,2,4,XGBoost,5c88e068396f32f89d85756e9dbc6ab2fb26afa93a4d5569f61d74bfd99473ad,0.7123869061470032,predict_proba,9eb1905b0d2d4dff99236976201e564cbe25ee258ba901ad38107c5c6b5846f0,True,True
R0483,GG0021,CVB0010,REF0043,2,4,XGBoost,5c88e068396f32f89d85756e9dbc6ab2fb26afa93a4d5569f61d74bfd99473ad,0.6888701319694519,predict_proba,9eb1905b0d2d4dff99236976201e564cbe25ee258ba901ad38107c5c6b5846f0,True,True
R0484,GG0021,CVB0010,REF0043,2,4,XGBoost,5c88e068396f32f89d85756e9dbc6ab2fb26afa93a4d5569f61d74bfd99473ad,0.6540353894233704,predict_proba,9eb1905b0d2d4dff99236976201e564cbe25ee258ba901ad38107c5c6b5846f0,True,True
R0485,GG0021,CVB0010,REF0043,2,4,XGBoost,5c88e068396f32f89d85756e9dbc6ab2fb26afa93a4d5569f61d74bfd99473ad,0.6860301494598389,predict_proba,9eb1905b0d2d4dff99236976201e564cbe25ee258ba901ad38107c5c6b5846f0,True,True
R0486,GG0021,CVB0010,REF0043,2,4,XGBoost,5c88e068396f32f89d85756e9dbc6ab2fb26afa93a4d5569f61d74bfd99473ad,0.7978507876396179,predict_proba,9eb1905b0d2d4dff99236976201e564cbe25ee258ba901ad38107c5c6b5846f0,True,True
R0487,GG0021,CVB0010,REF0043,2,4,XGBoost,5c88e068396f32f89d85756e9dbc6ab2fb26afa93a4d5569f61d74bfd99473ad,0.813187837600708,predict_proba,9eb1905b0d2d4dff99236976201e564cbe25ee258ba901ad38107c5c6b5846f0,True,True
R0488,GG0021,CVB0010,REF0043,2,4,XGBoost,5c88e068396f32f89d85756e9dbc6ab2fb26afa93a4d5569f61d74bfd99473ad,0.4249905049800873,predict_proba,9eb1905b0d2d4dff99236976201e564cbe25ee258ba901ad38107c5c6b5846f0,True,True
R0489,GG0021,CVB0010,REF0043,2,4,XGBoost,5c88e068396f32f89d85756e9dbc6ab2fb26afa93a4d5569f61d74bfd99473ad,0.8244207501411438,predict_proba,9eb1905b0d2d4dff99236976201e564cbe25ee258ba901ad38107c5c6b5846f0,True,True
R0490,GG0021,CVB0010,REF0043,2,4,XGBoost,5c88e068396f32f89d85756e9dbc6ab2fb26afa93a4d5569f61d74bfd99473ad,0.5706431865692139,predict_proba,9eb1905b0d2d4dff99236976201e564cbe25ee258ba901ad38107c5c6b5846f0,True,True
R0491,GG0021,CVB0010,REF0043,2,4,XGBoost,5c88e068396f32f89d85756e9dbc6ab2fb26afa93a4d5569f61d74bfd99473ad,0.847639262676239,predict_proba,9eb1905b0d2d4dff99236976201e564cbe25ee258ba901ad38107c5c6b5846f0,True,True
R0492,GG0021,CVB0010,REF0043,2,4,XGBoost,5c88e068396f32f89d85756e9dbc6ab2fb26afa93a4d5569f61d74bfd99473ad,0.7638851404190063,predict_proba,9eb1905b0d2d4dff99236976201e564cbe25ee258ba901ad38107c5c6b5846f0,True,True
R0493,GG0021,CVB0010,REF0043,2,4,XGBoost,5c88e068396f32f89d85756e9dbc6ab2fb26afa93a4d5569f61d74bfd99473ad,0.78079754114151,predict_proba,9eb1905b0d2d4dff99236976201e564cbe25ee258ba901ad38107c5c6b5846f0,True,True
R0494,GG0021,CVB0010,REF0043,2,4,XGBoost,5c88e068396f32f89d85756e9dbc6ab2fb26afa93a4d5569f61d74bfd99473ad,0.7697754502296448,predict_proba,9eb1905b0d2d4dff99236976201e564cbe25ee258ba901ad38107c5c6b5846f0,True,True
R0495,GG0021,CVB0010,REF0043,2,4,XGBoost,5c88e068396f32f89d85756e9dbc6ab2fb26afa93a4d5569f61d74bfd99473ad,0.7867753505706787,predict_proba,9eb1905b0d2d4dff99236976201e564cbe25ee258ba901ad38107c5c6b5846f0,True,True
R0496,GG0021,CVB0010,REF0043,2,4,XGBoost,5c88e068396f32f89d85756e9dbc6ab2fb26afa93a4d5569f61d74bfd99473ad,0.817893922328949,predict_proba,9eb1905b0d2d4dff99236976201e564cbe25ee258ba901ad38107c5c6b5846f0,True,True
R0603,GG0033,CVB0030,REF0051,2,4,XGBoost,5c88e068396f32f89d85756e9dbc6ab2fb26afa93a4d5569f61d74bfd99473ad,0.1896410435438156,predict_proba,9eb1905b0d2d4dff99236976201e564cbe25ee258ba901ad38107c5c6b5846f0,False,True
R0604,GG0033,CVB0030,REF0051,2,4,XGBoost,5c88e068396f32f89d85756e9dbc6ab2fb26afa93a4d5569f61d74bfd99473ad,0.27021580934524536,predict_proba,9eb1905b0d2d4dff99236976201e564cbe25ee258ba901ad38107c5c6b5846f0,False,True
R0605,GG0033,CVB0030,REF0051,2,4,XGBoost,5c88e068396f32f89d85756e9dbc6ab2fb26afa93a4d5569f61d74bfd99473ad,0.29496535658836365,predict_proba,9eb1905b0d2d4dff99236976201e564cbe25ee258ba901ad38107c5c6b5846f0,False,True
R0606,GG0033,CVB0030,REF0051,2,4,XGBoost,5c88e068396f32f89d85756e9dbc6ab2fb26afa93a4d5569f61d74bfd99473ad,0.15117906033992767,predict_proba,9eb1905b0d2d4dff99236976201e564cbe25ee258ba901ad38107c5c6b5846f0,False,True
R0607,GG0033,CVB0030,REF0051,2,4,XGBoost,5c88e068396f32f89d85756e9dbc6ab2fb26afa93a4d5569f61d74bfd99473ad,0.17659983038902283,predict_proba,9eb1905b0d2d4dff99236976201e564cbe25ee258ba901ad38107c5c6b5846f0,False,True
R0608,GG0033,CVB0030,REF0051,2,4,XGBoost,5c88e068396f32f89d85756e9dbc6ab2fb26afa93a4d5569f61d74bfd99473ad,0.20193420350551605,predict_proba,9eb1905b0d2d4dff99236976201e564cbe25ee258ba901ad38107c5c6b5846f0,False,True
R0609,GG0033,CVB0030,REF0051,2,4,XGBoost,5c88e068396f32f89d85756e9dbc6ab2fb26afa93a4d5569f61d74bfd99473ad,0.28346410393714905,predict_proba,9eb1905b0d2d4dff99236976201e564cbe25ee258ba901ad38107c5c6b5846f0,False,True
R0610,GG0033,CVB0030,REF0051,2,4,XGBoost,5c88e068396f32f89d85756e9dbc6ab2fb26afa93a4d5569f61d74bfd99473ad,0.26755642890930176,predict_proba,9eb1905b0d2d4dff99236976201e564cbe25ee258ba901ad38107c5c6b5846f0,False,True
R0611,GG0033,CVB0030,REF0051,2,4,XGBoost,5c88e068396f32f89d85756e9dbc6ab2fb26afa93a4d5569f61d74bfd99473ad,0.3627464473247528,predict_proba,9eb1905b0d2d4dff99236976201e564cbe25ee258ba901ad38107c5c6b5846f0,False,True
R0612,GG0033,CVB0030,REF0051,2,4,XGBoost,5c88e068396f32f89d85756e9dbc6ab2fb26afa93a4d5569f61d74bfd99473ad,0.30468934774398804,predict_proba,9eb1905b0d2d4dff99236976201e564cbe25ee258ba901ad38107c5c6b5846f0,False,True
R0613,GG0033,CVB0030,REF0051,2,4,XGBoost,5c88e068396f32f89d85756e9dbc6ab2fb26afa93a4d5569f61d74bfd99473ad,0.19435639679431915,predict_proba,9eb1905b0d2d4dff99236976201e564cbe25ee258ba901ad38107c5c6b5846f0,False,True
R0614,GG0033,CVB0030,REF0051,2,4,XGBoost,5c88e068396f32f89d85756e9dbc6ab2fb26afa93a4d5569f61d74bfd99473ad,0.31452277302742004,predict_proba,9eb1905b0d2d4dff99236976201e564cbe25ee258ba901ad38107c5c6b5846f0,False,True
R0615,GG0033,CVB0030,REF0051,2,4,XGBoost,5c88e068396f32f89d85756e9dbc6ab2fb26afa93a4d5569f61d74bfd99473ad,0.2370459884405136,predict_proba,9eb1905b0d2d4dff99236976201e564cbe25ee258ba901ad38107c5c6b5846f0,False,True
R0616,GG0033,CVB0030,REF0051,2,4,XGBoost,5c88e068396f32f89d85756e9dbc6ab2fb26afa93a4d5569f61d74bfd99473ad,0.27590611577033997,predict_proba,9eb1905b0d2d4dff99236976201e564cbe25ee258ba901ad38107c5c6b5846f0,False,True
R0617,GG0033,CVB0030,REF0051,2,4,XGBoost,5c88e068396f32f89d85756e9dbc6ab2fb26afa93a4d5569f61d74bfd99473ad,0.34805238246917725,predict_proba,9eb1905b0d2d4dff99236976201e564cbe25ee258ba901ad38107c5c6b5846f0,False,True
R0618,GG0033,CVB0030,REF0051,2,4,XGBoost,5c88e068396f32f89d85756e9dbc6ab2fb26afa93a4d5569f61d74bfd99473ad,0.07787668704986572,predict_proba,9eb1905b0d2d4dff99236976201e564cbe25ee258ba901ad38107c5c6b5846f0,False,True
R0619,GG0033,CVB0030,REF0051,2,4,XGBoost,5c88e068396f32f89d85756e9dbc6ab2fb26afa93a4d5569f61d74bfd99473ad,0.11708436906337738,predict_proba,9eb1905b0d2d4dff99236976201e564cbe25ee258ba901ad38107c5c6b5846f0,False,True
R0620,GG0033,CVB0030,REF0051,2,4,XGBoost,5c88e068396f32f89d85756e9dbc6ab2fb26afa93a4d5569f61d74bfd99473ad,0.2728371322154999,predict_proba,9eb1905b0d2d4dff99236976201e564cbe25ee258ba901ad38107c5c6b5846f0,False,True
R0621,GG0033,CVB0030,REF0051,2,4,XGBoost,5c88e068396f32f89d85756e9dbc6ab2fb26afa93a4d5569f61d74bfd99473ad,0.12310836464166641,predict_proba,9eb1905b0d2d4dff99236976201e564cbe25ee258ba901ad38107c5c6b5846f0,False,True
R0622,GG0033,CVB0030,REF0051,2,4,XGBoost,5c88e068396f32f89d85756e9dbc6ab2fb26afa93a4d5569f61d74bfd99473ad,0.14955441653728485,predict_proba,9eb1905b0d2d4dff99236976201e564cbe25ee258ba901ad38107c5c6b5846f0,False,True
R0623,GG0033,CVB0030,REF0051,2,4,XGBoost,5c88e068396f32f89d85756e9dbc6ab2fb26afa93a4d5569f61d74bfd99473ad,0.25511741638183594,predict_proba,9eb1905b0d2d4dff99236976201e564cbe25ee258ba901ad38107c5c6b5846f0,False,True
R0624,GG0033,CVB0030,REF0051,2,4,XGBoost,5c88e068396f32f89d85756e9dbc6ab2fb26afa93a4d5569f61d74bfd99473ad,0.3635922968387604,predict_proba,9eb1905b0d2d4dff99236976201e564cbe25ee258ba901ad38107c5c6b5846f0,False,True
R0625,GG0033,CVB0030,REF0051,2,4,XGBoost,5c88e068396f32f89d85756e9dbc6ab2fb26afa93a4d5569f61d74bfd99473ad,0.25776034593582153,predict_proba,9eb1905b0d2d4dff99236976201e564cbe25ee258ba901ad38107c5c6b5846f0,False,True
R0626,GG0033,CVB0030,REF0051,2,4,XGBoost,5c88e068396f32f89d85756e9dbc6ab2fb26afa93a4d5569f61d74bfd99473ad,0.09311185032129288,predict_proba,9eb1905b0d2d4dff99236976201e564cbe25ee258ba901ad38107c5c6b5846f0,False,True
R0627,GG0033,CVB0030,REF0051,2,4,XGBoost,5c88e068396f32f89d85756e9dbc6ab2fb26afa93a4d5569f61d74bfd99473ad,0.23695839941501617,predict_proba,9eb1905b0d2d4dff99236976201e564cbe25ee258ba901ad38107c5c6b5846f0,False,True
R0737,GG0021,CVB0010,REF0057,2,4,XGBoost,5c88e068396f32f89d85756e9dbc6ab2fb26afa93a4d5569f61d74bfd99473ad,0.18020546436309814,predict_proba,9eb1905b0d2d4dff99236976201e564cbe25ee258ba901ad38107c5c6b5846f0,True,True
R0738,GG0021,CVB0010,REF0057,2,4,XGBoost,5c88e068396f32f89d85756e9dbc6ab2fb26afa93a4d5569f61d74bfd99473ad,0.6165605187416077,predict_proba,9eb1905b0d2d4dff99236976201e564cbe25ee258ba901ad38107c5c6b5846f0,True,True
R0739,GG0021,CVB0010,REF0057,2,4,XGBoost,5c88e068396f32f89d85756e9dbc6ab2fb26afa93a4d5569f61d74bfd99473ad,0.28765207529067993,predict_proba,9eb1905b0d2d4dff99236976201e564cbe25ee258ba901ad38107c5c6b5846f0,True,True
R0740,GG0021,CVB0010,REF0057,2,4,XGBoost,5c88e068396f32f89d85756e9dbc6ab2fb26afa93a4d5569f61d74bfd99473ad,0.6240638494491577,predict_proba,9eb1905b0d2d4dff99236976201e564cbe25ee258ba901ad38107c5c6b5846f0,True,True
R0741,GG0021,CVB0010,REF0057,2,4,XGBoost,5c88e068396f32f89d85756e9dbc6ab2fb26afa93a4d5569f61d74bfd99473ad,0.7276657223701477,predict_proba,9eb1905b0d2d4dff99236976201e564cbe25ee258ba901ad38107c5c6b5846f0,True,True
R0742,GG0021,CVB0010,REF0057,2,4,XGBoost,5c88e068396f32f89d85756e9dbc6ab2fb26afa93a4d5569f61d74bfd99473ad,0.7377617359161377,predict_proba,9eb1905b0d2d4dff99236976201e564cbe25ee258ba901ad38107c5c6b5846f0,True,True
R0743,GG0021,CVB0010,REF0057,2,4,XGBoost,5c88e068396f32f89d85756e9dbc6ab2fb26afa93a4d5569f61d74bfd99473ad,0.7438664436340332,predict_proba,9eb1905b0d2d4dff99236976201e564cbe25ee258ba901ad38107c5c6b5846f0,True,True
R0744,GG0021,CVB0010,REF0057,2,4,XGBoost,5c88e068396f32f89d85756e9dbc6ab2fb26afa93a4d5569f61d74bfd99473ad,0.6611202359199524,predict_proba,9eb1905b0d2d4dff99236976201e564cbe25ee258ba901ad38107c5c6b5846f0,True,True
R0745,GG0021,CVB0010,REF0058,2,4,XGBoost,5c88e068396f32f89d85756e9dbc6ab2fb26afa93a4d5569f61d74bfd99473ad,0.031126899644732475,predict_proba,9eb1905b0d2d4dff99236976201e564cbe25ee258ba901ad38107c5c6b5846f0,True,True
R0746,GG0021,CVB0010,REF0058,2,4,XGBoost,5c88e068396f32f89d85756e9dbc6ab2fb26afa93a4d5569f61d74bfd99473ad,0.06984631717205048,predict_proba,9eb1905b0d2d4dff99236976201e564cbe25ee258ba901ad38107c5c6b5846f0,True,True
R0747,GG0021,CVB0010,REF0058,2,4,XGBoost,5c88e068396f32f89d85756e9dbc6ab2fb26afa93a4d5569f61d74bfd99473ad,0.03134975954890251,predict_proba,9eb1905b0d2d4dff99236976201e564cbe25ee258ba901ad38107c5c6b5846f0,True,True
R0748,GG0021,CVB0010,REF0058,2,4,XGBoost,5c88e068396f32f89d85756e9dbc6ab2fb26afa93a4d5569f61d74bfd99473ad,0.32209721207618713,predict_proba,9eb1905b0d2d4dff99236976201e564cbe25ee258ba901ad38107c5c6b5846f0,True,True
R0754,GG0021,CVB0010,REF0059,2,4,XGBoost,5c88e068396f32f89d85756e9dbc6ab2fb26afa93a4d5569f61d74bfd99473ad,0.6081520915031433,predict_proba,9eb1905b0d2d4dff99236976201e564cbe25ee258ba901ad38107c5c6b5846f0,True,True
R0755,GG0021,CVB0010,REF0059,2,4,XGBoost,5c88e068396f32f89d85756e9dbc6ab2fb26afa93a4d5569f61d74bfd99473ad,0.32311302423477173,predict_proba,9eb1905b0d2d4dff99236976201e564cbe25ee258ba901ad38107c5c6b5846f0,True,True
R0756,GG0021,CVB0010,REF0059,2,4,XGBoost,5c88e068396f32f89d85756e9dbc6ab2fb26afa93a4d5569f61d74bfd99473ad,0.41268953680992126,predict_proba,9eb1905b0d2d4dff99236976201e564cbe25ee258ba901ad38107c5c6b5846f0,True,True
R0757,GG0021,CVB0010,REF0059,2,4,XGBoost,5c88e068396f32f89d85756e9dbc6ab2fb26afa93a4d5569f61d74bfd99473ad,0.6279813647270203,predict_proba,9eb1905b0d2d4dff99236976201e564cbe25ee258ba901ad38107c5c6b5846f0,True,True
R0846,GG0033,CVB0030,REF0069,2,4,XGBoost,5c88e068396f32f89d85756e9dbc6ab2fb26afa93a4d5569f61d74bfd99473ad,0.4030896723270416,predict_proba,9eb1905b0d2d4dff99236976201e564cbe25ee258ba901ad38107c5c6b5846f0,False,True
R0847,GG0033,CVB0030,REF0069,2,4,XGBoost,5c88e068396f32f89d85756e9dbc6ab2fb26afa93a4d5569f61d74bfd99473ad,0.3816571831703186,predict_proba,9eb1905b0d2d4dff99236976201e564cbe25ee258ba901ad38107c5c6b5846f0,False,True
R0848,GG0033,CVB0030,REF0069,2,4,XGBoost,5c88e068396f32f89d85756e9dbc6ab2fb26afa93a4d5569f61d74bfd99473ad,0.413667231798172,predict_proba,9eb1905b0d2d4dff99236976201e564cbe25ee258ba901ad38107c5c6b5846f0,False,True
R0849,GG0033,CVB0030,REF0069,2,4,XGBoost,5c88e068396f32f89d85756e9dbc6ab2fb26afa93a4d5569f61d74bfd99473ad,0.36115336418151855,predict_proba,9eb1905b0d2d4dff99236976201e564cbe25ee258ba901ad38107c5c6b5846f0,False,True
R0850,GG0033,CVB0030,REF0069,2,4,XGBoost,5c88e068396f32f89d85756e9dbc6ab2fb26afa93a4d5569f61d74bfd99473ad,0.5833731889724731,predict_proba,9eb1905b0d2d4dff99236976201e564cbe25ee258ba901ad38107c5c6b5846f0,False,True
R0851,GG0033,CVB0030,REF0069,2,4,XGBoost,5c88e068396f32f89d85756e9dbc6ab2fb26afa93a4d5569f61d74bfd99473ad,0.5377225279808044,predict_proba,9eb1905b0d2d4dff99236976201e564cbe25ee258ba901ad38107c5c6b5846f0,False,True
R0852,GG0033,CVB0030,REF0069,2,4,XGBoost,5c88e068396f32f89d85756e9dbc6ab2fb26afa93a4d5569f61d74bfd99473ad,0.6918644309043884,predict_proba,9eb1905b0d2d4dff99236976201e564cbe25ee258ba901ad38107c5c6b5846f0,False,True
R0853,GG0033,CVB0030,REF0069,2,4,XGBoost,5c88e068396f32f89d85756e9dbc6ab2fb26afa93a4d5569f61d74bfd99473ad,0.545164942741394,predict_proba,9eb1905b0d2d4dff99236976201e564cbe25ee258ba901ad38107c5c6b5846f0,False,True
R0854,GG0033,CVB0030,REF0069,2,4,XGBoost,5c88e068396f32f89d85756e9dbc6ab2fb26afa93a4d5569f61d74bfd99473ad,0.6883211731910706,predict_proba,9eb1905b0d2d4dff99236976201e564cbe25ee258ba901ad38107c5c6b5846f0,False,True
R0855,GG0033,CVB0030,REF0069,2,4,XGBoost,5c88e068396f32f89d85756e9dbc6ab2fb26afa93a4d5569f61d74bfd99473ad,0.1415674239397049,predict_proba,9eb1905b0d2d4dff99236976201e564cbe25ee258ba901ad38107c5c6b5846f0,False,True
R0866,GG0033,CVB0030,REF0071,2,4,XGBoost,5c88e068396f32f89d85756e9dbc6ab2fb26afa93a4d5569f61d74bfd99473ad,0.08700540661811829,predict_proba,9eb1905b0d2d4dff99236976201e564cbe25ee258ba901ad38107c5c6b5846f0,False,True
R0867,GG0033,CVB0030,REF0071,2,4,XGBoost,5c88e068396f32f89d85756e9dbc6ab2fb26afa93a4d5569f61d74bfd99473ad,0.19395916163921356,predict_proba,9eb1905b0d2d4dff99236976201e564cbe25ee258ba901ad38107c5c6b5846f0,False,True
R0870,GG0033,CVB0030,REF0071,2,4,XGBoost,5c88e068396f32f89d85756e9dbc6ab2fb26afa93a4d5569f61d74bfd99473ad,0.057144638150930405,predict_proba,9eb1905b0d2d4dff99236976201e564cbe25ee258ba901ad38107c5c6b5846f0,False,True
R0871,GG0033,CVB0030,REF0071,2,4,XGBoost,5c88e068396f32f89d85756e9dbc6ab2fb26afa93a4d5569f61d74bfd99473ad,0.05581993982195854,predict_proba,9eb1905b0d2d4dff99236976201e564cbe25ee258ba901ad38107c5c6b5846f0,False,True
R0872,GG0033,CVB0030,REF0071,2,4,XGBoost,5c88e068396f32f89d85756e9dbc6ab2fb26afa93a4d5569f61d74bfd99473ad,0.06618017703294754,predict_proba,9eb1905b0d2d4dff99236976201e564cbe25ee258ba901ad38107c5c6b5846f0,False,True
R0873,GG0033,CVB0030,REF0071,2,4,XGBoost,5c88e068396f32f89d85756e9dbc6ab2fb26afa93a4d5569f61d74bfd99473ad,0.09794581681489944,predict_proba,9eb1905b0d2d4dff99236976201e564cbe25ee258ba901ad38107c5c6b5846f0,False,True
R0874,GG0033,CVB0030,REF0071,2,4,XGBoost,5c88e068396f32f89d85756e9dbc6ab2fb26afa93a4d5569f61d74bfd99473ad,0.10817331820726395,predict_proba,9eb1905b0d2d4dff99236976201e564cbe25ee258ba901ad38107c5c6b5846f0,False,True
R0875,GG0033,CVB0030,REF0071,2,4,XGBoost,5c88e068396f32f89d85756e9dbc6ab2fb26afa93a4d5569f61d74bfd99473ad,0.15868820250034332,predict_proba,9eb1905b0d2d4dff99236976201e564cbe25ee258ba901ad38107c5c6b5846f0,False,True
R0876,GG0033,CVB0030,REF0071,2,4,XGBoost,5c88e068396f32f89d85756e9dbc6ab2fb26afa93a4d5569f61d74bfd99473ad,0.09717781096696854,predict_proba,9eb1905b0d2d4dff99236976201e564cbe25ee258ba901ad38107c5c6b5846f0,False,True
R0877,GG0033,CVB0030,REF0071,2,4,XGBoost,5c88e068396f32f89d85756e9dbc6ab2fb26afa93a4d5569f61d74bfd99473ad,0.30609339475631714,predict_proba,9eb1905b0d2d4dff99236976201e564cbe25ee258ba901ad38107c5c6b5846f0,False,True
R0878,GG0033,CVB0030,REF0071,2,4,XGBoost,5c88e068396f32f89d85756e9dbc6ab2fb26afa93a4d5569f61d74bfd99473ad,0.3638577461242676,predict_proba,9eb1905b0d2d4dff99236976201e564cbe25ee258ba901ad38107c5c6b5846f0,False,True
R0934,GG0011,CVB0011,REF0077,2,4,XGBoost,5c88e068396f32f89d85756e9dbc6ab2fb26afa93a4d5569f61d74bfd99473ad,0.6189015507698059,predict_proba,9eb1905b0d2d4dff99236976201e564cbe25ee258ba901ad38107c5c6b5846f0,False,True
R0935,GG0011,CVB0011,REF0077,2,4,XGBoost,5c88e068396f32f89d85756e9dbc6ab2fb26afa93a4d5569f61d74bfd99473ad,0.7539307475090027,predict_proba,9eb1905b0d2d4dff99236976201e564cbe25ee258ba901ad38107c5c6b5846f0,False,True
R0936,GG0011,CVB0011,REF0077,2,4,XGBoost,5c88e068396f32f89d85756e9dbc6ab2fb26afa93a4d5569f61d74bfd99473ad,0.5632321834564209,predict_proba,9eb1905b0d2d4dff99236976201e564cbe25ee258ba901ad38107c5c6b5846f0,False,True
R0937,GG0011,CVB0011,REF0077,2,4,XGBoost,5c88e068396f32f89d85756e9dbc6ab2fb26afa93a4d5569f61d74bfd99473ad,0.6664873957633972,predict_proba,9eb1905b0d2d4dff99236976201e564cbe25ee258ba901ad38107c5c6b5846f0,False,True
R0938,GG0011,CVB0011,REF0077,2,4,XGBoost,5c88e068396f32f89d85756e9dbc6ab2fb26afa93a4d5569f61d74bfd99473ad,0.42402634024620056,predict_proba,9eb1905b0d2d4dff99236976201e564cbe25ee258ba901ad38107c5c6b5846f0,False,True
R0939,GG0011,CVB0011,REF0077,2,4,XGBoost,5c88e068396f32f89d85756e9dbc6ab2fb26afa93a4d5569f61d74bfd99473ad,0.730882465839386,predict_proba,9eb1905b0d2d4dff99236976201e564cbe25ee258ba901ad38107c5c6b5846f0,False,True
R0940,GG0011,CVB0011,REF0077,2,4,XGBoost,5c88e068396f32f89d85756e9dbc6ab2fb26afa93a4d5569f61d74bfd99473ad,0.6836070418357849,predict_proba,9eb1905b0d2d4dff99236976201e564cbe25ee258ba901ad38107c5c6b5846f0,False,True
R0941,GG0011,CVB0011,REF0077,2,4,XGBoost,5c88e068396f32f89d85756e9dbc6ab2fb26afa93a4d5569f61d74bfd99473ad,0.22167910635471344,predict_proba,9eb1905b0d2d4dff99236976201e564cbe25ee258ba901ad38107c5c6b5846f0,False,True
R0942,GG0011,CVB0011,REF0077,2,4,XGBoost,5c88e068396f32f89d85756e9dbc6ab2fb26afa93a4d5569f61d74bfd99473ad,0.6162871718406677,predict_proba,9eb1905b0d2d4dff99236976201e564cbe25ee258ba901ad38107c5c6b5846f0,False,True
R0943,GG0011,CVB0011,REF0077,2,4,XGBoost,5c88e068396f32f89d85756e9dbc6ab2fb26afa93a4d5569f61d74bfd99473ad,0.4889562726020813,predict_proba,9eb1905b0d2d4dff99236976201e564cbe25ee258ba901ad38107c5c6b5846f0,False,True
R1000,GG0022,CVB0019,REF0084,2,4,XGBoost,5c88e068396f32f89d85756e9dbc6ab2fb26afa93a4d5569f61d74bfd99473ad,0.5900892615318298,predict_proba,9eb1905b0d2d4dff99236976201e564cbe25ee258ba901ad38107c5c6b5846f0,False,True
R1001,GG0022,CVB0019,REF0084,2,4,XGBoost,5c88e068396f32f89d85756e9dbc6ab2fb26afa93a4d5569f61d74bfd99473ad,0.7173861265182495,predict_proba,9eb1905b0d2d4dff99236976201e564cbe25ee258ba901ad38107c5c6b5846f0,False,True
R1002,GG0022,CVB0019,REF0084,2,4,XGBoost,5c88e068396f32f89d85756e9dbc6ab2fb26afa93a4d5569f61d74bfd99473ad,0.32211580872535706,predict_proba,9eb1905b0d2d4dff99236976201e564cbe25ee258ba901ad38107c5c6b5846f0,False,True
R1003,GG0022,CVB0019,REF0084,2,4,XGBoost,5c88e068396f32f89d85756e9dbc6ab2fb26afa93a4d5569f61d74bfd99473ad,0.3681972920894623,predict_proba,9eb1905b0d2d4dff99236976201e564cbe25ee258ba901ad38107c5c6b5846f0,False,True
R1004,GG0022,CVB0019,REF0084,2,4,XGBoost,5c88e068396f32f89d85756e9dbc6ab2fb26afa93a4d5569f61d74bfd99473ad,0.7245146632194519,predict_proba,9eb1905b0d2d4dff99236976201e564cbe25ee258ba901ad38107c5c6b5846f0,False,True
R1005,GG0022,CVB0019,REF0084,2,4,XGBoost,5c88e068396f32f89d85756e9dbc6ab2fb26afa93a4d5569f61d74bfd99473ad,0.028243545442819595,predict_proba,9eb1905b0d2d4dff99236976201e564cbe25ee258ba901ad38107c5c6b5846f0,False,True
R1411,GG0011,CVB0011,REF0110,2,4,XGBoost,5c88e068396f32f89d85756e9dbc6ab2fb26afa93a4d5569f61d74bfd99473ad,0.11587253957986832,predict_proba,9eb1905b0d2d4dff99236976201e564cbe25ee258ba901ad38107c5c6b5846f0,False,True
R1412,GG0011,CVB0011,REF0110,2,4,XGBoost,5c88e068396f32f89d85756e9dbc6ab2fb26afa93a4d5569f61d74bfd99473ad,0.12100724875926971,predict_proba,9eb1905b0d2d4dff99236976201e564cbe25ee258ba901ad38107c5c6b5846f0,False,True
R1413,GG0011,CVB0011,REF0110,2,4,XGBoost,5c88e068396f32f89d85756e9dbc6ab2fb26afa93a4d5569f61d74bfd99473ad,0.11111360788345337,predict_proba,9eb1905b0d2d4dff99236976201e564cbe25ee258ba901ad38107c5c6b5846f0,False,True
R1414,GG0011,CVB0011,REF0110,2,4,XGBoost,5c88e068396f32f89d85756e9dbc6ab2fb26afa93a4d5569f61d74bfd99473ad,0.15153540670871735,predict_proba,9eb1905b0d2d4dff99236976201e564cbe25ee258ba901ad38107c5c6b5846f0,False,True
R1415,GG0011,CVB0011,REF0110,2,4,XGBoost,5c88e068396f32f89d85756e9dbc6ab2fb26afa93a4d5569f61d74bfd99473ad,0.1653628647327423,predict_proba,9eb1905b0d2d4dff99236976201e564cbe25ee258ba901ad38107c5c6b5846f0,False,True
R1416,GG0011,CVB0011,REF0110,2,4,XGBoost,5c88e068396f32f89d85756e9dbc6ab2fb26afa93a4d5569f61d74bfd99473ad,0.1499648541212082,predict_proba,9eb1905b0d2d4dff99236976201e564cbe25ee258ba901ad38107c5c6b5846f0,False,True
R1417,GG0011,CVB0011,REF0110,2,4,XGBoost,5c88e068396f32f89d85756e9dbc6ab2fb26afa93a4d5569f61d74bfd99473ad,0.08331098407506943,predict_proba,9eb1905b0d2d4dff99236976201e564cbe25ee258ba901ad38107c5c6b5846f0,False,True
R1418,GG0011,CVB0011,REF0110,2,4,XGBoost,5c88e068396f32f89d85756e9dbc6ab2fb26afa93a4d5569f61d74bfd99473ad,0.12860320508480072,predict_proba,9eb1905b0d2d4dff99236976201e564cbe25ee258ba901ad38107c5c6b5846f0,False,True
R1419,GG0011,CVB0011,REF0110,2,4,XGBoost,5c88e068396f32f89d85756e9dbc6ab2fb26afa93a4d5569f61d74bfd99473ad,0.14128877222537994,predict_proba,9eb1905b0d2d4dff99236976201e564cbe25ee258ba901ad38107c5c6b5846f0,False,True
R1420,GG0011,CVB0011,REF0110,2,4,XGBoost,5c88e068396f32f89d85756e9dbc6ab2fb26afa93a4d5569f61d74bfd99473ad,0.11458098888397217,predict_proba,9eb1905b0d2d4dff99236976201e564cbe25ee258ba901ad38107c5c6b5846f0,False,True
R1421,GG0011,CVB0011,REF0110,2,4,XGBoost,5c88e068396f32f89d85756e9dbc6ab2fb26afa93a4d5569f61d74bfd99473ad,0.29195716977119446,predict_proba,9eb1905b0d2d4dff99236976201e564cbe25ee258ba901ad38107c5c6b5846f0,False,True
R1422,GG0011,CVB0011,REF0110,2,4,XGBoost,5c88e068396f32f89d85756e9dbc6ab2fb26afa93a4d5569f61d74bfd99473ad,0.29965272545814514,predict_proba,9eb1905b0d2d4dff99236976201e564cbe25ee258ba901ad38107c5c6b5846f0,False,True
R1423,GG0011,CVB0011,REF0110,2,4,XGBoost,5c88e068396f32f89d85756e9dbc6ab2fb26afa93a4d5569f61d74bfd99473ad,0.5785069465637207,predict_proba,9eb1905b0d2d4dff99236976201e564cbe25ee258ba901ad38107c5c6b5846f0,False,True
R1424,GG0011,CVB0011,REF0110,2,4,XGBoost,5c88e068396f32f89d85756e9dbc6ab2fb26afa93a4d5569f61d74bfd99473ad,0.4199243187904358,predict_proba,9eb1905b0d2d4dff99236976201e564cbe25ee258ba901ad38107c5c6b5846f0,False,True
R1425,GG0011,CVB0011,REF0110,2,4,XGBoost,5c88e068396f32f89d85756e9dbc6ab2fb26afa93a4d5569f61d74bfd99473ad,0.40171360969543457,predict_proba,9eb1905b0d2d4dff99236976201e564cbe25ee258ba901ad38107c5c6b5846f0,False,True
R1426,GG0011,CVB0011,REF0110,2,4,XGBoost,5c88e068396f32f89d85756e9dbc6ab2fb26afa93a4d5569f61d74bfd99473ad,0.14106503129005432,predict_proba,9eb1905b0d2d4dff99236976201e564cbe25ee258ba901ad38107c5c6b5846f0,False,True
R1427,GG0011,CVB0011,REF0110,2,4,XGBoost,5c88e068396f32f89d85756e9dbc6ab2fb26afa93a4d5569f61d74bfd99473ad,0.6096001863479614,predict_proba,9eb1905b0d2d4dff99236976201e564cbe25ee258ba901ad38107c5c6b5846f0,False,True
R1428,GG0011,CVB0011,REF0110,2,4,XGBoost,5c88e068396f32f89d85756e9dbc6ab2fb26afa93a4d5569f61d74bfd99473ad,0.18292301893234253,predict_proba,9eb1905b0d2d4dff99236976201e564cbe25ee258ba901ad38107c5c6b5846f0,False,True
R1429,GG0011,CVB0011,REF0110,2,4,XGBoost,5c88e068396f32f89d85756e9dbc6ab2fb26afa93a4d5569f61d74bfd99473ad,0.3532882630825043,predict_proba,9eb1905b0d2d4dff99236976201e564cbe25ee258ba901ad38107c5c6b5846f0,False,True
R1430,GG0011,CVB0011,REF0110,2,4,XGBoost,5c88e068396f32f89d85756e9dbc6ab2fb26afa93a4d5569f61d74bfd99473ad,0.16878467798233032,predict_proba,9eb1905b0d2d4dff99236976201e564cbe25ee258ba901ad38107c5c6b5846f0,False,True
R2142,GG0033,CVB0030,REF0155,2,4,XGBoost,5c88e068396f32f89d85756e9dbc6ab2fb26afa93a4d5569f61d74bfd99473ad,0.48064181208610535,predict_proba,9eb1905b0d2d4dff99236976201e564cbe25ee258ba901ad38107c5c6b5846f0,False,True
R2143,GG0033,CVB0030,REF0155,2,4,XGBoost,5c88e068396f32f89d85756e9dbc6ab2fb26afa93a4d5569f61d74bfd99473ad,0.32028713822364807,predict_proba,9eb1905b0d2d4dff99236976201e564cbe25ee258ba901ad38107c5c6b5846f0,False,True
R2144,GG0033,CVB0030,REF0155,2,4,XGBoost,5c88e068396f32f89d85756e9dbc6ab2fb26afa93a4d5569f61d74bfd99473ad,0.12851110100746155,predict_proba,9eb1905b0d2d4dff99236976201e564cbe25ee258ba901ad38107c5c6b5846f0,False,True
R2145,GG0033,CVB0030,REF0155,2,4,XGBoost,5c88e068396f32f89d85756e9dbc6ab2fb26afa93a4d5569f61d74bfd99473ad,0.30226126313209534,predict_proba,9eb1905b0d2d4dff99236976201e564cbe25ee258ba901ad38107c5c6b5846f0,False,True
R2146,GG0033,CVB0030,REF0155,2,4,XGBoost,5c88e068396f32f89d85756e9dbc6ab2fb26afa93a4d5569f61d74bfd99473ad,0.5038264989852905,predict_proba,9eb1905b0d2d4dff99236976201e564cbe25ee258ba901ad38107c5c6b5846f0,False,True
R2147,GG0033,CVB0030,REF0155,2,4,XGBoost,5c88e068396f32f89d85756e9dbc6ab2fb26afa93a4d5569f61d74bfd99473ad,0.25781726837158203,predict_proba,9eb1905b0d2d4dff99236976201e564cbe25ee258ba901ad38107c5c6b5846f0,False,True
R2783,GG0017,CVB0007,REF0200,2,4,XGBoost,5c88e068396f32f89d85756e9dbc6ab2fb26afa93a4d5569f61d74bfd99473ad,0.0910869687795639,predict_proba,9eb1905b0d2d4dff99236976201e564cbe25ee258ba901ad38107c5c6b5846f0,False,True
R2785,GG0017,CVB0007,REF0200,2,4,XGBoost,5c88e068396f32f89d85756e9dbc6ab2fb26afa93a4d5569f61d74bfd99473ad,0.14300253987312317,predict_proba,9eb1905b0d2d4dff99236976201e564cbe25ee258ba901ad38107c5c6b5846f0,False,True
R2786,GG0017,CVB0007,REF0200,2,4,XGBoost,5c88e068396f32f89d85756e9dbc6ab2fb26afa93a4d5569f61d74bfd99473ad,0.32542333006858826,predict_proba,9eb1905b0d2d4dff99236976201e564cbe25ee258ba901ad38107c5c6b5846f0,False,True
R2787,GG0017,CVB0007,REF0200,2,4,XGBoost,5c88e068396f32f89d85756e9dbc6ab2fb26afa93a4d5569f61d74bfd99473ad,0.29189759492874146,predict_proba,9eb1905b0d2d4dff99236976201e564cbe25ee258ba901ad38107c5c6b5846f0,False,True
R2788,GG0017,CVB0007,REF0200,2,4,XGBoost,5c88e068396f32f89d85756e9dbc6ab2fb26afa93a4d5569f61d74bfd99473ad,0.294704407453537,predict_proba,9eb1905b0d2d4dff99236976201e564cbe25ee258ba901ad38107c5c6b5846f0,False,True
R2789,GG0017,CVB0007,REF0200,2,4,XGBoost,5c88e068396f32f89d85756e9dbc6ab2fb26afa93a4d5569f61d74bfd99473ad,0.35325339436531067,predict_proba,9eb1905b0d2d4dff99236976201e564cbe25ee258ba901ad38107c5c6b5846f0,False,True
R2791,GG0017,CVB0007,REF0200,2,4,XGBoost,5c88e068396f32f89d85756e9dbc6ab2fb26afa93a4d5569f61d74bfd99473ad,0.14674760401248932,predict_proba,9eb1905b0d2d4dff99236976201e564cbe25ee258ba901ad38107c5c6b5846f0,False,True
R2795,GG0017,CVB0007,REF0200,2,4,XGBoost,5c88e068396f32f89d85756e9dbc6ab2fb26afa93a4d5569f61d74bfd99473ad,0.2772630453109741,predict_proba,9eb1905b0d2d4dff99236976201e564cbe25ee258ba901ad38107c5c6b5846f0,False,True
R2797,GG0017,CVB0007,REF0200,2,4,XGBoost,5c88e068396f32f89d85756e9dbc6ab2fb26afa93a4d5569f61d74bfd99473ad,0.14081621170043945,predict_proba,9eb1905b0d2d4dff99236976201e564cbe25ee258ba901ad38107c5c6b5846f0,False,True
R2842,GG0021,CVB0010,REF0206,2,4,XGBoost,5c88e068396f32f89d85756e9dbc6ab2fb26afa93a4d5569f61d74bfd99473ad,0.13661137223243713,predict_proba,9eb1905b0d2d4dff99236976201e564cbe25ee258ba901ad38107c5c6b5846f0,True,True
R2843,GG0021,CVB0010,REF0206,2,4,XGBoost,5c88e068396f32f89d85756e9dbc6ab2fb26afa93a4d5569f61d74bfd99473ad,0.13898850977420807,predict_proba,9eb1905b0d2d4dff99236976201e564cbe25ee258ba901ad38107c5c6b5846f0,True,True
R2844,GG0021,CVB0010,REF0206,2,4,XGBoost,5c88e068396f32f89d85756e9dbc6ab2fb26afa93a4d5569f61d74bfd99473ad,0.30340713262557983,predict_proba,9eb1905b0d2d4dff99236976201e564cbe25ee258ba901ad38107c5c6b5846f0,True,True
R2845,GG0021,CVB0010,REF0206,2,4,XGBoost,5c88e068396f32f89d85756e9dbc6ab2fb26afa93a4d5569f61d74bfd99473ad,0.1575947254896164,predict_proba,9eb1905b0d2d4dff99236976201e564cbe25ee258ba901ad38107c5c6b5846f0,True,True
R2846,GG0021,CVB0010,REF0206,2,4,XGBoost,5c88e068396f32f89d85756e9dbc6ab2fb26afa93a4d5569f61d74bfd99473ad,0.5756646394729614,predict_proba,9eb1905b0d2d4dff99236976201e564cbe25ee258ba901ad38107c5c6b5846f0,True,True
R2847,GG0021,CVB0010,REF0206,2,4,XGBoost,5c88e068396f32f89d85756e9dbc6ab2fb26afa93a4d5569f61d74bfd99473ad,0.27233707904815674,predict_proba,9eb1905b0d2d4dff99236976201e564cbe25ee258ba901ad38107c5c6b5846f0,True,True
R2848,GG0021,CVB0010,REF0206,2,4,XGBoost,5c88e068396f32f89d85756e9dbc6ab2fb26afa93a4d5569f61d74bfd99473ad,0.23280026018619537,predict_proba,9eb1905b0d2d4dff99236976201e564cbe25ee258ba901ad38107c5c6b5846f0,True,True
R2849,GG0021,CVB0010,REF0206,2,4,XGBoost,5c88e068396f32f89d85756e9dbc6ab2fb26afa93a4d5569f61d74bfd99473ad,0.43002355098724365,predict_proba,9eb1905b0d2d4dff99236976201e564cbe25ee258ba901ad38107c5c6b5846f0,True,True
R2858,GG0021,CVB0010,REF0208,2,4,XGBoost,5c88e068396f32f89d85756e9dbc6ab2fb26afa93a4d5569f61d74bfd99473ad,0.5394954085350037,predict_proba,9eb1905b0d2d4dff99236976201e564cbe25ee258ba901ad38107c5c6b5846f0,True,True
R2859,GG0021,CVB0010,REF0208,2,4,XGBoost,5c88e068396f32f89d85756e9dbc6ab2fb26afa93a4d5569f61d74bfd99473ad,0.7466328740119934,predict_proba,9eb1905b0d2d4dff99236976201e564cbe25ee258ba901ad38107c5c6b5846f0,True,True
R2860,GG0021,CVB0010,REF0208,2,4,XGBoost,5c88e068396f32f89d85756e9dbc6ab2fb26afa93a4d5569f61d74bfd99473ad,0.5742182731628418,predict_proba,9eb1905b0d2d4dff99236976201e564cbe25ee258ba901ad38107c5c6b5846f0,True,True
R2861,GG0021,CVB0010,REF0208,2,4,XGBoost,5c88e068396f32f89d85756e9dbc6ab2fb26afa93a4d5569f61d74bfd99473ad,0.7280569672584534,predict_proba,9eb1905b0d2d4dff99236976201e564cbe25ee258ba901ad38107c5c6b5846f0,True,True
R2862,GG0021,CVB0010,REF0208,2,4,XGBoost,5c88e068396f32f89d85756e9dbc6ab2fb26afa93a4d5569f61d74bfd99473ad,0.6667773723602295,predict_proba,9eb1905b0d2d4dff99236976201e564cbe25ee258ba901ad38107c5c6b5846f0,True,True
R2863,GG0021,CVB0010,REF0208,2,4,XGBoost,5c88e068396f32f89d85756e9dbc6ab2fb26afa93a4d5569f61d74bfd99473ad,0.7259215712547302,predict_proba,9eb1905b0d2d4dff99236976201e564cbe25ee258ba901ad38107c5c6b5846f0,True,True
R2864,GG0021,CVB0010,REF0208,2,4,XGBoost,5c88e068396f32f89d85756e9dbc6ab2fb26afa93a4d5569f61d74bfd99473ad,0.5411884188652039,predict_proba,9eb1905b0d2d4dff99236976201e564cbe25ee258ba901ad38107c5c6b5846f0,True,True
R2869,GG0021,CVB0010,REF0209,2,4,XGBoost,5c88e068396f32f89d85756e9dbc6ab2fb26afa93a4d5569f61d74bfd99473ad,0.5711740255355835,predict_proba,9eb1905b0d2d4dff99236976201e564cbe25ee258ba901ad38107c5c6b5846f0,True,True
R2870,GG0021,CVB0010,REF0209,2,4,XGBoost,5c88e068396f32f89d85756e9dbc6ab2fb26afa93a4d5569f61d74bfd99473ad,0.7348877787590027,predict_proba,9eb1905b0d2d4dff99236976201e564cbe25ee258ba901ad38107c5c6b5846f0,True,True
R2871,GG0021,CVB0010,REF0209,2,4,XGBoost,5c88e068396f32f89d85756e9dbc6ab2fb26afa93a4d5569f61d74bfd99473ad,0.8055381178855896,predict_proba,9eb1905b0d2d4dff99236976201e564cbe25ee258ba901ad38107c5c6b5846f0,True,True
R2872,GG0021,CVB0010,REF0209,2,4,XGBoost,5c88e068396f32f89d85756e9dbc6ab2fb26afa93a4d5569f61d74bfd99473ad,0.5402757525444031,predict_proba,9eb1905b0d2d4dff99236976201e564cbe25ee258ba901ad38107c5c6b5846f0,True,True
R2875,GG0021,CVB0010,REF0209,2,4,XGBoost,5c88e068396f32f89d85756e9dbc6ab2fb26afa93a4d5569f61d74bfd99473ad,0.7125476002693176,predict_proba,9eb1905b0d2d4dff99236976201e564cbe25ee258ba901ad38107c5c6b5846f0,True,True
R0015,GG0021,CVB0010,REF0003,2,5,XGBoost,56796d49f176b4495e43225dcb173289cd9c6688936c5fede3dbd4f9365bb5e7,0.9346343874931335,predict_proba,9eb1905b0d2d4dff99236976201e564cbe25ee258ba901ad38107c5c6b5846f0,True,True
R0016,GG0021,CVB0010,REF0003,2,5,XGBoost,56796d49f176b4495e43225dcb173289cd9c6688936c5fede3dbd4f9365bb5e7,0.9350797533988953,predict_proba,9eb1905b0d2d4dff99236976201e564cbe25ee258ba901ad38107c5c6b5846f0,True,True
R0017,GG0021,CVB0010,REF0003,2,5,XGBoost,56796d49f176b4495e43225dcb173289cd9c6688936c5fede3dbd4f9365bb5e7,0.9106601476669312,predict_proba,9eb1905b0d2d4dff99236976201e564cbe25ee258ba901ad38107c5c6b5846f0,True,True
R0018,GG0021,CVB0010,REF0003,2,5,XGBoost,56796d49f176b4495e43225dcb173289cd9c6688936c5fede3dbd4f9365bb5e7,0.906352698802948,predict_proba,9eb1905b0d2d4dff99236976201e564cbe25ee258ba901ad38107c5c6b5846f0,True,True
R0019,GG0021,CVB0010,REF0003,2,5,XGBoost,56796d49f176b4495e43225dcb173289cd9c6688936c5fede3dbd4f9365bb5e7,0.2069963812828064,predict_proba,9eb1905b0d2d4dff99236976201e564cbe25ee258ba901ad38107c5c6b5846f0,True,True
R0020,GG0021,CVB0010,REF0003,2,5,XGBoost,56796d49f176b4495e43225dcb173289cd9c6688936c5fede3dbd4f9365bb5e7,0.7781429886817932,predict_proba,9eb1905b0d2d4dff99236976201e564cbe25ee258ba901ad38107c5c6b5846f0,True,True
R0021,GG0021,CVB0010,REF0003,2,5,XGBoost,56796d49f176b4495e43225dcb173289cd9c6688936c5fede3dbd4f9365bb5e7,0.8045116066932678,predict_proba,9eb1905b0d2d4dff99236976201e564cbe25ee258ba901ad38107c5c6b5846f0,True,True
R0022,GG0021,CVB0010,REF0003,2,5,XGBoost,56796d49f176b4495e43225dcb173289cd9c6688936c5fede3dbd4f9365bb5e7,0.3153108060359955,predict_proba,9eb1905b0d2d4dff99236976201e564cbe25ee258ba901ad38107c5c6b5846f0,True,True
R0023,GG0021,CVB0010,REF0003,2,5,XGBoost,56796d49f176b4495e43225dcb173289cd9c6688936c5fede3dbd4f9365bb5e7,0.19375169277191162,predict_proba,9eb1905b0d2d4dff99236976201e564cbe25ee258ba901ad38107c5c6b5846f0,True,True
R0024,GG0021,CVB0010,REF0003,2,5,XGBoost,56796d49f176b4495e43225dcb173289cd9c6688936c5fede3dbd4f9365bb5e7,0.8737379908561707,predict_proba,9eb1905b0d2d4dff99236976201e564cbe25ee258ba901ad38107c5c6b5846f0,True,True
R0025,GG0021,CVB0010,REF0003,2,5,XGBoost,56796d49f176b4495e43225dcb173289cd9c6688936c5fede3dbd4f9365bb5e7,0.6407209038734436,predict_proba,9eb1905b0d2d4dff99236976201e564cbe25ee258ba901ad38107c5c6b5846f0,True,True
R0026,GG0021,CVB0010,REF0003,2,5,XGBoost,56796d49f176b4495e43225dcb173289cd9c6688936c5fede3dbd4f9365bb5e7,0.5769298672676086,predict_proba,9eb1905b0d2d4dff99236976201e564cbe25ee258ba901ad38107c5c6b5846f0,True,True
R0027,GG0021,CVB0010,REF0003,2,5,XGBoost,56796d49f176b4495e43225dcb173289cd9c6688936c5fede3dbd4f9365bb5e7,0.3341839015483856,predict_proba,9eb1905b0d2d4dff99236976201e564cbe25ee258ba901ad38107c5c6b5846f0,True,True
R0028,GG0021,CVB0010,REF0003,2,5,XGBoost,56796d49f176b4495e43225dcb173289cd9c6688936c5fede3dbd4f9365bb5e7,0.6680315136909485,predict_proba,9eb1905b0d2d4dff99236976201e564cbe25ee258ba901ad38107c5c6b5846f0,True,True
R0029,GG0021,CVB0010,REF0004,2,5,XGBoost,56796d49f176b4495e43225dcb173289cd9c6688936c5fede3dbd4f9365bb5e7,0.9219481348991394,predict_proba,9eb1905b0d2d4dff99236976201e564cbe25ee258ba901ad38107c5c6b5846f0,True,True
R0030,GG0021,CVB0010,REF0004,2,5,XGBoost,56796d49f176b4495e43225dcb173289cd9c6688936c5fede3dbd4f9365bb5e7,0.8395680785179138,predict_proba,9eb1905b0d2d4dff99236976201e564cbe25ee258ba901ad38107c5c6b5846f0,True,True
R0031,GG0021,CVB0010,REF0004,2,5,XGBoost,56796d49f176b4495e43225dcb173289cd9c6688936c5fede3dbd4f9365bb5e7,0.8864792585372925,predict_proba,9eb1905b0d2d4dff99236976201e564cbe25ee258ba901ad38107c5c6b5846f0,True,True
R0032,GG0021,CVB0010,REF0004,2,5,XGBoost,56796d49f176b4495e43225dcb173289cd9c6688936c5fede3dbd4f9365bb5e7,0.8856539726257324,predict_proba,9eb1905b0d2d4dff99236976201e564cbe25ee258ba901ad38107c5c6b5846f0,True,True
R0033,GG0021,CVB0010,REF0004,2,5,XGBoost,56796d49f176b4495e43225dcb173289cd9c6688936c5fede3dbd4f9365bb5e7,0.704824686050415,predict_proba,9eb1905b0d2d4dff99236976201e564cbe25ee258ba901ad38107c5c6b5846f0,True,True
R0034,GG0021,CVB0010,REF0004,2,5,XGBoost,56796d49f176b4495e43225dcb173289cd9c6688936c5fede3dbd4f9365bb5e7,0.5044798254966736,predict_proba,9eb1905b0d2d4dff99236976201e564cbe25ee258ba901ad38107c5c6b5846f0,True,True
R0035,GG0021,CVB0010,REF0004,2,5,XGBoost,56796d49f176b4495e43225dcb173289cd9c6688936c5fede3dbd4f9365bb5e7,0.8543056845664978,predict_proba,9eb1905b0d2d4dff99236976201e564cbe25ee258ba901ad38107c5c6b5846f0,True,True
R0036,GG0021,CVB0010,REF0004,2,5,XGBoost,56796d49f176b4495e43225dcb173289cd9c6688936c5fede3dbd4f9365bb5e7,0.9017292857170105,predict_proba,9eb1905b0d2d4dff99236976201e564cbe25ee258ba901ad38107c5c6b5846f0,True,True
R0037,GG0022,CVB0019,REF0005,2,5,XGBoost,56796d49f176b4495e43225dcb173289cd9c6688936c5fede3dbd4f9365bb5e7,0.3013986647129059,predict_proba,9eb1905b0d2d4dff99236976201e564cbe25ee258ba901ad38107c5c6b5846f0,False,True
R0038,GG0022,CVB0019,REF0005,2,5,XGBoost,56796d49f176b4495e43225dcb173289cd9c6688936c5fede3dbd4f9365bb5e7,0.31165969371795654,predict_proba,9eb1905b0d2d4dff99236976201e564cbe25ee258ba901ad38107c5c6b5846f0,False,True
R0039,GG0022,CVB0019,REF0005,2,5,XGBoost,56796d49f176b4495e43225dcb173289cd9c6688936c5fede3dbd4f9365bb5e7,0.1610342413187027,predict_proba,9eb1905b0d2d4dff99236976201e564cbe25ee258ba901ad38107c5c6b5846f0,False,True
R0040,GG0022,CVB0019,REF0005,2,5,XGBoost,56796d49f176b4495e43225dcb173289cd9c6688936c5fede3dbd4f9365bb5e7,0.1973920464515686,predict_proba,9eb1905b0d2d4dff99236976201e564cbe25ee258ba901ad38107c5c6b5846f0,False,True
R0041,GG0022,CVB0019,REF0005,2,5,XGBoost,56796d49f176b4495e43225dcb173289cd9c6688936c5fede3dbd4f9365bb5e7,0.106817826628685,predict_proba,9eb1905b0d2d4dff99236976201e564cbe25ee258ba901ad38107c5c6b5846f0,False,True
R0042,GG0022,CVB0019,REF0005,2,5,XGBoost,56796d49f176b4495e43225dcb173289cd9c6688936c5fede3dbd4f9365bb5e7,0.2517709732055664,predict_proba,9eb1905b0d2d4dff99236976201e564cbe25ee258ba901ad38107c5c6b5846f0,False,True
R0043,GG0022,CVB0019,REF0005,2,5,XGBoost,56796d49f176b4495e43225dcb173289cd9c6688936c5fede3dbd4f9365bb5e7,0.11758866906166077,predict_proba,9eb1905b0d2d4dff99236976201e564cbe25ee258ba901ad38107c5c6b5846f0,False,True
R0044,GG0022,CVB0019,REF0005,2,5,XGBoost,56796d49f176b4495e43225dcb173289cd9c6688936c5fede3dbd4f9365bb5e7,0.6449809670448303,predict_proba,9eb1905b0d2d4dff99236976201e564cbe25ee258ba901ad38107c5c6b5846f0,False,True
R0045,GG0022,CVB0019,REF0005,2,5,XGBoost,56796d49f176b4495e43225dcb173289cd9c6688936c5fede3dbd4f9365bb5e7,0.8495439887046814,predict_proba,9eb1905b0d2d4dff99236976201e564cbe25ee258ba901ad38107c5c6b5846f0,False,True
R0046,GG0022,CVB0019,REF0005,2,5,XGBoost,56796d49f176b4495e43225dcb173289cd9c6688936c5fede3dbd4f9365bb5e7,0.5181156992912292,predict_proba,9eb1905b0d2d4dff99236976201e564cbe25ee258ba901ad38107c5c6b5846f0,False,True
R0047,GG0022,CVB0019,REF0005,2,5,XGBoost,56796d49f176b4495e43225dcb173289cd9c6688936c5fede3dbd4f9365bb5e7,0.7749621272087097,predict_proba,9eb1905b0d2d4dff99236976201e564cbe25ee258ba901ad38107c5c6b5846f0,False,True
R0048,GG0022,CVB0019,REF0005,2,5,XGBoost,56796d49f176b4495e43225dcb173289cd9c6688936c5fede3dbd4f9365bb5e7,0.7589437961578369,predict_proba,9eb1905b0d2d4dff99236976201e564cbe25ee258ba901ad38107c5c6b5846f0,False,True
R0060,GG0021,CVB0010,REF0008,2,5,XGBoost,56796d49f176b4495e43225dcb173289cd9c6688936c5fede3dbd4f9365bb5e7,0.41459324955940247,predict_proba,9eb1905b0d2d4dff99236976201e564cbe25ee258ba901ad38107c5c6b5846f0,True,True
R0061,GG0021,CVB0010,REF0008,2,5,XGBoost,56796d49f176b4495e43225dcb173289cd9c6688936c5fede3dbd4f9365bb5e7,0.6375983953475952,predict_proba,9eb1905b0d2d4dff99236976201e564cbe25ee258ba901ad38107c5c6b5846f0,True,True
R0062,GG0021,CVB0010,REF0008,2,5,XGBoost,56796d49f176b4495e43225dcb173289cd9c6688936c5fede3dbd4f9365bb5e7,0.8603885173797607,predict_proba,9eb1905b0d2d4dff99236976201e564cbe25ee258ba901ad38107c5c6b5846f0,True,True
R0063,GG0021,CVB0010,REF0008,2,5,XGBoost,56796d49f176b4495e43225dcb173289cd9c6688936c5fede3dbd4f9365bb5e7,0.8458642363548279,predict_proba,9eb1905b0d2d4dff99236976201e564cbe25ee258ba901ad38107c5c6b5846f0,True,True
R0064,GG0021,CVB0010,REF0008,2,5,XGBoost,56796d49f176b4495e43225dcb173289cd9c6688936c5fede3dbd4f9365bb5e7,0.7250284552574158,predict_proba,9eb1905b0d2d4dff99236976201e564cbe25ee258ba901ad38107c5c6b5846f0,True,True
R0065,GG0021,CVB0010,REF0008,2,5,XGBoost,56796d49f176b4495e43225dcb173289cd9c6688936c5fede3dbd4f9365bb5e7,0.7310584783554077,predict_proba,9eb1905b0d2d4dff99236976201e564cbe25ee258ba901ad38107c5c6b5846f0,True,True
R0066,GG0021,CVB0010,REF0008,2,5,XGBoost,56796d49f176b4495e43225dcb173289cd9c6688936c5fede3dbd4f9365bb5e7,0.5479679107666016,predict_proba,9eb1905b0d2d4dff99236976201e564cbe25ee258ba901ad38107c5c6b5846f0,True,True
R0067,GG0021,CVB0010,REF0008,2,5,XGBoost,56796d49f176b4495e43225dcb173289cd9c6688936c5fede3dbd4f9365bb5e7,0.21553629636764526,predict_proba,9eb1905b0d2d4dff99236976201e564cbe25ee258ba901ad38107c5c6b5846f0,True,True
R0068,GG0021,CVB0010,REF0008,2,5,XGBoost,56796d49f176b4495e43225dcb173289cd9c6688936c5fede3dbd4f9365bb5e7,0.630287766456604,predict_proba,9eb1905b0d2d4dff99236976201e564cbe25ee258ba901ad38107c5c6b5846f0,True,True
R0069,GG0021,CVB0010,REF0008,2,5,XGBoost,56796d49f176b4495e43225dcb173289cd9c6688936c5fede3dbd4f9365bb5e7,0.3304314911365509,predict_proba,9eb1905b0d2d4dff99236976201e564cbe25ee258ba901ad38107c5c6b5846f0,True,True
R0070,GG0021,CVB0010,REF0008,2,5,XGBoost,56796d49f176b4495e43225dcb173289cd9c6688936c5fede3dbd4f9365bb5e7,0.7663915157318115,predict_proba,9eb1905b0d2d4dff99236976201e564cbe25ee258ba901ad38107c5c6b5846f0,True,True
R0071,GG0021,CVB0010,REF0008,2,5,XGBoost,56796d49f176b4495e43225dcb173289cd9c6688936c5fede3dbd4f9365bb5e7,0.4967547357082367,predict_proba,9eb1905b0d2d4dff99236976201e564cbe25ee258ba901ad38107c5c6b5846f0,True,True
R0072,GG0021,CVB0010,REF0008,2,5,XGBoost,56796d49f176b4495e43225dcb173289cd9c6688936c5fede3dbd4f9365bb5e7,0.7973589897155762,predict_proba,9eb1905b0d2d4dff99236976201e564cbe25ee258ba901ad38107c5c6b5846f0,True,True
R0073,GG0021,CVB0010,REF0008,2,5,XGBoost,56796d49f176b4495e43225dcb173289cd9c6688936c5fede3dbd4f9365bb5e7,0.7813187837600708,predict_proba,9eb1905b0d2d4dff99236976201e564cbe25ee258ba901ad38107c5c6b5846f0,True,True
R0074,GG0021,CVB0010,REF0008,2,5,XGBoost,56796d49f176b4495e43225dcb173289cd9c6688936c5fede3dbd4f9365bb5e7,0.8848159909248352,predict_proba,9eb1905b0d2d4dff99236976201e564cbe25ee258ba901ad38107c5c6b5846f0,True,True
R0075,GG0021,CVB0010,REF0008,2,5,XGBoost,56796d49f176b4495e43225dcb173289cd9c6688936c5fede3dbd4f9365bb5e7,0.9058485627174377,predict_proba,9eb1905b0d2d4dff99236976201e564cbe25ee258ba901ad38107c5c6b5846f0,True,True
R0076,GG0021,CVB0010,REF0008,2,5,XGBoost,56796d49f176b4495e43225dcb173289cd9c6688936c5fede3dbd4f9365bb5e7,0.912691593170166,predict_proba,9eb1905b0d2d4dff99236976201e564cbe25ee258ba901ad38107c5c6b5846f0,True,True
R0077,GG0021,CVB0010,REF0008,2,5,XGBoost,56796d49f176b4495e43225dcb173289cd9c6688936c5fede3dbd4f9365bb5e7,0.9495082497596741,predict_proba,9eb1905b0d2d4dff99236976201e564cbe25ee258ba901ad38107c5c6b5846f0,True,True
R0078,GG0021,CVB0010,REF0008,2,5,XGBoost,56796d49f176b4495e43225dcb173289cd9c6688936c5fede3dbd4f9365bb5e7,0.9652440547943115,predict_proba,9eb1905b0d2d4dff99236976201e564cbe25ee258ba901ad38107c5c6b5846f0,True,True
R0079,GG0021,CVB0010,REF0008,2,5,XGBoost,56796d49f176b4495e43225dcb173289cd9c6688936c5fede3dbd4f9365bb5e7,0.9646703004837036,predict_proba,9eb1905b0d2d4dff99236976201e564cbe25ee258ba901ad38107c5c6b5846f0,True,True
R0080,GG0021,CVB0010,REF0008,2,5,XGBoost,56796d49f176b4495e43225dcb173289cd9c6688936c5fede3dbd4f9365bb5e7,0.960748016834259,predict_proba,9eb1905b0d2d4dff99236976201e564cbe25ee258ba901ad38107c5c6b5846f0,True,True
R0123,GG0017,CVB0007,REF0013,2,5,XGBoost,56796d49f176b4495e43225dcb173289cd9c6688936c5fede3dbd4f9365bb5e7,0.006399547681212425,predict_proba,9eb1905b0d2d4dff99236976201e564cbe25ee258ba901ad38107c5c6b5846f0,True,True
R0124,GG0017,CVB0007,REF0013,2,5,XGBoost,56796d49f176b4495e43225dcb173289cd9c6688936c5fede3dbd4f9365bb5e7,0.030846821144223213,predict_proba,9eb1905b0d2d4dff99236976201e564cbe25ee258ba901ad38107c5c6b5846f0,True,True
R0125,GG0017,CVB0007,REF0013,2,5,XGBoost,56796d49f176b4495e43225dcb173289cd9c6688936c5fede3dbd4f9365bb5e7,0.015326778404414654,predict_proba,9eb1905b0d2d4dff99236976201e564cbe25ee258ba901ad38107c5c6b5846f0,True,True
R0126,GG0017,CVB0007,REF0013,2,5,XGBoost,56796d49f176b4495e43225dcb173289cd9c6688936c5fede3dbd4f9365bb5e7,0.05733216926455498,predict_proba,9eb1905b0d2d4dff99236976201e564cbe25ee258ba901ad38107c5c6b5846f0,True,True
R0127,GG0017,CVB0007,REF0013,2,5,XGBoost,56796d49f176b4495e43225dcb173289cd9c6688936c5fede3dbd4f9365bb5e7,0.012340400367975235,predict_proba,9eb1905b0d2d4dff99236976201e564cbe25ee258ba901ad38107c5c6b5846f0,True,True
R0128,GG0017,CVB0007,REF0013,2,5,XGBoost,56796d49f176b4495e43225dcb173289cd9c6688936c5fede3dbd4f9365bb5e7,0.0683264285326004,predict_proba,9eb1905b0d2d4dff99236976201e564cbe25ee258ba901ad38107c5c6b5846f0,True,True
R0199,GG0033,CVB0030,REF0021,2,5,XGBoost,56796d49f176b4495e43225dcb173289cd9c6688936c5fede3dbd4f9365bb5e7,0.1736866533756256,predict_proba,9eb1905b0d2d4dff99236976201e564cbe25ee258ba901ad38107c5c6b5846f0,False,True
R0200,GG0033,CVB0030,REF0021,2,5,XGBoost,56796d49f176b4495e43225dcb173289cd9c6688936c5fede3dbd4f9365bb5e7,0.28793683648109436,predict_proba,9eb1905b0d2d4dff99236976201e564cbe25ee258ba901ad38107c5c6b5846f0,False,True
R0201,GG0033,CVB0030,REF0021,2,5,XGBoost,56796d49f176b4495e43225dcb173289cd9c6688936c5fede3dbd4f9365bb5e7,0.26959002017974854,predict_proba,9eb1905b0d2d4dff99236976201e564cbe25ee258ba901ad38107c5c6b5846f0,False,True
R0202,GG0033,CVB0030,REF0021,2,5,XGBoost,56796d49f176b4495e43225dcb173289cd9c6688936c5fede3dbd4f9365bb5e7,0.04467233270406723,predict_proba,9eb1905b0d2d4dff99236976201e564cbe25ee258ba901ad38107c5c6b5846f0,False,True
R0203,GG0033,CVB0030,REF0021,2,5,XGBoost,56796d49f176b4495e43225dcb173289cd9c6688936c5fede3dbd4f9365bb5e7,0.02129611000418663,predict_proba,9eb1905b0d2d4dff99236976201e564cbe25ee258ba901ad38107c5c6b5846f0,False,True
R0204,GG0033,CVB0030,REF0021,2,5,XGBoost,56796d49f176b4495e43225dcb173289cd9c6688936c5fede3dbd4f9365bb5e7,0.009474952705204487,predict_proba,9eb1905b0d2d4dff99236976201e564cbe25ee258ba901ad38107c5c6b5846f0,False,True
R0205,GG0033,CVB0030,REF0021,2,5,XGBoost,56796d49f176b4495e43225dcb173289cd9c6688936c5fede3dbd4f9365bb5e7,0.1442759484052658,predict_proba,9eb1905b0d2d4dff99236976201e564cbe25ee258ba901ad38107c5c6b5846f0,False,True
R0206,GG0033,CVB0030,REF0021,2,5,XGBoost,56796d49f176b4495e43225dcb173289cd9c6688936c5fede3dbd4f9365bb5e7,0.30883359909057617,predict_proba,9eb1905b0d2d4dff99236976201e564cbe25ee258ba901ad38107c5c6b5846f0,False,True
R0207,GG0033,CVB0030,REF0021,2,5,XGBoost,56796d49f176b4495e43225dcb173289cd9c6688936c5fede3dbd4f9365bb5e7,0.011897552758455276,predict_proba,9eb1905b0d2d4dff99236976201e564cbe25ee258ba901ad38107c5c6b5846f0,False,True
R0208,GG0033,CVB0030,REF0021,2,5,XGBoost,56796d49f176b4495e43225dcb173289cd9c6688936c5fede3dbd4f9365bb5e7,0.020457368344068527,predict_proba,9eb1905b0d2d4dff99236976201e564cbe25ee258ba901ad38107c5c6b5846f0,False,True
R0209,GG0033,CVB0030,REF0021,2,5,XGBoost,56796d49f176b4495e43225dcb173289cd9c6688936c5fede3dbd4f9365bb5e7,0.0016066671814769506,predict_proba,9eb1905b0d2d4dff99236976201e564cbe25ee258ba901ad38107c5c6b5846f0,False,True
R0210,GG0033,CVB0030,REF0021,2,5,XGBoost,56796d49f176b4495e43225dcb173289cd9c6688936c5fede3dbd4f9365bb5e7,0.024150950834155083,predict_proba,9eb1905b0d2d4dff99236976201e564cbe25ee258ba901ad38107c5c6b5846f0,False,True
R0211,GG0033,CVB0030,REF0021,2,5,XGBoost,56796d49f176b4495e43225dcb173289cd9c6688936c5fede3dbd4f9365bb5e7,0.034367796033620834,predict_proba,9eb1905b0d2d4dff99236976201e564cbe25ee258ba901ad38107c5c6b5846f0,False,True
R0212,GG0033,CVB0030,REF0021,2,5,XGBoost,56796d49f176b4495e43225dcb173289cd9c6688936c5fede3dbd4f9365bb5e7,0.02735256962478161,predict_proba,9eb1905b0d2d4dff99236976201e564cbe25ee258ba901ad38107c5c6b5846f0,False,True
R0213,GG0033,CVB0030,REF0022,2,5,XGBoost,56796d49f176b4495e43225dcb173289cd9c6688936c5fede3dbd4f9365bb5e7,0.13712799549102783,predict_proba,9eb1905b0d2d4dff99236976201e564cbe25ee258ba901ad38107c5c6b5846f0,False,True
R0214,GG0033,CVB0030,REF0022,2,5,XGBoost,56796d49f176b4495e43225dcb173289cd9c6688936c5fede3dbd4f9365bb5e7,0.5183725953102112,predict_proba,9eb1905b0d2d4dff99236976201e564cbe25ee258ba901ad38107c5c6b5846f0,False,True
R0215,GG0033,CVB0030,REF0022,2,5,XGBoost,56796d49f176b4495e43225dcb173289cd9c6688936c5fede3dbd4f9365bb5e7,0.05870061367750168,predict_proba,9eb1905b0d2d4dff99236976201e564cbe25ee258ba901ad38107c5c6b5846f0,False,True
R0360,GG0021,CVB0010,REF0036,2,5,XGBoost,56796d49f176b4495e43225dcb173289cd9c6688936c5fede3dbd4f9365bb5e7,0.23267078399658203,predict_proba,9eb1905b0d2d4dff99236976201e564cbe25ee258ba901ad38107c5c6b5846f0,True,True
R0361,GG0021,CVB0010,REF0036,2,5,XGBoost,56796d49f176b4495e43225dcb173289cd9c6688936c5fede3dbd4f9365bb5e7,0.0932171568274498,predict_proba,9eb1905b0d2d4dff99236976201e564cbe25ee258ba901ad38107c5c6b5846f0,True,True
R0362,GG0021,CVB0010,REF0036,2,5,XGBoost,56796d49f176b4495e43225dcb173289cd9c6688936c5fede3dbd4f9365bb5e7,0.055992599576711655,predict_proba,9eb1905b0d2d4dff99236976201e564cbe25ee258ba901ad38107c5c6b5846f0,True,True
R0363,GG0021,CVB0010,REF0036,2,5,XGBoost,56796d49f176b4495e43225dcb173289cd9c6688936c5fede3dbd4f9365bb5e7,0.8758058547973633,predict_proba,9eb1905b0d2d4dff99236976201e564cbe25ee258ba901ad38107c5c6b5846f0,True,True
R0364,GG0021,CVB0010,REF0036,2,5,XGBoost,56796d49f176b4495e43225dcb173289cd9c6688936c5fede3dbd4f9365bb5e7,0.8380165696144104,predict_proba,9eb1905b0d2d4dff99236976201e564cbe25ee258ba901ad38107c5c6b5846f0,True,True
R0365,GG0021,CVB0010,REF0036,2,5,XGBoost,56796d49f176b4495e43225dcb173289cd9c6688936c5fede3dbd4f9365bb5e7,0.36850833892822266,predict_proba,9eb1905b0d2d4dff99236976201e564cbe25ee258ba901ad38107c5c6b5846f0,True,True
R0366,GG0021,CVB0010,REF0036,2,5,XGBoost,56796d49f176b4495e43225dcb173289cd9c6688936c5fede3dbd4f9365bb5e7,0.5241343379020691,predict_proba,9eb1905b0d2d4dff99236976201e564cbe25ee258ba901ad38107c5c6b5846f0,True,True
R0367,GG0021,CVB0010,REF0036,2,5,XGBoost,56796d49f176b4495e43225dcb173289cd9c6688936c5fede3dbd4f9365bb5e7,0.6201186776161194,predict_proba,9eb1905b0d2d4dff99236976201e564cbe25ee258ba901ad38107c5c6b5846f0,True,True
R0368,GG0021,CVB0010,REF0036,2,5,XGBoost,56796d49f176b4495e43225dcb173289cd9c6688936c5fede3dbd4f9365bb5e7,0.9419918656349182,predict_proba,9eb1905b0d2d4dff99236976201e564cbe25ee258ba901ad38107c5c6b5846f0,True,True
R0369,GG0021,CVB0010,REF0036,2,5,XGBoost,56796d49f176b4495e43225dcb173289cd9c6688936c5fede3dbd4f9365bb5e7,0.8079885244369507,predict_proba,9eb1905b0d2d4dff99236976201e564cbe25ee258ba901ad38107c5c6b5846f0,True,True
R0457,GG0021,CVB0010,REF0042,2,5,XGBoost,56796d49f176b4495e43225dcb173289cd9c6688936c5fede3dbd4f9365bb5e7,0.5648741126060486,predict_proba,9eb1905b0d2d4dff99236976201e564cbe25ee258ba901ad38107c5c6b5846f0,True,True
R0458,GG0021,CVB0010,REF0042,2,5,XGBoost,56796d49f176b4495e43225dcb173289cd9c6688936c5fede3dbd4f9365bb5e7,0.464506059885025,predict_proba,9eb1905b0d2d4dff99236976201e564cbe25ee258ba901ad38107c5c6b5846f0,True,True
R0459,GG0021,CVB0010,REF0042,2,5,XGBoost,56796d49f176b4495e43225dcb173289cd9c6688936c5fede3dbd4f9365bb5e7,0.43247541785240173,predict_proba,9eb1905b0d2d4dff99236976201e564cbe25ee258ba901ad38107c5c6b5846f0,True,True
R0460,GG0021,CVB0010,REF0042,2,5,XGBoost,56796d49f176b4495e43225dcb173289cd9c6688936c5fede3dbd4f9365bb5e7,0.8847718834877014,predict_proba,9eb1905b0d2d4dff99236976201e564cbe25ee258ba901ad38107c5c6b5846f0,True,True
R0461,GG0021,CVB0010,REF0042,2,5,XGBoost,56796d49f176b4495e43225dcb173289cd9c6688936c5fede3dbd4f9365bb5e7,0.33894526958465576,predict_proba,9eb1905b0d2d4dff99236976201e564cbe25ee258ba901ad38107c5c6b5846f0,True,True
R0462,GG0021,CVB0010,REF0042,2,5,XGBoost,56796d49f176b4495e43225dcb173289cd9c6688936c5fede3dbd4f9365bb5e7,0.8126559853553772,predict_proba,9eb1905b0d2d4dff99236976201e564cbe25ee258ba901ad38107c5c6b5846f0,True,True
R0463,GG0021,CVB0010,REF0042,2,5,XGBoost,56796d49f176b4495e43225dcb173289cd9c6688936c5fede3dbd4f9365bb5e7,0.3805127739906311,predict_proba,9eb1905b0d2d4dff99236976201e564cbe25ee258ba901ad38107c5c6b5846f0,True,True
R0464,GG0021,CVB0010,REF0042,2,5,XGBoost,56796d49f176b4495e43225dcb173289cd9c6688936c5fede3dbd4f9365bb5e7,0.12869729101657867,predict_proba,9eb1905b0d2d4dff99236976201e564cbe25ee258ba901ad38107c5c6b5846f0,True,True
R0465,GG0021,CVB0010,REF0042,2,5,XGBoost,56796d49f176b4495e43225dcb173289cd9c6688936c5fede3dbd4f9365bb5e7,0.32973021268844604,predict_proba,9eb1905b0d2d4dff99236976201e564cbe25ee258ba901ad38107c5c6b5846f0,True,True
R0466,GG0021,CVB0010,REF0042,2,5,XGBoost,56796d49f176b4495e43225dcb173289cd9c6688936c5fede3dbd4f9365bb5e7,0.17057965695858002,predict_proba,9eb1905b0d2d4dff99236976201e564cbe25ee258ba901ad38107c5c6b5846f0,True,True
R0467,GG0021,CVB0010,REF0042,2,5,XGBoost,56796d49f176b4495e43225dcb173289cd9c6688936c5fede3dbd4f9365bb5e7,0.06214626133441925,predict_proba,9eb1905b0d2d4dff99236976201e564cbe25ee258ba901ad38107c5c6b5846f0,True,True
R0468,GG0021,CVB0010,REF0042,2,5,XGBoost,56796d49f176b4495e43225dcb173289cd9c6688936c5fede3dbd4f9365bb5e7,0.8692506551742554,predict_proba,9eb1905b0d2d4dff99236976201e564cbe25ee258ba901ad38107c5c6b5846f0,True,True
R0469,GG0021,CVB0010,REF0042,2,5,XGBoost,56796d49f176b4495e43225dcb173289cd9c6688936c5fede3dbd4f9365bb5e7,0.4800727069377899,predict_proba,9eb1905b0d2d4dff99236976201e564cbe25ee258ba901ad38107c5c6b5846f0,True,True
R0470,GG0021,CVB0010,REF0042,2,5,XGBoost,56796d49f176b4495e43225dcb173289cd9c6688936c5fede3dbd4f9365bb5e7,0.030790068209171295,predict_proba,9eb1905b0d2d4dff99236976201e564cbe25ee258ba901ad38107c5c6b5846f0,True,True
R0471,GG0021,CVB0010,REF0042,2,5,XGBoost,56796d49f176b4495e43225dcb173289cd9c6688936c5fede3dbd4f9365bb5e7,0.039381880313158035,predict_proba,9eb1905b0d2d4dff99236976201e564cbe25ee258ba901ad38107c5c6b5846f0,True,True
R0472,GG0021,CVB0010,REF0042,2,5,XGBoost,56796d49f176b4495e43225dcb173289cd9c6688936c5fede3dbd4f9365bb5e7,0.36628004908561707,predict_proba,9eb1905b0d2d4dff99236976201e564cbe25ee258ba901ad38107c5c6b5846f0,True,True
R0473,GG0021,CVB0010,REF0042,2,5,XGBoost,56796d49f176b4495e43225dcb173289cd9c6688936c5fede3dbd4f9365bb5e7,0.017384132370352745,predict_proba,9eb1905b0d2d4dff99236976201e564cbe25ee258ba901ad38107c5c6b5846f0,True,True
R0474,GG0021,CVB0010,REF0042,2,5,XGBoost,56796d49f176b4495e43225dcb173289cd9c6688936c5fede3dbd4f9365bb5e7,0.26611053943634033,predict_proba,9eb1905b0d2d4dff99236976201e564cbe25ee258ba901ad38107c5c6b5846f0,True,True
R0475,GG0021,CVB0010,REF0042,2,5,XGBoost,56796d49f176b4495e43225dcb173289cd9c6688936c5fede3dbd4f9365bb5e7,0.06784413009881973,predict_proba,9eb1905b0d2d4dff99236976201e564cbe25ee258ba901ad38107c5c6b5846f0,True,True
R0476,GG0021,CVB0010,REF0042,2,5,XGBoost,56796d49f176b4495e43225dcb173289cd9c6688936c5fede3dbd4f9365bb5e7,0.19069325923919678,predict_proba,9eb1905b0d2d4dff99236976201e564cbe25ee258ba901ad38107c5c6b5846f0,True,True
R0477,GG0021,CVB0010,REF0042,2,5,XGBoost,56796d49f176b4495e43225dcb173289cd9c6688936c5fede3dbd4f9365bb5e7,0.042320530861616135,predict_proba,9eb1905b0d2d4dff99236976201e564cbe25ee258ba901ad38107c5c6b5846f0,True,True
R0478,GG0021,CVB0010,REF0043,2,5,XGBoost,56796d49f176b4495e43225dcb173289cd9c6688936c5fede3dbd4f9365bb5e7,0.7351043224334717,predict_proba,9eb1905b0d2d4dff99236976201e564cbe25ee258ba901ad38107c5c6b5846f0,True,True
R0479,GG0021,CVB0010,REF0043,2,5,XGBoost,56796d49f176b4495e43225dcb173289cd9c6688936c5fede3dbd4f9365bb5e7,0.5496832728385925,predict_proba,9eb1905b0d2d4dff99236976201e564cbe25ee258ba901ad38107c5c6b5846f0,True,True
R0480,GG0021,CVB0010,REF0043,2,5,XGBoost,56796d49f176b4495e43225dcb173289cd9c6688936c5fede3dbd4f9365bb5e7,0.23714827001094818,predict_proba,9eb1905b0d2d4dff99236976201e564cbe25ee258ba901ad38107c5c6b5846f0,True,True
R0481,GG0021,CVB0010,REF0043,2,5,XGBoost,56796d49f176b4495e43225dcb173289cd9c6688936c5fede3dbd4f9365bb5e7,0.5831171870231628,predict_proba,9eb1905b0d2d4dff99236976201e564cbe25ee258ba901ad38107c5c6b5846f0,True,True
R0482,GG0021,CVB0010,REF0043,2,5,XGBoost,56796d49f176b4495e43225dcb173289cd9c6688936c5fede3dbd4f9365bb5e7,0.5726022720336914,predict_proba,9eb1905b0d2d4dff99236976201e564cbe25ee258ba901ad38107c5c6b5846f0,True,True
R0483,GG0021,CVB0010,REF0043,2,5,XGBoost,56796d49f176b4495e43225dcb173289cd9c6688936c5fede3dbd4f9365bb5e7,0.5827068090438843,predict_proba,9eb1905b0d2d4dff99236976201e564cbe25ee258ba901ad38107c5c6b5846f0,True,True
R0484,GG0021,CVB0010,REF0043,2,5,XGBoost,56796d49f176b4495e43225dcb173289cd9c6688936c5fede3dbd4f9365bb5e7,0.3753349184989929,predict_proba,9eb1905b0d2d4dff99236976201e564cbe25ee258ba901ad38107c5c6b5846f0,True,True
R0485,GG0021,CVB0010,REF0043,2,5,XGBoost,56796d49f176b4495e43225dcb173289cd9c6688936c5fede3dbd4f9365bb5e7,0.6214935779571533,predict_proba,9eb1905b0d2d4dff99236976201e564cbe25ee258ba901ad38107c5c6b5846f0,True,True
R0486,GG0021,CVB0010,REF0043,2,5,XGBoost,56796d49f176b4495e43225dcb173289cd9c6688936c5fede3dbd4f9365bb5e7,0.9535538554191589,predict_proba,9eb1905b0d2d4dff99236976201e564cbe25ee258ba901ad38107c5c6b5846f0,True,True
R0487,GG0021,CVB0010,REF0043,2,5,XGBoost,56796d49f176b4495e43225dcb173289cd9c6688936c5fede3dbd4f9365bb5e7,0.9539916515350342,predict_proba,9eb1905b0d2d4dff99236976201e564cbe25ee258ba901ad38107c5c6b5846f0,True,True
R0488,GG0021,CVB0010,REF0043,2,5,XGBoost,56796d49f176b4495e43225dcb173289cd9c6688936c5fede3dbd4f9365bb5e7,0.8895804286003113,predict_proba,9eb1905b0d2d4dff99236976201e564cbe25ee258ba901ad38107c5c6b5846f0,True,True
R0489,GG0021,CVB0010,REF0043,2,5,XGBoost,56796d49f176b4495e43225dcb173289cd9c6688936c5fede3dbd4f9365bb5e7,0.9784612059593201,predict_proba,9eb1905b0d2d4dff99236976201e564cbe25ee258ba901ad38107c5c6b5846f0,True,True
R0490,GG0021,CVB0010,REF0043,2,5,XGBoost,56796d49f176b4495e43225dcb173289cd9c6688936c5fede3dbd4f9365bb5e7,0.21418452262878418,predict_proba,9eb1905b0d2d4dff99236976201e564cbe25ee258ba901ad38107c5c6b5846f0,True,True
R0491,GG0021,CVB0010,REF0043,2,5,XGBoost,56796d49f176b4495e43225dcb173289cd9c6688936c5fede3dbd4f9365bb5e7,0.9738933444023132,predict_proba,9eb1905b0d2d4dff99236976201e564cbe25ee258ba901ad38107c5c6b5846f0,True,True
R0492,GG0021,CVB0010,REF0043,2,5,XGBoost,56796d49f176b4495e43225dcb173289cd9c6688936c5fede3dbd4f9365bb5e7,0.9682489633560181,predict_proba,9eb1905b0d2d4dff99236976201e564cbe25ee258ba901ad38107c5c6b5846f0,True,True
R0493,GG0021,CVB0010,REF0043,2,5,XGBoost,56796d49f176b4495e43225dcb173289cd9c6688936c5fede3dbd4f9365bb5e7,0.9591514468193054,predict_proba,9eb1905b0d2d4dff99236976201e564cbe25ee258ba901ad38107c5c6b5846f0,True,True
R0494,GG0021,CVB0010,REF0043,2,5,XGBoost,56796d49f176b4495e43225dcb173289cd9c6688936c5fede3dbd4f9365bb5e7,0.9551419019699097,predict_proba,9eb1905b0d2d4dff99236976201e564cbe25ee258ba901ad38107c5c6b5846f0,True,True
R0495,GG0021,CVB0010,REF0043,2,5,XGBoost,56796d49f176b4495e43225dcb173289cd9c6688936c5fede3dbd4f9365bb5e7,0.968723714351654,predict_proba,9eb1905b0d2d4dff99236976201e564cbe25ee258ba901ad38107c5c6b5846f0,True,True
R0496,GG0021,CVB0010,REF0043,2,5,XGBoost,56796d49f176b4495e43225dcb173289cd9c6688936c5fede3dbd4f9365bb5e7,0.9723180532455444,predict_proba,9eb1905b0d2d4dff99236976201e564cbe25ee258ba901ad38107c5c6b5846f0,True,True
R0603,GG0033,CVB0030,REF0051,2,5,XGBoost,56796d49f176b4495e43225dcb173289cd9c6688936c5fede3dbd4f9365bb5e7,0.4863177537918091,predict_proba,9eb1905b0d2d4dff99236976201e564cbe25ee258ba901ad38107c5c6b5846f0,False,True
R0604,GG0033,CVB0030,REF0051,2,5,XGBoost,56796d49f176b4495e43225dcb173289cd9c6688936c5fede3dbd4f9365bb5e7,0.0453222319483757,predict_proba,9eb1905b0d2d4dff99236976201e564cbe25ee258ba901ad38107c5c6b5846f0,False,True
R0605,GG0033,CVB0030,REF0051,2,5,XGBoost,56796d49f176b4495e43225dcb173289cd9c6688936c5fede3dbd4f9365bb5e7,0.12717412412166595,predict_proba,9eb1905b0d2d4dff99236976201e564cbe25ee258ba901ad38107c5c6b5846f0,False,True
R0606,GG0033,CVB0030,REF0051,2,5,XGBoost,56796d49f176b4495e43225dcb173289cd9c6688936c5fede3dbd4f9365bb5e7,0.4537595808506012,predict_proba,9eb1905b0d2d4dff99236976201e564cbe25ee258ba901ad38107c5c6b5846f0,False,True
R0607,GG0033,CVB0030,REF0051,2,5,XGBoost,56796d49f176b4495e43225dcb173289cd9c6688936c5fede3dbd4f9365bb5e7,0.32970917224884033,predict_proba,9eb1905b0d2d4dff99236976201e564cbe25ee258ba901ad38107c5c6b5846f0,False,True
R0608,GG0033,CVB0030,REF0051,2,5,XGBoost,56796d49f176b4495e43225dcb173289cd9c6688936c5fede3dbd4f9365bb5e7,0.5723356008529663,predict_proba,9eb1905b0d2d4dff99236976201e564cbe25ee258ba901ad38107c5c6b5846f0,False,True
R0609,GG0033,CVB0030,REF0051,2,5,XGBoost,56796d49f176b4495e43225dcb173289cd9c6688936c5fede3dbd4f9365bb5e7,0.3112916946411133,predict_proba,9eb1905b0d2d4dff99236976201e564cbe25ee258ba901ad38107c5c6b5846f0,False,True
R0610,GG0033,CVB0030,REF0051,2,5,XGBoost,56796d49f176b4495e43225dcb173289cd9c6688936c5fede3dbd4f9365bb5e7,0.5207498073577881,predict_proba,9eb1905b0d2d4dff99236976201e564cbe25ee258ba901ad38107c5c6b5846f0,False,True
R0611,GG0033,CVB0030,REF0051,2,5,XGBoost,56796d49f176b4495e43225dcb173289cd9c6688936c5fede3dbd4f9365bb5e7,0.8051772713661194,predict_proba,9eb1905b0d2d4dff99236976201e564cbe25ee258ba901ad38107c5c6b5846f0,False,True
R0612,GG0033,CVB0030,REF0051,2,5,XGBoost,56796d49f176b4495e43225dcb173289cd9c6688936c5fede3dbd4f9365bb5e7,0.0689939484000206,predict_proba,9eb1905b0d2d4dff99236976201e564cbe25ee258ba901ad38107c5c6b5846f0,False,True
R0613,GG0033,CVB0030,REF0051,2,5,XGBoost,56796d49f176b4495e43225dcb173289cd9c6688936c5fede3dbd4f9365bb5e7,0.00537266256287694,predict_proba,9eb1905b0d2d4dff99236976201e564cbe25ee258ba901ad38107c5c6b5846f0,False,True
R0614,GG0033,CVB0030,REF0051,2,5,XGBoost,56796d49f176b4495e43225dcb173289cd9c6688936c5fede3dbd4f9365bb5e7,0.029381170868873596,predict_proba,9eb1905b0d2d4dff99236976201e564cbe25ee258ba901ad38107c5c6b5846f0,False,True
R0615,GG0033,CVB0030,REF0051,2,5,XGBoost,56796d49f176b4495e43225dcb173289cd9c6688936c5fede3dbd4f9365bb5e7,0.03572550043463707,predict_proba,9eb1905b0d2d4dff99236976201e564cbe25ee258ba901ad38107c5c6b5846f0,False,True
R0616,GG0033,CVB0030,REF0051,2,5,XGBoost,56796d49f176b4495e43225dcb173289cd9c6688936c5fede3dbd4f9365bb5e7,0.04903719946742058,predict_proba,9eb1905b0d2d4dff99236976201e564cbe25ee258ba901ad38107c5c6b5846f0,False,True
R0617,GG0033,CVB0030,REF0051,2,5,XGBoost,56796d49f176b4495e43225dcb173289cd9c6688936c5fede3dbd4f9365bb5e7,0.29438093304634094,predict_proba,9eb1905b0d2d4dff99236976201e564cbe25ee258ba901ad38107c5c6b5846f0,False,True
R0618,GG0033,CVB0030,REF0051,2,5,XGBoost,56796d49f176b4495e43225dcb173289cd9c6688936c5fede3dbd4f9365bb5e7,0.00869110319763422,predict_proba,9eb1905b0d2d4dff99236976201e564cbe25ee258ba901ad38107c5c6b5846f0,False,True
R0619,GG0033,CVB0030,REF0051,2,5,XGBoost,56796d49f176b4495e43225dcb173289cd9c6688936c5fede3dbd4f9365bb5e7,0.011481188237667084,predict_proba,9eb1905b0d2d4dff99236976201e564cbe25ee258ba901ad38107c5c6b5846f0,False,True
R0620,GG0033,CVB0030,REF0051,2,5,XGBoost,56796d49f176b4495e43225dcb173289cd9c6688936c5fede3dbd4f9365bb5e7,0.025519805029034615,predict_proba,9eb1905b0d2d4dff99236976201e564cbe25ee258ba901ad38107c5c6b5846f0,False,True
R0621,GG0033,CVB0030,REF0051,2,5,XGBoost,56796d49f176b4495e43225dcb173289cd9c6688936c5fede3dbd4f9365bb5e7,0.021151119843125343,predict_proba,9eb1905b0d2d4dff99236976201e564cbe25ee258ba901ad38107c5c6b5846f0,False,True
R0622,GG0033,CVB0030,REF0051,2,5,XGBoost,56796d49f176b4495e43225dcb173289cd9c6688936c5fede3dbd4f9365bb5e7,0.014471215195953846,predict_proba,9eb1905b0d2d4dff99236976201e564cbe25ee258ba901ad38107c5c6b5846f0,False,True
R0623,GG0033,CVB0030,REF0051,2,5,XGBoost,56796d49f176b4495e43225dcb173289cd9c6688936c5fede3dbd4f9365bb5e7,0.07130982726812363,predict_proba,9eb1905b0d2d4dff99236976201e564cbe25ee258ba901ad38107c5c6b5846f0,False,True
R0624,GG0033,CVB0030,REF0051,2,5,XGBoost,56796d49f176b4495e43225dcb173289cd9c6688936c5fede3dbd4f9365bb5e7,0.12292923033237457,predict_proba,9eb1905b0d2d4dff99236976201e564cbe25ee258ba901ad38107c5c6b5846f0,False,True
R0625,GG0033,CVB0030,REF0051,2,5,XGBoost,56796d49f176b4495e43225dcb173289cd9c6688936c5fede3dbd4f9365bb5e7,0.0427655428647995,predict_proba,9eb1905b0d2d4dff99236976201e564cbe25ee258ba901ad38107c5c6b5846f0,False,True
R0626,GG0033,CVB0030,REF0051,2,5,XGBoost,56796d49f176b4495e43225dcb173289cd9c6688936c5fede3dbd4f9365bb5e7,0.012308494187891483,predict_proba,9eb1905b0d2d4dff99236976201e564cbe25ee258ba901ad38107c5c6b5846f0,False,True
R0627,GG0033,CVB0030,REF0051,2,5,XGBoost,56796d49f176b4495e43225dcb173289cd9c6688936c5fede3dbd4f9365bb5e7,0.06983089447021484,predict_proba,9eb1905b0d2d4dff99236976201e564cbe25ee258ba901ad38107c5c6b5846f0,False,True
R0737,GG0021,CVB0010,REF0057,2,5,XGBoost,56796d49f176b4495e43225dcb173289cd9c6688936c5fede3dbd4f9365bb5e7,0.03533433377742767,predict_proba,9eb1905b0d2d4dff99236976201e564cbe25ee258ba901ad38107c5c6b5846f0,True,True
R0738,GG0021,CVB0010,REF0057,2,5,XGBoost,56796d49f176b4495e43225dcb173289cd9c6688936c5fede3dbd4f9365bb5e7,0.8511311411857605,predict_proba,9eb1905b0d2d4dff99236976201e564cbe25ee258ba901ad38107c5c6b5846f0,True,True
R0739,GG0021,CVB0010,REF0057,2,5,XGBoost,56796d49f176b4495e43225dcb173289cd9c6688936c5fede3dbd4f9365bb5e7,0.17267517745494843,predict_proba,9eb1905b0d2d4dff99236976201e564cbe25ee258ba901ad38107c5c6b5846f0,True,True
R0740,GG0021,CVB0010,REF0057,2,5,XGBoost,56796d49f176b4495e43225dcb173289cd9c6688936c5fede3dbd4f9365bb5e7,0.9010010361671448,predict_proba,9eb1905b0d2d4dff99236976201e564cbe25ee258ba901ad38107c5c6b5846f0,True,True
R0741,GG0021,CVB0010,REF0057,2,5,XGBoost,56796d49f176b4495e43225dcb173289cd9c6688936c5fede3dbd4f9365bb5e7,0.8473828434944153,predict_proba,9eb1905b0d2d4dff99236976201e564cbe25ee258ba901ad38107c5c6b5846f0,True,True
R0742,GG0021,CVB0010,REF0057,2,5,XGBoost,56796d49f176b4495e43225dcb173289cd9c6688936c5fede3dbd4f9365bb5e7,0.8701044321060181,predict_proba,9eb1905b0d2d4dff99236976201e564cbe25ee258ba901ad38107c5c6b5846f0,True,True
R0743,GG0021,CVB0010,REF0057,2,5,XGBoost,56796d49f176b4495e43225dcb173289cd9c6688936c5fede3dbd4f9365bb5e7,0.7092249393463135,predict_proba,9eb1905b0d2d4dff99236976201e564cbe25ee258ba901ad38107c5c6b5846f0,True,True
R0744,GG0021,CVB0010,REF0057,2,5,XGBoost,56796d49f176b4495e43225dcb173289cd9c6688936c5fede3dbd4f9365bb5e7,0.7905111908912659,predict_proba,9eb1905b0d2d4dff99236976201e564cbe25ee258ba901ad38107c5c6b5846f0,True,True
R0745,GG0021,CVB0010,REF0058,2,5,XGBoost,56796d49f176b4495e43225dcb173289cd9c6688936c5fede3dbd4f9365bb5e7,0.0038580894470214844,predict_proba,9eb1905b0d2d4dff99236976201e564cbe25ee258ba901ad38107c5c6b5846f0,True,True
R0746,GG0021,CVB0010,REF0058,2,5,XGBoost,56796d49f176b4495e43225dcb173289cd9c6688936c5fede3dbd4f9365bb5e7,0.04518391191959381,predict_proba,9eb1905b0d2d4dff99236976201e564cbe25ee258ba901ad38107c5c6b5846f0,True,True
R0747,GG0021,CVB0010,REF0058,2,5,XGBoost,56796d49f176b4495e43225dcb173289cd9c6688936c5fede3dbd4f9365bb5e7,0.010795285925269127,predict_proba,9eb1905b0d2d4dff99236976201e564cbe25ee258ba901ad38107c5c6b5846f0,True,True
R0748,GG0021,CVB0010,REF0058,2,5,XGBoost,56796d49f176b4495e43225dcb173289cd9c6688936c5fede3dbd4f9365bb5e7,0.1481560915708542,predict_proba,9eb1905b0d2d4dff99236976201e564cbe25ee258ba901ad38107c5c6b5846f0,True,True
R0754,GG0021,CVB0010,REF0059,2,5,XGBoost,56796d49f176b4495e43225dcb173289cd9c6688936c5fede3dbd4f9365bb5e7,0.8562119603157043,predict_proba,9eb1905b0d2d4dff99236976201e564cbe25ee258ba901ad38107c5c6b5846f0,True,True
R0755,GG0021,CVB0010,REF0059,2,5,XGBoost,56796d49f176b4495e43225dcb173289cd9c6688936c5fede3dbd4f9365bb5e7,0.6376846432685852,predict_proba,9eb1905b0d2d4dff99236976201e564cbe25ee258ba901ad38107c5c6b5846f0,True,True
R0756,GG0021,CVB0010,REF0059,2,5,XGBoost,56796d49f176b4495e43225dcb173289cd9c6688936c5fede3dbd4f9365bb5e7,0.9358034133911133,predict_proba,9eb1905b0d2d4dff99236976201e564cbe25ee258ba901ad38107c5c6b5846f0,True,True
R0757,GG0021,CVB0010,REF0059,2,5,XGBoost,56796d49f176b4495e43225dcb173289cd9c6688936c5fede3dbd4f9365bb5e7,0.9418123960494995,predict_proba,9eb1905b0d2d4dff99236976201e564cbe25ee258ba901ad38107c5c6b5846f0,True,True
R0846,GG0033,CVB0030,REF0069,2,5,XGBoost,56796d49f176b4495e43225dcb173289cd9c6688936c5fede3dbd4f9365bb5e7,0.853101372718811,predict_proba,9eb1905b0d2d4dff99236976201e564cbe25ee258ba901ad38107c5c6b5846f0,False,True
R0847,GG0033,CVB0030,REF0069,2,5,XGBoost,56796d49f176b4495e43225dcb173289cd9c6688936c5fede3dbd4f9365bb5e7,0.9494286775588989,predict_proba,9eb1905b0d2d4dff99236976201e564cbe25ee258ba901ad38107c5c6b5846f0,False,True
R0848,GG0033,CVB0030,REF0069,2,5,XGBoost,56796d49f176b4495e43225dcb173289cd9c6688936c5fede3dbd4f9365bb5e7,0.5761135816574097,predict_proba,9eb1905b0d2d4dff99236976201e564cbe25ee258ba901ad38107c5c6b5846f0,False,True
R0849,GG0033,CVB0030,REF0069,2,5,XGBoost,56796d49f176b4495e43225dcb173289cd9c6688936c5fede3dbd4f9365bb5e7,0.7875933647155762,predict_proba,9eb1905b0d2d4dff99236976201e564cbe25ee258ba901ad38107c5c6b5846f0,False,True
R0850,GG0033,CVB0030,REF0069,2,5,XGBoost,56796d49f176b4495e43225dcb173289cd9c6688936c5fede3dbd4f9365bb5e7,0.9078847169876099,predict_proba,9eb1905b0d2d4dff99236976201e564cbe25ee258ba901ad38107c5c6b5846f0,False,True
R0851,GG0033,CVB0030,REF0069,2,5,XGBoost,56796d49f176b4495e43225dcb173289cd9c6688936c5fede3dbd4f9365bb5e7,0.8664889931678772,predict_proba,9eb1905b0d2d4dff99236976201e564cbe25ee258ba901ad38107c5c6b5846f0,False,True
R0852,GG0033,CVB0030,REF0069,2,5,XGBoost,56796d49f176b4495e43225dcb173289cd9c6688936c5fede3dbd4f9365bb5e7,0.9635626673698425,predict_proba,9eb1905b0d2d4dff99236976201e564cbe25ee258ba901ad38107c5c6b5846f0,False,True
R0853,GG0033,CVB0030,REF0069,2,5,XGBoost,56796d49f176b4495e43225dcb173289cd9c6688936c5fede3dbd4f9365bb5e7,0.9621104001998901,predict_proba,9eb1905b0d2d4dff99236976201e564cbe25ee258ba901ad38107c5c6b5846f0,False,True
R0854,GG0033,CVB0030,REF0069,2,5,XGBoost,56796d49f176b4495e43225dcb173289cd9c6688936c5fede3dbd4f9365bb5e7,0.8736860752105713,predict_proba,9eb1905b0d2d4dff99236976201e564cbe25ee258ba901ad38107c5c6b5846f0,False,True
R0855,GG0033,CVB0030,REF0069,2,5,XGBoost,56796d49f176b4495e43225dcb173289cd9c6688936c5fede3dbd4f9365bb5e7,0.0826280415058136,predict_proba,9eb1905b0d2d4dff99236976201e564cbe25ee258ba901ad38107c5c6b5846f0,False,True
R0866,GG0033,CVB0030,REF0071,2,5,XGBoost,56796d49f176b4495e43225dcb173289cd9c6688936c5fede3dbd4f9365bb5e7,0.022702665999531746,predict_proba,9eb1905b0d2d4dff99236976201e564cbe25ee258ba901ad38107c5c6b5846f0,False,True
R0867,GG0033,CVB0030,REF0071,2,5,XGBoost,56796d49f176b4495e43225dcb173289cd9c6688936c5fede3dbd4f9365bb5e7,0.2753880023956299,predict_proba,9eb1905b0d2d4dff99236976201e564cbe25ee258ba901ad38107c5c6b5846f0,False,True
R0870,GG0033,CVB0030,REF0071,2,5,XGBoost,56796d49f176b4495e43225dcb173289cd9c6688936c5fede3dbd4f9365bb5e7,0.012135171331465244,predict_proba,9eb1905b0d2d4dff99236976201e564cbe25ee258ba901ad38107c5c6b5846f0,False,True
R0871,GG0033,CVB0030,REF0071,2,5,XGBoost,56796d49f176b4495e43225dcb173289cd9c6688936c5fede3dbd4f9365bb5e7,0.01072113960981369,predict_proba,9eb1905b0d2d4dff99236976201e564cbe25ee258ba901ad38107c5c6b5846f0,False,True
R0872,GG0033,CVB0030,REF0071,2,5,XGBoost,56796d49f176b4495e43225dcb173289cd9c6688936c5fede3dbd4f9365bb5e7,0.0034145310055464506,predict_proba,9eb1905b0d2d4dff99236976201e564cbe25ee258ba901ad38107c5c6b5846f0,False,True
R0873,GG0033,CVB0030,REF0071,2,5,XGBoost,56796d49f176b4495e43225dcb173289cd9c6688936c5fede3dbd4f9365bb5e7,0.008583992719650269,predict_proba,9eb1905b0d2d4dff99236976201e564cbe25ee258ba901ad38107c5c6b5846f0,False,True
R0874,GG0033,CVB0030,REF0071,2,5,XGBoost,56796d49f176b4495e43225dcb173289cd9c6688936c5fede3dbd4f9365bb5e7,0.0015163919888436794,predict_proba,9eb1905b0d2d4dff99236976201e564cbe25ee258ba901ad38107c5c6b5846f0,False,True
R0875,GG0033,CVB0030,REF0071,2,5,XGBoost,56796d49f176b4495e43225dcb173289cd9c6688936c5fede3dbd4f9365bb5e7,0.020573152229189873,predict_proba,9eb1905b0d2d4dff99236976201e564cbe25ee258ba901ad38107c5c6b5846f0,False,True
R0876,GG0033,CVB0030,REF0071,2,5,XGBoost,56796d49f176b4495e43225dcb173289cd9c6688936c5fede3dbd4f9365bb5e7,0.020465996116399765,predict_proba,9eb1905b0d2d4dff99236976201e564cbe25ee258ba901ad38107c5c6b5846f0,False,True
R0877,GG0033,CVB0030,REF0071,2,5,XGBoost,56796d49f176b4495e43225dcb173289cd9c6688936c5fede3dbd4f9365bb5e7,0.10203806310892105,predict_proba,9eb1905b0d2d4dff99236976201e564cbe25ee258ba901ad38107c5c6b5846f0,False,True
R0878,GG0033,CVB0030,REF0071,2,5,XGBoost,56796d49f176b4495e43225dcb173289cd9c6688936c5fede3dbd4f9365bb5e7,0.29417505860328674,predict_proba,9eb1905b0d2d4dff99236976201e564cbe25ee258ba901ad38107c5c6b5846f0,False,True
R0934,GG0011,CVB0011,REF0077,2,5,XGBoost,56796d49f176b4495e43225dcb173289cd9c6688936c5fede3dbd4f9365bb5e7,0.2755601406097412,predict_proba,9eb1905b0d2d4dff99236976201e564cbe25ee258ba901ad38107c5c6b5846f0,False,True
R0935,GG0011,CVB0011,REF0077,2,5,XGBoost,56796d49f176b4495e43225dcb173289cd9c6688936c5fede3dbd4f9365bb5e7,0.6593334078788757,predict_proba,9eb1905b0d2d4dff99236976201e564cbe25ee258ba901ad38107c5c6b5846f0,False,True
R0936,GG0011,CVB0011,REF0077,2,5,XGBoost,56796d49f176b4495e43225dcb173289cd9c6688936c5fede3dbd4f9365bb5e7,0.4668874144554138,predict_proba,9eb1905b0d2d4dff99236976201e564cbe25ee258ba901ad38107c5c6b5846f0,False,True
R0937,GG0011,CVB0011,REF0077,2,5,XGBoost,56796d49f176b4495e43225dcb173289cd9c6688936c5fede3dbd4f9365bb5e7,0.6535369157791138,predict_proba,9eb1905b0d2d4dff99236976201e564cbe25ee258ba901ad38107c5c6b5846f0,False,True
R0938,GG0011,CVB0011,REF0077,2,5,XGBoost,56796d49f176b4495e43225dcb173289cd9c6688936c5fede3dbd4f9365bb5e7,0.5693551898002625,predict_proba,9eb1905b0d2d4dff99236976201e564cbe25ee258ba901ad38107c5c6b5846f0,False,True
R0939,GG0011,CVB0011,REF0077,2,5,XGBoost,56796d49f176b4495e43225dcb173289cd9c6688936c5fede3dbd4f9365bb5e7,0.7584858536720276,predict_proba,9eb1905b0d2d4dff99236976201e564cbe25ee258ba901ad38107c5c6b5846f0,False,True
R0940,GG0011,CVB0011,REF0077,2,5,XGBoost,56796d49f176b4495e43225dcb173289cd9c6688936c5fede3dbd4f9365bb5e7,0.4814307987689972,predict_proba,9eb1905b0d2d4dff99236976201e564cbe25ee258ba901ad38107c5c6b5846f0,False,True
R0941,GG0011,CVB0011,REF0077,2,5,XGBoost,56796d49f176b4495e43225dcb173289cd9c6688936c5fede3dbd4f9365bb5e7,0.19636216759681702,predict_proba,9eb1905b0d2d4dff99236976201e564cbe25ee258ba901ad38107c5c6b5846f0,False,True
R0942,GG0011,CVB0011,REF0077,2,5,XGBoost,56796d49f176b4495e43225dcb173289cd9c6688936c5fede3dbd4f9365bb5e7,0.20290222764015198,predict_proba,9eb1905b0d2d4dff99236976201e564cbe25ee258ba901ad38107c5c6b5846f0,False,True
R0943,GG0011,CVB0011,REF0077,2,5,XGBoost,56796d49f176b4495e43225dcb173289cd9c6688936c5fede3dbd4f9365bb5e7,0.20458170771598816,predict_proba,9eb1905b0d2d4dff99236976201e564cbe25ee258ba901ad38107c5c6b5846f0,False,True
R1000,GG0022,CVB0019,REF0084,2,5,XGBoost,56796d49f176b4495e43225dcb173289cd9c6688936c5fede3dbd4f9365bb5e7,0.6594290137290955,predict_proba,9eb1905b0d2d4dff99236976201e564cbe25ee258ba901ad38107c5c6b5846f0,False,True
R1001,GG0022,CVB0019,REF0084,2,5,XGBoost,56796d49f176b4495e43225dcb173289cd9c6688936c5fede3dbd4f9365bb5e7,0.6741549372673035,predict_proba,9eb1905b0d2d4dff99236976201e564cbe25ee258ba901ad38107c5c6b5846f0,False,True
R1002,GG0022,CVB0019,REF0084,2,5,XGBoost,56796d49f176b4495e43225dcb173289cd9c6688936c5fede3dbd4f9365bb5e7,0.1690768450498581,predict_proba,9eb1905b0d2d4dff99236976201e564cbe25ee258ba901ad38107c5c6b5846f0,False,True
R1003,GG0022,CVB0019,REF0084,2,5,XGBoost,56796d49f176b4495e43225dcb173289cd9c6688936c5fede3dbd4f9365bb5e7,0.12709251046180725,predict_proba,9eb1905b0d2d4dff99236976201e564cbe25ee258ba901ad38107c5c6b5846f0,False,True
R1004,GG0022,CVB0019,REF0084,2,5,XGBoost,56796d49f176b4495e43225dcb173289cd9c6688936c5fede3dbd4f9365bb5e7,0.8758676052093506,predict_proba,9eb1905b0d2d4dff99236976201e564cbe25ee258ba901ad38107c5c6b5846f0,False,True
R1005,GG0022,CVB0019,REF0084,2,5,XGBoost,56796d49f176b4495e43225dcb173289cd9c6688936c5fede3dbd4f9365bb5e7,0.003805065294727683,predict_proba,9eb1905b0d2d4dff99236976201e564cbe25ee258ba901ad38107c5c6b5846f0,False,True
R1411,GG0011,CVB0011,REF0110,2,5,XGBoost,56796d49f176b4495e43225dcb173289cd9c6688936c5fede3dbd4f9365bb5e7,0.00408946955576539,predict_proba,9eb1905b0d2d4dff99236976201e564cbe25ee258ba901ad38107c5c6b5846f0,False,True
R1412,GG0011,CVB0011,REF0110,2,5,XGBoost,56796d49f176b4495e43225dcb173289cd9c6688936c5fede3dbd4f9365bb5e7,0.0075920866802334785,predict_proba,9eb1905b0d2d4dff99236976201e564cbe25ee258ba901ad38107c5c6b5846f0,False,True
R1413,GG0011,CVB0011,REF0110,2,5,XGBoost,56796d49f176b4495e43225dcb173289cd9c6688936c5fede3dbd4f9365bb5e7,0.0027787741273641586,predict_proba,9eb1905b0d2d4dff99236976201e564cbe25ee258ba901ad38107c5c6b5846f0,False,True
R1414,GG0011,CVB0011,REF0110,2,5,XGBoost,56796d49f176b4495e43225dcb173289cd9c6688936c5fede3dbd4f9365bb5e7,0.007514798082411289,predict_proba,9eb1905b0d2d4dff99236976201e564cbe25ee258ba901ad38107c5c6b5846f0,False,True
R1415,GG0011,CVB0011,REF0110,2,5,XGBoost,56796d49f176b4495e43225dcb173289cd9c6688936c5fede3dbd4f9365bb5e7,0.03519609943032265,predict_proba,9eb1905b0d2d4dff99236976201e564cbe25ee258ba901ad38107c5c6b5846f0,False,True
R1416,GG0011,CVB0011,REF0110,2,5,XGBoost,56796d49f176b4495e43225dcb173289cd9c6688936c5fede3dbd4f9365bb5e7,0.003381043905392289,predict_proba,9eb1905b0d2d4dff99236976201e564cbe25ee258ba901ad38107c5c6b5846f0,False,True
R1417,GG0011,CVB0011,REF0110,2,5,XGBoost,56796d49f176b4495e43225dcb173289cd9c6688936c5fede3dbd4f9365bb5e7,0.0067268782295286655,predict_proba,9eb1905b0d2d4dff99236976201e564cbe25ee258ba901ad38107c5c6b5846f0,False,True
R1418,GG0011,CVB0011,REF0110,2,5,XGBoost,56796d49f176b4495e43225dcb173289cd9c6688936c5fede3dbd4f9365bb5e7,0.010975032113492489,predict_proba,9eb1905b0d2d4dff99236976201e564cbe25ee258ba901ad38107c5c6b5846f0,False,True
R1419,GG0011,CVB0011,REF0110,2,5,XGBoost,56796d49f176b4495e43225dcb173289cd9c6688936c5fede3dbd4f9365bb5e7,0.005612021312117577,predict_proba,9eb1905b0d2d4dff99236976201e564cbe25ee258ba901ad38107c5c6b5846f0,False,True
R1420,GG0011,CVB0011,REF0110,2,5,XGBoost,56796d49f176b4495e43225dcb173289cd9c6688936c5fede3dbd4f9365bb5e7,0.004859492648392916,predict_proba,9eb1905b0d2d4dff99236976201e564cbe25ee258ba901ad38107c5c6b5846f0,False,True
R1421,GG0011,CVB0011,REF0110,2,5,XGBoost,56796d49f176b4495e43225dcb173289cd9c6688936c5fede3dbd4f9365bb5e7,0.1052834615111351,predict_proba,9eb1905b0d2d4dff99236976201e564cbe25ee258ba901ad38107c5c6b5846f0,False,True
R1422,GG0011,CVB0011,REF0110,2,5,XGBoost,56796d49f176b4495e43225dcb173289cd9c6688936c5fede3dbd4f9365bb5e7,0.10576536506414413,predict_proba,9eb1905b0d2d4dff99236976201e564cbe25ee258ba901ad38107c5c6b5846f0,False,True
R1423,GG0011,CVB0011,REF0110,2,5,XGBoost,56796d49f176b4495e43225dcb173289cd9c6688936c5fede3dbd4f9365bb5e7,0.23317886888980865,predict_proba,9eb1905b0d2d4dff99236976201e564cbe25ee258ba901ad38107c5c6b5846f0,False,True
R1424,GG0011,CVB0011,REF0110,2,5,XGBoost,56796d49f176b4495e43225dcb173289cd9c6688936c5fede3dbd4f9365bb5e7,0.29275935888290405,predict_proba,9eb1905b0d2d4dff99236976201e564cbe25ee258ba901ad38107c5c6b5846f0,False,True
R1425,GG0011,CVB0011,REF0110,2,5,XGBoost,56796d49f176b4495e43225dcb173289cd9c6688936c5fede3dbd4f9365bb5e7,0.5111731886863708,predict_proba,9eb1905b0d2d4dff99236976201e564cbe25ee258ba901ad38107c5c6b5846f0,False,True
R1426,GG0011,CVB0011,REF0110,2,5,XGBoost,56796d49f176b4495e43225dcb173289cd9c6688936c5fede3dbd4f9365bb5e7,0.15628865361213684,predict_proba,9eb1905b0d2d4dff99236976201e564cbe25ee258ba901ad38107c5c6b5846f0,False,True
R1427,GG0011,CVB0011,REF0110,2,5,XGBoost,56796d49f176b4495e43225dcb173289cd9c6688936c5fede3dbd4f9365bb5e7,0.32166099548339844,predict_proba,9eb1905b0d2d4dff99236976201e564cbe25ee258ba901ad38107c5c6b5846f0,False,True
R1428,GG0011,CVB0011,REF0110,2,5,XGBoost,56796d49f176b4495e43225dcb173289cd9c6688936c5fede3dbd4f9365bb5e7,0.041059646755456924,predict_proba,9eb1905b0d2d4dff99236976201e564cbe25ee258ba901ad38107c5c6b5846f0,False,True
R1429,GG0011,CVB0011,REF0110,2,5,XGBoost,56796d49f176b4495e43225dcb173289cd9c6688936c5fede3dbd4f9365bb5e7,0.04631872847676277,predict_proba,9eb1905b0d2d4dff99236976201e564cbe25ee258ba901ad38107c5c6b5846f0,False,True
R1430,GG0011,CVB0011,REF0110,2,5,XGBoost,56796d49f176b4495e43225dcb173289cd9c6688936c5fede3dbd4f9365bb5e7,0.18957751989364624,predict_proba,9eb1905b0d2d4dff99236976201e564cbe25ee258ba901ad38107c5c6b5846f0,False,True
R2142,GG0033,CVB0030,REF0155,2,5,XGBoost,56796d49f176b4495e43225dcb173289cd9c6688936c5fede3dbd4f9365bb5e7,0.1819988489151001,predict_proba,9eb1905b0d2d4dff99236976201e564cbe25ee258ba901ad38107c5c6b5846f0,False,True
R2143,GG0033,CVB0030,REF0155,2,5,XGBoost,56796d49f176b4495e43225dcb173289cd9c6688936c5fede3dbd4f9365bb5e7,0.023477721959352493,predict_proba,9eb1905b0d2d4dff99236976201e564cbe25ee258ba901ad38107c5c6b5846f0,False,True
R2144,GG0033,CVB0030,REF0155,2,5,XGBoost,56796d49f176b4495e43225dcb173289cd9c6688936c5fede3dbd4f9365bb5e7,0.004238096531480551,predict_proba,9eb1905b0d2d4dff99236976201e564cbe25ee258ba901ad38107c5c6b5846f0,False,True
R2145,GG0033,CVB0030,REF0155,2,5,XGBoost,56796d49f176b4495e43225dcb173289cd9c6688936c5fede3dbd4f9365bb5e7,0.01636970043182373,predict_proba,9eb1905b0d2d4dff99236976201e564cbe25ee258ba901ad38107c5c6b5846f0,False,True
R2146,GG0033,CVB0030,REF0155,2,5,XGBoost,56796d49f176b4495e43225dcb173289cd9c6688936c5fede3dbd4f9365bb5e7,0.10770194232463837,predict_proba,9eb1905b0d2d4dff99236976201e564cbe25ee258ba901ad38107c5c6b5846f0,False,True
R2147,GG0033,CVB0030,REF0155,2,5,XGBoost,56796d49f176b4495e43225dcb173289cd9c6688936c5fede3dbd4f9365bb5e7,0.03391249105334282,predict_proba,9eb1905b0d2d4dff99236976201e564cbe25ee258ba901ad38107c5c6b5846f0,False,True
R2783,GG0017,CVB0007,REF0200,2,5,XGBoost,56796d49f176b4495e43225dcb173289cd9c6688936c5fede3dbd4f9365bb5e7,0.01585250161588192,predict_proba,9eb1905b0d2d4dff99236976201e564cbe25ee258ba901ad38107c5c6b5846f0,True,True
R2785,GG0017,CVB0007,REF0200,2,5,XGBoost,56796d49f176b4495e43225dcb173289cd9c6688936c5fede3dbd4f9365bb5e7,0.03296855092048645,predict_proba,9eb1905b0d2d4dff99236976201e564cbe25ee258ba901ad38107c5c6b5846f0,True,True
R2786,GG0017,CVB0007,REF0200,2,5,XGBoost,56796d49f176b4495e43225dcb173289cd9c6688936c5fede3dbd4f9365bb5e7,0.0776769369840622,predict_proba,9eb1905b0d2d4dff99236976201e564cbe25ee258ba901ad38107c5c6b5846f0,True,True
R2787,GG0017,CVB0007,REF0200,2,5,XGBoost,56796d49f176b4495e43225dcb173289cd9c6688936c5fede3dbd4f9365bb5e7,0.00509012583643198,predict_proba,9eb1905b0d2d4dff99236976201e564cbe25ee258ba901ad38107c5c6b5846f0,True,True
R2788,GG0017,CVB0007,REF0200,2,5,XGBoost,56796d49f176b4495e43225dcb173289cd9c6688936c5fede3dbd4f9365bb5e7,0.07587379217147827,predict_proba,9eb1905b0d2d4dff99236976201e564cbe25ee258ba901ad38107c5c6b5846f0,True,True
R2789,GG0017,CVB0007,REF0200,2,5,XGBoost,56796d49f176b4495e43225dcb173289cd9c6688936c5fede3dbd4f9365bb5e7,0.10084951668977737,predict_proba,9eb1905b0d2d4dff99236976201e564cbe25ee258ba901ad38107c5c6b5846f0,True,True
R2791,GG0017,CVB0007,REF0200,2,5,XGBoost,56796d49f176b4495e43225dcb173289cd9c6688936c5fede3dbd4f9365bb5e7,0.0851953774690628,predict_proba,9eb1905b0d2d4dff99236976201e564cbe25ee258ba901ad38107c5c6b5846f0,True,True
R2795,GG0017,CVB0007,REF0200,2,5,XGBoost,56796d49f176b4495e43225dcb173289cd9c6688936c5fede3dbd4f9365bb5e7,0.6532618999481201,predict_proba,9eb1905b0d2d4dff99236976201e564cbe25ee258ba901ad38107c5c6b5846f0,True,True
R2797,GG0017,CVB0007,REF0200,2,5,XGBoost,56796d49f176b4495e43225dcb173289cd9c6688936c5fede3dbd4f9365bb5e7,0.03288375213742256,predict_proba,9eb1905b0d2d4dff99236976201e564cbe25ee258ba901ad38107c5c6b5846f0,True,True
R2842,GG0021,CVB0010,REF0206,2,5,XGBoost,56796d49f176b4495e43225dcb173289cd9c6688936c5fede3dbd4f9365bb5e7,0.039293259382247925,predict_proba,9eb1905b0d2d4dff99236976201e564cbe25ee258ba901ad38107c5c6b5846f0,True,True
R2843,GG0021,CVB0010,REF0206,2,5,XGBoost,56796d49f176b4495e43225dcb173289cd9c6688936c5fede3dbd4f9365bb5e7,0.02655623108148575,predict_proba,9eb1905b0d2d4dff99236976201e564cbe25ee258ba901ad38107c5c6b5846f0,True,True
R2844,GG0021,CVB0010,REF0206,2,5,XGBoost,56796d49f176b4495e43225dcb173289cd9c6688936c5fede3dbd4f9365bb5e7,0.05793255567550659,predict_proba,9eb1905b0d2d4dff99236976201e564cbe25ee258ba901ad38107c5c6b5846f0,True,True
R2845,GG0021,CVB0010,REF0206,2,5,XGBoost,56796d49f176b4495e43225dcb173289cd9c6688936c5fede3dbd4f9365bb5e7,0.2968093156814575,predict_proba,9eb1905b0d2d4dff99236976201e564cbe25ee258ba901ad38107c5c6b5846f0,True,True
R2846,GG0021,CVB0010,REF0206,2,5,XGBoost,56796d49f176b4495e43225dcb173289cd9c6688936c5fede3dbd4f9365bb5e7,0.8000770807266235,predict_proba,9eb1905b0d2d4dff99236976201e564cbe25ee258ba901ad38107c5c6b5846f0,True,True
R2847,GG0021,CVB0010,REF0206,2,5,XGBoost,56796d49f176b4495e43225dcb173289cd9c6688936c5fede3dbd4f9365bb5e7,0.3443887233734131,predict_proba,9eb1905b0d2d4dff99236976201e564cbe25ee258ba901ad38107c5c6b5846f0,True,True
R2848,GG0021,CVB0010,REF0206,2,5,XGBoost,56796d49f176b4495e43225dcb173289cd9c6688936c5fede3dbd4f9365bb5e7,0.27806124091148376,predict_proba,9eb1905b0d2d4dff99236976201e564cbe25ee258ba901ad38107c5c6b5846f0,True,True
R2849,GG0021,CVB0010,REF0206,2,5,XGBoost,56796d49f176b4495e43225dcb173289cd9c6688936c5fede3dbd4f9365bb5e7,0.630964457988739,predict_proba,9eb1905b0d2d4dff99236976201e564cbe25ee258ba901ad38107c5c6b5846f0,True,True
R2858,GG0021,CVB0010,REF0208,2,5,XGBoost,56796d49f176b4495e43225dcb173289cd9c6688936c5fede3dbd4f9365bb5e7,0.8309029340744019,predict_proba,9eb1905b0d2d4dff99236976201e564cbe25ee258ba901ad38107c5c6b5846f0,True,True
R2859,GG0021,CVB0010,REF0208,2,5,XGBoost,56796d49f176b4495e43225dcb173289cd9c6688936c5fede3dbd4f9365bb5e7,0.9747170805931091,predict_proba,9eb1905b0d2d4dff99236976201e564cbe25ee258ba901ad38107c5c6b5846f0,True,True
R2860,GG0021,CVB0010,REF0208,2,5,XGBoost,56796d49f176b4495e43225dcb173289cd9c6688936c5fede3dbd4f9365bb5e7,0.8638073205947876,predict_proba,9eb1905b0d2d4dff99236976201e564cbe25ee258ba901ad38107c5c6b5846f0,True,True
R2861,GG0021,CVB0010,REF0208,2,5,XGBoost,56796d49f176b4495e43225dcb173289cd9c6688936c5fede3dbd4f9365bb5e7,0.9736495018005371,predict_proba,9eb1905b0d2d4dff99236976201e564cbe25ee258ba901ad38107c5c6b5846f0,True,True
R2862,GG0021,CVB0010,REF0208,2,5,XGBoost,56796d49f176b4495e43225dcb173289cd9c6688936c5fede3dbd4f9365bb5e7,0.9644726514816284,predict_proba,9eb1905b0d2d4dff99236976201e564cbe25ee258ba901ad38107c5c6b5846f0,True,True
R2863,GG0021,CVB0010,REF0208,2,5,XGBoost,56796d49f176b4495e43225dcb173289cd9c6688936c5fede3dbd4f9365bb5e7,0.89178067445755,predict_proba,9eb1905b0d2d4dff99236976201e564cbe25ee258ba901ad38107c5c6b5846f0,True,True
R2864,GG0021,CVB0010,REF0208,2,5,XGBoost,56796d49f176b4495e43225dcb173289cd9c6688936c5fede3dbd4f9365bb5e7,0.1670573353767395,predict_proba,9eb1905b0d2d4dff99236976201e564cbe25ee258ba901ad38107c5c6b5846f0,True,True
R2869,GG0021,CVB0010,REF0209,2,5,XGBoost,56796d49f176b4495e43225dcb173289cd9c6688936c5fede3dbd4f9365bb5e7,0.7256777286529541,predict_proba,9eb1905b0d2d4dff99236976201e564cbe25ee258ba901ad38107c5c6b5846f0,True,True
R2870,GG0021,CVB0010,REF0209,2,5,XGBoost,56796d49f176b4495e43225dcb173289cd9c6688936c5fede3dbd4f9365bb5e7,0.9737647175788879,predict_proba,9eb1905b0d2d4dff99236976201e564cbe25ee258ba901ad38107c5c6b5846f0,True,True
R2871,GG0021,CVB0010,REF0209,2,5,XGBoost,56796d49f176b4495e43225dcb173289cd9c6688936c5fede3dbd4f9365bb5e7,0.9520798325538635,predict_proba,9eb1905b0d2d4dff99236976201e564cbe25ee258ba901ad38107c5c6b5846f0,True,True
R2872,GG0021,CVB0010,REF0209,2,5,XGBoost,56796d49f176b4495e43225dcb173289cd9c6688936c5fede3dbd4f9365bb5e7,0.8419093489646912,predict_proba,9eb1905b0d2d4dff99236976201e564cbe25ee258ba901ad38107c5c6b5846f0,True,True
R2875,GG0021,CVB0010,REF0209,2,5,XGBoost,56796d49f176b4495e43225dcb173289cd9c6688936c5fede3dbd4f9365bb5e7,0.5940250158309937,predict_proba,9eb1905b0d2d4dff99236976201e564cbe25ee258ba901ad38107c5c6b5846f0,True,True
R0015,GG0021,CVB0010,REF0003,3,1,XGBoost,f4a802cdc1e43d5f56d758d699e74da4821ce57f5514d7dcb5b58cf07195fff2,0.8230473399162292,predict_proba,9eb1905b0d2d4dff99236976201e564cbe25ee258ba901ad38107c5c6b5846f0,False,True
R0016,GG0021,CVB0010,REF0003,3,1,XGBoost,f4a802cdc1e43d5f56d758d699e74da4821ce57f5514d7dcb5b58cf07195fff2,0.8473308086395264,predict_proba,9eb1905b0d2d4dff99236976201e564cbe25ee258ba901ad38107c5c6b5846f0,False,True
R0017,GG0021,CVB0010,REF0003,3,1,XGBoost,f4a802cdc1e43d5f56d758d699e74da4821ce57f5514d7dcb5b58cf07195fff2,0.7867769598960876,predict_proba,9eb1905b0d2d4dff99236976201e564cbe25ee258ba901ad38107c5c6b5846f0,False,True
R0018,GG0021,CVB0010,REF0003,3,1,XGBoost,f4a802cdc1e43d5f56d758d699e74da4821ce57f5514d7dcb5b58cf07195fff2,0.611458420753479,predict_proba,9eb1905b0d2d4dff99236976201e564cbe25ee258ba901ad38107c5c6b5846f0,False,True
R0019,GG0021,CVB0010,REF0003,3,1,XGBoost,f4a802cdc1e43d5f56d758d699e74da4821ce57f5514d7dcb5b58cf07195fff2,0.3751418888568878,predict_proba,9eb1905b0d2d4dff99236976201e564cbe25ee258ba901ad38107c5c6b5846f0,False,True
R0020,GG0021,CVB0010,REF0003,3,1,XGBoost,f4a802cdc1e43d5f56d758d699e74da4821ce57f5514d7dcb5b58cf07195fff2,0.904274582862854,predict_proba,9eb1905b0d2d4dff99236976201e564cbe25ee258ba901ad38107c5c6b5846f0,False,True
R0021,GG0021,CVB0010,REF0003,3,1,XGBoost,f4a802cdc1e43d5f56d758d699e74da4821ce57f5514d7dcb5b58cf07195fff2,0.7180098295211792,predict_proba,9eb1905b0d2d4dff99236976201e564cbe25ee258ba901ad38107c5c6b5846f0,False,True
R0022,GG0021,CVB0010,REF0003,3,1,XGBoost,f4a802cdc1e43d5f56d758d699e74da4821ce57f5514d7dcb5b58cf07195fff2,0.47287437319755554,predict_proba,9eb1905b0d2d4dff99236976201e564cbe25ee258ba901ad38107c5c6b5846f0,False,True
R0023,GG0021,CVB0010,REF0003,3,1,XGBoost,f4a802cdc1e43d5f56d758d699e74da4821ce57f5514d7dcb5b58cf07195fff2,0.4613676071166992,predict_proba,9eb1905b0d2d4dff99236976201e564cbe25ee258ba901ad38107c5c6b5846f0,False,True
R0024,GG0021,CVB0010,REF0003,3,1,XGBoost,f4a802cdc1e43d5f56d758d699e74da4821ce57f5514d7dcb5b58cf07195fff2,0.853090763092041,predict_proba,9eb1905b0d2d4dff99236976201e564cbe25ee258ba901ad38107c5c6b5846f0,False,True
R0025,GG0021,CVB0010,REF0003,3,1,XGBoost,f4a802cdc1e43d5f56d758d699e74da4821ce57f5514d7dcb5b58cf07195fff2,0.8134352564811707,predict_proba,9eb1905b0d2d4dff99236976201e564cbe25ee258ba901ad38107c5c6b5846f0,False,True
R0026,GG0021,CVB0010,REF0003,3,1,XGBoost,f4a802cdc1e43d5f56d758d699e74da4821ce57f5514d7dcb5b58cf07195fff2,0.6837787628173828,predict_proba,9eb1905b0d2d4dff99236976201e564cbe25ee258ba901ad38107c5c6b5846f0,False,True
R0027,GG0021,CVB0010,REF0003,3,1,XGBoost,f4a802cdc1e43d5f56d758d699e74da4821ce57f5514d7dcb5b58cf07195fff2,0.6624582409858704,predict_proba,9eb1905b0d2d4dff99236976201e564cbe25ee258ba901ad38107c5c6b5846f0,False,True
R0028,GG0021,CVB0010,REF0003,3,1,XGBoost,f4a802cdc1e43d5f56d758d699e74da4821ce57f5514d7dcb5b58cf07195fff2,0.7946198582649231,predict_proba,9eb1905b0d2d4dff99236976201e564cbe25ee258ba901ad38107c5c6b5846f0,False,True
R0029,GG0021,CVB0010,REF0004,3,1,XGBoost,f4a802cdc1e43d5f56d758d699e74da4821ce57f5514d7dcb5b58cf07195fff2,0.6993030309677124,predict_proba,9eb1905b0d2d4dff99236976201e564cbe25ee258ba901ad38107c5c6b5846f0,False,True
R0030,GG0021,CVB0010,REF0004,3,1,XGBoost,f4a802cdc1e43d5f56d758d699e74da4821ce57f5514d7dcb5b58cf07195fff2,0.8786090612411499,predict_proba,9eb1905b0d2d4dff99236976201e564cbe25ee258ba901ad38107c5c6b5846f0,False,True
R0031,GG0021,CVB0010,REF0004,3,1,XGBoost,f4a802cdc1e43d5f56d758d699e74da4821ce57f5514d7dcb5b58cf07195fff2,0.38347747921943665,predict_proba,9eb1905b0d2d4dff99236976201e564cbe25ee258ba901ad38107c5c6b5846f0,False,True
R0032,GG0021,CVB0010,REF0004,3,1,XGBoost,f4a802cdc1e43d5f56d758d699e74da4821ce57f5514d7dcb5b58cf07195fff2,0.4884541630744934,predict_proba,9eb1905b0d2d4dff99236976201e564cbe25ee258ba901ad38107c5c6b5846f0,False,True
R0033,GG0021,CVB0010,REF0004,3,1,XGBoost,f4a802cdc1e43d5f56d758d699e74da4821ce57f5514d7dcb5b58cf07195fff2,0.3429306149482727,predict_proba,9eb1905b0d2d4dff99236976201e564cbe25ee258ba901ad38107c5c6b5846f0,False,True
R0034,GG0021,CVB0010,REF0004,3,1,XGBoost,f4a802cdc1e43d5f56d758d699e74da4821ce57f5514d7dcb5b58cf07195fff2,0.8236786723136902,predict_proba,9eb1905b0d2d4dff99236976201e564cbe25ee258ba901ad38107c5c6b5846f0,False,True
R0035,GG0021,CVB0010,REF0004,3,1,XGBoost,f4a802cdc1e43d5f56d758d699e74da4821ce57f5514d7dcb5b58cf07195fff2,0.7747460007667542,predict_proba,9eb1905b0d2d4dff99236976201e564cbe25ee258ba901ad38107c5c6b5846f0,False,True
R0036,GG0021,CVB0010,REF0004,3,1,XGBoost,f4a802cdc1e43d5f56d758d699e74da4821ce57f5514d7dcb5b58cf07195fff2,0.7694957852363586,predict_proba,9eb1905b0d2d4dff99236976201e564cbe25ee258ba901ad38107c5c6b5846f0,False,True
R0037,GG0022,CVB0019,REF0005,3,1,XGBoost,f4a802cdc1e43d5f56d758d699e74da4821ce57f5514d7dcb5b58cf07195fff2,0.12530528008937836,predict_proba,9eb1905b0d2d4dff99236976201e564cbe25ee258ba901ad38107c5c6b5846f0,False,True
R0038,GG0022,CVB0019,REF0005,3,1,XGBoost,f4a802cdc1e43d5f56d758d699e74da4821ce57f5514d7dcb5b58cf07195fff2,0.6891639232635498,predict_proba,9eb1905b0d2d4dff99236976201e564cbe25ee258ba901ad38107c5c6b5846f0,False,True
R0039,GG0022,CVB0019,REF0005,3,1,XGBoost,f4a802cdc1e43d5f56d758d699e74da4821ce57f5514d7dcb5b58cf07195fff2,0.11370380222797394,predict_proba,9eb1905b0d2d4dff99236976201e564cbe25ee258ba901ad38107c5c6b5846f0,False,True
R0040,GG0022,CVB0019,REF0005,3,1,XGBoost,f4a802cdc1e43d5f56d758d699e74da4821ce57f5514d7dcb5b58cf07195fff2,0.24582810699939728,predict_proba,9eb1905b0d2d4dff99236976201e564cbe25ee258ba901ad38107c5c6b5846f0,False,True
R0041,GG0022,CVB0019,REF0005,3,1,XGBoost,f4a802cdc1e43d5f56d758d699e74da4821ce57f5514d7dcb5b58cf07195fff2,0.08014655858278275,predict_proba,9eb1905b0d2d4dff99236976201e564cbe25ee258ba901ad38107c5c6b5846f0,False,True
R0042,GG0022,CVB0019,REF0005,3,1,XGBoost,f4a802cdc1e43d5f56d758d699e74da4821ce57f5514d7dcb5b58cf07195fff2,0.3405899703502655,predict_proba,9eb1905b0d2d4dff99236976201e564cbe25ee258ba901ad38107c5c6b5846f0,False,True
R0043,GG0022,CVB0019,REF0005,3,1,XGBoost,f4a802cdc1e43d5f56d758d699e74da4821ce57f5514d7dcb5b58cf07195fff2,0.12823432683944702,predict_proba,9eb1905b0d2d4dff99236976201e564cbe25ee258ba901ad38107c5c6b5846f0,False,True
R0044,GG0022,CVB0019,REF0005,3,1,XGBoost,f4a802cdc1e43d5f56d758d699e74da4821ce57f5514d7dcb5b58cf07195fff2,0.7087923288345337,predict_proba,9eb1905b0d2d4dff99236976201e564cbe25ee258ba901ad38107c5c6b5846f0,False,True
R0045,GG0022,CVB0019,REF0005,3,1,XGBoost,f4a802cdc1e43d5f56d758d699e74da4821ce57f5514d7dcb5b58cf07195fff2,0.6184664368629456,predict_proba,9eb1905b0d2d4dff99236976201e564cbe25ee258ba901ad38107c5c6b5846f0,False,True
R0046,GG0022,CVB0019,REF0005,3,1,XGBoost,f4a802cdc1e43d5f56d758d699e74da4821ce57f5514d7dcb5b58cf07195fff2,0.6412521004676819,predict_proba,9eb1905b0d2d4dff99236976201e564cbe25ee258ba901ad38107c5c6b5846f0,False,True
R0047,GG0022,CVB0019,REF0005,3,1,XGBoost,f4a802cdc1e43d5f56d758d699e74da4821ce57f5514d7dcb5b58cf07195fff2,0.732160210609436,predict_proba,9eb1905b0d2d4dff99236976201e564cbe25ee258ba901ad38107c5c6b5846f0,False,True
R0048,GG0022,CVB0019,REF0005,3,1,XGBoost,f4a802cdc1e43d5f56d758d699e74da4821ce57f5514d7dcb5b58cf07195fff2,0.6424406170845032,predict_proba,9eb1905b0d2d4dff99236976201e564cbe25ee258ba901ad38107c5c6b5846f0,False,True
R0060,GG0021,CVB0010,REF0008,3,1,XGBoost,f4a802cdc1e43d5f56d758d699e74da4821ce57f5514d7dcb5b58cf07195fff2,0.22811385989189148,predict_proba,9eb1905b0d2d4dff99236976201e564cbe25ee258ba901ad38107c5c6b5846f0,False,True
R0061,GG0021,CVB0010,REF0008,3,1,XGBoost,f4a802cdc1e43d5f56d758d699e74da4821ce57f5514d7dcb5b58cf07195fff2,0.6531140804290771,predict_proba,9eb1905b0d2d4dff99236976201e564cbe25ee258ba901ad38107c5c6b5846f0,False,True
R0062,GG0021,CVB0010,REF0008,3,1,XGBoost,f4a802cdc1e43d5f56d758d699e74da4821ce57f5514d7dcb5b58cf07195fff2,0.7440892457962036,predict_proba,9eb1905b0d2d4dff99236976201e564cbe25ee258ba901ad38107c5c6b5846f0,False,True
R0063,GG0021,CVB0010,REF0008,3,1,XGBoost,f4a802cdc1e43d5f56d758d699e74da4821ce57f5514d7dcb5b58cf07195fff2,0.6399312615394592,predict_proba,9eb1905b0d2d4dff99236976201e564cbe25ee258ba901ad38107c5c6b5846f0,False,True
R0064,GG0021,CVB0010,REF0008,3,1,XGBoost,f4a802cdc1e43d5f56d758d699e74da4821ce57f5514d7dcb5b58cf07195fff2,0.7882426977157593,predict_proba,9eb1905b0d2d4dff99236976201e564cbe25ee258ba901ad38107c5c6b5846f0,False,True
R0065,GG0021,CVB0010,REF0008,3,1,XGBoost,f4a802cdc1e43d5f56d758d699e74da4821ce57f5514d7dcb5b58cf07195fff2,0.84427410364151,predict_proba,9eb1905b0d2d4dff99236976201e564cbe25ee258ba901ad38107c5c6b5846f0,False,True
R0066,GG0021,CVB0010,REF0008,3,1,XGBoost,f4a802cdc1e43d5f56d758d699e74da4821ce57f5514d7dcb5b58cf07195fff2,0.11014058440923691,predict_proba,9eb1905b0d2d4dff99236976201e564cbe25ee258ba901ad38107c5c6b5846f0,False,True
R0067,GG0021,CVB0010,REF0008,3,1,XGBoost,f4a802cdc1e43d5f56d758d699e74da4821ce57f5514d7dcb5b58cf07195fff2,0.1667315810918808,predict_proba,9eb1905b0d2d4dff99236976201e564cbe25ee258ba901ad38107c5c6b5846f0,False,True
R0068,GG0021,CVB0010,REF0008,3,1,XGBoost,f4a802cdc1e43d5f56d758d699e74da4821ce57f5514d7dcb5b58cf07195fff2,0.8030470013618469,predict_proba,9eb1905b0d2d4dff99236976201e564cbe25ee258ba901ad38107c5c6b5846f0,False,True
R0069,GG0021,CVB0010,REF0008,3,1,XGBoost,f4a802cdc1e43d5f56d758d699e74da4821ce57f5514d7dcb5b58cf07195fff2,0.4432202875614166,predict_proba,9eb1905b0d2d4dff99236976201e564cbe25ee258ba901ad38107c5c6b5846f0,False,True
R0070,GG0021,CVB0010,REF0008,3,1,XGBoost,f4a802cdc1e43d5f56d758d699e74da4821ce57f5514d7dcb5b58cf07195fff2,0.6040399074554443,predict_proba,9eb1905b0d2d4dff99236976201e564cbe25ee258ba901ad38107c5c6b5846f0,False,True
R0071,GG0021,CVB0010,REF0008,3,1,XGBoost,f4a802cdc1e43d5f56d758d699e74da4821ce57f5514d7dcb5b58cf07195fff2,0.7372218370437622,predict_proba,9eb1905b0d2d4dff99236976201e564cbe25ee258ba901ad38107c5c6b5846f0,False,True
R0072,GG0021,CVB0010,REF0008,3,1,XGBoost,f4a802cdc1e43d5f56d758d699e74da4821ce57f5514d7dcb5b58cf07195fff2,0.9425147175788879,predict_proba,9eb1905b0d2d4dff99236976201e564cbe25ee258ba901ad38107c5c6b5846f0,False,True
R0073,GG0021,CVB0010,REF0008,3,1,XGBoost,f4a802cdc1e43d5f56d758d699e74da4821ce57f5514d7dcb5b58cf07195fff2,0.8759370446205139,predict_proba,9eb1905b0d2d4dff99236976201e564cbe25ee258ba901ad38107c5c6b5846f0,False,True
R0074,GG0021,CVB0010,REF0008,3,1,XGBoost,f4a802cdc1e43d5f56d758d699e74da4821ce57f5514d7dcb5b58cf07195fff2,0.8285359144210815,predict_proba,9eb1905b0d2d4dff99236976201e564cbe25ee258ba901ad38107c5c6b5846f0,False,True
R0075,GG0021,CVB0010,REF0008,3,1,XGBoost,f4a802cdc1e43d5f56d758d699e74da4821ce57f5514d7dcb5b58cf07195fff2,0.7498105764389038,predict_proba,9eb1905b0d2d4dff99236976201e564cbe25ee258ba901ad38107c5c6b5846f0,False,True
R0076,GG0021,CVB0010,REF0008,3,1,XGBoost,f4a802cdc1e43d5f56d758d699e74da4821ce57f5514d7dcb5b58cf07195fff2,0.8039774894714355,predict_proba,9eb1905b0d2d4dff99236976201e564cbe25ee258ba901ad38107c5c6b5846f0,False,True
R0077,GG0021,CVB0010,REF0008,3,1,XGBoost,f4a802cdc1e43d5f56d758d699e74da4821ce57f5514d7dcb5b58cf07195fff2,0.949386715888977,predict_proba,9eb1905b0d2d4dff99236976201e564cbe25ee258ba901ad38107c5c6b5846f0,False,True
R0078,GG0021,CVB0010,REF0008,3,1,XGBoost,f4a802cdc1e43d5f56d758d699e74da4821ce57f5514d7dcb5b58cf07195fff2,0.9328410625457764,predict_proba,9eb1905b0d2d4dff99236976201e564cbe25ee258ba901ad38107c5c6b5846f0,False,True
R0079,GG0021,CVB0010,REF0008,3,1,XGBoost,f4a802cdc1e43d5f56d758d699e74da4821ce57f5514d7dcb5b58cf07195fff2,0.9054591059684753,predict_proba,9eb1905b0d2d4dff99236976201e564cbe25ee258ba901ad38107c5c6b5846f0,False,True
R0080,GG0021,CVB0010,REF0008,3,1,XGBoost,f4a802cdc1e43d5f56d758d699e74da4821ce57f5514d7dcb5b58cf07195fff2,0.8811222314834595,predict_proba,9eb1905b0d2d4dff99236976201e564cbe25ee258ba901ad38107c5c6b5846f0,False,True
R0123,GG0017,CVB0007,REF0013,3,1,XGBoost,f4a802cdc1e43d5f56d758d699e74da4821ce57f5514d7dcb5b58cf07195fff2,0.012331987731158733,predict_proba,9eb1905b0d2d4dff99236976201e564cbe25ee258ba901ad38107c5c6b5846f0,True,True
R0124,GG0017,CVB0007,REF0013,3,1,XGBoost,f4a802cdc1e43d5f56d758d699e74da4821ce57f5514d7dcb5b58cf07195fff2,0.08798684179782867,predict_proba,9eb1905b0d2d4dff99236976201e564cbe25ee258ba901ad38107c5c6b5846f0,True,True
R0125,GG0017,CVB0007,REF0013,3,1,XGBoost,f4a802cdc1e43d5f56d758d699e74da4821ce57f5514d7dcb5b58cf07195fff2,0.02944359742105007,predict_proba,9eb1905b0d2d4dff99236976201e564cbe25ee258ba901ad38107c5c6b5846f0,True,True
R0126,GG0017,CVB0007,REF0013,3,1,XGBoost,f4a802cdc1e43d5f56d758d699e74da4821ce57f5514d7dcb5b58cf07195fff2,0.021783508360385895,predict_proba,9eb1905b0d2d4dff99236976201e564cbe25ee258ba901ad38107c5c6b5846f0,True,True
R0127,GG0017,CVB0007,REF0013,3,1,XGBoost,f4a802cdc1e43d5f56d758d699e74da4821ce57f5514d7dcb5b58cf07195fff2,0.006891243159770966,predict_proba,9eb1905b0d2d4dff99236976201e564cbe25ee258ba901ad38107c5c6b5846f0,True,True
R0128,GG0017,CVB0007,REF0013,3,1,XGBoost,f4a802cdc1e43d5f56d758d699e74da4821ce57f5514d7dcb5b58cf07195fff2,0.028726840391755104,predict_proba,9eb1905b0d2d4dff99236976201e564cbe25ee258ba901ad38107c5c6b5846f0,True,True
R0199,GG0033,CVB0030,REF0021,3,1,XGBoost,f4a802cdc1e43d5f56d758d699e74da4821ce57f5514d7dcb5b58cf07195fff2,0.18657217919826508,predict_proba,9eb1905b0d2d4dff99236976201e564cbe25ee258ba901ad38107c5c6b5846f0,False,True
R0200,GG0033,CVB0030,REF0021,3,1,XGBoost,f4a802cdc1e43d5f56d758d699e74da4821ce57f5514d7dcb5b58cf07195fff2,0.245940163731575,predict_proba,9eb1905b0d2d4dff99236976201e564cbe25ee258ba901ad38107c5c6b5846f0,False,True
R0201,GG0033,CVB0030,REF0021,3,1,XGBoost,f4a802cdc1e43d5f56d758d699e74da4821ce57f5514d7dcb5b58cf07195fff2,0.19532357156276703,predict_proba,9eb1905b0d2d4dff99236976201e564cbe25ee258ba901ad38107c5c6b5846f0,False,True
R0202,GG0033,CVB0030,REF0021,3,1,XGBoost,f4a802cdc1e43d5f56d758d699e74da4821ce57f5514d7dcb5b58cf07195fff2,0.03284960985183716,predict_proba,9eb1905b0d2d4dff99236976201e564cbe25ee258ba901ad38107c5c6b5846f0,False,True
R0203,GG0033,CVB0030,REF0021,3,1,XGBoost,f4a802cdc1e43d5f56d758d699e74da4821ce57f5514d7dcb5b58cf07195fff2,0.007002508267760277,predict_proba,9eb1905b0d2d4dff99236976201e564cbe25ee258ba901ad38107c5c6b5846f0,False,True
R0204,GG0033,CVB0030,REF0021,3,1,XGBoost,f4a802cdc1e43d5f56d758d699e74da4821ce57f5514d7dcb5b58cf07195fff2,0.016803592443466187,predict_proba,9eb1905b0d2d4dff99236976201e564cbe25ee258ba901ad38107c5c6b5846f0,False,True
R0205,GG0033,CVB0030,REF0021,3,1,XGBoost,f4a802cdc1e43d5f56d758d699e74da4821ce57f5514d7dcb5b58cf07195fff2,0.43847835063934326,predict_proba,9eb1905b0d2d4dff99236976201e564cbe25ee258ba901ad38107c5c6b5846f0,False,True
R0206,GG0033,CVB0030,REF0021,3,1,XGBoost,f4a802cdc1e43d5f56d758d699e74da4821ce57f5514d7dcb5b58cf07195fff2,0.4608253240585327,predict_proba,9eb1905b0d2d4dff99236976201e564cbe25ee258ba901ad38107c5c6b5846f0,False,True
R0207,GG0033,CVB0030,REF0021,3,1,XGBoost,f4a802cdc1e43d5f56d758d699e74da4821ce57f5514d7dcb5b58cf07195fff2,0.005436474457383156,predict_proba,9eb1905b0d2d4dff99236976201e564cbe25ee258ba901ad38107c5c6b5846f0,False,True
R0208,GG0033,CVB0030,REF0021,3,1,XGBoost,f4a802cdc1e43d5f56d758d699e74da4821ce57f5514d7dcb5b58cf07195fff2,0.00468777259811759,predict_proba,9eb1905b0d2d4dff99236976201e564cbe25ee258ba901ad38107c5c6b5846f0,False,True
R0209,GG0033,CVB0030,REF0021,3,1,XGBoost,f4a802cdc1e43d5f56d758d699e74da4821ce57f5514d7dcb5b58cf07195fff2,0.0012474064715206623,predict_proba,9eb1905b0d2d4dff99236976201e564cbe25ee258ba901ad38107c5c6b5846f0,False,True
R0210,GG0033,CVB0030,REF0021,3,1,XGBoost,f4a802cdc1e43d5f56d758d699e74da4821ce57f5514d7dcb5b58cf07195fff2,0.024260398000478745,predict_proba,9eb1905b0d2d4dff99236976201e564cbe25ee258ba901ad38107c5c6b5846f0,False,True
R0211,GG0033,CVB0030,REF0021,3,1,XGBoost,f4a802cdc1e43d5f56d758d699e74da4821ce57f5514d7dcb5b58cf07195fff2,0.009260888211429119,predict_proba,9eb1905b0d2d4dff99236976201e564cbe25ee258ba901ad38107c5c6b5846f0,False,True
R0212,GG0033,CVB0030,REF0021,3,1,XGBoost,f4a802cdc1e43d5f56d758d699e74da4821ce57f5514d7dcb5b58cf07195fff2,0.009866155683994293,predict_proba,9eb1905b0d2d4dff99236976201e564cbe25ee258ba901ad38107c5c6b5846f0,False,True
R0213,GG0033,CVB0030,REF0022,3,1,XGBoost,f4a802cdc1e43d5f56d758d699e74da4821ce57f5514d7dcb5b58cf07195fff2,0.08651511371135712,predict_proba,9eb1905b0d2d4dff99236976201e564cbe25ee258ba901ad38107c5c6b5846f0,False,True
R0214,GG0033,CVB0030,REF0022,3,1,XGBoost,f4a802cdc1e43d5f56d758d699e74da4821ce57f5514d7dcb5b58cf07195fff2,0.48612990975379944,predict_proba,9eb1905b0d2d4dff99236976201e564cbe25ee258ba901ad38107c5c6b5846f0,False,True
R0215,GG0033,CVB0030,REF0022,3,1,XGBoost,f4a802cdc1e43d5f56d758d699e74da4821ce57f5514d7dcb5b58cf07195fff2,0.08440421521663666,predict_proba,9eb1905b0d2d4dff99236976201e564cbe25ee258ba901ad38107c5c6b5846f0,False,True
R0360,GG0021,CVB0010,REF0036,3,1,XGBoost,f4a802cdc1e43d5f56d758d699e74da4821ce57f5514d7dcb5b58cf07195fff2,0.19733776152133942,predict_proba,9eb1905b0d2d4dff99236976201e564cbe25ee258ba901ad38107c5c6b5846f0,False,True
R0361,GG0021,CVB0010,REF0036,3,1,XGBoost,f4a802cdc1e43d5f56d758d699e74da4821ce57f5514d7dcb5b58cf07195fff2,0.10740825533866882,predict_proba,9eb1905b0d2d4dff99236976201e564cbe25ee258ba901ad38107c5c6b5846f0,False,True
R0362,GG0021,CVB0010,REF0036,3,1,XGBoost,f4a802cdc1e43d5f56d758d699e74da4821ce57f5514d7dcb5b58cf07195fff2,0.10632168501615524,predict_proba,9eb1905b0d2d4dff99236976201e564cbe25ee258ba901ad38107c5c6b5846f0,False,True
R0363,GG0021,CVB0010,REF0036,3,1,XGBoost,f4a802cdc1e43d5f56d758d699e74da4821ce57f5514d7dcb5b58cf07195fff2,0.7554652690887451,predict_proba,9eb1905b0d2d4dff99236976201e564cbe25ee258ba901ad38107c5c6b5846f0,False,True
R0364,GG0021,CVB0010,REF0036,3,1,XGBoost,f4a802cdc1e43d5f56d758d699e74da4821ce57f5514d7dcb5b58cf07195fff2,0.5707038640975952,predict_proba,9eb1905b0d2d4dff99236976201e564cbe25ee258ba901ad38107c5c6b5846f0,False,True
R0365,GG0021,CVB0010,REF0036,3,1,XGBoost,f4a802cdc1e43d5f56d758d699e74da4821ce57f5514d7dcb5b58cf07195fff2,0.3176279067993164,predict_proba,9eb1905b0d2d4dff99236976201e564cbe25ee258ba901ad38107c5c6b5846f0,False,True
R0366,GG0021,CVB0010,REF0036,3,1,XGBoost,f4a802cdc1e43d5f56d758d699e74da4821ce57f5514d7dcb5b58cf07195fff2,0.8830702304840088,predict_proba,9eb1905b0d2d4dff99236976201e564cbe25ee258ba901ad38107c5c6b5846f0,False,True
R0367,GG0021,CVB0010,REF0036,3,1,XGBoost,f4a802cdc1e43d5f56d758d699e74da4821ce57f5514d7dcb5b58cf07195fff2,0.41496291756629944,predict_proba,9eb1905b0d2d4dff99236976201e564cbe25ee258ba901ad38107c5c6b5846f0,False,True
R0368,GG0021,CVB0010,REF0036,3,1,XGBoost,f4a802cdc1e43d5f56d758d699e74da4821ce57f5514d7dcb5b58cf07195fff2,0.9838132858276367,predict_proba,9eb1905b0d2d4dff99236976201e564cbe25ee258ba901ad38107c5c6b5846f0,False,True
R0369,GG0021,CVB0010,REF0036,3,1,XGBoost,f4a802cdc1e43d5f56d758d699e74da4821ce57f5514d7dcb5b58cf07195fff2,0.9573161005973816,predict_proba,9eb1905b0d2d4dff99236976201e564cbe25ee258ba901ad38107c5c6b5846f0,False,True
R0457,GG0021,CVB0010,REF0042,3,1,XGBoost,f4a802cdc1e43d5f56d758d699e74da4821ce57f5514d7dcb5b58cf07195fff2,0.9007078409194946,predict_proba,9eb1905b0d2d4dff99236976201e564cbe25ee258ba901ad38107c5c6b5846f0,False,True
R0458,GG0021,CVB0010,REF0042,3,1,XGBoost,f4a802cdc1e43d5f56d758d699e74da4821ce57f5514d7dcb5b58cf07195fff2,0.36141496896743774,predict_proba,9eb1905b0d2d4dff99236976201e564cbe25ee258ba901ad38107c5c6b5846f0,False,True
R0459,GG0021,CVB0010,REF0042,3,1,XGBoost,f4a802cdc1e43d5f56d758d699e74da4821ce57f5514d7dcb5b58cf07195fff2,0.19066914916038513,predict_proba,9eb1905b0d2d4dff99236976201e564cbe25ee258ba901ad38107c5c6b5846f0,False,True
R0460,GG0021,CVB0010,REF0042,3,1,XGBoost,f4a802cdc1e43d5f56d758d699e74da4821ce57f5514d7dcb5b58cf07195fff2,0.6429170966148376,predict_proba,9eb1905b0d2d4dff99236976201e564cbe25ee258ba901ad38107c5c6b5846f0,False,True
R0461,GG0021,CVB0010,REF0042,3,1,XGBoost,f4a802cdc1e43d5f56d758d699e74da4821ce57f5514d7dcb5b58cf07195fff2,0.33524781465530396,predict_proba,9eb1905b0d2d4dff99236976201e564cbe25ee258ba901ad38107c5c6b5846f0,False,True
R0462,GG0021,CVB0010,REF0042,3,1,XGBoost,f4a802cdc1e43d5f56d758d699e74da4821ce57f5514d7dcb5b58cf07195fff2,0.7127927541732788,predict_proba,9eb1905b0d2d4dff99236976201e564cbe25ee258ba901ad38107c5c6b5846f0,False,True
R0463,GG0021,CVB0010,REF0042,3,1,XGBoost,f4a802cdc1e43d5f56d758d699e74da4821ce57f5514d7dcb5b58cf07195fff2,0.1738920360803604,predict_proba,9eb1905b0d2d4dff99236976201e564cbe25ee258ba901ad38107c5c6b5846f0,False,True
R0464,GG0021,CVB0010,REF0042,3,1,XGBoost,f4a802cdc1e43d5f56d758d699e74da4821ce57f5514d7dcb5b58cf07195fff2,0.07733850926160812,predict_proba,9eb1905b0d2d4dff99236976201e564cbe25ee258ba901ad38107c5c6b5846f0,False,True
R0465,GG0021,CVB0010,REF0042,3,1,XGBoost,f4a802cdc1e43d5f56d758d699e74da4821ce57f5514d7dcb5b58cf07195fff2,0.2631605267524719,predict_proba,9eb1905b0d2d4dff99236976201e564cbe25ee258ba901ad38107c5c6b5846f0,False,True
R0466,GG0021,CVB0010,REF0042,3,1,XGBoost,f4a802cdc1e43d5f56d758d699e74da4821ce57f5514d7dcb5b58cf07195fff2,0.3824354112148285,predict_proba,9eb1905b0d2d4dff99236976201e564cbe25ee258ba901ad38107c5c6b5846f0,False,True
R0467,GG0021,CVB0010,REF0042,3,1,XGBoost,f4a802cdc1e43d5f56d758d699e74da4821ce57f5514d7dcb5b58cf07195fff2,0.14100022614002228,predict_proba,9eb1905b0d2d4dff99236976201e564cbe25ee258ba901ad38107c5c6b5846f0,False,True
R0468,GG0021,CVB0010,REF0042,3,1,XGBoost,f4a802cdc1e43d5f56d758d699e74da4821ce57f5514d7dcb5b58cf07195fff2,0.49422234296798706,predict_proba,9eb1905b0d2d4dff99236976201e564cbe25ee258ba901ad38107c5c6b5846f0,False,True
R0469,GG0021,CVB0010,REF0042,3,1,XGBoost,f4a802cdc1e43d5f56d758d699e74da4821ce57f5514d7dcb5b58cf07195fff2,0.32857614755630493,predict_proba,9eb1905b0d2d4dff99236976201e564cbe25ee258ba901ad38107c5c6b5846f0,False,True
R0470,GG0021,CVB0010,REF0042,3,1,XGBoost,f4a802cdc1e43d5f56d758d699e74da4821ce57f5514d7dcb5b58cf07195fff2,0.05216431990265846,predict_proba,9eb1905b0d2d4dff99236976201e564cbe25ee258ba901ad38107c5c6b5846f0,False,True
R0471,GG0021,CVB0010,REF0042,3,1,XGBoost,f4a802cdc1e43d5f56d758d699e74da4821ce57f5514d7dcb5b58cf07195fff2,0.11286928504705429,predict_proba,9eb1905b0d2d4dff99236976201e564cbe25ee258ba901ad38107c5c6b5846f0,False,True
R0472,GG0021,CVB0010,REF0042,3,1,XGBoost,f4a802cdc1e43d5f56d758d699e74da4821ce57f5514d7dcb5b58cf07195fff2,0.16743478178977966,predict_proba,9eb1905b0d2d4dff99236976201e564cbe25ee258ba901ad38107c5c6b5846f0,False,True
R0473,GG0021,CVB0010,REF0042,3,1,XGBoost,f4a802cdc1e43d5f56d758d699e74da4821ce57f5514d7dcb5b58cf07195fff2,0.045825108885765076,predict_proba,9eb1905b0d2d4dff99236976201e564cbe25ee258ba901ad38107c5c6b5846f0,False,True
R0474,GG0021,CVB0010,REF0042,3,1,XGBoost,f4a802cdc1e43d5f56d758d699e74da4821ce57f5514d7dcb5b58cf07195fff2,0.19291409850120544,predict_proba,9eb1905b0d2d4dff99236976201e564cbe25ee258ba901ad38107c5c6b5846f0,False,True
R0475,GG0021,CVB0010,REF0042,3,1,XGBoost,f4a802cdc1e43d5f56d758d699e74da4821ce57f5514d7dcb5b58cf07195fff2,0.12793435156345367,predict_proba,9eb1905b0d2d4dff99236976201e564cbe25ee258ba901ad38107c5c6b5846f0,False,True
R0476,GG0021,CVB0010,REF0042,3,1,XGBoost,f4a802cdc1e43d5f56d758d699e74da4821ce57f5514d7dcb5b58cf07195fff2,0.3213920593261719,predict_proba,9eb1905b0d2d4dff99236976201e564cbe25ee258ba901ad38107c5c6b5846f0,False,True
R0477,GG0021,CVB0010,REF0042,3,1,XGBoost,f4a802cdc1e43d5f56d758d699e74da4821ce57f5514d7dcb5b58cf07195fff2,0.02473410777747631,predict_proba,9eb1905b0d2d4dff99236976201e564cbe25ee258ba901ad38107c5c6b5846f0,False,True
R0478,GG0021,CVB0010,REF0043,3,1,XGBoost,f4a802cdc1e43d5f56d758d699e74da4821ce57f5514d7dcb5b58cf07195fff2,0.5519924163818359,predict_proba,9eb1905b0d2d4dff99236976201e564cbe25ee258ba901ad38107c5c6b5846f0,False,True
R0479,GG0021,CVB0010,REF0043,3,1,XGBoost,f4a802cdc1e43d5f56d758d699e74da4821ce57f5514d7dcb5b58cf07195fff2,0.6725362539291382,predict_proba,9eb1905b0d2d4dff99236976201e564cbe25ee258ba901ad38107c5c6b5846f0,False,True
R0480,GG0021,CVB0010,REF0043,3,1,XGBoost,f4a802cdc1e43d5f56d758d699e74da4821ce57f5514d7dcb5b58cf07195fff2,0.316726952791214,predict_proba,9eb1905b0d2d4dff99236976201e564cbe25ee258ba901ad38107c5c6b5846f0,False,True
R0481,GG0021,CVB0010,REF0043,3,1,XGBoost,f4a802cdc1e43d5f56d758d699e74da4821ce57f5514d7dcb5b58cf07195fff2,0.5970953702926636,predict_proba,9eb1905b0d2d4dff99236976201e564cbe25ee258ba901ad38107c5c6b5846f0,False,True
R0482,GG0021,CVB0010,REF0043,3,1,XGBoost,f4a802cdc1e43d5f56d758d699e74da4821ce57f5514d7dcb5b58cf07195fff2,0.5940553545951843,predict_proba,9eb1905b0d2d4dff99236976201e564cbe25ee258ba901ad38107c5c6b5846f0,False,True
R0483,GG0021,CVB0010,REF0043,3,1,XGBoost,f4a802cdc1e43d5f56d758d699e74da4821ce57f5514d7dcb5b58cf07195fff2,0.6642528772354126,predict_proba,9eb1905b0d2d4dff99236976201e564cbe25ee258ba901ad38107c5c6b5846f0,False,True
R0484,GG0021,CVB0010,REF0043,3,1,XGBoost,f4a802cdc1e43d5f56d758d699e74da4821ce57f5514d7dcb5b58cf07195fff2,0.5334723591804504,predict_proba,9eb1905b0d2d4dff99236976201e564cbe25ee258ba901ad38107c5c6b5846f0,False,True
R0485,GG0021,CVB0010,REF0043,3,1,XGBoost,f4a802cdc1e43d5f56d758d699e74da4821ce57f5514d7dcb5b58cf07195fff2,0.6974710822105408,predict_proba,9eb1905b0d2d4dff99236976201e564cbe25ee258ba901ad38107c5c6b5846f0,False,True
R0486,GG0021,CVB0010,REF0043,3,1,XGBoost,f4a802cdc1e43d5f56d758d699e74da4821ce57f5514d7dcb5b58cf07195fff2,0.9355396628379822,predict_proba,9eb1905b0d2d4dff99236976201e564cbe25ee258ba901ad38107c5c6b5846f0,False,True
R0487,GG0021,CVB0010,REF0043,3,1,XGBoost,f4a802cdc1e43d5f56d758d699e74da4821ce57f5514d7dcb5b58cf07195fff2,0.9378728866577148,predict_proba,9eb1905b0d2d4dff99236976201e564cbe25ee258ba901ad38107c5c6b5846f0,False,True
R0488,GG0021,CVB0010,REF0043,3,1,XGBoost,f4a802cdc1e43d5f56d758d699e74da4821ce57f5514d7dcb5b58cf07195fff2,0.8298531770706177,predict_proba,9eb1905b0d2d4dff99236976201e564cbe25ee258ba901ad38107c5c6b5846f0,False,True
R0489,GG0021,CVB0010,REF0043,3,1,XGBoost,f4a802cdc1e43d5f56d758d699e74da4821ce57f5514d7dcb5b58cf07195fff2,0.9869173765182495,predict_proba,9eb1905b0d2d4dff99236976201e564cbe25ee258ba901ad38107c5c6b5846f0,False,True
R0490,GG0021,CVB0010,REF0043,3,1,XGBoost,f4a802cdc1e43d5f56d758d699e74da4821ce57f5514d7dcb5b58cf07195fff2,0.9469953775405884,predict_proba,9eb1905b0d2d4dff99236976201e564cbe25ee258ba901ad38107c5c6b5846f0,False,True
R0491,GG0021,CVB0010,REF0043,3,1,XGBoost,f4a802cdc1e43d5f56d758d699e74da4821ce57f5514d7dcb5b58cf07195fff2,0.9776116609573364,predict_proba,9eb1905b0d2d4dff99236976201e564cbe25ee258ba901ad38107c5c6b5846f0,False,True
R0492,GG0021,CVB0010,REF0043,3,1,XGBoost,f4a802cdc1e43d5f56d758d699e74da4821ce57f5514d7dcb5b58cf07195fff2,0.9510859847068787,predict_proba,9eb1905b0d2d4dff99236976201e564cbe25ee258ba901ad38107c5c6b5846f0,False,True
R0493,GG0021,CVB0010,REF0043,3,1,XGBoost,f4a802cdc1e43d5f56d758d699e74da4821ce57f5514d7dcb5b58cf07195fff2,0.9628368020057678,predict_proba,9eb1905b0d2d4dff99236976201e564cbe25ee258ba901ad38107c5c6b5846f0,False,True
R0494,GG0021,CVB0010,REF0043,3,1,XGBoost,f4a802cdc1e43d5f56d758d699e74da4821ce57f5514d7dcb5b58cf07195fff2,0.9651363492012024,predict_proba,9eb1905b0d2d4dff99236976201e564cbe25ee258ba901ad38107c5c6b5846f0,False,True
R0495,GG0021,CVB0010,REF0043,3,1,XGBoost,f4a802cdc1e43d5f56d758d699e74da4821ce57f5514d7dcb5b58cf07195fff2,0.9536386728286743,predict_proba,9eb1905b0d2d4dff99236976201e564cbe25ee258ba901ad38107c5c6b5846f0,False,True
R0496,GG0021,CVB0010,REF0043,3,1,XGBoost,f4a802cdc1e43d5f56d758d699e74da4821ce57f5514d7dcb5b58cf07195fff2,0.9568639397621155,predict_proba,9eb1905b0d2d4dff99236976201e564cbe25ee258ba901ad38107c5c6b5846f0,False,True
R0603,GG0033,CVB0030,REF0051,3,1,XGBoost,f4a802cdc1e43d5f56d758d699e74da4821ce57f5514d7dcb5b58cf07195fff2,0.3361402451992035,predict_proba,9eb1905b0d2d4dff99236976201e564cbe25ee258ba901ad38107c5c6b5846f0,False,True
R0604,GG0033,CVB0030,REF0051,3,1,XGBoost,f4a802cdc1e43d5f56d758d699e74da4821ce57f5514d7dcb5b58cf07195fff2,0.02636144682765007,predict_proba,9eb1905b0d2d4dff99236976201e564cbe25ee258ba901ad38107c5c6b5846f0,False,True
R0605,GG0033,CVB0030,REF0051,3,1,XGBoost,f4a802cdc1e43d5f56d758d699e74da4821ce57f5514d7dcb5b58cf07195fff2,0.2338407337665558,predict_proba,9eb1905b0d2d4dff99236976201e564cbe25ee258ba901ad38107c5c6b5846f0,False,True
R0606,GG0033,CVB0030,REF0051,3,1,XGBoost,f4a802cdc1e43d5f56d758d699e74da4821ce57f5514d7dcb5b58cf07195fff2,0.06001727655529976,predict_proba,9eb1905b0d2d4dff99236976201e564cbe25ee258ba901ad38107c5c6b5846f0,False,True
R0607,GG0033,CVB0030,REF0051,3,1,XGBoost,f4a802cdc1e43d5f56d758d699e74da4821ce57f5514d7dcb5b58cf07195fff2,0.10653846710920334,predict_proba,9eb1905b0d2d4dff99236976201e564cbe25ee258ba901ad38107c5c6b5846f0,False,True
R0608,GG0033,CVB0030,REF0051,3,1,XGBoost,f4a802cdc1e43d5f56d758d699e74da4821ce57f5514d7dcb5b58cf07195fff2,0.27136459946632385,predict_proba,9eb1905b0d2d4dff99236976201e564cbe25ee258ba901ad38107c5c6b5846f0,False,True
R0609,GG0033,CVB0030,REF0051,3,1,XGBoost,f4a802cdc1e43d5f56d758d699e74da4821ce57f5514d7dcb5b58cf07195fff2,0.22520527243614197,predict_proba,9eb1905b0d2d4dff99236976201e564cbe25ee258ba901ad38107c5c6b5846f0,False,True
R0610,GG0033,CVB0030,REF0051,3,1,XGBoost,f4a802cdc1e43d5f56d758d699e74da4821ce57f5514d7dcb5b58cf07195fff2,0.23976513743400574,predict_proba,9eb1905b0d2d4dff99236976201e564cbe25ee258ba901ad38107c5c6b5846f0,False,True
R0611,GG0033,CVB0030,REF0051,3,1,XGBoost,f4a802cdc1e43d5f56d758d699e74da4821ce57f5514d7dcb5b58cf07195fff2,0.47469356656074524,predict_proba,9eb1905b0d2d4dff99236976201e564cbe25ee258ba901ad38107c5c6b5846f0,False,True
R0612,GG0033,CVB0030,REF0051,3,1,XGBoost,f4a802cdc1e43d5f56d758d699e74da4821ce57f5514d7dcb5b58cf07195fff2,0.05032502859830856,predict_proba,9eb1905b0d2d4dff99236976201e564cbe25ee258ba901ad38107c5c6b5846f0,False,True
R0613,GG0033,CVB0030,REF0051,3,1,XGBoost,f4a802cdc1e43d5f56d758d699e74da4821ce57f5514d7dcb5b58cf07195fff2,0.016512349247932434,predict_proba,9eb1905b0d2d4dff99236976201e564cbe25ee258ba901ad38107c5c6b5846f0,False,True
R0614,GG0033,CVB0030,REF0051,3,1,XGBoost,f4a802cdc1e43d5f56d758d699e74da4821ce57f5514d7dcb5b58cf07195fff2,0.0209013931453228,predict_proba,9eb1905b0d2d4dff99236976201e564cbe25ee258ba901ad38107c5c6b5846f0,False,True
R0615,GG0033,CVB0030,REF0051,3,1,XGBoost,f4a802cdc1e43d5f56d758d699e74da4821ce57f5514d7dcb5b58cf07195fff2,0.025828391313552856,predict_proba,9eb1905b0d2d4dff99236976201e564cbe25ee258ba901ad38107c5c6b5846f0,False,True
R0616,GG0033,CVB0030,REF0051,3,1,XGBoost,f4a802cdc1e43d5f56d758d699e74da4821ce57f5514d7dcb5b58cf07195fff2,0.016976332291960716,predict_proba,9eb1905b0d2d4dff99236976201e564cbe25ee258ba901ad38107c5c6b5846f0,False,True
R0617,GG0033,CVB0030,REF0051,3,1,XGBoost,f4a802cdc1e43d5f56d758d699e74da4821ce57f5514d7dcb5b58cf07195fff2,0.14018236100673676,predict_proba,9eb1905b0d2d4dff99236976201e564cbe25ee258ba901ad38107c5c6b5846f0,False,True
R0618,GG0033,CVB0030,REF0051,3,1,XGBoost,f4a802cdc1e43d5f56d758d699e74da4821ce57f5514d7dcb5b58cf07195fff2,0.047122884541749954,predict_proba,9eb1905b0d2d4dff99236976201e564cbe25ee258ba901ad38107c5c6b5846f0,False,True
R0619,GG0033,CVB0030,REF0051,3,1,XGBoost,f4a802cdc1e43d5f56d758d699e74da4821ce57f5514d7dcb5b58cf07195fff2,0.08270016312599182,predict_proba,9eb1905b0d2d4dff99236976201e564cbe25ee258ba901ad38107c5c6b5846f0,False,True
R0620,GG0033,CVB0030,REF0051,3,1,XGBoost,f4a802cdc1e43d5f56d758d699e74da4821ce57f5514d7dcb5b58cf07195fff2,0.053191889077425,predict_proba,9eb1905b0d2d4dff99236976201e564cbe25ee258ba901ad38107c5c6b5846f0,False,True
R0621,GG0033,CVB0030,REF0051,3,1,XGBoost,f4a802cdc1e43d5f56d758d699e74da4821ce57f5514d7dcb5b58cf07195fff2,0.057661253958940506,predict_proba,9eb1905b0d2d4dff99236976201e564cbe25ee258ba901ad38107c5c6b5846f0,False,True
R0622,GG0033,CVB0030,REF0051,3,1,XGBoost,f4a802cdc1e43d5f56d758d699e74da4821ce57f5514d7dcb5b58cf07195fff2,0.05479234457015991,predict_proba,9eb1905b0d2d4dff99236976201e564cbe25ee258ba901ad38107c5c6b5846f0,False,True
R0623,GG0033,CVB0030,REF0051,3,1,XGBoost,f4a802cdc1e43d5f56d758d699e74da4821ce57f5514d7dcb5b58cf07195fff2,0.03919469192624092,predict_proba,9eb1905b0d2d4dff99236976201e564cbe25ee258ba901ad38107c5c6b5846f0,False,True
R0624,GG0033,CVB0030,REF0051,3,1,XGBoost,f4a802cdc1e43d5f56d758d699e74da4821ce57f5514d7dcb5b58cf07195fff2,0.10177548974752426,predict_proba,9eb1905b0d2d4dff99236976201e564cbe25ee258ba901ad38107c5c6b5846f0,False,True
R0625,GG0033,CVB0030,REF0051,3,1,XGBoost,f4a802cdc1e43d5f56d758d699e74da4821ce57f5514d7dcb5b58cf07195fff2,0.03479771688580513,predict_proba,9eb1905b0d2d4dff99236976201e564cbe25ee258ba901ad38107c5c6b5846f0,False,True
R0626,GG0033,CVB0030,REF0051,3,1,XGBoost,f4a802cdc1e43d5f56d758d699e74da4821ce57f5514d7dcb5b58cf07195fff2,0.019808869808912277,predict_proba,9eb1905b0d2d4dff99236976201e564cbe25ee258ba901ad38107c5c6b5846f0,False,True
R0627,GG0033,CVB0030,REF0051,3,1,XGBoost,f4a802cdc1e43d5f56d758d699e74da4821ce57f5514d7dcb5b58cf07195fff2,0.09261662513017654,predict_proba,9eb1905b0d2d4dff99236976201e564cbe25ee258ba901ad38107c5c6b5846f0,False,True
R0737,GG0021,CVB0010,REF0057,3,1,XGBoost,f4a802cdc1e43d5f56d758d699e74da4821ce57f5514d7dcb5b58cf07195fff2,0.02745649591088295,predict_proba,9eb1905b0d2d4dff99236976201e564cbe25ee258ba901ad38107c5c6b5846f0,False,True
R0738,GG0021,CVB0010,REF0057,3,1,XGBoost,f4a802cdc1e43d5f56d758d699e74da4821ce57f5514d7dcb5b58cf07195fff2,0.7014992237091064,predict_proba,9eb1905b0d2d4dff99236976201e564cbe25ee258ba901ad38107c5c6b5846f0,False,True
R0739,GG0021,CVB0010,REF0057,3,1,XGBoost,f4a802cdc1e43d5f56d758d699e74da4821ce57f5514d7dcb5b58cf07195fff2,0.434113472700119,predict_proba,9eb1905b0d2d4dff99236976201e564cbe25ee258ba901ad38107c5c6b5846f0,False,True
R0740,GG0021,CVB0010,REF0057,3,1,XGBoost,f4a802cdc1e43d5f56d758d699e74da4821ce57f5514d7dcb5b58cf07195fff2,0.7582448124885559,predict_proba,9eb1905b0d2d4dff99236976201e564cbe25ee258ba901ad38107c5c6b5846f0,False,True
R0741,GG0021,CVB0010,REF0057,3,1,XGBoost,f4a802cdc1e43d5f56d758d699e74da4821ce57f5514d7dcb5b58cf07195fff2,0.9076445698738098,predict_proba,9eb1905b0d2d4dff99236976201e564cbe25ee258ba901ad38107c5c6b5846f0,False,True
R0742,GG0021,CVB0010,REF0057,3,1,XGBoost,f4a802cdc1e43d5f56d758d699e74da4821ce57f5514d7dcb5b58cf07195fff2,0.8471178412437439,predict_proba,9eb1905b0d2d4dff99236976201e564cbe25ee258ba901ad38107c5c6b5846f0,False,True
R0743,GG0021,CVB0010,REF0057,3,1,XGBoost,f4a802cdc1e43d5f56d758d699e74da4821ce57f5514d7dcb5b58cf07195fff2,0.6975164413452148,predict_proba,9eb1905b0d2d4dff99236976201e564cbe25ee258ba901ad38107c5c6b5846f0,False,True
R0744,GG0021,CVB0010,REF0057,3,1,XGBoost,f4a802cdc1e43d5f56d758d699e74da4821ce57f5514d7dcb5b58cf07195fff2,0.9069668650627136,predict_proba,9eb1905b0d2d4dff99236976201e564cbe25ee258ba901ad38107c5c6b5846f0,False,True
R0745,GG0021,CVB0010,REF0058,3,1,XGBoost,f4a802cdc1e43d5f56d758d699e74da4821ce57f5514d7dcb5b58cf07195fff2,0.007205304689705372,predict_proba,9eb1905b0d2d4dff99236976201e564cbe25ee258ba901ad38107c5c6b5846f0,False,True
R0746,GG0021,CVB0010,REF0058,3,1,XGBoost,f4a802cdc1e43d5f56d758d699e74da4821ce57f5514d7dcb5b58cf07195fff2,0.0075874850153923035,predict_proba,9eb1905b0d2d4dff99236976201e564cbe25ee258ba901ad38107c5c6b5846f0,False,True
R0747,GG0021,CVB0010,REF0058,3,1,XGBoost,f4a802cdc1e43d5f56d758d699e74da4821ce57f5514d7dcb5b58cf07195fff2,0.005138077773153782,predict_proba,9eb1905b0d2d4dff99236976201e564cbe25ee258ba901ad38107c5c6b5846f0,False,True
R0748,GG0021,CVB0010,REF0058,3,1,XGBoost,f4a802cdc1e43d5f56d758d699e74da4821ce57f5514d7dcb5b58cf07195fff2,0.17230425775051117,predict_proba,9eb1905b0d2d4dff99236976201e564cbe25ee258ba901ad38107c5c6b5846f0,False,True
R0754,GG0021,CVB0010,REF0059,3,1,XGBoost,f4a802cdc1e43d5f56d758d699e74da4821ce57f5514d7dcb5b58cf07195fff2,0.9490230083465576,predict_proba,9eb1905b0d2d4dff99236976201e564cbe25ee258ba901ad38107c5c6b5846f0,False,True
R0755,GG0021,CVB0010,REF0059,3,1,XGBoost,f4a802cdc1e43d5f56d758d699e74da4821ce57f5514d7dcb5b58cf07195fff2,0.3000219464302063,predict_proba,9eb1905b0d2d4dff99236976201e564cbe25ee258ba901ad38107c5c6b5846f0,False,True
R0756,GG0021,CVB0010,REF0059,3,1,XGBoost,f4a802cdc1e43d5f56d758d699e74da4821ce57f5514d7dcb5b58cf07195fff2,0.91175377368927,predict_proba,9eb1905b0d2d4dff99236976201e564cbe25ee258ba901ad38107c5c6b5846f0,False,True
R0757,GG0021,CVB0010,REF0059,3,1,XGBoost,f4a802cdc1e43d5f56d758d699e74da4821ce57f5514d7dcb5b58cf07195fff2,0.9174217581748962,predict_proba,9eb1905b0d2d4dff99236976201e564cbe25ee258ba901ad38107c5c6b5846f0,False,True
R0846,GG0033,CVB0030,REF0069,3,1,XGBoost,f4a802cdc1e43d5f56d758d699e74da4821ce57f5514d7dcb5b58cf07195fff2,0.5791517496109009,predict_proba,9eb1905b0d2d4dff99236976201e564cbe25ee258ba901ad38107c5c6b5846f0,False,True
R0847,GG0033,CVB0030,REF0069,3,1,XGBoost,f4a802cdc1e43d5f56d758d699e74da4821ce57f5514d7dcb5b58cf07195fff2,0.6609933972358704,predict_proba,9eb1905b0d2d4dff99236976201e564cbe25ee258ba901ad38107c5c6b5846f0,False,True
R0848,GG0033,CVB0030,REF0069,3,1,XGBoost,f4a802cdc1e43d5f56d758d699e74da4821ce57f5514d7dcb5b58cf07195fff2,0.7637789845466614,predict_proba,9eb1905b0d2d4dff99236976201e564cbe25ee258ba901ad38107c5c6b5846f0,False,True
R0849,GG0033,CVB0030,REF0069,3,1,XGBoost,f4a802cdc1e43d5f56d758d699e74da4821ce57f5514d7dcb5b58cf07195fff2,0.753267765045166,predict_proba,9eb1905b0d2d4dff99236976201e564cbe25ee258ba901ad38107c5c6b5846f0,False,True
R0850,GG0033,CVB0030,REF0069,3,1,XGBoost,f4a802cdc1e43d5f56d758d699e74da4821ce57f5514d7dcb5b58cf07195fff2,0.8922009468078613,predict_proba,9eb1905b0d2d4dff99236976201e564cbe25ee258ba901ad38107c5c6b5846f0,False,True
R0851,GG0033,CVB0030,REF0069,3,1,XGBoost,f4a802cdc1e43d5f56d758d699e74da4821ce57f5514d7dcb5b58cf07195fff2,0.7666587233543396,predict_proba,9eb1905b0d2d4dff99236976201e564cbe25ee258ba901ad38107c5c6b5846f0,False,True
R0852,GG0033,CVB0030,REF0069,3,1,XGBoost,f4a802cdc1e43d5f56d758d699e74da4821ce57f5514d7dcb5b58cf07195fff2,0.9155422449111938,predict_proba,9eb1905b0d2d4dff99236976201e564cbe25ee258ba901ad38107c5c6b5846f0,False,True
R0853,GG0033,CVB0030,REF0069,3,1,XGBoost,f4a802cdc1e43d5f56d758d699e74da4821ce57f5514d7dcb5b58cf07195fff2,0.9512755274772644,predict_proba,9eb1905b0d2d4dff99236976201e564cbe25ee258ba901ad38107c5c6b5846f0,False,True
R0854,GG0033,CVB0030,REF0069,3,1,XGBoost,f4a802cdc1e43d5f56d758d699e74da4821ce57f5514d7dcb5b58cf07195fff2,0.9846580028533936,predict_proba,9eb1905b0d2d4dff99236976201e564cbe25ee258ba901ad38107c5c6b5846f0,False,True
R0855,GG0033,CVB0030,REF0069,3,1,XGBoost,f4a802cdc1e43d5f56d758d699e74da4821ce57f5514d7dcb5b58cf07195fff2,0.08130023628473282,predict_proba,9eb1905b0d2d4dff99236976201e564cbe25ee258ba901ad38107c5c6b5846f0,False,True
R0866,GG0033,CVB0030,REF0071,3,1,XGBoost,f4a802cdc1e43d5f56d758d699e74da4821ce57f5514d7dcb5b58cf07195fff2,0.01657266356050968,predict_proba,9eb1905b0d2d4dff99236976201e564cbe25ee258ba901ad38107c5c6b5846f0,False,True
R0867,GG0033,CVB0030,REF0071,3,1,XGBoost,f4a802cdc1e43d5f56d758d699e74da4821ce57f5514d7dcb5b58cf07195fff2,0.2931094467639923,predict_proba,9eb1905b0d2d4dff99236976201e564cbe25ee258ba901ad38107c5c6b5846f0,False,True
R0870,GG0033,CVB0030,REF0071,3,1,XGBoost,f4a802cdc1e43d5f56d758d699e74da4821ce57f5514d7dcb5b58cf07195fff2,0.01561417430639267,predict_proba,9eb1905b0d2d4dff99236976201e564cbe25ee258ba901ad38107c5c6b5846f0,False,True
R0871,GG0033,CVB0030,REF0071,3,1,XGBoost,f4a802cdc1e43d5f56d758d699e74da4821ce57f5514d7dcb5b58cf07195fff2,0.011773431673645973,predict_proba,9eb1905b0d2d4dff99236976201e564cbe25ee258ba901ad38107c5c6b5846f0,False,True
R0872,GG0033,CVB0030,REF0071,3,1,XGBoost,f4a802cdc1e43d5f56d758d699e74da4821ce57f5514d7dcb5b58cf07195fff2,0.01163411233574152,predict_proba,9eb1905b0d2d4dff99236976201e564cbe25ee258ba901ad38107c5c6b5846f0,False,True
R0873,GG0033,CVB0030,REF0071,3,1,XGBoost,f4a802cdc1e43d5f56d758d699e74da4821ce57f5514d7dcb5b58cf07195fff2,0.03255680948495865,predict_proba,9eb1905b0d2d4dff99236976201e564cbe25ee258ba901ad38107c5c6b5846f0,False,True
R0874,GG0033,CVB0030,REF0071,3,1,XGBoost,f4a802cdc1e43d5f56d758d699e74da4821ce57f5514d7dcb5b58cf07195fff2,0.006763204000890255,predict_proba,9eb1905b0d2d4dff99236976201e564cbe25ee258ba901ad38107c5c6b5846f0,False,True
R0875,GG0033,CVB0030,REF0071,3,1,XGBoost,f4a802cdc1e43d5f56d758d699e74da4821ce57f5514d7dcb5b58cf07195fff2,0.02097700722515583,predict_proba,9eb1905b0d2d4dff99236976201e564cbe25ee258ba901ad38107c5c6b5846f0,False,True
R0876,GG0033,CVB0030,REF0071,3,1,XGBoost,f4a802cdc1e43d5f56d758d699e74da4821ce57f5514d7dcb5b58cf07195fff2,0.01477823406457901,predict_proba,9eb1905b0d2d4dff99236976201e564cbe25ee258ba901ad38107c5c6b5846f0,False,True
R0877,GG0033,CVB0030,REF0071,3,1,XGBoost,f4a802cdc1e43d5f56d758d699e74da4821ce57f5514d7dcb5b58cf07195fff2,0.36555129289627075,predict_proba,9eb1905b0d2d4dff99236976201e564cbe25ee258ba901ad38107c5c6b5846f0,False,True
R0878,GG0033,CVB0030,REF0071,3,1,XGBoost,f4a802cdc1e43d5f56d758d699e74da4821ce57f5514d7dcb5b58cf07195fff2,0.40507596731185913,predict_proba,9eb1905b0d2d4dff99236976201e564cbe25ee258ba901ad38107c5c6b5846f0,False,True
R0934,GG0011,CVB0011,REF0077,3,1,XGBoost,f4a802cdc1e43d5f56d758d699e74da4821ce57f5514d7dcb5b58cf07195fff2,0.19437670707702637,predict_proba,9eb1905b0d2d4dff99236976201e564cbe25ee258ba901ad38107c5c6b5846f0,False,True
R0935,GG0011,CVB0011,REF0077,3,1,XGBoost,f4a802cdc1e43d5f56d758d699e74da4821ce57f5514d7dcb5b58cf07195fff2,0.4319664537906647,predict_proba,9eb1905b0d2d4dff99236976201e564cbe25ee258ba901ad38107c5c6b5846f0,False,True
R0936,GG0011,CVB0011,REF0077,3,1,XGBoost,f4a802cdc1e43d5f56d758d699e74da4821ce57f5514d7dcb5b58cf07195fff2,0.5731981992721558,predict_proba,9eb1905b0d2d4dff99236976201e564cbe25ee258ba901ad38107c5c6b5846f0,False,True
R0937,GG0011,CVB0011,REF0077,3,1,XGBoost,f4a802cdc1e43d5f56d758d699e74da4821ce57f5514d7dcb5b58cf07195fff2,0.5735182166099548,predict_proba,9eb1905b0d2d4dff99236976201e564cbe25ee258ba901ad38107c5c6b5846f0,False,True
R0938,GG0011,CVB0011,REF0077,3,1,XGBoost,f4a802cdc1e43d5f56d758d699e74da4821ce57f5514d7dcb5b58cf07195fff2,0.7089873552322388,predict_proba,9eb1905b0d2d4dff99236976201e564cbe25ee258ba901ad38107c5c6b5846f0,False,True
R0939,GG0011,CVB0011,REF0077,3,1,XGBoost,f4a802cdc1e43d5f56d758d699e74da4821ce57f5514d7dcb5b58cf07195fff2,0.8561801910400391,predict_proba,9eb1905b0d2d4dff99236976201e564cbe25ee258ba901ad38107c5c6b5846f0,False,True
R0940,GG0011,CVB0011,REF0077,3,1,XGBoost,f4a802cdc1e43d5f56d758d699e74da4821ce57f5514d7dcb5b58cf07195fff2,0.5724382996559143,predict_proba,9eb1905b0d2d4dff99236976201e564cbe25ee258ba901ad38107c5c6b5846f0,False,True
R0941,GG0011,CVB0011,REF0077,3,1,XGBoost,f4a802cdc1e43d5f56d758d699e74da4821ce57f5514d7dcb5b58cf07195fff2,0.20132434368133545,predict_proba,9eb1905b0d2d4dff99236976201e564cbe25ee258ba901ad38107c5c6b5846f0,False,True
R0942,GG0011,CVB0011,REF0077,3,1,XGBoost,f4a802cdc1e43d5f56d758d699e74da4821ce57f5514d7dcb5b58cf07195fff2,0.19454745948314667,predict_proba,9eb1905b0d2d4dff99236976201e564cbe25ee258ba901ad38107c5c6b5846f0,False,True
R0943,GG0011,CVB0011,REF0077,3,1,XGBoost,f4a802cdc1e43d5f56d758d699e74da4821ce57f5514d7dcb5b58cf07195fff2,0.1735456883907318,predict_proba,9eb1905b0d2d4dff99236976201e564cbe25ee258ba901ad38107c5c6b5846f0,False,True
R1000,GG0022,CVB0019,REF0084,3,1,XGBoost,f4a802cdc1e43d5f56d758d699e74da4821ce57f5514d7dcb5b58cf07195fff2,0.6912299990653992,predict_proba,9eb1905b0d2d4dff99236976201e564cbe25ee258ba901ad38107c5c6b5846f0,False,True
R1001,GG0022,CVB0019,REF0084,3,1,XGBoost,f4a802cdc1e43d5f56d758d699e74da4821ce57f5514d7dcb5b58cf07195fff2,0.8577911257743835,predict_proba,9eb1905b0d2d4dff99236976201e564cbe25ee258ba901ad38107c5c6b5846f0,False,True
R1002,GG0022,CVB0019,REF0084,3,1,XGBoost,f4a802cdc1e43d5f56d758d699e74da4821ce57f5514d7dcb5b58cf07195fff2,0.15302227437496185,predict_proba,9eb1905b0d2d4dff99236976201e564cbe25ee258ba901ad38107c5c6b5846f0,False,True
R1003,GG0022,CVB0019,REF0084,3,1,XGBoost,f4a802cdc1e43d5f56d758d699e74da4821ce57f5514d7dcb5b58cf07195fff2,0.1000528633594513,predict_proba,9eb1905b0d2d4dff99236976201e564cbe25ee258ba901ad38107c5c6b5846f0,False,True
R1004,GG0022,CVB0019,REF0084,3,1,XGBoost,f4a802cdc1e43d5f56d758d699e74da4821ce57f5514d7dcb5b58cf07195fff2,0.8287283778190613,predict_proba,9eb1905b0d2d4dff99236976201e564cbe25ee258ba901ad38107c5c6b5846f0,False,True
R1005,GG0022,CVB0019,REF0084,3,1,XGBoost,f4a802cdc1e43d5f56d758d699e74da4821ce57f5514d7dcb5b58cf07195fff2,0.002597829792648554,predict_proba,9eb1905b0d2d4dff99236976201e564cbe25ee258ba901ad38107c5c6b5846f0,False,True
R1411,GG0011,CVB0011,REF0110,3,1,XGBoost,f4a802cdc1e43d5f56d758d699e74da4821ce57f5514d7dcb5b58cf07195fff2,0.012051871977746487,predict_proba,9eb1905b0d2d4dff99236976201e564cbe25ee258ba901ad38107c5c6b5846f0,False,True
R1412,GG0011,CVB0011,REF0110,3,1,XGBoost,f4a802cdc1e43d5f56d758d699e74da4821ce57f5514d7dcb5b58cf07195fff2,0.013815711252391338,predict_proba,9eb1905b0d2d4dff99236976201e564cbe25ee258ba901ad38107c5c6b5846f0,False,True
R1413,GG0011,CVB0011,REF0110,3,1,XGBoost,f4a802cdc1e43d5f56d758d699e74da4821ce57f5514d7dcb5b58cf07195fff2,0.004746902734041214,predict_proba,9eb1905b0d2d4dff99236976201e564cbe25ee258ba901ad38107c5c6b5846f0,False,True
R1414,GG0011,CVB0011,REF0110,3,1,XGBoost,f4a802cdc1e43d5f56d758d699e74da4821ce57f5514d7dcb5b58cf07195fff2,0.00820478331297636,predict_proba,9eb1905b0d2d4dff99236976201e564cbe25ee258ba901ad38107c5c6b5846f0,False,True
R1415,GG0011,CVB0011,REF0110,3,1,XGBoost,f4a802cdc1e43d5f56d758d699e74da4821ce57f5514d7dcb5b58cf07195fff2,0.06441076844930649,predict_proba,9eb1905b0d2d4dff99236976201e564cbe25ee258ba901ad38107c5c6b5846f0,False,True
R1416,GG0011,CVB0011,REF0110,3,1,XGBoost,f4a802cdc1e43d5f56d758d699e74da4821ce57f5514d7dcb5b58cf07195fff2,0.0022186876740306616,predict_proba,9eb1905b0d2d4dff99236976201e564cbe25ee258ba901ad38107c5c6b5846f0,False,True
R1417,GG0011,CVB0011,REF0110,3,1,XGBoost,f4a802cdc1e43d5f56d758d699e74da4821ce57f5514d7dcb5b58cf07195fff2,0.005919772200286388,predict_proba,9eb1905b0d2d4dff99236976201e564cbe25ee258ba901ad38107c5c6b5846f0,False,True
R1418,GG0011,CVB0011,REF0110,3,1,XGBoost,f4a802cdc1e43d5f56d758d699e74da4821ce57f5514d7dcb5b58cf07195fff2,0.008572831749916077,predict_proba,9eb1905b0d2d4dff99236976201e564cbe25ee258ba901ad38107c5c6b5846f0,False,True
R1419,GG0011,CVB0011,REF0110,3,1,XGBoost,f4a802cdc1e43d5f56d758d699e74da4821ce57f5514d7dcb5b58cf07195fff2,0.011550753377377987,predict_proba,9eb1905b0d2d4dff99236976201e564cbe25ee258ba901ad38107c5c6b5846f0,False,True
R1420,GG0011,CVB0011,REF0110,3,1,XGBoost,f4a802cdc1e43d5f56d758d699e74da4821ce57f5514d7dcb5b58cf07195fff2,0.009094726294279099,predict_proba,9eb1905b0d2d4dff99236976201e564cbe25ee258ba901ad38107c5c6b5846f0,False,True
R1421,GG0011,CVB0011,REF0110,3,1,XGBoost,f4a802cdc1e43d5f56d758d699e74da4821ce57f5514d7dcb5b58cf07195fff2,0.0515923947095871,predict_proba,9eb1905b0d2d4dff99236976201e564cbe25ee258ba901ad38107c5c6b5846f0,False,True
R1422,GG0011,CVB0011,REF0110,3,1,XGBoost,f4a802cdc1e43d5f56d758d699e74da4821ce57f5514d7dcb5b58cf07195fff2,0.06912969052791595,predict_proba,9eb1905b0d2d4dff99236976201e564cbe25ee258ba901ad38107c5c6b5846f0,False,True
R1423,GG0011,CVB0011,REF0110,3,1,XGBoost,f4a802cdc1e43d5f56d758d699e74da4821ce57f5514d7dcb5b58cf07195fff2,0.11632893234491348,predict_proba,9eb1905b0d2d4dff99236976201e564cbe25ee258ba901ad38107c5c6b5846f0,False,True
R1424,GG0011,CVB0011,REF0110,3,1,XGBoost,f4a802cdc1e43d5f56d758d699e74da4821ce57f5514d7dcb5b58cf07195fff2,0.2021748125553131,predict_proba,9eb1905b0d2d4dff99236976201e564cbe25ee258ba901ad38107c5c6b5846f0,False,True
R1425,GG0011,CVB0011,REF0110,3,1,XGBoost,f4a802cdc1e43d5f56d758d699e74da4821ce57f5514d7dcb5b58cf07195fff2,0.13018740713596344,predict_proba,9eb1905b0d2d4dff99236976201e564cbe25ee258ba901ad38107c5c6b5846f0,False,True
R1426,GG0011,CVB0011,REF0110,3,1,XGBoost,f4a802cdc1e43d5f56d758d699e74da4821ce57f5514d7dcb5b58cf07195fff2,0.08669351786375046,predict_proba,9eb1905b0d2d4dff99236976201e564cbe25ee258ba901ad38107c5c6b5846f0,False,True
R1427,GG0011,CVB0011,REF0110,3,1,XGBoost,f4a802cdc1e43d5f56d758d699e74da4821ce57f5514d7dcb5b58cf07195fff2,0.3954911530017853,predict_proba,9eb1905b0d2d4dff99236976201e564cbe25ee258ba901ad38107c5c6b5846f0,False,True
R1428,GG0011,CVB0011,REF0110,3,1,XGBoost,f4a802cdc1e43d5f56d758d699e74da4821ce57f5514d7dcb5b58cf07195fff2,0.03758535906672478,predict_proba,9eb1905b0d2d4dff99236976201e564cbe25ee258ba901ad38107c5c6b5846f0,False,True
R1429,GG0011,CVB0011,REF0110,3,1,XGBoost,f4a802cdc1e43d5f56d758d699e74da4821ce57f5514d7dcb5b58cf07195fff2,0.008270741440355778,predict_proba,9eb1905b0d2d4dff99236976201e564cbe25ee258ba901ad38107c5c6b5846f0,False,True
R1430,GG0011,CVB0011,REF0110,3,1,XGBoost,f4a802cdc1e43d5f56d758d699e74da4821ce57f5514d7dcb5b58cf07195fff2,0.01091272383928299,predict_proba,9eb1905b0d2d4dff99236976201e564cbe25ee258ba901ad38107c5c6b5846f0,False,True
R2142,GG0033,CVB0030,REF0155,3,1,XGBoost,f4a802cdc1e43d5f56d758d699e74da4821ce57f5514d7dcb5b58cf07195fff2,0.2571936249732971,predict_proba,9eb1905b0d2d4dff99236976201e564cbe25ee258ba901ad38107c5c6b5846f0,False,True
R2143,GG0033,CVB0030,REF0155,3,1,XGBoost,f4a802cdc1e43d5f56d758d699e74da4821ce57f5514d7dcb5b58cf07195fff2,0.1564195603132248,predict_proba,9eb1905b0d2d4dff99236976201e564cbe25ee258ba901ad38107c5c6b5846f0,False,True
R2144,GG0033,CVB0030,REF0155,3,1,XGBoost,f4a802cdc1e43d5f56d758d699e74da4821ce57f5514d7dcb5b58cf07195fff2,0.005435930099338293,predict_proba,9eb1905b0d2d4dff99236976201e564cbe25ee258ba901ad38107c5c6b5846f0,False,True
R2145,GG0033,CVB0030,REF0155,3,1,XGBoost,f4a802cdc1e43d5f56d758d699e74da4821ce57f5514d7dcb5b58cf07195fff2,0.033027488738298416,predict_proba,9eb1905b0d2d4dff99236976201e564cbe25ee258ba901ad38107c5c6b5846f0,False,True
R2146,GG0033,CVB0030,REF0155,3,1,XGBoost,f4a802cdc1e43d5f56d758d699e74da4821ce57f5514d7dcb5b58cf07195fff2,0.2772371172904968,predict_proba,9eb1905b0d2d4dff99236976201e564cbe25ee258ba901ad38107c5c6b5846f0,False,True
R2147,GG0033,CVB0030,REF0155,3,1,XGBoost,f4a802cdc1e43d5f56d758d699e74da4821ce57f5514d7dcb5b58cf07195fff2,0.03479980677366257,predict_proba,9eb1905b0d2d4dff99236976201e564cbe25ee258ba901ad38107c5c6b5846f0,False,True
R2783,GG0017,CVB0007,REF0200,3,1,XGBoost,f4a802cdc1e43d5f56d758d699e74da4821ce57f5514d7dcb5b58cf07195fff2,0.052130889147520065,predict_proba,9eb1905b0d2d4dff99236976201e564cbe25ee258ba901ad38107c5c6b5846f0,True,True
R2785,GG0017,CVB0007,REF0200,3,1,XGBoost,f4a802cdc1e43d5f56d758d699e74da4821ce57f5514d7dcb5b58cf07195fff2,0.04506727680563927,predict_proba,9eb1905b0d2d4dff99236976201e564cbe25ee258ba901ad38107c5c6b5846f0,True,True
R2786,GG0017,CVB0007,REF0200,3,1,XGBoost,f4a802cdc1e43d5f56d758d699e74da4821ce57f5514d7dcb5b58cf07195fff2,0.04481832683086395,predict_proba,9eb1905b0d2d4dff99236976201e564cbe25ee258ba901ad38107c5c6b5846f0,True,True
R2787,GG0017,CVB0007,REF0200,3,1,XGBoost,f4a802cdc1e43d5f56d758d699e74da4821ce57f5514d7dcb5b58cf07195fff2,0.01678180694580078,predict_proba,9eb1905b0d2d4dff99236976201e564cbe25ee258ba901ad38107c5c6b5846f0,True,True
R2788,GG0017,CVB0007,REF0200,3,1,XGBoost,f4a802cdc1e43d5f56d758d699e74da4821ce57f5514d7dcb5b58cf07195fff2,0.009766880422830582,predict_proba,9eb1905b0d2d4dff99236976201e564cbe25ee258ba901ad38107c5c6b5846f0,True,True
R2789,GG0017,CVB0007,REF0200,3,1,XGBoost,f4a802cdc1e43d5f56d758d699e74da4821ce57f5514d7dcb5b58cf07195fff2,0.04558957368135452,predict_proba,9eb1905b0d2d4dff99236976201e564cbe25ee258ba901ad38107c5c6b5846f0,True,True
R2791,GG0017,CVB0007,REF0200,3,1,XGBoost,f4a802cdc1e43d5f56d758d699e74da4821ce57f5514d7dcb5b58cf07195fff2,0.053708266466856,predict_proba,9eb1905b0d2d4dff99236976201e564cbe25ee258ba901ad38107c5c6b5846f0,True,True
R2795,GG0017,CVB0007,REF0200,3,1,XGBoost,f4a802cdc1e43d5f56d758d699e74da4821ce57f5514d7dcb5b58cf07195fff2,0.11811501532793045,predict_proba,9eb1905b0d2d4dff99236976201e564cbe25ee258ba901ad38107c5c6b5846f0,True,True
R2797,GG0017,CVB0007,REF0200,3,1,XGBoost,f4a802cdc1e43d5f56d758d699e74da4821ce57f5514d7dcb5b58cf07195fff2,0.017535563558340073,predict_proba,9eb1905b0d2d4dff99236976201e564cbe25ee258ba901ad38107c5c6b5846f0,True,True
R2842,GG0021,CVB0010,REF0206,3,1,XGBoost,f4a802cdc1e43d5f56d758d699e74da4821ce57f5514d7dcb5b58cf07195fff2,0.03466052934527397,predict_proba,9eb1905b0d2d4dff99236976201e564cbe25ee258ba901ad38107c5c6b5846f0,False,True
R2843,GG0021,CVB0010,REF0206,3,1,XGBoost,f4a802cdc1e43d5f56d758d699e74da4821ce57f5514d7dcb5b58cf07195fff2,0.046017374843358994,predict_proba,9eb1905b0d2d4dff99236976201e564cbe25ee258ba901ad38107c5c6b5846f0,False,True
R2844,GG0021,CVB0010,REF0206,3,1,XGBoost,f4a802cdc1e43d5f56d758d699e74da4821ce57f5514d7dcb5b58cf07195fff2,0.07355206459760666,predict_proba,9eb1905b0d2d4dff99236976201e564cbe25ee258ba901ad38107c5c6b5846f0,False,True
R2845,GG0021,CVB0010,REF0206,3,1,XGBoost,f4a802cdc1e43d5f56d758d699e74da4821ce57f5514d7dcb5b58cf07195fff2,0.41151124238967896,predict_proba,9eb1905b0d2d4dff99236976201e564cbe25ee258ba901ad38107c5c6b5846f0,False,True
R2846,GG0021,CVB0010,REF0206,3,1,XGBoost,f4a802cdc1e43d5f56d758d699e74da4821ce57f5514d7dcb5b58cf07195fff2,0.5925386548042297,predict_proba,9eb1905b0d2d4dff99236976201e564cbe25ee258ba901ad38107c5c6b5846f0,False,True
R2847,GG0021,CVB0010,REF0206,3,1,XGBoost,f4a802cdc1e43d5f56d758d699e74da4821ce57f5514d7dcb5b58cf07195fff2,0.5363553762435913,predict_proba,9eb1905b0d2d4dff99236976201e564cbe25ee258ba901ad38107c5c6b5846f0,False,True
R2848,GG0021,CVB0010,REF0206,3,1,XGBoost,f4a802cdc1e43d5f56d758d699e74da4821ce57f5514d7dcb5b58cf07195fff2,0.43161413073539734,predict_proba,9eb1905b0d2d4dff99236976201e564cbe25ee258ba901ad38107c5c6b5846f0,False,True
R2849,GG0021,CVB0010,REF0206,3,1,XGBoost,f4a802cdc1e43d5f56d758d699e74da4821ce57f5514d7dcb5b58cf07195fff2,0.8199742436408997,predict_proba,9eb1905b0d2d4dff99236976201e564cbe25ee258ba901ad38107c5c6b5846f0,False,True
R2858,GG0021,CVB0010,REF0208,3,1,XGBoost,f4a802cdc1e43d5f56d758d699e74da4821ce57f5514d7dcb5b58cf07195fff2,0.7388859987258911,predict_proba,9eb1905b0d2d4dff99236976201e564cbe25ee258ba901ad38107c5c6b5846f0,False,True
R2859,GG0021,CVB0010,REF0208,3,1,XGBoost,f4a802cdc1e43d5f56d758d699e74da4821ce57f5514d7dcb5b58cf07195fff2,0.9763235449790955,predict_proba,9eb1905b0d2d4dff99236976201e564cbe25ee258ba901ad38107c5c6b5846f0,False,True
R2860,GG0021,CVB0010,REF0208,3,1,XGBoost,f4a802cdc1e43d5f56d758d699e74da4821ce57f5514d7dcb5b58cf07195fff2,0.9314177632331848,predict_proba,9eb1905b0d2d4dff99236976201e564cbe25ee258ba901ad38107c5c6b5846f0,False,True
R2861,GG0021,CVB0010,REF0208,3,1,XGBoost,f4a802cdc1e43d5f56d758d699e74da4821ce57f5514d7dcb5b58cf07195fff2,0.9627770185470581,predict_proba,9eb1905b0d2d4dff99236976201e564cbe25ee258ba901ad38107c5c6b5846f0,False,True
R2862,GG0021,CVB0010,REF0208,3,1,XGBoost,f4a802cdc1e43d5f56d758d699e74da4821ce57f5514d7dcb5b58cf07195fff2,0.9779491424560547,predict_proba,9eb1905b0d2d4dff99236976201e564cbe25ee258ba901ad38107c5c6b5846f0,False,True
R2863,GG0021,CVB0010,REF0208,3,1,XGBoost,f4a802cdc1e43d5f56d758d699e74da4821ce57f5514d7dcb5b58cf07195fff2,0.942792534828186,predict_proba,9eb1905b0d2d4dff99236976201e564cbe25ee258ba901ad38107c5c6b5846f0,False,True
R2864,GG0021,CVB0010,REF0208,3,1,XGBoost,f4a802cdc1e43d5f56d758d699e74da4821ce57f5514d7dcb5b58cf07195fff2,0.23107117414474487,predict_proba,9eb1905b0d2d4dff99236976201e564cbe25ee258ba901ad38107c5c6b5846f0,False,True
R2869,GG0021,CVB0010,REF0209,3,1,XGBoost,f4a802cdc1e43d5f56d758d699e74da4821ce57f5514d7dcb5b58cf07195fff2,0.8003153800964355,predict_proba,9eb1905b0d2d4dff99236976201e564cbe25ee258ba901ad38107c5c6b5846f0,False,True
R2870,GG0021,CVB0010,REF0209,3,1,XGBoost,f4a802cdc1e43d5f56d758d699e74da4821ce57f5514d7dcb5b58cf07195fff2,0.9850988388061523,predict_proba,9eb1905b0d2d4dff99236976201e564cbe25ee258ba901ad38107c5c6b5846f0,False,True
R2871,GG0021,CVB0010,REF0209,3,1,XGBoost,f4a802cdc1e43d5f56d758d699e74da4821ce57f5514d7dcb5b58cf07195fff2,0.9279495477676392,predict_proba,9eb1905b0d2d4dff99236976201e564cbe25ee258ba901ad38107c5c6b5846f0,False,True
R2872,GG0021,CVB0010,REF0209,3,1,XGBoost,f4a802cdc1e43d5f56d758d699e74da4821ce57f5514d7dcb5b58cf07195fff2,0.9349845051765442,predict_proba,9eb1905b0d2d4dff99236976201e564cbe25ee258ba901ad38107c5c6b5846f0,False,True
R2875,GG0021,CVB0010,REF0209,3,1,XGBoost,f4a802cdc1e43d5f56d758d699e74da4821ce57f5514d7dcb5b58cf07195fff2,0.7732530832290649,predict_proba,9eb1905b0d2d4dff99236976201e564cbe25ee258ba901ad38107c5c6b5846f0,False,True
R0015,GG0021,CVB0010,REF0003,3,2,XGBoost,34ceedf6a1bb29961f2328af1d5171f68f761751bb240b7ec5769fb12f9571f5,0.6055665612220764,predict_proba,9eb1905b0d2d4dff99236976201e564cbe25ee258ba901ad38107c5c6b5846f0,True,True
R0016,GG0021,CVB0010,REF0003,3,2,XGBoost,34ceedf6a1bb29961f2328af1d5171f68f761751bb240b7ec5769fb12f9571f5,0.8687014579772949,predict_proba,9eb1905b0d2d4dff99236976201e564cbe25ee258ba901ad38107c5c6b5846f0,True,True
R0017,GG0021,CVB0010,REF0003,3,2,XGBoost,34ceedf6a1bb29961f2328af1d5171f68f761751bb240b7ec5769fb12f9571f5,0.6046764254570007,predict_proba,9eb1905b0d2d4dff99236976201e564cbe25ee258ba901ad38107c5c6b5846f0,True,True
R0018,GG0021,CVB0010,REF0003,3,2,XGBoost,34ceedf6a1bb29961f2328af1d5171f68f761751bb240b7ec5769fb12f9571f5,0.4085406959056854,predict_proba,9eb1905b0d2d4dff99236976201e564cbe25ee258ba901ad38107c5c6b5846f0,True,True
R0019,GG0021,CVB0010,REF0003,3,2,XGBoost,34ceedf6a1bb29961f2328af1d5171f68f761751bb240b7ec5769fb12f9571f5,0.587338387966156,predict_proba,9eb1905b0d2d4dff99236976201e564cbe25ee258ba901ad38107c5c6b5846f0,True,True
R0020,GG0021,CVB0010,REF0003,3,2,XGBoost,34ceedf6a1bb29961f2328af1d5171f68f761751bb240b7ec5769fb12f9571f5,0.9499382376670837,predict_proba,9eb1905b0d2d4dff99236976201e564cbe25ee258ba901ad38107c5c6b5846f0,True,True
R0021,GG0021,CVB0010,REF0003,3,2,XGBoost,34ceedf6a1bb29961f2328af1d5171f68f761751bb240b7ec5769fb12f9571f5,0.9053484201431274,predict_proba,9eb1905b0d2d4dff99236976201e564cbe25ee258ba901ad38107c5c6b5846f0,True,True
R0022,GG0021,CVB0010,REF0003,3,2,XGBoost,34ceedf6a1bb29961f2328af1d5171f68f761751bb240b7ec5769fb12f9571f5,0.5026315450668335,predict_proba,9eb1905b0d2d4dff99236976201e564cbe25ee258ba901ad38107c5c6b5846f0,True,True
R0023,GG0021,CVB0010,REF0003,3,2,XGBoost,34ceedf6a1bb29961f2328af1d5171f68f761751bb240b7ec5769fb12f9571f5,0.908617377281189,predict_proba,9eb1905b0d2d4dff99236976201e564cbe25ee258ba901ad38107c5c6b5846f0,True,True
R0024,GG0021,CVB0010,REF0003,3,2,XGBoost,34ceedf6a1bb29961f2328af1d5171f68f761751bb240b7ec5769fb12f9571f5,0.990959882736206,predict_proba,9eb1905b0d2d4dff99236976201e564cbe25ee258ba901ad38107c5c6b5846f0,True,True
R0025,GG0021,CVB0010,REF0003,3,2,XGBoost,34ceedf6a1bb29961f2328af1d5171f68f761751bb240b7ec5769fb12f9571f5,0.9798310399055481,predict_proba,9eb1905b0d2d4dff99236976201e564cbe25ee258ba901ad38107c5c6b5846f0,True,True
R0026,GG0021,CVB0010,REF0003,3,2,XGBoost,34ceedf6a1bb29961f2328af1d5171f68f761751bb240b7ec5769fb12f9571f5,0.9857311844825745,predict_proba,9eb1905b0d2d4dff99236976201e564cbe25ee258ba901ad38107c5c6b5846f0,True,True
R0027,GG0021,CVB0010,REF0003,3,2,XGBoost,34ceedf6a1bb29961f2328af1d5171f68f761751bb240b7ec5769fb12f9571f5,0.9334093928337097,predict_proba,9eb1905b0d2d4dff99236976201e564cbe25ee258ba901ad38107c5c6b5846f0,True,True
R0028,GG0021,CVB0010,REF0003,3,2,XGBoost,34ceedf6a1bb29961f2328af1d5171f68f761751bb240b7ec5769fb12f9571f5,0.8598989844322205,predict_proba,9eb1905b0d2d4dff99236976201e564cbe25ee258ba901ad38107c5c6b5846f0,True,True
R0029,GG0021,CVB0010,REF0004,3,2,XGBoost,34ceedf6a1bb29961f2328af1d5171f68f761751bb240b7ec5769fb12f9571f5,0.9890166521072388,predict_proba,9eb1905b0d2d4dff99236976201e564cbe25ee258ba901ad38107c5c6b5846f0,True,True
R0030,GG0021,CVB0010,REF0004,3,2,XGBoost,34ceedf6a1bb29961f2328af1d5171f68f761751bb240b7ec5769fb12f9571f5,0.9524680376052856,predict_proba,9eb1905b0d2d4dff99236976201e564cbe25ee258ba901ad38107c5c6b5846f0,True,True
R0031,GG0021,CVB0010,REF0004,3,2,XGBoost,34ceedf6a1bb29961f2328af1d5171f68f761751bb240b7ec5769fb12f9571f5,0.7154567241668701,predict_proba,9eb1905b0d2d4dff99236976201e564cbe25ee258ba901ad38107c5c6b5846f0,True,True
R0032,GG0021,CVB0010,REF0004,3,2,XGBoost,34ceedf6a1bb29961f2328af1d5171f68f761751bb240b7ec5769fb12f9571f5,0.6481659412384033,predict_proba,9eb1905b0d2d4dff99236976201e564cbe25ee258ba901ad38107c5c6b5846f0,True,True
R0033,GG0021,CVB0010,REF0004,3,2,XGBoost,34ceedf6a1bb29961f2328af1d5171f68f761751bb240b7ec5769fb12f9571f5,0.8382837176322937,predict_proba,9eb1905b0d2d4dff99236976201e564cbe25ee258ba901ad38107c5c6b5846f0,True,True
R0034,GG0021,CVB0010,REF0004,3,2,XGBoost,34ceedf6a1bb29961f2328af1d5171f68f761751bb240b7ec5769fb12f9571f5,0.7352871894836426,predict_proba,9eb1905b0d2d4dff99236976201e564cbe25ee258ba901ad38107c5c6b5846f0,True,True
R0035,GG0021,CVB0010,REF0004,3,2,XGBoost,34ceedf6a1bb29961f2328af1d5171f68f761751bb240b7ec5769fb12f9571f5,0.6066415905952454,predict_proba,9eb1905b0d2d4dff99236976201e564cbe25ee258ba901ad38107c5c6b5846f0,True,True
R0036,GG0021,CVB0010,REF0004,3,2,XGBoost,34ceedf6a1bb29961f2328af1d5171f68f761751bb240b7ec5769fb12f9571f5,0.9713674783706665,predict_proba,9eb1905b0d2d4dff99236976201e564cbe25ee258ba901ad38107c5c6b5846f0,True,True
R0037,GG0022,CVB0019,REF0005,3,2,XGBoost,34ceedf6a1bb29961f2328af1d5171f68f761751bb240b7ec5769fb12f9571f5,0.26220837235450745,predict_proba,9eb1905b0d2d4dff99236976201e564cbe25ee258ba901ad38107c5c6b5846f0,False,True
R0038,GG0022,CVB0019,REF0005,3,2,XGBoost,34ceedf6a1bb29961f2328af1d5171f68f761751bb240b7ec5769fb12f9571f5,0.9434095621109009,predict_proba,9eb1905b0d2d4dff99236976201e564cbe25ee258ba901ad38107c5c6b5846f0,False,True
R0039,GG0022,CVB0019,REF0005,3,2,XGBoost,34ceedf6a1bb29961f2328af1d5171f68f761751bb240b7ec5769fb12f9571f5,0.0334678553044796,predict_proba,9eb1905b0d2d4dff99236976201e564cbe25ee258ba901ad38107c5c6b5846f0,False,True
R0040,GG0022,CVB0019,REF0005,3,2,XGBoost,34ceedf6a1bb29961f2328af1d5171f68f761751bb240b7ec5769fb12f9571f5,0.5074991583824158,predict_proba,9eb1905b0d2d4dff99236976201e564cbe25ee258ba901ad38107c5c6b5846f0,False,True
R0041,GG0022,CVB0019,REF0005,3,2,XGBoost,34ceedf6a1bb29961f2328af1d5171f68f761751bb240b7ec5769fb12f9571f5,0.3180522620677948,predict_proba,9eb1905b0d2d4dff99236976201e564cbe25ee258ba901ad38107c5c6b5846f0,False,True
R0042,GG0022,CVB0019,REF0005,3,2,XGBoost,34ceedf6a1bb29961f2328af1d5171f68f761751bb240b7ec5769fb12f9571f5,0.7977262735366821,predict_proba,9eb1905b0d2d4dff99236976201e564cbe25ee258ba901ad38107c5c6b5846f0,False,True
R0043,GG0022,CVB0019,REF0005,3,2,XGBoost,34ceedf6a1bb29961f2328af1d5171f68f761751bb240b7ec5769fb12f9571f5,0.3964567184448242,predict_proba,9eb1905b0d2d4dff99236976201e564cbe25ee258ba901ad38107c5c6b5846f0,False,True
R0044,GG0022,CVB0019,REF0005,3,2,XGBoost,34ceedf6a1bb29961f2328af1d5171f68f761751bb240b7ec5769fb12f9571f5,0.6240734457969666,predict_proba,9eb1905b0d2d4dff99236976201e564cbe25ee258ba901ad38107c5c6b5846f0,False,True
R0045,GG0022,CVB0019,REF0005,3,2,XGBoost,34ceedf6a1bb29961f2328af1d5171f68f761751bb240b7ec5769fb12f9571f5,0.9933668971061707,predict_proba,9eb1905b0d2d4dff99236976201e564cbe25ee258ba901ad38107c5c6b5846f0,False,True
R0046,GG0022,CVB0019,REF0005,3,2,XGBoost,34ceedf6a1bb29961f2328af1d5171f68f761751bb240b7ec5769fb12f9571f5,0.9729361534118652,predict_proba,9eb1905b0d2d4dff99236976201e564cbe25ee258ba901ad38107c5c6b5846f0,False,True
R0047,GG0022,CVB0019,REF0005,3,2,XGBoost,34ceedf6a1bb29961f2328af1d5171f68f761751bb240b7ec5769fb12f9571f5,0.9399446249008179,predict_proba,9eb1905b0d2d4dff99236976201e564cbe25ee258ba901ad38107c5c6b5846f0,False,True
R0048,GG0022,CVB0019,REF0005,3,2,XGBoost,34ceedf6a1bb29961f2328af1d5171f68f761751bb240b7ec5769fb12f9571f5,0.971354067325592,predict_proba,9eb1905b0d2d4dff99236976201e564cbe25ee258ba901ad38107c5c6b5846f0,False,True
R0060,GG0021,CVB0010,REF0008,3,2,XGBoost,34ceedf6a1bb29961f2328af1d5171f68f761751bb240b7ec5769fb12f9571f5,0.001954044448211789,predict_proba,9eb1905b0d2d4dff99236976201e564cbe25ee258ba901ad38107c5c6b5846f0,True,True
R0061,GG0021,CVB0010,REF0008,3,2,XGBoost,34ceedf6a1bb29961f2328af1d5171f68f761751bb240b7ec5769fb12f9571f5,0.5347503423690796,predict_proba,9eb1905b0d2d4dff99236976201e564cbe25ee258ba901ad38107c5c6b5846f0,True,True
R0062,GG0021,CVB0010,REF0008,3,2,XGBoost,34ceedf6a1bb29961f2328af1d5171f68f761751bb240b7ec5769fb12f9571f5,0.9037117958068848,predict_proba,9eb1905b0d2d4dff99236976201e564cbe25ee258ba901ad38107c5c6b5846f0,True,True
R0063,GG0021,CVB0010,REF0008,3,2,XGBoost,34ceedf6a1bb29961f2328af1d5171f68f761751bb240b7ec5769fb12f9571f5,0.13322478532791138,predict_proba,9eb1905b0d2d4dff99236976201e564cbe25ee258ba901ad38107c5c6b5846f0,True,True
R0064,GG0021,CVB0010,REF0008,3,2,XGBoost,34ceedf6a1bb29961f2328af1d5171f68f761751bb240b7ec5769fb12f9571f5,0.791386604309082,predict_proba,9eb1905b0d2d4dff99236976201e564cbe25ee258ba901ad38107c5c6b5846f0,True,True
R0065,GG0021,CVB0010,REF0008,3,2,XGBoost,34ceedf6a1bb29961f2328af1d5171f68f761751bb240b7ec5769fb12f9571f5,0.9341123104095459,predict_proba,9eb1905b0d2d4dff99236976201e564cbe25ee258ba901ad38107c5c6b5846f0,True,True
R0066,GG0021,CVB0010,REF0008,3,2,XGBoost,34ceedf6a1bb29961f2328af1d5171f68f761751bb240b7ec5769fb12f9571f5,0.34361323714256287,predict_proba,9eb1905b0d2d4dff99236976201e564cbe25ee258ba901ad38107c5c6b5846f0,True,True
R0067,GG0021,CVB0010,REF0008,3,2,XGBoost,34ceedf6a1bb29961f2328af1d5171f68f761751bb240b7ec5769fb12f9571f5,0.18108943104743958,predict_proba,9eb1905b0d2d4dff99236976201e564cbe25ee258ba901ad38107c5c6b5846f0,True,True
R0068,GG0021,CVB0010,REF0008,3,2,XGBoost,34ceedf6a1bb29961f2328af1d5171f68f761751bb240b7ec5769fb12f9571f5,0.6649339199066162,predict_proba,9eb1905b0d2d4dff99236976201e564cbe25ee258ba901ad38107c5c6b5846f0,True,True
R0069,GG0021,CVB0010,REF0008,3,2,XGBoost,34ceedf6a1bb29961f2328af1d5171f68f761751bb240b7ec5769fb12f9571f5,0.21424585580825806,predict_proba,9eb1905b0d2d4dff99236976201e564cbe25ee258ba901ad38107c5c6b5846f0,True,True
R0070,GG0021,CVB0010,REF0008,3,2,XGBoost,34ceedf6a1bb29961f2328af1d5171f68f761751bb240b7ec5769fb12f9571f5,0.10848347842693329,predict_proba,9eb1905b0d2d4dff99236976201e564cbe25ee258ba901ad38107c5c6b5846f0,True,True
R0071,GG0021,CVB0010,REF0008,3,2,XGBoost,34ceedf6a1bb29961f2328af1d5171f68f761751bb240b7ec5769fb12f9571f5,0.8206788897514343,predict_proba,9eb1905b0d2d4dff99236976201e564cbe25ee258ba901ad38107c5c6b5846f0,True,True
R0072,GG0021,CVB0010,REF0008,3,2,XGBoost,34ceedf6a1bb29961f2328af1d5171f68f761751bb240b7ec5769fb12f9571f5,0.9712316989898682,predict_proba,9eb1905b0d2d4dff99236976201e564cbe25ee258ba901ad38107c5c6b5846f0,True,True
R0073,GG0021,CVB0010,REF0008,3,2,XGBoost,34ceedf6a1bb29961f2328af1d5171f68f761751bb240b7ec5769fb12f9571f5,0.9457157850265503,predict_proba,9eb1905b0d2d4dff99236976201e564cbe25ee258ba901ad38107c5c6b5846f0,True,True
R0074,GG0021,CVB0010,REF0008,3,2,XGBoost,34ceedf6a1bb29961f2328af1d5171f68f761751bb240b7ec5769fb12f9571f5,0.7364091873168945,predict_proba,9eb1905b0d2d4dff99236976201e564cbe25ee258ba901ad38107c5c6b5846f0,True,True
R0075,GG0021,CVB0010,REF0008,3,2,XGBoost,34ceedf6a1bb29961f2328af1d5171f68f761751bb240b7ec5769fb12f9571f5,0.9263476729393005,predict_proba,9eb1905b0d2d4dff99236976201e564cbe25ee258ba901ad38107c5c6b5846f0,True,True
R0076,GG0021,CVB0010,REF0008,3,2,XGBoost,34ceedf6a1bb29961f2328af1d5171f68f761751bb240b7ec5769fb12f9571f5,0.9812635183334351,predict_proba,9eb1905b0d2d4dff99236976201e564cbe25ee258ba901ad38107c5c6b5846f0,True,True
R0077,GG0021,CVB0010,REF0008,3,2,XGBoost,34ceedf6a1bb29961f2328af1d5171f68f761751bb240b7ec5769fb12f9571f5,0.9935007691383362,predict_proba,9eb1905b0d2d4dff99236976201e564cbe25ee258ba901ad38107c5c6b5846f0,True,True
R0078,GG0021,CVB0010,REF0008,3,2,XGBoost,34ceedf6a1bb29961f2328af1d5171f68f761751bb240b7ec5769fb12f9571f5,0.9804822206497192,predict_proba,9eb1905b0d2d4dff99236976201e564cbe25ee258ba901ad38107c5c6b5846f0,True,True
R0079,GG0021,CVB0010,REF0008,3,2,XGBoost,34ceedf6a1bb29961f2328af1d5171f68f761751bb240b7ec5769fb12f9571f5,0.9926679730415344,predict_proba,9eb1905b0d2d4dff99236976201e564cbe25ee258ba901ad38107c5c6b5846f0,True,True
R0080,GG0021,CVB0010,REF0008,3,2,XGBoost,34ceedf6a1bb29961f2328af1d5171f68f761751bb240b7ec5769fb12f9571f5,0.9956586360931396,predict_proba,9eb1905b0d2d4dff99236976201e564cbe25ee258ba901ad38107c5c6b5846f0,True,True
R0123,GG0017,CVB0007,REF0013,3,2,XGBoost,34ceedf6a1bb29961f2328af1d5171f68f761751bb240b7ec5769fb12f9571f5,0.08957153558731079,predict_proba,9eb1905b0d2d4dff99236976201e564cbe25ee258ba901ad38107c5c6b5846f0,False,True
R0124,GG0017,CVB0007,REF0013,3,2,XGBoost,34ceedf6a1bb29961f2328af1d5171f68f761751bb240b7ec5769fb12f9571f5,0.10751423239707947,predict_proba,9eb1905b0d2d4dff99236976201e564cbe25ee258ba901ad38107c5c6b5846f0,False,True
R0125,GG0017,CVB0007,REF0013,3,2,XGBoost,34ceedf6a1bb29961f2328af1d5171f68f761751bb240b7ec5769fb12f9571f5,0.03433387726545334,predict_proba,9eb1905b0d2d4dff99236976201e564cbe25ee258ba901ad38107c5c6b5846f0,False,True
R0126,GG0017,CVB0007,REF0013,3,2,XGBoost,34ceedf6a1bb29961f2328af1d5171f68f761751bb240b7ec5769fb12f9571f5,0.0016095725586637855,predict_proba,9eb1905b0d2d4dff99236976201e564cbe25ee258ba901ad38107c5c6b5846f0,False,True
R0127,GG0017,CVB0007,REF0013,3,2,XGBoost,34ceedf6a1bb29961f2328af1d5171f68f761751bb240b7ec5769fb12f9571f5,0.0017101932317018509,predict_proba,9eb1905b0d2d4dff99236976201e564cbe25ee258ba901ad38107c5c6b5846f0,False,True
R0128,GG0017,CVB0007,REF0013,3,2,XGBoost,34ceedf6a1bb29961f2328af1d5171f68f761751bb240b7ec5769fb12f9571f5,0.049552977085113525,predict_proba,9eb1905b0d2d4dff99236976201e564cbe25ee258ba901ad38107c5c6b5846f0,False,True
R0199,GG0033,CVB0030,REF0021,3,2,XGBoost,34ceedf6a1bb29961f2328af1d5171f68f761751bb240b7ec5769fb12f9571f5,0.14258551597595215,predict_proba,9eb1905b0d2d4dff99236976201e564cbe25ee258ba901ad38107c5c6b5846f0,False,True
R0200,GG0033,CVB0030,REF0021,3,2,XGBoost,34ceedf6a1bb29961f2328af1d5171f68f761751bb240b7ec5769fb12f9571f5,0.4650467038154602,predict_proba,9eb1905b0d2d4dff99236976201e564cbe25ee258ba901ad38107c5c6b5846f0,False,True
R0201,GG0033,CVB0030,REF0021,3,2,XGBoost,34ceedf6a1bb29961f2328af1d5171f68f761751bb240b7ec5769fb12f9571f5,0.3038310110569,predict_proba,9eb1905b0d2d4dff99236976201e564cbe25ee258ba901ad38107c5c6b5846f0,False,True
R0202,GG0033,CVB0030,REF0021,3,2,XGBoost,34ceedf6a1bb29961f2328af1d5171f68f761751bb240b7ec5769fb12f9571f5,0.11262786388397217,predict_proba,9eb1905b0d2d4dff99236976201e564cbe25ee258ba901ad38107c5c6b5846f0,False,True
R0203,GG0033,CVB0030,REF0021,3,2,XGBoost,34ceedf6a1bb29961f2328af1d5171f68f761751bb240b7ec5769fb12f9571f5,0.09504212439060211,predict_proba,9eb1905b0d2d4dff99236976201e564cbe25ee258ba901ad38107c5c6b5846f0,False,True
R0204,GG0033,CVB0030,REF0021,3,2,XGBoost,34ceedf6a1bb29961f2328af1d5171f68f761751bb240b7ec5769fb12f9571f5,0.017319941893219948,predict_proba,9eb1905b0d2d4dff99236976201e564cbe25ee258ba901ad38107c5c6b5846f0,False,True
R0205,GG0033,CVB0030,REF0021,3,2,XGBoost,34ceedf6a1bb29961f2328af1d5171f68f761751bb240b7ec5769fb12f9571f5,0.5967808961868286,predict_proba,9eb1905b0d2d4dff99236976201e564cbe25ee258ba901ad38107c5c6b5846f0,False,True
R0206,GG0033,CVB0030,REF0021,3,2,XGBoost,34ceedf6a1bb29961f2328af1d5171f68f761751bb240b7ec5769fb12f9571f5,0.9170589447021484,predict_proba,9eb1905b0d2d4dff99236976201e564cbe25ee258ba901ad38107c5c6b5846f0,False,True
R0207,GG0033,CVB0030,REF0021,3,2,XGBoost,34ceedf6a1bb29961f2328af1d5171f68f761751bb240b7ec5769fb12f9571f5,0.0006777217495255172,predict_proba,9eb1905b0d2d4dff99236976201e564cbe25ee258ba901ad38107c5c6b5846f0,False,True
R0208,GG0033,CVB0030,REF0021,3,2,XGBoost,34ceedf6a1bb29961f2328af1d5171f68f761751bb240b7ec5769fb12f9571f5,0.0009880728321149945,predict_proba,9eb1905b0d2d4dff99236976201e564cbe25ee258ba901ad38107c5c6b5846f0,False,True
R0209,GG0033,CVB0030,REF0021,3,2,XGBoost,34ceedf6a1bb29961f2328af1d5171f68f761751bb240b7ec5769fb12f9571f5,0.00015648439875803888,predict_proba,9eb1905b0d2d4dff99236976201e564cbe25ee258ba901ad38107c5c6b5846f0,False,True
R0210,GG0033,CVB0030,REF0021,3,2,XGBoost,34ceedf6a1bb29961f2328af1d5171f68f761751bb240b7ec5769fb12f9571f5,0.007943880744278431,predict_proba,9eb1905b0d2d4dff99236976201e564cbe25ee258ba901ad38107c5c6b5846f0,False,True
R0211,GG0033,CVB0030,REF0021,3,2,XGBoost,34ceedf6a1bb29961f2328af1d5171f68f761751bb240b7ec5769fb12f9571f5,0.0036185812205076218,predict_proba,9eb1905b0d2d4dff99236976201e564cbe25ee258ba901ad38107c5c6b5846f0,False,True
R0212,GG0033,CVB0030,REF0021,3,2,XGBoost,34ceedf6a1bb29961f2328af1d5171f68f761751bb240b7ec5769fb12f9571f5,0.011269526556134224,predict_proba,9eb1905b0d2d4dff99236976201e564cbe25ee258ba901ad38107c5c6b5846f0,False,True
R0213,GG0033,CVB0030,REF0022,3,2,XGBoost,34ceedf6a1bb29961f2328af1d5171f68f761751bb240b7ec5769fb12f9571f5,0.013960541225969791,predict_proba,9eb1905b0d2d4dff99236976201e564cbe25ee258ba901ad38107c5c6b5846f0,False,True
R0214,GG0033,CVB0030,REF0022,3,2,XGBoost,34ceedf6a1bb29961f2328af1d5171f68f761751bb240b7ec5769fb12f9571f5,0.5280885100364685,predict_proba,9eb1905b0d2d4dff99236976201e564cbe25ee258ba901ad38107c5c6b5846f0,False,True
R0215,GG0033,CVB0030,REF0022,3,2,XGBoost,34ceedf6a1bb29961f2328af1d5171f68f761751bb240b7ec5769fb12f9571f5,0.1747630387544632,predict_proba,9eb1905b0d2d4dff99236976201e564cbe25ee258ba901ad38107c5c6b5846f0,False,True
R0360,GG0021,CVB0010,REF0036,3,2,XGBoost,34ceedf6a1bb29961f2328af1d5171f68f761751bb240b7ec5769fb12f9571f5,0.17715898156166077,predict_proba,9eb1905b0d2d4dff99236976201e564cbe25ee258ba901ad38107c5c6b5846f0,True,True
R0361,GG0021,CVB0010,REF0036,3,2,XGBoost,34ceedf6a1bb29961f2328af1d5171f68f761751bb240b7ec5769fb12f9571f5,0.043761592358350754,predict_proba,9eb1905b0d2d4dff99236976201e564cbe25ee258ba901ad38107c5c6b5846f0,True,True
R0362,GG0021,CVB0010,REF0036,3,2,XGBoost,34ceedf6a1bb29961f2328af1d5171f68f761751bb240b7ec5769fb12f9571f5,0.10613831877708435,predict_proba,9eb1905b0d2d4dff99236976201e564cbe25ee258ba901ad38107c5c6b5846f0,True,True
R0363,GG0021,CVB0010,REF0036,3,2,XGBoost,34ceedf6a1bb29961f2328af1d5171f68f761751bb240b7ec5769fb12f9571f5,0.9467731714248657,predict_proba,9eb1905b0d2d4dff99236976201e564cbe25ee258ba901ad38107c5c6b5846f0,True,True
R0364,GG0021,CVB0010,REF0036,3,2,XGBoost,34ceedf6a1bb29961f2328af1d5171f68f761751bb240b7ec5769fb12f9571f5,0.8674435019493103,predict_proba,9eb1905b0d2d4dff99236976201e564cbe25ee258ba901ad38107c5c6b5846f0,True,True
R0365,GG0021,CVB0010,REF0036,3,2,XGBoost,34ceedf6a1bb29961f2328af1d5171f68f761751bb240b7ec5769fb12f9571f5,0.7135347127914429,predict_proba,9eb1905b0d2d4dff99236976201e564cbe25ee258ba901ad38107c5c6b5846f0,True,True
R0366,GG0021,CVB0010,REF0036,3,2,XGBoost,34ceedf6a1bb29961f2328af1d5171f68f761751bb240b7ec5769fb12f9571f5,0.6452105641365051,predict_proba,9eb1905b0d2d4dff99236976201e564cbe25ee258ba901ad38107c5c6b5846f0,True,True
R0367,GG0021,CVB0010,REF0036,3,2,XGBoost,34ceedf6a1bb29961f2328af1d5171f68f761751bb240b7ec5769fb12f9571f5,0.4743919372558594,predict_proba,9eb1905b0d2d4dff99236976201e564cbe25ee258ba901ad38107c5c6b5846f0,True,True
R0368,GG0021,CVB0010,REF0036,3,2,XGBoost,34ceedf6a1bb29961f2328af1d5171f68f761751bb240b7ec5769fb12f9571f5,0.9959625601768494,predict_proba,9eb1905b0d2d4dff99236976201e564cbe25ee258ba901ad38107c5c6b5846f0,True,True
R0369,GG0021,CVB0010,REF0036,3,2,XGBoost,34ceedf6a1bb29961f2328af1d5171f68f761751bb240b7ec5769fb12f9571f5,0.9898478388786316,predict_proba,9eb1905b0d2d4dff99236976201e564cbe25ee258ba901ad38107c5c6b5846f0,True,True
R0457,GG0021,CVB0010,REF0042,3,2,XGBoost,34ceedf6a1bb29961f2328af1d5171f68f761751bb240b7ec5769fb12f9571f5,0.8787262439727783,predict_proba,9eb1905b0d2d4dff99236976201e564cbe25ee258ba901ad38107c5c6b5846f0,True,True
R0458,GG0021,CVB0010,REF0042,3,2,XGBoost,34ceedf6a1bb29961f2328af1d5171f68f761751bb240b7ec5769fb12f9571f5,0.08722803741693497,predict_proba,9eb1905b0d2d4dff99236976201e564cbe25ee258ba901ad38107c5c6b5846f0,True,True
R0459,GG0021,CVB0010,REF0042,3,2,XGBoost,34ceedf6a1bb29961f2328af1d5171f68f761751bb240b7ec5769fb12f9571f5,0.18292561173439026,predict_proba,9eb1905b0d2d4dff99236976201e564cbe25ee258ba901ad38107c5c6b5846f0,True,True
R0460,GG0021,CVB0010,REF0042,3,2,XGBoost,34ceedf6a1bb29961f2328af1d5171f68f761751bb240b7ec5769fb12f9571f5,0.9692670702934265,predict_proba,9eb1905b0d2d4dff99236976201e564cbe25ee258ba901ad38107c5c6b5846f0,True,True
R0461,GG0021,CVB0010,REF0042,3,2,XGBoost,34ceedf6a1bb29961f2328af1d5171f68f761751bb240b7ec5769fb12f9571f5,0.8372214436531067,predict_proba,9eb1905b0d2d4dff99236976201e564cbe25ee258ba901ad38107c5c6b5846f0,True,True
R0462,GG0021,CVB0010,REF0042,3,2,XGBoost,34ceedf6a1bb29961f2328af1d5171f68f761751bb240b7ec5769fb12f9571f5,0.8793584108352661,predict_proba,9eb1905b0d2d4dff99236976201e564cbe25ee258ba901ad38107c5c6b5846f0,True,True
R0463,GG0021,CVB0010,REF0042,3,2,XGBoost,34ceedf6a1bb29961f2328af1d5171f68f761751bb240b7ec5769fb12f9571f5,0.14912189543247223,predict_proba,9eb1905b0d2d4dff99236976201e564cbe25ee258ba901ad38107c5c6b5846f0,True,True
R0464,GG0021,CVB0010,REF0042,3,2,XGBoost,34ceedf6a1bb29961f2328af1d5171f68f761751bb240b7ec5769fb12f9571f5,0.032041292637586594,predict_proba,9eb1905b0d2d4dff99236976201e564cbe25ee258ba901ad38107c5c6b5846f0,True,True
R0465,GG0021,CVB0010,REF0042,3,2,XGBoost,34ceedf6a1bb29961f2328af1d5171f68f761751bb240b7ec5769fb12f9571f5,0.14327827095985413,predict_proba,9eb1905b0d2d4dff99236976201e564cbe25ee258ba901ad38107c5c6b5846f0,True,True
R0466,GG0021,CVB0010,REF0042,3,2,XGBoost,34ceedf6a1bb29961f2328af1d5171f68f761751bb240b7ec5769fb12f9571f5,0.13196726143360138,predict_proba,9eb1905b0d2d4dff99236976201e564cbe25ee258ba901ad38107c5c6b5846f0,True,True
R0467,GG0021,CVB0010,REF0042,3,2,XGBoost,34ceedf6a1bb29961f2328af1d5171f68f761751bb240b7ec5769fb12f9571f5,0.03033309429883957,predict_proba,9eb1905b0d2d4dff99236976201e564cbe25ee258ba901ad38107c5c6b5846f0,True,True
R0468,GG0021,CVB0010,REF0042,3,2,XGBoost,34ceedf6a1bb29961f2328af1d5171f68f761751bb240b7ec5769fb12f9571f5,0.9835991859436035,predict_proba,9eb1905b0d2d4dff99236976201e564cbe25ee258ba901ad38107c5c6b5846f0,True,True
R0469,GG0021,CVB0010,REF0042,3,2,XGBoost,34ceedf6a1bb29961f2328af1d5171f68f761751bb240b7ec5769fb12f9571f5,0.12423127889633179,predict_proba,9eb1905b0d2d4dff99236976201e564cbe25ee258ba901ad38107c5c6b5846f0,True,True
R0470,GG0021,CVB0010,REF0042,3,2,XGBoost,34ceedf6a1bb29961f2328af1d5171f68f761751bb240b7ec5769fb12f9571f5,0.003971839789301157,predict_proba,9eb1905b0d2d4dff99236976201e564cbe25ee258ba901ad38107c5c6b5846f0,True,True
R0471,GG0021,CVB0010,REF0042,3,2,XGBoost,34ceedf6a1bb29961f2328af1d5171f68f761751bb240b7ec5769fb12f9571f5,0.007004159968346357,predict_proba,9eb1905b0d2d4dff99236976201e564cbe25ee258ba901ad38107c5c6b5846f0,True,True
R0472,GG0021,CVB0010,REF0042,3,2,XGBoost,34ceedf6a1bb29961f2328af1d5171f68f761751bb240b7ec5769fb12f9571f5,0.04874005913734436,predict_proba,9eb1905b0d2d4dff99236976201e564cbe25ee258ba901ad38107c5c6b5846f0,True,True
R0473,GG0021,CVB0010,REF0042,3,2,XGBoost,34ceedf6a1bb29961f2328af1d5171f68f761751bb240b7ec5769fb12f9571f5,0.01287449337542057,predict_proba,9eb1905b0d2d4dff99236976201e564cbe25ee258ba901ad38107c5c6b5846f0,True,True
R0474,GG0021,CVB0010,REF0042,3,2,XGBoost,34ceedf6a1bb29961f2328af1d5171f68f761751bb240b7ec5769fb12f9571f5,0.13159582018852234,predict_proba,9eb1905b0d2d4dff99236976201e564cbe25ee258ba901ad38107c5c6b5846f0,True,True
R0475,GG0021,CVB0010,REF0042,3,2,XGBoost,34ceedf6a1bb29961f2328af1d5171f68f761751bb240b7ec5769fb12f9571f5,0.006288948468863964,predict_proba,9eb1905b0d2d4dff99236976201e564cbe25ee258ba901ad38107c5c6b5846f0,True,True
R0476,GG0021,CVB0010,REF0042,3,2,XGBoost,34ceedf6a1bb29961f2328af1d5171f68f761751bb240b7ec5769fb12f9571f5,0.5484990477561951,predict_proba,9eb1905b0d2d4dff99236976201e564cbe25ee258ba901ad38107c5c6b5846f0,True,True
R0477,GG0021,CVB0010,REF0042,3,2,XGBoost,34ceedf6a1bb29961f2328af1d5171f68f761751bb240b7ec5769fb12f9571f5,0.10886351764202118,predict_proba,9eb1905b0d2d4dff99236976201e564cbe25ee258ba901ad38107c5c6b5846f0,True,True
R0478,GG0021,CVB0010,REF0043,3,2,XGBoost,34ceedf6a1bb29961f2328af1d5171f68f761751bb240b7ec5769fb12f9571f5,0.9534922242164612,predict_proba,9eb1905b0d2d4dff99236976201e564cbe25ee258ba901ad38107c5c6b5846f0,True,True
R0479,GG0021,CVB0010,REF0043,3,2,XGBoost,34ceedf6a1bb29961f2328af1d5171f68f761751bb240b7ec5769fb12f9571f5,0.9408911466598511,predict_proba,9eb1905b0d2d4dff99236976201e564cbe25ee258ba901ad38107c5c6b5846f0,True,True
R0480,GG0021,CVB0010,REF0043,3,2,XGBoost,34ceedf6a1bb29961f2328af1d5171f68f761751bb240b7ec5769fb12f9571f5,0.5180975794792175,predict_proba,9eb1905b0d2d4dff99236976201e564cbe25ee258ba901ad38107c5c6b5846f0,True,True
R0481,GG0021,CVB0010,REF0043,3,2,XGBoost,34ceedf6a1bb29961f2328af1d5171f68f761751bb240b7ec5769fb12f9571f5,0.9292711615562439,predict_proba,9eb1905b0d2d4dff99236976201e564cbe25ee258ba901ad38107c5c6b5846f0,True,True
R0482,GG0021,CVB0010,REF0043,3,2,XGBoost,34ceedf6a1bb29961f2328af1d5171f68f761751bb240b7ec5769fb12f9571f5,0.783994734287262,predict_proba,9eb1905b0d2d4dff99236976201e564cbe25ee258ba901ad38107c5c6b5846f0,True,True
R0483,GG0021,CVB0010,REF0043,3,2,XGBoost,34ceedf6a1bb29961f2328af1d5171f68f761751bb240b7ec5769fb12f9571f5,0.9192737936973572,predict_proba,9eb1905b0d2d4dff99236976201e564cbe25ee258ba901ad38107c5c6b5846f0,True,True
R0484,GG0021,CVB0010,REF0043,3,2,XGBoost,34ceedf6a1bb29961f2328af1d5171f68f761751bb240b7ec5769fb12f9571f5,0.6477208733558655,predict_proba,9eb1905b0d2d4dff99236976201e564cbe25ee258ba901ad38107c5c6b5846f0,True,True
R0485,GG0021,CVB0010,REF0043,3,2,XGBoost,34ceedf6a1bb29961f2328af1d5171f68f761751bb240b7ec5769fb12f9571f5,0.9287840723991394,predict_proba,9eb1905b0d2d4dff99236976201e564cbe25ee258ba901ad38107c5c6b5846f0,True,True
R0486,GG0021,CVB0010,REF0043,3,2,XGBoost,34ceedf6a1bb29961f2328af1d5171f68f761751bb240b7ec5769fb12f9571f5,0.9846333861351013,predict_proba,9eb1905b0d2d4dff99236976201e564cbe25ee258ba901ad38107c5c6b5846f0,True,True
R0487,GG0021,CVB0010,REF0043,3,2,XGBoost,34ceedf6a1bb29961f2328af1d5171f68f761751bb240b7ec5769fb12f9571f5,0.9825369715690613,predict_proba,9eb1905b0d2d4dff99236976201e564cbe25ee258ba901ad38107c5c6b5846f0,True,True
R0488,GG0021,CVB0010,REF0043,3,2,XGBoost,34ceedf6a1bb29961f2328af1d5171f68f761751bb240b7ec5769fb12f9571f5,0.8659131526947021,predict_proba,9eb1905b0d2d4dff99236976201e564cbe25ee258ba901ad38107c5c6b5846f0,True,True
R0489,GG0021,CVB0010,REF0043,3,2,XGBoost,34ceedf6a1bb29961f2328af1d5171f68f761751bb240b7ec5769fb12f9571f5,0.9979885816574097,predict_proba,9eb1905b0d2d4dff99236976201e564cbe25ee258ba901ad38107c5c6b5846f0,True,True
R0490,GG0021,CVB0010,REF0043,3,2,XGBoost,34ceedf6a1bb29961f2328af1d5171f68f761751bb240b7ec5769fb12f9571f5,0.020415714010596275,predict_proba,9eb1905b0d2d4dff99236976201e564cbe25ee258ba901ad38107c5c6b5846f0,True,True
R0491,GG0021,CVB0010,REF0043,3,2,XGBoost,34ceedf6a1bb29961f2328af1d5171f68f761751bb240b7ec5769fb12f9571f5,0.9975998997688293,predict_proba,9eb1905b0d2d4dff99236976201e564cbe25ee258ba901ad38107c5c6b5846f0,True,True
R0492,GG0021,CVB0010,REF0043,3,2,XGBoost,34ceedf6a1bb29961f2328af1d5171f68f761751bb240b7ec5769fb12f9571f5,0.9985311031341553,predict_proba,9eb1905b0d2d4dff99236976201e564cbe25ee258ba901ad38107c5c6b5846f0,True,True
R0493,GG0021,CVB0010,REF0043,3,2,XGBoost,34ceedf6a1bb29961f2328af1d5171f68f761751bb240b7ec5769fb12f9571f5,0.9880548119544983,predict_proba,9eb1905b0d2d4dff99236976201e564cbe25ee258ba901ad38107c5c6b5846f0,True,True
R0494,GG0021,CVB0010,REF0043,3,2,XGBoost,34ceedf6a1bb29961f2328af1d5171f68f761751bb240b7ec5769fb12f9571f5,0.995541512966156,predict_proba,9eb1905b0d2d4dff99236976201e564cbe25ee258ba901ad38107c5c6b5846f0,True,True
R0495,GG0021,CVB0010,REF0043,3,2,XGBoost,34ceedf6a1bb29961f2328af1d5171f68f761751bb240b7ec5769fb12f9571f5,0.9873902797698975,predict_proba,9eb1905b0d2d4dff99236976201e564cbe25ee258ba901ad38107c5c6b5846f0,True,True
R0496,GG0021,CVB0010,REF0043,3,2,XGBoost,34ceedf6a1bb29961f2328af1d5171f68f761751bb240b7ec5769fb12f9571f5,0.995479941368103,predict_proba,9eb1905b0d2d4dff99236976201e564cbe25ee258ba901ad38107c5c6b5846f0,True,True
R0603,GG0033,CVB0030,REF0051,3,2,XGBoost,34ceedf6a1bb29961f2328af1d5171f68f761751bb240b7ec5769fb12f9571f5,0.5270646810531616,predict_proba,9eb1905b0d2d4dff99236976201e564cbe25ee258ba901ad38107c5c6b5846f0,False,True
R0604,GG0033,CVB0030,REF0051,3,2,XGBoost,34ceedf6a1bb29961f2328af1d5171f68f761751bb240b7ec5769fb12f9571f5,0.0899542048573494,predict_proba,9eb1905b0d2d4dff99236976201e564cbe25ee258ba901ad38107c5c6b5846f0,False,True
R0605,GG0033,CVB0030,REF0051,3,2,XGBoost,34ceedf6a1bb29961f2328af1d5171f68f761751bb240b7ec5769fb12f9571f5,0.10845580697059631,predict_proba,9eb1905b0d2d4dff99236976201e564cbe25ee258ba901ad38107c5c6b5846f0,False,True
R0606,GG0033,CVB0030,REF0051,3,2,XGBoost,34ceedf6a1bb29961f2328af1d5171f68f761751bb240b7ec5769fb12f9571f5,0.006141030695289373,predict_proba,9eb1905b0d2d4dff99236976201e564cbe25ee258ba901ad38107c5c6b5846f0,False,True
R0607,GG0033,CVB0030,REF0051,3,2,XGBoost,34ceedf6a1bb29961f2328af1d5171f68f761751bb240b7ec5769fb12f9571f5,0.30336350202560425,predict_proba,9eb1905b0d2d4dff99236976201e564cbe25ee258ba901ad38107c5c6b5846f0,False,True
R0608,GG0033,CVB0030,REF0051,3,2,XGBoost,34ceedf6a1bb29961f2328af1d5171f68f761751bb240b7ec5769fb12f9571f5,0.5666012167930603,predict_proba,9eb1905b0d2d4dff99236976201e564cbe25ee258ba901ad38107c5c6b5846f0,False,True
R0609,GG0033,CVB0030,REF0051,3,2,XGBoost,34ceedf6a1bb29961f2328af1d5171f68f761751bb240b7ec5769fb12f9571f5,0.60575270652771,predict_proba,9eb1905b0d2d4dff99236976201e564cbe25ee258ba901ad38107c5c6b5846f0,False,True
R0610,GG0033,CVB0030,REF0051,3,2,XGBoost,34ceedf6a1bb29961f2328af1d5171f68f761751bb240b7ec5769fb12f9571f5,0.7566128969192505,predict_proba,9eb1905b0d2d4dff99236976201e564cbe25ee258ba901ad38107c5c6b5846f0,False,True
R0611,GG0033,CVB0030,REF0051,3,2,XGBoost,34ceedf6a1bb29961f2328af1d5171f68f761751bb240b7ec5769fb12f9571f5,0.9309871792793274,predict_proba,9eb1905b0d2d4dff99236976201e564cbe25ee258ba901ad38107c5c6b5846f0,False,True
R0612,GG0033,CVB0030,REF0051,3,2,XGBoost,34ceedf6a1bb29961f2328af1d5171f68f761751bb240b7ec5769fb12f9571f5,0.19429557025432587,predict_proba,9eb1905b0d2d4dff99236976201e564cbe25ee258ba901ad38107c5c6b5846f0,False,True
R0613,GG0033,CVB0030,REF0051,3,2,XGBoost,34ceedf6a1bb29961f2328af1d5171f68f761751bb240b7ec5769fb12f9571f5,0.056150566786527634,predict_proba,9eb1905b0d2d4dff99236976201e564cbe25ee258ba901ad38107c5c6b5846f0,False,True
R0614,GG0033,CVB0030,REF0051,3,2,XGBoost,34ceedf6a1bb29961f2328af1d5171f68f761751bb240b7ec5769fb12f9571f5,0.11745313555002213,predict_proba,9eb1905b0d2d4dff99236976201e564cbe25ee258ba901ad38107c5c6b5846f0,False,True
R0615,GG0033,CVB0030,REF0051,3,2,XGBoost,34ceedf6a1bb29961f2328af1d5171f68f761751bb240b7ec5769fb12f9571f5,0.10855650156736374,predict_proba,9eb1905b0d2d4dff99236976201e564cbe25ee258ba901ad38107c5c6b5846f0,False,True
R0616,GG0033,CVB0030,REF0051,3,2,XGBoost,34ceedf6a1bb29961f2328af1d5171f68f761751bb240b7ec5769fb12f9571f5,0.051980070769786835,predict_proba,9eb1905b0d2d4dff99236976201e564cbe25ee258ba901ad38107c5c6b5846f0,False,True
R0617,GG0033,CVB0030,REF0051,3,2,XGBoost,34ceedf6a1bb29961f2328af1d5171f68f761751bb240b7ec5769fb12f9571f5,0.1185297742486,predict_proba,9eb1905b0d2d4dff99236976201e564cbe25ee258ba901ad38107c5c6b5846f0,False,True
R0618,GG0033,CVB0030,REF0051,3,2,XGBoost,34ceedf6a1bb29961f2328af1d5171f68f761751bb240b7ec5769fb12f9571f5,0.07826851308345795,predict_proba,9eb1905b0d2d4dff99236976201e564cbe25ee258ba901ad38107c5c6b5846f0,False,True
R0619,GG0033,CVB0030,REF0051,3,2,XGBoost,34ceedf6a1bb29961f2328af1d5171f68f761751bb240b7ec5769fb12f9571f5,0.10397352278232574,predict_proba,9eb1905b0d2d4dff99236976201e564cbe25ee258ba901ad38107c5c6b5846f0,False,True
R0620,GG0033,CVB0030,REF0051,3,2,XGBoost,34ceedf6a1bb29961f2328af1d5171f68f761751bb240b7ec5769fb12f9571f5,0.2536616027355194,predict_proba,9eb1905b0d2d4dff99236976201e564cbe25ee258ba901ad38107c5c6b5846f0,False,True
R0621,GG0033,CVB0030,REF0051,3,2,XGBoost,34ceedf6a1bb29961f2328af1d5171f68f761751bb240b7ec5769fb12f9571f5,0.03096707910299301,predict_proba,9eb1905b0d2d4dff99236976201e564cbe25ee258ba901ad38107c5c6b5846f0,False,True
R0622,GG0033,CVB0030,REF0051,3,2,XGBoost,34ceedf6a1bb29961f2328af1d5171f68f761751bb240b7ec5769fb12f9571f5,0.12257561087608337,predict_proba,9eb1905b0d2d4dff99236976201e564cbe25ee258ba901ad38107c5c6b5846f0,False,True
R0623,GG0033,CVB0030,REF0051,3,2,XGBoost,34ceedf6a1bb29961f2328af1d5171f68f761751bb240b7ec5769fb12f9571f5,0.05495390295982361,predict_proba,9eb1905b0d2d4dff99236976201e564cbe25ee258ba901ad38107c5c6b5846f0,False,True
R0624,GG0033,CVB0030,REF0051,3,2,XGBoost,34ceedf6a1bb29961f2328af1d5171f68f761751bb240b7ec5769fb12f9571f5,0.19270837306976318,predict_proba,9eb1905b0d2d4dff99236976201e564cbe25ee258ba901ad38107c5c6b5846f0,False,True
R0625,GG0033,CVB0030,REF0051,3,2,XGBoost,34ceedf6a1bb29961f2328af1d5171f68f761751bb240b7ec5769fb12f9571f5,0.05245830863714218,predict_proba,9eb1905b0d2d4dff99236976201e564cbe25ee258ba901ad38107c5c6b5846f0,False,True
R0626,GG0033,CVB0030,REF0051,3,2,XGBoost,34ceedf6a1bb29961f2328af1d5171f68f761751bb240b7ec5769fb12f9571f5,0.015322850085794926,predict_proba,9eb1905b0d2d4dff99236976201e564cbe25ee258ba901ad38107c5c6b5846f0,False,True
R0627,GG0033,CVB0030,REF0051,3,2,XGBoost,34ceedf6a1bb29961f2328af1d5171f68f761751bb240b7ec5769fb12f9571f5,0.2376815229654312,predict_proba,9eb1905b0d2d4dff99236976201e564cbe25ee258ba901ad38107c5c6b5846f0,False,True
R0737,GG0021,CVB0010,REF0057,3,2,XGBoost,34ceedf6a1bb29961f2328af1d5171f68f761751bb240b7ec5769fb12f9571f5,0.07384020835161209,predict_proba,9eb1905b0d2d4dff99236976201e564cbe25ee258ba901ad38107c5c6b5846f0,True,True
R0738,GG0021,CVB0010,REF0057,3,2,XGBoost,34ceedf6a1bb29961f2328af1d5171f68f761751bb240b7ec5769fb12f9571f5,0.43422549962997437,predict_proba,9eb1905b0d2d4dff99236976201e564cbe25ee258ba901ad38107c5c6b5846f0,True,True
R0739,GG0021,CVB0010,REF0057,3,2,XGBoost,34ceedf6a1bb29961f2328af1d5171f68f761751bb240b7ec5769fb12f9571f5,0.7640483379364014,predict_proba,9eb1905b0d2d4dff99236976201e564cbe25ee258ba901ad38107c5c6b5846f0,True,True
R0740,GG0021,CVB0010,REF0057,3,2,XGBoost,34ceedf6a1bb29961f2328af1d5171f68f761751bb240b7ec5769fb12f9571f5,0.8631055951118469,predict_proba,9eb1905b0d2d4dff99236976201e564cbe25ee258ba901ad38107c5c6b5846f0,True,True
R0741,GG0021,CVB0010,REF0057,3,2,XGBoost,34ceedf6a1bb29961f2328af1d5171f68f761751bb240b7ec5769fb12f9571f5,0.96588534116745,predict_proba,9eb1905b0d2d4dff99236976201e564cbe25ee258ba901ad38107c5c6b5846f0,True,True
R0742,GG0021,CVB0010,REF0057,3,2,XGBoost,34ceedf6a1bb29961f2328af1d5171f68f761751bb240b7ec5769fb12f9571f5,0.9488849639892578,predict_proba,9eb1905b0d2d4dff99236976201e564cbe25ee258ba901ad38107c5c6b5846f0,True,True
R0743,GG0021,CVB0010,REF0057,3,2,XGBoost,34ceedf6a1bb29961f2328af1d5171f68f761751bb240b7ec5769fb12f9571f5,0.9831476211547852,predict_proba,9eb1905b0d2d4dff99236976201e564cbe25ee258ba901ad38107c5c6b5846f0,True,True
R0744,GG0021,CVB0010,REF0057,3,2,XGBoost,34ceedf6a1bb29961f2328af1d5171f68f761751bb240b7ec5769fb12f9571f5,0.8432968854904175,predict_proba,9eb1905b0d2d4dff99236976201e564cbe25ee258ba901ad38107c5c6b5846f0,True,True
R0745,GG0021,CVB0010,REF0058,3,2,XGBoost,34ceedf6a1bb29961f2328af1d5171f68f761751bb240b7ec5769fb12f9571f5,0.01745135337114334,predict_proba,9eb1905b0d2d4dff99236976201e564cbe25ee258ba901ad38107c5c6b5846f0,True,True
R0746,GG0021,CVB0010,REF0058,3,2,XGBoost,34ceedf6a1bb29961f2328af1d5171f68f761751bb240b7ec5769fb12f9571f5,0.0005459251115098596,predict_proba,9eb1905b0d2d4dff99236976201e564cbe25ee258ba901ad38107c5c6b5846f0,True,True
R0747,GG0021,CVB0010,REF0058,3,2,XGBoost,34ceedf6a1bb29961f2328af1d5171f68f761751bb240b7ec5769fb12f9571f5,0.0009306631982326508,predict_proba,9eb1905b0d2d4dff99236976201e564cbe25ee258ba901ad38107c5c6b5846f0,True,True
R0748,GG0021,CVB0010,REF0058,3,2,XGBoost,34ceedf6a1bb29961f2328af1d5171f68f761751bb240b7ec5769fb12f9571f5,0.05071962997317314,predict_proba,9eb1905b0d2d4dff99236976201e564cbe25ee258ba901ad38107c5c6b5846f0,True,True
R0754,GG0021,CVB0010,REF0059,3,2,XGBoost,34ceedf6a1bb29961f2328af1d5171f68f761751bb240b7ec5769fb12f9571f5,0.9799476861953735,predict_proba,9eb1905b0d2d4dff99236976201e564cbe25ee258ba901ad38107c5c6b5846f0,True,True
R0755,GG0021,CVB0010,REF0059,3,2,XGBoost,34ceedf6a1bb29961f2328af1d5171f68f761751bb240b7ec5769fb12f9571f5,0.8106998205184937,predict_proba,9eb1905b0d2d4dff99236976201e564cbe25ee258ba901ad38107c5c6b5846f0,True,True
R0756,GG0021,CVB0010,REF0059,3,2,XGBoost,34ceedf6a1bb29961f2328af1d5171f68f761751bb240b7ec5769fb12f9571f5,0.9466336965560913,predict_proba,9eb1905b0d2d4dff99236976201e564cbe25ee258ba901ad38107c5c6b5846f0,True,True
R0757,GG0021,CVB0010,REF0059,3,2,XGBoost,34ceedf6a1bb29961f2328af1d5171f68f761751bb240b7ec5769fb12f9571f5,0.9876712560653687,predict_proba,9eb1905b0d2d4dff99236976201e564cbe25ee258ba901ad38107c5c6b5846f0,True,True
R0846,GG0033,CVB0030,REF0069,3,2,XGBoost,34ceedf6a1bb29961f2328af1d5171f68f761751bb240b7ec5769fb12f9571f5,0.9425985813140869,predict_proba,9eb1905b0d2d4dff99236976201e564cbe25ee258ba901ad38107c5c6b5846f0,False,True
R0847,GG0033,CVB0030,REF0069,3,2,XGBoost,34ceedf6a1bb29961f2328af1d5171f68f761751bb240b7ec5769fb12f9571f5,0.9667132496833801,predict_proba,9eb1905b0d2d4dff99236976201e564cbe25ee258ba901ad38107c5c6b5846f0,False,True
R0848,GG0033,CVB0030,REF0069,3,2,XGBoost,34ceedf6a1bb29961f2328af1d5171f68f761751bb240b7ec5769fb12f9571f5,0.3835015892982483,predict_proba,9eb1905b0d2d4dff99236976201e564cbe25ee258ba901ad38107c5c6b5846f0,False,True
R0849,GG0033,CVB0030,REF0069,3,2,XGBoost,34ceedf6a1bb29961f2328af1d5171f68f761751bb240b7ec5769fb12f9571f5,0.9160770177841187,predict_proba,9eb1905b0d2d4dff99236976201e564cbe25ee258ba901ad38107c5c6b5846f0,False,True
R0850,GG0033,CVB0030,REF0069,3,2,XGBoost,34ceedf6a1bb29961f2328af1d5171f68f761751bb240b7ec5769fb12f9571f5,0.8540467619895935,predict_proba,9eb1905b0d2d4dff99236976201e564cbe25ee258ba901ad38107c5c6b5846f0,False,True
R0851,GG0033,CVB0030,REF0069,3,2,XGBoost,34ceedf6a1bb29961f2328af1d5171f68f761751bb240b7ec5769fb12f9571f5,0.8167218565940857,predict_proba,9eb1905b0d2d4dff99236976201e564cbe25ee258ba901ad38107c5c6b5846f0,False,True
R0852,GG0033,CVB0030,REF0069,3,2,XGBoost,34ceedf6a1bb29961f2328af1d5171f68f761751bb240b7ec5769fb12f9571f5,0.9573169946670532,predict_proba,9eb1905b0d2d4dff99236976201e564cbe25ee258ba901ad38107c5c6b5846f0,False,True
R0853,GG0033,CVB0030,REF0069,3,2,XGBoost,34ceedf6a1bb29961f2328af1d5171f68f761751bb240b7ec5769fb12f9571f5,0.9921600222587585,predict_proba,9eb1905b0d2d4dff99236976201e564cbe25ee258ba901ad38107c5c6b5846f0,False,True
R0854,GG0033,CVB0030,REF0069,3,2,XGBoost,34ceedf6a1bb29961f2328af1d5171f68f761751bb240b7ec5769fb12f9571f5,0.9747501015663147,predict_proba,9eb1905b0d2d4dff99236976201e564cbe25ee258ba901ad38107c5c6b5846f0,False,True
R0855,GG0033,CVB0030,REF0069,3,2,XGBoost,34ceedf6a1bb29961f2328af1d5171f68f761751bb240b7ec5769fb12f9571f5,0.09610183537006378,predict_proba,9eb1905b0d2d4dff99236976201e564cbe25ee258ba901ad38107c5c6b5846f0,False,True
R0866,GG0033,CVB0030,REF0071,3,2,XGBoost,34ceedf6a1bb29961f2328af1d5171f68f761751bb240b7ec5769fb12f9571f5,0.0038179364055395126,predict_proba,9eb1905b0d2d4dff99236976201e564cbe25ee258ba901ad38107c5c6b5846f0,False,True
R0867,GG0033,CVB0030,REF0071,3,2,XGBoost,34ceedf6a1bb29961f2328af1d5171f68f761751bb240b7ec5769fb12f9571f5,0.32490211725234985,predict_proba,9eb1905b0d2d4dff99236976201e564cbe25ee258ba901ad38107c5c6b5846f0,False,True
R0870,GG0033,CVB0030,REF0071,3,2,XGBoost,34ceedf6a1bb29961f2328af1d5171f68f761751bb240b7ec5769fb12f9571f5,9.59844546741806e-05,predict_proba,9eb1905b0d2d4dff99236976201e564cbe25ee258ba901ad38107c5c6b5846f0,False,True
R0871,GG0033,CVB0030,REF0071,3,2,XGBoost,34ceedf6a1bb29961f2328af1d5171f68f761751bb240b7ec5769fb12f9571f5,0.00029321317560970783,predict_proba,9eb1905b0d2d4dff99236976201e564cbe25ee258ba901ad38107c5c6b5846f0,False,True
R0872,GG0033,CVB0030,REF0071,3,2,XGBoost,34ceedf6a1bb29961f2328af1d5171f68f761751bb240b7ec5769fb12f9571f5,0.002512298757210374,predict_proba,9eb1905b0d2d4dff99236976201e564cbe25ee258ba901ad38107c5c6b5846f0,False,True
R0873,GG0033,CVB0030,REF0071,3,2,XGBoost,34ceedf6a1bb29961f2328af1d5171f68f761751bb240b7ec5769fb12f9571f5,0.05219085142016411,predict_proba,9eb1905b0d2d4dff99236976201e564cbe25ee258ba901ad38107c5c6b5846f0,False,True
R0874,GG0033,CVB0030,REF0071,3,2,XGBoost,34ceedf6a1bb29961f2328af1d5171f68f761751bb240b7ec5769fb12f9571f5,0.0005653942353092134,predict_proba,9eb1905b0d2d4dff99236976201e564cbe25ee258ba901ad38107c5c6b5846f0,False,True
R0875,GG0033,CVB0030,REF0071,3,2,XGBoost,34ceedf6a1bb29961f2328af1d5171f68f761751bb240b7ec5769fb12f9571f5,0.005152036435902119,predict_proba,9eb1905b0d2d4dff99236976201e564cbe25ee258ba901ad38107c5c6b5846f0,False,True
R0876,GG0033,CVB0030,REF0071,3,2,XGBoost,34ceedf6a1bb29961f2328af1d5171f68f761751bb240b7ec5769fb12f9571f5,0.0005991491489112377,predict_proba,9eb1905b0d2d4dff99236976201e564cbe25ee258ba901ad38107c5c6b5846f0,False,True
R0877,GG0033,CVB0030,REF0071,3,2,XGBoost,34ceedf6a1bb29961f2328af1d5171f68f761751bb240b7ec5769fb12f9571f5,0.43883848190307617,predict_proba,9eb1905b0d2d4dff99236976201e564cbe25ee258ba901ad38107c5c6b5846f0,False,True
R0878,GG0033,CVB0030,REF0071,3,2,XGBoost,34ceedf6a1bb29961f2328af1d5171f68f761751bb240b7ec5769fb12f9571f5,0.5549916625022888,predict_proba,9eb1905b0d2d4dff99236976201e564cbe25ee258ba901ad38107c5c6b5846f0,False,True
R0934,GG0011,CVB0011,REF0077,3,2,XGBoost,34ceedf6a1bb29961f2328af1d5171f68f761751bb240b7ec5769fb12f9571f5,0.6728813052177429,predict_proba,9eb1905b0d2d4dff99236976201e564cbe25ee258ba901ad38107c5c6b5846f0,False,True
R0935,GG0011,CVB0011,REF0077,3,2,XGBoost,34ceedf6a1bb29961f2328af1d5171f68f761751bb240b7ec5769fb12f9571f5,0.9307671785354614,predict_proba,9eb1905b0d2d4dff99236976201e564cbe25ee258ba901ad38107c5c6b5846f0,False,True
R0936,GG0011,CVB0011,REF0077,3,2,XGBoost,34ceedf6a1bb29961f2328af1d5171f68f761751bb240b7ec5769fb12f9571f5,0.8809937834739685,predict_proba,9eb1905b0d2d4dff99236976201e564cbe25ee258ba901ad38107c5c6b5846f0,False,True
R0937,GG0011,CVB0011,REF0077,3,2,XGBoost,34ceedf6a1bb29961f2328af1d5171f68f761751bb240b7ec5769fb12f9571f5,0.9299880862236023,predict_proba,9eb1905b0d2d4dff99236976201e564cbe25ee258ba901ad38107c5c6b5846f0,False,True
R0938,GG0011,CVB0011,REF0077,3,2,XGBoost,34ceedf6a1bb29961f2328af1d5171f68f761751bb240b7ec5769fb12f9571f5,0.6721647381782532,predict_proba,9eb1905b0d2d4dff99236976201e564cbe25ee258ba901ad38107c5c6b5846f0,False,True
R0939,GG0011,CVB0011,REF0077,3,2,XGBoost,34ceedf6a1bb29961f2328af1d5171f68f761751bb240b7ec5769fb12f9571f5,0.966008722782135,predict_proba,9eb1905b0d2d4dff99236976201e564cbe25ee258ba901ad38107c5c6b5846f0,False,True
R0940,GG0011,CVB0011,REF0077,3,2,XGBoost,34ceedf6a1bb29961f2328af1d5171f68f761751bb240b7ec5769fb12f9571f5,0.8906577825546265,predict_proba,9eb1905b0d2d4dff99236976201e564cbe25ee258ba901ad38107c5c6b5846f0,False,True
R0941,GG0011,CVB0011,REF0077,3,2,XGBoost,34ceedf6a1bb29961f2328af1d5171f68f761751bb240b7ec5769fb12f9571f5,0.02227814868092537,predict_proba,9eb1905b0d2d4dff99236976201e564cbe25ee258ba901ad38107c5c6b5846f0,False,True
R0942,GG0011,CVB0011,REF0077,3,2,XGBoost,34ceedf6a1bb29961f2328af1d5171f68f761751bb240b7ec5769fb12f9571f5,0.03723201900720596,predict_proba,9eb1905b0d2d4dff99236976201e564cbe25ee258ba901ad38107c5c6b5846f0,False,True
R0943,GG0011,CVB0011,REF0077,3,2,XGBoost,34ceedf6a1bb29961f2328af1d5171f68f761751bb240b7ec5769fb12f9571f5,0.40485137701034546,predict_proba,9eb1905b0d2d4dff99236976201e564cbe25ee258ba901ad38107c5c6b5846f0,False,True
R1000,GG0022,CVB0019,REF0084,3,2,XGBoost,34ceedf6a1bb29961f2328af1d5171f68f761751bb240b7ec5769fb12f9571f5,0.9687936902046204,predict_proba,9eb1905b0d2d4dff99236976201e564cbe25ee258ba901ad38107c5c6b5846f0,False,True
R1001,GG0022,CVB0019,REF0084,3,2,XGBoost,34ceedf6a1bb29961f2328af1d5171f68f761751bb240b7ec5769fb12f9571f5,0.9952883720397949,predict_proba,9eb1905b0d2d4dff99236976201e564cbe25ee258ba901ad38107c5c6b5846f0,False,True
R1002,GG0022,CVB0019,REF0084,3,2,XGBoost,34ceedf6a1bb29961f2328af1d5171f68f761751bb240b7ec5769fb12f9571f5,0.12206945568323135,predict_proba,9eb1905b0d2d4dff99236976201e564cbe25ee258ba901ad38107c5c6b5846f0,False,True
R1003,GG0022,CVB0019,REF0084,3,2,XGBoost,34ceedf6a1bb29961f2328af1d5171f68f761751bb240b7ec5769fb12f9571f5,0.2294015735387802,predict_proba,9eb1905b0d2d4dff99236976201e564cbe25ee258ba901ad38107c5c6b5846f0,False,True
R1004,GG0022,CVB0019,REF0084,3,2,XGBoost,34ceedf6a1bb29961f2328af1d5171f68f761751bb240b7ec5769fb12f9571f5,0.9946326017379761,predict_proba,9eb1905b0d2d4dff99236976201e564cbe25ee258ba901ad38107c5c6b5846f0,False,True
R1005,GG0022,CVB0019,REF0084,3,2,XGBoost,34ceedf6a1bb29961f2328af1d5171f68f761751bb240b7ec5769fb12f9571f5,0.0008549168123863637,predict_proba,9eb1905b0d2d4dff99236976201e564cbe25ee258ba901ad38107c5c6b5846f0,False,True
R1411,GG0011,CVB0011,REF0110,3,2,XGBoost,34ceedf6a1bb29961f2328af1d5171f68f761751bb240b7ec5769fb12f9571f5,0.002182197291404009,predict_proba,9eb1905b0d2d4dff99236976201e564cbe25ee258ba901ad38107c5c6b5846f0,False,True
R1412,GG0011,CVB0011,REF0110,3,2,XGBoost,34ceedf6a1bb29961f2328af1d5171f68f761751bb240b7ec5769fb12f9571f5,0.006626482121646404,predict_proba,9eb1905b0d2d4dff99236976201e564cbe25ee258ba901ad38107c5c6b5846f0,False,True
R1413,GG0011,CVB0011,REF0110,3,2,XGBoost,34ceedf6a1bb29961f2328af1d5171f68f761751bb240b7ec5769fb12f9571f5,0.0020449336152523756,predict_proba,9eb1905b0d2d4dff99236976201e564cbe25ee258ba901ad38107c5c6b5846f0,False,True
R1414,GG0011,CVB0011,REF0110,3,2,XGBoost,34ceedf6a1bb29961f2328af1d5171f68f761751bb240b7ec5769fb12f9571f5,0.017063014209270477,predict_proba,9eb1905b0d2d4dff99236976201e564cbe25ee258ba901ad38107c5c6b5846f0,False,True
R1415,GG0011,CVB0011,REF0110,3,2,XGBoost,34ceedf6a1bb29961f2328af1d5171f68f761751bb240b7ec5769fb12f9571f5,0.048579223453998566,predict_proba,9eb1905b0d2d4dff99236976201e564cbe25ee258ba901ad38107c5c6b5846f0,False,True
R1416,GG0011,CVB0011,REF0110,3,2,XGBoost,34ceedf6a1bb29961f2328af1d5171f68f761751bb240b7ec5769fb12f9571f5,0.0010877599706873298,predict_proba,9eb1905b0d2d4dff99236976201e564cbe25ee258ba901ad38107c5c6b5846f0,False,True
R1417,GG0011,CVB0011,REF0110,3,2,XGBoost,34ceedf6a1bb29961f2328af1d5171f68f761751bb240b7ec5769fb12f9571f5,0.0008054790087044239,predict_proba,9eb1905b0d2d4dff99236976201e564cbe25ee258ba901ad38107c5c6b5846f0,False,True
R1418,GG0011,CVB0011,REF0110,3,2,XGBoost,34ceedf6a1bb29961f2328af1d5171f68f761751bb240b7ec5769fb12f9571f5,0.007013834547251463,predict_proba,9eb1905b0d2d4dff99236976201e564cbe25ee258ba901ad38107c5c6b5846f0,False,True
R1419,GG0011,CVB0011,REF0110,3,2,XGBoost,34ceedf6a1bb29961f2328af1d5171f68f761751bb240b7ec5769fb12f9571f5,0.0103539964184165,predict_proba,9eb1905b0d2d4dff99236976201e564cbe25ee258ba901ad38107c5c6b5846f0,False,True
R1420,GG0011,CVB0011,REF0110,3,2,XGBoost,34ceedf6a1bb29961f2328af1d5171f68f761751bb240b7ec5769fb12f9571f5,0.006883441470563412,predict_proba,9eb1905b0d2d4dff99236976201e564cbe25ee258ba901ad38107c5c6b5846f0,False,True
R1421,GG0011,CVB0011,REF0110,3,2,XGBoost,34ceedf6a1bb29961f2328af1d5171f68f761751bb240b7ec5769fb12f9571f5,0.2764713764190674,predict_proba,9eb1905b0d2d4dff99236976201e564cbe25ee258ba901ad38107c5c6b5846f0,False,True
R1422,GG0011,CVB0011,REF0110,3,2,XGBoost,34ceedf6a1bb29961f2328af1d5171f68f761751bb240b7ec5769fb12f9571f5,0.16448478400707245,predict_proba,9eb1905b0d2d4dff99236976201e564cbe25ee258ba901ad38107c5c6b5846f0,False,True
R1423,GG0011,CVB0011,REF0110,3,2,XGBoost,34ceedf6a1bb29961f2328af1d5171f68f761751bb240b7ec5769fb12f9571f5,0.6498814821243286,predict_proba,9eb1905b0d2d4dff99236976201e564cbe25ee258ba901ad38107c5c6b5846f0,False,True
R1424,GG0011,CVB0011,REF0110,3,2,XGBoost,34ceedf6a1bb29961f2328af1d5171f68f761751bb240b7ec5769fb12f9571f5,0.5204059481620789,predict_proba,9eb1905b0d2d4dff99236976201e564cbe25ee258ba901ad38107c5c6b5846f0,False,True
R1425,GG0011,CVB0011,REF0110,3,2,XGBoost,34ceedf6a1bb29961f2328af1d5171f68f761751bb240b7ec5769fb12f9571f5,0.1851838231086731,predict_proba,9eb1905b0d2d4dff99236976201e564cbe25ee258ba901ad38107c5c6b5846f0,False,True
R1426,GG0011,CVB0011,REF0110,3,2,XGBoost,34ceedf6a1bb29961f2328af1d5171f68f761751bb240b7ec5769fb12f9571f5,0.03834356740117073,predict_proba,9eb1905b0d2d4dff99236976201e564cbe25ee258ba901ad38107c5c6b5846f0,False,True
R1427,GG0011,CVB0011,REF0110,3,2,XGBoost,34ceedf6a1bb29961f2328af1d5171f68f761751bb240b7ec5769fb12f9571f5,0.4901714622974396,predict_proba,9eb1905b0d2d4dff99236976201e564cbe25ee258ba901ad38107c5c6b5846f0,False,True
R1428,GG0011,CVB0011,REF0110,3,2,XGBoost,34ceedf6a1bb29961f2328af1d5171f68f761751bb240b7ec5769fb12f9571f5,0.11234727501869202,predict_proba,9eb1905b0d2d4dff99236976201e564cbe25ee258ba901ad38107c5c6b5846f0,False,True
R1429,GG0011,CVB0011,REF0110,3,2,XGBoost,34ceedf6a1bb29961f2328af1d5171f68f761751bb240b7ec5769fb12f9571f5,0.004218060523271561,predict_proba,9eb1905b0d2d4dff99236976201e564cbe25ee258ba901ad38107c5c6b5846f0,False,True
R1430,GG0011,CVB0011,REF0110,3,2,XGBoost,34ceedf6a1bb29961f2328af1d5171f68f761751bb240b7ec5769fb12f9571f5,0.015437932685017586,predict_proba,9eb1905b0d2d4dff99236976201e564cbe25ee258ba901ad38107c5c6b5846f0,False,True
R2142,GG0033,CVB0030,REF0155,3,2,XGBoost,34ceedf6a1bb29961f2328af1d5171f68f761751bb240b7ec5769fb12f9571f5,0.18602195382118225,predict_proba,9eb1905b0d2d4dff99236976201e564cbe25ee258ba901ad38107c5c6b5846f0,False,True
R2143,GG0033,CVB0030,REF0155,3,2,XGBoost,34ceedf6a1bb29961f2328af1d5171f68f761751bb240b7ec5769fb12f9571f5,0.064748615026474,predict_proba,9eb1905b0d2d4dff99236976201e564cbe25ee258ba901ad38107c5c6b5846f0,False,True
R2144,GG0033,CVB0030,REF0155,3,2,XGBoost,34ceedf6a1bb29961f2328af1d5171f68f761751bb240b7ec5769fb12f9571f5,0.0007448355318047106,predict_proba,9eb1905b0d2d4dff99236976201e564cbe25ee258ba901ad38107c5c6b5846f0,False,True
R2145,GG0033,CVB0030,REF0155,3,2,XGBoost,34ceedf6a1bb29961f2328af1d5171f68f761751bb240b7ec5769fb12f9571f5,0.1267840713262558,predict_proba,9eb1905b0d2d4dff99236976201e564cbe25ee258ba901ad38107c5c6b5846f0,False,True
R2146,GG0033,CVB0030,REF0155,3,2,XGBoost,34ceedf6a1bb29961f2328af1d5171f68f761751bb240b7ec5769fb12f9571f5,0.08481833338737488,predict_proba,9eb1905b0d2d4dff99236976201e564cbe25ee258ba901ad38107c5c6b5846f0,False,True
R2147,GG0033,CVB0030,REF0155,3,2,XGBoost,34ceedf6a1bb29961f2328af1d5171f68f761751bb240b7ec5769fb12f9571f5,0.026044346392154694,predict_proba,9eb1905b0d2d4dff99236976201e564cbe25ee258ba901ad38107c5c6b5846f0,False,True
R2783,GG0017,CVB0007,REF0200,3,2,XGBoost,34ceedf6a1bb29961f2328af1d5171f68f761751bb240b7ec5769fb12f9571f5,0.11384399235248566,predict_proba,9eb1905b0d2d4dff99236976201e564cbe25ee258ba901ad38107c5c6b5846f0,False,True
R2785,GG0017,CVB0007,REF0200,3,2,XGBoost,34ceedf6a1bb29961f2328af1d5171f68f761751bb240b7ec5769fb12f9571f5,0.11884652823209763,predict_proba,9eb1905b0d2d4dff99236976201e564cbe25ee258ba901ad38107c5c6b5846f0,False,True
R2786,GG0017,CVB0007,REF0200,3,2,XGBoost,34ceedf6a1bb29961f2328af1d5171f68f761751bb240b7ec5769fb12f9571f5,0.02026907354593277,predict_proba,9eb1905b0d2d4dff99236976201e564cbe25ee258ba901ad38107c5c6b5846f0,False,True
R2787,GG0017,CVB0007,REF0200,3,2,XGBoost,34ceedf6a1bb29961f2328af1d5171f68f761751bb240b7ec5769fb12f9571f5,0.05664627254009247,predict_proba,9eb1905b0d2d4dff99236976201e564cbe25ee258ba901ad38107c5c6b5846f0,False,True
R2788,GG0017,CVB0007,REF0200,3,2,XGBoost,34ceedf6a1bb29961f2328af1d5171f68f761751bb240b7ec5769fb12f9571f5,0.0023192125372588634,predict_proba,9eb1905b0d2d4dff99236976201e564cbe25ee258ba901ad38107c5c6b5846f0,False,True
R2789,GG0017,CVB0007,REF0200,3,2,XGBoost,34ceedf6a1bb29961f2328af1d5171f68f761751bb240b7ec5769fb12f9571f5,0.31575876474380493,predict_proba,9eb1905b0d2d4dff99236976201e564cbe25ee258ba901ad38107c5c6b5846f0,False,True
R2791,GG0017,CVB0007,REF0200,3,2,XGBoost,34ceedf6a1bb29961f2328af1d5171f68f761751bb240b7ec5769fb12f9571f5,0.016134051606059074,predict_proba,9eb1905b0d2d4dff99236976201e564cbe25ee258ba901ad38107c5c6b5846f0,False,True
R2795,GG0017,CVB0007,REF0200,3,2,XGBoost,34ceedf6a1bb29961f2328af1d5171f68f761751bb240b7ec5769fb12f9571f5,0.46715953946113586,predict_proba,9eb1905b0d2d4dff99236976201e564cbe25ee258ba901ad38107c5c6b5846f0,False,True
R2797,GG0017,CVB0007,REF0200,3,2,XGBoost,34ceedf6a1bb29961f2328af1d5171f68f761751bb240b7ec5769fb12f9571f5,0.01235684659332037,predict_proba,9eb1905b0d2d4dff99236976201e564cbe25ee258ba901ad38107c5c6b5846f0,False,True
R2842,GG0021,CVB0010,REF0206,3,2,XGBoost,34ceedf6a1bb29961f2328af1d5171f68f761751bb240b7ec5769fb12f9571f5,0.013619208708405495,predict_proba,9eb1905b0d2d4dff99236976201e564cbe25ee258ba901ad38107c5c6b5846f0,True,True
R2843,GG0021,CVB0010,REF0206,3,2,XGBoost,34ceedf6a1bb29961f2328af1d5171f68f761751bb240b7ec5769fb12f9571f5,0.20899471640586853,predict_proba,9eb1905b0d2d4dff99236976201e564cbe25ee258ba901ad38107c5c6b5846f0,True,True
R2844,GG0021,CVB0010,REF0206,3,2,XGBoost,34ceedf6a1bb29961f2328af1d5171f68f761751bb240b7ec5769fb12f9571f5,0.26809680461883545,predict_proba,9eb1905b0d2d4dff99236976201e564cbe25ee258ba901ad38107c5c6b5846f0,True,True
R2845,GG0021,CVB0010,REF0206,3,2,XGBoost,34ceedf6a1bb29961f2328af1d5171f68f761751bb240b7ec5769fb12f9571f5,0.4246908724308014,predict_proba,9eb1905b0d2d4dff99236976201e564cbe25ee258ba901ad38107c5c6b5846f0,True,True
R2846,GG0021,CVB0010,REF0206,3,2,XGBoost,34ceedf6a1bb29961f2328af1d5171f68f761751bb240b7ec5769fb12f9571f5,0.8951426148414612,predict_proba,9eb1905b0d2d4dff99236976201e564cbe25ee258ba901ad38107c5c6b5846f0,True,True
R2847,GG0021,CVB0010,REF0206,3,2,XGBoost,34ceedf6a1bb29961f2328af1d5171f68f761751bb240b7ec5769fb12f9571f5,0.2764689326286316,predict_proba,9eb1905b0d2d4dff99236976201e564cbe25ee258ba901ad38107c5c6b5846f0,True,True
R2848,GG0021,CVB0010,REF0206,3,2,XGBoost,34ceedf6a1bb29961f2328af1d5171f68f761751bb240b7ec5769fb12f9571f5,0.2692139148712158,predict_proba,9eb1905b0d2d4dff99236976201e564cbe25ee258ba901ad38107c5c6b5846f0,True,True
R2849,GG0021,CVB0010,REF0206,3,2,XGBoost,34ceedf6a1bb29961f2328af1d5171f68f761751bb240b7ec5769fb12f9571f5,0.9659558534622192,predict_proba,9eb1905b0d2d4dff99236976201e564cbe25ee258ba901ad38107c5c6b5846f0,True,True
R2858,GG0021,CVB0010,REF0208,3,2,XGBoost,34ceedf6a1bb29961f2328af1d5171f68f761751bb240b7ec5769fb12f9571f5,0.9162509441375732,predict_proba,9eb1905b0d2d4dff99236976201e564cbe25ee258ba901ad38107c5c6b5846f0,True,True
R2859,GG0021,CVB0010,REF0208,3,2,XGBoost,34ceedf6a1bb29961f2328af1d5171f68f761751bb240b7ec5769fb12f9571f5,0.964748203754425,predict_proba,9eb1905b0d2d4dff99236976201e564cbe25ee258ba901ad38107c5c6b5846f0,True,True
R2860,GG0021,CVB0010,REF0208,3,2,XGBoost,34ceedf6a1bb29961f2328af1d5171f68f761751bb240b7ec5769fb12f9571f5,0.9515271186828613,predict_proba,9eb1905b0d2d4dff99236976201e564cbe25ee258ba901ad38107c5c6b5846f0,True,True
R2861,GG0021,CVB0010,REF0208,3,2,XGBoost,34ceedf6a1bb29961f2328af1d5171f68f761751bb240b7ec5769fb12f9571f5,0.9693334698677063,predict_proba,9eb1905b0d2d4dff99236976201e564cbe25ee258ba901ad38107c5c6b5846f0,True,True
R2862,GG0021,CVB0010,REF0208,3,2,XGBoost,34ceedf6a1bb29961f2328af1d5171f68f761751bb240b7ec5769fb12f9571f5,0.9924382567405701,predict_proba,9eb1905b0d2d4dff99236976201e564cbe25ee258ba901ad38107c5c6b5846f0,True,True
R2863,GG0021,CVB0010,REF0208,3,2,XGBoost,34ceedf6a1bb29961f2328af1d5171f68f761751bb240b7ec5769fb12f9571f5,0.7599505186080933,predict_proba,9eb1905b0d2d4dff99236976201e564cbe25ee258ba901ad38107c5c6b5846f0,True,True
R2864,GG0021,CVB0010,REF0208,3,2,XGBoost,34ceedf6a1bb29961f2328af1d5171f68f761751bb240b7ec5769fb12f9571f5,0.3039025664329529,predict_proba,9eb1905b0d2d4dff99236976201e564cbe25ee258ba901ad38107c5c6b5846f0,True,True
R2869,GG0021,CVB0010,REF0209,3,2,XGBoost,34ceedf6a1bb29961f2328af1d5171f68f761751bb240b7ec5769fb12f9571f5,0.9138976335525513,predict_proba,9eb1905b0d2d4dff99236976201e564cbe25ee258ba901ad38107c5c6b5846f0,True,True
R2870,GG0021,CVB0010,REF0209,3,2,XGBoost,34ceedf6a1bb29961f2328af1d5171f68f761751bb240b7ec5769fb12f9571f5,0.9847040176391602,predict_proba,9eb1905b0d2d4dff99236976201e564cbe25ee258ba901ad38107c5c6b5846f0,True,True
R2871,GG0021,CVB0010,REF0209,3,2,XGBoost,34ceedf6a1bb29961f2328af1d5171f68f761751bb240b7ec5769fb12f9571f5,0.9360732436180115,predict_proba,9eb1905b0d2d4dff99236976201e564cbe25ee258ba901ad38107c5c6b5846f0,True,True
R2872,GG0021,CVB0010,REF0209,3,2,XGBoost,34ceedf6a1bb29961f2328af1d5171f68f761751bb240b7ec5769fb12f9571f5,0.9839752912521362,predict_proba,9eb1905b0d2d4dff99236976201e564cbe25ee258ba901ad38107c5c6b5846f0,True,True
R2875,GG0021,CVB0010,REF0209,3,2,XGBoost,34ceedf6a1bb29961f2328af1d5171f68f761751bb240b7ec5769fb12f9571f5,0.777502179145813,predict_proba,9eb1905b0d2d4dff99236976201e564cbe25ee258ba901ad38107c5c6b5846f0,True,True
R0015,GG0021,CVB0010,REF0003,3,3,XGBoost,fa918013c1409dc959ee826802f97650202fb62bb6eb8e25b1ec88c78be5c93e,0.9193613529205322,predict_proba,9eb1905b0d2d4dff99236976201e564cbe25ee258ba901ad38107c5c6b5846f0,True,True
R0016,GG0021,CVB0010,REF0003,3,3,XGBoost,fa918013c1409dc959ee826802f97650202fb62bb6eb8e25b1ec88c78be5c93e,0.8512443900108337,predict_proba,9eb1905b0d2d4dff99236976201e564cbe25ee258ba901ad38107c5c6b5846f0,True,True
R0017,GG0021,CVB0010,REF0003,3,3,XGBoost,fa918013c1409dc959ee826802f97650202fb62bb6eb8e25b1ec88c78be5c93e,0.709815263748169,predict_proba,9eb1905b0d2d4dff99236976201e564cbe25ee258ba901ad38107c5c6b5846f0,True,True
R0018,GG0021,CVB0010,REF0003,3,3,XGBoost,fa918013c1409dc959ee826802f97650202fb62bb6eb8e25b1ec88c78be5c93e,0.537003219127655,predict_proba,9eb1905b0d2d4dff99236976201e564cbe25ee258ba901ad38107c5c6b5846f0,True,True
R0019,GG0021,CVB0010,REF0003,3,3,XGBoost,fa918013c1409dc959ee826802f97650202fb62bb6eb8e25b1ec88c78be5c93e,0.392026424407959,predict_proba,9eb1905b0d2d4dff99236976201e564cbe25ee258ba901ad38107c5c6b5846f0,True,True
R0020,GG0021,CVB0010,REF0003,3,3,XGBoost,fa918013c1409dc959ee826802f97650202fb62bb6eb8e25b1ec88c78be5c93e,0.9382594227790833,predict_proba,9eb1905b0d2d4dff99236976201e564cbe25ee258ba901ad38107c5c6b5846f0,True,True
R0021,GG0021,CVB0010,REF0003,3,3,XGBoost,fa918013c1409dc959ee826802f97650202fb62bb6eb8e25b1ec88c78be5c93e,0.8457498550415039,predict_proba,9eb1905b0d2d4dff99236976201e564cbe25ee258ba901ad38107c5c6b5846f0,True,True
R0022,GG0021,CVB0010,REF0003,3,3,XGBoost,fa918013c1409dc959ee826802f97650202fb62bb6eb8e25b1ec88c78be5c93e,0.3536633849143982,predict_proba,9eb1905b0d2d4dff99236976201e564cbe25ee258ba901ad38107c5c6b5846f0,True,True
R0023,GG0021,CVB0010,REF0003,3,3,XGBoost,fa918013c1409dc959ee826802f97650202fb62bb6eb8e25b1ec88c78be5c93e,0.33977970480918884,predict_proba,9eb1905b0d2d4dff99236976201e564cbe25ee258ba901ad38107c5c6b5846f0,True,True
R0024,GG0021,CVB0010,REF0003,3,3,XGBoost,fa918013c1409dc959ee826802f97650202fb62bb6eb8e25b1ec88c78be5c93e,0.8582217693328857,predict_proba,9eb1905b0d2d4dff99236976201e564cbe25ee258ba901ad38107c5c6b5846f0,True,True
R0025,GG0021,CVB0010,REF0003,3,3,XGBoost,fa918013c1409dc959ee826802f97650202fb62bb6eb8e25b1ec88c78be5c93e,0.6215566396713257,predict_proba,9eb1905b0d2d4dff99236976201e564cbe25ee258ba901ad38107c5c6b5846f0,True,True
R0026,GG0021,CVB0010,REF0003,3,3,XGBoost,fa918013c1409dc959ee826802f97650202fb62bb6eb8e25b1ec88c78be5c93e,0.4603745937347412,predict_proba,9eb1905b0d2d4dff99236976201e564cbe25ee258ba901ad38107c5c6b5846f0,True,True
R0027,GG0021,CVB0010,REF0003,3,3,XGBoost,fa918013c1409dc959ee826802f97650202fb62bb6eb8e25b1ec88c78be5c93e,0.2332838922739029,predict_proba,9eb1905b0d2d4dff99236976201e564cbe25ee258ba901ad38107c5c6b5846f0,True,True
R0028,GG0021,CVB0010,REF0003,3,3,XGBoost,fa918013c1409dc959ee826802f97650202fb62bb6eb8e25b1ec88c78be5c93e,0.5935822129249573,predict_proba,9eb1905b0d2d4dff99236976201e564cbe25ee258ba901ad38107c5c6b5846f0,True,True
R0029,GG0021,CVB0010,REF0004,3,3,XGBoost,fa918013c1409dc959ee826802f97650202fb62bb6eb8e25b1ec88c78be5c93e,0.989180862903595,predict_proba,9eb1905b0d2d4dff99236976201e564cbe25ee258ba901ad38107c5c6b5846f0,True,True
R0030,GG0021,CVB0010,REF0004,3,3,XGBoost,fa918013c1409dc959ee826802f97650202fb62bb6eb8e25b1ec88c78be5c93e,0.9510502815246582,predict_proba,9eb1905b0d2d4dff99236976201e564cbe25ee258ba901ad38107c5c6b5846f0,True,True
R0031,GG0021,CVB0010,REF0004,3,3,XGBoost,fa918013c1409dc959ee826802f97650202fb62bb6eb8e25b1ec88c78be5c93e,0.9231554865837097,predict_proba,9eb1905b0d2d4dff99236976201e564cbe25ee258ba901ad38107c5c6b5846f0,True,True
R0032,GG0021,CVB0010,REF0004,3,3,XGBoost,fa918013c1409dc959ee826802f97650202fb62bb6eb8e25b1ec88c78be5c93e,0.8546184301376343,predict_proba,9eb1905b0d2d4dff99236976201e564cbe25ee258ba901ad38107c5c6b5846f0,True,True
R0033,GG0021,CVB0010,REF0004,3,3,XGBoost,fa918013c1409dc959ee826802f97650202fb62bb6eb8e25b1ec88c78be5c93e,0.7974045872688293,predict_proba,9eb1905b0d2d4dff99236976201e564cbe25ee258ba901ad38107c5c6b5846f0,True,True
R0034,GG0021,CVB0010,REF0004,3,3,XGBoost,fa918013c1409dc959ee826802f97650202fb62bb6eb8e25b1ec88c78be5c93e,0.5846759676933289,predict_proba,9eb1905b0d2d4dff99236976201e564cbe25ee258ba901ad38107c5c6b5846f0,True,True
R0035,GG0021,CVB0010,REF0004,3,3,XGBoost,fa918013c1409dc959ee826802f97650202fb62bb6eb8e25b1ec88c78be5c93e,0.8484951853752136,predict_proba,9eb1905b0d2d4dff99236976201e564cbe25ee258ba901ad38107c5c6b5846f0,True,True
R0036,GG0021,CVB0010,REF0004,3,3,XGBoost,fa918013c1409dc959ee826802f97650202fb62bb6eb8e25b1ec88c78be5c93e,0.9313468933105469,predict_proba,9eb1905b0d2d4dff99236976201e564cbe25ee258ba901ad38107c5c6b5846f0,True,True
R0037,GG0022,CVB0019,REF0005,3,3,XGBoost,fa918013c1409dc959ee826802f97650202fb62bb6eb8e25b1ec88c78be5c93e,0.7139126658439636,predict_proba,9eb1905b0d2d4dff99236976201e564cbe25ee258ba901ad38107c5c6b5846f0,False,True
R0038,GG0022,CVB0019,REF0005,3,3,XGBoost,fa918013c1409dc959ee826802f97650202fb62bb6eb8e25b1ec88c78be5c93e,0.5755658745765686,predict_proba,9eb1905b0d2d4dff99236976201e564cbe25ee258ba901ad38107c5c6b5846f0,False,True
R0039,GG0022,CVB0019,REF0005,3,3,XGBoost,fa918013c1409dc959ee826802f97650202fb62bb6eb8e25b1ec88c78be5c93e,0.18577376008033752,predict_proba,9eb1905b0d2d4dff99236976201e564cbe25ee258ba901ad38107c5c6b5846f0,False,True
R0040,GG0022,CVB0019,REF0005,3,3,XGBoost,fa918013c1409dc959ee826802f97650202fb62bb6eb8e25b1ec88c78be5c93e,0.19108538329601288,predict_proba,9eb1905b0d2d4dff99236976201e564cbe25ee258ba901ad38107c5c6b5846f0,False,True
R0041,GG0022,CVB0019,REF0005,3,3,XGBoost,fa918013c1409dc959ee826802f97650202fb62bb6eb8e25b1ec88c78be5c93e,0.14558883011341095,predict_proba,9eb1905b0d2d4dff99236976201e564cbe25ee258ba901ad38107c5c6b5846f0,False,True
R0042,GG0022,CVB0019,REF0005,3,3,XGBoost,fa918013c1409dc959ee826802f97650202fb62bb6eb8e25b1ec88c78be5c93e,0.41128861904144287,predict_proba,9eb1905b0d2d4dff99236976201e564cbe25ee258ba901ad38107c5c6b5846f0,False,True
R0043,GG0022,CVB0019,REF0005,3,3,XGBoost,fa918013c1409dc959ee826802f97650202fb62bb6eb8e25b1ec88c78be5c93e,0.29688143730163574,predict_proba,9eb1905b0d2d4dff99236976201e564cbe25ee258ba901ad38107c5c6b5846f0,False,True
R0044,GG0022,CVB0019,REF0005,3,3,XGBoost,fa918013c1409dc959ee826802f97650202fb62bb6eb8e25b1ec88c78be5c93e,0.8755546808242798,predict_proba,9eb1905b0d2d4dff99236976201e564cbe25ee258ba901ad38107c5c6b5846f0,False,True
R0045,GG0022,CVB0019,REF0005,3,3,XGBoost,fa918013c1409dc959ee826802f97650202fb62bb6eb8e25b1ec88c78be5c93e,0.9366143941879272,predict_proba,9eb1905b0d2d4dff99236976201e564cbe25ee258ba901ad38107c5c6b5846f0,False,True
R0046,GG0022,CVB0019,REF0005,3,3,XGBoost,fa918013c1409dc959ee826802f97650202fb62bb6eb8e25b1ec88c78be5c93e,0.7799256443977356,predict_proba,9eb1905b0d2d4dff99236976201e564cbe25ee258ba901ad38107c5c6b5846f0,False,True
R0047,GG0022,CVB0019,REF0005,3,3,XGBoost,fa918013c1409dc959ee826802f97650202fb62bb6eb8e25b1ec88c78be5c93e,0.6318026185035706,predict_proba,9eb1905b0d2d4dff99236976201e564cbe25ee258ba901ad38107c5c6b5846f0,False,True
R0048,GG0022,CVB0019,REF0005,3,3,XGBoost,fa918013c1409dc959ee826802f97650202fb62bb6eb8e25b1ec88c78be5c93e,0.8054547309875488,predict_proba,9eb1905b0d2d4dff99236976201e564cbe25ee258ba901ad38107c5c6b5846f0,False,True
R0060,GG0021,CVB0010,REF0008,3,3,XGBoost,fa918013c1409dc959ee826802f97650202fb62bb6eb8e25b1ec88c78be5c93e,0.01564687304198742,predict_proba,9eb1905b0d2d4dff99236976201e564cbe25ee258ba901ad38107c5c6b5846f0,True,True
R0061,GG0021,CVB0010,REF0008,3,3,XGBoost,fa918013c1409dc959ee826802f97650202fb62bb6eb8e25b1ec88c78be5c93e,0.7856572866439819,predict_proba,9eb1905b0d2d4dff99236976201e564cbe25ee258ba901ad38107c5c6b5846f0,True,True
R0062,GG0021,CVB0010,REF0008,3,3,XGBoost,fa918013c1409dc959ee826802f97650202fb62bb6eb8e25b1ec88c78be5c93e,0.8884515166282654,predict_proba,9eb1905b0d2d4dff99236976201e564cbe25ee258ba901ad38107c5c6b5846f0,True,True
R0063,GG0021,CVB0010,REF0008,3,3,XGBoost,fa918013c1409dc959ee826802f97650202fb62bb6eb8e25b1ec88c78be5c93e,0.347255140542984,predict_proba,9eb1905b0d2d4dff99236976201e564cbe25ee258ba901ad38107c5c6b5846f0,True,True
R0064,GG0021,CVB0010,REF0008,3,3,XGBoost,fa918013c1409dc959ee826802f97650202fb62bb6eb8e25b1ec88c78be5c93e,0.8664873838424683,predict_proba,9eb1905b0d2d4dff99236976201e564cbe25ee258ba901ad38107c5c6b5846f0,True,True
R0065,GG0021,CVB0010,REF0008,3,3,XGBoost,fa918013c1409dc959ee826802f97650202fb62bb6eb8e25b1ec88c78be5c93e,0.6747072339057922,predict_proba,9eb1905b0d2d4dff99236976201e564cbe25ee258ba901ad38107c5c6b5846f0,True,True
R0066,GG0021,CVB0010,REF0008,3,3,XGBoost,fa918013c1409dc959ee826802f97650202fb62bb6eb8e25b1ec88c78be5c93e,0.439441978931427,predict_proba,9eb1905b0d2d4dff99236976201e564cbe25ee258ba901ad38107c5c6b5846f0,True,True
R0067,GG0021,CVB0010,REF0008,3,3,XGBoost,fa918013c1409dc959ee826802f97650202fb62bb6eb8e25b1ec88c78be5c93e,0.023305075243115425,predict_proba,9eb1905b0d2d4dff99236976201e564cbe25ee258ba901ad38107c5c6b5846f0,True,True
R0068,GG0021,CVB0010,REF0008,3,3,XGBoost,fa918013c1409dc959ee826802f97650202fb62bb6eb8e25b1ec88c78be5c93e,0.5989551544189453,predict_proba,9eb1905b0d2d4dff99236976201e564cbe25ee258ba901ad38107c5c6b5846f0,True,True
R0069,GG0021,CVB0010,REF0008,3,3,XGBoost,fa918013c1409dc959ee826802f97650202fb62bb6eb8e25b1ec88c78be5c93e,0.3018845021724701,predict_proba,9eb1905b0d2d4dff99236976201e564cbe25ee258ba901ad38107c5c6b5846f0,True,True
R0070,GG0021,CVB0010,REF0008,3,3,XGBoost,fa918013c1409dc959ee826802f97650202fb62bb6eb8e25b1ec88c78be5c93e,0.6430450081825256,predict_proba,9eb1905b0d2d4dff99236976201e564cbe25ee258ba901ad38107c5c6b5846f0,True,True
R0071,GG0021,CVB0010,REF0008,3,3,XGBoost,fa918013c1409dc959ee826802f97650202fb62bb6eb8e25b1ec88c78be5c93e,0.7617534399032593,predict_proba,9eb1905b0d2d4dff99236976201e564cbe25ee258ba901ad38107c5c6b5846f0,True,True
R0072,GG0021,CVB0010,REF0008,3,3,XGBoost,fa918013c1409dc959ee826802f97650202fb62bb6eb8e25b1ec88c78be5c93e,0.6796069741249084,predict_proba,9eb1905b0d2d4dff99236976201e564cbe25ee258ba901ad38107c5c6b5846f0,True,True
R0073,GG0021,CVB0010,REF0008,3,3,XGBoost,fa918013c1409dc959ee826802f97650202fb62bb6eb8e25b1ec88c78be5c93e,0.906822144985199,predict_proba,9eb1905b0d2d4dff99236976201e564cbe25ee258ba901ad38107c5c6b5846f0,True,True
R0074,GG0021,CVB0010,REF0008,3,3,XGBoost,fa918013c1409dc959ee826802f97650202fb62bb6eb8e25b1ec88c78be5c93e,0.8388618230819702,predict_proba,9eb1905b0d2d4dff99236976201e564cbe25ee258ba901ad38107c5c6b5846f0,True,True
R0075,GG0021,CVB0010,REF0008,3,3,XGBoost,fa918013c1409dc959ee826802f97650202fb62bb6eb8e25b1ec88c78be5c93e,0.6213012337684631,predict_proba,9eb1905b0d2d4dff99236976201e564cbe25ee258ba901ad38107c5c6b5846f0,True,True
R0076,GG0021,CVB0010,REF0008,3,3,XGBoost,fa918013c1409dc959ee826802f97650202fb62bb6eb8e25b1ec88c78be5c93e,0.8928282260894775,predict_proba,9eb1905b0d2d4dff99236976201e564cbe25ee258ba901ad38107c5c6b5846f0,True,True
R0077,GG0021,CVB0010,REF0008,3,3,XGBoost,fa918013c1409dc959ee826802f97650202fb62bb6eb8e25b1ec88c78be5c93e,0.9792049527168274,predict_proba,9eb1905b0d2d4dff99236976201e564cbe25ee258ba901ad38107c5c6b5846f0,True,True
R0078,GG0021,CVB0010,REF0008,3,3,XGBoost,fa918013c1409dc959ee826802f97650202fb62bb6eb8e25b1ec88c78be5c93e,0.9620544910430908,predict_proba,9eb1905b0d2d4dff99236976201e564cbe25ee258ba901ad38107c5c6b5846f0,True,True
R0079,GG0021,CVB0010,REF0008,3,3,XGBoost,fa918013c1409dc959ee826802f97650202fb62bb6eb8e25b1ec88c78be5c93e,0.9801166653633118,predict_proba,9eb1905b0d2d4dff99236976201e564cbe25ee258ba901ad38107c5c6b5846f0,True,True
R0080,GG0021,CVB0010,REF0008,3,3,XGBoost,fa918013c1409dc959ee826802f97650202fb62bb6eb8e25b1ec88c78be5c93e,0.9817764163017273,predict_proba,9eb1905b0d2d4dff99236976201e564cbe25ee258ba901ad38107c5c6b5846f0,True,True
R0123,GG0017,CVB0007,REF0013,3,3,XGBoost,fa918013c1409dc959ee826802f97650202fb62bb6eb8e25b1ec88c78be5c93e,0.0363314189016819,predict_proba,9eb1905b0d2d4dff99236976201e564cbe25ee258ba901ad38107c5c6b5846f0,True,True
R0124,GG0017,CVB0007,REF0013,3,3,XGBoost,fa918013c1409dc959ee826802f97650202fb62bb6eb8e25b1ec88c78be5c93e,0.1493014693260193,predict_proba,9eb1905b0d2d4dff99236976201e564cbe25ee258ba901ad38107c5c6b5846f0,True,True
R0125,GG0017,CVB0007,REF0013,3,3,XGBoost,fa918013c1409dc959ee826802f97650202fb62bb6eb8e25b1ec88c78be5c93e,0.0752578154206276,predict_proba,9eb1905b0d2d4dff99236976201e564cbe25ee258ba901ad38107c5c6b5846f0,True,True
R0126,GG0017,CVB0007,REF0013,3,3,XGBoost,fa918013c1409dc959ee826802f97650202fb62bb6eb8e25b1ec88c78be5c93e,0.01655913144350052,predict_proba,9eb1905b0d2d4dff99236976201e564cbe25ee258ba901ad38107c5c6b5846f0,True,True
R0127,GG0017,CVB0007,REF0013,3,3,XGBoost,fa918013c1409dc959ee826802f97650202fb62bb6eb8e25b1ec88c78be5c93e,0.021000439301133156,predict_proba,9eb1905b0d2d4dff99236976201e564cbe25ee258ba901ad38107c5c6b5846f0,True,True
R0128,GG0017,CVB0007,REF0013,3,3,XGBoost,fa918013c1409dc959ee826802f97650202fb62bb6eb8e25b1ec88c78be5c93e,0.22514526546001434,predict_proba,9eb1905b0d2d4dff99236976201e564cbe25ee258ba901ad38107c5c6b5846f0,True,True
R0199,GG0033,CVB0030,REF0021,3,3,XGBoost,fa918013c1409dc959ee826802f97650202fb62bb6eb8e25b1ec88c78be5c93e,0.04863050952553749,predict_proba,9eb1905b0d2d4dff99236976201e564cbe25ee258ba901ad38107c5c6b5846f0,False,True
R0200,GG0033,CVB0030,REF0021,3,3,XGBoost,fa918013c1409dc959ee826802f97650202fb62bb6eb8e25b1ec88c78be5c93e,0.2873448431491852,predict_proba,9eb1905b0d2d4dff99236976201e564cbe25ee258ba901ad38107c5c6b5846f0,False,True
R0201,GG0033,CVB0030,REF0021,3,3,XGBoost,fa918013c1409dc959ee826802f97650202fb62bb6eb8e25b1ec88c78be5c93e,0.6512991786003113,predict_proba,9eb1905b0d2d4dff99236976201e564cbe25ee258ba901ad38107c5c6b5846f0,False,True
R0202,GG0033,CVB0030,REF0021,3,3,XGBoost,fa918013c1409dc959ee826802f97650202fb62bb6eb8e25b1ec88c78be5c93e,0.23942960798740387,predict_proba,9eb1905b0d2d4dff99236976201e564cbe25ee258ba901ad38107c5c6b5846f0,False,True
R0203,GG0033,CVB0030,REF0021,3,3,XGBoost,fa918013c1409dc959ee826802f97650202fb62bb6eb8e25b1ec88c78be5c93e,0.08906903862953186,predict_proba,9eb1905b0d2d4dff99236976201e564cbe25ee258ba901ad38107c5c6b5846f0,False,True
R0204,GG0033,CVB0030,REF0021,3,3,XGBoost,fa918013c1409dc959ee826802f97650202fb62bb6eb8e25b1ec88c78be5c93e,0.1360793262720108,predict_proba,9eb1905b0d2d4dff99236976201e564cbe25ee258ba901ad38107c5c6b5846f0,False,True
R0205,GG0033,CVB0030,REF0021,3,3,XGBoost,fa918013c1409dc959ee826802f97650202fb62bb6eb8e25b1ec88c78be5c93e,0.24838349223136902,predict_proba,9eb1905b0d2d4dff99236976201e564cbe25ee258ba901ad38107c5c6b5846f0,False,True
R0206,GG0033,CVB0030,REF0021,3,3,XGBoost,fa918013c1409dc959ee826802f97650202fb62bb6eb8e25b1ec88c78be5c93e,0.8255741596221924,predict_proba,9eb1905b0d2d4dff99236976201e564cbe25ee258ba901ad38107c5c6b5846f0,False,True
R0207,GG0033,CVB0030,REF0021,3,3,XGBoost,fa918013c1409dc959ee826802f97650202fb62bb6eb8e25b1ec88c78be5c93e,0.00813042838126421,predict_proba,9eb1905b0d2d4dff99236976201e564cbe25ee258ba901ad38107c5c6b5846f0,False,True
R0208,GG0033,CVB0030,REF0021,3,3,XGBoost,fa918013c1409dc959ee826802f97650202fb62bb6eb8e25b1ec88c78be5c93e,0.016570286825299263,predict_proba,9eb1905b0d2d4dff99236976201e564cbe25ee258ba901ad38107c5c6b5846f0,False,True
R0209,GG0033,CVB0030,REF0021,3,3,XGBoost,fa918013c1409dc959ee826802f97650202fb62bb6eb8e25b1ec88c78be5c93e,0.002935761120170355,predict_proba,9eb1905b0d2d4dff99236976201e564cbe25ee258ba901ad38107c5c6b5846f0,False,True
R0210,GG0033,CVB0030,REF0021,3,3,XGBoost,fa918013c1409dc959ee826802f97650202fb62bb6eb8e25b1ec88c78be5c93e,0.09180060774087906,predict_proba,9eb1905b0d2d4dff99236976201e564cbe25ee258ba901ad38107c5c6b5846f0,False,True
R0211,GG0033,CVB0030,REF0021,3,3,XGBoost,fa918013c1409dc959ee826802f97650202fb62bb6eb8e25b1ec88c78be5c93e,0.3584178388118744,predict_proba,9eb1905b0d2d4dff99236976201e564cbe25ee258ba901ad38107c5c6b5846f0,False,True
R0212,GG0033,CVB0030,REF0021,3,3,XGBoost,fa918013c1409dc959ee826802f97650202fb62bb6eb8e25b1ec88c78be5c93e,0.03789305314421654,predict_proba,9eb1905b0d2d4dff99236976201e564cbe25ee258ba901ad38107c5c6b5846f0,False,True
R0213,GG0033,CVB0030,REF0022,3,3,XGBoost,fa918013c1409dc959ee826802f97650202fb62bb6eb8e25b1ec88c78be5c93e,0.0399460643529892,predict_proba,9eb1905b0d2d4dff99236976201e564cbe25ee258ba901ad38107c5c6b5846f0,False,True
R0214,GG0033,CVB0030,REF0022,3,3,XGBoost,fa918013c1409dc959ee826802f97650202fb62bb6eb8e25b1ec88c78be5c93e,0.6039337515830994,predict_proba,9eb1905b0d2d4dff99236976201e564cbe25ee258ba901ad38107c5c6b5846f0,False,True
R0215,GG0033,CVB0030,REF0022,3,3,XGBoost,fa918013c1409dc959ee826802f97650202fb62bb6eb8e25b1ec88c78be5c93e,0.007137356325984001,predict_proba,9eb1905b0d2d4dff99236976201e564cbe25ee258ba901ad38107c5c6b5846f0,False,True
R0360,GG0021,CVB0010,REF0036,3,3,XGBoost,fa918013c1409dc959ee826802f97650202fb62bb6eb8e25b1ec88c78be5c93e,0.7555264830589294,predict_proba,9eb1905b0d2d4dff99236976201e564cbe25ee258ba901ad38107c5c6b5846f0,True,True
R0361,GG0021,CVB0010,REF0036,3,3,XGBoost,fa918013c1409dc959ee826802f97650202fb62bb6eb8e25b1ec88c78be5c93e,0.03420103341341019,predict_proba,9eb1905b0d2d4dff99236976201e564cbe25ee258ba901ad38107c5c6b5846f0,True,True
R0362,GG0021,CVB0010,REF0036,3,3,XGBoost,fa918013c1409dc959ee826802f97650202fb62bb6eb8e25b1ec88c78be5c93e,0.04203290492296219,predict_proba,9eb1905b0d2d4dff99236976201e564cbe25ee258ba901ad38107c5c6b5846f0,True,True
R0363,GG0021,CVB0010,REF0036,3,3,XGBoost,fa918013c1409dc959ee826802f97650202fb62bb6eb8e25b1ec88c78be5c93e,0.7120043039321899,predict_proba,9eb1905b0d2d4dff99236976201e564cbe25ee258ba901ad38107c5c6b5846f0,True,True
R0364,GG0021,CVB0010,REF0036,3,3,XGBoost,fa918013c1409dc959ee826802f97650202fb62bb6eb8e25b1ec88c78be5c93e,0.6195408701896667,predict_proba,9eb1905b0d2d4dff99236976201e564cbe25ee258ba901ad38107c5c6b5846f0,True,True
R0365,GG0021,CVB0010,REF0036,3,3,XGBoost,fa918013c1409dc959ee826802f97650202fb62bb6eb8e25b1ec88c78be5c93e,0.12723968923091888,predict_proba,9eb1905b0d2d4dff99236976201e564cbe25ee258ba901ad38107c5c6b5846f0,True,True
R0366,GG0021,CVB0010,REF0036,3,3,XGBoost,fa918013c1409dc959ee826802f97650202fb62bb6eb8e25b1ec88c78be5c93e,0.7870276570320129,predict_proba,9eb1905b0d2d4dff99236976201e564cbe25ee258ba901ad38107c5c6b5846f0,True,True
R0367,GG0021,CVB0010,REF0036,3,3,XGBoost,fa918013c1409dc959ee826802f97650202fb62bb6eb8e25b1ec88c78be5c93e,0.666835367679596,predict_proba,9eb1905b0d2d4dff99236976201e564cbe25ee258ba901ad38107c5c6b5846f0,True,True
R0368,GG0021,CVB0010,REF0036,3,3,XGBoost,fa918013c1409dc959ee826802f97650202fb62bb6eb8e25b1ec88c78be5c93e,0.9578355550765991,predict_proba,9eb1905b0d2d4dff99236976201e564cbe25ee258ba901ad38107c5c6b5846f0,True,True
R0369,GG0021,CVB0010,REF0036,3,3,XGBoost,fa918013c1409dc959ee826802f97650202fb62bb6eb8e25b1ec88c78be5c93e,0.9490997791290283,predict_proba,9eb1905b0d2d4dff99236976201e564cbe25ee258ba901ad38107c5c6b5846f0,True,True
R0457,GG0021,CVB0010,REF0042,3,3,XGBoost,fa918013c1409dc959ee826802f97650202fb62bb6eb8e25b1ec88c78be5c93e,0.21970617771148682,predict_proba,9eb1905b0d2d4dff99236976201e564cbe25ee258ba901ad38107c5c6b5846f0,True,True
R0458,GG0021,CVB0010,REF0042,3,3,XGBoost,fa918013c1409dc959ee826802f97650202fb62bb6eb8e25b1ec88c78be5c93e,0.68232661485672,predict_proba,9eb1905b0d2d4dff99236976201e564cbe25ee258ba901ad38107c5c6b5846f0,True,True
R0459,GG0021,CVB0010,REF0042,3,3,XGBoost,fa918013c1409dc959ee826802f97650202fb62bb6eb8e25b1ec88c78be5c93e,0.531876266002655,predict_proba,9eb1905b0d2d4dff99236976201e564cbe25ee258ba901ad38107c5c6b5846f0,True,True
R0460,GG0021,CVB0010,REF0042,3,3,XGBoost,fa918013c1409dc959ee826802f97650202fb62bb6eb8e25b1ec88c78be5c93e,0.9504887461662292,predict_proba,9eb1905b0d2d4dff99236976201e564cbe25ee258ba901ad38107c5c6b5846f0,True,True
R0461,GG0021,CVB0010,REF0042,3,3,XGBoost,fa918013c1409dc959ee826802f97650202fb62bb6eb8e25b1ec88c78be5c93e,0.7374500632286072,predict_proba,9eb1905b0d2d4dff99236976201e564cbe25ee258ba901ad38107c5c6b5846f0,True,True
R0462,GG0021,CVB0010,REF0042,3,3,XGBoost,fa918013c1409dc959ee826802f97650202fb62bb6eb8e25b1ec88c78be5c93e,0.8228313326835632,predict_proba,9eb1905b0d2d4dff99236976201e564cbe25ee258ba901ad38107c5c6b5846f0,True,True
R0463,GG0021,CVB0010,REF0042,3,3,XGBoost,fa918013c1409dc959ee826802f97650202fb62bb6eb8e25b1ec88c78be5c93e,0.5223658680915833,predict_proba,9eb1905b0d2d4dff99236976201e564cbe25ee258ba901ad38107c5c6b5846f0,True,True
R0464,GG0021,CVB0010,REF0042,3,3,XGBoost,fa918013c1409dc959ee826802f97650202fb62bb6eb8e25b1ec88c78be5c93e,0.2776491940021515,predict_proba,9eb1905b0d2d4dff99236976201e564cbe25ee258ba901ad38107c5c6b5846f0,True,True
R0465,GG0021,CVB0010,REF0042,3,3,XGBoost,fa918013c1409dc959ee826802f97650202fb62bb6eb8e25b1ec88c78be5c93e,0.5246997475624084,predict_proba,9eb1905b0d2d4dff99236976201e564cbe25ee258ba901ad38107c5c6b5846f0,True,True
R0466,GG0021,CVB0010,REF0042,3,3,XGBoost,fa918013c1409dc959ee826802f97650202fb62bb6eb8e25b1ec88c78be5c93e,0.19105659425258636,predict_proba,9eb1905b0d2d4dff99236976201e564cbe25ee258ba901ad38107c5c6b5846f0,True,True
R0467,GG0021,CVB0010,REF0042,3,3,XGBoost,fa918013c1409dc959ee826802f97650202fb62bb6eb8e25b1ec88c78be5c93e,0.04127166420221329,predict_proba,9eb1905b0d2d4dff99236976201e564cbe25ee258ba901ad38107c5c6b5846f0,True,True
R0468,GG0021,CVB0010,REF0042,3,3,XGBoost,fa918013c1409dc959ee826802f97650202fb62bb6eb8e25b1ec88c78be5c93e,0.8210409879684448,predict_proba,9eb1905b0d2d4dff99236976201e564cbe25ee258ba901ad38107c5c6b5846f0,True,True
R0469,GG0021,CVB0010,REF0042,3,3,XGBoost,fa918013c1409dc959ee826802f97650202fb62bb6eb8e25b1ec88c78be5c93e,0.3072616755962372,predict_proba,9eb1905b0d2d4dff99236976201e564cbe25ee258ba901ad38107c5c6b5846f0,True,True
R0470,GG0021,CVB0010,REF0042,3,3,XGBoost,fa918013c1409dc959ee826802f97650202fb62bb6eb8e25b1ec88c78be5c93e,0.17010922729969025,predict_proba,9eb1905b0d2d4dff99236976201e564cbe25ee258ba901ad38107c5c6b5846f0,True,True
R0471,GG0021,CVB0010,REF0042,3,3,XGBoost,fa918013c1409dc959ee826802f97650202fb62bb6eb8e25b1ec88c78be5c93e,0.7789052724838257,predict_proba,9eb1905b0d2d4dff99236976201e564cbe25ee258ba901ad38107c5c6b5846f0,True,True
R0472,GG0021,CVB0010,REF0042,3,3,XGBoost,fa918013c1409dc959ee826802f97650202fb62bb6eb8e25b1ec88c78be5c93e,0.8652181029319763,predict_proba,9eb1905b0d2d4dff99236976201e564cbe25ee258ba901ad38107c5c6b5846f0,True,True
R0473,GG0021,CVB0010,REF0042,3,3,XGBoost,fa918013c1409dc959ee826802f97650202fb62bb6eb8e25b1ec88c78be5c93e,0.22271689772605896,predict_proba,9eb1905b0d2d4dff99236976201e564cbe25ee258ba901ad38107c5c6b5846f0,True,True
R0474,GG0021,CVB0010,REF0042,3,3,XGBoost,fa918013c1409dc959ee826802f97650202fb62bb6eb8e25b1ec88c78be5c93e,0.6220228672027588,predict_proba,9eb1905b0d2d4dff99236976201e564cbe25ee258ba901ad38107c5c6b5846f0,True,True
R0475,GG0021,CVB0010,REF0042,3,3,XGBoost,fa918013c1409dc959ee826802f97650202fb62bb6eb8e25b1ec88c78be5c93e,0.0211173165589571,predict_proba,9eb1905b0d2d4dff99236976201e564cbe25ee258ba901ad38107c5c6b5846f0,True,True
R0476,GG0021,CVB0010,REF0042,3,3,XGBoost,fa918013c1409dc959ee826802f97650202fb62bb6eb8e25b1ec88c78be5c93e,0.5396525263786316,predict_proba,9eb1905b0d2d4dff99236976201e564cbe25ee258ba901ad38107c5c6b5846f0,True,True
R0477,GG0021,CVB0010,REF0042,3,3,XGBoost,fa918013c1409dc959ee826802f97650202fb62bb6eb8e25b1ec88c78be5c93e,0.025896891951560974,predict_proba,9eb1905b0d2d4dff99236976201e564cbe25ee258ba901ad38107c5c6b5846f0,True,True
R0478,GG0021,CVB0010,REF0043,3,3,XGBoost,fa918013c1409dc959ee826802f97650202fb62bb6eb8e25b1ec88c78be5c93e,0.7949420213699341,predict_proba,9eb1905b0d2d4dff99236976201e564cbe25ee258ba901ad38107c5c6b5846f0,True,True
R0479,GG0021,CVB0010,REF0043,3,3,XGBoost,fa918013c1409dc959ee826802f97650202fb62bb6eb8e25b1ec88c78be5c93e,0.7170376777648926,predict_proba,9eb1905b0d2d4dff99236976201e564cbe25ee258ba901ad38107c5c6b5846f0,True,True
R0480,GG0021,CVB0010,REF0043,3,3,XGBoost,fa918013c1409dc959ee826802f97650202fb62bb6eb8e25b1ec88c78be5c93e,0.7287362217903137,predict_proba,9eb1905b0d2d4dff99236976201e564cbe25ee258ba901ad38107c5c6b5846f0,True,True
R0481,GG0021,CVB0010,REF0043,3,3,XGBoost,fa918013c1409dc959ee826802f97650202fb62bb6eb8e25b1ec88c78be5c93e,0.7886380553245544,predict_proba,9eb1905b0d2d4dff99236976201e564cbe25ee258ba901ad38107c5c6b5846f0,True,True
R0482,GG0021,CVB0010,REF0043,3,3,XGBoost,fa918013c1409dc959ee826802f97650202fb62bb6eb8e25b1ec88c78be5c93e,0.6424733996391296,predict_proba,9eb1905b0d2d4dff99236976201e564cbe25ee258ba901ad38107c5c6b5846f0,True,True
R0483,GG0021,CVB0010,REF0043,3,3,XGBoost,fa918013c1409dc959ee826802f97650202fb62bb6eb8e25b1ec88c78be5c93e,0.7468954920768738,predict_proba,9eb1905b0d2d4dff99236976201e564cbe25ee258ba901ad38107c5c6b5846f0,True,True
R0484,GG0021,CVB0010,REF0043,3,3,XGBoost,fa918013c1409dc959ee826802f97650202fb62bb6eb8e25b1ec88c78be5c93e,0.5282267332077026,predict_proba,9eb1905b0d2d4dff99236976201e564cbe25ee258ba901ad38107c5c6b5846f0,True,True
R0485,GG0021,CVB0010,REF0043,3,3,XGBoost,fa918013c1409dc959ee826802f97650202fb62bb6eb8e25b1ec88c78be5c93e,0.8538950085639954,predict_proba,9eb1905b0d2d4dff99236976201e564cbe25ee258ba901ad38107c5c6b5846f0,True,True
R0486,GG0021,CVB0010,REF0043,3,3,XGBoost,fa918013c1409dc959ee826802f97650202fb62bb6eb8e25b1ec88c78be5c93e,0.9695168733596802,predict_proba,9eb1905b0d2d4dff99236976201e564cbe25ee258ba901ad38107c5c6b5846f0,True,True
R0487,GG0021,CVB0010,REF0043,3,3,XGBoost,fa918013c1409dc959ee826802f97650202fb62bb6eb8e25b1ec88c78be5c93e,0.9328935742378235,predict_proba,9eb1905b0d2d4dff99236976201e564cbe25ee258ba901ad38107c5c6b5846f0,True,True
R0488,GG0021,CVB0010,REF0043,3,3,XGBoost,fa918013c1409dc959ee826802f97650202fb62bb6eb8e25b1ec88c78be5c93e,0.7375335097312927,predict_proba,9eb1905b0d2d4dff99236976201e564cbe25ee258ba901ad38107c5c6b5846f0,True,True
R0489,GG0021,CVB0010,REF0043,3,3,XGBoost,fa918013c1409dc959ee826802f97650202fb62bb6eb8e25b1ec88c78be5c93e,0.9720730185508728,predict_proba,9eb1905b0d2d4dff99236976201e564cbe25ee258ba901ad38107c5c6b5846f0,True,True
R0490,GG0021,CVB0010,REF0043,3,3,XGBoost,fa918013c1409dc959ee826802f97650202fb62bb6eb8e25b1ec88c78be5c93e,0.21280725300312042,predict_proba,9eb1905b0d2d4dff99236976201e564cbe25ee258ba901ad38107c5c6b5846f0,True,True
R0491,GG0021,CVB0010,REF0043,3,3,XGBoost,fa918013c1409dc959ee826802f97650202fb62bb6eb8e25b1ec88c78be5c93e,0.9703513383865356,predict_proba,9eb1905b0d2d4dff99236976201e564cbe25ee258ba901ad38107c5c6b5846f0,True,True
R0492,GG0021,CVB0010,REF0043,3,3,XGBoost,fa918013c1409dc959ee826802f97650202fb62bb6eb8e25b1ec88c78be5c93e,0.9757328033447266,predict_proba,9eb1905b0d2d4dff99236976201e564cbe25ee258ba901ad38107c5c6b5846f0,True,True
R0493,GG0021,CVB0010,REF0043,3,3,XGBoost,fa918013c1409dc959ee826802f97650202fb62bb6eb8e25b1ec88c78be5c93e,0.93461012840271,predict_proba,9eb1905b0d2d4dff99236976201e564cbe25ee258ba901ad38107c5c6b5846f0,True,True
R0494,GG0021,CVB0010,REF0043,3,3,XGBoost,fa918013c1409dc959ee826802f97650202fb62bb6eb8e25b1ec88c78be5c93e,0.981526255607605,predict_proba,9eb1905b0d2d4dff99236976201e564cbe25ee258ba901ad38107c5c6b5846f0,True,True
R0495,GG0021,CVB0010,REF0043,3,3,XGBoost,fa918013c1409dc959ee826802f97650202fb62bb6eb8e25b1ec88c78be5c93e,0.938803493976593,predict_proba,9eb1905b0d2d4dff99236976201e564cbe25ee258ba901ad38107c5c6b5846f0,True,True
R0496,GG0021,CVB0010,REF0043,3,3,XGBoost,fa918013c1409dc959ee826802f97650202fb62bb6eb8e25b1ec88c78be5c93e,0.9923134446144104,predict_proba,9eb1905b0d2d4dff99236976201e564cbe25ee258ba901ad38107c5c6b5846f0,True,True
R0603,GG0033,CVB0030,REF0051,3,3,XGBoost,fa918013c1409dc959ee826802f97650202fb62bb6eb8e25b1ec88c78be5c93e,0.375071257352829,predict_proba,9eb1905b0d2d4dff99236976201e564cbe25ee258ba901ad38107c5c6b5846f0,False,True
R0604,GG0033,CVB0030,REF0051,3,3,XGBoost,fa918013c1409dc959ee826802f97650202fb62bb6eb8e25b1ec88c78be5c93e,0.05295368283987045,predict_proba,9eb1905b0d2d4dff99236976201e564cbe25ee258ba901ad38107c5c6b5846f0,False,True
R0605,GG0033,CVB0030,REF0051,3,3,XGBoost,fa918013c1409dc959ee826802f97650202fb62bb6eb8e25b1ec88c78be5c93e,0.37349534034729004,predict_proba,9eb1905b0d2d4dff99236976201e564cbe25ee258ba901ad38107c5c6b5846f0,False,True
R0606,GG0033,CVB0030,REF0051,3,3,XGBoost,fa918013c1409dc959ee826802f97650202fb62bb6eb8e25b1ec88c78be5c93e,0.05384780839085579,predict_proba,9eb1905b0d2d4dff99236976201e564cbe25ee258ba901ad38107c5c6b5846f0,False,True
R0607,GG0033,CVB0030,REF0051,3,3,XGBoost,fa918013c1409dc959ee826802f97650202fb62bb6eb8e25b1ec88c78be5c93e,0.26776769757270813,predict_proba,9eb1905b0d2d4dff99236976201e564cbe25ee258ba901ad38107c5c6b5846f0,False,True
R0608,GG0033,CVB0030,REF0051,3,3,XGBoost,fa918013c1409dc959ee826802f97650202fb62bb6eb8e25b1ec88c78be5c93e,0.22700434923171997,predict_proba,9eb1905b0d2d4dff99236976201e564cbe25ee258ba901ad38107c5c6b5846f0,False,True
R0609,GG0033,CVB0030,REF0051,3,3,XGBoost,fa918013c1409dc959ee826802f97650202fb62bb6eb8e25b1ec88c78be5c93e,0.37789490818977356,predict_proba,9eb1905b0d2d4dff99236976201e564cbe25ee258ba901ad38107c5c6b5846f0,False,True
R0610,GG0033,CVB0030,REF0051,3,3,XGBoost,fa918013c1409dc959ee826802f97650202fb62bb6eb8e25b1ec88c78be5c93e,0.6218346357345581,predict_proba,9eb1905b0d2d4dff99236976201e564cbe25ee258ba901ad38107c5c6b5846f0,False,True
R0611,GG0033,CVB0030,REF0051,3,3,XGBoost,fa918013c1409dc959ee826802f97650202fb62bb6eb8e25b1ec88c78be5c93e,0.850397527217865,predict_proba,9eb1905b0d2d4dff99236976201e564cbe25ee258ba901ad38107c5c6b5846f0,False,True
R0612,GG0033,CVB0030,REF0051,3,3,XGBoost,fa918013c1409dc959ee826802f97650202fb62bb6eb8e25b1ec88c78be5c93e,0.040011096745729446,predict_proba,9eb1905b0d2d4dff99236976201e564cbe25ee258ba901ad38107c5c6b5846f0,False,True
R0613,GG0033,CVB0030,REF0051,3,3,XGBoost,fa918013c1409dc959ee826802f97650202fb62bb6eb8e25b1ec88c78be5c93e,0.08693870902061462,predict_proba,9eb1905b0d2d4dff99236976201e564cbe25ee258ba901ad38107c5c6b5846f0,False,True
R0614,GG0033,CVB0030,REF0051,3,3,XGBoost,fa918013c1409dc959ee826802f97650202fb62bb6eb8e25b1ec88c78be5c93e,0.021967172622680664,predict_proba,9eb1905b0d2d4dff99236976201e564cbe25ee258ba901ad38107c5c6b5846f0,False,True
R0615,GG0033,CVB0030,REF0051,3,3,XGBoost,fa918013c1409dc959ee826802f97650202fb62bb6eb8e25b1ec88c78be5c93e,0.018869370222091675,predict_proba,9eb1905b0d2d4dff99236976201e564cbe25ee258ba901ad38107c5c6b5846f0,False,True
R0616,GG0033,CVB0030,REF0051,3,3,XGBoost,fa918013c1409dc959ee826802f97650202fb62bb6eb8e25b1ec88c78be5c93e,0.010650219395756721,predict_proba,9eb1905b0d2d4dff99236976201e564cbe25ee258ba901ad38107c5c6b5846f0,False,True
R0617,GG0033,CVB0030,REF0051,3,3,XGBoost,fa918013c1409dc959ee826802f97650202fb62bb6eb8e25b1ec88c78be5c93e,0.08668786287307739,predict_proba,9eb1905b0d2d4dff99236976201e564cbe25ee258ba901ad38107c5c6b5846f0,False,True
R0618,GG0033,CVB0030,REF0051,3,3,XGBoost,fa918013c1409dc959ee826802f97650202fb62bb6eb8e25b1ec88c78be5c93e,0.031860899180173874,predict_proba,9eb1905b0d2d4dff99236976201e564cbe25ee258ba901ad38107c5c6b5846f0,False,True
R0619,GG0033,CVB0030,REF0051,3,3,XGBoost,fa918013c1409dc959ee826802f97650202fb62bb6eb8e25b1ec88c78be5c93e,0.16193723678588867,predict_proba,9eb1905b0d2d4dff99236976201e564cbe25ee258ba901ad38107c5c6b5846f0,False,True
R0620,GG0033,CVB0030,REF0051,3,3,XGBoost,fa918013c1409dc959ee826802f97650202fb62bb6eb8e25b1ec88c78be5c93e,0.10671190917491913,predict_proba,9eb1905b0d2d4dff99236976201e564cbe25ee258ba901ad38107c5c6b5846f0,False,True
R0621,GG0033,CVB0030,REF0051,3,3,XGBoost,fa918013c1409dc959ee826802f97650202fb62bb6eb8e25b1ec88c78be5c93e,0.031104013323783875,predict_proba,9eb1905b0d2d4dff99236976201e564cbe25ee258ba901ad38107c5c6b5846f0,False,True
R0622,GG0033,CVB0030,REF0051,3,3,XGBoost,fa918013c1409dc959ee826802f97650202fb62bb6eb8e25b1ec88c78be5c93e,0.5806198716163635,predict_proba,9eb1905b0d2d4dff99236976201e564cbe25ee258ba901ad38107c5c6b5846f0,False,True
R0623,GG0033,CVB0030,REF0051,3,3,XGBoost,fa918013c1409dc959ee826802f97650202fb62bb6eb8e25b1ec88c78be5c93e,0.08768607676029205,predict_proba,9eb1905b0d2d4dff99236976201e564cbe25ee258ba901ad38107c5c6b5846f0,False,True
R0624,GG0033,CVB0030,REF0051,3,3,XGBoost,fa918013c1409dc959ee826802f97650202fb62bb6eb8e25b1ec88c78be5c93e,0.14318595826625824,predict_proba,9eb1905b0d2d4dff99236976201e564cbe25ee258ba901ad38107c5c6b5846f0,False,True
R0625,GG0033,CVB0030,REF0051,3,3,XGBoost,fa918013c1409dc959ee826802f97650202fb62bb6eb8e25b1ec88c78be5c93e,0.10767319053411484,predict_proba,9eb1905b0d2d4dff99236976201e564cbe25ee258ba901ad38107c5c6b5846f0,False,True
R0626,GG0033,CVB0030,REF0051,3,3,XGBoost,fa918013c1409dc959ee826802f97650202fb62bb6eb8e25b1ec88c78be5c93e,0.03403486683964729,predict_proba,9eb1905b0d2d4dff99236976201e564cbe25ee258ba901ad38107c5c6b5846f0,False,True
R0627,GG0033,CVB0030,REF0051,3,3,XGBoost,fa918013c1409dc959ee826802f97650202fb62bb6eb8e25b1ec88c78be5c93e,0.1311570256948471,predict_proba,9eb1905b0d2d4dff99236976201e564cbe25ee258ba901ad38107c5c6b5846f0,False,True
R0737,GG0021,CVB0010,REF0057,3,3,XGBoost,fa918013c1409dc959ee826802f97650202fb62bb6eb8e25b1ec88c78be5c93e,0.019565273076295853,predict_proba,9eb1905b0d2d4dff99236976201e564cbe25ee258ba901ad38107c5c6b5846f0,True,True
R0738,GG0021,CVB0010,REF0057,3,3,XGBoost,fa918013c1409dc959ee826802f97650202fb62bb6eb8e25b1ec88c78be5c93e,0.8369724154472351,predict_proba,9eb1905b0d2d4dff99236976201e564cbe25ee258ba901ad38107c5c6b5846f0,True,True
R0739,GG0021,CVB0010,REF0057,3,3,XGBoost,fa918013c1409dc959ee826802f97650202fb62bb6eb8e25b1ec88c78be5c93e,0.2781684994697571,predict_proba,9eb1905b0d2d4dff99236976201e564cbe25ee258ba901ad38107c5c6b5846f0,True,True
R0740,GG0021,CVB0010,REF0057,3,3,XGBoost,fa918013c1409dc959ee826802f97650202fb62bb6eb8e25b1ec88c78be5c93e,0.9371642470359802,predict_proba,9eb1905b0d2d4dff99236976201e564cbe25ee258ba901ad38107c5c6b5846f0,True,True
R0741,GG0021,CVB0010,REF0057,3,3,XGBoost,fa918013c1409dc959ee826802f97650202fb62bb6eb8e25b1ec88c78be5c93e,0.976814329624176,predict_proba,9eb1905b0d2d4dff99236976201e564cbe25ee258ba901ad38107c5c6b5846f0,True,True
R0742,GG0021,CVB0010,REF0057,3,3,XGBoost,fa918013c1409dc959ee826802f97650202fb62bb6eb8e25b1ec88c78be5c93e,0.981748640537262,predict_proba,9eb1905b0d2d4dff99236976201e564cbe25ee258ba901ad38107c5c6b5846f0,True,True
R0743,GG0021,CVB0010,REF0057,3,3,XGBoost,fa918013c1409dc959ee826802f97650202fb62bb6eb8e25b1ec88c78be5c93e,0.8934352397918701,predict_proba,9eb1905b0d2d4dff99236976201e564cbe25ee258ba901ad38107c5c6b5846f0,True,True
R0744,GG0021,CVB0010,REF0057,3,3,XGBoost,fa918013c1409dc959ee826802f97650202fb62bb6eb8e25b1ec88c78be5c93e,0.7962657809257507,predict_proba,9eb1905b0d2d4dff99236976201e564cbe25ee258ba901ad38107c5c6b5846f0,True,True
R0745,GG0021,CVB0010,REF0058,3,3,XGBoost,fa918013c1409dc959ee826802f97650202fb62bb6eb8e25b1ec88c78be5c93e,0.0031219711527228355,predict_proba,9eb1905b0d2d4dff99236976201e564cbe25ee258ba901ad38107c5c6b5846f0,True,True
R0746,GG0021,CVB0010,REF0058,3,3,XGBoost,fa918013c1409dc959ee826802f97650202fb62bb6eb8e25b1ec88c78be5c93e,0.005615281872451305,predict_proba,9eb1905b0d2d4dff99236976201e564cbe25ee258ba901ad38107c5c6b5846f0,True,True
R0747,GG0021,CVB0010,REF0058,3,3,XGBoost,fa918013c1409dc959ee826802f97650202fb62bb6eb8e25b1ec88c78be5c93e,0.002022520871832967,predict_proba,9eb1905b0d2d4dff99236976201e564cbe25ee258ba901ad38107c5c6b5846f0,True,True
R0748,GG0021,CVB0010,REF0058,3,3,XGBoost,fa918013c1409dc959ee826802f97650202fb62bb6eb8e25b1ec88c78be5c93e,0.008590812794864178,predict_proba,9eb1905b0d2d4dff99236976201e564cbe25ee258ba901ad38107c5c6b5846f0,True,True
R0754,GG0021,CVB0010,REF0059,3,3,XGBoost,fa918013c1409dc959ee826802f97650202fb62bb6eb8e25b1ec88c78be5c93e,0.9288356304168701,predict_proba,9eb1905b0d2d4dff99236976201e564cbe25ee258ba901ad38107c5c6b5846f0,True,True
R0755,GG0021,CVB0010,REF0059,3,3,XGBoost,fa918013c1409dc959ee826802f97650202fb62bb6eb8e25b1ec88c78be5c93e,0.4028968811035156,predict_proba,9eb1905b0d2d4dff99236976201e564cbe25ee258ba901ad38107c5c6b5846f0,True,True
R0756,GG0021,CVB0010,REF0059,3,3,XGBoost,fa918013c1409dc959ee826802f97650202fb62bb6eb8e25b1ec88c78be5c93e,0.9617528915405273,predict_proba,9eb1905b0d2d4dff99236976201e564cbe25ee258ba901ad38107c5c6b5846f0,True,True
R0757,GG0021,CVB0010,REF0059,3,3,XGBoost,fa918013c1409dc959ee826802f97650202fb62bb6eb8e25b1ec88c78be5c93e,0.8568573594093323,predict_proba,9eb1905b0d2d4dff99236976201e564cbe25ee258ba901ad38107c5c6b5846f0,True,True
R0846,GG0033,CVB0030,REF0069,3,3,XGBoost,fa918013c1409dc959ee826802f97650202fb62bb6eb8e25b1ec88c78be5c93e,0.8837906122207642,predict_proba,9eb1905b0d2d4dff99236976201e564cbe25ee258ba901ad38107c5c6b5846f0,False,True
R0847,GG0033,CVB0030,REF0069,3,3,XGBoost,fa918013c1409dc959ee826802f97650202fb62bb6eb8e25b1ec88c78be5c93e,0.9554903507232666,predict_proba,9eb1905b0d2d4dff99236976201e564cbe25ee258ba901ad38107c5c6b5846f0,False,True
R0848,GG0033,CVB0030,REF0069,3,3,XGBoost,fa918013c1409dc959ee826802f97650202fb62bb6eb8e25b1ec88c78be5c93e,0.5310482978820801,predict_proba,9eb1905b0d2d4dff99236976201e564cbe25ee258ba901ad38107c5c6b5846f0,False,True
R0849,GG0033,CVB0030,REF0069,3,3,XGBoost,fa918013c1409dc959ee826802f97650202fb62bb6eb8e25b1ec88c78be5c93e,0.8663346171379089,predict_proba,9eb1905b0d2d4dff99236976201e564cbe25ee258ba901ad38107c5c6b5846f0,False,True
R0850,GG0033,CVB0030,REF0069,3,3,XGBoost,fa918013c1409dc959ee826802f97650202fb62bb6eb8e25b1ec88c78be5c93e,0.9218512773513794,predict_proba,9eb1905b0d2d4dff99236976201e564cbe25ee258ba901ad38107c5c6b5846f0,False,True
R0851,GG0033,CVB0030,REF0069,3,3,XGBoost,fa918013c1409dc959ee826802f97650202fb62bb6eb8e25b1ec88c78be5c93e,0.955265998840332,predict_proba,9eb1905b0d2d4dff99236976201e564cbe25ee258ba901ad38107c5c6b5846f0,False,True
R0852,GG0033,CVB0030,REF0069,3,3,XGBoost,fa918013c1409dc959ee826802f97650202fb62bb6eb8e25b1ec88c78be5c93e,0.8569746017456055,predict_proba,9eb1905b0d2d4dff99236976201e564cbe25ee258ba901ad38107c5c6b5846f0,False,True
R0853,GG0033,CVB0030,REF0069,3,3,XGBoost,fa918013c1409dc959ee826802f97650202fb62bb6eb8e25b1ec88c78be5c93e,0.9755253791809082,predict_proba,9eb1905b0d2d4dff99236976201e564cbe25ee258ba901ad38107c5c6b5846f0,False,True
R0854,GG0033,CVB0030,REF0069,3,3,XGBoost,fa918013c1409dc959ee826802f97650202fb62bb6eb8e25b1ec88c78be5c93e,0.9731664061546326,predict_proba,9eb1905b0d2d4dff99236976201e564cbe25ee258ba901ad38107c5c6b5846f0,False,True
R0855,GG0033,CVB0030,REF0069,3,3,XGBoost,fa918013c1409dc959ee826802f97650202fb62bb6eb8e25b1ec88c78be5c93e,0.034377820789813995,predict_proba,9eb1905b0d2d4dff99236976201e564cbe25ee258ba901ad38107c5c6b5846f0,False,True
R0866,GG0033,CVB0030,REF0071,3,3,XGBoost,fa918013c1409dc959ee826802f97650202fb62bb6eb8e25b1ec88c78be5c93e,0.009394613094627857,predict_proba,9eb1905b0d2d4dff99236976201e564cbe25ee258ba901ad38107c5c6b5846f0,False,True
R0867,GG0033,CVB0030,REF0071,3,3,XGBoost,fa918013c1409dc959ee826802f97650202fb62bb6eb8e25b1ec88c78be5c93e,0.31075793504714966,predict_proba,9eb1905b0d2d4dff99236976201e564cbe25ee258ba901ad38107c5c6b5846f0,False,True
R0870,GG0033,CVB0030,REF0071,3,3,XGBoost,fa918013c1409dc959ee826802f97650202fb62bb6eb8e25b1ec88c78be5c93e,0.0006098917801864445,predict_proba,9eb1905b0d2d4dff99236976201e564cbe25ee258ba901ad38107c5c6b5846f0,False,True
R0871,GG0033,CVB0030,REF0071,3,3,XGBoost,fa918013c1409dc959ee826802f97650202fb62bb6eb8e25b1ec88c78be5c93e,0.010943901725113392,predict_proba,9eb1905b0d2d4dff99236976201e564cbe25ee258ba901ad38107c5c6b5846f0,False,True
R0872,GG0033,CVB0030,REF0071,3,3,XGBoost,fa918013c1409dc959ee826802f97650202fb62bb6eb8e25b1ec88c78be5c93e,0.009766281582415104,predict_proba,9eb1905b0d2d4dff99236976201e564cbe25ee258ba901ad38107c5c6b5846f0,False,True
R0873,GG0033,CVB0030,REF0071,3,3,XGBoost,fa918013c1409dc959ee826802f97650202fb62bb6eb8e25b1ec88c78be5c93e,0.051633600145578384,predict_proba,9eb1905b0d2d4dff99236976201e564cbe25ee258ba901ad38107c5c6b5846f0,False,True
R0874,GG0033,CVB0030,REF0071,3,3,XGBoost,fa918013c1409dc959ee826802f97650202fb62bb6eb8e25b1ec88c78be5c93e,0.00980028510093689,predict_proba,9eb1905b0d2d4dff99236976201e564cbe25ee258ba901ad38107c5c6b5846f0,False,True
R0875,GG0033,CVB0030,REF0071,3,3,XGBoost,fa918013c1409dc959ee826802f97650202fb62bb6eb8e25b1ec88c78be5c93e,0.010086800903081894,predict_proba,9eb1905b0d2d4dff99236976201e564cbe25ee258ba901ad38107c5c6b5846f0,False,True
R0876,GG0033,CVB0030,REF0071,3,3,XGBoost,fa918013c1409dc959ee826802f97650202fb62bb6eb8e25b1ec88c78be5c93e,0.004564016126096249,predict_proba,9eb1905b0d2d4dff99236976201e564cbe25ee258ba901ad38107c5c6b5846f0,False,True
R0877,GG0033,CVB0030,REF0071,3,3,XGBoost,fa918013c1409dc959ee826802f97650202fb62bb6eb8e25b1ec88c78be5c93e,0.27371343970298767,predict_proba,9eb1905b0d2d4dff99236976201e564cbe25ee258ba901ad38107c5c6b5846f0,False,True
R0878,GG0033,CVB0030,REF0071,3,3,XGBoost,fa918013c1409dc959ee826802f97650202fb62bb6eb8e25b1ec88c78be5c93e,0.6967096924781799,predict_proba,9eb1905b0d2d4dff99236976201e564cbe25ee258ba901ad38107c5c6b5846f0,False,True
R0934,GG0011,CVB0011,REF0077,3,3,XGBoost,fa918013c1409dc959ee826802f97650202fb62bb6eb8e25b1ec88c78be5c93e,0.43004900217056274,predict_proba,9eb1905b0d2d4dff99236976201e564cbe25ee258ba901ad38107c5c6b5846f0,False,True
R0935,GG0011,CVB0011,REF0077,3,3,XGBoost,fa918013c1409dc959ee826802f97650202fb62bb6eb8e25b1ec88c78be5c93e,0.8853201866149902,predict_proba,9eb1905b0d2d4dff99236976201e564cbe25ee258ba901ad38107c5c6b5846f0,False,True
R0936,GG0011,CVB0011,REF0077,3,3,XGBoost,fa918013c1409dc959ee826802f97650202fb62bb6eb8e25b1ec88c78be5c93e,0.6787987947463989,predict_proba,9eb1905b0d2d4dff99236976201e564cbe25ee258ba901ad38107c5c6b5846f0,False,True
R0937,GG0011,CVB0011,REF0077,3,3,XGBoost,fa918013c1409dc959ee826802f97650202fb62bb6eb8e25b1ec88c78be5c93e,0.7731592655181885,predict_proba,9eb1905b0d2d4dff99236976201e564cbe25ee258ba901ad38107c5c6b5846f0,False,True
R0938,GG0011,CVB0011,REF0077,3,3,XGBoost,fa918013c1409dc959ee826802f97650202fb62bb6eb8e25b1ec88c78be5c93e,0.6715671420097351,predict_proba,9eb1905b0d2d4dff99236976201e564cbe25ee258ba901ad38107c5c6b5846f0,False,True
R0939,GG0011,CVB0011,REF0077,3,3,XGBoost,fa918013c1409dc959ee826802f97650202fb62bb6eb8e25b1ec88c78be5c93e,0.8732110857963562,predict_proba,9eb1905b0d2d4dff99236976201e564cbe25ee258ba901ad38107c5c6b5846f0,False,True
R0940,GG0011,CVB0011,REF0077,3,3,XGBoost,fa918013c1409dc959ee826802f97650202fb62bb6eb8e25b1ec88c78be5c93e,0.19968560338020325,predict_proba,9eb1905b0d2d4dff99236976201e564cbe25ee258ba901ad38107c5c6b5846f0,False,True
R0941,GG0011,CVB0011,REF0077,3,3,XGBoost,fa918013c1409dc959ee826802f97650202fb62bb6eb8e25b1ec88c78be5c93e,0.1796697974205017,predict_proba,9eb1905b0d2d4dff99236976201e564cbe25ee258ba901ad38107c5c6b5846f0,False,True
R0942,GG0011,CVB0011,REF0077,3,3,XGBoost,fa918013c1409dc959ee826802f97650202fb62bb6eb8e25b1ec88c78be5c93e,0.0700114294886589,predict_proba,9eb1905b0d2d4dff99236976201e564cbe25ee258ba901ad38107c5c6b5846f0,False,True
R0943,GG0011,CVB0011,REF0077,3,3,XGBoost,fa918013c1409dc959ee826802f97650202fb62bb6eb8e25b1ec88c78be5c93e,0.07404477149248123,predict_proba,9eb1905b0d2d4dff99236976201e564cbe25ee258ba901ad38107c5c6b5846f0,False,True
R1000,GG0022,CVB0019,REF0084,3,3,XGBoost,fa918013c1409dc959ee826802f97650202fb62bb6eb8e25b1ec88c78be5c93e,0.6929031610488892,predict_proba,9eb1905b0d2d4dff99236976201e564cbe25ee258ba901ad38107c5c6b5846f0,False,True
R1001,GG0022,CVB0019,REF0084,3,3,XGBoost,fa918013c1409dc959ee826802f97650202fb62bb6eb8e25b1ec88c78be5c93e,0.8129158020019531,predict_proba,9eb1905b0d2d4dff99236976201e564cbe25ee258ba901ad38107c5c6b5846f0,False,True
R1002,GG0022,CVB0019,REF0084,3,3,XGBoost,fa918013c1409dc959ee826802f97650202fb62bb6eb8e25b1ec88c78be5c93e,0.3170050382614136,predict_proba,9eb1905b0d2d4dff99236976201e564cbe25ee258ba901ad38107c5c6b5846f0,False,True
R1003,GG0022,CVB0019,REF0084,3,3,XGBoost,fa918013c1409dc959ee826802f97650202fb62bb6eb8e25b1ec88c78be5c93e,0.03859943524003029,predict_proba,9eb1905b0d2d4dff99236976201e564cbe25ee258ba901ad38107c5c6b5846f0,False,True
R1004,GG0022,CVB0019,REF0084,3,3,XGBoost,fa918013c1409dc959ee826802f97650202fb62bb6eb8e25b1ec88c78be5c93e,0.9670472741127014,predict_proba,9eb1905b0d2d4dff99236976201e564cbe25ee258ba901ad38107c5c6b5846f0,False,True
R1005,GG0022,CVB0019,REF0084,3,3,XGBoost,fa918013c1409dc959ee826802f97650202fb62bb6eb8e25b1ec88c78be5c93e,0.005023947451263666,predict_proba,9eb1905b0d2d4dff99236976201e564cbe25ee258ba901ad38107c5c6b5846f0,False,True
R1411,GG0011,CVB0011,REF0110,3,3,XGBoost,fa918013c1409dc959ee826802f97650202fb62bb6eb8e25b1ec88c78be5c93e,0.0009726675925776362,predict_proba,9eb1905b0d2d4dff99236976201e564cbe25ee258ba901ad38107c5c6b5846f0,False,True
R1412,GG0011,CVB0011,REF0110,3,3,XGBoost,fa918013c1409dc959ee826802f97650202fb62bb6eb8e25b1ec88c78be5c93e,0.00285344454459846,predict_proba,9eb1905b0d2d4dff99236976201e564cbe25ee258ba901ad38107c5c6b5846f0,False,True
R1413,GG0011,CVB0011,REF0110,3,3,XGBoost,fa918013c1409dc959ee826802f97650202fb62bb6eb8e25b1ec88c78be5c93e,0.0004351265379227698,predict_proba,9eb1905b0d2d4dff99236976201e564cbe25ee258ba901ad38107c5c6b5846f0,False,True
R1414,GG0011,CVB0011,REF0110,3,3,XGBoost,fa918013c1409dc959ee826802f97650202fb62bb6eb8e25b1ec88c78be5c93e,0.006545363925397396,predict_proba,9eb1905b0d2d4dff99236976201e564cbe25ee258ba901ad38107c5c6b5846f0,False,True
R1415,GG0011,CVB0011,REF0110,3,3,XGBoost,fa918013c1409dc959ee826802f97650202fb62bb6eb8e25b1ec88c78be5c93e,0.026503924280405045,predict_proba,9eb1905b0d2d4dff99236976201e564cbe25ee258ba901ad38107c5c6b5846f0,False,True
R1416,GG0011,CVB0011,REF0110,3,3,XGBoost,fa918013c1409dc959ee826802f97650202fb62bb6eb8e25b1ec88c78be5c93e,0.0009337367373518646,predict_proba,9eb1905b0d2d4dff99236976201e564cbe25ee258ba901ad38107c5c6b5846f0,False,True
R1417,GG0011,CVB0011,REF0110,3,3,XGBoost,fa918013c1409dc959ee826802f97650202fb62bb6eb8e25b1ec88c78be5c93e,0.0007644337019883096,predict_proba,9eb1905b0d2d4dff99236976201e564cbe25ee258ba901ad38107c5c6b5846f0,False,True
R1418,GG0011,CVB0011,REF0110,3,3,XGBoost,fa918013c1409dc959ee826802f97650202fb62bb6eb8e25b1ec88c78be5c93e,0.0017322096973657608,predict_proba,9eb1905b0d2d4dff99236976201e564cbe25ee258ba901ad38107c5c6b5846f0,False,True
R1419,GG0011,CVB0011,REF0110,3,3,XGBoost,fa918013c1409dc959ee826802f97650202fb62bb6eb8e25b1ec88c78be5c93e,0.004266236908733845,predict_proba,9eb1905b0d2d4dff99236976201e564cbe25ee258ba901ad38107c5c6b5846f0,False,True
R1420,GG0011,CVB0011,REF0110,3,3,XGBoost,fa918013c1409dc959ee826802f97650202fb62bb6eb8e25b1ec88c78be5c93e,0.0021243193186819553,predict_proba,9eb1905b0d2d4dff99236976201e564cbe25ee258ba901ad38107c5c6b5846f0,False,True
R1421,GG0011,CVB0011,REF0110,3,3,XGBoost,fa918013c1409dc959ee826802f97650202fb62bb6eb8e25b1ec88c78be5c93e,0.03941589966416359,predict_proba,9eb1905b0d2d4dff99236976201e564cbe25ee258ba901ad38107c5c6b5846f0,False,True
R1422,GG0011,CVB0011,REF0110,3,3,XGBoost,fa918013c1409dc959ee826802f97650202fb62bb6eb8e25b1ec88c78be5c93e,0.13885855674743652,predict_proba,9eb1905b0d2d4dff99236976201e564cbe25ee258ba901ad38107c5c6b5846f0,False,True
R1423,GG0011,CVB0011,REF0110,3,3,XGBoost,fa918013c1409dc959ee826802f97650202fb62bb6eb8e25b1ec88c78be5c93e,0.36676308512687683,predict_proba,9eb1905b0d2d4dff99236976201e564cbe25ee258ba901ad38107c5c6b5846f0,False,True
R1424,GG0011,CVB0011,REF0110,3,3,XGBoost,fa918013c1409dc959ee826802f97650202fb62bb6eb8e25b1ec88c78be5c93e,0.9061451554298401,predict_proba,9eb1905b0d2d4dff99236976201e564cbe25ee258ba901ad38107c5c6b5846f0,False,True
R1425,GG0011,CVB0011,REF0110,3,3,XGBoost,fa918013c1409dc959ee826802f97650202fb62bb6eb8e25b1ec88c78be5c93e,0.7051061391830444,predict_proba,9eb1905b0d2d4dff99236976201e564cbe25ee258ba901ad38107c5c6b5846f0,False,True
R1426,GG0011,CVB0011,REF0110,3,3,XGBoost,fa918013c1409dc959ee826802f97650202fb62bb6eb8e25b1ec88c78be5c93e,0.1836317479610443,predict_proba,9eb1905b0d2d4dff99236976201e564cbe25ee258ba901ad38107c5c6b5846f0,False,True
R1427,GG0011,CVB0011,REF0110,3,3,XGBoost,fa918013c1409dc959ee826802f97650202fb62bb6eb8e25b1ec88c78be5c93e,0.30586421489715576,predict_proba,9eb1905b0d2d4dff99236976201e564cbe25ee258ba901ad38107c5c6b5846f0,False,True
R1428,GG0011,CVB0011,REF0110,3,3,XGBoost,fa918013c1409dc959ee826802f97650202fb62bb6eb8e25b1ec88c78be5c93e,0.0237516351044178,predict_proba,9eb1905b0d2d4dff99236976201e564cbe25ee258ba901ad38107c5c6b5846f0,False,True
R1429,GG0011,CVB0011,REF0110,3,3,XGBoost,fa918013c1409dc959ee826802f97650202fb62bb6eb8e25b1ec88c78be5c93e,0.042286742478609085,predict_proba,9eb1905b0d2d4dff99236976201e564cbe25ee258ba901ad38107c5c6b5846f0,False,True
R1430,GG0011,CVB0011,REF0110,3,3,XGBoost,fa918013c1409dc959ee826802f97650202fb62bb6eb8e25b1ec88c78be5c93e,0.20471593737602234,predict_proba,9eb1905b0d2d4dff99236976201e564cbe25ee258ba901ad38107c5c6b5846f0,False,True
R2142,GG0033,CVB0030,REF0155,3,3,XGBoost,fa918013c1409dc959ee826802f97650202fb62bb6eb8e25b1ec88c78be5c93e,0.7995805740356445,predict_proba,9eb1905b0d2d4dff99236976201e564cbe25ee258ba901ad38107c5c6b5846f0,False,True
R2143,GG0033,CVB0030,REF0155,3,3,XGBoost,fa918013c1409dc959ee826802f97650202fb62bb6eb8e25b1ec88c78be5c93e,0.5948888063430786,predict_proba,9eb1905b0d2d4dff99236976201e564cbe25ee258ba901ad38107c5c6b5846f0,False,True
R2144,GG0033,CVB0030,REF0155,3,3,XGBoost,fa918013c1409dc959ee826802f97650202fb62bb6eb8e25b1ec88c78be5c93e,0.005805316846817732,predict_proba,9eb1905b0d2d4dff99236976201e564cbe25ee258ba901ad38107c5c6b5846f0,False,True
R2145,GG0033,CVB0030,REF0155,3,3,XGBoost,fa918013c1409dc959ee826802f97650202fb62bb6eb8e25b1ec88c78be5c93e,0.3392965495586395,predict_proba,9eb1905b0d2d4dff99236976201e564cbe25ee258ba901ad38107c5c6b5846f0,False,True
R2146,GG0033,CVB0030,REF0155,3,3,XGBoost,fa918013c1409dc959ee826802f97650202fb62bb6eb8e25b1ec88c78be5c93e,0.5515286326408386,predict_proba,9eb1905b0d2d4dff99236976201e564cbe25ee258ba901ad38107c5c6b5846f0,False,True
R2147,GG0033,CVB0030,REF0155,3,3,XGBoost,fa918013c1409dc959ee826802f97650202fb62bb6eb8e25b1ec88c78be5c93e,0.20491762459278107,predict_proba,9eb1905b0d2d4dff99236976201e564cbe25ee258ba901ad38107c5c6b5846f0,False,True
R2783,GG0017,CVB0007,REF0200,3,3,XGBoost,fa918013c1409dc959ee826802f97650202fb62bb6eb8e25b1ec88c78be5c93e,0.09375223517417908,predict_proba,9eb1905b0d2d4dff99236976201e564cbe25ee258ba901ad38107c5c6b5846f0,True,True
R2785,GG0017,CVB0007,REF0200,3,3,XGBoost,fa918013c1409dc959ee826802f97650202fb62bb6eb8e25b1ec88c78be5c93e,0.09744676947593689,predict_proba,9eb1905b0d2d4dff99236976201e564cbe25ee258ba901ad38107c5c6b5846f0,True,True
R2786,GG0017,CVB0007,REF0200,3,3,XGBoost,fa918013c1409dc959ee826802f97650202fb62bb6eb8e25b1ec88c78be5c93e,0.11903540790081024,predict_proba,9eb1905b0d2d4dff99236976201e564cbe25ee258ba901ad38107c5c6b5846f0,True,True
R2787,GG0017,CVB0007,REF0200,3,3,XGBoost,fa918013c1409dc959ee826802f97650202fb62bb6eb8e25b1ec88c78be5c93e,0.03616612032055855,predict_proba,9eb1905b0d2d4dff99236976201e564cbe25ee258ba901ad38107c5c6b5846f0,True,True
R2788,GG0017,CVB0007,REF0200,3,3,XGBoost,fa918013c1409dc959ee826802f97650202fb62bb6eb8e25b1ec88c78be5c93e,0.021381646394729614,predict_proba,9eb1905b0d2d4dff99236976201e564cbe25ee258ba901ad38107c5c6b5846f0,True,True
R2789,GG0017,CVB0007,REF0200,3,3,XGBoost,fa918013c1409dc959ee826802f97650202fb62bb6eb8e25b1ec88c78be5c93e,0.22877319157123566,predict_proba,9eb1905b0d2d4dff99236976201e564cbe25ee258ba901ad38107c5c6b5846f0,True,True
R2791,GG0017,CVB0007,REF0200,3,3,XGBoost,fa918013c1409dc959ee826802f97650202fb62bb6eb8e25b1ec88c78be5c93e,0.03335770592093468,predict_proba,9eb1905b0d2d4dff99236976201e564cbe25ee258ba901ad38107c5c6b5846f0,True,True
R2795,GG0017,CVB0007,REF0200,3,3,XGBoost,fa918013c1409dc959ee826802f97650202fb62bb6eb8e25b1ec88c78be5c93e,0.10217299312353134,predict_proba,9eb1905b0d2d4dff99236976201e564cbe25ee258ba901ad38107c5c6b5846f0,True,True
R2797,GG0017,CVB0007,REF0200,3,3,XGBoost,fa918013c1409dc959ee826802f97650202fb62bb6eb8e25b1ec88c78be5c93e,0.004495252389460802,predict_proba,9eb1905b0d2d4dff99236976201e564cbe25ee258ba901ad38107c5c6b5846f0,True,True
R2842,GG0021,CVB0010,REF0206,3,3,XGBoost,fa918013c1409dc959ee826802f97650202fb62bb6eb8e25b1ec88c78be5c93e,0.09912724047899246,predict_proba,9eb1905b0d2d4dff99236976201e564cbe25ee258ba901ad38107c5c6b5846f0,True,True
R2843,GG0021,CVB0010,REF0206,3,3,XGBoost,fa918013c1409dc959ee826802f97650202fb62bb6eb8e25b1ec88c78be5c93e,0.021491138264536858,predict_proba,9eb1905b0d2d4dff99236976201e564cbe25ee258ba901ad38107c5c6b5846f0,True,True
R2844,GG0021,CVB0010,REF0206,3,3,XGBoost,fa918013c1409dc959ee826802f97650202fb62bb6eb8e25b1ec88c78be5c93e,0.18149594962596893,predict_proba,9eb1905b0d2d4dff99236976201e564cbe25ee258ba901ad38107c5c6b5846f0,True,True
R2845,GG0021,CVB0010,REF0206,3,3,XGBoost,fa918013c1409dc959ee826802f97650202fb62bb6eb8e25b1ec88c78be5c93e,0.6996272802352905,predict_proba,9eb1905b0d2d4dff99236976201e564cbe25ee258ba901ad38107c5c6b5846f0,True,True
R2846,GG0021,CVB0010,REF0206,3,3,XGBoost,fa918013c1409dc959ee826802f97650202fb62bb6eb8e25b1ec88c78be5c93e,0.9373067021369934,predict_proba,9eb1905b0d2d4dff99236976201e564cbe25ee258ba901ad38107c5c6b5846f0,True,True
R2847,GG0021,CVB0010,REF0206,3,3,XGBoost,fa918013c1409dc959ee826802f97650202fb62bb6eb8e25b1ec88c78be5c93e,0.833584189414978,predict_proba,9eb1905b0d2d4dff99236976201e564cbe25ee258ba901ad38107c5c6b5846f0,True,True
R2848,GG0021,CVB0010,REF0206,3,3,XGBoost,fa918013c1409dc959ee826802f97650202fb62bb6eb8e25b1ec88c78be5c93e,0.3145045042037964,predict_proba,9eb1905b0d2d4dff99236976201e564cbe25ee258ba901ad38107c5c6b5846f0,True,True
R2849,GG0021,CVB0010,REF0206,3,3,XGBoost,fa918013c1409dc959ee826802f97650202fb62bb6eb8e25b1ec88c78be5c93e,0.9905771017074585,predict_proba,9eb1905b0d2d4dff99236976201e564cbe25ee258ba901ad38107c5c6b5846f0,True,True
R2858,GG0021,CVB0010,REF0208,3,3,XGBoost,fa918013c1409dc959ee826802f97650202fb62bb6eb8e25b1ec88c78be5c93e,0.7111766934394836,predict_proba,9eb1905b0d2d4dff99236976201e564cbe25ee258ba901ad38107c5c6b5846f0,True,True
R2859,GG0021,CVB0010,REF0208,3,3,XGBoost,fa918013c1409dc959ee826802f97650202fb62bb6eb8e25b1ec88c78be5c93e,0.9665699005126953,predict_proba,9eb1905b0d2d4dff99236976201e564cbe25ee258ba901ad38107c5c6b5846f0,True,True
R2860,GG0021,CVB0010,REF0208,3,3,XGBoost,fa918013c1409dc959ee826802f97650202fb62bb6eb8e25b1ec88c78be5c93e,0.40508386492729187,predict_proba,9eb1905b0d2d4dff99236976201e564cbe25ee258ba901ad38107c5c6b5846f0,True,True
R2861,GG0021,CVB0010,REF0208,3,3,XGBoost,fa918013c1409dc959ee826802f97650202fb62bb6eb8e25b1ec88c78be5c93e,0.9567347168922424,predict_proba,9eb1905b0d2d4dff99236976201e564cbe25ee258ba901ad38107c5c6b5846f0,True,True
R2862,GG0021,CVB0010,REF0208,3,3,XGBoost,fa918013c1409dc959ee826802f97650202fb62bb6eb8e25b1ec88c78be5c93e,0.8508390188217163,predict_proba,9eb1905b0d2d4dff99236976201e564cbe25ee258ba901ad38107c5c6b5846f0,True,True
R2863,GG0021,CVB0010,REF0208,3,3,XGBoost,fa918013c1409dc959ee826802f97650202fb62bb6eb8e25b1ec88c78be5c93e,0.8461597561836243,predict_proba,9eb1905b0d2d4dff99236976201e564cbe25ee258ba901ad38107c5c6b5846f0,True,True
R2864,GG0021,CVB0010,REF0208,3,3,XGBoost,fa918013c1409dc959ee826802f97650202fb62bb6eb8e25b1ec88c78be5c93e,0.6366347670555115,predict_proba,9eb1905b0d2d4dff99236976201e564cbe25ee258ba901ad38107c5c6b5846f0,True,True
R2869,GG0021,CVB0010,REF0209,3,3,XGBoost,fa918013c1409dc959ee826802f97650202fb62bb6eb8e25b1ec88c78be5c93e,0.932135283946991,predict_proba,9eb1905b0d2d4dff99236976201e564cbe25ee258ba901ad38107c5c6b5846f0,True,True
R2870,GG0021,CVB0010,REF0209,3,3,XGBoost,fa918013c1409dc959ee826802f97650202fb62bb6eb8e25b1ec88c78be5c93e,0.9746624827384949,predict_proba,9eb1905b0d2d4dff99236976201e564cbe25ee258ba901ad38107c5c6b5846f0,True,True
R2871,GG0021,CVB0010,REF0209,3,3,XGBoost,fa918013c1409dc959ee826802f97650202fb62bb6eb8e25b1ec88c78be5c93e,0.9560704231262207,predict_proba,9eb1905b0d2d4dff99236976201e564cbe25ee258ba901ad38107c5c6b5846f0,True,True
R2872,GG0021,CVB0010,REF0209,3,3,XGBoost,fa918013c1409dc959ee826802f97650202fb62bb6eb8e25b1ec88c78be5c93e,0.944762110710144,predict_proba,9eb1905b0d2d4dff99236976201e564cbe25ee258ba901ad38107c5c6b5846f0,True,True
R2875,GG0021,CVB0010,REF0209,3,3,XGBoost,fa918013c1409dc959ee826802f97650202fb62bb6eb8e25b1ec88c78be5c93e,0.8399718403816223,predict_proba,9eb1905b0d2d4dff99236976201e564cbe25ee258ba901ad38107c5c6b5846f0,True,True
R0015,GG0021,CVB0010,REF0003,3,4,XGBoost,9abda8600d43251c251722bc0e6d5dceaead9da1a359ba4bd8a06cbb5ed10078,0.9466493129730225,predict_proba,9eb1905b0d2d4dff99236976201e564cbe25ee258ba901ad38107c5c6b5846f0,True,True
R0016,GG0021,CVB0010,REF0003,3,4,XGBoost,9abda8600d43251c251722bc0e6d5dceaead9da1a359ba4bd8a06cbb5ed10078,0.9196409583091736,predict_proba,9eb1905b0d2d4dff99236976201e564cbe25ee258ba901ad38107c5c6b5846f0,True,True
R0017,GG0021,CVB0010,REF0003,3,4,XGBoost,9abda8600d43251c251722bc0e6d5dceaead9da1a359ba4bd8a06cbb5ed10078,0.8942995667457581,predict_proba,9eb1905b0d2d4dff99236976201e564cbe25ee258ba901ad38107c5c6b5846f0,True,True
R0018,GG0021,CVB0010,REF0003,3,4,XGBoost,9abda8600d43251c251722bc0e6d5dceaead9da1a359ba4bd8a06cbb5ed10078,0.7663729786872864,predict_proba,9eb1905b0d2d4dff99236976201e564cbe25ee258ba901ad38107c5c6b5846f0,True,True
R0019,GG0021,CVB0010,REF0003,3,4,XGBoost,9abda8600d43251c251722bc0e6d5dceaead9da1a359ba4bd8a06cbb5ed10078,0.37334439158439636,predict_proba,9eb1905b0d2d4dff99236976201e564cbe25ee258ba901ad38107c5c6b5846f0,True,True
R0020,GG0021,CVB0010,REF0003,3,4,XGBoost,9abda8600d43251c251722bc0e6d5dceaead9da1a359ba4bd8a06cbb5ed10078,0.5119311809539795,predict_proba,9eb1905b0d2d4dff99236976201e564cbe25ee258ba901ad38107c5c6b5846f0,True,True
R0021,GG0021,CVB0010,REF0003,3,4,XGBoost,9abda8600d43251c251722bc0e6d5dceaead9da1a359ba4bd8a06cbb5ed10078,0.6808638572692871,predict_proba,9eb1905b0d2d4dff99236976201e564cbe25ee258ba901ad38107c5c6b5846f0,True,True
R0022,GG0021,CVB0010,REF0003,3,4,XGBoost,9abda8600d43251c251722bc0e6d5dceaead9da1a359ba4bd8a06cbb5ed10078,0.5415275692939758,predict_proba,9eb1905b0d2d4dff99236976201e564cbe25ee258ba901ad38107c5c6b5846f0,True,True
R0023,GG0021,CVB0010,REF0003,3,4,XGBoost,9abda8600d43251c251722bc0e6d5dceaead9da1a359ba4bd8a06cbb5ed10078,0.8808112144470215,predict_proba,9eb1905b0d2d4dff99236976201e564cbe25ee258ba901ad38107c5c6b5846f0,True,True
R0024,GG0021,CVB0010,REF0003,3,4,XGBoost,9abda8600d43251c251722bc0e6d5dceaead9da1a359ba4bd8a06cbb5ed10078,0.9572263360023499,predict_proba,9eb1905b0d2d4dff99236976201e564cbe25ee258ba901ad38107c5c6b5846f0,True,True
R0025,GG0021,CVB0010,REF0003,3,4,XGBoost,9abda8600d43251c251722bc0e6d5dceaead9da1a359ba4bd8a06cbb5ed10078,0.8501487970352173,predict_proba,9eb1905b0d2d4dff99236976201e564cbe25ee258ba901ad38107c5c6b5846f0,True,True
R0026,GG0021,CVB0010,REF0003,3,4,XGBoost,9abda8600d43251c251722bc0e6d5dceaead9da1a359ba4bd8a06cbb5ed10078,0.7880476713180542,predict_proba,9eb1905b0d2d4dff99236976201e564cbe25ee258ba901ad38107c5c6b5846f0,True,True
R0027,GG0021,CVB0010,REF0003,3,4,XGBoost,9abda8600d43251c251722bc0e6d5dceaead9da1a359ba4bd8a06cbb5ed10078,0.6486688852310181,predict_proba,9eb1905b0d2d4dff99236976201e564cbe25ee258ba901ad38107c5c6b5846f0,True,True
R0028,GG0021,CVB0010,REF0003,3,4,XGBoost,9abda8600d43251c251722bc0e6d5dceaead9da1a359ba4bd8a06cbb5ed10078,0.6734793186187744,predict_proba,9eb1905b0d2d4dff99236976201e564cbe25ee258ba901ad38107c5c6b5846f0,True,True
R0029,GG0021,CVB0010,REF0004,3,4,XGBoost,9abda8600d43251c251722bc0e6d5dceaead9da1a359ba4bd8a06cbb5ed10078,0.9756622314453125,predict_proba,9eb1905b0d2d4dff99236976201e564cbe25ee258ba901ad38107c5c6b5846f0,True,True
R0030,GG0021,CVB0010,REF0004,3,4,XGBoost,9abda8600d43251c251722bc0e6d5dceaead9da1a359ba4bd8a06cbb5ed10078,0.9361790418624878,predict_proba,9eb1905b0d2d4dff99236976201e564cbe25ee258ba901ad38107c5c6b5846f0,True,True
R0031,GG0021,CVB0010,REF0004,3,4,XGBoost,9abda8600d43251c251722bc0e6d5dceaead9da1a359ba4bd8a06cbb5ed10078,0.9351746439933777,predict_proba,9eb1905b0d2d4dff99236976201e564cbe25ee258ba901ad38107c5c6b5846f0,True,True
R0032,GG0021,CVB0010,REF0004,3,4,XGBoost,9abda8600d43251c251722bc0e6d5dceaead9da1a359ba4bd8a06cbb5ed10078,0.9073230624198914,predict_proba,9eb1905b0d2d4dff99236976201e564cbe25ee258ba901ad38107c5c6b5846f0,True,True
R0033,GG0021,CVB0010,REF0004,3,4,XGBoost,9abda8600d43251c251722bc0e6d5dceaead9da1a359ba4bd8a06cbb5ed10078,0.871925413608551,predict_proba,9eb1905b0d2d4dff99236976201e564cbe25ee258ba901ad38107c5c6b5846f0,True,True
R0034,GG0021,CVB0010,REF0004,3,4,XGBoost,9abda8600d43251c251722bc0e6d5dceaead9da1a359ba4bd8a06cbb5ed10078,0.6470915079116821,predict_proba,9eb1905b0d2d4dff99236976201e564cbe25ee258ba901ad38107c5c6b5846f0,True,True
R0035,GG0021,CVB0010,REF0004,3,4,XGBoost,9abda8600d43251c251722bc0e6d5dceaead9da1a359ba4bd8a06cbb5ed10078,0.8746480941772461,predict_proba,9eb1905b0d2d4dff99236976201e564cbe25ee258ba901ad38107c5c6b5846f0,True,True
R0036,GG0021,CVB0010,REF0004,3,4,XGBoost,9abda8600d43251c251722bc0e6d5dceaead9da1a359ba4bd8a06cbb5ed10078,0.9582834243774414,predict_proba,9eb1905b0d2d4dff99236976201e564cbe25ee258ba901ad38107c5c6b5846f0,True,True
R0037,GG0022,CVB0019,REF0005,3,4,XGBoost,9abda8600d43251c251722bc0e6d5dceaead9da1a359ba4bd8a06cbb5ed10078,0.1623554676771164,predict_proba,9eb1905b0d2d4dff99236976201e564cbe25ee258ba901ad38107c5c6b5846f0,False,True
R0038,GG0022,CVB0019,REF0005,3,4,XGBoost,9abda8600d43251c251722bc0e6d5dceaead9da1a359ba4bd8a06cbb5ed10078,0.4089975953102112,predict_proba,9eb1905b0d2d4dff99236976201e564cbe25ee258ba901ad38107c5c6b5846f0,False,True
R0039,GG0022,CVB0019,REF0005,3,4,XGBoost,9abda8600d43251c251722bc0e6d5dceaead9da1a359ba4bd8a06cbb5ed10078,0.045411404222249985,predict_proba,9eb1905b0d2d4dff99236976201e564cbe25ee258ba901ad38107c5c6b5846f0,False,True
R0040,GG0022,CVB0019,REF0005,3,4,XGBoost,9abda8600d43251c251722bc0e6d5dceaead9da1a359ba4bd8a06cbb5ed10078,0.2522670328617096,predict_proba,9eb1905b0d2d4dff99236976201e564cbe25ee258ba901ad38107c5c6b5846f0,False,True
R0041,GG0022,CVB0019,REF0005,3,4,XGBoost,9abda8600d43251c251722bc0e6d5dceaead9da1a359ba4bd8a06cbb5ed10078,0.15639930963516235,predict_proba,9eb1905b0d2d4dff99236976201e564cbe25ee258ba901ad38107c5c6b5846f0,False,True
R0042,GG0022,CVB0019,REF0005,3,4,XGBoost,9abda8600d43251c251722bc0e6d5dceaead9da1a359ba4bd8a06cbb5ed10078,0.10856568068265915,predict_proba,9eb1905b0d2d4dff99236976201e564cbe25ee258ba901ad38107c5c6b5846f0,False,True
R0043,GG0022,CVB0019,REF0005,3,4,XGBoost,9abda8600d43251c251722bc0e6d5dceaead9da1a359ba4bd8a06cbb5ed10078,0.1309569776058197,predict_proba,9eb1905b0d2d4dff99236976201e564cbe25ee258ba901ad38107c5c6b5846f0,False,True
R0044,GG0022,CVB0019,REF0005,3,4,XGBoost,9abda8600d43251c251722bc0e6d5dceaead9da1a359ba4bd8a06cbb5ed10078,0.14962033927440643,predict_proba,9eb1905b0d2d4dff99236976201e564cbe25ee258ba901ad38107c5c6b5846f0,False,True
R0045,GG0022,CVB0019,REF0005,3,4,XGBoost,9abda8600d43251c251722bc0e6d5dceaead9da1a359ba4bd8a06cbb5ed10078,0.9343850612640381,predict_proba,9eb1905b0d2d4dff99236976201e564cbe25ee258ba901ad38107c5c6b5846f0,False,True
R0046,GG0022,CVB0019,REF0005,3,4,XGBoost,9abda8600d43251c251722bc0e6d5dceaead9da1a359ba4bd8a06cbb5ed10078,0.4713529348373413,predict_proba,9eb1905b0d2d4dff99236976201e564cbe25ee258ba901ad38107c5c6b5846f0,False,True
R0047,GG0022,CVB0019,REF0005,3,4,XGBoost,9abda8600d43251c251722bc0e6d5dceaead9da1a359ba4bd8a06cbb5ed10078,0.8353943228721619,predict_proba,9eb1905b0d2d4dff99236976201e564cbe25ee258ba901ad38107c5c6b5846f0,False,True
R0048,GG0022,CVB0019,REF0005,3,4,XGBoost,9abda8600d43251c251722bc0e6d5dceaead9da1a359ba4bd8a06cbb5ed10078,0.673599362373352,predict_proba,9eb1905b0d2d4dff99236976201e564cbe25ee258ba901ad38107c5c6b5846f0,False,True
R0060,GG0021,CVB0010,REF0008,3,4,XGBoost,9abda8600d43251c251722bc0e6d5dceaead9da1a359ba4bd8a06cbb5ed10078,0.02795425057411194,predict_proba,9eb1905b0d2d4dff99236976201e564cbe25ee258ba901ad38107c5c6b5846f0,True,True
R0061,GG0021,CVB0010,REF0008,3,4,XGBoost,9abda8600d43251c251722bc0e6d5dceaead9da1a359ba4bd8a06cbb5ed10078,0.8117395043373108,predict_proba,9eb1905b0d2d4dff99236976201e564cbe25ee258ba901ad38107c5c6b5846f0,True,True
R0062,GG0021,CVB0010,REF0008,3,4,XGBoost,9abda8600d43251c251722bc0e6d5dceaead9da1a359ba4bd8a06cbb5ed10078,0.9744210839271545,predict_proba,9eb1905b0d2d4dff99236976201e564cbe25ee258ba901ad38107c5c6b5846f0,True,True
R0063,GG0021,CVB0010,REF0008,3,4,XGBoost,9abda8600d43251c251722bc0e6d5dceaead9da1a359ba4bd8a06cbb5ed10078,0.7293703556060791,predict_proba,9eb1905b0d2d4dff99236976201e564cbe25ee258ba901ad38107c5c6b5846f0,True,True
R0064,GG0021,CVB0010,REF0008,3,4,XGBoost,9abda8600d43251c251722bc0e6d5dceaead9da1a359ba4bd8a06cbb5ed10078,0.8441057205200195,predict_proba,9eb1905b0d2d4dff99236976201e564cbe25ee258ba901ad38107c5c6b5846f0,True,True
R0065,GG0021,CVB0010,REF0008,3,4,XGBoost,9abda8600d43251c251722bc0e6d5dceaead9da1a359ba4bd8a06cbb5ed10078,0.6458327770233154,predict_proba,9eb1905b0d2d4dff99236976201e564cbe25ee258ba901ad38107c5c6b5846f0,True,True
R0066,GG0021,CVB0010,REF0008,3,4,XGBoost,9abda8600d43251c251722bc0e6d5dceaead9da1a359ba4bd8a06cbb5ed10078,0.6953943967819214,predict_proba,9eb1905b0d2d4dff99236976201e564cbe25ee258ba901ad38107c5c6b5846f0,True,True
R0067,GG0021,CVB0010,REF0008,3,4,XGBoost,9abda8600d43251c251722bc0e6d5dceaead9da1a359ba4bd8a06cbb5ed10078,0.10873720049858093,predict_proba,9eb1905b0d2d4dff99236976201e564cbe25ee258ba901ad38107c5c6b5846f0,True,True
R0068,GG0021,CVB0010,REF0008,3,4,XGBoost,9abda8600d43251c251722bc0e6d5dceaead9da1a359ba4bd8a06cbb5ed10078,0.830466628074646,predict_proba,9eb1905b0d2d4dff99236976201e564cbe25ee258ba901ad38107c5c6b5846f0,True,True
R0069,GG0021,CVB0010,REF0008,3,4,XGBoost,9abda8600d43251c251722bc0e6d5dceaead9da1a359ba4bd8a06cbb5ed10078,0.29926156997680664,predict_proba,9eb1905b0d2d4dff99236976201e564cbe25ee258ba901ad38107c5c6b5846f0,True,True
R0070,GG0021,CVB0010,REF0008,3,4,XGBoost,9abda8600d43251c251722bc0e6d5dceaead9da1a359ba4bd8a06cbb5ed10078,0.734134316444397,predict_proba,9eb1905b0d2d4dff99236976201e564cbe25ee258ba901ad38107c5c6b5846f0,True,True
R0071,GG0021,CVB0010,REF0008,3,4,XGBoost,9abda8600d43251c251722bc0e6d5dceaead9da1a359ba4bd8a06cbb5ed10078,0.7023645043373108,predict_proba,9eb1905b0d2d4dff99236976201e564cbe25ee258ba901ad38107c5c6b5846f0,True,True
R0072,GG0021,CVB0010,REF0008,3,4,XGBoost,9abda8600d43251c251722bc0e6d5dceaead9da1a359ba4bd8a06cbb5ed10078,0.8245310187339783,predict_proba,9eb1905b0d2d4dff99236976201e564cbe25ee258ba901ad38107c5c6b5846f0,True,True
R0073,GG0021,CVB0010,REF0008,3,4,XGBoost,9abda8600d43251c251722bc0e6d5dceaead9da1a359ba4bd8a06cbb5ed10078,0.944122314453125,predict_proba,9eb1905b0d2d4dff99236976201e564cbe25ee258ba901ad38107c5c6b5846f0,True,True
R0074,GG0021,CVB0010,REF0008,3,4,XGBoost,9abda8600d43251c251722bc0e6d5dceaead9da1a359ba4bd8a06cbb5ed10078,0.8605456948280334,predict_proba,9eb1905b0d2d4dff99236976201e564cbe25ee258ba901ad38107c5c6b5846f0,True,True
R0075,GG0021,CVB0010,REF0008,3,4,XGBoost,9abda8600d43251c251722bc0e6d5dceaead9da1a359ba4bd8a06cbb5ed10078,0.8602122068405151,predict_proba,9eb1905b0d2d4dff99236976201e564cbe25ee258ba901ad38107c5c6b5846f0,True,True
R0076,GG0021,CVB0010,REF0008,3,4,XGBoost,9abda8600d43251c251722bc0e6d5dceaead9da1a359ba4bd8a06cbb5ed10078,0.9813546538352966,predict_proba,9eb1905b0d2d4dff99236976201e564cbe25ee258ba901ad38107c5c6b5846f0,True,True
R0077,GG0021,CVB0010,REF0008,3,4,XGBoost,9abda8600d43251c251722bc0e6d5dceaead9da1a359ba4bd8a06cbb5ed10078,0.9917152523994446,predict_proba,9eb1905b0d2d4dff99236976201e564cbe25ee258ba901ad38107c5c6b5846f0,True,True
R0078,GG0021,CVB0010,REF0008,3,4,XGBoost,9abda8600d43251c251722bc0e6d5dceaead9da1a359ba4bd8a06cbb5ed10078,0.9624148607254028,predict_proba,9eb1905b0d2d4dff99236976201e564cbe25ee258ba901ad38107c5c6b5846f0,True,True
R0079,GG0021,CVB0010,REF0008,3,4,XGBoost,9abda8600d43251c251722bc0e6d5dceaead9da1a359ba4bd8a06cbb5ed10078,0.9756230711936951,predict_proba,9eb1905b0d2d4dff99236976201e564cbe25ee258ba901ad38107c5c6b5846f0,True,True
R0080,GG0021,CVB0010,REF0008,3,4,XGBoost,9abda8600d43251c251722bc0e6d5dceaead9da1a359ba4bd8a06cbb5ed10078,0.9850274324417114,predict_proba,9eb1905b0d2d4dff99236976201e564cbe25ee258ba901ad38107c5c6b5846f0,True,True
R0123,GG0017,CVB0007,REF0013,3,4,XGBoost,9abda8600d43251c251722bc0e6d5dceaead9da1a359ba4bd8a06cbb5ed10078,0.06845743209123611,predict_proba,9eb1905b0d2d4dff99236976201e564cbe25ee258ba901ad38107c5c6b5846f0,True,True
R0124,GG0017,CVB0007,REF0013,3,4,XGBoost,9abda8600d43251c251722bc0e6d5dceaead9da1a359ba4bd8a06cbb5ed10078,0.4820036292076111,predict_proba,9eb1905b0d2d4dff99236976201e564cbe25ee258ba901ad38107c5c6b5846f0,True,True
R0125,GG0017,CVB0007,REF0013,3,4,XGBoost,9abda8600d43251c251722bc0e6d5dceaead9da1a359ba4bd8a06cbb5ed10078,0.10220380872488022,predict_proba,9eb1905b0d2d4dff99236976201e564cbe25ee258ba901ad38107c5c6b5846f0,True,True
R0126,GG0017,CVB0007,REF0013,3,4,XGBoost,9abda8600d43251c251722bc0e6d5dceaead9da1a359ba4bd8a06cbb5ed10078,0.018436089158058167,predict_proba,9eb1905b0d2d4dff99236976201e564cbe25ee258ba901ad38107c5c6b5846f0,True,True
R0127,GG0017,CVB0007,REF0013,3,4,XGBoost,9abda8600d43251c251722bc0e6d5dceaead9da1a359ba4bd8a06cbb5ed10078,0.011572948656976223,predict_proba,9eb1905b0d2d4dff99236976201e564cbe25ee258ba901ad38107c5c6b5846f0,True,True
R0128,GG0017,CVB0007,REF0013,3,4,XGBoost,9abda8600d43251c251722bc0e6d5dceaead9da1a359ba4bd8a06cbb5ed10078,0.04973841458559036,predict_proba,9eb1905b0d2d4dff99236976201e564cbe25ee258ba901ad38107c5c6b5846f0,True,True
R0199,GG0033,CVB0030,REF0021,3,4,XGBoost,9abda8600d43251c251722bc0e6d5dceaead9da1a359ba4bd8a06cbb5ed10078,0.26428183913230896,predict_proba,9eb1905b0d2d4dff99236976201e564cbe25ee258ba901ad38107c5c6b5846f0,False,True
R0200,GG0033,CVB0030,REF0021,3,4,XGBoost,9abda8600d43251c251722bc0e6d5dceaead9da1a359ba4bd8a06cbb5ed10078,0.26747551560401917,predict_proba,9eb1905b0d2d4dff99236976201e564cbe25ee258ba901ad38107c5c6b5846f0,False,True
R0201,GG0033,CVB0030,REF0021,3,4,XGBoost,9abda8600d43251c251722bc0e6d5dceaead9da1a359ba4bd8a06cbb5ed10078,0.6542849540710449,predict_proba,9eb1905b0d2d4dff99236976201e564cbe25ee258ba901ad38107c5c6b5846f0,False,True
R0202,GG0033,CVB0030,REF0021,3,4,XGBoost,9abda8600d43251c251722bc0e6d5dceaead9da1a359ba4bd8a06cbb5ed10078,0.35735276341438293,predict_proba,9eb1905b0d2d4dff99236976201e564cbe25ee258ba901ad38107c5c6b5846f0,False,True
R0203,GG0033,CVB0030,REF0021,3,4,XGBoost,9abda8600d43251c251722bc0e6d5dceaead9da1a359ba4bd8a06cbb5ed10078,0.050100527703762054,predict_proba,9eb1905b0d2d4dff99236976201e564cbe25ee258ba901ad38107c5c6b5846f0,False,True
R0204,GG0033,CVB0030,REF0021,3,4,XGBoost,9abda8600d43251c251722bc0e6d5dceaead9da1a359ba4bd8a06cbb5ed10078,0.1311800330877304,predict_proba,9eb1905b0d2d4dff99236976201e564cbe25ee258ba901ad38107c5c6b5846f0,False,True
R0205,GG0033,CVB0030,REF0021,3,4,XGBoost,9abda8600d43251c251722bc0e6d5dceaead9da1a359ba4bd8a06cbb5ed10078,0.665798008441925,predict_proba,9eb1905b0d2d4dff99236976201e564cbe25ee258ba901ad38107c5c6b5846f0,False,True
R0206,GG0033,CVB0030,REF0021,3,4,XGBoost,9abda8600d43251c251722bc0e6d5dceaead9da1a359ba4bd8a06cbb5ed10078,0.8258628845214844,predict_proba,9eb1905b0d2d4dff99236976201e564cbe25ee258ba901ad38107c5c6b5846f0,False,True
R0207,GG0033,CVB0030,REF0021,3,4,XGBoost,9abda8600d43251c251722bc0e6d5dceaead9da1a359ba4bd8a06cbb5ed10078,0.004707201384007931,predict_proba,9eb1905b0d2d4dff99236976201e564cbe25ee258ba901ad38107c5c6b5846f0,False,True
R0208,GG0033,CVB0030,REF0021,3,4,XGBoost,9abda8600d43251c251722bc0e6d5dceaead9da1a359ba4bd8a06cbb5ed10078,0.014796615578234196,predict_proba,9eb1905b0d2d4dff99236976201e564cbe25ee258ba901ad38107c5c6b5846f0,False,True
R0209,GG0033,CVB0030,REF0021,3,4,XGBoost,9abda8600d43251c251722bc0e6d5dceaead9da1a359ba4bd8a06cbb5ed10078,0.0011580686550587416,predict_proba,9eb1905b0d2d4dff99236976201e564cbe25ee258ba901ad38107c5c6b5846f0,False,True
R0210,GG0033,CVB0030,REF0021,3,4,XGBoost,9abda8600d43251c251722bc0e6d5dceaead9da1a359ba4bd8a06cbb5ed10078,0.05519808083772659,predict_proba,9eb1905b0d2d4dff99236976201e564cbe25ee258ba901ad38107c5c6b5846f0,False,True
R0211,GG0033,CVB0030,REF0021,3,4,XGBoost,9abda8600d43251c251722bc0e6d5dceaead9da1a359ba4bd8a06cbb5ed10078,0.11153858155012131,predict_proba,9eb1905b0d2d4dff99236976201e564cbe25ee258ba901ad38107c5c6b5846f0,False,True
R0212,GG0033,CVB0030,REF0021,3,4,XGBoost,9abda8600d43251c251722bc0e6d5dceaead9da1a359ba4bd8a06cbb5ed10078,0.04214324429631233,predict_proba,9eb1905b0d2d4dff99236976201e564cbe25ee258ba901ad38107c5c6b5846f0,False,True
R0213,GG0033,CVB0030,REF0022,3,4,XGBoost,9abda8600d43251c251722bc0e6d5dceaead9da1a359ba4bd8a06cbb5ed10078,0.03332245722413063,predict_proba,9eb1905b0d2d4dff99236976201e564cbe25ee258ba901ad38107c5c6b5846f0,False,True
R0214,GG0033,CVB0030,REF0022,3,4,XGBoost,9abda8600d43251c251722bc0e6d5dceaead9da1a359ba4bd8a06cbb5ed10078,0.6788528561592102,predict_proba,9eb1905b0d2d4dff99236976201e564cbe25ee258ba901ad38107c5c6b5846f0,False,True
R0215,GG0033,CVB0030,REF0022,3,4,XGBoost,9abda8600d43251c251722bc0e6d5dceaead9da1a359ba4bd8a06cbb5ed10078,0.03548619523644447,predict_proba,9eb1905b0d2d4dff99236976201e564cbe25ee258ba901ad38107c5c6b5846f0,False,True
R0360,GG0021,CVB0010,REF0036,3,4,XGBoost,9abda8600d43251c251722bc0e6d5dceaead9da1a359ba4bd8a06cbb5ed10078,0.280840665102005,predict_proba,9eb1905b0d2d4dff99236976201e564cbe25ee258ba901ad38107c5c6b5846f0,True,True
R0361,GG0021,CVB0010,REF0036,3,4,XGBoost,9abda8600d43251c251722bc0e6d5dceaead9da1a359ba4bd8a06cbb5ed10078,0.07810475677251816,predict_proba,9eb1905b0d2d4dff99236976201e564cbe25ee258ba901ad38107c5c6b5846f0,True,True
R0362,GG0021,CVB0010,REF0036,3,4,XGBoost,9abda8600d43251c251722bc0e6d5dceaead9da1a359ba4bd8a06cbb5ed10078,0.06591564416885376,predict_proba,9eb1905b0d2d4dff99236976201e564cbe25ee258ba901ad38107c5c6b5846f0,True,True
R0363,GG0021,CVB0010,REF0036,3,4,XGBoost,9abda8600d43251c251722bc0e6d5dceaead9da1a359ba4bd8a06cbb5ed10078,0.8904303312301636,predict_proba,9eb1905b0d2d4dff99236976201e564cbe25ee258ba901ad38107c5c6b5846f0,True,True
R0364,GG0021,CVB0010,REF0036,3,4,XGBoost,9abda8600d43251c251722bc0e6d5dceaead9da1a359ba4bd8a06cbb5ed10078,0.6535358428955078,predict_proba,9eb1905b0d2d4dff99236976201e564cbe25ee258ba901ad38107c5c6b5846f0,True,True
R0365,GG0021,CVB0010,REF0036,3,4,XGBoost,9abda8600d43251c251722bc0e6d5dceaead9da1a359ba4bd8a06cbb5ed10078,0.7125242948532104,predict_proba,9eb1905b0d2d4dff99236976201e564cbe25ee258ba901ad38107c5c6b5846f0,True,True
R0366,GG0021,CVB0010,REF0036,3,4,XGBoost,9abda8600d43251c251722bc0e6d5dceaead9da1a359ba4bd8a06cbb5ed10078,0.7636086940765381,predict_proba,9eb1905b0d2d4dff99236976201e564cbe25ee258ba901ad38107c5c6b5846f0,True,True
R0367,GG0021,CVB0010,REF0036,3,4,XGBoost,9abda8600d43251c251722bc0e6d5dceaead9da1a359ba4bd8a06cbb5ed10078,0.8770025968551636,predict_proba,9eb1905b0d2d4dff99236976201e564cbe25ee258ba901ad38107c5c6b5846f0,True,True
R0368,GG0021,CVB0010,REF0036,3,4,XGBoost,9abda8600d43251c251722bc0e6d5dceaead9da1a359ba4bd8a06cbb5ed10078,0.9814870357513428,predict_proba,9eb1905b0d2d4dff99236976201e564cbe25ee258ba901ad38107c5c6b5846f0,True,True
R0369,GG0021,CVB0010,REF0036,3,4,XGBoost,9abda8600d43251c251722bc0e6d5dceaead9da1a359ba4bd8a06cbb5ed10078,0.9766503572463989,predict_proba,9eb1905b0d2d4dff99236976201e564cbe25ee258ba901ad38107c5c6b5846f0,True,True
R0457,GG0021,CVB0010,REF0042,3,4,XGBoost,9abda8600d43251c251722bc0e6d5dceaead9da1a359ba4bd8a06cbb5ed10078,0.1612509936094284,predict_proba,9eb1905b0d2d4dff99236976201e564cbe25ee258ba901ad38107c5c6b5846f0,True,True
R0458,GG0021,CVB0010,REF0042,3,4,XGBoost,9abda8600d43251c251722bc0e6d5dceaead9da1a359ba4bd8a06cbb5ed10078,0.11063092201948166,predict_proba,9eb1905b0d2d4dff99236976201e564cbe25ee258ba901ad38107c5c6b5846f0,True,True
R0459,GG0021,CVB0010,REF0042,3,4,XGBoost,9abda8600d43251c251722bc0e6d5dceaead9da1a359ba4bd8a06cbb5ed10078,0.16030627489089966,predict_proba,9eb1905b0d2d4dff99236976201e564cbe25ee258ba901ad38107c5c6b5846f0,True,True
R0460,GG0021,CVB0010,REF0042,3,4,XGBoost,9abda8600d43251c251722bc0e6d5dceaead9da1a359ba4bd8a06cbb5ed10078,0.7406641840934753,predict_proba,9eb1905b0d2d4dff99236976201e564cbe25ee258ba901ad38107c5c6b5846f0,True,True
R0461,GG0021,CVB0010,REF0042,3,4,XGBoost,9abda8600d43251c251722bc0e6d5dceaead9da1a359ba4bd8a06cbb5ed10078,0.2734771966934204,predict_proba,9eb1905b0d2d4dff99236976201e564cbe25ee258ba901ad38107c5c6b5846f0,True,True
R0462,GG0021,CVB0010,REF0042,3,4,XGBoost,9abda8600d43251c251722bc0e6d5dceaead9da1a359ba4bd8a06cbb5ed10078,0.32676705718040466,predict_proba,9eb1905b0d2d4dff99236976201e564cbe25ee258ba901ad38107c5c6b5846f0,True,True
R0463,GG0021,CVB0010,REF0042,3,4,XGBoost,9abda8600d43251c251722bc0e6d5dceaead9da1a359ba4bd8a06cbb5ed10078,0.11207879334688187,predict_proba,9eb1905b0d2d4dff99236976201e564cbe25ee258ba901ad38107c5c6b5846f0,True,True
R0464,GG0021,CVB0010,REF0042,3,4,XGBoost,9abda8600d43251c251722bc0e6d5dceaead9da1a359ba4bd8a06cbb5ed10078,0.19415383040905,predict_proba,9eb1905b0d2d4dff99236976201e564cbe25ee258ba901ad38107c5c6b5846f0,True,True
R0465,GG0021,CVB0010,REF0042,3,4,XGBoost,9abda8600d43251c251722bc0e6d5dceaead9da1a359ba4bd8a06cbb5ed10078,0.029557645320892334,predict_proba,9eb1905b0d2d4dff99236976201e564cbe25ee258ba901ad38107c5c6b5846f0,True,True
R0466,GG0021,CVB0010,REF0042,3,4,XGBoost,9abda8600d43251c251722bc0e6d5dceaead9da1a359ba4bd8a06cbb5ed10078,0.08123830705881119,predict_proba,9eb1905b0d2d4dff99236976201e564cbe25ee258ba901ad38107c5c6b5846f0,True,True
R0467,GG0021,CVB0010,REF0042,3,4,XGBoost,9abda8600d43251c251722bc0e6d5dceaead9da1a359ba4bd8a06cbb5ed10078,0.01201317273080349,predict_proba,9eb1905b0d2d4dff99236976201e564cbe25ee258ba901ad38107c5c6b5846f0,True,True
R0468,GG0021,CVB0010,REF0042,3,4,XGBoost,9abda8600d43251c251722bc0e6d5dceaead9da1a359ba4bd8a06cbb5ed10078,0.9902571439743042,predict_proba,9eb1905b0d2d4dff99236976201e564cbe25ee258ba901ad38107c5c6b5846f0,True,True
R0469,GG0021,CVB0010,REF0042,3,4,XGBoost,9abda8600d43251c251722bc0e6d5dceaead9da1a359ba4bd8a06cbb5ed10078,0.255403608083725,predict_proba,9eb1905b0d2d4dff99236976201e564cbe25ee258ba901ad38107c5c6b5846f0,True,True
R0470,GG0021,CVB0010,REF0042,3,4,XGBoost,9abda8600d43251c251722bc0e6d5dceaead9da1a359ba4bd8a06cbb5ed10078,0.008429099805653095,predict_proba,9eb1905b0d2d4dff99236976201e564cbe25ee258ba901ad38107c5c6b5846f0,True,True
R0471,GG0021,CVB0010,REF0042,3,4,XGBoost,9abda8600d43251c251722bc0e6d5dceaead9da1a359ba4bd8a06cbb5ed10078,0.007769607473164797,predict_proba,9eb1905b0d2d4dff99236976201e564cbe25ee258ba901ad38107c5c6b5846f0,True,True
R0472,GG0021,CVB0010,REF0042,3,4,XGBoost,9abda8600d43251c251722bc0e6d5dceaead9da1a359ba4bd8a06cbb5ed10078,0.04813561215996742,predict_proba,9eb1905b0d2d4dff99236976201e564cbe25ee258ba901ad38107c5c6b5846f0,True,True
R0473,GG0021,CVB0010,REF0042,3,4,XGBoost,9abda8600d43251c251722bc0e6d5dceaead9da1a359ba4bd8a06cbb5ed10078,0.01426536962389946,predict_proba,9eb1905b0d2d4dff99236976201e564cbe25ee258ba901ad38107c5c6b5846f0,True,True
R0474,GG0021,CVB0010,REF0042,3,4,XGBoost,9abda8600d43251c251722bc0e6d5dceaead9da1a359ba4bd8a06cbb5ed10078,0.21902471780776978,predict_proba,9eb1905b0d2d4dff99236976201e564cbe25ee258ba901ad38107c5c6b5846f0,True,True
R0475,GG0021,CVB0010,REF0042,3,4,XGBoost,9abda8600d43251c251722bc0e6d5dceaead9da1a359ba4bd8a06cbb5ed10078,0.0376669205725193,predict_proba,9eb1905b0d2d4dff99236976201e564cbe25ee258ba901ad38107c5c6b5846f0,True,True
R0476,GG0021,CVB0010,REF0042,3,4,XGBoost,9abda8600d43251c251722bc0e6d5dceaead9da1a359ba4bd8a06cbb5ed10078,0.5138437747955322,predict_proba,9eb1905b0d2d4dff99236976201e564cbe25ee258ba901ad38107c5c6b5846f0,True,True
R0477,GG0021,CVB0010,REF0042,3,4,XGBoost,9abda8600d43251c251722bc0e6d5dceaead9da1a359ba4bd8a06cbb5ed10078,0.010143444873392582,predict_proba,9eb1905b0d2d4dff99236976201e564cbe25ee258ba901ad38107c5c6b5846f0,True,True
R0478,GG0021,CVB0010,REF0043,3,4,XGBoost,9abda8600d43251c251722bc0e6d5dceaead9da1a359ba4bd8a06cbb5ed10078,0.8444799780845642,predict_proba,9eb1905b0d2d4dff99236976201e564cbe25ee258ba901ad38107c5c6b5846f0,True,True
R0479,GG0021,CVB0010,REF0043,3,4,XGBoost,9abda8600d43251c251722bc0e6d5dceaead9da1a359ba4bd8a06cbb5ed10078,0.8207105398178101,predict_proba,9eb1905b0d2d4dff99236976201e564cbe25ee258ba901ad38107c5c6b5846f0,True,True
R0480,GG0021,CVB0010,REF0043,3,4,XGBoost,9abda8600d43251c251722bc0e6d5dceaead9da1a359ba4bd8a06cbb5ed10078,0.7143012285232544,predict_proba,9eb1905b0d2d4dff99236976201e564cbe25ee258ba901ad38107c5c6b5846f0,True,True
R0481,GG0021,CVB0010,REF0043,3,4,XGBoost,9abda8600d43251c251722bc0e6d5dceaead9da1a359ba4bd8a06cbb5ed10078,0.5644538402557373,predict_proba,9eb1905b0d2d4dff99236976201e564cbe25ee258ba901ad38107c5c6b5846f0,True,True
R0482,GG0021,CVB0010,REF0043,3,4,XGBoost,9abda8600d43251c251722bc0e6d5dceaead9da1a359ba4bd8a06cbb5ed10078,0.6572421193122864,predict_proba,9eb1905b0d2d4dff99236976201e564cbe25ee258ba901ad38107c5c6b5846f0,True,True
R0483,GG0021,CVB0010,REF0043,3,4,XGBoost,9abda8600d43251c251722bc0e6d5dceaead9da1a359ba4bd8a06cbb5ed10078,0.8040637969970703,predict_proba,9eb1905b0d2d4dff99236976201e564cbe25ee258ba901ad38107c5c6b5846f0,True,True
R0484,GG0021,CVB0010,REF0043,3,4,XGBoost,9abda8600d43251c251722bc0e6d5dceaead9da1a359ba4bd8a06cbb5ed10078,0.30848827958106995,predict_proba,9eb1905b0d2d4dff99236976201e564cbe25ee258ba901ad38107c5c6b5846f0,True,True
R0485,GG0021,CVB0010,REF0043,3,4,XGBoost,9abda8600d43251c251722bc0e6d5dceaead9da1a359ba4bd8a06cbb5ed10078,0.7414421439170837,predict_proba,9eb1905b0d2d4dff99236976201e564cbe25ee258ba901ad38107c5c6b5846f0,True,True
R0486,GG0021,CVB0010,REF0043,3,4,XGBoost,9abda8600d43251c251722bc0e6d5dceaead9da1a359ba4bd8a06cbb5ed10078,0.9785035252571106,predict_proba,9eb1905b0d2d4dff99236976201e564cbe25ee258ba901ad38107c5c6b5846f0,True,True
R0487,GG0021,CVB0010,REF0043,3,4,XGBoost,9abda8600d43251c251722bc0e6d5dceaead9da1a359ba4bd8a06cbb5ed10078,0.9761149883270264,predict_proba,9eb1905b0d2d4dff99236976201e564cbe25ee258ba901ad38107c5c6b5846f0,True,True
R0488,GG0021,CVB0010,REF0043,3,4,XGBoost,9abda8600d43251c251722bc0e6d5dceaead9da1a359ba4bd8a06cbb5ed10078,0.8146073222160339,predict_proba,9eb1905b0d2d4dff99236976201e564cbe25ee258ba901ad38107c5c6b5846f0,True,True
R0489,GG0021,CVB0010,REF0043,3,4,XGBoost,9abda8600d43251c251722bc0e6d5dceaead9da1a359ba4bd8a06cbb5ed10078,0.9921318888664246,predict_proba,9eb1905b0d2d4dff99236976201e564cbe25ee258ba901ad38107c5c6b5846f0,True,True
R0490,GG0021,CVB0010,REF0043,3,4,XGBoost,9abda8600d43251c251722bc0e6d5dceaead9da1a359ba4bd8a06cbb5ed10078,0.3169845938682556,predict_proba,9eb1905b0d2d4dff99236976201e564cbe25ee258ba901ad38107c5c6b5846f0,True,True
R0491,GG0021,CVB0010,REF0043,3,4,XGBoost,9abda8600d43251c251722bc0e6d5dceaead9da1a359ba4bd8a06cbb5ed10078,0.9899689555168152,predict_proba,9eb1905b0d2d4dff99236976201e564cbe25ee258ba901ad38107c5c6b5846f0,True,True
R0492,GG0021,CVB0010,REF0043,3,4,XGBoost,9abda8600d43251c251722bc0e6d5dceaead9da1a359ba4bd8a06cbb5ed10078,0.9964205026626587,predict_proba,9eb1905b0d2d4dff99236976201e564cbe25ee258ba901ad38107c5c6b5846f0,True,True
R0493,GG0021,CVB0010,REF0043,3,4,XGBoost,9abda8600d43251c251722bc0e6d5dceaead9da1a359ba4bd8a06cbb5ed10078,0.9636735916137695,predict_proba,9eb1905b0d2d4dff99236976201e564cbe25ee258ba901ad38107c5c6b5846f0,True,True
R0494,GG0021,CVB0010,REF0043,3,4,XGBoost,9abda8600d43251c251722bc0e6d5dceaead9da1a359ba4bd8a06cbb5ed10078,0.9774162769317627,predict_proba,9eb1905b0d2d4dff99236976201e564cbe25ee258ba901ad38107c5c6b5846f0,True,True
R0495,GG0021,CVB0010,REF0043,3,4,XGBoost,9abda8600d43251c251722bc0e6d5dceaead9da1a359ba4bd8a06cbb5ed10078,0.9795223474502563,predict_proba,9eb1905b0d2d4dff99236976201e564cbe25ee258ba901ad38107c5c6b5846f0,True,True
R0496,GG0021,CVB0010,REF0043,3,4,XGBoost,9abda8600d43251c251722bc0e6d5dceaead9da1a359ba4bd8a06cbb5ed10078,0.9880313873291016,predict_proba,9eb1905b0d2d4dff99236976201e564cbe25ee258ba901ad38107c5c6b5846f0,True,True
R0603,GG0033,CVB0030,REF0051,3,4,XGBoost,9abda8600d43251c251722bc0e6d5dceaead9da1a359ba4bd8a06cbb5ed10078,0.8160308599472046,predict_proba,9eb1905b0d2d4dff99236976201e564cbe25ee258ba901ad38107c5c6b5846f0,False,True
R0604,GG0033,CVB0030,REF0051,3,4,XGBoost,9abda8600d43251c251722bc0e6d5dceaead9da1a359ba4bd8a06cbb5ed10078,0.12472236901521683,predict_proba,9eb1905b0d2d4dff99236976201e564cbe25ee258ba901ad38107c5c6b5846f0,False,True
R0605,GG0033,CVB0030,REF0051,3,4,XGBoost,9abda8600d43251c251722bc0e6d5dceaead9da1a359ba4bd8a06cbb5ed10078,0.22783580422401428,predict_proba,9eb1905b0d2d4dff99236976201e564cbe25ee258ba901ad38107c5c6b5846f0,False,True
R0606,GG0033,CVB0030,REF0051,3,4,XGBoost,9abda8600d43251c251722bc0e6d5dceaead9da1a359ba4bd8a06cbb5ed10078,0.06260811537504196,predict_proba,9eb1905b0d2d4dff99236976201e564cbe25ee258ba901ad38107c5c6b5846f0,False,True
R0607,GG0033,CVB0030,REF0051,3,4,XGBoost,9abda8600d43251c251722bc0e6d5dceaead9da1a359ba4bd8a06cbb5ed10078,0.20719948410987854,predict_proba,9eb1905b0d2d4dff99236976201e564cbe25ee258ba901ad38107c5c6b5846f0,False,True
R0608,GG0033,CVB0030,REF0051,3,4,XGBoost,9abda8600d43251c251722bc0e6d5dceaead9da1a359ba4bd8a06cbb5ed10078,0.032987575978040695,predict_proba,9eb1905b0d2d4dff99236976201e564cbe25ee258ba901ad38107c5c6b5846f0,False,True
R0609,GG0033,CVB0030,REF0051,3,4,XGBoost,9abda8600d43251c251722bc0e6d5dceaead9da1a359ba4bd8a06cbb5ed10078,0.2832542359828949,predict_proba,9eb1905b0d2d4dff99236976201e564cbe25ee258ba901ad38107c5c6b5846f0,False,True
R0610,GG0033,CVB0030,REF0051,3,4,XGBoost,9abda8600d43251c251722bc0e6d5dceaead9da1a359ba4bd8a06cbb5ed10078,0.4197353422641754,predict_proba,9eb1905b0d2d4dff99236976201e564cbe25ee258ba901ad38107c5c6b5846f0,False,True
R0611,GG0033,CVB0030,REF0051,3,4,XGBoost,9abda8600d43251c251722bc0e6d5dceaead9da1a359ba4bd8a06cbb5ed10078,0.7701116800308228,predict_proba,9eb1905b0d2d4dff99236976201e564cbe25ee258ba901ad38107c5c6b5846f0,False,True
R0612,GG0033,CVB0030,REF0051,3,4,XGBoost,9abda8600d43251c251722bc0e6d5dceaead9da1a359ba4bd8a06cbb5ed10078,0.17768824100494385,predict_proba,9eb1905b0d2d4dff99236976201e564cbe25ee258ba901ad38107c5c6b5846f0,False,True
R0613,GG0033,CVB0030,REF0051,3,4,XGBoost,9abda8600d43251c251722bc0e6d5dceaead9da1a359ba4bd8a06cbb5ed10078,0.07854754477739334,predict_proba,9eb1905b0d2d4dff99236976201e564cbe25ee258ba901ad38107c5c6b5846f0,False,True
R0614,GG0033,CVB0030,REF0051,3,4,XGBoost,9abda8600d43251c251722bc0e6d5dceaead9da1a359ba4bd8a06cbb5ed10078,0.024308420717716217,predict_proba,9eb1905b0d2d4dff99236976201e564cbe25ee258ba901ad38107c5c6b5846f0,False,True
R0615,GG0033,CVB0030,REF0051,3,4,XGBoost,9abda8600d43251c251722bc0e6d5dceaead9da1a359ba4bd8a06cbb5ed10078,0.053391579538583755,predict_proba,9eb1905b0d2d4dff99236976201e564cbe25ee258ba901ad38107c5c6b5846f0,False,True
R0616,GG0033,CVB0030,REF0051,3,4,XGBoost,9abda8600d43251c251722bc0e6d5dceaead9da1a359ba4bd8a06cbb5ed10078,0.057090066373348236,predict_proba,9eb1905b0d2d4dff99236976201e564cbe25ee258ba901ad38107c5c6b5846f0,False,True
R0617,GG0033,CVB0030,REF0051,3,4,XGBoost,9abda8600d43251c251722bc0e6d5dceaead9da1a359ba4bd8a06cbb5ed10078,0.08204250037670135,predict_proba,9eb1905b0d2d4dff99236976201e564cbe25ee258ba901ad38107c5c6b5846f0,False,True
R0618,GG0033,CVB0030,REF0051,3,4,XGBoost,9abda8600d43251c251722bc0e6d5dceaead9da1a359ba4bd8a06cbb5ed10078,0.01591937616467476,predict_proba,9eb1905b0d2d4dff99236976201e564cbe25ee258ba901ad38107c5c6b5846f0,False,True
R0619,GG0033,CVB0030,REF0051,3,4,XGBoost,9abda8600d43251c251722bc0e6d5dceaead9da1a359ba4bd8a06cbb5ed10078,0.2386501133441925,predict_proba,9eb1905b0d2d4dff99236976201e564cbe25ee258ba901ad38107c5c6b5846f0,False,True
R0620,GG0033,CVB0030,REF0051,3,4,XGBoost,9abda8600d43251c251722bc0e6d5dceaead9da1a359ba4bd8a06cbb5ed10078,0.1954181045293808,predict_proba,9eb1905b0d2d4dff99236976201e564cbe25ee258ba901ad38107c5c6b5846f0,False,True
R0621,GG0033,CVB0030,REF0051,3,4,XGBoost,9abda8600d43251c251722bc0e6d5dceaead9da1a359ba4bd8a06cbb5ed10078,0.06636107712984085,predict_proba,9eb1905b0d2d4dff99236976201e564cbe25ee258ba901ad38107c5c6b5846f0,False,True
R0622,GG0033,CVB0030,REF0051,3,4,XGBoost,9abda8600d43251c251722bc0e6d5dceaead9da1a359ba4bd8a06cbb5ed10078,0.12487700581550598,predict_proba,9eb1905b0d2d4dff99236976201e564cbe25ee258ba901ad38107c5c6b5846f0,False,True
R0623,GG0033,CVB0030,REF0051,3,4,XGBoost,9abda8600d43251c251722bc0e6d5dceaead9da1a359ba4bd8a06cbb5ed10078,0.021786510944366455,predict_proba,9eb1905b0d2d4dff99236976201e564cbe25ee258ba901ad38107c5c6b5846f0,False,True
R0624,GG0033,CVB0030,REF0051,3,4,XGBoost,9abda8600d43251c251722bc0e6d5dceaead9da1a359ba4bd8a06cbb5ed10078,0.16972869634628296,predict_proba,9eb1905b0d2d4dff99236976201e564cbe25ee258ba901ad38107c5c6b5846f0,False,True
R0625,GG0033,CVB0030,REF0051,3,4,XGBoost,9abda8600d43251c251722bc0e6d5dceaead9da1a359ba4bd8a06cbb5ed10078,0.06271114945411682,predict_proba,9eb1905b0d2d4dff99236976201e564cbe25ee258ba901ad38107c5c6b5846f0,False,True
R0626,GG0033,CVB0030,REF0051,3,4,XGBoost,9abda8600d43251c251722bc0e6d5dceaead9da1a359ba4bd8a06cbb5ed10078,0.02752823382616043,predict_proba,9eb1905b0d2d4dff99236976201e564cbe25ee258ba901ad38107c5c6b5846f0,False,True
R0627,GG0033,CVB0030,REF0051,3,4,XGBoost,9abda8600d43251c251722bc0e6d5dceaead9da1a359ba4bd8a06cbb5ed10078,0.24136187136173248,predict_proba,9eb1905b0d2d4dff99236976201e564cbe25ee258ba901ad38107c5c6b5846f0,False,True
R0737,GG0021,CVB0010,REF0057,3,4,XGBoost,9abda8600d43251c251722bc0e6d5dceaead9da1a359ba4bd8a06cbb5ed10078,0.12198565155267715,predict_proba,9eb1905b0d2d4dff99236976201e564cbe25ee258ba901ad38107c5c6b5846f0,True,True
R0738,GG0021,CVB0010,REF0057,3,4,XGBoost,9abda8600d43251c251722bc0e6d5dceaead9da1a359ba4bd8a06cbb5ed10078,0.8769168853759766,predict_proba,9eb1905b0d2d4dff99236976201e564cbe25ee258ba901ad38107c5c6b5846f0,True,True
R0739,GG0021,CVB0010,REF0057,3,4,XGBoost,9abda8600d43251c251722bc0e6d5dceaead9da1a359ba4bd8a06cbb5ed10078,0.21653228998184204,predict_proba,9eb1905b0d2d4dff99236976201e564cbe25ee258ba901ad38107c5c6b5846f0,True,True
R0740,GG0021,CVB0010,REF0057,3,4,XGBoost,9abda8600d43251c251722bc0e6d5dceaead9da1a359ba4bd8a06cbb5ed10078,0.970355212688446,predict_proba,9eb1905b0d2d4dff99236976201e564cbe25ee258ba901ad38107c5c6b5846f0,True,True
R0741,GG0021,CVB0010,REF0057,3,4,XGBoost,9abda8600d43251c251722bc0e6d5dceaead9da1a359ba4bd8a06cbb5ed10078,0.9695460200309753,predict_proba,9eb1905b0d2d4dff99236976201e564cbe25ee258ba901ad38107c5c6b5846f0,True,True
R0742,GG0021,CVB0010,REF0057,3,4,XGBoost,9abda8600d43251c251722bc0e6d5dceaead9da1a359ba4bd8a06cbb5ed10078,0.9507958889007568,predict_proba,9eb1905b0d2d4dff99236976201e564cbe25ee258ba901ad38107c5c6b5846f0,True,True
R0743,GG0021,CVB0010,REF0057,3,4,XGBoost,9abda8600d43251c251722bc0e6d5dceaead9da1a359ba4bd8a06cbb5ed10078,0.7567243576049805,predict_proba,9eb1905b0d2d4dff99236976201e564cbe25ee258ba901ad38107c5c6b5846f0,True,True
R0744,GG0021,CVB0010,REF0057,3,4,XGBoost,9abda8600d43251c251722bc0e6d5dceaead9da1a359ba4bd8a06cbb5ed10078,0.9438881874084473,predict_proba,9eb1905b0d2d4dff99236976201e564cbe25ee258ba901ad38107c5c6b5846f0,True,True
R0745,GG0021,CVB0010,REF0058,3,4,XGBoost,9abda8600d43251c251722bc0e6d5dceaead9da1a359ba4bd8a06cbb5ed10078,0.0007733746315352619,predict_proba,9eb1905b0d2d4dff99236976201e564cbe25ee258ba901ad38107c5c6b5846f0,True,True
R0746,GG0021,CVB0010,REF0058,3,4,XGBoost,9abda8600d43251c251722bc0e6d5dceaead9da1a359ba4bd8a06cbb5ed10078,0.0015391353517770767,predict_proba,9eb1905b0d2d4dff99236976201e564cbe25ee258ba901ad38107c5c6b5846f0,True,True
R0747,GG0021,CVB0010,REF0058,3,4,XGBoost,9abda8600d43251c251722bc0e6d5dceaead9da1a359ba4bd8a06cbb5ed10078,0.0008106460445560515,predict_proba,9eb1905b0d2d4dff99236976201e564cbe25ee258ba901ad38107c5c6b5846f0,True,True
R0748,GG0021,CVB0010,REF0058,3,4,XGBoost,9abda8600d43251c251722bc0e6d5dceaead9da1a359ba4bd8a06cbb5ed10078,0.19779616594314575,predict_proba,9eb1905b0d2d4dff99236976201e564cbe25ee258ba901ad38107c5c6b5846f0,True,True
R0754,GG0021,CVB0010,REF0059,3,4,XGBoost,9abda8600d43251c251722bc0e6d5dceaead9da1a359ba4bd8a06cbb5ed10078,0.9845899343490601,predict_proba,9eb1905b0d2d4dff99236976201e564cbe25ee258ba901ad38107c5c6b5846f0,True,True
R0755,GG0021,CVB0010,REF0059,3,4,XGBoost,9abda8600d43251c251722bc0e6d5dceaead9da1a359ba4bd8a06cbb5ed10078,0.9103737473487854,predict_proba,9eb1905b0d2d4dff99236976201e564cbe25ee258ba901ad38107c5c6b5846f0,True,True
R0756,GG0021,CVB0010,REF0059,3,4,XGBoost,9abda8600d43251c251722bc0e6d5dceaead9da1a359ba4bd8a06cbb5ed10078,0.9292258620262146,predict_proba,9eb1905b0d2d4dff99236976201e564cbe25ee258ba901ad38107c5c6b5846f0,True,True
R0757,GG0021,CVB0010,REF0059,3,4,XGBoost,9abda8600d43251c251722bc0e6d5dceaead9da1a359ba4bd8a06cbb5ed10078,0.9232513308525085,predict_proba,9eb1905b0d2d4dff99236976201e564cbe25ee258ba901ad38107c5c6b5846f0,True,True
R0846,GG0033,CVB0030,REF0069,3,4,XGBoost,9abda8600d43251c251722bc0e6d5dceaead9da1a359ba4bd8a06cbb5ed10078,0.9772899150848389,predict_proba,9eb1905b0d2d4dff99236976201e564cbe25ee258ba901ad38107c5c6b5846f0,False,True
R0847,GG0033,CVB0030,REF0069,3,4,XGBoost,9abda8600d43251c251722bc0e6d5dceaead9da1a359ba4bd8a06cbb5ed10078,0.9533527493476868,predict_proba,9eb1905b0d2d4dff99236976201e564cbe25ee258ba901ad38107c5c6b5846f0,False,True
R0848,GG0033,CVB0030,REF0069,3,4,XGBoost,9abda8600d43251c251722bc0e6d5dceaead9da1a359ba4bd8a06cbb5ed10078,0.8775478601455688,predict_proba,9eb1905b0d2d4dff99236976201e564cbe25ee258ba901ad38107c5c6b5846f0,False,True
R0849,GG0033,CVB0030,REF0069,3,4,XGBoost,9abda8600d43251c251722bc0e6d5dceaead9da1a359ba4bd8a06cbb5ed10078,0.7658472061157227,predict_proba,9eb1905b0d2d4dff99236976201e564cbe25ee258ba901ad38107c5c6b5846f0,False,True
R0850,GG0033,CVB0030,REF0069,3,4,XGBoost,9abda8600d43251c251722bc0e6d5dceaead9da1a359ba4bd8a06cbb5ed10078,0.8791643381118774,predict_proba,9eb1905b0d2d4dff99236976201e564cbe25ee258ba901ad38107c5c6b5846f0,False,True
R0851,GG0033,CVB0030,REF0069,3,4,XGBoost,9abda8600d43251c251722bc0e6d5dceaead9da1a359ba4bd8a06cbb5ed10078,0.9558258652687073,predict_proba,9eb1905b0d2d4dff99236976201e564cbe25ee258ba901ad38107c5c6b5846f0,False,True
R0852,GG0033,CVB0030,REF0069,3,4,XGBoost,9abda8600d43251c251722bc0e6d5dceaead9da1a359ba4bd8a06cbb5ed10078,0.9731079339981079,predict_proba,9eb1905b0d2d4dff99236976201e564cbe25ee258ba901ad38107c5c6b5846f0,False,True
R0853,GG0033,CVB0030,REF0069,3,4,XGBoost,9abda8600d43251c251722bc0e6d5dceaead9da1a359ba4bd8a06cbb5ed10078,0.9956530332565308,predict_proba,9eb1905b0d2d4dff99236976201e564cbe25ee258ba901ad38107c5c6b5846f0,False,True
R0854,GG0033,CVB0030,REF0069,3,4,XGBoost,9abda8600d43251c251722bc0e6d5dceaead9da1a359ba4bd8a06cbb5ed10078,0.9847484230995178,predict_proba,9eb1905b0d2d4dff99236976201e564cbe25ee258ba901ad38107c5c6b5846f0,False,True
R0855,GG0033,CVB0030,REF0069,3,4,XGBoost,9abda8600d43251c251722bc0e6d5dceaead9da1a359ba4bd8a06cbb5ed10078,0.06385669112205505,predict_proba,9eb1905b0d2d4dff99236976201e564cbe25ee258ba901ad38107c5c6b5846f0,False,True
R0866,GG0033,CVB0030,REF0071,3,4,XGBoost,9abda8600d43251c251722bc0e6d5dceaead9da1a359ba4bd8a06cbb5ed10078,0.008628248237073421,predict_proba,9eb1905b0d2d4dff99236976201e564cbe25ee258ba901ad38107c5c6b5846f0,False,True
R0867,GG0033,CVB0030,REF0071,3,4,XGBoost,9abda8600d43251c251722bc0e6d5dceaead9da1a359ba4bd8a06cbb5ed10078,0.255870521068573,predict_proba,9eb1905b0d2d4dff99236976201e564cbe25ee258ba901ad38107c5c6b5846f0,False,True
R0870,GG0033,CVB0030,REF0071,3,4,XGBoost,9abda8600d43251c251722bc0e6d5dceaead9da1a359ba4bd8a06cbb5ed10078,0.004319371655583382,predict_proba,9eb1905b0d2d4dff99236976201e564cbe25ee258ba901ad38107c5c6b5846f0,False,True
R0871,GG0033,CVB0030,REF0071,3,4,XGBoost,9abda8600d43251c251722bc0e6d5dceaead9da1a359ba4bd8a06cbb5ed10078,0.007455158047378063,predict_proba,9eb1905b0d2d4dff99236976201e564cbe25ee258ba901ad38107c5c6b5846f0,False,True
R0872,GG0033,CVB0030,REF0071,3,4,XGBoost,9abda8600d43251c251722bc0e6d5dceaead9da1a359ba4bd8a06cbb5ed10078,0.006134245079010725,predict_proba,9eb1905b0d2d4dff99236976201e564cbe25ee258ba901ad38107c5c6b5846f0,False,True
R0873,GG0033,CVB0030,REF0071,3,4,XGBoost,9abda8600d43251c251722bc0e6d5dceaead9da1a359ba4bd8a06cbb5ed10078,0.03995596617460251,predict_proba,9eb1905b0d2d4dff99236976201e564cbe25ee258ba901ad38107c5c6b5846f0,False,True
R0874,GG0033,CVB0030,REF0071,3,4,XGBoost,9abda8600d43251c251722bc0e6d5dceaead9da1a359ba4bd8a06cbb5ed10078,0.0004057741316501051,predict_proba,9eb1905b0d2d4dff99236976201e564cbe25ee258ba901ad38107c5c6b5846f0,False,True
R0875,GG0033,CVB0030,REF0071,3,4,XGBoost,9abda8600d43251c251722bc0e6d5dceaead9da1a359ba4bd8a06cbb5ed10078,0.03794880583882332,predict_proba,9eb1905b0d2d4dff99236976201e564cbe25ee258ba901ad38107c5c6b5846f0,False,True
R0876,GG0033,CVB0030,REF0071,3,4,XGBoost,9abda8600d43251c251722bc0e6d5dceaead9da1a359ba4bd8a06cbb5ed10078,0.0100582679733634,predict_proba,9eb1905b0d2d4dff99236976201e564cbe25ee258ba901ad38107c5c6b5846f0,False,True
R0877,GG0033,CVB0030,REF0071,3,4,XGBoost,9abda8600d43251c251722bc0e6d5dceaead9da1a359ba4bd8a06cbb5ed10078,0.6897909045219421,predict_proba,9eb1905b0d2d4dff99236976201e564cbe25ee258ba901ad38107c5c6b5846f0,False,True
R0878,GG0033,CVB0030,REF0071,3,4,XGBoost,9abda8600d43251c251722bc0e6d5dceaead9da1a359ba4bd8a06cbb5ed10078,0.46755024790763855,predict_proba,9eb1905b0d2d4dff99236976201e564cbe25ee258ba901ad38107c5c6b5846f0,False,True
R0934,GG0011,CVB0011,REF0077,3,4,XGBoost,9abda8600d43251c251722bc0e6d5dceaead9da1a359ba4bd8a06cbb5ed10078,0.7246344685554504,predict_proba,9eb1905b0d2d4dff99236976201e564cbe25ee258ba901ad38107c5c6b5846f0,False,True
R0935,GG0011,CVB0011,REF0077,3,4,XGBoost,9abda8600d43251c251722bc0e6d5dceaead9da1a359ba4bd8a06cbb5ed10078,0.7660207152366638,predict_proba,9eb1905b0d2d4dff99236976201e564cbe25ee258ba901ad38107c5c6b5846f0,False,True
R0936,GG0011,CVB0011,REF0077,3,4,XGBoost,9abda8600d43251c251722bc0e6d5dceaead9da1a359ba4bd8a06cbb5ed10078,0.44918063282966614,predict_proba,9eb1905b0d2d4dff99236976201e564cbe25ee258ba901ad38107c5c6b5846f0,False,True
R0937,GG0011,CVB0011,REF0077,3,4,XGBoost,9abda8600d43251c251722bc0e6d5dceaead9da1a359ba4bd8a06cbb5ed10078,0.6653361916542053,predict_proba,9eb1905b0d2d4dff99236976201e564cbe25ee258ba901ad38107c5c6b5846f0,False,True
R0938,GG0011,CVB0011,REF0077,3,4,XGBoost,9abda8600d43251c251722bc0e6d5dceaead9da1a359ba4bd8a06cbb5ed10078,0.22877080738544464,predict_proba,9eb1905b0d2d4dff99236976201e564cbe25ee258ba901ad38107c5c6b5846f0,False,True
R0939,GG0011,CVB0011,REF0077,3,4,XGBoost,9abda8600d43251c251722bc0e6d5dceaead9da1a359ba4bd8a06cbb5ed10078,0.6124456524848938,predict_proba,9eb1905b0d2d4dff99236976201e564cbe25ee258ba901ad38107c5c6b5846f0,False,True
R0940,GG0011,CVB0011,REF0077,3,4,XGBoost,9abda8600d43251c251722bc0e6d5dceaead9da1a359ba4bd8a06cbb5ed10078,0.4678865075111389,predict_proba,9eb1905b0d2d4dff99236976201e564cbe25ee258ba901ad38107c5c6b5846f0,False,True
R0941,GG0011,CVB0011,REF0077,3,4,XGBoost,9abda8600d43251c251722bc0e6d5dceaead9da1a359ba4bd8a06cbb5ed10078,0.02511577121913433,predict_proba,9eb1905b0d2d4dff99236976201e564cbe25ee258ba901ad38107c5c6b5846f0,False,True
R0942,GG0011,CVB0011,REF0077,3,4,XGBoost,9abda8600d43251c251722bc0e6d5dceaead9da1a359ba4bd8a06cbb5ed10078,0.3890228271484375,predict_proba,9eb1905b0d2d4dff99236976201e564cbe25ee258ba901ad38107c5c6b5846f0,False,True
R0943,GG0011,CVB0011,REF0077,3,4,XGBoost,9abda8600d43251c251722bc0e6d5dceaead9da1a359ba4bd8a06cbb5ed10078,0.059561584144830704,predict_proba,9eb1905b0d2d4dff99236976201e564cbe25ee258ba901ad38107c5c6b5846f0,False,True
R1000,GG0022,CVB0019,REF0084,3,4,XGBoost,9abda8600d43251c251722bc0e6d5dceaead9da1a359ba4bd8a06cbb5ed10078,0.98707515001297,predict_proba,9eb1905b0d2d4dff99236976201e564cbe25ee258ba901ad38107c5c6b5846f0,False,True
R1001,GG0022,CVB0019,REF0084,3,4,XGBoost,9abda8600d43251c251722bc0e6d5dceaead9da1a359ba4bd8a06cbb5ed10078,0.9633603096008301,predict_proba,9eb1905b0d2d4dff99236976201e564cbe25ee258ba901ad38107c5c6b5846f0,False,True
R1002,GG0022,CVB0019,REF0084,3,4,XGBoost,9abda8600d43251c251722bc0e6d5dceaead9da1a359ba4bd8a06cbb5ed10078,0.07843109965324402,predict_proba,9eb1905b0d2d4dff99236976201e564cbe25ee258ba901ad38107c5c6b5846f0,False,True
R1003,GG0022,CVB0019,REF0084,3,4,XGBoost,9abda8600d43251c251722bc0e6d5dceaead9da1a359ba4bd8a06cbb5ed10078,0.2475736439228058,predict_proba,9eb1905b0d2d4dff99236976201e564cbe25ee258ba901ad38107c5c6b5846f0,False,True
R1004,GG0022,CVB0019,REF0084,3,4,XGBoost,9abda8600d43251c251722bc0e6d5dceaead9da1a359ba4bd8a06cbb5ed10078,0.986956000328064,predict_proba,9eb1905b0d2d4dff99236976201e564cbe25ee258ba901ad38107c5c6b5846f0,False,True
R1005,GG0022,CVB0019,REF0084,3,4,XGBoost,9abda8600d43251c251722bc0e6d5dceaead9da1a359ba4bd8a06cbb5ed10078,0.0027213243301957846,predict_proba,9eb1905b0d2d4dff99236976201e564cbe25ee258ba901ad38107c5c6b5846f0,False,True
R1411,GG0011,CVB0011,REF0110,3,4,XGBoost,9abda8600d43251c251722bc0e6d5dceaead9da1a359ba4bd8a06cbb5ed10078,0.0012009271886199713,predict_proba,9eb1905b0d2d4dff99236976201e564cbe25ee258ba901ad38107c5c6b5846f0,False,True
R1412,GG0011,CVB0011,REF0110,3,4,XGBoost,9abda8600d43251c251722bc0e6d5dceaead9da1a359ba4bd8a06cbb5ed10078,0.002491713035851717,predict_proba,9eb1905b0d2d4dff99236976201e564cbe25ee258ba901ad38107c5c6b5846f0,False,True
R1413,GG0011,CVB0011,REF0110,3,4,XGBoost,9abda8600d43251c251722bc0e6d5dceaead9da1a359ba4bd8a06cbb5ed10078,0.0005823516403324902,predict_proba,9eb1905b0d2d4dff99236976201e564cbe25ee258ba901ad38107c5c6b5846f0,False,True
R1414,GG0011,CVB0011,REF0110,3,4,XGBoost,9abda8600d43251c251722bc0e6d5dceaead9da1a359ba4bd8a06cbb5ed10078,0.0027811352629214525,predict_proba,9eb1905b0d2d4dff99236976201e564cbe25ee258ba901ad38107c5c6b5846f0,False,True
R1415,GG0011,CVB0011,REF0110,3,4,XGBoost,9abda8600d43251c251722bc0e6d5dceaead9da1a359ba4bd8a06cbb5ed10078,0.018865691497921944,predict_proba,9eb1905b0d2d4dff99236976201e564cbe25ee258ba901ad38107c5c6b5846f0,False,True
R1416,GG0011,CVB0011,REF0110,3,4,XGBoost,9abda8600d43251c251722bc0e6d5dceaead9da1a359ba4bd8a06cbb5ed10078,0.00112946389708668,predict_proba,9eb1905b0d2d4dff99236976201e564cbe25ee258ba901ad38107c5c6b5846f0,False,True
R1417,GG0011,CVB0011,REF0110,3,4,XGBoost,9abda8600d43251c251722bc0e6d5dceaead9da1a359ba4bd8a06cbb5ed10078,0.0024092772509902716,predict_proba,9eb1905b0d2d4dff99236976201e564cbe25ee258ba901ad38107c5c6b5846f0,False,True
R1418,GG0011,CVB0011,REF0110,3,4,XGBoost,9abda8600d43251c251722bc0e6d5dceaead9da1a359ba4bd8a06cbb5ed10078,0.003991588018834591,predict_proba,9eb1905b0d2d4dff99236976201e564cbe25ee258ba901ad38107c5c6b5846f0,False,True
R1419,GG0011,CVB0011,REF0110,3,4,XGBoost,9abda8600d43251c251722bc0e6d5dceaead9da1a359ba4bd8a06cbb5ed10078,0.0032987797167152166,predict_proba,9eb1905b0d2d4dff99236976201e564cbe25ee258ba901ad38107c5c6b5846f0,False,True
R1420,GG0011,CVB0011,REF0110,3,4,XGBoost,9abda8600d43251c251722bc0e6d5dceaead9da1a359ba4bd8a06cbb5ed10078,0.005981242749840021,predict_proba,9eb1905b0d2d4dff99236976201e564cbe25ee258ba901ad38107c5c6b5846f0,False,True
R1421,GG0011,CVB0011,REF0110,3,4,XGBoost,9abda8600d43251c251722bc0e6d5dceaead9da1a359ba4bd8a06cbb5ed10078,0.05038651451468468,predict_proba,9eb1905b0d2d4dff99236976201e564cbe25ee258ba901ad38107c5c6b5846f0,False,True
R1422,GG0011,CVB0011,REF0110,3,4,XGBoost,9abda8600d43251c251722bc0e6d5dceaead9da1a359ba4bd8a06cbb5ed10078,0.10152996331453323,predict_proba,9eb1905b0d2d4dff99236976201e564cbe25ee258ba901ad38107c5c6b5846f0,False,True
R1423,GG0011,CVB0011,REF0110,3,4,XGBoost,9abda8600d43251c251722bc0e6d5dceaead9da1a359ba4bd8a06cbb5ed10078,0.17190974950790405,predict_proba,9eb1905b0d2d4dff99236976201e564cbe25ee258ba901ad38107c5c6b5846f0,False,True
R1424,GG0011,CVB0011,REF0110,3,4,XGBoost,9abda8600d43251c251722bc0e6d5dceaead9da1a359ba4bd8a06cbb5ed10078,0.7181873321533203,predict_proba,9eb1905b0d2d4dff99236976201e564cbe25ee258ba901ad38107c5c6b5846f0,False,True
R1425,GG0011,CVB0011,REF0110,3,4,XGBoost,9abda8600d43251c251722bc0e6d5dceaead9da1a359ba4bd8a06cbb5ed10078,0.152276873588562,predict_proba,9eb1905b0d2d4dff99236976201e564cbe25ee258ba901ad38107c5c6b5846f0,False,True
R1426,GG0011,CVB0011,REF0110,3,4,XGBoost,9abda8600d43251c251722bc0e6d5dceaead9da1a359ba4bd8a06cbb5ed10078,0.0561496838927269,predict_proba,9eb1905b0d2d4dff99236976201e564cbe25ee258ba901ad38107c5c6b5846f0,False,True
R1427,GG0011,CVB0011,REF0110,3,4,XGBoost,9abda8600d43251c251722bc0e6d5dceaead9da1a359ba4bd8a06cbb5ed10078,0.6555099487304688,predict_proba,9eb1905b0d2d4dff99236976201e564cbe25ee258ba901ad38107c5c6b5846f0,False,True
R1428,GG0011,CVB0011,REF0110,3,4,XGBoost,9abda8600d43251c251722bc0e6d5dceaead9da1a359ba4bd8a06cbb5ed10078,0.021581027656793594,predict_proba,9eb1905b0d2d4dff99236976201e564cbe25ee258ba901ad38107c5c6b5846f0,False,True
R1429,GG0011,CVB0011,REF0110,3,4,XGBoost,9abda8600d43251c251722bc0e6d5dceaead9da1a359ba4bd8a06cbb5ed10078,0.04411536827683449,predict_proba,9eb1905b0d2d4dff99236976201e564cbe25ee258ba901ad38107c5c6b5846f0,False,True
R1430,GG0011,CVB0011,REF0110,3,4,XGBoost,9abda8600d43251c251722bc0e6d5dceaead9da1a359ba4bd8a06cbb5ed10078,0.062015678733587265,predict_proba,9eb1905b0d2d4dff99236976201e564cbe25ee258ba901ad38107c5c6b5846f0,False,True
R2142,GG0033,CVB0030,REF0155,3,4,XGBoost,9abda8600d43251c251722bc0e6d5dceaead9da1a359ba4bd8a06cbb5ed10078,0.41957980394363403,predict_proba,9eb1905b0d2d4dff99236976201e564cbe25ee258ba901ad38107c5c6b5846f0,False,True
R2143,GG0033,CVB0030,REF0155,3,4,XGBoost,9abda8600d43251c251722bc0e6d5dceaead9da1a359ba4bd8a06cbb5ed10078,0.21516218781471252,predict_proba,9eb1905b0d2d4dff99236976201e564cbe25ee258ba901ad38107c5c6b5846f0,False,True
R2144,GG0033,CVB0030,REF0155,3,4,XGBoost,9abda8600d43251c251722bc0e6d5dceaead9da1a359ba4bd8a06cbb5ed10078,0.0030783580150455236,predict_proba,9eb1905b0d2d4dff99236976201e564cbe25ee258ba901ad38107c5c6b5846f0,False,True
R2145,GG0033,CVB0030,REF0155,3,4,XGBoost,9abda8600d43251c251722bc0e6d5dceaead9da1a359ba4bd8a06cbb5ed10078,0.27752116322517395,predict_proba,9eb1905b0d2d4dff99236976201e564cbe25ee258ba901ad38107c5c6b5846f0,False,True
R2146,GG0033,CVB0030,REF0155,3,4,XGBoost,9abda8600d43251c251722bc0e6d5dceaead9da1a359ba4bd8a06cbb5ed10078,0.17838850617408752,predict_proba,9eb1905b0d2d4dff99236976201e564cbe25ee258ba901ad38107c5c6b5846f0,False,True
R2147,GG0033,CVB0030,REF0155,3,4,XGBoost,9abda8600d43251c251722bc0e6d5dceaead9da1a359ba4bd8a06cbb5ed10078,0.03463229909539223,predict_proba,9eb1905b0d2d4dff99236976201e564cbe25ee258ba901ad38107c5c6b5846f0,False,True
R2783,GG0017,CVB0007,REF0200,3,4,XGBoost,9abda8600d43251c251722bc0e6d5dceaead9da1a359ba4bd8a06cbb5ed10078,0.12403636425733566,predict_proba,9eb1905b0d2d4dff99236976201e564cbe25ee258ba901ad38107c5c6b5846f0,True,True
R2785,GG0017,CVB0007,REF0200,3,4,XGBoost,9abda8600d43251c251722bc0e6d5dceaead9da1a359ba4bd8a06cbb5ed10078,0.11864762008190155,predict_proba,9eb1905b0d2d4dff99236976201e564cbe25ee258ba901ad38107c5c6b5846f0,True,True
R2786,GG0017,CVB0007,REF0200,3,4,XGBoost,9abda8600d43251c251722bc0e6d5dceaead9da1a359ba4bd8a06cbb5ed10078,0.3310836851596832,predict_proba,9eb1905b0d2d4dff99236976201e564cbe25ee258ba901ad38107c5c6b5846f0,True,True
R2787,GG0017,CVB0007,REF0200,3,4,XGBoost,9abda8600d43251c251722bc0e6d5dceaead9da1a359ba4bd8a06cbb5ed10078,0.016765419393777847,predict_proba,9eb1905b0d2d4dff99236976201e564cbe25ee258ba901ad38107c5c6b5846f0,True,True
R2788,GG0017,CVB0007,REF0200,3,4,XGBoost,9abda8600d43251c251722bc0e6d5dceaead9da1a359ba4bd8a06cbb5ed10078,0.043898213654756546,predict_proba,9eb1905b0d2d4dff99236976201e564cbe25ee258ba901ad38107c5c6b5846f0,True,True
R2789,GG0017,CVB0007,REF0200,3,4,XGBoost,9abda8600d43251c251722bc0e6d5dceaead9da1a359ba4bd8a06cbb5ed10078,0.0544540174305439,predict_proba,9eb1905b0d2d4dff99236976201e564cbe25ee258ba901ad38107c5c6b5846f0,True,True
R2791,GG0017,CVB0007,REF0200,3,4,XGBoost,9abda8600d43251c251722bc0e6d5dceaead9da1a359ba4bd8a06cbb5ed10078,0.30606117844581604,predict_proba,9eb1905b0d2d4dff99236976201e564cbe25ee258ba901ad38107c5c6b5846f0,True,True
R2795,GG0017,CVB0007,REF0200,3,4,XGBoost,9abda8600d43251c251722bc0e6d5dceaead9da1a359ba4bd8a06cbb5ed10078,0.09944362938404083,predict_proba,9eb1905b0d2d4dff99236976201e564cbe25ee258ba901ad38107c5c6b5846f0,True,True
R2797,GG0017,CVB0007,REF0200,3,4,XGBoost,9abda8600d43251c251722bc0e6d5dceaead9da1a359ba4bd8a06cbb5ed10078,0.012879864312708378,predict_proba,9eb1905b0d2d4dff99236976201e564cbe25ee258ba901ad38107c5c6b5846f0,True,True
R2842,GG0021,CVB0010,REF0206,3,4,XGBoost,9abda8600d43251c251722bc0e6d5dceaead9da1a359ba4bd8a06cbb5ed10078,0.08595854043960571,predict_proba,9eb1905b0d2d4dff99236976201e564cbe25ee258ba901ad38107c5c6b5846f0,True,True
R2843,GG0021,CVB0010,REF0206,3,4,XGBoost,9abda8600d43251c251722bc0e6d5dceaead9da1a359ba4bd8a06cbb5ed10078,0.056645311415195465,predict_proba,9eb1905b0d2d4dff99236976201e564cbe25ee258ba901ad38107c5c6b5846f0,True,True
R2844,GG0021,CVB0010,REF0206,3,4,XGBoost,9abda8600d43251c251722bc0e6d5dceaead9da1a359ba4bd8a06cbb5ed10078,0.09193960577249527,predict_proba,9eb1905b0d2d4dff99236976201e564cbe25ee258ba901ad38107c5c6b5846f0,True,True
R2845,GG0021,CVB0010,REF0206,3,4,XGBoost,9abda8600d43251c251722bc0e6d5dceaead9da1a359ba4bd8a06cbb5ed10078,0.2070099115371704,predict_proba,9eb1905b0d2d4dff99236976201e564cbe25ee258ba901ad38107c5c6b5846f0,True,True
R2846,GG0021,CVB0010,REF0206,3,4,XGBoost,9abda8600d43251c251722bc0e6d5dceaead9da1a359ba4bd8a06cbb5ed10078,0.947225034236908,predict_proba,9eb1905b0d2d4dff99236976201e564cbe25ee258ba901ad38107c5c6b5846f0,True,True
R2847,GG0021,CVB0010,REF0206,3,4,XGBoost,9abda8600d43251c251722bc0e6d5dceaead9da1a359ba4bd8a06cbb5ed10078,0.4604704678058624,predict_proba,9eb1905b0d2d4dff99236976201e564cbe25ee258ba901ad38107c5c6b5846f0,True,True
R2848,GG0021,CVB0010,REF0206,3,4,XGBoost,9abda8600d43251c251722bc0e6d5dceaead9da1a359ba4bd8a06cbb5ed10078,0.33971086144447327,predict_proba,9eb1905b0d2d4dff99236976201e564cbe25ee258ba901ad38107c5c6b5846f0,True,True
R2849,GG0021,CVB0010,REF0206,3,4,XGBoost,9abda8600d43251c251722bc0e6d5dceaead9da1a359ba4bd8a06cbb5ed10078,0.9147124290466309,predict_proba,9eb1905b0d2d4dff99236976201e564cbe25ee258ba901ad38107c5c6b5846f0,True,True
R2858,GG0021,CVB0010,REF0208,3,4,XGBoost,9abda8600d43251c251722bc0e6d5dceaead9da1a359ba4bd8a06cbb5ed10078,0.6664789319038391,predict_proba,9eb1905b0d2d4dff99236976201e564cbe25ee258ba901ad38107c5c6b5846f0,True,True
R2859,GG0021,CVB0010,REF0208,3,4,XGBoost,9abda8600d43251c251722bc0e6d5dceaead9da1a359ba4bd8a06cbb5ed10078,0.9844309687614441,predict_proba,9eb1905b0d2d4dff99236976201e564cbe25ee258ba901ad38107c5c6b5846f0,True,True
R2860,GG0021,CVB0010,REF0208,3,4,XGBoost,9abda8600d43251c251722bc0e6d5dceaead9da1a359ba4bd8a06cbb5ed10078,0.752339780330658,predict_proba,9eb1905b0d2d4dff99236976201e564cbe25ee258ba901ad38107c5c6b5846f0,True,True
R2861,GG0021,CVB0010,REF0208,3,4,XGBoost,9abda8600d43251c251722bc0e6d5dceaead9da1a359ba4bd8a06cbb5ed10078,0.9420664310455322,predict_proba,9eb1905b0d2d4dff99236976201e564cbe25ee258ba901ad38107c5c6b5846f0,True,True
R2862,GG0021,CVB0010,REF0208,3,4,XGBoost,9abda8600d43251c251722bc0e6d5dceaead9da1a359ba4bd8a06cbb5ed10078,0.9781438708305359,predict_proba,9eb1905b0d2d4dff99236976201e564cbe25ee258ba901ad38107c5c6b5846f0,True,True
R2863,GG0021,CVB0010,REF0208,3,4,XGBoost,9abda8600d43251c251722bc0e6d5dceaead9da1a359ba4bd8a06cbb5ed10078,0.7662673592567444,predict_proba,9eb1905b0d2d4dff99236976201e564cbe25ee258ba901ad38107c5c6b5846f0,True,True
R2864,GG0021,CVB0010,REF0208,3,4,XGBoost,9abda8600d43251c251722bc0e6d5dceaead9da1a359ba4bd8a06cbb5ed10078,0.477284699678421,predict_proba,9eb1905b0d2d4dff99236976201e564cbe25ee258ba901ad38107c5c6b5846f0,True,True
R2869,GG0021,CVB0010,REF0209,3,4,XGBoost,9abda8600d43251c251722bc0e6d5dceaead9da1a359ba4bd8a06cbb5ed10078,0.8757338523864746,predict_proba,9eb1905b0d2d4dff99236976201e564cbe25ee258ba901ad38107c5c6b5846f0,True,True
R2870,GG0021,CVB0010,REF0209,3,4,XGBoost,9abda8600d43251c251722bc0e6d5dceaead9da1a359ba4bd8a06cbb5ed10078,0.9553372263908386,predict_proba,9eb1905b0d2d4dff99236976201e564cbe25ee258ba901ad38107c5c6b5846f0,True,True
R2871,GG0021,CVB0010,REF0209,3,4,XGBoost,9abda8600d43251c251722bc0e6d5dceaead9da1a359ba4bd8a06cbb5ed10078,0.9555107951164246,predict_proba,9eb1905b0d2d4dff99236976201e564cbe25ee258ba901ad38107c5c6b5846f0,True,True
R2872,GG0021,CVB0010,REF0209,3,4,XGBoost,9abda8600d43251c251722bc0e6d5dceaead9da1a359ba4bd8a06cbb5ed10078,0.987704873085022,predict_proba,9eb1905b0d2d4dff99236976201e564cbe25ee258ba901ad38107c5c6b5846f0,True,True
R2875,GG0021,CVB0010,REF0209,3,4,XGBoost,9abda8600d43251c251722bc0e6d5dceaead9da1a359ba4bd8a06cbb5ed10078,0.22026807069778442,predict_proba,9eb1905b0d2d4dff99236976201e564cbe25ee258ba901ad38107c5c6b5846f0,True,True
R0015,GG0021,CVB0010,REF0003,3,5,XGBoost,f5fcb432771cd87cf229d688f5ab756f893357956cbe8217ffb976d534b575e8,0.6503649950027466,predict_proba,9eb1905b0d2d4dff99236976201e564cbe25ee258ba901ad38107c5c6b5846f0,True,True
R0016,GG0021,CVB0010,REF0003,3,5,XGBoost,f5fcb432771cd87cf229d688f5ab756f893357956cbe8217ffb976d534b575e8,0.7887993454933167,predict_proba,9eb1905b0d2d4dff99236976201e564cbe25ee258ba901ad38107c5c6b5846f0,True,True
R0017,GG0021,CVB0010,REF0003,3,5,XGBoost,f5fcb432771cd87cf229d688f5ab756f893357956cbe8217ffb976d534b575e8,0.8626300692558289,predict_proba,9eb1905b0d2d4dff99236976201e564cbe25ee258ba901ad38107c5c6b5846f0,True,True
R0018,GG0021,CVB0010,REF0003,3,5,XGBoost,f5fcb432771cd87cf229d688f5ab756f893357956cbe8217ffb976d534b575e8,0.728162407875061,predict_proba,9eb1905b0d2d4dff99236976201e564cbe25ee258ba901ad38107c5c6b5846f0,True,True
R0019,GG0021,CVB0010,REF0003,3,5,XGBoost,f5fcb432771cd87cf229d688f5ab756f893357956cbe8217ffb976d534b575e8,0.207298144698143,predict_proba,9eb1905b0d2d4dff99236976201e564cbe25ee258ba901ad38107c5c6b5846f0,True,True
R0020,GG0021,CVB0010,REF0003,3,5,XGBoost,f5fcb432771cd87cf229d688f5ab756f893357956cbe8217ffb976d534b575e8,0.703660786151886,predict_proba,9eb1905b0d2d4dff99236976201e564cbe25ee258ba901ad38107c5c6b5846f0,True,True
R0021,GG0021,CVB0010,REF0003,3,5,XGBoost,f5fcb432771cd87cf229d688f5ab756f893357956cbe8217ffb976d534b575e8,0.5227872133255005,predict_proba,9eb1905b0d2d4dff99236976201e564cbe25ee258ba901ad38107c5c6b5846f0,True,True
R0022,GG0021,CVB0010,REF0003,3,5,XGBoost,f5fcb432771cd87cf229d688f5ab756f893357956cbe8217ffb976d534b575e8,0.01889476552605629,predict_proba,9eb1905b0d2d4dff99236976201e564cbe25ee258ba901ad38107c5c6b5846f0,True,True
R0023,GG0021,CVB0010,REF0003,3,5,XGBoost,f5fcb432771cd87cf229d688f5ab756f893357956cbe8217ffb976d534b575e8,0.12368734180927277,predict_proba,9eb1905b0d2d4dff99236976201e564cbe25ee258ba901ad38107c5c6b5846f0,True,True
R0024,GG0021,CVB0010,REF0003,3,5,XGBoost,f5fcb432771cd87cf229d688f5ab756f893357956cbe8217ffb976d534b575e8,0.2548605799674988,predict_proba,9eb1905b0d2d4dff99236976201e564cbe25ee258ba901ad38107c5c6b5846f0,True,True
R0025,GG0021,CVB0010,REF0003,3,5,XGBoost,f5fcb432771cd87cf229d688f5ab756f893357956cbe8217ffb976d534b575e8,0.7838360071182251,predict_proba,9eb1905b0d2d4dff99236976201e564cbe25ee258ba901ad38107c5c6b5846f0,True,True
R0026,GG0021,CVB0010,REF0003,3,5,XGBoost,f5fcb432771cd87cf229d688f5ab756f893357956cbe8217ffb976d534b575e8,0.5743570923805237,predict_proba,9eb1905b0d2d4dff99236976201e564cbe25ee258ba901ad38107c5c6b5846f0,True,True
R0027,GG0021,CVB0010,REF0003,3,5,XGBoost,f5fcb432771cd87cf229d688f5ab756f893357956cbe8217ffb976d534b575e8,0.4097679555416107,predict_proba,9eb1905b0d2d4dff99236976201e564cbe25ee258ba901ad38107c5c6b5846f0,True,True
R0028,GG0021,CVB0010,REF0003,3,5,XGBoost,f5fcb432771cd87cf229d688f5ab756f893357956cbe8217ffb976d534b575e8,0.6704318523406982,predict_proba,9eb1905b0d2d4dff99236976201e564cbe25ee258ba901ad38107c5c6b5846f0,True,True
R0029,GG0021,CVB0010,REF0004,3,5,XGBoost,f5fcb432771cd87cf229d688f5ab756f893357956cbe8217ffb976d534b575e8,0.9558313488960266,predict_proba,9eb1905b0d2d4dff99236976201e564cbe25ee258ba901ad38107c5c6b5846f0,True,True
R0030,GG0021,CVB0010,REF0004,3,5,XGBoost,f5fcb432771cd87cf229d688f5ab756f893357956cbe8217ffb976d534b575e8,0.8668813705444336,predict_proba,9eb1905b0d2d4dff99236976201e564cbe25ee258ba901ad38107c5c6b5846f0,True,True
R0031,GG0021,CVB0010,REF0004,3,5,XGBoost,f5fcb432771cd87cf229d688f5ab756f893357956cbe8217ffb976d534b575e8,0.6776166558265686,predict_proba,9eb1905b0d2d4dff99236976201e564cbe25ee258ba901ad38107c5c6b5846f0,True,True
R0032,GG0021,CVB0010,REF0004,3,5,XGBoost,f5fcb432771cd87cf229d688f5ab756f893357956cbe8217ffb976d534b575e8,0.552390456199646,predict_proba,9eb1905b0d2d4dff99236976201e564cbe25ee258ba901ad38107c5c6b5846f0,True,True
R0033,GG0021,CVB0010,REF0004,3,5,XGBoost,f5fcb432771cd87cf229d688f5ab756f893357956cbe8217ffb976d534b575e8,0.7159770727157593,predict_proba,9eb1905b0d2d4dff99236976201e564cbe25ee258ba901ad38107c5c6b5846f0,True,True
R0034,GG0021,CVB0010,REF0004,3,5,XGBoost,f5fcb432771cd87cf229d688f5ab756f893357956cbe8217ffb976d534b575e8,0.7005579471588135,predict_proba,9eb1905b0d2d4dff99236976201e564cbe25ee258ba901ad38107c5c6b5846f0,True,True
R0035,GG0021,CVB0010,REF0004,3,5,XGBoost,f5fcb432771cd87cf229d688f5ab756f893357956cbe8217ffb976d534b575e8,0.7738351225852966,predict_proba,9eb1905b0d2d4dff99236976201e564cbe25ee258ba901ad38107c5c6b5846f0,True,True
R0036,GG0021,CVB0010,REF0004,3,5,XGBoost,f5fcb432771cd87cf229d688f5ab756f893357956cbe8217ffb976d534b575e8,0.8717932105064392,predict_proba,9eb1905b0d2d4dff99236976201e564cbe25ee258ba901ad38107c5c6b5846f0,True,True
R0037,GG0022,CVB0019,REF0005,3,5,XGBoost,f5fcb432771cd87cf229d688f5ab756f893357956cbe8217ffb976d534b575e8,0.2289494276046753,predict_proba,9eb1905b0d2d4dff99236976201e564cbe25ee258ba901ad38107c5c6b5846f0,False,True
R0038,GG0022,CVB0019,REF0005,3,5,XGBoost,f5fcb432771cd87cf229d688f5ab756f893357956cbe8217ffb976d534b575e8,0.04228317365050316,predict_proba,9eb1905b0d2d4dff99236976201e564cbe25ee258ba901ad38107c5c6b5846f0,False,True
R0039,GG0022,CVB0019,REF0005,3,5,XGBoost,f5fcb432771cd87cf229d688f5ab756f893357956cbe8217ffb976d534b575e8,0.019279219210147858,predict_proba,9eb1905b0d2d4dff99236976201e564cbe25ee258ba901ad38107c5c6b5846f0,False,True
R0040,GG0022,CVB0019,REF0005,3,5,XGBoost,f5fcb432771cd87cf229d688f5ab756f893357956cbe8217ffb976d534b575e8,0.14531055092811584,predict_proba,9eb1905b0d2d4dff99236976201e564cbe25ee258ba901ad38107c5c6b5846f0,False,True
R0041,GG0022,CVB0019,REF0005,3,5,XGBoost,f5fcb432771cd87cf229d688f5ab756f893357956cbe8217ffb976d534b575e8,0.018226824700832367,predict_proba,9eb1905b0d2d4dff99236976201e564cbe25ee258ba901ad38107c5c6b5846f0,False,True
R0042,GG0022,CVB0019,REF0005,3,5,XGBoost,f5fcb432771cd87cf229d688f5ab756f893357956cbe8217ffb976d534b575e8,0.11678425222635269,predict_proba,9eb1905b0d2d4dff99236976201e564cbe25ee258ba901ad38107c5c6b5846f0,False,True
R0043,GG0022,CVB0019,REF0005,3,5,XGBoost,f5fcb432771cd87cf229d688f5ab756f893357956cbe8217ffb976d534b575e8,0.05826079100370407,predict_proba,9eb1905b0d2d4dff99236976201e564cbe25ee258ba901ad38107c5c6b5846f0,False,True
R0044,GG0022,CVB0019,REF0005,3,5,XGBoost,f5fcb432771cd87cf229d688f5ab756f893357956cbe8217ffb976d534b575e8,0.00988775584846735,predict_proba,9eb1905b0d2d4dff99236976201e564cbe25ee258ba901ad38107c5c6b5846f0,False,True
R0045,GG0022,CVB0019,REF0005,3,5,XGBoost,f5fcb432771cd87cf229d688f5ab756f893357956cbe8217ffb976d534b575e8,0.464914470911026,predict_proba,9eb1905b0d2d4dff99236976201e564cbe25ee258ba901ad38107c5c6b5846f0,False,True
R0046,GG0022,CVB0019,REF0005,3,5,XGBoost,f5fcb432771cd87cf229d688f5ab756f893357956cbe8217ffb976d534b575e8,0.17951273918151855,predict_proba,9eb1905b0d2d4dff99236976201e564cbe25ee258ba901ad38107c5c6b5846f0,False,True
R0047,GG0022,CVB0019,REF0005,3,5,XGBoost,f5fcb432771cd87cf229d688f5ab756f893357956cbe8217ffb976d534b575e8,0.14409160614013672,predict_proba,9eb1905b0d2d4dff99236976201e564cbe25ee258ba901ad38107c5c6b5846f0,False,True
R0048,GG0022,CVB0019,REF0005,3,5,XGBoost,f5fcb432771cd87cf229d688f5ab756f893357956cbe8217ffb976d534b575e8,0.2842601239681244,predict_proba,9eb1905b0d2d4dff99236976201e564cbe25ee258ba901ad38107c5c6b5846f0,False,True
R0060,GG0021,CVB0010,REF0008,3,5,XGBoost,f5fcb432771cd87cf229d688f5ab756f893357956cbe8217ffb976d534b575e8,0.02551410160958767,predict_proba,9eb1905b0d2d4dff99236976201e564cbe25ee258ba901ad38107c5c6b5846f0,True,True
R0061,GG0021,CVB0010,REF0008,3,5,XGBoost,f5fcb432771cd87cf229d688f5ab756f893357956cbe8217ffb976d534b575e8,0.39802032709121704,predict_proba,9eb1905b0d2d4dff99236976201e564cbe25ee258ba901ad38107c5c6b5846f0,True,True
R0062,GG0021,CVB0010,REF0008,3,5,XGBoost,f5fcb432771cd87cf229d688f5ab756f893357956cbe8217ffb976d534b575e8,0.9208700656890869,predict_proba,9eb1905b0d2d4dff99236976201e564cbe25ee258ba901ad38107c5c6b5846f0,True,True
R0063,GG0021,CVB0010,REF0008,3,5,XGBoost,f5fcb432771cd87cf229d688f5ab756f893357956cbe8217ffb976d534b575e8,0.6010991930961609,predict_proba,9eb1905b0d2d4dff99236976201e564cbe25ee258ba901ad38107c5c6b5846f0,True,True
R0064,GG0021,CVB0010,REF0008,3,5,XGBoost,f5fcb432771cd87cf229d688f5ab756f893357956cbe8217ffb976d534b575e8,0.5237177610397339,predict_proba,9eb1905b0d2d4dff99236976201e564cbe25ee258ba901ad38107c5c6b5846f0,True,True
R0065,GG0021,CVB0010,REF0008,3,5,XGBoost,f5fcb432771cd87cf229d688f5ab756f893357956cbe8217ffb976d534b575e8,0.6648731827735901,predict_proba,9eb1905b0d2d4dff99236976201e564cbe25ee258ba901ad38107c5c6b5846f0,True,True
R0066,GG0021,CVB0010,REF0008,3,5,XGBoost,f5fcb432771cd87cf229d688f5ab756f893357956cbe8217ffb976d534b575e8,0.3688082993030548,predict_proba,9eb1905b0d2d4dff99236976201e564cbe25ee258ba901ad38107c5c6b5846f0,True,True
R0067,GG0021,CVB0010,REF0008,3,5,XGBoost,f5fcb432771cd87cf229d688f5ab756f893357956cbe8217ffb976d534b575e8,0.04943206161260605,predict_proba,9eb1905b0d2d4dff99236976201e564cbe25ee258ba901ad38107c5c6b5846f0,True,True
R0068,GG0021,CVB0010,REF0008,3,5,XGBoost,f5fcb432771cd87cf229d688f5ab756f893357956cbe8217ffb976d534b575e8,0.337088018655777,predict_proba,9eb1905b0d2d4dff99236976201e564cbe25ee258ba901ad38107c5c6b5846f0,True,True
R0069,GG0021,CVB0010,REF0008,3,5,XGBoost,f5fcb432771cd87cf229d688f5ab756f893357956cbe8217ffb976d534b575e8,0.4946882128715515,predict_proba,9eb1905b0d2d4dff99236976201e564cbe25ee258ba901ad38107c5c6b5846f0,True,True
R0070,GG0021,CVB0010,REF0008,3,5,XGBoost,f5fcb432771cd87cf229d688f5ab756f893357956cbe8217ffb976d534b575e8,0.12941722571849823,predict_proba,9eb1905b0d2d4dff99236976201e564cbe25ee258ba901ad38107c5c6b5846f0,True,True
R0071,GG0021,CVB0010,REF0008,3,5,XGBoost,f5fcb432771cd87cf229d688f5ab756f893357956cbe8217ffb976d534b575e8,0.4781879484653473,predict_proba,9eb1905b0d2d4dff99236976201e564cbe25ee258ba901ad38107c5c6b5846f0,True,True
R0072,GG0021,CVB0010,REF0008,3,5,XGBoost,f5fcb432771cd87cf229d688f5ab756f893357956cbe8217ffb976d534b575e8,0.6817469000816345,predict_proba,9eb1905b0d2d4dff99236976201e564cbe25ee258ba901ad38107c5c6b5846f0,True,True
R0073,GG0021,CVB0010,REF0008,3,5,XGBoost,f5fcb432771cd87cf229d688f5ab756f893357956cbe8217ffb976d534b575e8,0.40057361125946045,predict_proba,9eb1905b0d2d4dff99236976201e564cbe25ee258ba901ad38107c5c6b5846f0,True,True
R0074,GG0021,CVB0010,REF0008,3,5,XGBoost,f5fcb432771cd87cf229d688f5ab756f893357956cbe8217ffb976d534b575e8,0.7889811992645264,predict_proba,9eb1905b0d2d4dff99236976201e564cbe25ee258ba901ad38107c5c6b5846f0,True,True
R0075,GG0021,CVB0010,REF0008,3,5,XGBoost,f5fcb432771cd87cf229d688f5ab756f893357956cbe8217ffb976d534b575e8,0.8656018972396851,predict_proba,9eb1905b0d2d4dff99236976201e564cbe25ee258ba901ad38107c5c6b5846f0,True,True
R0076,GG0021,CVB0010,REF0008,3,5,XGBoost,f5fcb432771cd87cf229d688f5ab756f893357956cbe8217ffb976d534b575e8,0.6845459342002869,predict_proba,9eb1905b0d2d4dff99236976201e564cbe25ee258ba901ad38107c5c6b5846f0,True,True
R0077,GG0021,CVB0010,REF0008,3,5,XGBoost,f5fcb432771cd87cf229d688f5ab756f893357956cbe8217ffb976d534b575e8,0.9865027666091919,predict_proba,9eb1905b0d2d4dff99236976201e564cbe25ee258ba901ad38107c5c6b5846f0,True,True
R0078,GG0021,CVB0010,REF0008,3,5,XGBoost,f5fcb432771cd87cf229d688f5ab756f893357956cbe8217ffb976d534b575e8,0.9685307145118713,predict_proba,9eb1905b0d2d4dff99236976201e564cbe25ee258ba901ad38107c5c6b5846f0,True,True
R0079,GG0021,CVB0010,REF0008,3,5,XGBoost,f5fcb432771cd87cf229d688f5ab756f893357956cbe8217ffb976d534b575e8,0.9715615510940552,predict_proba,9eb1905b0d2d4dff99236976201e564cbe25ee258ba901ad38107c5c6b5846f0,True,True
R0080,GG0021,CVB0010,REF0008,3,5,XGBoost,f5fcb432771cd87cf229d688f5ab756f893357956cbe8217ffb976d534b575e8,0.9544541835784912,predict_proba,9eb1905b0d2d4dff99236976201e564cbe25ee258ba901ad38107c5c6b5846f0,True,True
R0123,GG0017,CVB0007,REF0013,3,5,XGBoost,f5fcb432771cd87cf229d688f5ab756f893357956cbe8217ffb976d534b575e8,0.0025615347549319267,predict_proba,9eb1905b0d2d4dff99236976201e564cbe25ee258ba901ad38107c5c6b5846f0,True,True
R0124,GG0017,CVB0007,REF0013,3,5,XGBoost,f5fcb432771cd87cf229d688f5ab756f893357956cbe8217ffb976d534b575e8,0.08320965617895126,predict_proba,9eb1905b0d2d4dff99236976201e564cbe25ee258ba901ad38107c5c6b5846f0,True,True
R0125,GG0017,CVB0007,REF0013,3,5,XGBoost,f5fcb432771cd87cf229d688f5ab756f893357956cbe8217ffb976d534b575e8,0.007465203758329153,predict_proba,9eb1905b0d2d4dff99236976201e564cbe25ee258ba901ad38107c5c6b5846f0,True,True
R0126,GG0017,CVB0007,REF0013,3,5,XGBoost,f5fcb432771cd87cf229d688f5ab756f893357956cbe8217ffb976d534b575e8,0.023791411891579628,predict_proba,9eb1905b0d2d4dff99236976201e564cbe25ee258ba901ad38107c5c6b5846f0,True,True
R0127,GG0017,CVB0007,REF0013,3,5,XGBoost,f5fcb432771cd87cf229d688f5ab756f893357956cbe8217ffb976d534b575e8,0.005893699359148741,predict_proba,9eb1905b0d2d4dff99236976201e564cbe25ee258ba901ad38107c5c6b5846f0,True,True
R0128,GG0017,CVB0007,REF0013,3,5,XGBoost,f5fcb432771cd87cf229d688f5ab756f893357956cbe8217ffb976d534b575e8,0.2036495804786682,predict_proba,9eb1905b0d2d4dff99236976201e564cbe25ee258ba901ad38107c5c6b5846f0,True,True
R0199,GG0033,CVB0030,REF0021,3,5,XGBoost,f5fcb432771cd87cf229d688f5ab756f893357956cbe8217ffb976d534b575e8,0.0017690530512481928,predict_proba,9eb1905b0d2d4dff99236976201e564cbe25ee258ba901ad38107c5c6b5846f0,False,True
R0200,GG0033,CVB0030,REF0021,3,5,XGBoost,f5fcb432771cd87cf229d688f5ab756f893357956cbe8217ffb976d534b575e8,0.267353892326355,predict_proba,9eb1905b0d2d4dff99236976201e564cbe25ee258ba901ad38107c5c6b5846f0,False,True
R0201,GG0033,CVB0030,REF0021,3,5,XGBoost,f5fcb432771cd87cf229d688f5ab756f893357956cbe8217ffb976d534b575e8,0.015396162867546082,predict_proba,9eb1905b0d2d4dff99236976201e564cbe25ee258ba901ad38107c5c6b5846f0,False,True
R0202,GG0033,CVB0030,REF0021,3,5,XGBoost,f5fcb432771cd87cf229d688f5ab756f893357956cbe8217ffb976d534b575e8,0.005076261702924967,predict_proba,9eb1905b0d2d4dff99236976201e564cbe25ee258ba901ad38107c5c6b5846f0,False,True
R0203,GG0033,CVB0030,REF0021,3,5,XGBoost,f5fcb432771cd87cf229d688f5ab756f893357956cbe8217ffb976d534b575e8,0.024837583303451538,predict_proba,9eb1905b0d2d4dff99236976201e564cbe25ee258ba901ad38107c5c6b5846f0,False,True
R0204,GG0033,CVB0030,REF0021,3,5,XGBoost,f5fcb432771cd87cf229d688f5ab756f893357956cbe8217ffb976d534b575e8,0.010849595069885254,predict_proba,9eb1905b0d2d4dff99236976201e564cbe25ee258ba901ad38107c5c6b5846f0,False,True
R0205,GG0033,CVB0030,REF0021,3,5,XGBoost,f5fcb432771cd87cf229d688f5ab756f893357956cbe8217ffb976d534b575e8,0.631545901298523,predict_proba,9eb1905b0d2d4dff99236976201e564cbe25ee258ba901ad38107c5c6b5846f0,False,True
R0206,GG0033,CVB0030,REF0021,3,5,XGBoost,f5fcb432771cd87cf229d688f5ab756f893357956cbe8217ffb976d534b575e8,0.37305739521980286,predict_proba,9eb1905b0d2d4dff99236976201e564cbe25ee258ba901ad38107c5c6b5846f0,False,True
R0207,GG0033,CVB0030,REF0021,3,5,XGBoost,f5fcb432771cd87cf229d688f5ab756f893357956cbe8217ffb976d534b575e8,0.00618983618915081,predict_proba,9eb1905b0d2d4dff99236976201e564cbe25ee258ba901ad38107c5c6b5846f0,False,True
R0208,GG0033,CVB0030,REF0021,3,5,XGBoost,f5fcb432771cd87cf229d688f5ab756f893357956cbe8217ffb976d534b575e8,0.0034098592586815357,predict_proba,9eb1905b0d2d4dff99236976201e564cbe25ee258ba901ad38107c5c6b5846f0,False,True
R0209,GG0033,CVB0030,REF0021,3,5,XGBoost,f5fcb432771cd87cf229d688f5ab756f893357956cbe8217ffb976d534b575e8,0.0005600997246801853,predict_proba,9eb1905b0d2d4dff99236976201e564cbe25ee258ba901ad38107c5c6b5846f0,False,True
R0210,GG0033,CVB0030,REF0021,3,5,XGBoost,f5fcb432771cd87cf229d688f5ab756f893357956cbe8217ffb976d534b575e8,0.022869452834129333,predict_proba,9eb1905b0d2d4dff99236976201e564cbe25ee258ba901ad38107c5c6b5846f0,False,True
R0211,GG0033,CVB0030,REF0021,3,5,XGBoost,f5fcb432771cd87cf229d688f5ab756f893357956cbe8217ffb976d534b575e8,0.016790952533483505,predict_proba,9eb1905b0d2d4dff99236976201e564cbe25ee258ba901ad38107c5c6b5846f0,False,True
R0212,GG0033,CVB0030,REF0021,3,5,XGBoost,f5fcb432771cd87cf229d688f5ab756f893357956cbe8217ffb976d534b575e8,0.32696545124053955,predict_proba,9eb1905b0d2d4dff99236976201e564cbe25ee258ba901ad38107c5c6b5846f0,False,True
R0213,GG0033,CVB0030,REF0022,3,5,XGBoost,f5fcb432771cd87cf229d688f5ab756f893357956cbe8217ffb976d534b575e8,0.003976114559918642,predict_proba,9eb1905b0d2d4dff99236976201e564cbe25ee258ba901ad38107c5c6b5846f0,False,True
R0214,GG0033,CVB0030,REF0022,3,5,XGBoost,f5fcb432771cd87cf229d688f5ab756f893357956cbe8217ffb976d534b575e8,0.37000513076782227,predict_proba,9eb1905b0d2d4dff99236976201e564cbe25ee258ba901ad38107c5c6b5846f0,False,True
R0215,GG0033,CVB0030,REF0022,3,5,XGBoost,f5fcb432771cd87cf229d688f5ab756f893357956cbe8217ffb976d534b575e8,0.12919600307941437,predict_proba,9eb1905b0d2d4dff99236976201e564cbe25ee258ba901ad38107c5c6b5846f0,False,True
R0360,GG0021,CVB0010,REF0036,3,5,XGBoost,f5fcb432771cd87cf229d688f5ab756f893357956cbe8217ffb976d534b575e8,0.37622037529945374,predict_proba,9eb1905b0d2d4dff99236976201e564cbe25ee258ba901ad38107c5c6b5846f0,True,True
R0361,GG0021,CVB0010,REF0036,3,5,XGBoost,f5fcb432771cd87cf229d688f5ab756f893357956cbe8217ffb976d534b575e8,0.020757507532835007,predict_proba,9eb1905b0d2d4dff99236976201e564cbe25ee258ba901ad38107c5c6b5846f0,True,True
R0362,GG0021,CVB0010,REF0036,3,5,XGBoost,f5fcb432771cd87cf229d688f5ab756f893357956cbe8217ffb976d534b575e8,0.14720888435840607,predict_proba,9eb1905b0d2d4dff99236976201e564cbe25ee258ba901ad38107c5c6b5846f0,True,True
R0363,GG0021,CVB0010,REF0036,3,5,XGBoost,f5fcb432771cd87cf229d688f5ab756f893357956cbe8217ffb976d534b575e8,0.4455457627773285,predict_proba,9eb1905b0d2d4dff99236976201e564cbe25ee258ba901ad38107c5c6b5846f0,True,True
R0364,GG0021,CVB0010,REF0036,3,5,XGBoost,f5fcb432771cd87cf229d688f5ab756f893357956cbe8217ffb976d534b575e8,0.46720585227012634,predict_proba,9eb1905b0d2d4dff99236976201e564cbe25ee258ba901ad38107c5c6b5846f0,True,True
R0365,GG0021,CVB0010,REF0036,3,5,XGBoost,f5fcb432771cd87cf229d688f5ab756f893357956cbe8217ffb976d534b575e8,0.5173466801643372,predict_proba,9eb1905b0d2d4dff99236976201e564cbe25ee258ba901ad38107c5c6b5846f0,True,True
R0366,GG0021,CVB0010,REF0036,3,5,XGBoost,f5fcb432771cd87cf229d688f5ab756f893357956cbe8217ffb976d534b575e8,0.5628442168235779,predict_proba,9eb1905b0d2d4dff99236976201e564cbe25ee258ba901ad38107c5c6b5846f0,True,True
R0367,GG0021,CVB0010,REF0036,3,5,XGBoost,f5fcb432771cd87cf229d688f5ab756f893357956cbe8217ffb976d534b575e8,0.2653229236602783,predict_proba,9eb1905b0d2d4dff99236976201e564cbe25ee258ba901ad38107c5c6b5846f0,True,True
R0368,GG0021,CVB0010,REF0036,3,5,XGBoost,f5fcb432771cd87cf229d688f5ab756f893357956cbe8217ffb976d534b575e8,0.85120689868927,predict_proba,9eb1905b0d2d4dff99236976201e564cbe25ee258ba901ad38107c5c6b5846f0,True,True
R0369,GG0021,CVB0010,REF0036,3,5,XGBoost,f5fcb432771cd87cf229d688f5ab756f893357956cbe8217ffb976d534b575e8,0.856755256652832,predict_proba,9eb1905b0d2d4dff99236976201e564cbe25ee258ba901ad38107c5c6b5846f0,True,True
R0457,GG0021,CVB0010,REF0042,3,5,XGBoost,f5fcb432771cd87cf229d688f5ab756f893357956cbe8217ffb976d534b575e8,0.6314177513122559,predict_proba,9eb1905b0d2d4dff99236976201e564cbe25ee258ba901ad38107c5c6b5846f0,True,True
R0458,GG0021,CVB0010,REF0042,3,5,XGBoost,f5fcb432771cd87cf229d688f5ab756f893357956cbe8217ffb976d534b575e8,0.10125371813774109,predict_proba,9eb1905b0d2d4dff99236976201e564cbe25ee258ba901ad38107c5c6b5846f0,True,True
R0459,GG0021,CVB0010,REF0042,3,5,XGBoost,f5fcb432771cd87cf229d688f5ab756f893357956cbe8217ffb976d534b575e8,0.2833324074745178,predict_proba,9eb1905b0d2d4dff99236976201e564cbe25ee258ba901ad38107c5c6b5846f0,True,True
R0460,GG0021,CVB0010,REF0042,3,5,XGBoost,f5fcb432771cd87cf229d688f5ab756f893357956cbe8217ffb976d534b575e8,0.7517167329788208,predict_proba,9eb1905b0d2d4dff99236976201e564cbe25ee258ba901ad38107c5c6b5846f0,True,True
R0461,GG0021,CVB0010,REF0042,3,5,XGBoost,f5fcb432771cd87cf229d688f5ab756f893357956cbe8217ffb976d534b575e8,0.1379307210445404,predict_proba,9eb1905b0d2d4dff99236976201e564cbe25ee258ba901ad38107c5c6b5846f0,True,True
R0462,GG0021,CVB0010,REF0042,3,5,XGBoost,f5fcb432771cd87cf229d688f5ab756f893357956cbe8217ffb976d534b575e8,0.31761133670806885,predict_proba,9eb1905b0d2d4dff99236976201e564cbe25ee258ba901ad38107c5c6b5846f0,True,True
R0463,GG0021,CVB0010,REF0042,3,5,XGBoost,f5fcb432771cd87cf229d688f5ab756f893357956cbe8217ffb976d534b575e8,0.33963868021965027,predict_proba,9eb1905b0d2d4dff99236976201e564cbe25ee258ba901ad38107c5c6b5846f0,True,True
R0464,GG0021,CVB0010,REF0042,3,5,XGBoost,f5fcb432771cd87cf229d688f5ab756f893357956cbe8217ffb976d534b575e8,0.07307187467813492,predict_proba,9eb1905b0d2d4dff99236976201e564cbe25ee258ba901ad38107c5c6b5846f0,True,True
R0465,GG0021,CVB0010,REF0042,3,5,XGBoost,f5fcb432771cd87cf229d688f5ab756f893357956cbe8217ffb976d534b575e8,0.10831610858440399,predict_proba,9eb1905b0d2d4dff99236976201e564cbe25ee258ba901ad38107c5c6b5846f0,True,True
R0466,GG0021,CVB0010,REF0042,3,5,XGBoost,f5fcb432771cd87cf229d688f5ab756f893357956cbe8217ffb976d534b575e8,0.16786684095859528,predict_proba,9eb1905b0d2d4dff99236976201e564cbe25ee258ba901ad38107c5c6b5846f0,True,True
R0467,GG0021,CVB0010,REF0042,3,5,XGBoost,f5fcb432771cd87cf229d688f5ab756f893357956cbe8217ffb976d534b575e8,0.09577532112598419,predict_proba,9eb1905b0d2d4dff99236976201e564cbe25ee258ba901ad38107c5c6b5846f0,True,True
R0468,GG0021,CVB0010,REF0042,3,5,XGBoost,f5fcb432771cd87cf229d688f5ab756f893357956cbe8217ffb976d534b575e8,0.4507090151309967,predict_proba,9eb1905b0d2d4dff99236976201e564cbe25ee258ba901ad38107c5c6b5846f0,True,True
R0469,GG0021,CVB0010,REF0042,3,5,XGBoost,f5fcb432771cd87cf229d688f5ab756f893357956cbe8217ffb976d534b575e8,0.6285410523414612,predict_proba,9eb1905b0d2d4dff99236976201e564cbe25ee258ba901ad38107c5c6b5846f0,True,True
R0470,GG0021,CVB0010,REF0042,3,5,XGBoost,f5fcb432771cd87cf229d688f5ab756f893357956cbe8217ffb976d534b575e8,0.09027515351772308,predict_proba,9eb1905b0d2d4dff99236976201e564cbe25ee258ba901ad38107c5c6b5846f0,True,True
R0471,GG0021,CVB0010,REF0042,3,5,XGBoost,f5fcb432771cd87cf229d688f5ab756f893357956cbe8217ffb976d534b575e8,0.25702914595603943,predict_proba,9eb1905b0d2d4dff99236976201e564cbe25ee258ba901ad38107c5c6b5846f0,True,True
R0472,GG0021,CVB0010,REF0042,3,5,XGBoost,f5fcb432771cd87cf229d688f5ab756f893357956cbe8217ffb976d534b575e8,0.6688026189804077,predict_proba,9eb1905b0d2d4dff99236976201e564cbe25ee258ba901ad38107c5c6b5846f0,True,True
R0473,GG0021,CVB0010,REF0042,3,5,XGBoost,f5fcb432771cd87cf229d688f5ab756f893357956cbe8217ffb976d534b575e8,0.005891367327421904,predict_proba,9eb1905b0d2d4dff99236976201e564cbe25ee258ba901ad38107c5c6b5846f0,True,True
R0474,GG0021,CVB0010,REF0042,3,5,XGBoost,f5fcb432771cd87cf229d688f5ab756f893357956cbe8217ffb976d534b575e8,0.46433770656585693,predict_proba,9eb1905b0d2d4dff99236976201e564cbe25ee258ba901ad38107c5c6b5846f0,True,True
R0475,GG0021,CVB0010,REF0042,3,5,XGBoost,f5fcb432771cd87cf229d688f5ab756f893357956cbe8217ffb976d534b575e8,0.008413009345531464,predict_proba,9eb1905b0d2d4dff99236976201e564cbe25ee258ba901ad38107c5c6b5846f0,True,True
R0476,GG0021,CVB0010,REF0042,3,5,XGBoost,f5fcb432771cd87cf229d688f5ab756f893357956cbe8217ffb976d534b575e8,0.48241952061653137,predict_proba,9eb1905b0d2d4dff99236976201e564cbe25ee258ba901ad38107c5c6b5846f0,True,True
R0477,GG0021,CVB0010,REF0042,3,5,XGBoost,f5fcb432771cd87cf229d688f5ab756f893357956cbe8217ffb976d534b575e8,0.008924908004701138,predict_proba,9eb1905b0d2d4dff99236976201e564cbe25ee258ba901ad38107c5c6b5846f0,True,True
R0478,GG0021,CVB0010,REF0043,3,5,XGBoost,f5fcb432771cd87cf229d688f5ab756f893357956cbe8217ffb976d534b575e8,0.9030807018280029,predict_proba,9eb1905b0d2d4dff99236976201e564cbe25ee258ba901ad38107c5c6b5846f0,True,True
R0479,GG0021,CVB0010,REF0043,3,5,XGBoost,f5fcb432771cd87cf229d688f5ab756f893357956cbe8217ffb976d534b575e8,0.7318563461303711,predict_proba,9eb1905b0d2d4dff99236976201e564cbe25ee258ba901ad38107c5c6b5846f0,True,True
R0480,GG0021,CVB0010,REF0043,3,5,XGBoost,f5fcb432771cd87cf229d688f5ab756f893357956cbe8217ffb976d534b575e8,0.7797898650169373,predict_proba,9eb1905b0d2d4dff99236976201e564cbe25ee258ba901ad38107c5c6b5846f0,True,True
R0481,GG0021,CVB0010,REF0043,3,5,XGBoost,f5fcb432771cd87cf229d688f5ab756f893357956cbe8217ffb976d534b575e8,0.8570890426635742,predict_proba,9eb1905b0d2d4dff99236976201e564cbe25ee258ba901ad38107c5c6b5846f0,True,True
R0482,GG0021,CVB0010,REF0043,3,5,XGBoost,f5fcb432771cd87cf229d688f5ab756f893357956cbe8217ffb976d534b575e8,0.7902839183807373,predict_proba,9eb1905b0d2d4dff99236976201e564cbe25ee258ba901ad38107c5c6b5846f0,True,True
R0483,GG0021,CVB0010,REF0043,3,5,XGBoost,f5fcb432771cd87cf229d688f5ab756f893357956cbe8217ffb976d534b575e8,0.8779861330986023,predict_proba,9eb1905b0d2d4dff99236976201e564cbe25ee258ba901ad38107c5c6b5846f0,True,True
R0484,GG0021,CVB0010,REF0043,3,5,XGBoost,f5fcb432771cd87cf229d688f5ab756f893357956cbe8217ffb976d534b575e8,0.9376453757286072,predict_proba,9eb1905b0d2d4dff99236976201e564cbe25ee258ba901ad38107c5c6b5846f0,True,True
R0485,GG0021,CVB0010,REF0043,3,5,XGBoost,f5fcb432771cd87cf229d688f5ab756f893357956cbe8217ffb976d534b575e8,0.7503253817558289,predict_proba,9eb1905b0d2d4dff99236976201e564cbe25ee258ba901ad38107c5c6b5846f0,True,True
R0486,GG0021,CVB0010,REF0043,3,5,XGBoost,f5fcb432771cd87cf229d688f5ab756f893357956cbe8217ffb976d534b575e8,0.9839037656784058,predict_proba,9eb1905b0d2d4dff99236976201e564cbe25ee258ba901ad38107c5c6b5846f0,True,True
R0487,GG0021,CVB0010,REF0043,3,5,XGBoost,f5fcb432771cd87cf229d688f5ab756f893357956cbe8217ffb976d534b575e8,0.975800096988678,predict_proba,9eb1905b0d2d4dff99236976201e564cbe25ee258ba901ad38107c5c6b5846f0,True,True
R0488,GG0021,CVB0010,REF0043,3,5,XGBoost,f5fcb432771cd87cf229d688f5ab756f893357956cbe8217ffb976d534b575e8,0.46921998262405396,predict_proba,9eb1905b0d2d4dff99236976201e564cbe25ee258ba901ad38107c5c6b5846f0,True,True
R0489,GG0021,CVB0010,REF0043,3,5,XGBoost,f5fcb432771cd87cf229d688f5ab756f893357956cbe8217ffb976d534b575e8,0.986493706703186,predict_proba,9eb1905b0d2d4dff99236976201e564cbe25ee258ba901ad38107c5c6b5846f0,True,True
R0490,GG0021,CVB0010,REF0043,3,5,XGBoost,f5fcb432771cd87cf229d688f5ab756f893357956cbe8217ffb976d534b575e8,0.2818576991558075,predict_proba,9eb1905b0d2d4dff99236976201e564cbe25ee258ba901ad38107c5c6b5846f0,True,True
R0491,GG0021,CVB0010,REF0043,3,5,XGBoost,f5fcb432771cd87cf229d688f5ab756f893357956cbe8217ffb976d534b575e8,0.8681933879852295,predict_proba,9eb1905b0d2d4dff99236976201e564cbe25ee258ba901ad38107c5c6b5846f0,True,True
R0492,GG0021,CVB0010,REF0043,3,5,XGBoost,f5fcb432771cd87cf229d688f5ab756f893357956cbe8217ffb976d534b575e8,0.9895880222320557,predict_proba,9eb1905b0d2d4dff99236976201e564cbe25ee258ba901ad38107c5c6b5846f0,True,True
R0493,GG0021,CVB0010,REF0043,3,5,XGBoost,f5fcb432771cd87cf229d688f5ab756f893357956cbe8217ffb976d534b575e8,0.9652890563011169,predict_proba,9eb1905b0d2d4dff99236976201e564cbe25ee258ba901ad38107c5c6b5846f0,True,True
R0494,GG0021,CVB0010,REF0043,3,5,XGBoost,f5fcb432771cd87cf229d688f5ab756f893357956cbe8217ffb976d534b575e8,0.9729474782943726,predict_proba,9eb1905b0d2d4dff99236976201e564cbe25ee258ba901ad38107c5c6b5846f0,True,True
R0495,GG0021,CVB0010,REF0043,3,5,XGBoost,f5fcb432771cd87cf229d688f5ab756f893357956cbe8217ffb976d534b575e8,0.9750024676322937,predict_proba,9eb1905b0d2d4dff99236976201e564cbe25ee258ba901ad38107c5c6b5846f0,True,True
R0496,GG0021,CVB0010,REF0043,3,5,XGBoost,f5fcb432771cd87cf229d688f5ab756f893357956cbe8217ffb976d534b575e8,0.9907394647598267,predict_proba,9eb1905b0d2d4dff99236976201e564cbe25ee258ba901ad38107c5c6b5846f0,True,True
R0603,GG0033,CVB0030,REF0051,3,5,XGBoost,f5fcb432771cd87cf229d688f5ab756f893357956cbe8217ffb976d534b575e8,0.3083476722240448,predict_proba,9eb1905b0d2d4dff99236976201e564cbe25ee258ba901ad38107c5c6b5846f0,False,True
R0604,GG0033,CVB0030,REF0051,3,5,XGBoost,f5fcb432771cd87cf229d688f5ab756f893357956cbe8217ffb976d534b575e8,0.01409204676747322,predict_proba,9eb1905b0d2d4dff99236976201e564cbe25ee258ba901ad38107c5c6b5846f0,False,True
R0605,GG0033,CVB0030,REF0051,3,5,XGBoost,f5fcb432771cd87cf229d688f5ab756f893357956cbe8217ffb976d534b575e8,0.5279399752616882,predict_proba,9eb1905b0d2d4dff99236976201e564cbe25ee258ba901ad38107c5c6b5846f0,False,True
R0606,GG0033,CVB0030,REF0051,3,5,XGBoost,f5fcb432771cd87cf229d688f5ab756f893357956cbe8217ffb976d534b575e8,0.10769619047641754,predict_proba,9eb1905b0d2d4dff99236976201e564cbe25ee258ba901ad38107c5c6b5846f0,False,True
R0607,GG0033,CVB0030,REF0051,3,5,XGBoost,f5fcb432771cd87cf229d688f5ab756f893357956cbe8217ffb976d534b575e8,0.6858474612236023,predict_proba,9eb1905b0d2d4dff99236976201e564cbe25ee258ba901ad38107c5c6b5846f0,False,True
R0608,GG0033,CVB0030,REF0051,3,5,XGBoost,f5fcb432771cd87cf229d688f5ab756f893357956cbe8217ffb976d534b575e8,0.13414131104946136,predict_proba,9eb1905b0d2d4dff99236976201e564cbe25ee258ba901ad38107c5c6b5846f0,False,True
R0609,GG0033,CVB0030,REF0051,3,5,XGBoost,f5fcb432771cd87cf229d688f5ab756f893357956cbe8217ffb976d534b575e8,0.7610386610031128,predict_proba,9eb1905b0d2d4dff99236976201e564cbe25ee258ba901ad38107c5c6b5846f0,False,True
R0610,GG0033,CVB0030,REF0051,3,5,XGBoost,f5fcb432771cd87cf229d688f5ab756f893357956cbe8217ffb976d534b575e8,0.30363625288009644,predict_proba,9eb1905b0d2d4dff99236976201e564cbe25ee258ba901ad38107c5c6b5846f0,False,True
R0611,GG0033,CVB0030,REF0051,3,5,XGBoost,f5fcb432771cd87cf229d688f5ab756f893357956cbe8217ffb976d534b575e8,0.2215937376022339,predict_proba,9eb1905b0d2d4dff99236976201e564cbe25ee258ba901ad38107c5c6b5846f0,False,True
R0612,GG0033,CVB0030,REF0051,3,5,XGBoost,f5fcb432771cd87cf229d688f5ab756f893357956cbe8217ffb976d534b575e8,0.06421870738267899,predict_proba,9eb1905b0d2d4dff99236976201e564cbe25ee258ba901ad38107c5c6b5846f0,False,True
R0613,GG0033,CVB0030,REF0051,3,5,XGBoost,f5fcb432771cd87cf229d688f5ab756f893357956cbe8217ffb976d534b575e8,0.004565816838294268,predict_proba,9eb1905b0d2d4dff99236976201e564cbe25ee258ba901ad38107c5c6b5846f0,False,True
R0614,GG0033,CVB0030,REF0051,3,5,XGBoost,f5fcb432771cd87cf229d688f5ab756f893357956cbe8217ffb976d534b575e8,0.004268602933734655,predict_proba,9eb1905b0d2d4dff99236976201e564cbe25ee258ba901ad38107c5c6b5846f0,False,True
R0615,GG0033,CVB0030,REF0051,3,5,XGBoost,f5fcb432771cd87cf229d688f5ab756f893357956cbe8217ffb976d534b575e8,0.020819755271077156,predict_proba,9eb1905b0d2d4dff99236976201e564cbe25ee258ba901ad38107c5c6b5846f0,False,True
R0616,GG0033,CVB0030,REF0051,3,5,XGBoost,f5fcb432771cd87cf229d688f5ab756f893357956cbe8217ffb976d534b575e8,0.027125589549541473,predict_proba,9eb1905b0d2d4dff99236976201e564cbe25ee258ba901ad38107c5c6b5846f0,False,True
R0617,GG0033,CVB0030,REF0051,3,5,XGBoost,f5fcb432771cd87cf229d688f5ab756f893357956cbe8217ffb976d534b575e8,0.06447657197713852,predict_proba,9eb1905b0d2d4dff99236976201e564cbe25ee258ba901ad38107c5c6b5846f0,False,True
R0618,GG0033,CVB0030,REF0051,3,5,XGBoost,f5fcb432771cd87cf229d688f5ab756f893357956cbe8217ffb976d534b575e8,0.03230039402842522,predict_proba,9eb1905b0d2d4dff99236976201e564cbe25ee258ba901ad38107c5c6b5846f0,False,True
R0619,GG0033,CVB0030,REF0051,3,5,XGBoost,f5fcb432771cd87cf229d688f5ab756f893357956cbe8217ffb976d534b575e8,0.4874763488769531,predict_proba,9eb1905b0d2d4dff99236976201e564cbe25ee258ba901ad38107c5c6b5846f0,False,True
R0620,GG0033,CVB0030,REF0051,3,5,XGBoost,f5fcb432771cd87cf229d688f5ab756f893357956cbe8217ffb976d534b575e8,0.25358131527900696,predict_proba,9eb1905b0d2d4dff99236976201e564cbe25ee258ba901ad38107c5c6b5846f0,False,True
R0621,GG0033,CVB0030,REF0051,3,5,XGBoost,f5fcb432771cd87cf229d688f5ab756f893357956cbe8217ffb976d534b575e8,0.09685128182172775,predict_proba,9eb1905b0d2d4dff99236976201e564cbe25ee258ba901ad38107c5c6b5846f0,False,True
R0622,GG0033,CVB0030,REF0051,3,5,XGBoost,f5fcb432771cd87cf229d688f5ab756f893357956cbe8217ffb976d534b575e8,0.20656435191631317,predict_proba,9eb1905b0d2d4dff99236976201e564cbe25ee258ba901ad38107c5c6b5846f0,False,True
R0623,GG0033,CVB0030,REF0051,3,5,XGBoost,f5fcb432771cd87cf229d688f5ab756f893357956cbe8217ffb976d534b575e8,0.03568590059876442,predict_proba,9eb1905b0d2d4dff99236976201e564cbe25ee258ba901ad38107c5c6b5846f0,False,True
R0624,GG0033,CVB0030,REF0051,3,5,XGBoost,f5fcb432771cd87cf229d688f5ab756f893357956cbe8217ffb976d534b575e8,0.05608654394745827,predict_proba,9eb1905b0d2d4dff99236976201e564cbe25ee258ba901ad38107c5c6b5846f0,False,True
R0625,GG0033,CVB0030,REF0051,3,5,XGBoost,f5fcb432771cd87cf229d688f5ab756f893357956cbe8217ffb976d534b575e8,0.003712400794029236,predict_proba,9eb1905b0d2d4dff99236976201e564cbe25ee258ba901ad38107c5c6b5846f0,False,True
R0626,GG0033,CVB0030,REF0051,3,5,XGBoost,f5fcb432771cd87cf229d688f5ab756f893357956cbe8217ffb976d534b575e8,0.018169434741139412,predict_proba,9eb1905b0d2d4dff99236976201e564cbe25ee258ba901ad38107c5c6b5846f0,False,True
R0627,GG0033,CVB0030,REF0051,3,5,XGBoost,f5fcb432771cd87cf229d688f5ab756f893357956cbe8217ffb976d534b575e8,0.2171141654253006,predict_proba,9eb1905b0d2d4dff99236976201e564cbe25ee258ba901ad38107c5c6b5846f0,False,True
R0737,GG0021,CVB0010,REF0057,3,5,XGBoost,f5fcb432771cd87cf229d688f5ab756f893357956cbe8217ffb976d534b575e8,0.08709019422531128,predict_proba,9eb1905b0d2d4dff99236976201e564cbe25ee258ba901ad38107c5c6b5846f0,True,True
R0738,GG0021,CVB0010,REF0057,3,5,XGBoost,f5fcb432771cd87cf229d688f5ab756f893357956cbe8217ffb976d534b575e8,0.9415627717971802,predict_proba,9eb1905b0d2d4dff99236976201e564cbe25ee258ba901ad38107c5c6b5846f0,True,True
R0739,GG0021,CVB0010,REF0057,3,5,XGBoost,f5fcb432771cd87cf229d688f5ab756f893357956cbe8217ffb976d534b575e8,0.7513764500617981,predict_proba,9eb1905b0d2d4dff99236976201e564cbe25ee258ba901ad38107c5c6b5846f0,True,True
R0740,GG0021,CVB0010,REF0057,3,5,XGBoost,f5fcb432771cd87cf229d688f5ab756f893357956cbe8217ffb976d534b575e8,0.9147299528121948,predict_proba,9eb1905b0d2d4dff99236976201e564cbe25ee258ba901ad38107c5c6b5846f0,True,True
R0741,GG0021,CVB0010,REF0057,3,5,XGBoost,f5fcb432771cd87cf229d688f5ab756f893357956cbe8217ffb976d534b575e8,0.9735251069068909,predict_proba,9eb1905b0d2d4dff99236976201e564cbe25ee258ba901ad38107c5c6b5846f0,True,True
R0742,GG0021,CVB0010,REF0057,3,5,XGBoost,f5fcb432771cd87cf229d688f5ab756f893357956cbe8217ffb976d534b575e8,0.9446738362312317,predict_proba,9eb1905b0d2d4dff99236976201e564cbe25ee258ba901ad38107c5c6b5846f0,True,True
R0743,GG0021,CVB0010,REF0057,3,5,XGBoost,f5fcb432771cd87cf229d688f5ab756f893357956cbe8217ffb976d534b575e8,0.7632449865341187,predict_proba,9eb1905b0d2d4dff99236976201e564cbe25ee258ba901ad38107c5c6b5846f0,True,True
R0744,GG0021,CVB0010,REF0057,3,5,XGBoost,f5fcb432771cd87cf229d688f5ab756f893357956cbe8217ffb976d534b575e8,0.9916826486587524,predict_proba,9eb1905b0d2d4dff99236976201e564cbe25ee258ba901ad38107c5c6b5846f0,True,True
R0745,GG0021,CVB0010,REF0058,3,5,XGBoost,f5fcb432771cd87cf229d688f5ab756f893357956cbe8217ffb976d534b575e8,0.003996113780885935,predict_proba,9eb1905b0d2d4dff99236976201e564cbe25ee258ba901ad38107c5c6b5846f0,True,True
R0746,GG0021,CVB0010,REF0058,3,5,XGBoost,f5fcb432771cd87cf229d688f5ab756f893357956cbe8217ffb976d534b575e8,0.008508426137268543,predict_proba,9eb1905b0d2d4dff99236976201e564cbe25ee258ba901ad38107c5c6b5846f0,True,True
R0747,GG0021,CVB0010,REF0058,3,5,XGBoost,f5fcb432771cd87cf229d688f5ab756f893357956cbe8217ffb976d534b575e8,0.015040162950754166,predict_proba,9eb1905b0d2d4dff99236976201e564cbe25ee258ba901ad38107c5c6b5846f0,True,True
R0748,GG0021,CVB0010,REF0058,3,5,XGBoost,f5fcb432771cd87cf229d688f5ab756f893357956cbe8217ffb976d534b575e8,0.3946256637573242,predict_proba,9eb1905b0d2d4dff99236976201e564cbe25ee258ba901ad38107c5c6b5846f0,True,True
R0754,GG0021,CVB0010,REF0059,3,5,XGBoost,f5fcb432771cd87cf229d688f5ab756f893357956cbe8217ffb976d534b575e8,0.9332897663116455,predict_proba,9eb1905b0d2d4dff99236976201e564cbe25ee258ba901ad38107c5c6b5846f0,True,True
R0755,GG0021,CVB0010,REF0059,3,5,XGBoost,f5fcb432771cd87cf229d688f5ab756f893357956cbe8217ffb976d534b575e8,0.5683168172836304,predict_proba,9eb1905b0d2d4dff99236976201e564cbe25ee258ba901ad38107c5c6b5846f0,True,True
R0756,GG0021,CVB0010,REF0059,3,5,XGBoost,f5fcb432771cd87cf229d688f5ab756f893357956cbe8217ffb976d534b575e8,0.8542917966842651,predict_proba,9eb1905b0d2d4dff99236976201e564cbe25ee258ba901ad38107c5c6b5846f0,True,True
R0757,GG0021,CVB0010,REF0059,3,5,XGBoost,f5fcb432771cd87cf229d688f5ab756f893357956cbe8217ffb976d534b575e8,0.9602001309394836,predict_proba,9eb1905b0d2d4dff99236976201e564cbe25ee258ba901ad38107c5c6b5846f0,True,True
R0846,GG0033,CVB0030,REF0069,3,5,XGBoost,f5fcb432771cd87cf229d688f5ab756f893357956cbe8217ffb976d534b575e8,0.7863966822624207,predict_proba,9eb1905b0d2d4dff99236976201e564cbe25ee258ba901ad38107c5c6b5846f0,False,True
R0847,GG0033,CVB0030,REF0069,3,5,XGBoost,f5fcb432771cd87cf229d688f5ab756f893357956cbe8217ffb976d534b575e8,0.8488306403160095,predict_proba,9eb1905b0d2d4dff99236976201e564cbe25ee258ba901ad38107c5c6b5846f0,False,True
R0848,GG0033,CVB0030,REF0069,3,5,XGBoost,f5fcb432771cd87cf229d688f5ab756f893357956cbe8217ffb976d534b575e8,0.07700806856155396,predict_proba,9eb1905b0d2d4dff99236976201e564cbe25ee258ba901ad38107c5c6b5846f0,False,True
R0849,GG0033,CVB0030,REF0069,3,5,XGBoost,f5fcb432771cd87cf229d688f5ab756f893357956cbe8217ffb976d534b575e8,0.6318456530570984,predict_proba,9eb1905b0d2d4dff99236976201e564cbe25ee258ba901ad38107c5c6b5846f0,False,True
R0850,GG0033,CVB0030,REF0069,3,5,XGBoost,f5fcb432771cd87cf229d688f5ab756f893357956cbe8217ffb976d534b575e8,0.955202579498291,predict_proba,9eb1905b0d2d4dff99236976201e564cbe25ee258ba901ad38107c5c6b5846f0,False,True
R0851,GG0033,CVB0030,REF0069,3,5,XGBoost,f5fcb432771cd87cf229d688f5ab756f893357956cbe8217ffb976d534b575e8,0.7149137854576111,predict_proba,9eb1905b0d2d4dff99236976201e564cbe25ee258ba901ad38107c5c6b5846f0,False,True
R0852,GG0033,CVB0030,REF0069,3,5,XGBoost,f5fcb432771cd87cf229d688f5ab756f893357956cbe8217ffb976d534b575e8,0.9572610855102539,predict_proba,9eb1905b0d2d4dff99236976201e564cbe25ee258ba901ad38107c5c6b5846f0,False,True
R0853,GG0033,CVB0030,REF0069,3,5,XGBoost,f5fcb432771cd87cf229d688f5ab756f893357956cbe8217ffb976d534b575e8,0.8549567461013794,predict_proba,9eb1905b0d2d4dff99236976201e564cbe25ee258ba901ad38107c5c6b5846f0,False,True
R0854,GG0033,CVB0030,REF0069,3,5,XGBoost,f5fcb432771cd87cf229d688f5ab756f893357956cbe8217ffb976d534b575e8,0.9921903014183044,predict_proba,9eb1905b0d2d4dff99236976201e564cbe25ee258ba901ad38107c5c6b5846f0,False,True
R0855,GG0033,CVB0030,REF0069,3,5,XGBoost,f5fcb432771cd87cf229d688f5ab756f893357956cbe8217ffb976d534b575e8,0.12091762572526932,predict_proba,9eb1905b0d2d4dff99236976201e564cbe25ee258ba901ad38107c5c6b5846f0,False,True
R0866,GG0033,CVB0030,REF0071,3,5,XGBoost,f5fcb432771cd87cf229d688f5ab756f893357956cbe8217ffb976d534b575e8,0.0015599443577229977,predict_proba,9eb1905b0d2d4dff99236976201e564cbe25ee258ba901ad38107c5c6b5846f0,False,True
R0867,GG0033,CVB0030,REF0071,3,5,XGBoost,f5fcb432771cd87cf229d688f5ab756f893357956cbe8217ffb976d534b575e8,0.21519263088703156,predict_proba,9eb1905b0d2d4dff99236976201e564cbe25ee258ba901ad38107c5c6b5846f0,False,True
R0870,GG0033,CVB0030,REF0071,3,5,XGBoost,f5fcb432771cd87cf229d688f5ab756f893357956cbe8217ffb976d534b575e8,0.0001715308171696961,predict_proba,9eb1905b0d2d4dff99236976201e564cbe25ee258ba901ad38107c5c6b5846f0,False,True
R0871,GG0033,CVB0030,REF0071,3,5,XGBoost,f5fcb432771cd87cf229d688f5ab756f893357956cbe8217ffb976d534b575e8,0.0011585464235395193,predict_proba,9eb1905b0d2d4dff99236976201e564cbe25ee258ba901ad38107c5c6b5846f0,False,True
R0872,GG0033,CVB0030,REF0071,3,5,XGBoost,f5fcb432771cd87cf229d688f5ab756f893357956cbe8217ffb976d534b575e8,0.024776680395007133,predict_proba,9eb1905b0d2d4dff99236976201e564cbe25ee258ba901ad38107c5c6b5846f0,False,True
R0873,GG0033,CVB0030,REF0071,3,5,XGBoost,f5fcb432771cd87cf229d688f5ab756f893357956cbe8217ffb976d534b575e8,0.008034350350499153,predict_proba,9eb1905b0d2d4dff99236976201e564cbe25ee258ba901ad38107c5c6b5846f0,False,True
R0874,GG0033,CVB0030,REF0071,3,5,XGBoost,f5fcb432771cd87cf229d688f5ab756f893357956cbe8217ffb976d534b575e8,0.001316071953624487,predict_proba,9eb1905b0d2d4dff99236976201e564cbe25ee258ba901ad38107c5c6b5846f0,False,True
R0875,GG0033,CVB0030,REF0071,3,5,XGBoost,f5fcb432771cd87cf229d688f5ab756f893357956cbe8217ffb976d534b575e8,0.0008601180743426085,predict_proba,9eb1905b0d2d4dff99236976201e564cbe25ee258ba901ad38107c5c6b5846f0,False,True
R0876,GG0033,CVB0030,REF0071,3,5,XGBoost,f5fcb432771cd87cf229d688f5ab756f893357956cbe8217ffb976d534b575e8,0.00025901151821017265,predict_proba,9eb1905b0d2d4dff99236976201e564cbe25ee258ba901ad38107c5c6b5846f0,False,True
R0877,GG0033,CVB0030,REF0071,3,5,XGBoost,f5fcb432771cd87cf229d688f5ab756f893357956cbe8217ffb976d534b575e8,0.324982613325119,predict_proba,9eb1905b0d2d4dff99236976201e564cbe25ee258ba901ad38107c5c6b5846f0,False,True
R0878,GG0033,CVB0030,REF0071,3,5,XGBoost,f5fcb432771cd87cf229d688f5ab756f893357956cbe8217ffb976d534b575e8,0.17372415959835052,predict_proba,9eb1905b0d2d4dff99236976201e564cbe25ee258ba901ad38107c5c6b5846f0,False,True
R0934,GG0011,CVB0011,REF0077,3,5,XGBoost,f5fcb432771cd87cf229d688f5ab756f893357956cbe8217ffb976d534b575e8,0.6715192198753357,predict_proba,9eb1905b0d2d4dff99236976201e564cbe25ee258ba901ad38107c5c6b5846f0,False,True
R0935,GG0011,CVB0011,REF0077,3,5,XGBoost,f5fcb432771cd87cf229d688f5ab756f893357956cbe8217ffb976d534b575e8,0.7661202549934387,predict_proba,9eb1905b0d2d4dff99236976201e564cbe25ee258ba901ad38107c5c6b5846f0,False,True
R0936,GG0011,CVB0011,REF0077,3,5,XGBoost,f5fcb432771cd87cf229d688f5ab756f893357956cbe8217ffb976d534b575e8,0.1534160077571869,predict_proba,9eb1905b0d2d4dff99236976201e564cbe25ee258ba901ad38107c5c6b5846f0,False,True
R0937,GG0011,CVB0011,REF0077,3,5,XGBoost,f5fcb432771cd87cf229d688f5ab756f893357956cbe8217ffb976d534b575e8,0.7148077487945557,predict_proba,9eb1905b0d2d4dff99236976201e564cbe25ee258ba901ad38107c5c6b5846f0,False,True
R0938,GG0011,CVB0011,REF0077,3,5,XGBoost,f5fcb432771cd87cf229d688f5ab756f893357956cbe8217ffb976d534b575e8,0.022802134975790977,predict_proba,9eb1905b0d2d4dff99236976201e564cbe25ee258ba901ad38107c5c6b5846f0,False,True
R0939,GG0011,CVB0011,REF0077,3,5,XGBoost,f5fcb432771cd87cf229d688f5ab756f893357956cbe8217ffb976d534b575e8,0.46187347173690796,predict_proba,9eb1905b0d2d4dff99236976201e564cbe25ee258ba901ad38107c5c6b5846f0,False,True
R0940,GG0011,CVB0011,REF0077,3,5,XGBoost,f5fcb432771cd87cf229d688f5ab756f893357956cbe8217ffb976d534b575e8,0.41948360204696655,predict_proba,9eb1905b0d2d4dff99236976201e564cbe25ee258ba901ad38107c5c6b5846f0,False,True
R0941,GG0011,CVB0011,REF0077,3,5,XGBoost,f5fcb432771cd87cf229d688f5ab756f893357956cbe8217ffb976d534b575e8,0.005755163729190826,predict_proba,9eb1905b0d2d4dff99236976201e564cbe25ee258ba901ad38107c5c6b5846f0,False,True
R0942,GG0011,CVB0011,REF0077,3,5,XGBoost,f5fcb432771cd87cf229d688f5ab756f893357956cbe8217ffb976d534b575e8,0.03789983317255974,predict_proba,9eb1905b0d2d4dff99236976201e564cbe25ee258ba901ad38107c5c6b5846f0,False,True
R0943,GG0011,CVB0011,REF0077,3,5,XGBoost,f5fcb432771cd87cf229d688f5ab756f893357956cbe8217ffb976d534b575e8,0.17876778542995453,predict_proba,9eb1905b0d2d4dff99236976201e564cbe25ee258ba901ad38107c5c6b5846f0,False,True
R1000,GG0022,CVB0019,REF0084,3,5,XGBoost,f5fcb432771cd87cf229d688f5ab756f893357956cbe8217ffb976d534b575e8,0.8636662364006042,predict_proba,9eb1905b0d2d4dff99236976201e564cbe25ee258ba901ad38107c5c6b5846f0,False,True
R1001,GG0022,CVB0019,REF0084,3,5,XGBoost,f5fcb432771cd87cf229d688f5ab756f893357956cbe8217ffb976d534b575e8,0.9226251840591431,predict_proba,9eb1905b0d2d4dff99236976201e564cbe25ee258ba901ad38107c5c6b5846f0,False,True
R1002,GG0022,CVB0019,REF0084,3,5,XGBoost,f5fcb432771cd87cf229d688f5ab756f893357956cbe8217ffb976d534b575e8,0.6908729076385498,predict_proba,9eb1905b0d2d4dff99236976201e564cbe25ee258ba901ad38107c5c6b5846f0,False,True
R1003,GG0022,CVB0019,REF0084,3,5,XGBoost,f5fcb432771cd87cf229d688f5ab756f893357956cbe8217ffb976d534b575e8,0.43677517771720886,predict_proba,9eb1905b0d2d4dff99236976201e564cbe25ee258ba901ad38107c5c6b5846f0,False,True
R1004,GG0022,CVB0019,REF0084,3,5,XGBoost,f5fcb432771cd87cf229d688f5ab756f893357956cbe8217ffb976d534b575e8,0.9841457009315491,predict_proba,9eb1905b0d2d4dff99236976201e564cbe25ee258ba901ad38107c5c6b5846f0,False,True
R1005,GG0022,CVB0019,REF0084,3,5,XGBoost,f5fcb432771cd87cf229d688f5ab756f893357956cbe8217ffb976d534b575e8,0.14230018854141235,predict_proba,9eb1905b0d2d4dff99236976201e564cbe25ee258ba901ad38107c5c6b5846f0,False,True
R1411,GG0011,CVB0011,REF0110,3,5,XGBoost,f5fcb432771cd87cf229d688f5ab756f893357956cbe8217ffb976d534b575e8,0.008000276982784271,predict_proba,9eb1905b0d2d4dff99236976201e564cbe25ee258ba901ad38107c5c6b5846f0,False,True
R1412,GG0011,CVB0011,REF0110,3,5,XGBoost,f5fcb432771cd87cf229d688f5ab756f893357956cbe8217ffb976d534b575e8,0.013207281939685345,predict_proba,9eb1905b0d2d4dff99236976201e564cbe25ee258ba901ad38107c5c6b5846f0,False,True
R1413,GG0011,CVB0011,REF0110,3,5,XGBoost,f5fcb432771cd87cf229d688f5ab756f893357956cbe8217ffb976d534b575e8,0.0013885899679735303,predict_proba,9eb1905b0d2d4dff99236976201e564cbe25ee258ba901ad38107c5c6b5846f0,False,True
R1414,GG0011,CVB0011,REF0110,3,5,XGBoost,f5fcb432771cd87cf229d688f5ab756f893357956cbe8217ffb976d534b575e8,0.0006659555365331471,predict_proba,9eb1905b0d2d4dff99236976201e564cbe25ee258ba901ad38107c5c6b5846f0,False,True
R1415,GG0011,CVB0011,REF0110,3,5,XGBoost,f5fcb432771cd87cf229d688f5ab756f893357956cbe8217ffb976d534b575e8,0.023210672661662102,predict_proba,9eb1905b0d2d4dff99236976201e564cbe25ee258ba901ad38107c5c6b5846f0,False,True
R1416,GG0011,CVB0011,REF0110,3,5,XGBoost,f5fcb432771cd87cf229d688f5ab756f893357956cbe8217ffb976d534b575e8,0.0003480093728285283,predict_proba,9eb1905b0d2d4dff99236976201e564cbe25ee258ba901ad38107c5c6b5846f0,False,True
R1417,GG0011,CVB0011,REF0110,3,5,XGBoost,f5fcb432771cd87cf229d688f5ab756f893357956cbe8217ffb976d534b575e8,0.0001954108738573268,predict_proba,9eb1905b0d2d4dff99236976201e564cbe25ee258ba901ad38107c5c6b5846f0,False,True
R1418,GG0011,CVB0011,REF0110,3,5,XGBoost,f5fcb432771cd87cf229d688f5ab756f893357956cbe8217ffb976d534b575e8,0.0019237769301980734,predict_proba,9eb1905b0d2d4dff99236976201e564cbe25ee258ba901ad38107c5c6b5846f0,False,True
R1419,GG0011,CVB0011,REF0110,3,5,XGBoost,f5fcb432771cd87cf229d688f5ab756f893357956cbe8217ffb976d534b575e8,0.0024680427741259336,predict_proba,9eb1905b0d2d4dff99236976201e564cbe25ee258ba901ad38107c5c6b5846f0,False,True
R1420,GG0011,CVB0011,REF0110,3,5,XGBoost,f5fcb432771cd87cf229d688f5ab756f893357956cbe8217ffb976d534b575e8,0.003269346198067069,predict_proba,9eb1905b0d2d4dff99236976201e564cbe25ee258ba901ad38107c5c6b5846f0,False,True
R1421,GG0011,CVB0011,REF0110,3,5,XGBoost,f5fcb432771cd87cf229d688f5ab756f893357956cbe8217ffb976d534b575e8,0.030562371015548706,predict_proba,9eb1905b0d2d4dff99236976201e564cbe25ee258ba901ad38107c5c6b5846f0,False,True
R1422,GG0011,CVB0011,REF0110,3,5,XGBoost,f5fcb432771cd87cf229d688f5ab756f893357956cbe8217ffb976d534b575e8,0.014918355271220207,predict_proba,9eb1905b0d2d4dff99236976201e564cbe25ee258ba901ad38107c5c6b5846f0,False,True
R1423,GG0011,CVB0011,REF0110,3,5,XGBoost,f5fcb432771cd87cf229d688f5ab756f893357956cbe8217ffb976d534b575e8,0.04128298908472061,predict_proba,9eb1905b0d2d4dff99236976201e564cbe25ee258ba901ad38107c5c6b5846f0,False,True
R1424,GG0011,CVB0011,REF0110,3,5,XGBoost,f5fcb432771cd87cf229d688f5ab756f893357956cbe8217ffb976d534b575e8,0.6576446890830994,predict_proba,9eb1905b0d2d4dff99236976201e564cbe25ee258ba901ad38107c5c6b5846f0,False,True
R1425,GG0011,CVB0011,REF0110,3,5,XGBoost,f5fcb432771cd87cf229d688f5ab756f893357956cbe8217ffb976d534b575e8,0.2530156373977661,predict_proba,9eb1905b0d2d4dff99236976201e564cbe25ee258ba901ad38107c5c6b5846f0,False,True
R1426,GG0011,CVB0011,REF0110,3,5,XGBoost,f5fcb432771cd87cf229d688f5ab756f893357956cbe8217ffb976d534b575e8,0.007895599119365215,predict_proba,9eb1905b0d2d4dff99236976201e564cbe25ee258ba901ad38107c5c6b5846f0,False,True
R1427,GG0011,CVB0011,REF0110,3,5,XGBoost,f5fcb432771cd87cf229d688f5ab756f893357956cbe8217ffb976d534b575e8,0.5503724813461304,predict_proba,9eb1905b0d2d4dff99236976201e564cbe25ee258ba901ad38107c5c6b5846f0,False,True
R1428,GG0011,CVB0011,REF0110,3,5,XGBoost,f5fcb432771cd87cf229d688f5ab756f893357956cbe8217ffb976d534b575e8,0.008396128192543983,predict_proba,9eb1905b0d2d4dff99236976201e564cbe25ee258ba901ad38107c5c6b5846f0,False,True
R1429,GG0011,CVB0011,REF0110,3,5,XGBoost,f5fcb432771cd87cf229d688f5ab756f893357956cbe8217ffb976d534b575e8,0.09391206502914429,predict_proba,9eb1905b0d2d4dff99236976201e564cbe25ee258ba901ad38107c5c6b5846f0,False,True
R1430,GG0011,CVB0011,REF0110,3,5,XGBoost,f5fcb432771cd87cf229d688f5ab756f893357956cbe8217ffb976d534b575e8,0.5589990615844727,predict_proba,9eb1905b0d2d4dff99236976201e564cbe25ee258ba901ad38107c5c6b5846f0,False,True
R2142,GG0033,CVB0030,REF0155,3,5,XGBoost,f5fcb432771cd87cf229d688f5ab756f893357956cbe8217ffb976d534b575e8,0.3350091576576233,predict_proba,9eb1905b0d2d4dff99236976201e564cbe25ee258ba901ad38107c5c6b5846f0,False,True
R2143,GG0033,CVB0030,REF0155,3,5,XGBoost,f5fcb432771cd87cf229d688f5ab756f893357956cbe8217ffb976d534b575e8,0.3764612674713135,predict_proba,9eb1905b0d2d4dff99236976201e564cbe25ee258ba901ad38107c5c6b5846f0,False,True
R2144,GG0033,CVB0030,REF0155,3,5,XGBoost,f5fcb432771cd87cf229d688f5ab756f893357956cbe8217ffb976d534b575e8,0.0019355734111741185,predict_proba,9eb1905b0d2d4dff99236976201e564cbe25ee258ba901ad38107c5c6b5846f0,False,True
R2145,GG0033,CVB0030,REF0155,3,5,XGBoost,f5fcb432771cd87cf229d688f5ab756f893357956cbe8217ffb976d534b575e8,0.06363499909639359,predict_proba,9eb1905b0d2d4dff99236976201e564cbe25ee258ba901ad38107c5c6b5846f0,False,True
R2146,GG0033,CVB0030,REF0155,3,5,XGBoost,f5fcb432771cd87cf229d688f5ab756f893357956cbe8217ffb976d534b575e8,0.3012148439884186,predict_proba,9eb1905b0d2d4dff99236976201e564cbe25ee258ba901ad38107c5c6b5846f0,False,True
R2147,GG0033,CVB0030,REF0155,3,5,XGBoost,f5fcb432771cd87cf229d688f5ab756f893357956cbe8217ffb976d534b575e8,0.06979946047067642,predict_proba,9eb1905b0d2d4dff99236976201e564cbe25ee258ba901ad38107c5c6b5846f0,False,True
R2783,GG0017,CVB0007,REF0200,3,5,XGBoost,f5fcb432771cd87cf229d688f5ab756f893357956cbe8217ffb976d534b575e8,0.005420841742306948,predict_proba,9eb1905b0d2d4dff99236976201e564cbe25ee258ba901ad38107c5c6b5846f0,True,True
R2785,GG0017,CVB0007,REF0200,3,5,XGBoost,f5fcb432771cd87cf229d688f5ab756f893357956cbe8217ffb976d534b575e8,0.019119350239634514,predict_proba,9eb1905b0d2d4dff99236976201e564cbe25ee258ba901ad38107c5c6b5846f0,True,True
R2786,GG0017,CVB0007,REF0200,3,5,XGBoost,f5fcb432771cd87cf229d688f5ab756f893357956cbe8217ffb976d534b575e8,0.13721288740634918,predict_proba,9eb1905b0d2d4dff99236976201e564cbe25ee258ba901ad38107c5c6b5846f0,True,True
R2787,GG0017,CVB0007,REF0200,3,5,XGBoost,f5fcb432771cd87cf229d688f5ab756f893357956cbe8217ffb976d534b575e8,0.0016680030385032296,predict_proba,9eb1905b0d2d4dff99236976201e564cbe25ee258ba901ad38107c5c6b5846f0,True,True
R2788,GG0017,CVB0007,REF0200,3,5,XGBoost,f5fcb432771cd87cf229d688f5ab756f893357956cbe8217ffb976d534b575e8,0.10260436683893204,predict_proba,9eb1905b0d2d4dff99236976201e564cbe25ee258ba901ad38107c5c6b5846f0,True,True
R2789,GG0017,CVB0007,REF0200,3,5,XGBoost,f5fcb432771cd87cf229d688f5ab756f893357956cbe8217ffb976d534b575e8,0.195457324385643,predict_proba,9eb1905b0d2d4dff99236976201e564cbe25ee258ba901ad38107c5c6b5846f0,True,True
R2791,GG0017,CVB0007,REF0200,3,5,XGBoost,f5fcb432771cd87cf229d688f5ab756f893357956cbe8217ffb976d534b575e8,0.11493352055549622,predict_proba,9eb1905b0d2d4dff99236976201e564cbe25ee258ba901ad38107c5c6b5846f0,True,True
R2795,GG0017,CVB0007,REF0200,3,5,XGBoost,f5fcb432771cd87cf229d688f5ab756f893357956cbe8217ffb976d534b575e8,0.7261580228805542,predict_proba,9eb1905b0d2d4dff99236976201e564cbe25ee258ba901ad38107c5c6b5846f0,True,True
R2797,GG0017,CVB0007,REF0200,3,5,XGBoost,f5fcb432771cd87cf229d688f5ab756f893357956cbe8217ffb976d534b575e8,0.006528119556605816,predict_proba,9eb1905b0d2d4dff99236976201e564cbe25ee258ba901ad38107c5c6b5846f0,True,True
R2842,GG0021,CVB0010,REF0206,3,5,XGBoost,f5fcb432771cd87cf229d688f5ab756f893357956cbe8217ffb976d534b575e8,0.007750925607979298,predict_proba,9eb1905b0d2d4dff99236976201e564cbe25ee258ba901ad38107c5c6b5846f0,True,True
R2843,GG0021,CVB0010,REF0206,3,5,XGBoost,f5fcb432771cd87cf229d688f5ab756f893357956cbe8217ffb976d534b575e8,0.007841545157134533,predict_proba,9eb1905b0d2d4dff99236976201e564cbe25ee258ba901ad38107c5c6b5846f0,True,True
R2844,GG0021,CVB0010,REF0206,3,5,XGBoost,f5fcb432771cd87cf229d688f5ab756f893357956cbe8217ffb976d534b575e8,0.017460284754633904,predict_proba,9eb1905b0d2d4dff99236976201e564cbe25ee258ba901ad38107c5c6b5846f0,True,True
R2845,GG0021,CVB0010,REF0206,3,5,XGBoost,f5fcb432771cd87cf229d688f5ab756f893357956cbe8217ffb976d534b575e8,0.09926488995552063,predict_proba,9eb1905b0d2d4dff99236976201e564cbe25ee258ba901ad38107c5c6b5846f0,True,True
R2846,GG0021,CVB0010,REF0206,3,5,XGBoost,f5fcb432771cd87cf229d688f5ab756f893357956cbe8217ffb976d534b575e8,0.3087376058101654,predict_proba,9eb1905b0d2d4dff99236976201e564cbe25ee258ba901ad38107c5c6b5846f0,True,True
R2847,GG0021,CVB0010,REF0206,3,5,XGBoost,f5fcb432771cd87cf229d688f5ab756f893357956cbe8217ffb976d534b575e8,0.2824183702468872,predict_proba,9eb1905b0d2d4dff99236976201e564cbe25ee258ba901ad38107c5c6b5846f0,True,True
R2848,GG0021,CVB0010,REF0206,3,5,XGBoost,f5fcb432771cd87cf229d688f5ab756f893357956cbe8217ffb976d534b575e8,0.01671215333044529,predict_proba,9eb1905b0d2d4dff99236976201e564cbe25ee258ba901ad38107c5c6b5846f0,True,True
R2849,GG0021,CVB0010,REF0206,3,5,XGBoost,f5fcb432771cd87cf229d688f5ab756f893357956cbe8217ffb976d534b575e8,0.7915967702865601,predict_proba,9eb1905b0d2d4dff99236976201e564cbe25ee258ba901ad38107c5c6b5846f0,True,True
R2858,GG0021,CVB0010,REF0208,3,5,XGBoost,f5fcb432771cd87cf229d688f5ab756f893357956cbe8217ffb976d534b575e8,0.9468948841094971,predict_proba,9eb1905b0d2d4dff99236976201e564cbe25ee258ba901ad38107c5c6b5846f0,True,True
R2859,GG0021,CVB0010,REF0208,3,5,XGBoost,f5fcb432771cd87cf229d688f5ab756f893357956cbe8217ffb976d534b575e8,0.9126480221748352,predict_proba,9eb1905b0d2d4dff99236976201e564cbe25ee258ba901ad38107c5c6b5846f0,True,True
R2860,GG0021,CVB0010,REF0208,3,5,XGBoost,f5fcb432771cd87cf229d688f5ab756f893357956cbe8217ffb976d534b575e8,0.7574613690376282,predict_proba,9eb1905b0d2d4dff99236976201e564cbe25ee258ba901ad38107c5c6b5846f0,True,True
R2861,GG0021,CVB0010,REF0208,3,5,XGBoost,f5fcb432771cd87cf229d688f5ab756f893357956cbe8217ffb976d534b575e8,0.9226055145263672,predict_proba,9eb1905b0d2d4dff99236976201e564cbe25ee258ba901ad38107c5c6b5846f0,True,True
R2862,GG0021,CVB0010,REF0208,3,5,XGBoost,f5fcb432771cd87cf229d688f5ab756f893357956cbe8217ffb976d534b575e8,0.9603173136711121,predict_proba,9eb1905b0d2d4dff99236976201e564cbe25ee258ba901ad38107c5c6b5846f0,True,True
R2863,GG0021,CVB0010,REF0208,3,5,XGBoost,f5fcb432771cd87cf229d688f5ab756f893357956cbe8217ffb976d534b575e8,0.87043297290802,predict_proba,9eb1905b0d2d4dff99236976201e564cbe25ee258ba901ad38107c5c6b5846f0,True,True
R2864,GG0021,CVB0010,REF0208,3,5,XGBoost,f5fcb432771cd87cf229d688f5ab756f893357956cbe8217ffb976d534b575e8,0.4251757860183716,predict_proba,9eb1905b0d2d4dff99236976201e564cbe25ee258ba901ad38107c5c6b5846f0,True,True
R2869,GG0021,CVB0010,REF0209,3,5,XGBoost,f5fcb432771cd87cf229d688f5ab756f893357956cbe8217ffb976d534b575e8,0.2931646406650543,predict_proba,9eb1905b0d2d4dff99236976201e564cbe25ee258ba901ad38107c5c6b5846f0,True,True
R2870,GG0021,CVB0010,REF0209,3,5,XGBoost,f5fcb432771cd87cf229d688f5ab756f893357956cbe8217ffb976d534b575e8,0.9864130020141602,predict_proba,9eb1905b0d2d4dff99236976201e564cbe25ee258ba901ad38107c5c6b5846f0,True,True
R2871,GG0021,CVB0010,REF0209,3,5,XGBoost,f5fcb432771cd87cf229d688f5ab756f893357956cbe8217ffb976d534b575e8,0.939408004283905,predict_proba,9eb1905b0d2d4dff99236976201e564cbe25ee258ba901ad38107c5c6b5846f0,True,True
R2872,GG0021,CVB0010,REF0209,3,5,XGBoost,f5fcb432771cd87cf229d688f5ab756f893357956cbe8217ffb976d534b575e8,0.6597266793251038,predict_proba,9eb1905b0d2d4dff99236976201e564cbe25ee258ba901ad38107c5c6b5846f0,True,True
R2875,GG0021,CVB0010,REF0209,3,5,XGBoost,f5fcb432771cd87cf229d688f5ab756f893357956cbe8217ffb976d534b575e8,0.8794899582862854,predict_proba,9eb1905b0d2d4dff99236976201e564cbe25ee258ba901ad38107c5c6b5846f0,True,True
