model,outer_fold_id,study_name_frozen,analysis_protocol_hash,number,value,datetime_start,datetime_complete,duration,params_max_depth,params_max_features,params_min_samples_leaf,params_min_samples_split,params_n_estimators,user_attrs_convergence_warning_count,user_attrs_group_stratum_balanced_accuracy,user_attrs_group_stratum_macro_f1,user_attrs_group_stratum_macro_ovr_auc,user_attrs_inner_fold_fits_completed,user_attrs_record_balanced_accuracy,user_attrs_record_macro_f1,user_attrs_record_macro_ovr_auc,state,params_C,params_gamma,params_alpha,params_batch_size,params_hidden_1,params_hidden_2,params_learning_rate_init,params_colsample_bytree,params_learning_rate,params_min_child_weight,params_reg_alpha,params_reg_lambda,params_subsample
RF,1,task_b_source_connected_class_neutral_v6_rigorous_A2CFC6311C18_outer1_RF,A2CFC6311C185EAA2F17BA13E733D522713F64F2850C50F6EEF6E4CE1F592221,0,0.41658885776532834,2026-08-21 01:19:04.346942,2026-08-21 01:19:16.273936,0 days 00:00:11.926994,9.0,0.8555043073139721,1.0,17.0,622.0,0,0.4198717948717949,0.41658885776532834,0.6602038183694531,3,0.4158317674715319,0.4125767432047802,0.6170469460148834,COMPLETE,,,,,,,,,,,,,
RF,1,task_b_source_connected_class_neutral_v6_rigorous_A2CFC6311C18_outer1_RF,A2CFC6311C185EAA2F17BA13E733D522713F64F2850C50F6EEF6E4CE1F592221,1,0.41658885776532834,2026-08-21 01:19:16.382508,2026-08-21 01:19:25.295351,0 days 00:00:08.912843,32.0,0.5428761120783459,3.0,6.0,535.0,0,0.4198717948717949,0.41658885776532834,0.6665469291630283,3,0.39600120906344066,0.3919306971234991,0.6307226196161221,COMPLETE,,,,,,,,,,,,,
RF,1,task_b_source_connected_class_neutral_v6_rigorous_A2CFC6311C18_outer1_RF,A2CFC6311C185EAA2F17BA13E733D522713F64F2850C50F6EEF6E4CE1F592221,2,0.48228715728715726,2026-08-21 01:19:25.433406,2026-08-21 01:19:31.966602,0 days 00:00:06.533196,29.0,0.842394892371916,11.0,2.0,348.0,0,0.4797008547008546,0.48228715728715726,0.6625439919557566,3,0.4478065441461376,0.43736613889376685,0.6485123594186097,COMPLETE,,,,,,,,,,,,,
RF,1,task_b_source_connected_class_neutral_v6_rigorous_A2CFC6311C18_outer1_RF,A2CFC6311C185EAA2F17BA13E733D522713F64F2850C50F6EEF6E4CE1F592221,3,0.5110830527497194,2026-08-21 01:19:32.130570,2026-08-21 01:19:42.162167,0 days 00:00:10.031597,17.0,0.7786565286943312,12.0,24.0,552.0,0,0.5074786324786325,0.5110830527497194,0.6478268635389378,3,0.4526677845455572,0.44153698996374385,0.6476746738984327,COMPLETE,,,,,,,,,,,,,
RF,1,task_b_source_connected_class_neutral_v6_rigorous_A2CFC6311C18_outer1_RF,A2CFC6311C185EAA2F17BA13E733D522713F64F2850C50F6EEF6E4CE1F592221,4,0.5110830527497194,2026-08-21 01:19:42.317397,2026-08-21 01:20:02.370565,0 days 00:00:20.053168,24.0,0.8796325314929543,12.0,23.0,1029.0,0,0.5074786324786325,0.5110830527497194,0.6602474795586251,3,0.4503589066441191,0.4396384115696556,0.6410491030599026,COMPLETE,,,,,,,,,,,,,
RF,1,task_b_source_connected_class_neutral_v6_rigorous_A2CFC6311C18_outer1_RF,A2CFC6311C185EAA2F17BA13E733D522713F64F2850C50F6EEF6E4CE1F592221,5,0.4012558719202377,2026-08-21 01:20:02.594126,2026-08-21 01:20:09.896337,0 days 00:00:07.302211,21.0,0.47100689733402207,5.0,2.0,485.0,0,0.4070512820512821,0.4012558719202377,0.6754296657934429,3,0.4187062770512968,0.413720740352109,0.6393434466292085,COMPLETE,,,,,,,,,,,,,
RF,1,task_b_source_connected_class_neutral_v6_rigorous_A2CFC6311C18_outer1_RF,A2CFC6311C185EAA2F17BA13E733D522713F64F2850C50F6EEF6E4CE1F592221,6,0.5110830527497194,2026-08-21 01:20:10.056601,2026-08-21 01:20:29.487373,0 days 00:00:19.430772,8.0,0.8632720036815853,12.0,16.0,1020.0,0,0.5074786324786325,0.5110830527497194,0.6587170225715117,3,0.4407197682941936,0.43221447509850663,0.640714331407334,COMPLETE,,,,,,,,,,,,,
RF,1,task_b_source_connected_class_neutral_v6_rigorous_A2CFC6311C18_outer1_RF,A2CFC6311C185EAA2F17BA13E733D522713F64F2850C50F6EEF6E4CE1F592221,7,0.4984126984126984,2026-08-21 01:20:29.626761,2026-08-21 01:20:35.707144,0 days 00:00:06.080383,13.0,0.5909413753290347,10.0,7.0,398.0,0,0.49252136752136755,0.4984126984126984,0.6626187452038845,3,0.4453375240970698,0.43588371846696,0.6528438825559341,COMPLETE,,,,,,,,,,,,,
RF,1,task_b_source_connected_class_neutral_v6_rigorous_A2CFC6311C18_outer1_RF,A2CFC6311C185EAA2F17BA13E733D522713F64F2850C50F6EEF6E4CE1F592221,8,0.4678362573099415,2026-08-21 01:20:35.858094,2026-08-21 01:20:52.995533,0 days 00:00:17.137439,26.0,0.7404125432248052,8.0,10.0,913.0,0,0.46367521367521364,0.4678362573099415,0.6628426741816834,3,0.4295401284865054,0.42389431338469513,0.6416688757358553,COMPLETE,,,,,,,,,,,,,
RF,1,task_b_source_connected_class_neutral_v6_rigorous_A2CFC6311C18_outer1_RF,A2CFC6311C185EAA2F17BA13E733D522713F64F2850C50F6EEF6E4CE1F592221,9,0.5110830527497194,2026-08-21 01:20:53.184132,2026-08-21 01:21:02.690035,0 days 00:00:09.505903,13.0,0.7617730860996561,11.0,24.0,537.0,0,0.5074786324786325,0.5110830527497194,0.6593484559815829,3,0.454429060702429,0.44287787572316234,0.6496847702149645,COMPLETE,,,,,,,,,,,,,
RF,1,task_b_source_connected_class_neutral_v6_rigorous_A2CFC6311C18_outer1_RF,A2CFC6311C185EAA2F17BA13E733D522713F64F2850C50F6EEF6E4CE1F592221,10,0.4944083694083694,2026-08-21 01:21:02.839251,2026-08-21 01:21:11.731594,0 days 00:00:08.892343,17.0,0.22140619976478887,8.0,19.0,740.0,0,0.49252136752136755,0.4944083694083694,0.670219430552248,3,0.44593921564291766,0.43327593902542566,0.6670142118814305,COMPLETE,,,,,,,,,,,,,
RF,1,task_b_source_connected_class_neutral_v6_rigorous_A2CFC6311C18_outer1_RF,A2CFC6311C185EAA2F17BA13E733D522713F64F2850C50F6EEF6E4CE1F592221,11,0.468694885361552,2026-08-21 01:21:11.874433,2026-08-21 01:21:36.983062,0 days 00:00:25.108629,22.0,0.9497009313106312,9.0,24.0,1192.0,0,0.46581196581196577,0.468694885361552,0.6661106480378925,3,0.4306524305161366,0.42389544320301953,0.6369344573332912,COMPLETE,,,,,,,,,,,,,
RF,1,task_b_source_connected_class_neutral_v6_rigorous_A2CFC6311C18_outer1_RF,A2CFC6311C185EAA2F17BA13E733D522713F64F2850C50F6EEF6E4CE1F592221,12,0.4678362573099415,2026-08-21 01:21:37.161028,2026-08-21 01:21:52.410876,0 days 00:00:15.249848,24.0,0.6747502299946636,6.0,21.0,864.0,0,0.46367521367521364,0.4678362573099415,0.6665757058558918,3,0.4303492447613757,0.42448647755709046,0.6417106801337235,COMPLETE,,,,,,,,,,,,,
RF,1,task_b_source_connected_class_neutral_v6_rigorous_A2CFC6311C18_outer1_RF,A2CFC6311C185EAA2F17BA13E733D522713F64F2850C50F6EEF6E4CE1F592221,13,0.5170685770019844,2026-08-21 01:21:52.566123,2026-08-21 01:22:07.797270,0 days 00:00:15.231147,17.0,0.3629223422330122,12.0,14.0,1198.0,0,0.5213675213675213,0.5170685770019844,0.6682963536291711,3,0.45400086127429756,0.44138717727022425,0.6679135443858524,COMPLETE,,,,,,,,,,,,,
RF,1,task_b_source_connected_class_neutral_v6_rigorous_A2CFC6311C18_outer1_RF,A2CFC6311C185EAA2F17BA13E733D522713F64F2850C50F6EEF6E4CE1F592221,14,0.5184147733167341,2026-08-21 01:22:07.927206,2026-08-21 01:22:16.982020,0 days 00:00:09.054814,17.0,0.3407189403398435,9.0,13.0,680.0,0,0.5213675213675213,0.5184147733167341,0.6748825778624541,3,0.44020915781041037,0.42980005376117275,0.6641040969173891,COMPLETE,,,,,,,,,,,,,
RF,1,task_b_source_connected_class_neutral_v6_rigorous_A2CFC6311C18_outer1_RF,A2CFC6311C185EAA2F17BA13E733D522713F64F2850C50F6EEF6E4CE1F592221,15,0.5170685770019844,2026-08-21 01:22:17.125815,2026-08-21 01:22:26.928971,0 days 00:00:09.803156,13.0,0.33234086079468006,9.0,13.0,713.0,0,0.5213675213675213,0.5170685770019844,0.6734341509883306,3,0.44201210519173895,0.4312412537895385,0.6636627612661145,COMPLETE,,,,,,,,,,,,,
RF,1,task_b_source_connected_class_neutral_v6_rigorous_A2CFC6311C18_outer1_RF,A2CFC6311C185EAA2F17BA13E733D522713F64F2850C50F6EEF6E4CE1F592221,16,0.43112725316115147,2026-08-21 01:22:27.085547,2026-08-21 01:22:42.002552,0 days 00:00:14.917005,19.0,0.37690275905076803,7.0,13.0,1137.0,0,0.43482905982905984,0.43112725316115147,0.6762466592574952,3,0.44167285956945684,0.43352505685096565,0.6579893338456905,COMPLETE,,,,,,,,,,,,,
RF,1,task_b_source_connected_class_neutral_v6_rigorous_A2CFC6311C18_outer1_RF,A2CFC6311C185EAA2F17BA13E733D522713F64F2850C50F6EEF6E4CE1F592221,17,0.48078002244668916,2026-08-21 01:22:42.152781,2026-08-21 01:22:53.170909,0 days 00:00:11.018128,15.0,0.2051983333410898,10.0,13.0,861.0,0,0.4797008547008546,0.48078002244668916,0.6628863353708555,3,0.44757547812641896,0.43361630311155674,0.6673678104724736,COMPLETE,,,,,,,,,,,,,
RF,1,task_b_source_connected_class_neutral_v6_rigorous_A2CFC6311C18_outer1_RF,A2CFC6311C185EAA2F17BA13E733D522713F64F2850C50F6EEF6E4CE1F592221,18,0.4968571160521625,2026-08-21 01:22:53.318932,2026-08-21 01:23:01.928799,0 days 00:00:08.609867,5.0,0.3416168787562562,5.0,10.0,633.0,0,0.5085470085470085,0.4968571160521625,0.6743960202164536,3,0.4649730763529634,0.4482948837132527,0.6774281551483279,COMPLETE,,,,,,,,,,,,,
RF,1,task_b_source_connected_class_neutral_v6_rigorous_A2CFC6311C18_outer1_RF,A2CFC6311C185EAA2F17BA13E733D522713F64F2850C50F6EEF6E4CE1F592221,19,0.48228715728715726,2026-08-21 01:23:02.067884,2026-08-21 01:23:15.698482,0 days 00:00:13.630598,10.0,0.4429332598619742,10.0,16.0,959.0,0,0.4797008547008546,0.48228715728715726,0.6683059458601255,3,0.4519600406533611,0.4412397698583271,0.6603420289269959,COMPLETE,,,,,,,,,,,,,
RF,1,task_b_source_connected_class_neutral_v6_rigorous_A2CFC6311C18_outer1_RF,A2CFC6311C185EAA2F17BA13E733D522713F64F2850C50F6EEF6E4CE1F592221,20,0.45396825396825397,2026-08-21 01:23:15.854310,2026-08-21 01:23:26.139940,0 days 00:00:10.285630,20.0,0.2884180309121806,8.0,10.0,829.0,0,0.45085470085470086,0.45396825396825397,0.6760515069725597,3,0.4376331540217325,0.4268307059606931,0.66460948502298,COMPLETE,,,,,,,,,,,,,
RF,1,task_b_source_connected_class_neutral_v6_rigorous_A2CFC6311C18_outer1_RF,A2CFC6311C185EAA2F17BA13E733D522713F64F2850C50F6EEF6E4CE1F592221,21,0.5170685770019844,2026-08-21 01:23:26.286653,2026-08-21 01:23:35.379273,0 days 00:00:09.092620,13.0,0.32636321362715737,9.0,13.0,734.0,0,0.5213675213675213,0.5170685770019844,0.6721520997062793,3,0.4424166633291741,0.43158231150787874,0.6636412581688597,COMPLETE,,,,,,,,,,,,,
RF,1,task_b_source_connected_class_neutral_v6_rigorous_A2CFC6311C18_outer1_RF,A2CFC6311C185EAA2F17BA13E733D522713F64F2850C50F6EEF6E4CE1F592221,22,0.536075036075036,2026-08-21 01:23:35.547898,2026-08-21 01:23:44.022925,0 days 00:00:08.475027,16.0,0.4117288296268345,9.0,14.0,649.0,0,0.5341880341880342,0.536075036075036,0.6707665184832368,3,0.4493896482216189,0.43948291140736834,0.6599895737434475,COMPLETE,,,,,,,,,,,,,
RF,1,task_b_source_connected_class_neutral_v6_rigorous_A2CFC6311C18_outer1_RF,A2CFC6311C185EAA2F17BA13E733D522713F64F2850C50F6EEF6E4CE1F592221,23,0.41964548861100587,2026-08-21 01:23:44.182626,2026-08-21 01:23:53.058906,0 days 00:00:08.876280,16.0,0.42774341029398155,7.0,15.0,657.0,0,0.422008547008547,0.41964548861100587,0.6688434415601598,3,0.4367102467873631,0.42899829806578227,0.6525315308450402,COMPLETE,,,,,,,,,,,,,
RF,1,task_b_source_connected_class_neutral_v6_rigorous_A2CFC6311C18_outer1_RF,A2CFC6311C185EAA2F17BA13E733D522713F64F2850C50F6EEF6E4CE1F592221,24,0.5325595120991541,2026-08-21 01:23:53.217463,2026-08-21 01:24:03.705696,0 days 00:00:10.488233,19.0,0.506865214974785,11.0,18.0,788.0,0,0.5363247863247863,0.5325595120991541,0.6601677648117278,3,0.4549169612887778,0.4435201292809688,0.6578229079661414,COMPLETE,,,,,,,,,,,,,
RF,1,task_b_source_connected_class_neutral_v6_rigorous_A2CFC6311C18_outer1_RF,A2CFC6311C185EAA2F17BA13E733D522713F64F2850C50F6EEF6E4CE1F592221,25,0.508921246923708,2026-08-21 01:24:03.846424,2026-08-21 01:24:15.739357,0 days 00:00:11.892933,23.0,0.5237277943223323,11.0,19.0,819.0,0,0.5074786324786325,0.508921246923708,0.6631969251938292,3,0.4558274499463224,0.4442948411498935,0.6582697387772457,COMPLETE,,,,,,,,,,,,,
RF,1,task_b_source_connected_class_neutral_v6_rigorous_A2CFC6311C18_outer1_RF,A2CFC6311C185EAA2F17BA13E733D522713F64F2850C50F6EEF6E4CE1F592221,26,0.48228715728715726,2026-08-21 01:24:15.907858,2026-08-21 01:24:26.495056,0 days 00:00:10.587198,15.0,0.6155927653957438,10.0,18.0,677.0,0,0.4797008547008546,0.48228715728715726,0.6602689793866264,3,0.4523285389232751,0.44300685951433794,0.6540898591989398,COMPLETE,,,,,,,,,,,,,
RF,1,task_b_source_connected_class_neutral_v6_rigorous_A2CFC6311C18_outer1_RF,A2CFC6311C185EAA2F17BA13E733D522713F64F2850C50F6EEF6E4CE1F592221,27,0.4545454545454546,2026-08-21 01:24:26.651871,2026-08-21 01:24:37.581557,0 days 00:00:10.929686,19.0,0.4876333736182295,9.0,21.0,763.0,0,0.45085470085470086,0.4545454545454546,0.6627414596067848,3,0.44795519911020437,0.43908589895596384,0.6534595170703789,COMPLETE,,,,,,,,,,,,,
RF,1,task_b_source_connected_class_neutral_v6_rigorous_A2CFC6311C18_outer1_RF,A2CFC6311C185EAA2F17BA13E733D522713F64F2850C50F6EEF6E4CE1F592221,28,0.4012558719202377,2026-08-21 01:24:37.722604,2026-08-21 01:24:43.803720,0 days 00:00:06.081116,26.0,0.4077807444450318,6.0,11.0,461.0,0,0.4070512820512821,0.4012558719202377,0.6746874255775185,3,0.43482488835038263,0.4272466496185052,0.6451699949841193,COMPLETE,,,,,,,,,,,,,
RF,1,task_b_source_connected_class_neutral_v6_rigorous_A2CFC6311C18_outer1_RF,A2CFC6311C185EAA2F17BA13E733D522713F64F2850C50F6EEF6E4CE1F592221,29,0.454112372145159,2026-08-21 01:24:43.954767,2026-08-21 01:24:51.456878,0 days 00:00:07.502111,11.0,0.2694522723515066,1.0,17.0,601.0,0,0.44871794871794873,0.454112372145159,0.6611607260988065,3,0.41965843693329824,0.4126236295860756,0.6445755705234183,COMPLETE,,,,,,,,,,,,,
RF,1,task_b_source_connected_class_neutral_v6_rigorous_A2CFC6311C18_outer1_RF,A2CFC6311C185EAA2F17BA13E733D522713F64F2850C50F6EEF6E4CE1F592221,30,0.5110830527497194,2026-08-21 01:24:51.601672,2026-08-21 01:25:01.137246,0 days 00:00:09.535574,8.0,0.6418774113203211,11.0,8.0,584.0,0,0.5074786324786325,0.5110830527497194,0.6647273821809426,3,0.45265536596873224,0.4435165218590818,0.6554894811059021,COMPLETE,,,,,,,,,,,,,
RF,1,task_b_source_connected_class_neutral_v6_rigorous_A2CFC6311C18_outer1_RF,A2CFC6311C185EAA2F17BA13E733D522713F64F2850C50F6EEF6E4CE1F592221,31,0.5453800249196669,2026-08-21 01:25:01.312555,2026-08-21 01:25:15.002450,0 days 00:00:13.689895,17.0,0.4031819691675099,12.0,14.0,1063.0,0,0.5491452991452991,0.5453800249196669,0.6627222751448757,3,0.4588440717399565,0.4459142939602952,0.6644563306675878,COMPLETE,,,,,,,,,,,,,
RF,1,task_b_source_connected_class_neutral_v6_rigorous_A2CFC6311C18_outer1_RF,A2CFC6311C185EAA2F17BA13E733D522713F64F2850C50F6EEF6E4CE1F592221,32,0.48228715728715726,2026-08-21 01:25:15.142580,2026-08-21 01:25:30.075673,0 days 00:00:14.933093,18.0,0.5413399378453955,11.0,15.0,1098.0,0,0.4797008547008546,0.48228715728715726,0.6592879256965944,3,0.4558094200125618,0.4450273671618306,0.6571813415633233,COMPLETE,,,,,,,,,,,,,
RF,1,task_b_source_connected_class_neutral_v6_rigorous_A2CFC6311C18_outer1_RF,A2CFC6311C185EAA2F17BA13E733D522713F64F2850C50F6EEF6E4CE1F592221,33,0.48228715728715726,2026-08-21 01:25:30.219639,2026-08-21 01:25:41.353771,0 days 00:00:11.134132,15.0,0.5033332234313297,10.0,12.0,783.0,0,0.4797008547008546,0.48228715728715726,0.6562587653144929,3,0.4549169612887778,0.44374149567519733,0.6530689903806365,COMPLETE,,,,,,,,,,,,,
RF,1,task_b_source_connected_class_neutral_v6_rigorous_A2CFC6311C18_outer1_RF,A2CFC6311C185EAA2F17BA13E733D522713F64F2850C50F6EEF6E4CE1F592221,34,0.5170685770019844,2026-08-21 01:25:41.506784,2026-08-21 01:25:50.248879,0 days 00:00:08.742095,20.0,0.39167144065037496,12.0,17.0,692.0,0,0.5213675213675213,0.5170685770019844,0.6613462861527878,3,0.4548752900643209,0.4435563904089255,0.6661208960450761,COMPLETE,,,,,,,,,,,,,
RF,1,task_b_source_connected_class_neutral_v6_rigorous_A2CFC6311C18_outer1_RF,A2CFC6311C185EAA2F17BA13E733D522713F64F2850C50F6EEF6E4CE1F592221,35,0.5473716073050147,2026-08-21 01:25:50.411705,2026-08-21 01:26:04.450529,0 days 00:00:14.038824,18.0,0.46958778363943116,11.0,15.0,980.0,0,0.5491452991452991,0.5473716073050147,0.665462345532005,3,0.45842709502569656,0.44808204656157896,0.6618237151100844,COMPLETE,,,,,,,,,,,,,
RF,1,task_b_source_connected_class_neutral_v6_rigorous_A2CFC6311C18_outer1_RF,A2CFC6311C185EAA2F17BA13E733D522713F64F2850C50F6EEF6E4CE1F592221,36,0.5453800249196669,2026-08-21 01:26:04.594839,2026-08-21 01:26:17.776984,0 days 00:00:13.182145,31.0,0.4526021232948151,12.0,21.0,1024.0,0,0.5491452991452991,0.5453800249196669,0.6632693630758647,3,0.45268581447931777,0.44061100398917236,0.6635389968499843,COMPLETE,,,,,,,,,,,,,
RF,1,task_b_source_connected_class_neutral_v6_rigorous_A2CFC6311C18_outer1_RF,A2CFC6311C185EAA2F17BA13E733D522713F64F2850C50F6EEF6E4CE1F592221,37,0.5453800249196669,2026-08-21 01:26:17.942307,2026-08-21 01:26:32.511506,0 days 00:00:14.569199,31.0,0.44506198397734803,12.0,21.0,1026.0,0,0.5491452991452991,0.5453800249196669,0.6629898653118468,3,0.4548933199980816,0.44230861399744276,0.6616364316223424,COMPLETE,,,,,,,,,,,,,
RF,1,task_b_source_connected_class_neutral_v6_rigorous_A2CFC6311C18_outer1_RF,A2CFC6311C185EAA2F17BA13E733D522713F64F2850C50F6EEF6E4CE1F592221,38,0.5453800249196669,2026-08-21 01:26:32.659000,2026-08-21 01:26:46.151697,0 days 00:00:13.492697,31.0,0.45710756536640407,12.0,21.0,1028.0,0,0.5491452991452991,0.5453800249196669,0.6639103887168903,3,0.45268581447931777,0.44061100398917236,0.6634845170646747,COMPLETE,,,,,,,,,,,,,
RF,1,task_b_source_connected_class_neutral_v6_rigorous_A2CFC6311C18_outer1_RF,A2CFC6311C185EAA2F17BA13E733D522713F64F2850C50F6EEF6E4CE1F592221,39,0.5473716073050147,2026-08-21 01:26:46.336880,2026-08-21 01:27:00.731122,0 days 00:00:14.394242,32.0,0.5781202851414792,12.0,4.0,979.0,0,0.5491452991452991,0.5473716073050147,0.6598882670477099,3,0.45617230692554017,0.444700193102287,0.6559510875300827,COMPLETE,,,,,,,,,,,,,
RF,1,task_b_source_connected_class_neutral_v6_rigorous_A2CFC6311C18_outer1_RF,A2CFC6311C185EAA2F17BA13E733D522713F64F2850C50F6EEF6E4CE1F592221,40,0.4305555555555555,2026-08-21 01:27:00.880677,2026-08-21 01:27:17.153362,0 days 00:00:16.272685,27.0,0.5593354563597128,2.0,5.0,959.0,0,0.4326923076923077,0.4305555555555555,0.663691421237861,3,0.3973815683735736,0.3934955209831683,0.620301463048629,COMPLETE,,,,,,,,,,,,,
RF,1,task_b_source_connected_class_neutral_v6_rigorous_A2CFC6311C18_outer1_RF,A2CFC6311C185EAA2F17BA13E733D522713F64F2850C50F6EEF6E4CE1F592221,41,0.5325595120991541,2026-08-21 01:27:17.296910,2026-08-21 01:27:33.830164,0 days 00:00:16.533254,32.0,0.5862123240529126,12.0,4.0,1079.0,0,0.5363247863247863,0.5325595120991541,0.6614187240348232,3,0.4552798482017562,0.4438184732931769,0.6556347856428907,COMPLETE,,,,,,,,,,,,,
RF,1,task_b_source_connected_class_neutral_v6_rigorous_A2CFC6311C18_outer1_RF,A2CFC6311C185EAA2F17BA13E733D522713F64F2850C50F6EEF6E4CE1F592221,42,0.5453800249196669,2026-08-21 01:27:33.973504,2026-08-21 01:27:46.705856,0 days 00:00:12.732352,30.0,0.4514273307577958,12.0,22.0,953.0,0,0.5491452991452991,0.5453800249196669,0.6686578815061788,3,0.45268581447931777,0.4405783023980967,0.6641002009507655,COMPLETE,,,,,,,,,,,,,
RF,1,task_b_source_connected_class_neutral_v6_rigorous_A2CFC6311C18_outer1_RF,A2CFC6311C185EAA2F17BA13E733D522713F64F2850C50F6EEF6E4CE1F592221,43,0.5184147733167341,2026-08-21 01:27:46.866320,2026-08-21 01:28:01.476107,0 days 00:00:14.609787,29.0,0.4749421311927003,11.0,8.0,1068.0,0,0.5213675213675213,0.5184147733167341,0.6656383133550315,3,0.4579808656638045,0.44761682209077175,0.661744673763928,COMPLETE,,,,,,,,,,,,,
RF,1,task_b_source_connected_class_neutral_v6_rigorous_A2CFC6311C18_outer1_RF,A2CFC6311C185EAA2F17BA13E733D522713F64F2850C50F6EEF6E4CE1F592221,44,0.5325595120991541,2026-08-21 01:28:01.625207,2026-08-21 01:28:17.573994,0 days 00:00:15.948787,28.0,0.5484403019472537,12.0,3.0,1129.0,0,0.5363247863247863,0.5325595120991541,0.6620088116218147,3,0.4628184647725278,0.4508364993104161,0.659147964961024,COMPLETE,,,,,,,,,,,,,
RF,1,task_b_source_connected_class_neutral_v6_rigorous_A2CFC6311C18_outer1_RF,A2CFC6311C185EAA2F17BA13E733D522713F64F2850C50F6EEF6E4CE1F592221,45,0.5110830527497194,2026-08-21 01:28:17.709772,2026-08-21 01:28:34.859781,0 days 00:00:17.150009,30.0,0.6914073194093027,11.0,20.0,1009.0,0,0.5074786324786325,0.5110830527497194,0.6577988145325607,3,0.45445270199312526,0.4440627618672833,0.6510514999965752,COMPLETE,,,,,,,,,,,,,
RF,1,task_b_source_connected_class_neutral_v6_rigorous_A2CFC6311C18_outer1_RF,A2CFC6311C185EAA2F17BA13E733D522713F64F2850C50F6EEF6E4CE1F592221,46,0.5110830527497194,2026-08-21 01:28:35.006868,2026-08-21 01:28:49.335639,0 days 00:00:14.328771,31.0,0.6217382753358741,11.0,22.0,914.0,0,0.5074786324786325,0.5110830527497194,0.6620789341377576,3,0.4518406383369263,0.44182239266253354,0.6554750684206722,COMPLETE,,,,,,,,,,,,,
RF,1,task_b_source_connected_class_neutral_v6_rigorous_A2CFC6311C18_outer1_RF,A2CFC6311C185EAA2F17BA13E733D522713F64F2850C50F6EEF6E4CE1F592221,47,0.5310457516339869,2026-08-21 01:28:49.475087,2026-08-21 01:29:02.881383,0 days 00:00:13.406296,32.0,0.4817890815298561,12.0,23.0,996.0,0,0.5363247863247863,0.5310457516339869,0.6633633007859013,3,0.4571244668075416,0.44526298348261606,0.6590328099919439,COMPLETE,,,,,,,,,,,,,
RF,1,task_b_source_connected_class_neutral_v6_rigorous_A2CFC6311C18_outer1_RF,A2CFC6311C185EAA2F17BA13E733D522713F64F2850C50F6EEF6E4CE1F592221,48,0.5184147733167341,2026-08-21 01:29:03.039526,2026-08-21 01:29:16.620882,0 days 00:00:13.581356,25.0,0.30226645012848863,12.0,19.0,1060.0,0,0.5213675213675213,0.5184147733167341,0.6662697467651028,3,0.4536740342288404,0.43934241900909127,0.6709298983775196,COMPLETE,,,,,,,,,,,,,
RF,1,task_b_source_connected_class_neutral_v6_rigorous_A2CFC6311C18_outer1_RF,A2CFC6311C185EAA2F17BA13E733D522713F64F2850C50F6EEF6E4CE1F592221,49,0.4012558719202377,2026-08-21 01:29:16.777553,2026-08-21 01:29:33.087625,0 days 00:00:16.310072,28.0,0.3666823694018429,4.0,8.0,1167.0,0,0.4070512820512821,0.4012558719202377,0.6766925326135853,3,0.41784307097514467,0.41383535819019684,0.6451913420477747,COMPLETE,,,,,,,,,,,,,
RF,1,task_b_source_connected_class_neutral_v6_rigorous_A2CFC6311C18_outer1_RF,A2CFC6311C185EAA2F17BA13E733D522713F64F2850C50F6EEF6E4CE1F592221,50,0.5170685770019844,2026-08-21 01:29:33.256291,2026-08-21 01:29:47.434477,0 days 00:00:14.178186,21.0,0.25060151236686534,10.0,6.0,1122.0,0,0.5213675213675213,0.5170685770019844,0.6736537800005293,3,0.45683369962960557,0.4419020936843985,0.6711580393870621,COMPLETE,,,,,,,,,,,,,
RF,1,task_b_source_connected_class_neutral_v6_rigorous_A2CFC6311C18_outer1_RF,A2CFC6311C185EAA2F17BA13E733D522713F64F2850C50F6EEF6E4CE1F592221,51,0.5453800249196669,2026-08-21 01:29:47.579866,2026-08-21 01:30:01.893946,0 days 00:00:14.314080,31.0,0.4529652049819093,12.0,21.0,1041.0,0,0.5491452991452991,0.5453800249196669,0.665647905585986,3,0.45268581447931777,0.44061100398917236,0.6636232528114637,COMPLETE,,,,,,,,,,,,,
RF,1,task_b_source_connected_class_neutral_v6_rigorous_A2CFC6311C18_outer1_RF,A2CFC6311C185EAA2F17BA13E733D522713F64F2850C50F6EEF6E4CE1F592221,52,0.5473716073050147,2026-08-21 01:30:02.053814,2026-08-21 01:30:16.342997,0 days 00:00:14.289183,30.0,0.5209779271156587,11.0,23.0,912.0,0,0.5491452991452991,0.5473716073050147,0.6683783837421609,3,0.4589093842551096,0.44769837674865604,0.66089354606626,COMPLETE,,,,,,,,,,,,,
RF,1,task_b_source_connected_class_neutral_v6_rigorous_A2CFC6311C18_outer1_RF,A2CFC6311C185EAA2F17BA13E733D522713F64F2850C50F6EEF6E4CE1F592221,53,0.5224466891133558,2026-08-21 01:30:16.505846,2026-08-21 01:30:31.307644,0 days 00:00:14.801798,29.0,0.532527860768187,11.0,23.0,902.0,0,0.5213675213675213,0.5224466891133558,0.6673950146860363,3,0.4562973205989107,0.44571400239788694,0.655308201787875,COMPLETE,,,,,,,,,,,,,
RF,1,task_b_source_connected_class_neutral_v6_rigorous_A2CFC6311C18_outer1_RF,A2CFC6311C185EAA2F17BA13E733D522713F64F2850C50F6EEF6E4CE1F592221,54,0.48228715728715726,2026-08-21 01:30:31.478752,2026-08-21 01:30:48.276881,0 days 00:00:16.798129,30.0,0.5711512024221567,11.0,22.0,985.0,0,0.4797008547008546,0.48228715728715726,0.6698268106162842,3,0.45366161565201546,0.44299527288354107,0.6609988138092608,COMPLETE,,,,,,,,,,,,,
RF,1,task_b_source_connected_class_neutral_v6_rigorous_A2CFC6311C18_outer1_RF,A2CFC6311C185EAA2F17BA13E733D522713F64F2850C50F6EEF6E4CE1F592221,55,0.5110830527497194,2026-08-21 01:30:48.433315,2026-08-21 01:31:01.673629,0 days 00:00:13.240314,32.0,0.4182226706145378,10.0,24.0,924.0,0,0.5074786324786325,0.5110830527497194,0.6725668810034136,3,0.45448876186064635,0.44286306206896814,0.6640196352330415,COMPLETE,,,,,,,,,,,,,
RF,1,task_b_source_connected_class_neutral_v6_rigorous_A2CFC6311C18_outer1_RF,A2CFC6311C185EAA2F17BA13E733D522713F64F2850C50F6EEF6E4CE1F592221,56,0.5453800249196669,2026-08-21 01:31:01.849047,2026-08-21 01:31:15.476834,0 days 00:00:13.627787,28.0,0.5220048174289339,12.0,20.0,877.0,0,0.5491452991452991,0.5453800249196669,0.6700123706702654,3,0.4628364947062884,0.4505478339021723,0.6615985434690046,COMPLETE,,,,,,,,,,,,,
RF,1,task_b_source_connected_class_neutral_v6_rigorous_A2CFC6311C18_outer1_RF,A2CFC6311C185EAA2F17BA13E733D522713F64F2850C50F6EEF6E4CE1F592221,57,0.5110830527497194,2026-08-21 01:31:15.634974,2026-08-21 01:31:21.638478,0 days 00:00:06.003504,26.0,0.6732082497376696,11.0,15.0,307.0,0,0.5074786324786325,0.5110830527497194,0.6721934455293589,3,0.44793155781950816,0.43873551325696347,0.6570309238167261,COMPLETE,,,,,,,,,,,,,
RF,1,task_b_source_connected_class_neutral_v6_rigorous_A2CFC6311C18_outer1_RF,A2CFC6311C185EAA2F17BA13E733D522713F64F2850C50F6EEF6E4CE1F592221,58,0.5170685770019844,2026-08-21 01:31:21.800326,2026-08-21 01:31:34.866607,0 days 00:00:13.066281,22.0,0.3921638131558228,12.0,16.0,966.0,0,0.5213675213675213,0.5170685770019844,0.6624427773808579,3,0.4623485941199396,0.4488655832837498,0.6669006264729859,COMPLETE,,,,,,,,,,,,,
RF,1,task_b_source_connected_class_neutral_v6_rigorous_A2CFC6311C18_outer1_RF,A2CFC6311C185EAA2F17BA13E733D522713F64F2850C50F6EEF6E4CE1F592221,59,0.48228715728715726,2026-08-21 01:31:35.034471,2026-08-21 01:31:51.118391,0 days 00:00:16.083920,31.0,0.43616939487028783,10.0,11.0,1092.0,0,0.4797008547008546,0.48228715728715726,0.6642742319599905,3,0.45015709327203246,0.439620436666718,0.6591361373498043,COMPLETE,,,,,,,,,,,,,
SVM,1,task_b_source_connected_class_neutral_v6_rigorous_A2CFC6311C18_outer1_SVM,A2CFC6311C185EAA2F17BA13E733D522713F64F2850C50F6EEF6E4CE1F592221,0,0.5069216757741347,2026-08-21 01:31:58.460870,2026-08-21 01:31:58.973471,0 days 00:00:00.512601,,,,,,0,0.517094017094017,0.5069216757741347,0.6838106295149639,3,0.4407014738907414,0.4379591389488909,0.638147185464715,COMPLETE,218.02771246150118,0.010809319480304239,,,,,,,,,,,
SVM,1,task_b_source_connected_class_neutral_v6_rigorous_A2CFC6311C18_outer1_SVM,A2CFC6311C185EAA2F17BA13E733D522713F64F2850C50F6EEF6E4CE1F592221,1,0.3555938257430795,2026-08-21 01:31:59.147010,2026-08-21 01:31:59.782564,0 days 00:00:00.635554,,,,,,0,0.38995726495726496,0.3555938257430795,0.531407941044164,3,0.3372024674286314,0.3174080163466353,0.4805998832971234,COMPLETE,49.086305504340764,0.1415652846032122,,,,,,,,,,,
SVM,1,task_b_source_connected_class_neutral_v6_rigorous_A2CFC6311C18_outer1_SVM,A2CFC6311C185EAA2F17BA13E733D522713F64F2850C50F6EEF6E4CE1F592221,2,0.38769414575866185,2026-08-21 01:31:59.947336,2026-08-21 01:32:00.493622,0 days 00:00:00.546286,,,,,,0,0.40491452991453,0.38769414575866185,0.6556531316980233,3,0.41220757830542243,0.4100708407176757,0.6102889579995111,COMPLETE,27.9340395082422,0.031113949211279208,,,,,,,,,,,
SVM,1,task_b_source_connected_class_neutral_v6_rigorous_A2CFC6311C18_outer1_SVM,A2CFC6311C185EAA2F17BA13E733D522713F64F2850C50F6EEF6E4CE1F592221,3,0.5068635068635069,2026-08-21 01:32:00.667853,2026-08-21 01:32:01.246036,0 days 00:00:00.578183,,,,,,0,0.5224358974358975,0.5068635068635069,0.6864312931650393,3,0.466768285121141,0.45258174556726055,0.6524267485777434,COMPLETE,14.279629174533476,0.006281095934041454,,,,,,,,,,,
SVM,1,task_b_source_connected_class_neutral_v6_rigorous_A2CFC6311C18_outer1_SVM,A2CFC6311C185EAA2F17BA13E733D522713F64F2850C50F6EEF6E4CE1F592221,4,0.3720314505776637,2026-08-21 01:32:01.399735,2026-08-21 01:32:02.088379,0 days 00:00:00.688644,,,,,,0,0.3920940170940171,0.3720314505776637,0.6049231298457305,3,0.5320082895840095,0.5073775202401357,0.7131654049881654,COMPLETE,0.028012936630573596,0.17764542537171005,,,,,,,,,,,
SVM,1,task_b_source_connected_class_neutral_v6_rigorous_A2CFC6311C18_outer1_SVM,A2CFC6311C185EAA2F17BA13E733D522713F64F2850C50F6EEF6E4CE1F592221,5,0.3720314505776637,2026-08-21 01:32:02.296996,2026-08-21 01:32:02.941386,0 days 00:00:00.644390,,,,,,0,0.3920940170940171,0.3720314505776637,0.6015420338175756,3,0.5320082895840095,0.5073775202401357,0.71034197506212,COMPLETE,0.012934411852299333,0.1841485021348514,,,,,,,,,,,
SVM,1,task_b_source_connected_class_neutral_v6_rigorous_A2CFC6311C18_outer1_SVM,A2CFC6311C185EAA2F17BA13E733D522713F64F2850C50F6EEF6E4CE1F592221,6,0.3720314505776637,2026-08-21 01:32:03.098798,2026-08-21 01:32:03.794944,0 days 00:00:00.696146,,,,,,0,0.3920940170940171,0.3720314505776637,0.5954476594956472,3,0.4784625254553516,0.46542172007325816,0.6600106532423703,COMPLETE,0.6591588309292197,2.3086312868836557e-05,,,,,,,,,,,
SVM,1,task_b_source_connected_class_neutral_v6_rigorous_A2CFC6311C18_outer1_SVM,A2CFC6311C185EAA2F17BA13E733D522713F64F2850C50F6EEF6E4CE1F592221,7,0.3720314505776637,2026-08-21 01:32:03.962941,2026-08-21 01:32:04.657492,0 days 00:00:00.694551,,,,,,0,0.3920940170940171,0.3720314505776637,0.6122423328305681,3,0.5320082895840095,0.5073775202401357,0.7074032775848519,COMPLETE,0.03252954167995111,0.0001019819373778125,,,,,,,,,,,
SVM,1,task_b_source_connected_class_neutral_v6_rigorous_A2CFC6311C18_outer1_SVM,A2CFC6311C185EAA2F17BA13E733D522713F64F2850C50F6EEF6E4CE1F592221,8,0.44854595009393766,2026-08-21 01:32:04.809767,2026-08-21 01:32:05.438585,0 days 00:00:00.628818,,,,,,0,0.48931623931623935,0.44854595009393766,0.634080865814612,3,0.5698338832520623,0.5411260494318558,0.7024756091495211,COMPLETE,0.1358799440360583,0.001538984248247852,,,,,,,,,,,
SVM,1,task_b_source_connected_class_neutral_v6_rigorous_A2CFC6311C18_outer1_SVM,A2CFC6311C185EAA2F17BA13E733D522713F64F2850C50F6EEF6E4CE1F592221,9,0.5905585219086363,2026-08-21 01:32:05.633020,2026-08-21 01:32:06.159114,0 days 00:00:00.526094,,,,,,0,0.6217948717948718,0.5905585219086363,0.7029272842740335,3,0.4792206335757818,0.4526126669824178,0.6476657921971445,COMPLETE,341.1244699217952,9.535547442064801e-05,,,,,,,,,,,
SVM,1,task_b_source_connected_class_neutral_v6_rigorous_A2CFC6311C18_outer1_SVM,A2CFC6311C185EAA2F17BA13E733D522713F64F2850C50F6EEF6E4CE1F592221,10,0.5270370370370371,2026-08-21 01:32:06.311559,2026-08-21 01:32:06.857209,0 days 00:00:00.545650,,,,,,0,0.5363247863247863,0.5270370370370371,0.6714085364240163,3,0.4605077240845661,0.44440730820960556,0.6140495791904008,COMPLETE,558.2679373998099,0.00041473569093218804,,,,,,,,,,,
SVM,1,task_b_source_connected_class_neutral_v6_rigorous_A2CFC6311C18_outer1_SVM,A2CFC6311C185EAA2F17BA13E733D522713F64F2850C50F6EEF6E4CE1F592221,11,0.5032679738562091,2026-08-21 01:32:07.002785,2026-08-21 01:32:07.515208,0 days 00:00:00.512423,,,,,,0,0.5085470085470085,0.5032679738562091,0.6641184408986267,3,0.4584612921066939,0.4434469977276832,0.6123870142937268,COMPLETE,486.77452535344224,0.00048383821885472763,,,,,,,,,,,
SVM,1,task_b_source_connected_class_neutral_v6_rigorous_A2CFC6311C18_outer1_SVM,A2CFC6311C185EAA2F17BA13E733D522713F64F2850C50F6EEF6E4CE1F592221,12,0.4956917252874537,2026-08-21 01:32:07.735664,2026-08-21 01:32:08.259772,0 days 00:00:00.524108,,,,,,0,0.5106837606837608,0.4956917252874537,0.6938272339975127,3,0.5144884948612446,0.48479628652847784,0.6634374864302998,COMPLETE,637.6480726974844,1.184332869141563e-05,,,,,,,,,,,
SVM,1,task_b_source_connected_class_neutral_v6_rigorous_A2CFC6311C18_outer1_SVM,A2CFC6311C185EAA2F17BA13E733D522713F64F2850C50F6EEF6E4CE1F592221,13,0.4178443420378904,2026-08-21 01:32:08.417396,2026-08-21 01:32:09.186101,0 days 00:00:00.768705,,,,,,0,0.4465811965811966,0.4178443420378904,0.6663349077822761,3,0.539615300316776,0.5008205568772579,0.6818827893787346,COMPLETE,2.877462649883111,0.00018843453394820324,,,,,,,,,,,
SVM,1,task_b_source_connected_class_neutral_v6_rigorous_A2CFC6311C18_outer1_SVM,A2CFC6311C185EAA2F17BA13E733D522713F64F2850C50F6EEF6E4CE1F592221,14,0.5592254445637904,2026-08-21 01:32:09.385802,2026-08-21 01:32:09.855520,0 days 00:00:00.469718,,,,,,0,0.577991452991453,0.5592254445637904,0.6820605435156519,3,0.4811122702932682,0.46167246761721775,0.6484096324566062,COMPLETE,107.12982570156632,0.0009350639632434522,,,,,,,,,,,
SVM,1,task_b_source_connected_class_neutral_v6_rigorous_A2CFC6311C18_outer1_SVM,A2CFC6311C185EAA2F17BA13E733D522713F64F2850C50F6EEF6E4CE1F592221,15,0.4079086605402395,2026-08-21 01:32:10.005337,2026-08-21 01:32:10.623583,0 days 00:00:00.618246,,,,,,0,0.4155982905982906,0.4079086605402395,0.6745091423883993,3,0.4930682896274745,0.4638946568250635,0.6610364335892741,COMPLETE,68.31151630511836,8.889690035148092e-05,,,,,,,,,,,
SVM,1,task_b_source_connected_class_neutral_v6_rigorous_A2CFC6311C18_outer1_SVM,A2CFC6311C185EAA2F17BA13E733D522713F64F2850C50F6EEF6E4CE1F592221,16,0.5371665371665372,2026-08-21 01:32:10.776253,2026-08-21 01:32:11.272457,0 days 00:00:00.496204,,,,,,0,0.5502136752136751,0.5371665371665372,0.6901166944510598,3,0.46923730517020884,0.45360632526122946,0.6399911908846164,COMPLETE,131.01884921065727,0.0014875866262526168,,,,,,,,,,,
SVM,1,task_b_source_connected_class_neutral_v6_rigorous_A2CFC6311C18_outer1_SVM,A2CFC6311C185EAA2F17BA13E733D522713F64F2850C50F6EEF6E4CE1F592221,17,0.24074074074074073,2026-08-21 01:32:11.433075,2026-08-21 01:32:12.149493,0 days 00:00:00.716418,,,,,,0,0.3333333333333333,0.24074074074074073,0.49366978910322556,3,0.3324408746095493,0.2614035087719298,0.4013079049064721,COMPLETE,4.893944032493471,0.9750163198256063,,,,,,,,,,,
SVM,1,task_b_source_connected_class_neutral_v6_rigorous_A2CFC6311C18_outer1_SVM,A2CFC6311C185EAA2F17BA13E733D522713F64F2850C50F6EEF6E4CE1F592221,18,0.408875128998968,2026-08-21 01:32:12.316055,2026-08-21 01:32:13.055129,0 days 00:00:00.739074,,,,,,0,0.44871794871794873,0.408875128998968,0.6660266333253949,3,0.5425305497277358,0.5029747488496592,0.6811739874591023,COMPLETE,9.534429874346941,4.87580012229612e-05,,,,,,,,,,,
SVM,1,task_b_source_connected_class_neutral_v6_rigorous_A2CFC6311C18_outer1_SVM,A2CFC6311C185EAA2F17BA13E733D522713F64F2850C50F6EEF6E4CE1F592221,19,0.4482758620689655,2026-08-21 01:32:13.197131,2026-08-21 01:32:13.921527,0 days 00:00:00.724396,,,,,,0,0.47222222222222227,0.4482758620689655,0.6745838956365273,3,0.5726303972701577,0.5441171219650891,0.7065610120712275,COMPLETE,1.309627068527656,0.000625223119180764,,,,,,,,,,,
SVM,1,task_b_source_connected_class_neutral_v6_rigorous_A2CFC6311C18_outer1_SVM,A2CFC6311C185EAA2F17BA13E733D522713F64F2850C50F6EEF6E4CE1F592221,20,0.5320987654320988,2026-08-21 01:32:14.081666,2026-08-21 01:32:14.611099,0 days 00:00:00.529433,,,,,,0,0.548076923076923,0.5320987654320988,0.7017312323039878,3,0.4679458996659253,0.4552221661927745,0.6376528505300311,COMPLETE,192.844881278007,0.0033068744592408415,,,,,,,,,,,
SVM,1,task_b_source_connected_class_neutral_v6_rigorous_A2CFC6311C18_outer1_SVM,A2CFC6311C185EAA2F17BA13E733D522713F64F2850C50F6EEF6E4CE1F592221,21,0.5364213318177513,2026-08-21 01:32:14.758475,2026-08-21 01:32:15.270150,0 days 00:00:00.511675,,,,,,0,0.5502136752136751,0.5364213318177513,0.6848221137307825,3,0.47406248570210724,0.45838451191445745,0.6414586859758633,COMPLETE,133.63578742931932,0.001312113413499468,,,,,,,,,,,
SVM,1,task_b_source_connected_class_neutral_v6_rigorous_A2CFC6311C18_outer1_SVM,A2CFC6311C185EAA2F17BA13E733D522713F64F2850C50F6EEF6E4CE1F592221,22,0.5405179615705932,2026-08-21 01:32:15.437097,2026-08-21 01:32:15.975894,0 days 00:00:00.538797,,,,,,0,0.5673076923076923,0.5405179615705932,0.6922028393003625,3,0.4786322920000206,0.45278602536386137,0.6537868221426195,COMPLETE,76.37025745742869,0.0002151738572040674,,,,,,,,,,,
SVM,1,task_b_source_connected_class_neutral_v6_rigorous_A2CFC6311C18_outer1_SVM,A2CFC6311C185EAA2F17BA13E733D522713F64F2850C50F6EEF6E4CE1F592221,23,0.463961510530138,2026-08-21 01:32:16.134296,2026-08-21 01:32:16.734692,0 days 00:00:00.600396,,,,,,0,0.47008547008547,0.463961510530138,0.6854208012489745,3,0.49697737014489274,0.4676892728441347,0.6643493648754261,COMPLETE,31.922982420356227,0.0002368681077887981,,,,,,,,,,,
SVM,1,task_b_source_connected_class_neutral_v6_rigorous_A2CFC6311C18_outer1_SVM,A2CFC6311C185EAA2F17BA13E733D522713F64F2850C50F6EEF6E4CE1F592221,24,0.5405179615705932,2026-08-21 01:32:16.885048,2026-08-21 01:32:17.466485,0 days 00:00:00.581437,,,,,,0,0.5673076923076923,0.5405179615705932,0.6928756185335132,3,0.4903943975568428,0.46601899744432124,0.6524833584956289,COMPLETE,810.0735358244463,3.022419963626522e-05,,,,,,,,,,,
SVM,1,task_b_source_connected_class_neutral_v6_rigorous_A2CFC6311C18_outer1_SVM,A2CFC6311C185EAA2F17BA13E733D522713F64F2850C50F6EEF6E4CE1F592221,25,0.4361655773420479,2026-08-21 01:32:17.610448,2026-08-21 01:32:18.157104,0 days 00:00:00.546656,,,,,,0,0.4433760683760684,0.4361655773420479,0.6988423169537721,3,0.4954832198752606,0.4668559642734356,0.665555231543744,COMPLETE,73.19032567351401,0.00010980398808184279,,,,,,,,,,,
SVM,1,task_b_source_connected_class_neutral_v6_rigorous_A2CFC6311C18_outer1_SVM,A2CFC6311C185EAA2F17BA13E733D522713F64F2850C50F6EEF6E4CE1F592221,26,0.3991285403050109,2026-08-21 01:32:18.300987,2026-08-21 01:32:18.965200,0 days 00:00:00.664213,,,,,,0,0.40277777777777773,0.3991285403050109,0.6802902807546771,3,0.5023862122888786,0.4721719015217727,0.6674207120740099,COMPLETE,14.486339252808467,0.0002784321509543419,,,,,,,,,,,
SVM,1,task_b_source_connected_class_neutral_v6_rigorous_A2CFC6311C18_outer1_SVM,A2CFC6311C185EAA2F17BA13E733D522713F64F2850C50F6EEF6E4CE1F592221,27,0.4361655773420479,2026-08-21 01:32:19.113137,2026-08-21 01:32:19.650081,0 days 00:00:00.536944,,,,,,0,0.4433760683760684,0.4361655773420479,0.6890724643433622,3,0.5377638744911013,0.5013261034716593,0.6765257125888482,COMPLETE,248.23810153547302,1.0690099613955967e-05,,,,,,,,,,,
SVM,1,task_b_source_connected_class_neutral_v6_rigorous_A2CFC6311C18_outer1_SVM,A2CFC6311C185EAA2F17BA13E733D522713F64F2850C50F6EEF6E4CE1F592221,28,0.5371665371665372,2026-08-21 01:32:19.805540,2026-08-21 01:32:20.295720,0 days 00:00:00.490180,,,,,,0,0.5502136752136751,0.5371665371665372,0.6870660342409568,3,0.4704802322301463,0.4570131851971464,0.6393729985410027,COMPLETE,360.0833612980986,0.000988047932428507,,,,,,,,,,,
SVM,1,task_b_source_connected_class_neutral_v6_rigorous_A2CFC6311C18_outer1_SVM,A2CFC6311C185EAA2F17BA13E733D522713F64F2850C50F6EEF6E4CE1F592221,29,0.41410662625706013,2026-08-21 01:32:20.433135,2026-08-21 01:32:20.937908,0 days 00:00:00.504773,,,,,,0,0.42094017094017094,0.41410662625706013,0.6813285570638512,3,0.4388577866782178,0.4344849050731403,0.6266772838976366,COMPLETE,132.7976519695288,0.019553822813115435,,,,,,,,,,,
SVM,1,task_b_source_connected_class_neutral_v6_rigorous_A2CFC6311C18_outer1_SVM,A2CFC6311C185EAA2F17BA13E733D522713F64F2850C50F6EEF6E4CE1F592221,30,0.5703703703703703,2026-08-21 01:32:21.085299,2026-08-21 01:32:21.605466,0 days 00:00:00.520167,,,,,,0,0.6089743589743589,0.5703703703703703,0.6940422322775265,3,0.4737048076921861,0.4427518928081498,0.6382664172942416,COMPLETE,953.3178422008154,5.333344062168696e-05,,,,,,,,,,,
SVM,1,task_b_source_connected_class_neutral_v6_rigorous_A2CFC6311C18_outer1_SVM,A2CFC6311C185EAA2F17BA13E733D522713F64F2850C50F6EEF6E4CE1F592221,31,0.5703703703703703,2026-08-21 01:32:21.754883,2026-08-21 01:32:22.349538,0 days 00:00:00.594655,,,,,,0,0.6089743589743589,0.5703703703703703,0.6942182001005531,3,0.4737048076921861,0.4426656140365046,0.6387948695789705,COMPLETE,973.5759799544667,5.3524133819261984e-05,,,,,,,,,,,
SVM,1,task_b_source_connected_class_neutral_v6_rigorous_A2CFC6311C18_outer1_SVM,A2CFC6311C185EAA2F17BA13E733D522713F64F2850C50F6EEF6E4CE1F592221,32,0.5703703703703703,2026-08-21 01:32:22.514810,2026-08-21 01:32:23.017581,0 days 00:00:00.502771,,,,,,0,0.6089743589743589,0.5703703703703703,0.6924082453494219,3,0.479482148106086,0.45023321511196057,0.6418790809452446,COMPLETE,979.7686158928925,4.177467143706031e-05,,,,,,,,,,,
SVM,1,task_b_source_connected_class_neutral_v6_rigorous_A2CFC6311C18_outer1_SVM,A2CFC6311C185EAA2F17BA13E733D522713F64F2850C50F6EEF6E4CE1F592221,33,0.5703703703703703,2026-08-21 01:32:23.179339,2026-08-21 01:32:23.754129,0 days 00:00:00.574790,,,,,,0,0.6089743589743589,0.5703703703703703,0.6954182212696144,3,0.4745972664159701,0.44463325534065445,0.6390518079908968,COMPLETE,934.4987456133331,4.565686848629816e-05,,,,,,,,,,,
SVM,1,task_b_source_connected_class_neutral_v6_rigorous_A2CFC6311C18_outer1_SVM,A2CFC6311C185EAA2F17BA13E733D522713F64F2850C50F6EEF6E4CE1F592221,34,0.4465329991645781,2026-08-21 01:32:23.896682,2026-08-21 01:32:24.521219,0 days 00:00:00.624537,,,,,,0,0.4561965811965812,0.4465329991645781,0.6857710830621047,3,0.5064856189948204,0.47754610901568767,0.6580026158609149,COMPLETE,302.31681006279723,2.122488690058155e-05,,,,,,,,,,,
SVM,1,task_b_source_connected_class_neutral_v6_rigorous_A2CFC6311C18_outer1_SVM,A2CFC6311C185EAA2F17BA13E733D522713F64F2850C50F6EEF6E4CE1F592221,35,0.5703703703703703,2026-08-21 01:32:24.683167,2026-08-21 01:32:25.265381,0 days 00:00:00.582214,,,,,,0,0.6089743589743589,0.5703703703703703,0.6962352147336667,3,0.4733002495547509,0.443288474721707,0.6386043743707036,COMPLETE,949.436868410406,4.6903953591501743e-05,,,,,,,,,,,
SVM,1,task_b_source_connected_class_neutral_v6_rigorous_A2CFC6311C18_outer1_SVM,A2CFC6311C185EAA2F17BA13E733D522713F64F2850C50F6EEF6E4CE1F592221,36,0.5756056808688387,2026-08-21 01:32:25.434313,2026-08-21 01:32:25.993874,0 days 00:00:00.559561,,,,,,0,0.6089743589743589,0.5756056808688387,0.7105884999073853,3,0.4788577466628035,0.4534843542280296,0.6465026231871974,COMPLETE,341.2143036862015,8.612210661306798e-05,,,,,,,,,,,
SVM,1,task_b_source_connected_class_neutral_v6_rigorous_A2CFC6311C18_outer1_SVM,A2CFC6311C185EAA2F17BA13E733D522713F64F2850C50F6EEF6E4CE1F592221,37,0.396969696969697,2026-08-21 01:32:26.153132,2026-08-21 01:32:26.853824,0 days 00:00:00.700692,,,,,,0,0.40277777777777773,0.396969696969697,0.6731569685904052,3,0.5225569477125137,0.485146186169841,0.6649831092184835,COMPLETE,35.648376640568124,8.945668482966199e-05,,,,,,,,,,,
SVM,1,task_b_source_connected_class_neutral_v6_rigorous_A2CFC6311C18_outer1_SVM,A2CFC6311C185EAA2F17BA13E733D522713F64F2850C50F6EEF6E4CE1F592221,38,0.43682689781980555,2026-08-21 01:32:26.997232,2026-08-21 01:32:27.563796,0 days 00:00:00.566564,,,,,,0,0.4412393162393162,0.43682689781980555,0.6747479558625069,3,0.511793088756132,0.48231295636745514,0.6587711164263973,COMPLETE,316.2913202808086,1.988826087891072e-05,,,,,,,,,,,
SVM,1,task_b_source_connected_class_neutral_v6_rigorous_A2CFC6311C18_outer1_SVM,A2CFC6311C185EAA2F17BA13E733D522713F64F2850C50F6EEF6E4CE1F592221,39,0.3720314505776637,2026-08-21 01:32:27.719417,2026-08-21 01:32:28.356245,0 days 00:00:00.636828,,,,,,0,0.3920940170940171,0.3720314505776637,0.6079288058003228,3,0.47139377953716816,0.45785133298287545,0.6664171761460186,COMPLETE,0.2090567600085937,0.00013997963985000545,,,,,,,,,,,
SVM,1,task_b_source_connected_class_neutral_v6_rigorous_A2CFC6311C18_outer1_SVM,A2CFC6311C185EAA2F17BA13E733D522713F64F2850C50F6EEF6E4CE1F592221,40,0.501445922498554,2026-08-21 01:32:28.497979,2026-08-21 01:32:28.989401,0 days 00:00:00.491422,,,,,,0,0.5224358974358975,0.501445922498554,0.6947302267735704,3,0.46926094646090516,0.455645713687485,0.6376620694488931,COMPLETE,224.55934588160756,0.002871749491085077,,,,,,,,,,,
SVM,1,task_b_source_connected_class_neutral_v6_rigorous_A2CFC6311C18_outer1_SVM,A2CFC6311C185EAA2F17BA13E733D522713F64F2850C50F6EEF6E4CE1F592221,41,0.5905585219086363,2026-08-21 01:32:29.187741,2026-08-21 01:32:29.726882,0 days 00:00:00.539141,,,,,,0,0.6217948717948718,0.5905585219086363,0.7018188854489166,3,0.477947258005259,0.4530938524515799,0.6454095250512207,COMPLETE,470.82194723979086,6.701726450349644e-05,,,,,,,,,,,
SVM,1,task_b_source_connected_class_neutral_v6_rigorous_A2CFC6311C18_outer1_SVM,A2CFC6311C185EAA2F17BA13E733D522713F64F2850C50F6EEF6E4CE1F592221,42,0.5905585219086363,2026-08-21 01:32:29.887278,2026-08-21 01:32:30.330229,0 days 00:00:00.442951,,,,,,0,0.6217948717948718,0.5905585219086363,0.7018188854489166,3,0.47750102864336696,0.4525608921422624,0.6454194779962261,COMPLETE,467.1559328244029,6.755104954002976e-05,,,,,,,,,,,
SVM,1,task_b_source_connected_class_neutral_v6_rigorous_A2CFC6311C18_outer1_SVM,A2CFC6311C185EAA2F17BA13E733D522713F64F2850C50F6EEF6E4CE1F592221,43,0.5905585219086363,2026-08-21 01:32:30.494606,2026-08-21 01:32:30.843500,0 days 00:00:00.348894,,,,,,0,0.6217948717948718,0.5905585219086363,0.6995342806488317,3,0.475674439971342,0.4493569522104888,0.6447465061523988,COMPLETE,438.527251740655,7.8220817276612e-05,,,,,,,,,,,
SVM,1,task_b_source_connected_class_neutral_v6_rigorous_A2CFC6311C18_outer1_SVM,A2CFC6311C185EAA2F17BA13E733D522713F64F2850C50F6EEF6E4CE1F592221,44,0.5270370370370371,2026-08-21 01:32:30.984434,2026-08-21 01:32:31.323703,0 days 00:00:00.339269,,,,,,0,0.5363247863247863,0.5270370370370371,0.6697745494959118,3,0.4596749665189994,0.44330086900657073,0.6137714376522485,COMPLETE,475.6740399068342,0.00044367671517707164,,,,,,,,,,,
SVM,1,task_b_source_connected_class_neutral_v6_rigorous_A2CFC6311C18_outer1_SVM,A2CFC6311C185EAA2F17BA13E733D522713F64F2850C50F6EEF6E4CE1F592221,45,0.48119897166426534,2026-08-21 01:32:31.464766,2026-08-21 01:32:31.925822,0 days 00:00:00.461056,,,,,,0,0.49786324786324787,0.48119897166426534,0.6910147257283481,3,0.5059616585409504,0.47858196947208165,0.6611150316135581,COMPLETE,436.79257152469495,1.8490251311088616e-05,,,,,,,,,,,
SVM,1,task_b_source_connected_class_neutral_v6_rigorous_A2CFC6311C18_outer1_SVM,A2CFC6311C185EAA2F17BA13E733D522713F64F2850C50F6EEF6E4CE1F592221,46,0.396969696969697,2026-08-21 01:32:32.092990,2026-08-21 01:32:32.563142,0 days 00:00:00.470152,,,,,,0,0.40277777777777773,0.396969696969697,0.6711399539572914,3,0.5080926288306897,0.4729129073627849,0.6606630538032907,COMPLETE,52.510674210125735,8.497644371052216e-05,,,,,,,,,,,
SVM,1,task_b_source_connected_class_neutral_v6_rigorous_A2CFC6311C18_outer1_SVM,A2CFC6311C185EAA2F17BA13E733D522713F64F2850C50F6EEF6E4CE1F592221,47,0.5756056808688387,2026-08-21 01:32:32.754302,2026-08-21 01:32:33.255430,0 days 00:00:00.501128,,,,,,0,0.6089743589743589,0.5756056808688387,0.7095350083353179,3,0.4772339027561272,0.4525995426837885,0.6517217207287508,COMPLETE,182.51282076801527,0.00014855016462600972,,,,,,,,,,,
SVM,1,task_b_source_connected_class_neutral_v6_rigorous_A2CFC6311C18_outer1_SVM,A2CFC6311C185EAA2F17BA13E733D522713F64F2850C50F6EEF6E4CE1F592221,48,0.5381054131054132,2026-08-21 01:32:33.415425,2026-08-21 01:32:33.762853,0 days 00:00:00.347428,,,,,,0,0.5512820512820512,0.5381054131054132,0.6797226852954408,3,0.4383271454899633,0.412492886821238,0.6314926101011595,COMPLETE,512.813574098435,0.0002525214972199565,,,,,,,,,,,
SVM,1,task_b_source_connected_class_neutral_v6_rigorous_A2CFC6311C18_outer1_SVM,A2CFC6311C185EAA2F17BA13E733D522713F64F2850C50F6EEF6E4CE1F592221,49,0.463961510530138,2026-08-21 01:32:33.907797,2026-08-21 01:32:34.579377,0 days 00:00:00.671580,,,,,,0,0.47008547008547,0.463961510530138,0.6830518509698077,3,0.499613075091788,0.4706210542813514,0.6648858479835883,COMPLETE,19.745188044031313,0.000353439390792266,,,,,,,,,,,
SVM,1,task_b_source_connected_class_neutral_v6_rigorous_A2CFC6311C18_outer1_SVM,A2CFC6311C185EAA2F17BA13E733D522713F64F2850C50F6EEF6E4CE1F592221,50,0.3555938257430795,2026-08-21 01:32:34.754394,2026-08-21 01:32:35.105659,0 days 00:00:00.351265,,,,,,0,0.38995726495726496,0.3555938257430795,0.6004706808499379,3,0.3722952382795455,0.36647363468280675,0.5428547200756171,COMPLETE,107.4672439814988,0.07141702085577209,,,,,,,,,,,
SVM,1,task_b_source_connected_class_neutral_v6_rigorous_A2CFC6311C18_outer1_SVM,A2CFC6311C185EAA2F17BA13E733D522713F64F2850C50F6EEF6E4CE1F592221,51,0.5549783549783549,2026-08-21 01:32:35.300974,2026-08-21 01:32:35.826603,0 days 00:00:00.525629,,,,,,0,0.5961538461538461,0.5549783549783549,0.6996060569976978,3,0.4763414440323432,0.45082384971554984,0.6495204418455722,COMPLETE,194.07785707721624,0.0001502598794302212,,,,,,,,,,,
SVM,1,task_b_source_connected_class_neutral_v6_rigorous_A2CFC6311C18_outer1_SVM,A2CFC6311C185EAA2F17BA13E733D522713F64F2850C50F6EEF6E4CE1F592221,52,0.41919191919191917,2026-08-21 01:32:35.998426,2026-08-21 01:32:36.553534,0 days 00:00:00.555108,,,,,,0,0.4305555555555556,0.41919191919191917,0.6836720383160012,3,0.49807818499096096,0.47130770944117373,0.6569700253745238,COMPLETE,222.29217674527047,3.129001304113734e-05,,,,,,,,,,,
SVM,1,task_b_source_connected_class_neutral_v6_rigorous_A2CFC6311C18_outer1_SVM,A2CFC6311C185EAA2F17BA13E733D522713F64F2850C50F6EEF6E4CE1F592221,53,0.5905585219086363,2026-08-21 01:32:36.707048,2026-08-21 01:32:37.440603,0 days 00:00:00.733555,,,,,,0,0.6217948717948718,0.5905585219086363,0.6996163107618217,3,0.4761623405576909,0.45053402256311376,0.6457179982304079,COMPLETE,453.52242375348465,7.250007588638469e-05,,,,,,,,,,,
SVM,1,task_b_source_connected_class_neutral_v6_rigorous_A2CFC6311C18_outer1_SVM,A2CFC6311C185EAA2F17BA13E733D522713F64F2850C50F6EEF6E4CE1F592221,54,0.5703703703703703,2026-08-21 01:32:37.600568,2026-08-21 01:32:38.017140,0 days 00:00:00.416572,,,,,,0,0.6089743589743589,0.5703703703703703,0.6986137572437882,3,0.4759359545016461,0.4462981245287068,0.641374561628469,COMPLETE,540.9028194252186,7.688245707167241e-05,,,,,,,,,,,
SVM,1,task_b_source_connected_class_neutral_v6_rigorous_A2CFC6311C18_outer1_SVM,A2CFC6311C185EAA2F17BA13E733D522713F64F2850C50F6EEF6E4CE1F592221,55,0.4497863247863248,2026-08-21 01:32:38.152687,2026-08-21 01:32:38.658937,0 days 00:00:00.506250,,,,,,0,0.45405982905982906,0.4497863247863248,0.6753889815035325,3,0.5153392823605718,0.48480061271764674,0.6624977096762272,COMPLETE,352.4141396082266,1.6511647103212013e-05,,,,,,,,,,,
SVM,1,task_b_source_connected_class_neutral_v6_rigorous_A2CFC6311C18_outer1_SVM,A2CFC6311C185EAA2F17BA13E733D522713F64F2850C50F6EEF6E4CE1F592221,56,0.5703703703703703,2026-08-21 01:32:38.823889,2026-08-21 01:32:39.268904,0 days 00:00:00.445015,,,,,,0,0.6089743589743589,0.5703703703703703,0.6973317059617369,3,0.47769723065851794,0.44752572295042675,0.6406221073719492,COMPLETE,599.8400325561306,7.160471271712055e-05,,,,,,,,,,,
SVM,1,task_b_source_connected_class_neutral_v6_rigorous_A2CFC6311C18_outer1_SVM,A2CFC6311C185EAA2F17BA13E733D522713F64F2850C50F6EEF6E4CE1F592221,57,0.5305940793062853,2026-08-21 01:32:39.438575,2026-08-21 01:32:39.937922,0 days 00:00:00.499347,,,,,,0,0.5523504273504274,0.5305940793062853,0.6864028472387605,3,0.45818788793894827,0.43154183537996643,0.6450668530294985,COMPLETE,101.76301333953816,0.0006721967552765746,,,,,,,,,,,
SVM,1,task_b_source_connected_class_neutral_v6_rigorous_A2CFC6311C18_outer1_SVM,A2CFC6311C185EAA2F17BA13E733D522713F64F2850C50F6EEF6E4CE1F592221,58,0.4319967923015237,2026-08-21 01:32:40.084598,2026-08-21 01:32:40.514085,0 days 00:00:00.429487,,,,,,0,0.4433760683760684,0.4319967923015237,0.6720006086105158,3,0.5410249122745409,0.503074078581431,0.6728576230544178,COMPLETE,44.546099801707456,3.1076615738782144e-05,,,,,,,,,,,
SVM,1,task_b_source_connected_class_neutral_v6_rigorous_A2CFC6311C18_outer1_SVM,A2CFC6311C185EAA2F17BA13E733D522713F64F2850C50F6EEF6E4CE1F592221,59,0.5409780489872023,2026-08-21 01:32:40.662477,2026-08-21 01:32:41.203437,0 days 00:00:00.540960,,,,,,0,0.5673076923076923,0.5409780489872023,0.7000932761768676,3,0.4772158728223666,0.4524904908519097,0.6524197361133001,COMPLETE,162.54064839933815,0.00011846809517230927,,,,,,,,,,,
MLP,1,task_b_source_connected_class_neutral_v6_rigorous_A2CFC6311C18_outer1_MLP,A2CFC6311C185EAA2F17BA13E733D522713F64F2850C50F6EEF6E4CE1F592221,0,0.5758476893628658,2026-08-21 01:32:41.839006,2026-08-21 01:32:50.272461,0 days 00:00:08.433455,,,,,,0,0.5758547008547009,0.5758476893628658,0.6740837765605567,3,0.47342659707526186,0.4677735144136748,0.6190491499248792,COMPLETE,,,0.007477550990582929,256.0,192.0,96.0,0.001231299957009305,,,,,,
MLP,1,task_b_source_connected_class_neutral_v6_rigorous_A2CFC6311C18_outer1_MLP,A2CFC6311C185EAA2F17BA13E733D522713F64F2850C50F6EEF6E4CE1F592221,1,0.5974162240146895,2026-08-21 01:32:50.448492,2026-08-21 01:33:08.882449,0 days 00:00:18.433957,,,,,,0,0.6036324786324787,0.5974162240146895,0.7197361805720939,3,0.4827731054607276,0.46807938818848766,0.6370213836903026,COMPLETE,,,0.000490168235030358,64.0,160.0,64.0,0.0003439460034115657,,,,,,
MLP,1,task_b_source_connected_class_neutral_v6_rigorous_A2CFC6311C18_outer1_MLP,A2CFC6311C185EAA2F17BA13E733D522713F64F2850C50F6EEF6E4CE1F592221,2,0.6126834381551363,2026-08-21 01:33:09.044249,2026-08-21 01:33:13.372975,0 days 00:00:04.328726,,,,,,0,0.6036324786324787,0.6126834381551363,0.7316804927099044,3,0.48931321096136715,0.47400214383496997,0.6463114674532231,COMPLETE,,,4.5210600197727594e-05,64.0,160.0,32.0,0.01957622538620151,,,,,,
MLP,1,task_b_source_connected_class_neutral_v6_rigorous_A2CFC6311C18_outer1_MLP,A2CFC6311C185EAA2F17BA13E733D522713F64F2850C50F6EEF6E4CE1F592221,3,0.5814414959808967,2026-08-21 01:33:13.530042,2026-08-21 01:33:17.450588,0 days 00:00:03.920546,,,,,,0,0.5886752136752137,0.5814414959808967,0.7071898732502447,3,0.48614112698377704,0.4712882332177803,0.6272407525614864,COMPLETE,,,1.0240181459843359e-06,64.0,128.0,64.0,0.005150376473378282,,,,,,
MLP,1,task_b_source_connected_class_neutral_v6_rigorous_A2CFC6311C18_outer1_MLP,A2CFC6311C185EAA2F17BA13E733D522713F64F2850C50F6EEF6E4CE1F592221,4,0.5833333333333334,2026-08-21 01:33:17.594405,2026-08-21 01:33:35.811971,0 days 00:00:18.217566,,,,,,0,0.5908119658119658,0.5833333333333334,0.7071610965573814,3,0.48664051475368897,0.46895476906966377,0.6367111970353814,COMPLETE,,,1.942245451136608e-06,128.0,160.0,32.0,0.00021480258900655855,,,,,,
MLP,1,task_b_source_connected_class_neutral_v6_rigorous_A2CFC6311C18_outer1_MLP,A2CFC6311C185EAA2F17BA13E733D522713F64F2850C50F6EEF6E4CE1F592221,5,0.5974162240146895,2026-08-21 01:33:35.965116,2026-08-21 01:34:04.933195,0 days 00:00:28.968079,,,,,,1,0.6036324786324787,0.5974162240146895,0.6916461591384193,3,0.4805475700082032,0.4650475625320481,0.6367139691817271,COMPLETE,,,6.627138968433478e-05,128.0,192.0,32.0,0.00011510766994244585,,,,,,
MLP,1,task_b_source_connected_class_neutral_v6_rigorous_A2CFC6311C18_outer1_MLP,A2CFC6311C185EAA2F17BA13E733D522713F64F2850C50F6EEF6E4CE1F592221,6,0.5900326797385621,2026-08-21 01:34:05.076808,2026-08-21 01:34:09.160650,0 days 00:00:04.083842,,,,,,0,0.5908119658119658,0.5900326797385621,0.6807384694768596,3,0.46387574560761546,0.45260905403613555,0.6292719020276406,COMPLETE,,,0.0007042349111718197,64.0,160.0,64.0,0.0064347845834532074,,,,,,
MLP,1,task_b_source_connected_class_neutral_v6_rigorous_A2CFC6311C18_outer1_MLP,A2CFC6311C185EAA2F17BA13E733D522713F64F2850C50F6EEF6E4CE1F592221,7,0.6386324786324785,2026-08-21 01:34:09.319035,2026-08-21 01:34:17.395116,0 days 00:00:08.076081,,,,,,0,0.6314102564102564,0.6386324786324785,0.7358173903839539,3,0.509821064751069,0.4920345228210719,0.6668583603043009,COMPLETE,,,0.005549425242609385,64.0,160.0,96.0,0.009216759213590563,,,,,,
MLP,1,task_b_source_connected_class_neutral_v6_rigorous_A2CFC6311C18_outer1_MLP,A2CFC6311C185EAA2F17BA13E733D522713F64F2850C50F6EEF6E4CE1F592221,8,0.5628075628075628,2026-08-21 01:34:17.554142,2026-08-21 01:34:22.195883,0 days 00:00:04.641741,,,,,,0,0.5758547008547009,0.5628075628075628,0.7066242623905162,3,0.4884322394211462,0.46709010139178564,0.6617024327410964,COMPLETE,,,2.190310955568702e-06,64.0,96.0,32.0,0.0033775273402194207,,,,,,
MLP,1,task_b_source_connected_class_neutral_v6_rigorous_A2CFC6311C18_outer1_MLP,A2CFC6311C185EAA2F17BA13E733D522713F64F2850C50F6EEF6E4CE1F592221,9,0.5974162240146895,2026-08-21 01:34:22.369741,2026-08-21 01:34:30.162838,0 days 00:00:07.793097,,,,,,0,0.6036324786324787,0.5974162240146895,0.7041947818263609,3,0.4752525188237165,0.4591720292358934,0.627364231204913,COMPLETE,,,0.000507567944563072,256.0,96.0,64.0,0.0008647002466459739,,,,,,
MLP,1,task_b_source_connected_class_neutral_v6_rigorous_A2CFC6311C18_outer1_MLP,A2CFC6311C185EAA2F17BA13E733D522713F64F2850C50F6EEF6E4CE1F592221,10,0.5163398692810458,2026-08-21 01:34:30.323962,2026-08-21 01:34:32.821235,0 days 00:00:02.497273,,,,,,0,0.5213675213675213,0.5163398692810458,0.6814400254028737,3,0.4791672106980704,0.4676122483066947,0.6253189629244709,COMPLETE,,,0.008326437630170923,128.0,64.0,96.0,0.01763207088588645,,,,,,
MLP,1,task_b_source_connected_class_neutral_v6_rigorous_A2CFC6311C18_outer1_MLP,A2CFC6311C185EAA2F17BA13E733D522713F64F2850C50F6EEF6E4CE1F592221,11,0.5471380471380471,2026-08-21 01:34:32.985635,2026-08-21 01:34:36.697291,0 days 00:00:03.711656,,,,,,0,0.547008547008547,0.5471380471380471,0.6836832843798787,3,0.4794050839376782,0.4611549398985401,0.6488668101660325,COMPLETE,,,2.6617778443826902e-05,64.0,128.0,96.0,0.01430605053151798,,,,,,
MLP,1,task_b_source_connected_class_neutral_v6_rigorous_A2CFC6311C18_outer1_MLP,A2CFC6311C185EAA2F17BA13E733D522713F64F2850C50F6EEF6E4CE1F592221,12,0.5682389937106919,2026-08-21 01:34:36.852281,2026-08-21 01:34:41.814829,0 days 00:00:04.962548,,,,,,0,0.5619658119658121,0.5682389937106919,0.7130073959408326,3,0.502569731257513,0.47953935123702895,0.6709762186621769,COMPLETE,,,1.2896481087354183e-05,64.0,160.0,96.0,0.019509418713125042,,,,,,
MLP,1,task_b_source_connected_class_neutral_v6_rigorous_A2CFC6311C18_outer1_MLP,A2CFC6311C185EAA2F17BA13E733D522713F64F2850C50F6EEF6E4CE1F592221,13,0.6036324786324787,2026-08-21 01:34:41.959812,2026-08-21 01:34:45.630317,0 days 00:00:03.670505,,,,,,0,0.6036324786324787,0.6036324786324787,0.7026778862692176,3,0.49814791300009625,0.47918172855734475,0.6487145798207937,COMPLETE,,,0.0018680356187548393,64.0,192.0,32.0,0.007637619974030279,,,,,,
MLP,1,task_b_source_connected_class_neutral_v6_rigorous_A2CFC6311C18_outer1_MLP,A2CFC6311C185EAA2F17BA13E733D522713F64F2850C50F6EEF6E4CE1F592221,14,0.6174118129614438,2026-08-21 01:34:45.768275,2026-08-21 01:34:51.825870,0 days 00:00:06.057595,,,,,,0,0.6164529914529915,0.6174118129614438,0.7130553570956047,3,0.4815053412471404,0.4673209874333019,0.6430219889738803,COMPLETE,,,0.00018499290459586952,64.0,128.0,64.0,0.0022989867024572285,,,,,,
MLP,1,task_b_source_connected_class_neutral_v6_rigorous_A2CFC6311C18_outer1_MLP,A2CFC6311C185EAA2F17BA13E733D522713F64F2850C50F6EEF6E4CE1F592221,15,0.5964052287581699,2026-08-21 01:34:51.973566,2026-08-21 01:34:55.961244,0 days 00:00:03.987678,,,,,,0,0.6036324786324787,0.5964052287581699,0.7163233309518139,3,0.47353852524823736,0.4601880723976635,0.6254014116283457,COMPLETE,,,0.00015533340999147332,256.0,128.0,64.0,0.0023044969280556645,,,,,,
MLP,1,task_b_source_connected_class_neutral_v6_rigorous_A2CFC6311C18_outer1_MLP,A2CFC6311C185EAA2F17BA13E733D522713F64F2850C50F6EEF6E4CE1F592221,16,0.5494932272425879,2026-08-21 01:34:56.109248,2026-08-21 01:35:05.869117,0 days 00:00:09.759869,,,,,,0,0.5630341880341879,0.5494932272425879,0.7119691196316583,3,0.47437809003369313,0.45773074576782014,0.6335595583043312,COMPLETE,,,0.002824205856619223,64.0,96.0,96.0,0.000679825480990853,,,,,,
MLP,1,task_b_source_connected_class_neutral_v6_rigorous_A2CFC6311C18_outer1_MLP,A2CFC6311C185EAA2F17BA13E733D522713F64F2850C50F6EEF6E4CE1F592221,17,0.581964573268921,2026-08-21 01:35:06.025063,2026-08-21 01:35:11.060961,0 days 00:00:05.035898,,,,,,0,0.5747863247863249,0.581964573268921,0.7126468603635786,3,0.4521304741216004,0.4430100184380243,0.6281145756615668,COMPLETE,,,0.00019920848804261886,64.0,64.0,64.0,0.0022653174626930334,,,,,,
MLP,1,task_b_source_connected_class_neutral_v6_rigorous_A2CFC6311C18_outer1_MLP,A2CFC6311C185EAA2F17BA13E733D522713F64F2850C50F6EEF6E4CE1F592221,18,0.5774074074074075,2026-08-21 01:35:11.212670,2026-08-21 01:35:13.390778,0 days 00:00:02.178108,,,,,,0,0.5908119658119658,0.5774074074074075,0.6824792940118017,3,0.43994630943296587,0.41442520578945546,0.6009211620855419,COMPLETE,,,1.0998808846782994e-05,256.0,128.0,96.0,0.00906389264551457,,,,,,
MLP,1,task_b_source_connected_class_neutral_v6_rigorous_A2CFC6311C18_outer1_MLP,A2CFC6311C185EAA2F17BA13E733D522713F64F2850C50F6EEF6E4CE1F592221,19,0.6174118129614438,2026-08-21 01:35:13.599613,2026-08-21 01:35:16.429855,0 days 00:00:02.830242,,,,,,0,0.6164529914529915,0.6174118129614438,0.6881631870021963,3,0.47992316856492084,0.4682663799029331,0.6370017709097986,COMPLETE,,,0.0017605511491605873,128.0,128.0,64.0,0.003912965747846736,,,,,,
MLP,1,task_b_source_connected_class_neutral_v6_rigorous_A2CFC6311C18_outer1_MLP,A2CFC6311C185EAA2F17BA13E733D522713F64F2850C50F6EEF6E4CE1F592221,20,0.5684307167683127,2026-08-21 01:35:16.590796,2026-08-21 01:35:22.426787,0 days 00:00:05.835991,,,,,,0,0.5758547008547009,0.5684307167683127,0.7096312614114472,3,0.4745684162222168,0.46083677136008466,0.643787953507517,COMPLETE,,,0.0036025973189339447,64.0,96.0,96.0,0.0018666707715713723,,,,,,
MLP,1,task_b_source_connected_class_neutral_v6_rigorous_A2CFC6311C18_outer1_MLP,A2CFC6311C185EAA2F17BA13E733D522713F64F2850C50F6EEF6E4CE1F592221,21,0.6174118129614438,2026-08-21 01:35:22.676214,2026-08-21 01:35:25.403958,0 days 00:00:02.727744,,,,,,0,0.6164529914529915,0.6174118129614438,0.7058257918552036,3,0.48284402933281645,0.4707182981599065,0.6393092410782836,COMPLETE,,,0.0011188244955226108,128.0,128.0,64.0,0.0041159533687058995,,,,,,
MLP,1,task_b_source_connected_class_neutral_v6_rigorous_A2CFC6311C18_outer1_MLP,A2CFC6311C185EAA2F17BA13E733D522713F64F2850C50F6EEF6E4CE1F592221,22,0.6020485175202156,2026-08-21 01:35:25.613585,2026-08-21 01:35:27.732468,0 days 00:00:02.118883,,,,,,0,0.5897435897435898,0.6020485175202156,0.6908099812124581,3,0.4784053770045926,0.46757902242129284,0.634149969915445,COMPLETE,,,0.00021720507474184497,128.0,128.0,64.0,0.009887055942789515,,,,,,
MLP,1,task_b_source_connected_class_neutral_v6_rigorous_A2CFC6311C18_outer1_MLP,A2CFC6311C185EAA2F17BA13E733D522713F64F2850C50F6EEF6E4CE1F592221,23,0.5900326797385621,2026-08-21 01:35:27.884916,2026-08-21 01:35:32.281913,0 days 00:00:04.396997,,,,,,0,0.5908119658119658,0.5900326797385621,0.6907375433304227,3,0.4704746208732106,0.4556084703679191,0.6295823732437263,COMPLETE,,,0.003530790421054389,128.0,160.0,64.0,0.003428393342507507,,,,,,
MLP,1,task_b_source_connected_class_neutral_v6_rigorous_A2CFC6311C18_outer1_MLP,A2CFC6311C185EAA2F17BA13E733D522713F64F2850C50F6EEF6E4CE1F592221,24,0.6174118129614438,2026-08-21 01:35:32.437534,2026-08-21 01:35:39.797391,0 days 00:00:07.359857,,,,,,0,0.6164529914529915,0.6174118129614438,0.7266935249133392,3,0.48186261680318304,0.46425863399883305,0.6440418572295757,COMPLETE,,,0.001445801455332419,128.0,128.0,64.0,0.0010036382697009886,,,,,,
MLP,1,task_b_source_connected_class_neutral_v6_rigorous_A2CFC6311C18_outer1_MLP,A2CFC6311C185EAA2F17BA13E733D522713F64F2850C50F6EEF6E4CE1F592221,25,0.5974162240146895,2026-08-21 01:35:39.950417,2026-08-21 01:35:44.661374,0 days 00:00:04.710957,,,,,,0,0.6036324786324787,0.5974162240146895,0.7066768542774735,3,0.46882713567583795,0.45180052851137736,0.6248472526491203,COMPLETE,,,0.0003543424813542043,128.0,96.0,64.0,0.0016370747570816039,,,,,,
MLP,1,task_b_source_connected_class_neutral_v6_rigorous_A2CFC6311C18_outer1_MLP,A2CFC6311C185EAA2F17BA13E733D522713F64F2850C50F6EEF6E4CE1F592221,26,0.5696188942565754,2026-08-21 01:35:44.808450,2026-08-21 01:35:50.724212,0 days 00:00:05.915762,,,,,,0,0.5619658119658121,0.5696188942565754,0.6960033473578365,3,0.48498061097949147,0.46987734487734484,0.6258919713033567,COMPLETE,,,0.0054847524012016455,64.0,160.0,96.0,0.011362726226336443,,,,,,
MLP,1,task_b_source_connected_class_neutral_v6_rigorous_A2CFC6311C18_outer1_MLP,A2CFC6311C185EAA2F17BA13E733D522713F64F2850C50F6EEF6E4CE1F592221,27,0.6174118129614438,2026-08-21 01:35:50.868613,2026-08-21 01:36:01.351646,0 days 00:00:10.483033,,,,,,0,0.6164529914529915,0.6174118129614438,0.7168585112857558,3,0.4910847784388485,0.47416907803405356,0.6471297153635273,COMPLETE,,,0.0010257543138417731,64.0,128.0,64.0,0.000555562465970796,,,,,,
MLP,1,task_b_source_connected_class_neutral_v6_rigorous_A2CFC6311C18_outer1_MLP,A2CFC6311C185EAA2F17BA13E733D522713F64F2850C50F6EEF6E4CE1F592221,28,0.541757443718228,2026-08-21 01:36:01.494632,2026-08-21 01:36:04.714271,0 days 00:00:03.219639,,,,,,0,0.5523504273504274,0.541757443718228,0.6725566272392899,3,0.44282081901273074,0.4173641430556057,0.6002128524353355,COMPLETE,,,0.002098762597567136,256.0,192.0,64.0,0.005228342961103573,,,,,,
MLP,1,task_b_source_connected_class_neutral_v6_rigorous_A2CFC6311C18_outer1_MLP,A2CFC6311C185EAA2F17BA13E733D522713F64F2850C50F6EEF6E4CE1F592221,29,0.6036324786324787,2026-08-21 01:36:04.856097,2026-08-21 01:36:10.090870,0 days 00:00:05.234773,,,,,,0,0.6036324786324787,0.6036324786324787,0.7102841946495198,3,0.49863581358644504,0.481660249733018,0.6453558613248895,COMPLETE,,,0.005739779650477541,128.0,160.0,96.0,0.002588193345071009,,,,,,
MLP,1,task_b_source_connected_class_neutral_v6_rigorous_A2CFC6311C18_outer1_MLP,A2CFC6311C185EAA2F17BA13E733D522713F64F2850C50F6EEF6E4CE1F592221,30,0.6530398322851153,2026-08-21 01:36:10.254855,2026-08-21 01:36:14.627227,0 days 00:00:04.372372,,,,,,0,0.6442307692307693,0.6530398322851153,0.7064691328623217,3,0.47136027237710537,0.46281398202041285,0.6186465935564981,COMPLETE,,,7.86042966331718e-05,256.0,192.0,96.0,0.005815324479801222,,,,,,
MLP,1,task_b_source_connected_class_neutral_v6_rigorous_A2CFC6311C18_outer1_MLP,A2CFC6311C185EAA2F17BA13E733D522713F64F2850C50F6EEF6E4CE1F592221,31,0.6530398322851153,2026-08-21 01:36:14.793902,2026-08-21 01:36:21.642955,0 days 00:00:06.849053,,,,,,0,0.6442307692307693,0.6530398322851153,0.7033142811780583,3,0.47824549932665444,0.4599296700438053,0.6255074140635609,COMPLETE,,,9.904904585334287e-05,256.0,192.0,96.0,0.0013011361773889497,,,,,,
MLP,1,task_b_source_connected_class_neutral_v6_rigorous_A2CFC6311C18_outer1_MLP,A2CFC6311C185EAA2F17BA13E733D522713F64F2850C50F6EEF6E4CE1F592221,32,0.5814414959808967,2026-08-21 01:36:21.794540,2026-08-21 01:36:34.018828,0 days 00:00:12.224288,,,,,,0,0.5886752136752137,0.5814414959808967,0.7031247519250615,3,0.4613662501970443,0.4438516318968054,0.6051585262750244,COMPLETE,,,9.218527302248159e-05,256.0,192.0,96.0,0.0004898113582194592,,,,,,
MLP,1,task_b_source_connected_class_neutral_v6_rigorous_A2CFC6311C18_outer1_MLP,A2CFC6311C185EAA2F17BA13E733D522713F64F2850C50F6EEF6E4CE1F592221,33,0.6530398322851153,2026-08-21 01:36:34.178589,2026-08-21 01:36:40.598178,0 days 00:00:06.419589,,,,,,0,0.6442307692307693,0.6530398322851153,0.6979886083988251,3,0.4740027845438899,0.46009830145958736,0.6214534415197986,COMPLETE,,,3.6799530352650805e-05,256.0,192.0,96.0,0.0014082491138521617,,,,,,
MLP,1,task_b_source_connected_class_neutral_v6_rigorous_A2CFC6311C18_outer1_MLP,A2CFC6311C185EAA2F17BA13E733D522713F64F2850C50F6EEF6E4CE1F592221,34,0.6174118129614438,2026-08-21 01:36:40.764699,2026-08-21 01:36:48.599717,0 days 00:00:07.835018,,,,,,0,0.6164529914529915,0.6174118129614438,0.7045771479982007,3,0.47728185226108993,0.4616938958005174,0.627816725563794,COMPLETE,,,2.4871375355864713e-05,256.0,192.0,96.0,0.0013195603437341366,,,,,,
MLP,1,task_b_source_connected_class_neutral_v6_rigorous_A2CFC6311C18_outer1_MLP,A2CFC6311C185EAA2F17BA13E733D522713F64F2850C50F6EEF6E4CE1F592221,35,0.6530398322851153,2026-08-21 01:36:48.743042,2026-08-21 01:36:55.078411,0 days 00:00:06.335369,,,,,,0,0.6442307692307693,0.6530398322851153,0.705847291683205,3,0.4843857266535327,0.46559604026975115,0.6265041553676235,COMPLETE,,,4.0144577017716886e-05,256.0,192.0,96.0,0.0012855325139558265,,,,,,
MLP,1,task_b_source_connected_class_neutral_v6_rigorous_A2CFC6311C18_outer1_MLP,A2CFC6311C185EAA2F17BA13E733D522713F64F2850C50F6EEF6E4CE1F592221,36,0.5814414959808967,2026-08-21 01:36:55.240320,2026-08-21 01:37:08.281840,0 days 00:00:13.041520,,,,,,0,0.5886752136752137,0.5814414959808967,0.6952032229896007,3,0.46051546269771704,0.4438877388539347,0.5980656265422905,COMPLETE,,,4.7599486280348795e-05,256.0,192.0,96.0,0.0003701761520363323,,,,,,
MLP,1,task_b_source_connected_class_neutral_v6_rigorous_A2CFC6311C18_outer1_MLP,A2CFC6311C185EAA2F17BA13E733D522713F64F2850C50F6EEF6E4CE1F592221,37,0.5808176100628931,2026-08-21 01:37:08.429875,2026-08-21 01:37:15.426853,0 days 00:00:06.996978,,,,,,0,0.5747863247863249,0.5808176100628931,0.7034280648831732,3,0.46196581448667695,0.4484027375307038,0.6186585250080207,COMPLETE,,,1.1363720909820534e-05,256.0,192.0,96.0,0.0011037304581411609,,,,,,
MLP,1,task_b_source_connected_class_neutral_v6_rigorous_A2CFC6311C18_outer1_MLP,A2CFC6311C185EAA2F17BA13E733D522713F64F2850C50F6EEF6E4CE1F592221,38,0.5974162240146895,2026-08-21 01:37:15.572294,2026-08-21 01:37:24.142203,0 days 00:00:08.569909,,,,,,0,0.6036324786324787,0.5974162240146895,0.7071921886163373,3,0.4639298354088972,0.4496285846059597,0.6169246494755477,COMPLETE,,,2.4977187986495085e-05,256.0,192.0,96.0,0.0007899940827611218,,,,,,
MLP,1,task_b_source_connected_class_neutral_v6_rigorous_A2CFC6311C18_outer1_MLP,A2CFC6311C185EAA2F17BA13E733D522713F64F2850C50F6EEF6E4CE1F592221,39,0.6174118129614438,2026-08-21 01:37:24.291804,2026-08-21 01:37:50.755141,0 days 00:00:26.463337,,,,,,0,0.6164529914529915,0.6174118129614438,0.715381307718769,3,0.4740027845438899,0.4597760757760758,0.6361345249707984,COMPLETE,,,9.005051927699882e-05,256.0,192.0,96.0,0.00023620724546206576,,,,,,
MLP,1,task_b_source_connected_class_neutral_v6_rigorous_A2CFC6311C18_outer1_MLP,A2CFC6311C185EAA2F17BA13E733D522713F64F2850C50F6EEF6E4CE1F592221,40,0.6036324786324787,2026-08-21 01:37:50.890949,2026-08-21 01:37:57.623123,0 days 00:00:06.732174,,,,,,0,0.6036324786324787,0.6036324786324787,0.7003671509089466,3,0.4593425281166066,0.44278865667082085,0.6173935501790967,COMPLETE,,,5.263635652923596e-06,256.0,192.0,96.0,0.0015880516922875255,,,,,,
MLP,1,task_b_source_connected_class_neutral_v6_rigorous_A2CFC6311C18_outer1_MLP,A2CFC6311C185EAA2F17BA13E733D522713F64F2850C50F6EEF6E4CE1F592221,41,0.6048331966092425,2026-08-21 01:37:57.778615,2026-08-21 01:38:06.014888,0 days 00:00:08.236273,,,,,,0,0.6036324786324787,0.6048331966092425,0.7075034399724802,3,0.5024976115224707,0.48357328684143513,0.6349407645989918,COMPLETE,,,5.512597146398384e-05,256.0,160.0,96.0,0.0013182488567506719,,,,,,
MLP,1,task_b_source_connected_class_neutral_v6_rigorous_A2CFC6311C18_outer1_MLP,A2CFC6311C185EAA2F17BA13E733D522713F64F2850C50F6EEF6E4CE1F592221,42,0.6530398322851153,2026-08-21 01:38:06.165198,2026-08-21 01:38:10.488492,0 days 00:00:04.323294,,,,,,0,0.6442307692307693,0.6530398322851153,0.7144409383186473,3,0.48235051738953194,0.4702808602900184,0.6208635236334167,COMPLETE,,,3.704352794299587e-05,256.0,192.0,96.0,0.005690436162208411,,,,,,
MLP,1,task_b_source_connected_class_neutral_v6_rigorous_A2CFC6311C18_outer1_MLP,A2CFC6311C185EAA2F17BA13E733D522713F64F2850C50F6EEF6E4CE1F592221,43,0.6174118129614438,2026-08-21 01:38:10.656052,2026-08-21 01:38:15.040412,0 days 00:00:04.384360,,,,,,0,0.6164529914529915,0.6174118129614438,0.7130649493265593,3,0.47668016071524194,0.4651242288407726,0.6192064759502734,COMPLETE,,,1.7544806909563686e-05,256.0,192.0,96.0,0.005816752134999403,,,,,,
MLP,1,task_b_source_connected_class_neutral_v6_rigorous_A2CFC6311C18_outer1_MLP,A2CFC6311C185EAA2F17BA13E733D522713F64F2850C50F6EEF6E4CE1F592221,44,0.5555555555555556,2026-08-21 01:38:15.178843,2026-08-21 01:38:19.128924,0 days 00:00:03.950081,,,,,,0,0.5630341880341879,0.5555555555555556,0.6989769389537192,3,0.4323240859435888,0.414166490573926,0.6069139491835617,COMPLETE,,,3.313280939833882e-05,256.0,192.0,96.0,0.0029058715128690384,,,,,,
MLP,1,task_b_source_connected_class_neutral_v6_rigorous_A2CFC6311C18_outer1_MLP,A2CFC6311C185EAA2F17BA13E733D522713F64F2850C50F6EEF6E4CE1F592221,45,0.5808176100628931,2026-08-21 01:38:19.279160,2026-08-21 01:38:25.712518,0 days 00:00:06.433358,,,,,,0,0.5747863247863249,0.5808176100628931,0.7020084147019131,3,0.461334870293197,0.4448033802554823,0.6141870103161452,COMPLETE,,,7.28296986062372e-05,256.0,192.0,96.0,0.0017932287286658282,,,,,,
MLP,1,task_b_source_connected_class_neutral_v6_rigorous_A2CFC6311C18_outer1_MLP,A2CFC6311C185EAA2F17BA13E733D522713F64F2850C50F6EEF6E4CE1F592221,46,0.6113624937154349,2026-08-21 01:38:25.876618,2026-08-21 01:38:31.983463,0 days 00:00:06.106845,,,,,,0,0.6057692307692307,0.6113624937154349,0.7069133523854886,3,0.5073162493041715,0.48702677039941195,0.6399081303355717,COMPLETE,,,6.451858174053911e-06,256.0,160.0,96.0,0.0009974620085675338,,,,,,
MLP,1,task_b_source_connected_class_neutral_v6_rigorous_A2CFC6311C18_outer1_MLP,A2CFC6311C185EAA2F17BA13E733D522713F64F2850C50F6EEF6E4CE1F592221,47,0.6530398322851153,2026-08-21 01:38:32.132495,2026-08-21 01:38:36.407620,0 days 00:00:04.275125,,,,,,0,0.6442307692307693,0.6530398322851153,0.6995405652139398,3,0.4633461737968098,0.45181059618236913,0.6119757351196695,COMPLETE,,,0.00013363041950065603,256.0,192.0,96.0,0.007170728930771703,,,,,,
MLP,1,task_b_source_connected_class_neutral_v6_rigorous_A2CFC6311C18_outer1_MLP,A2CFC6311C185EAA2F17BA13E733D522713F64F2850C50F6EEF6E4CE1F592221,48,0.6036324786324787,2026-08-21 01:38:36.574856,2026-08-21 01:38:40.990835,0 days 00:00:04.415979,,,,,,0,0.6036324786324787,0.6036324786324787,0.6809071604350243,3,0.5108341216542414,0.4851948024801566,0.6327247990425803,COMPLETE,,,0.0003015753055704645,256.0,160.0,96.0,0.00480237807294673,,,,,,
MLP,1,task_b_source_connected_class_neutral_v6_rigorous_A2CFC6311C18_outer1_MLP,A2CFC6311C185EAA2F17BA13E733D522713F64F2850C50F6EEF6E4CE1F592221,49,0.5908119658119658,2026-08-21 01:38:41.151797,2026-08-21 01:38:54.773176,0 days 00:00:13.621379,,,,,,0,0.5908119658119658,0.5908119658119658,0.7132319864518006,3,0.49765440105681175,0.47867762106483225,0.6370109307382649,COMPLETE,,,4.0477763604805003e-05,256.0,160.0,96.0,0.0006223382845321132,,,,,,
MLP,1,task_b_source_connected_class_neutral_v6_rigorous_A2CFC6311C18_outer1_MLP,A2CFC6311C185EAA2F17BA13E733D522713F64F2850C50F6EEF6E4CE1F592221,50,0.5447139588100686,2026-08-21 01:38:54.935598,2026-08-21 01:39:01.595537,0 days 00:00:06.659939,,,,,,0,0.5630341880341879,0.5447139588100686,0.6897955200973778,3,0.45987209992741224,0.445695187114655,0.6048767704877748,COMPLETE,,,0.00011237541020461369,256.0,192.0,32.0,0.0008212314288348379,,,,,,
MLP,1,task_b_source_connected_class_neutral_v6_rigorous_A2CFC6311C18_outer1_MLP,A2CFC6311C185EAA2F17BA13E733D522713F64F2850C50F6EEF6E4CE1F592221,51,0.5974162240146895,2026-08-21 01:39:01.749424,2026-08-21 01:39:39.356267,0 days 00:00:37.606843,,,,,,1,0.6036324786324787,0.5974162240146895,0.708069712365378,3,0.4748062894618245,0.4592671642447062,0.6235850325214761,COMPLETE,,,0.00011357515229337599,256.0,192.0,96.0,0.00010232685862910093,,,,,,
MLP,1,task_b_source_connected_class_neutral_v6_rigorous_A2CFC6311C18_outer1_MLP,A2CFC6311C185EAA2F17BA13E733D522713F64F2850C50F6EEF6E4CE1F592221,52,0.6530398322851153,2026-08-21 01:39:39.522099,2026-08-21 01:39:43.659484,0 days 00:00:04.137385,,,,,,0,0.6442307692307693,0.6530398322851153,0.6993430975629118,3,0.47475219966054283,0.46166061625622806,0.617170180318181,COMPLETE,,,6.116275712224133e-05,256.0,192.0,96.0,0.006401629779346479,,,,,,
MLP,1,task_b_source_connected_class_neutral_v6_rigorous_A2CFC6311C18_outer1_MLP,A2CFC6311C185EAA2F17BA13E733D522713F64F2850C50F6EEF6E4CE1F592221,53,0.5808176100628931,2026-08-21 01:39:43.808372,2026-08-21 01:39:47.326949,0 days 00:00:03.518577,,,,,,0,0.5747863247863249,0.5808176100628931,0.677468180254558,3,0.44955353893966077,0.43964973314200123,0.606339833744719,COMPLETE,,,0.00013567501840551675,256.0,192.0,96.0,0.007765605132215264,,,,,,
MLP,1,task_b_source_connected_class_neutral_v6_rigorous_A2CFC6311C18_outer1_MLP,A2CFC6311C185EAA2F17BA13E733D522713F64F2850C50F6EEF6E4CE1F592221,54,0.5543489190548014,2026-08-21 01:39:47.485410,2026-08-21 01:39:50.357135,0 days 00:00:02.871725,,,,,,0,0.5491452991452991,0.5543489190548014,0.6741787065703474,3,0.43500707347187656,0.4210593486586755,0.6003445910583581,COMPLETE,,,1.7259286980368836e-05,256.0,192.0,96.0,0.013998288102522804,,,,,,
MLP,1,task_b_source_connected_class_neutral_v6_rigorous_A2CFC6311C18_outer1_MLP,A2CFC6311C185EAA2F17BA13E733D522713F64F2850C50F6EEF6E4CE1F592221,55,0.5808176100628931,2026-08-21 01:39:50.498643,2026-08-21 01:39:56.443352,0 days 00:00:05.944709,,,,,,0,0.5747863247863249,0.5808176100628931,0.714872588711598,3,0.4653689644839856,0.44923567134759823,0.624489503921428,COMPLETE,,,3.3791944313434254e-05,256.0,192.0,96.0,0.0019478590578101058,,,,,,
MLP,1,task_b_source_connected_class_neutral_v6_rigorous_A2CFC6311C18_outer1_MLP,A2CFC6311C185EAA2F17BA13E733D522713F64F2850C50F6EEF6E4CE1F592221,56,0.5496031746031745,2026-08-21 01:39:56.593614,2026-08-21 01:40:01.433268,0 days 00:00:04.839654,,,,,,0,0.5523504273504274,0.5496031746031745,0.6836131618639358,3,0.4533027417791407,0.4368012748316184,0.6178975845208285,COMPLETE,,,0.0005530702894298588,256.0,192.0,96.0,0.003092986165963158,,,,,,
MLP,1,task_b_source_connected_class_neutral_v6_rigorous_A2CFC6311C18_outer1_MLP,A2CFC6311C185EAA2F17BA13E733D522713F64F2850C50F6EEF6E4CE1F592221,57,0.6036324786324787,2026-08-21 01:40:01.579369,2026-08-21 01:40:04.575317,0 days 00:00:02.995948,,,,,,0,0.6036324786324787,0.6036324786324787,0.7013075203090683,3,0.4963032943943108,0.477761835002182,0.6385850923421882,COMPLETE,,,7.015812338689836e-05,256.0,160.0,96.0,0.007567364800105429,,,,,,
MLP,1,task_b_source_connected_class_neutral_v6_rigorous_A2CFC6311C18_outer1_MLP,A2CFC6311C185EAA2F17BA13E733D522713F64F2850C50F6EEF6E4CE1F592221,58,0.6102367368352023,2026-08-21 01:40:04.714901,2026-08-21 01:40:09.708376,0 days 00:00:04.993475,,,,,,0,0.6164529914529915,0.6102367368352023,0.7107158450424705,3,0.45477325075807656,0.4336958954492293,0.6135057393173289,COMPLETE,,,0.00025622531933348875,256.0,192.0,96.0,0.0039013847421952,,,,,,
MLP,1,task_b_source_connected_class_neutral_v6_rigorous_A2CFC6311C18_outer1_MLP,A2CFC6311C185EAA2F17BA13E733D522713F64F2850C50F6EEF6E4CE1F592221,59,0.6297712418300653,2026-08-21 01:40:09.873098,2026-08-21 01:40:13.545461,0 days 00:00:03.672363,,,,,,0,0.6314102564102564,0.6297712418300653,0.6861223571749887,3,0.45427293159490273,0.43487115610790017,0.6146038136105588,COMPLETE,,,6.410475443573908e-06,256.0,192.0,96.0,0.014045093414806167,,,,,,
XGBoost,1,task_b_source_connected_class_neutral_v6_rigorous_A2CFC6311C18_outer1_XGBoost,A2CFC6311C185EAA2F17BA13E733D522713F64F2850C50F6EEF6E4CE1F592221,0,0.5179738562091504,2026-08-21 01:40:16.311893,2026-08-21 01:40:20.008147,0 days 00:00:03.696254,7.0,,,,412.0,0,0.5202991452991453,0.5179738562091504,0.719526805324019,3,0.4746765958247801,0.4549226283920162,0.6979530353630028,COMPLETE,,1.8259279005520648,,,,,,0.638413992169557,0.02619816527393335,1.0565695068782108,0.013198674669899135,0.0022876374443738124,0.6228483005670107
XGBoost,1,task_b_source_connected_class_neutral_v6_rigorous_A2CFC6311C18_outer1_XGBoost,A2CFC6311C185EAA2F17BA13E733D522713F64F2850C50F6EEF6E4CE1F592221,1,0.5545135928767642,2026-08-21 01:40:20.172613,2026-08-21 01:40:24.795348,0 days 00:00:04.622735,7.0,,,,468.0,0,0.5619658119658121,0.5545135928767642,0.7133117011986981,3,0.5089307332835004,0.48214142966252077,0.7068111400295106,COMPLETE,,1.2865438548563586,,,,,,0.6748925817327145,0.018774196173930963,1.344037699756415,0.002035772125617264,3.7370291123439148,0.7749230075153335
XGBoost,1,task_b_source_connected_class_neutral_v6_rigorous_A2CFC6311C18_outer1_XGBoost,A2CFC6311C185EAA2F17BA13E733D522713F64F2850C50F6EEF6E4CE1F592221,2,0.5564921620822242,2026-08-21 01:40:24.959559,2026-08-21 01:40:26.109710,0 days 00:00:01.150151,6.0,,,,150.0,0,0.577991452991453,0.5564921620822242,0.7277278320234976,3,0.5164220672728795,0.48716468090735576,0.7168649701833906,COMPLETE,,2.24756914730874,,,,,,0.5541052162894882,0.11981698968281296,5.788088368471867,0.6032201132991754,0.16529627337110905,0.7378019401177824
XGBoost,1,task_b_source_connected_class_neutral_v6_rigorous_A2CFC6311C18_outer1_XGBoost,A2CFC6311C185EAA2F17BA13E733D522713F64F2850C50F6EEF6E4CE1F592221,3,0.5321794871794872,2026-08-21 01:40:26.284169,2026-08-21 01:40:28.905269,0 days 00:00:02.621100,8.0,,,,481.0,0,0.5352564102564102,0.5321794871794872,0.7176834431478394,3,0.47048703945003556,0.45214027748908747,0.6957299016448032,COMPLETE,,1.1395746616076228,,,,,,0.6071055114818663,0.054881420702352,13.045308437444914,0.7180793495804215,0.001465885433317118,0.9465275975574974
XGBoost,1,task_b_source_connected_class_neutral_v6_rigorous_A2CFC6311C18_outer1_XGBoost,A2CFC6311C185EAA2F17BA13E733D522713F64F2850C50F6EEF6E4CE1F592221,4,0.5551656920077973,2026-08-21 01:40:29.050531,2026-08-21 01:40:31.371501,0 days 00:00:02.320970,3.0,,,,344.0,0,0.5598290598290597,0.5551656920077973,0.7422140853642402,3,0.4907713013634781,0.4724499514955043,0.7036844295612602,COMPLETE,,0.5792832066801091,,,,,,0.7121108332631374,0.048033417924458914,1.1166038649266612,1.0453046554224609e-06,0.11555370579042012,0.6562450183412529
XGBoost,1,task_b_source_connected_class_neutral_v6_rigorous_A2CFC6311C18_outer1_XGBoost,A2CFC6311C185EAA2F17BA13E733D522713F64F2850C50F6EEF6E4CE1F592221,5,0.5386117467581998,2026-08-21 01:40:31.522429,2026-08-21 01:40:33.633499,0 days 00:00:02.111070,3.0,,,,250.0,0,0.5491452991452991,0.5386117467581998,0.727819454367442,3,0.5346163631974693,0.5009038952925814,0.7275727898870414,COMPLETE,,0.990141707615318,,,,,,0.6785067036199071,0.019035741282313685,4.282971395779665,1.4044982356208109,0.0015409450065520887,0.9051402702682994
XGBoost,1,task_b_source_connected_class_neutral_v6_rigorous_A2CFC6311C18_outer1_XGBoost,A2CFC6311C185EAA2F17BA13E733D522713F64F2850C50F6EEF6E4CE1F592221,6,0.519036519036519,2026-08-21 01:40:33.792410,2026-08-21 01:40:36.510085,0 days 00:00:02.717675,7.0,,,,469.0,0,0.5202991452991453,0.519036519036519,0.7258216241962373,3,0.46540034438783295,0.4478153134869553,0.6903982145575879,COMPLETE,,1.170409685429441,,,,,,0.9903148029401267,0.10154192903912926,2.1731129421102695,0.0002608182634279721,0.07508167271902774,0.6254564544997657
XGBoost,1,task_b_source_connected_class_neutral_v6_rigorous_A2CFC6311C18_outer1_XGBoost,A2CFC6311C185EAA2F17BA13E733D522713F64F2850C50F6EEF6E4CE1F592221,7,0.48999934421929314,2026-08-21 01:40:36.666096,2026-08-21 01:40:40.062170,0 days 00:00:03.396074,7.0,,,,383.0,0,0.49252136752136755,0.48999934421929314,0.721635442301077,3,0.48260174059922645,0.4621946324017589,0.7010228721214342,COMPLETE,,1.566547627896033,,,,,,0.584086158361562,0.020605465707998486,1.4160821313049978,0.0008015377326967237,0.00931934039176877,0.6928715379649192
XGBoost,1,task_b_source_connected_class_neutral_v6_rigorous_A2CFC6311C18_outer1_XGBoost,A2CFC6311C185EAA2F17BA13E733D522713F64F2850C50F6EEF6E4CE1F592221,8,0.504313725490196,2026-08-21 01:40:40.224350,2026-08-21 01:40:43.389096,0 days 00:00:03.164746,5.0,,,,485.0,0,0.5074786324786325,0.504313725490196,0.7141359715276124,3,0.5104351748737419,0.48424879506958796,0.7126171916471346,COMPLETE,,1.2191957510179114,,,,,,0.7304795442713661,0.0276853932150254,5.048265356703152,2.389567109648629,1.2438275506760248,0.7972444486005159
XGBoost,1,task_b_source_connected_class_neutral_v6_rigorous_A2CFC6311C18_outer1_XGBoost,A2CFC6311C185EAA2F17BA13E733D522713F64F2850C50F6EEF6E4CE1F592221,9,0.504313725490196,2026-08-21 01:40:43.526406,2026-08-21 01:40:45.240707,0 days 00:00:01.714301,4.0,,,,308.0,0,0.5074786324786325,0.504313725490196,0.7281905744754043,3,0.4885448345176919,0.4696643332271544,0.7108756332510534,COMPLETE,,2.1828765028845694,,,,,,0.644589772001233,0.0639626470775205,8.027155177788106,5.0480888356767445e-05,0.004106794225899144,0.9269656921236913
XGBoost,1,task_b_source_connected_class_neutral_v6_rigorous_A2CFC6311C18_outer1_XGBoost,A2CFC6311C185EAA2F17BA13E733D522713F64F2850C50F6EEF6E4CE1F592221,10,0.5545135928767642,2026-08-21 01:40:45.404242,2026-08-21 01:40:46.484912,0 days 00:00:01.080670,5.0,,,,151.0,0,0.5619658119658121,0.5545135928767642,0.7181700007938399,3,0.5001536051467733,0.48013763623130995,0.7082426658697457,COMPLETE,,2.952754017094819,,,,,,0.8383164530859936,0.14848899216237887,2.712160471838424,0.0565496833873888,0.2843749527993721,0.7144947303432398
XGBoost,1,task_b_source_connected_class_neutral_v6_rigorous_A2CFC6311C18_outer1_XGBoost,A2CFC6311C185EAA2F17BA13E733D522713F64F2850C50F6EEF6E4CE1F592221,11,0.5530864197530864,2026-08-21 01:40:46.631654,2026-08-21 01:40:48.069307,0 days 00:00:01.437653,3.0,,,,154.0,0,0.5598290598290597,0.5530864197530864,0.7387582360879575,3,0.4937991458709836,0.4773719344179143,0.710627256539035,COMPLETE,,0.05308995619843382,,,,,,0.8160259136610031,0.08653588852292274,6.350359114086773,2.7073606481390994e-06,0.049167486579538344,0.7099060188408494
XGBoost,1,task_b_source_connected_class_neutral_v6_rigorous_A2CFC6311C18_outer1_XGBoost,A2CFC6311C185EAA2F17BA13E733D522713F64F2850C50F6EEF6E4CE1F592221,12,0.5788513150831992,2026-08-21 01:40:48.232270,2026-08-21 01:40:50.751012,0 days 00:00:02.518742,6.0,,,,242.0,0,0.5737179487179488,0.5788513150831992,0.7313765182186235,3,0.508400897003003,0.4894720298748982,0.7020466932317095,COMPLETE,,0.34312132150066965,,,,,,0.5604673443387667,0.0420073903609473,2.760078539052359,1.6140585474941828e-06,0.34230173276960457,0.8473483361601628
XGBoost,1,task_b_source_connected_class_neutral_v6_rigorous_A2CFC6311C18_outer1_XGBoost,A2CFC6311C185EAA2F17BA13E733D522713F64F2850C50F6EEF6E4CE1F592221,13,0.504313725490196,2026-08-21 01:40:50.916613,2026-08-21 01:40:52.864805,0 days 00:00:01.948192,6.0,,,,219.0,0,0.5074786324786325,0.504313725490196,0.7055757323172184,3,0.5074962841720857,0.48289268914311334,0.7075455956939048,COMPLETE,,2.341166579272282,,,,,,0.560114539842893,0.03393256777346749,2.701934924734619,1.9210387947095903e-05,0.5360405917493253,0.8705568983166484
XGBoost,1,task_b_source_connected_class_neutral_v6_rigorous_A2CFC6311C18_outer1_XGBoost,A2CFC6311C185EAA2F17BA13E733D522713F64F2850C50F6EEF6E4CE1F592221,14,0.5166666666666667,2026-08-21 01:40:53.020631,2026-08-21 01:40:55.672379,0 days 00:00:02.651748,6.0,,,,219.0,0,0.5202991452991453,0.5166666666666667,0.7249232621523642,3,0.4819583778289216,0.4633123987229572,0.7057586254712388,COMPLETE,,0.011868097015094059,,,,,,0.9084873230879119,0.03605457096814755,11.054658857086402,0.056569754537667216,8.571589394605734,0.8462183240181689
XGBoost,1,task_b_source_connected_class_neutral_v6_rigorous_A2CFC6311C18_outer1_XGBoost,A2CFC6311C185EAA2F17BA13E733D522713F64F2850C50F6EEF6E4CE1F592221,15,0.48905000596729914,2026-08-21 01:40:55.857475,2026-08-21 01:40:57.412684,0 days 00:00:01.555209,5.0,,,,273.0,0,0.4946581196581197,0.48905000596729914,0.7292050355904846,3,0.5013380269114469,0.4768991813854062,0.7189241195230277,COMPLETE,,2.842857058600279,,,,,,0.5561559874625229,0.07667887363778006,3.1887697683799194,0.16474722037810943,0.021727506406956955,0.7506385089799904
XGBoost,1,task_b_source_connected_class_neutral_v6_rigorous_A2CFC6311C18_outer1_XGBoost,A2CFC6311C185EAA2F17BA13E733D522713F64F2850C50F6EEF6E4CE1F592221,16,0.5263532763532763,2026-08-21 01:40:57.615085,2026-08-21 01:40:58.943327,0 days 00:00:01.328242,6.0,,,,190.0,0,0.5363247863247863,0.5263532763532763,0.7265350877192982,3,0.4583079571789533,0.44144460092308657,0.6800909932366687,COMPLETE,,0.5971956888953897,,,,,,0.7621841077677165,0.1467776761657359,16.921090173603112,0.006474479532145451,1.1392814542853194,0.9885343276911032
XGBoost,1,task_b_source_connected_class_neutral_v6_rigorous_A2CFC6311C18_outer1_XGBoost,A2CFC6311C185EAA2F17BA13E733D522713F64F2850C50F6EEF6E4CE1F592221,17,0.5357744107744108,2026-08-21 01:40:59.098717,2026-08-21 01:41:00.668776,0 days 00:00:01.570059,8.0,,,,279.0,0,0.5331196581196581,0.5357744107744108,0.7162254240427615,3,0.471439199332037,0.4527485380093312,0.7017521475254741,COMPLETE,,2.1607386068974686,,,,,,0.620338878843894,0.11158941125725486,7.749610791213917,1.5024195536334409e-05,0.19812898118567063,0.8343706032624474
XGBoost,1,task_b_source_connected_class_neutral_v6_rigorous_A2CFC6311C18_outer1_XGBoost,A2CFC6311C185EAA2F17BA13E733D522713F64F2850C50F6EEF6E4CE1F592221,18,0.5231588287488909,2026-08-21 01:41:00.824039,2026-08-21 01:41:02.358395,0 days 00:00:01.534356,4.0,,,,187.0,0,0.5363247863247863,0.5231588287488909,0.7190905241988833,3,0.5044323797970591,0.47778430210074374,0.7182815349939643,COMPLETE,,2.5453672614559992,,,,,,0.5502343607659158,0.040135038942639714,1.915736917246473,0.0005532669396765582,0.03015144113547213,0.7589348375644054
XGBoost,1,task_b_source_connected_class_neutral_v6_rigorous_A2CFC6311C18_outer1_XGBoost,A2CFC6311C185EAA2F17BA13E733D522713F64F2850C50F6EEF6E4CE1F592221,19,0.4904315070796758,2026-08-21 01:41:02.531676,2026-08-21 01:41:04.134243,0 days 00:00:01.602567,6.0,,,,227.0,0,0.49252136752136755,0.4904315070796758,0.7188014342039111,3,0.48376132521025017,0.4648424967157086,0.7041960598186158,COMPLETE,,1.8558284148689457,,,,,,0.8842746842611348,0.06946561240245631,3.8610397398762353,0.00011851905459042016,0.6395271465572612,0.8144540744645987
XGBoost,1,task_b_source_connected_class_neutral_v6_rigorous_A2CFC6311C18_outer1_XGBoost,A2CFC6311C185EAA2F17BA13E733D522713F64F2850C50F6EEF6E4CE1F592221,20,0.5179738562091504,2026-08-21 01:41:04.334925,2026-08-21 01:41:06.461508,0 days 00:00:02.126583,4.0,,,,323.0,0,0.5202991452991453,0.5179738562091504,0.7277255166574051,3,0.5054069851068033,0.486616267643229,0.7127803453698007,COMPLETE,,0.561297066441326,,,,,,0.6920429947548317,0.055692705339593564,5.762214198439247,0.3042194327987567,2.564218676515374,0.8931507375965655
XGBoost,1,task_b_source_connected_class_neutral_v6_rigorous_A2CFC6311C18_outer1_XGBoost,A2CFC6311C185EAA2F17BA13E733D522713F64F2850C50F6EEF6E4CE1F592221,21,0.5784231200897868,2026-08-21 01:41:06.607647,2026-08-21 01:41:09.523202,0 days 00:00:02.915555,5.0,,,,367.0,0,0.5737179487179488,0.5784231200897868,0.7337120610727421,3,0.47983514615233336,0.4640889682413234,0.6968183180024567,COMPLETE,,0.4345935081962985,,,,,,0.7370775206359494,0.044369862978624316,1.804313964809615,1.0167820749194872e-06,0.15750776907133102,0.6626823434946657
XGBoost,1,task_b_source_connected_class_neutral_v6_rigorous_A2CFC6311C18_outer1_XGBoost,A2CFC6311C185EAA2F17BA13E733D522713F64F2850C50F6EEF6E4CE1F592221,22,0.5370370370370371,2026-08-21 01:41:09.700785,2026-08-21 01:41:12.618319,0 days 00:00:02.917534,5.0,,,,378.0,0,0.5331196581196581,0.5370370370370371,0.738748643857003,3,0.474301290334977,0.45788080930591546,0.6954051824987109,COMPLETE,,0.7970071796201917,,,,,,0.76866879243215,0.041363339771382006,1.883252131560514,2.3198508457785316e-06,0.1726415374783377,0.6796167945324934
XGBoost,1,task_b_source_connected_class_neutral_v6_rigorous_A2CFC6311C18_outer1_XGBoost,A2CFC6311C185EAA2F17BA13E733D522713F64F2850C50F6EEF6E4CE1F592221,23,0.5869047619047619,2026-08-21 01:41:12.781933,2026-08-21 01:41:16.627886,0 days 00:00:03.845953,6.0,,,,355.0,0,0.5737179487179488,0.5869047619047619,0.7392669550951285,3,0.49333488657533103,0.4779619314674131,0.702580360215503,COMPLETE,,0.22212191205519816,,,,,,0.610892141211905,0.029452135444842847,3.3490723756007372,1.175759043487611e-05,0.44770821075817346,0.7341874466426779
XGBoost,1,task_b_source_connected_class_neutral_v6_rigorous_A2CFC6311C18_outer1_XGBoost,A2CFC6311C185EAA2F17BA13E733D522713F64F2850C50F6EEF6E4CE1F592221,24,0.5740740740740741,2026-08-21 01:41:16.783293,2026-08-21 01:41:20.582312,0 days 00:00:03.799019,5.0,,,,356.0,0,0.5747863247863249,0.5740740740740741,0.7402695086131619,3,0.5018324702479934,0.4818272344433097,0.6999920741858178,COMPLETE,,0.2871022142223446,,,,,,0.6501299065450903,0.028167199715857377,2.311574339366988,7.085996381864291e-06,0.4196634835365099,0.6578969898872811
XGBoost,1,task_b_source_connected_class_neutral_v6_rigorous_A2CFC6311C18_outer1_XGBoost,A2CFC6311C185EAA2F17BA13E733D522713F64F2850C50F6EEF6E4CE1F592221,25,0.5503968253968253,2026-08-21 01:41:20.751737,2026-08-21 01:41:24.150741,0 days 00:00:03.399004,4.0,,,,413.0,0,0.5459401709401709,0.5503968253968253,0.7428240189463099,3,0.5018741414724501,0.48200719621734817,0.7090095638270032,COMPLETE,,0.30114171655138694,,,,,,0.6039812595198346,0.03344916833603672,3.4870810788036057,1.0762273511940984e-06,1.2351328422263483,0.7958245287938914
XGBoost,1,task_b_source_connected_class_neutral_v6_rigorous_A2CFC6311C18_outer1_XGBoost,A2CFC6311C185EAA2F17BA13E733D522713F64F2850C50F6EEF6E4CE1F592221,26,0.5388591800356507,2026-08-21 01:41:24.321178,2026-08-21 01:41:28.575298,0 days 00:00:04.254120,6.0,,,,303.0,0,0.5331196581196581,0.5388591800356507,0.7378281204519594,3,0.47817524237813586,0.4628288823662661,0.6947194833598784,COMPLETE,,0.22693074777451688,,,,,,0.7347665268171522,0.022244106641558747,1.7099727560938,7.1088019670746935e-06,0.05085471162703315,0.6022066044098229
XGBoost,1,task_b_source_connected_class_neutral_v6_rigorous_A2CFC6311C18_outer1_XGBoost,A2CFC6311C185EAA2F17BA13E733D522713F64F2850C50F6EEF6E4CE1F592221,27,0.51898485146567,2026-08-21 01:41:28.738301,2026-08-21 01:41:33.812075,0 days 00:00:05.073774,7.0,,,,437.0,0,0.5202991452991453,0.51898485146567,0.728552102352412,3,0.4763296923790885,0.45993616065276033,0.6969150191800457,COMPLETE,,0.816387183814349,,,,,,0.820600079900989,0.015491840435074991,3.0736703651082733,2.8966670258996258e-05,0.017488446180038184,0.7327813888861169
XGBoost,1,task_b_source_connected_class_neutral_v6_rigorous_A2CFC6311C18_outer1_XGBoost,A2CFC6311C185EAA2F17BA13E733D522713F64F2850C50F6EEF6E4CE1F592221,28,0.6074074074074073,2026-08-21 01:41:33.979368,2026-08-21 01:41:37.027367,0 days 00:00:03.047999,5.0,,,,357.0,0,0.6025641025641025,0.6074074074074073,0.734271056600778,3,0.5078657138352617,0.484855576239753,0.7019331863550561,COMPLETE,,0.35109269818132327,,,,,,0.5882603443463285,0.0452408319917732,1.5299521331090336,4.76858627197487e-06,2.4757598346037715,0.6642914845840688
XGBoost,1,task_b_source_connected_class_neutral_v6_rigorous_A2CFC6311C18_outer1_XGBoost,A2CFC6311C185EAA2F17BA13E733D522713F64F2850C50F6EEF6E4CE1F592221,29,0.6186946868061418,2026-08-21 01:41:37.211899,2026-08-21 01:41:40.894436,0 days 00:00:03.682537,6.0,,,,410.0,0,0.6314102564102564,0.6186946868061418,0.727156928898415,3,0.5234367233897812,0.4940071168266496,0.7134993704957724,COMPLETE,,0.836257199948693,,,,,,0.5900986137540862,0.03032391150613526,1.3772892296610213,5.735413292046535e-06,11.640869150403521,0.6351852557598981
XGBoost,1,task_b_source_connected_class_neutral_v6_rigorous_A2CFC6311C18_outer1_XGBoost,A2CFC6311C185EAA2F17BA13E733D522713F64F2850C50F6EEF6E4CE1F592221,30,0.6186946868061418,2026-08-21 01:41:41.049584,2026-08-21 01:41:45.297136,0 days 00:00:04.247552,8.0,,,,410.0,0,0.6314102564102564,0.6186946868061418,0.7229588394062079,3,0.5247281288940647,0.49289393896643735,0.7140634119219308,COMPLETE,,0.8122180229683506,,,,,,0.6355885819295073,0.023390133525335973,1.191324985228097,7.433851854190494e-05,11.573391142622848,0.6275569784724471
XGBoost,1,task_b_source_connected_class_neutral_v6_rigorous_A2CFC6311C18_outer1_XGBoost,A2CFC6311C185EAA2F17BA13E733D522713F64F2850C50F6EEF6E4CE1F592221,31,0.583499100123141,2026-08-21 01:41:45.466873,2026-08-21 01:41:49.847674,0 days 00:00:04.380801,8.0,,,,407.0,0,0.5897435897435898,0.583499100123141,0.7240649228652325,3,0.5216461945852774,0.48895627407542436,0.7127307528979147,COMPLETE,,0.8421481526503329,,,,,,0.6269861986059907,0.024010360189794615,1.060794242359283,8.188707985183063e-05,11.269438259918012,0.6320329248913176
XGBoost,1,task_b_source_connected_class_neutral_v6_rigorous_A2CFC6311C18_outer1_XGBoost,A2CFC6311C185EAA2F17BA13E733D522713F64F2850C50F6EEF6E4CE1F592221,32,0.583499100123141,2026-08-21 01:41:50.030790,2026-08-21 01:41:53.943791,0 days 00:00:03.913001,7.0,,,,422.0,0,0.5897435897435898,0.583499100123141,0.7252530364372469,3,0.520420101596147,0.49186154725696923,0.7056659311263971,COMPLETE,,0.6646087593217115,,,,,,0.5910588652572095,0.029087976689583392,1.3377275034645157,5.264266229666941e-06,4.208945740234664,0.604432604431288
XGBoost,1,task_b_source_connected_class_neutral_v6_rigorous_A2CFC6311C18_outer1_XGBoost,A2CFC6311C185EAA2F17BA13E733D522713F64F2850C50F6EEF6E4CE1F592221,33,0.5231588287488909,2026-08-21 01:41:54.121809,2026-08-21 01:41:58.525934,0 days 00:00:04.404125,8.0,,,,442.0,0,0.5363247863247863,0.5231588287488909,0.7129478579555979,3,0.5193373166838394,0.4873763532431612,0.7121035404756828,COMPLETE,,1.6301667679784702,,,,,,0.655955551803868,0.015582496804140639,1.4118825921684413,1.2932330273638646e-05,6.178998025955299,0.6413900930217341
XGBoost,1,task_b_source_connected_class_neutral_v6_rigorous_A2CFC6311C18_outer1_XGBoost,A2CFC6311C185EAA2F17BA13E733D522713F64F2850C50F6EEF6E4CE1F592221,34,0.548076923076923,2026-08-21 01:41:58.697879,2026-08-21 01:42:02.067856,0 days 00:00:03.369977,7.0,,,,399.0,0,0.548076923076923,0.548076923076923,0.7212428223651134,3,0.4963346742981581,0.4736613767931992,0.6999790891878508,COMPLETE,,0.9482265648416719,,,,,,0.5837341413521008,0.03203798686953367,1.004526116923916,4.794019319956653e-05,2.590546591809395,0.695146184131512
XGBoost,1,task_b_source_connected_class_neutral_v6_rigorous_A2CFC6311C18_outer1_XGBoost,A2CFC6311C185EAA2F17BA13E733D522713F64F2850C50F6EEF6E4CE1F592221,35,0.5033333333333333,2026-08-21 01:42:02.252778,2026-08-21 01:42:05.729940,0 days 00:00:03.477162,6.0,,,,390.0,0,0.5074786324786325,0.5033333333333333,0.7149648725887116,3,0.5062353271783877,0.4789833846444007,0.7079592388056305,COMPLETE,,1.3616712311694648,,,,,,0.6673096617667192,0.023446016361164827,1.185479439784243,0.00024406690912735768,5.108179594524447,0.6743265331440316
XGBoost,1,task_b_source_connected_class_neutral_v6_rigorous_A2CFC6311C18_outer1_XGBoost,A2CFC6311C185EAA2F17BA13E733D522713F64F2850C50F6EEF6E4CE1F592221,36,0.5710292502745333,2026-08-21 01:42:05.897899,2026-08-21 01:42:08.751460,0 days 00:00:02.853561,7.0,,,,346.0,0,0.5747863247863249,0.5710292502745333,0.7359893890079648,3,0.5048671219753881,0.4822135259826323,0.6993274577346494,COMPLETE,,0.4427771331004235,,,,,,0.6265823403781161,0.05073920907164981,1.5054121691005846,4.415138572338318e-06,2.2503604935863035,0.6472337133200615
XGBoost,1,task_b_source_connected_class_neutral_v6_rigorous_A2CFC6311C18_outer1_XGBoost,A2CFC6311C185EAA2F17BA13E733D522713F64F2850C50F6EEF6E4CE1F592221,37,0.5863765863765864,2026-08-21 01:42:08.933522,2026-08-21 01:42:15.428376,0 days 00:00:06.494854,8.0,,,,447.0,0,0.5897435897435898,0.5863765863765864,0.7312418962186764,3,0.5226332184718465,0.49586330270126483,0.7128160805845161,COMPLETE,,0.14093676441047556,,,,,,0.6960663197290077,0.01798870007617111,2.274177751069619,0.0026718231075796113,8.628342410554838,0.7260140858216317
XGBoost,1,task_b_source_connected_class_neutral_v6_rigorous_A2CFC6311C18_outer1_XGBoost,A2CFC6311C185EAA2F17BA13E733D522713F64F2850C50F6EEF6E4CE1F592221,38,0.5901966656683638,2026-08-21 01:42:15.599498,2026-08-21 01:42:18.899597,0 days 00:00:03.300099,5.0,,,,362.0,0,0.5897435897435898,0.5901966656683638,0.7173219152708317,3,0.5147024623404646,0.48562946183682126,0.703779156859529,COMPLETE,,1.0685707438812109,,,,,,0.5963965725003241,0.026244711545120585,1.213593910143577,0.00018344131023325213,2.047607373998186,0.6170845650630541
XGBoost,1,task_b_source_connected_class_neutral_v6_rigorous_A2CFC6311C18_outer1_XGBoost,A2CFC6311C185EAA2F17BA13E733D522713F64F2850C50F6EEF6E4CE1F592221,39,0.583499100123141,2026-08-21 01:42:19.042859,2026-08-21 01:42:21.915992,0 days 00:00:02.873133,4.0,,,,329.0,0,0.5897435897435898,0.583499100123141,0.7264530576063084,3,0.513345744321028,0.4847415805653792,0.7102415882443868,COMPLETE,,1.0767969146957994,,,,,,0.5819545563602925,0.02447381907816889,1.2304871797701797,0.0009293393784119354,1.9321879523477983,0.6165090608982607
XGBoost,1,task_b_source_connected_class_neutral_v6_rigorous_A2CFC6311C18_outer1_XGBoost,A2CFC6311C185EAA2F17BA13E733D522713F64F2850C50F6EEF6E4CE1F592221,40,0.5386117467581998,2026-08-21 01:42:22.076055,2026-08-21 01:42:25.933674,0 days 00:00:03.857619,5.0,,,,464.0,0,0.5491452991452991,0.5386117467581998,0.7244383583392872,3,0.5203728190147544,0.48970600383574797,0.7098846944041896,COMPLETE,,1.4248107925339943,,,,,,0.677973090368441,0.021028983111258805,1.6097309431918483,0.00019005605174702357,3.8804262549361743,0.6331849127403955
XGBoost,1,task_b_source_connected_class_neutral_v6_rigorous_A2CFC6311C18_outer1_XGBoost,A2CFC6311C185EAA2F17BA13E733D522713F64F2850C50F6EEF6E4CE1F592221,41,0.5871860449865566,2026-08-21 01:42:26.103862,2026-08-21 01:42:29.242094,0 days 00:00:03.138232,5.0,,,,369.0,0,0.5897435897435898,0.5871860449865566,0.7214283824190945,3,0.5054915234186704,0.48106806571113464,0.7025730271045992,COMPLETE,,0.7130630225002517,,,,,,0.6122226074204915,0.02948759885281759,1.2758825399305553,2.6504409025329278e-05,0.8279543590015276,0.6817650261465268
XGBoost,1,task_b_source_connected_class_neutral_v6_rigorous_A2CFC6311C18_outer1_XGBoost,A2CFC6311C185EAA2F17BA13E733D522713F64F2850C50F6EEF6E4CE1F592221,42,0.5863765863765864,2026-08-21 01:42:29.386323,2026-08-21 01:42:32.281957,0 days 00:00:02.895634,5.0,,,,373.0,0,0.5897435897435898,0.5863765863765864,0.7192353999629542,3,0.5155352199060311,0.4879145813880186,0.7065357022686989,COMPLETE,,0.9769000995200936,,,,,,0.6336094364131586,0.03805424760453451,1.2308567133355808,3.6779611036040574e-05,6.5601997813493504,0.6174631559808587
XGBoost,1,task_b_source_connected_class_neutral_v6_rigorous_A2CFC6311C18_outer1_XGBoost,A2CFC6311C185EAA2F17BA13E733D522713F64F2850C50F6EEF6E4CE1F592221,43,0.5584506339223321,2026-08-21 01:42:32.428532,2026-08-21 01:42:35.797919,0 days 00:00:03.369387,4.0,,,,423.0,0,0.5619658119658121,0.5584506339223321,0.72874957000344,3,0.5025165728494931,0.48027216983317284,0.7081152182589787,COMPLETE,,0.7351578514491524,,,,,,0.5800432904534538,0.02576872304291547,1.0016949919004456,8.306603056887966e-05,0.8064327072465375,0.6890011920710447
XGBoost,1,task_b_source_connected_class_neutral_v6_rigorous_A2CFC6311C18_outer1_XGBoost,A2CFC6311C185EAA2F17BA13E733D522713F64F2850C50F6EEF6E4CE1F592221,44,0.5381818181818182,2026-08-21 01:42:35.944393,2026-08-21 01:42:39.834609,0 days 00:00:03.890216,5.0,,,,393.0,0,0.5491452991452991,0.5381818181818182,0.7172183853298404,3,0.5207537358614934,0.4880745559895003,0.716344236807739,COMPLETE,,1.257359742298271,,,,,,0.6026372226211798,0.018834639437411125,1.3149245156670362,0.000516300579801443,11.775966802911064,0.6651075781291933
XGBoost,1,task_b_source_connected_class_neutral_v6_rigorous_A2CFC6311C18_outer1_XGBoost,A2CFC6311C185EAA2F17BA13E733D522713F64F2850C50F6EEF6E4CE1F592221,45,0.5710292502745333,2026-08-21 01:42:40.009582,2026-08-21 01:42:42.702137,0 days 00:00:02.692555,3.0,,,,330.0,0,0.5747863247863249,0.5710292502745333,0.7447685956973883,3,0.5197359989946473,0.49477047331049245,0.7122291388222237,COMPLETE,,0.5206007657777925,,,,,,0.6417647239468627,0.03173470361658074,1.5714536816804603,2.5237913683429123e-05,1.4425460216207031,0.640861930243059
XGBoost,1,task_b_source_connected_class_neutral_v6_rigorous_A2CFC6311C18_outer1_XGBoost,A2CFC6311C185EAA2F17BA13E733D522713F64F2850C50F6EEF6E4CE1F592221,46,0.5871860449865566,2026-08-21 01:42:42.873854,2026-08-21 01:42:46.540780,0 days 00:00:03.666926,5.0,,,,364.0,0,0.5897435897435898,0.5871860449865566,0.7224524357651293,3,0.504170865266755,0.47831231867189966,0.7036253940463637,COMPLETE,,1.0488413759110546,,,,,,0.5743017335583409,0.017302806333898135,2.045034626530286,3.634735034593322e-06,0.8088425339609377,0.7100403638759606
XGBoost,1,task_b_source_connected_class_neutral_v6_rigorous_A2CFC6311C18_outer1_XGBoost,A2CFC6311C185EAA2F17BA13E733D522713F64F2850C50F6EEF6E4CE1F592221,47,0.6186946868061418,2026-08-21 01:42:46.696950,2026-08-21 01:42:49.773472,0 days 00:00:03.076522,4.0,,,,310.0,0,0.6314102564102564,0.6186946868061418,0.7253469741472838,3,0.5243291821135653,0.49474606355629075,0.7154049339124015,COMPLETE,,0.9032412125509144,,,,,,0.6013163844816406,0.02092223072933042,1.1337901764051972,7.706328112833127e-05,2.9302437793160405,0.6173445161249624
XGBoost,1,task_b_source_connected_class_neutral_v6_rigorous_A2CFC6311C18_outer1_XGBoost,A2CFC6311C185EAA2F17BA13E733D522713F64F2850C50F6EEF6E4CE1F592221,48,0.5519155030433226,2026-08-21 01:42:49.919243,2026-08-21 01:42:52.506244,0 days 00:00:02.587001,3.0,,,,304.0,0,0.5641025641025641,0.5519155030433226,0.7258120319652828,3,0.5194803602909704,0.48841929235692544,0.7188687042003168,COMPLETE,,1.1587822503176606,,,,,,0.5971641810476418,0.020520405711425424,1.1261040472141923,0.0014233134006643323,3.127633871079782,0.6011491628863677
XGBoost,1,task_b_source_connected_class_neutral_v6_rigorous_A2CFC6311C18_outer1_XGBoost,A2CFC6311C185EAA2F17BA13E733D522713F64F2850C50F6EEF6E4CE1F592221,49,0.5443137254901961,2026-08-21 01:42:52.681302,2026-08-21 01:42:55.049083,0 days 00:00:02.367781,4.0,,,,287.0,0,0.548076923076923,0.5443137254901961,0.7288101002884284,3,0.5075796266209994,0.4837454387941776,0.7084332471024032,COMPLETE,,0.9056519416219422,,,,,,0.9860778952259878,0.056058582075893953,1.5037617089841597,0.00014406476551593526,7.743410638111586,0.6237922797062876
XGBoost,1,task_b_source_connected_class_neutral_v6_rigorous_A2CFC6311C18_outer1_XGBoost,A2CFC6311C185EAA2F17BA13E733D522713F64F2850C50F6EEF6E4CE1F592221,50,0.5174765558397272,2026-08-21 01:42:55.222224,2026-08-21 01:42:57.898632,0 days 00:00:02.676408,4.0,,,,341.0,0,0.5202991452991453,0.5174765558397272,0.7152251858908206,3,0.5079729620445632,0.478603594569124,0.7061098252609002,COMPLETE,,1.506528892268272,,,,,,0.6587420278898107,0.026191130408139134,1.131157829627954,0.0003811983878505481,1.8116326062484418,0.6545291802008727
XGBoost,1,task_b_source_connected_class_neutral_v6_rigorous_A2CFC6311C18_outer1_XGBoost,A2CFC6311C185EAA2F17BA13E733D522713F64F2850C50F6EEF6E4CE1F592221,51,0.5863765863765864,2026-08-21 01:42:58.069509,2026-08-21 01:43:02.020374,0 days 00:00:03.950865,5.0,,,,382.0,0,0.5897435897435898,0.5863765863765864,0.727354396549443,3,0.5230321652523461,0.49394652736821415,0.7090486078401442,COMPLETE,,0.635719457762782,,,,,,0.6138502846795062,0.022500500345589175,1.3212980267024006,6.0651044504024834e-05,4.44127403227081,0.628915015993911
XGBoost,1,task_b_source_connected_class_neutral_v6_rigorous_A2CFC6311C18_outer1_XGBoost,A2CFC6311C185EAA2F17BA13E733D522713F64F2850C50F6EEF6E4CE1F592221,52,0.5584506339223321,2026-08-21 01:43:02.191138,2026-08-21 01:43:04.800373,0 days 00:00:02.609235,4.0,,,,316.0,0,0.5619658119658121,0.5584506339223321,0.7297018470006087,3,0.5117038704805911,0.48342575579448926,0.7092983428862313,COMPLETE,,0.7280482790054492,,,,,,0.5668798438309035,0.03488135901031337,1.6858763407982826,9.446879574524096e-06,3.045129971581783,0.6751504973663681
XGBoost,1,task_b_source_connected_class_neutral_v6_rigorous_A2CFC6311C18_outer1_XGBoost,A2CFC6311C185EAA2F17BA13E733D522713F64F2850C50F6EEF6E4CE1F592221,53,0.5814814814814815,2026-08-21 01:43:04.951438,2026-08-21 01:43:08.693730,0 days 00:00:03.742292,5.0,,,,341.0,0,0.5897435897435898,0.5814814814814815,0.7329794130877723,3,0.5195512841630593,0.4927810608031664,0.7072815945824735,COMPLETE,,0.4350355852267107,,,,,,0.6375593688271873,0.029737255853958693,1.4285851787575121,2.0841366171007235e-05,5.707104018547362,0.6135313587645749
XGBoost,1,task_b_source_connected_class_neutral_v6_rigorous_A2CFC6311C18_outer1_XGBoost,A2CFC6311C185EAA2F17BA13E733D522713F64F2850C50F6EEF6E4CE1F592221,54,0.5871860449865566,2026-08-21 01:43:08.861103,2026-08-21 01:43:12.273931,0 days 00:00:03.412828,6.0,,,,410.0,0,0.5897435897435898,0.5871860449865566,0.7209752321981425,3,0.5015824429012523,0.4789925096567484,0.7036492451778232,COMPLETE,,1.1146685817210444,,,,,,0.5944559287256753,0.026297447527356136,1.1937970775166937,2.203096669927949e-06,1.553077761244421,0.6981489415650877
XGBoost,1,task_b_source_connected_class_neutral_v6_rigorous_A2CFC6311C18_outer1_XGBoost,A2CFC6311C185EAA2F17BA13E733D522713F64F2850C50F6EEF6E4CE1F592221,55,0.5863765863765864,2026-08-21 01:43:12.432066,2026-08-21 01:43:15.528718,0 days 00:00:03.096652,5.0,,,,461.0,0,0.5897435897435898,0.5863765863765864,0.7306104628086052,3,0.5011181836055997,0.47846392069799526,0.7013400133190165,COMPLETE,,0.8559851240078076,,,,,,0.7154848046284737,0.0374323308069952,2.025781946799143,0.00010463547922247945,0.9679941759763598,0.6464832038360602
XGBoost,1,task_b_source_connected_class_neutral_v6_rigorous_A2CFC6311C18_outer1_XGBoost,A2CFC6311C185EAA2F17BA13E733D522713F64F2850C50F6EEF6E4CE1F592221,56,0.5309803921568628,2026-08-21 01:43:15.692861,2026-08-21 01:43:18.879615,0 days 00:00:03.186754,3.0,,,,495.0,0,0.5352564102564102,0.5309803921568628,0.7255229419703104,3,0.5115247670059387,0.4844115928890394,0.7127094738270863,COMPLETE,,1.6611466657106277,,,,,,0.551126535208926,0.01997829751004407,2.4306362346868227,4.0489207694457917e-05,0.2917553974507402,0.6685024795487943
XGBoost,1,task_b_source_connected_class_neutral_v6_rigorous_A2CFC6311C18_outer1_XGBoost,A2CFC6311C185EAA2F17BA13E733D522713F64F2850C50F6EEF6E4CE1F592221,57,0.5675972540045766,2026-08-21 01:43:19.038176,2026-08-21 01:43:22.006568,0 days 00:00:02.968392,6.0,,,,359.0,0,0.576923076923077,0.5675972540045766,0.7259879997883094,3,0.5173978684455772,0.4887840317567314,0.7091189422853388,COMPLETE,,0.723852051358462,,,,,,0.6161943460750429,0.047652954258563425,1.0960407374437051,0.000311088582227656,11.678815004085521,0.6860661712939187
XGBoost,1,task_b_source_connected_class_neutral_v6_rigorous_A2CFC6311C18_outer1_XGBoost,A2CFC6311C185EAA2F17BA13E733D522713F64F2850C50F6EEF6E4CE1F592221,58,0.5574631766582231,2026-08-21 01:43:22.177541,2026-08-21 01:43:24.349124,0 days 00:00:02.171583,4.0,,,,376.0,0,0.5641025641025641,0.5574631766582231,0.7199296790241063,3,0.5077947899631728,0.48183114316476283,0.7110141926106076,COMPLETE,,1.2923023787761454,,,,,,0.5720382563301021,0.06210548461021795,1.7535953096765058,1.6381574633635534e-05,3.4829763528644997,0.6536545551714833
XGBoost,1,task_b_source_connected_class_neutral_v6_rigorous_A2CFC6311C18_outer1_XGBoost,A2CFC6311C185EAA2F17BA13E733D522713F64F2850C50F6EEF6E4CE1F592221,59,0.5214998632759092,2026-08-21 01:43:24.512187,2026-08-21 01:43:28.947633,0 days 00:00:04.435446,5.0,,,,424.0,0,0.5202991452991453,0.5214998632759092,0.7269832764414809,3,0.502218998451668,0.48249091882108647,0.7046393666009152,COMPLETE,,0.5583772142367553,,,,,,0.6161406831497028,0.017125199021238807,1.3757282574434047,0.0062994860227772,0.005135589967485046,0.7648056801436467
RF,2,task_b_source_connected_class_neutral_v6_rigorous_A2CFC6311C18_outer2_RF,A2CFC6311C185EAA2F17BA13E733D522713F64F2850C50F6EEF6E4CE1F592221,0,0.45786399666249483,2026-08-21 01:43:33.012917,2026-08-21 01:43:39.229078,0 days 00:00:06.216161,5.0,0.3332375679348879,2.0,16.0,500.0,0,0.4581320450885668,0.45786399666249483,0.6166893983563774,3,0.4143744949280534,0.40342075922407705,0.5686752289526458,COMPLETE,,,,,,,,,,,,,
RF,2,task_b_source_connected_class_neutral_v6_rigorous_A2CFC6311C18_outer2_RF,A2CFC6311C185EAA2F17BA13E733D522713F64F2850C50F6EEF6E4CE1F592221,1,0.42945178071228485,2026-08-21 01:43:39.427927,2026-08-21 01:43:49.936725,0 days 00:00:10.508798,9.0,0.318078981726573,1.0,18.0,824.0,0,0.4170692431561997,0.42945178071228485,0.6123691626409018,3,0.4240917604730445,0.42518657177813735,0.5607841399904132,COMPLETE,,,,,,,,,,,,,
RF,2,task_b_source_connected_class_neutral_v6_rigorous_A2CFC6311C18_outer2_RF,A2CFC6311C185EAA2F17BA13E733D522713F64F2850C50F6EEF6E4CE1F592221,2,0.5277777777777778,2026-08-21 01:43:50.075478,2026-08-21 01:43:55.915475,0 days 00:00:05.839997,7.0,0.6170770263982079,11.0,9.0,451.0,0,0.5281803542673108,0.5277777777777778,0.6459707646176911,3,0.48037883432742157,0.45913436606447755,0.5926711876759158,COMPLETE,,,,,,,,,,,,,
RF,2,task_b_source_connected_class_neutral_v6_rigorous_A2CFC6311C18_outer2_RF,A2CFC6311C185EAA2F17BA13E733D522713F64F2850C50F6EEF6E4CE1F592221,3,0.3974358974358974,2026-08-21 01:43:56.080687,2026-08-21 01:44:06.625496,0 days 00:00:10.544809,21.0,0.9473781721734285,4.0,2.0,576.0,0,0.3904991948470209,0.3974358974358974,0.5751471486478983,3,0.35425991881325497,0.3590695006213354,0.5287176507051052,COMPLETE,,,,,,,,,,,,,
RF,2,task_b_source_connected_class_neutral_v6_rigorous_A2CFC6311C18_outer2_RF,A2CFC6311C185EAA2F17BA13E733D522713F64F2850C50F6EEF6E4CE1F592221,4,0.4767080745341615,2026-08-21 01:44:06.787539,2026-08-21 01:44:16.734564,0 days 00:00:09.947025,10.0,0.2545778632956346,8.0,2.0,807.0,0,0.499194847020934,0.4767080745341615,0.6337879671275474,3,0.47793440436848805,0.45634522482348566,0.5855005278905548,COMPLETE,,,,,,,,,,,,,
RF,2,task_b_source_connected_class_neutral_v6_rigorous_A2CFC6311C18_outer2_RF,A2CFC6311C185EAA2F17BA13E733D522713F64F2850C50F6EEF6E4CE1F592221,5,0.5388198757763975,2026-08-21 01:44:16.896515,2026-08-21 01:44:24.043421,0 days 00:00:07.146906,21.0,0.4993664525216714,11.0,4.0,591.0,0,0.5692431561996779,0.5388198757763975,0.6366532011771892,3,0.4807475132961356,0.4569285824500022,0.5908000804280291,COMPLETE,,,,,,,,,,,,,
RF,2,task_b_source_connected_class_neutral_v6_rigorous_A2CFC6311C18_outer2_RF,A2CFC6311C185EAA2F17BA13E733D522713F64F2850C50F6EEF6E4CE1F592221,6,0.43990929705215415,2026-08-21 01:44:24.196762,2026-08-21 01:44:28.851317,0 days 00:00:04.654555,9.0,0.5807751278763489,4.0,23.0,344.0,0,0.4170692431561997,0.43990929705215415,0.5929158684546615,3,0.427747541278294,0.42796858483132993,0.5596537148492734,COMPLETE,,,,,,,,,,,,,
RF,2,task_b_source_connected_class_neutral_v6_rigorous_A2CFC6311C18_outer2_RF,A2CFC6311C185EAA2F17BA13E733D522713F64F2850C50F6EEF6E4CE1F592221,7,0.42945178071228485,2026-08-21 01:44:28.996212,2026-08-21 01:44:39.677636,0 days 00:00:10.681424,6.0,0.5355263703144759,6.0,12.0,894.0,0,0.4170692431561997,0.42945178071228485,0.6284498375812094,3,0.4265477561235426,0.42682320963967496,0.5727498979537579,COMPLETE,,,,,,,,,,,,,
RF,2,task_b_source_connected_class_neutral_v6_rigorous_A2CFC6311C18_outer2_RF,A2CFC6311C185EAA2F17BA13E733D522713F64F2850C50F6EEF6E4CE1F592221,8,0.40277777777777773,2026-08-21 01:44:39.831701,2026-08-21 01:44:50.156264,0 days 00:00:10.324563,16.0,0.21795692582407236,4.0,2.0,930.0,0,0.4025764895330113,0.40277777777777773,0.6041142623132878,3,0.4055558856220855,0.4022961390738382,0.5568007757976178,COMPLETE,,,,,,,,,,,,,
RF,2,task_b_source_connected_class_neutral_v6_rigorous_A2CFC6311C18_outer2_RF,A2CFC6311C185EAA2F17BA13E733D522713F64F2850C50F6EEF6E4CE1F592221,9,0.37074074074074076,2026-08-21 01:44:50.298715,2026-08-21 01:45:06.069603,0 days 00:00:15.770888,16.0,0.8273999112151322,3.0,18.0,952.0,0,0.3615136876006441,0.37074074074074076,0.5820251332667,3,0.3725605511058044,0.38022111485942856,0.5326308385598922,COMPLETE,,,,,,,,,,,,,
RF,2,task_b_source_connected_class_neutral_v6_rigorous_A2CFC6311C18_outer2_RF,A2CFC6311C185EAA2F17BA13E733D522713F64F2850C50F6EEF6E4CE1F592221,10,0.5388198757763975,2026-08-21 01:45:06.239492,2026-08-21 01:45:14.302942,0 days 00:00:08.063450,28.0,0.4480729567990333,12.0,7.0,651.0,0,0.5692431561996779,0.5388198757763975,0.644856564773169,3,0.4819628930921993,0.45185441298115214,0.6004352817692551,COMPLETE,,,,,,,,,,,,,
RF,2,task_b_source_connected_class_neutral_v6_rigorous_A2CFC6311C18_outer2_RF,A2CFC6311C185EAA2F17BA13E733D522713F64F2850C50F6EEF6E4CE1F592221,11,0.5388198757763975,2026-08-21 01:45:14.466017,2026-08-21 01:45:23.318741,0 days 00:00:08.852724,30.0,0.4593090095057385,12.0,7.0,660.0,0,0.5692431561996779,0.5388198757763975,0.6419580140485314,3,0.4968545528294733,0.4638499003189726,0.595149822358166,COMPLETE,,,,,,,,,,,,,
RF,2,task_b_source_connected_class_neutral_v6_rigorous_A2CFC6311C18_outer2_RF,A2CFC6311C185EAA2F17BA13E733D522713F64F2850C50F6EEF6E4CE1F592221,12,0.5666939443535188,2026-08-21 01:45:23.462163,2026-08-21 01:45:31.813845,0 days 00:00:08.351682,28.0,0.42628023339800025,10.0,6.0,692.0,0,0.5837359098228664,0.5666939443535188,0.6333623118996058,3,0.4907992017147211,0.47181772961441554,0.5927421989880174,COMPLETE,,,,,,,,,,,,,
RF,2,task_b_source_connected_class_neutral_v6_rigorous_A2CFC6311C18_outer2_RF,A2CFC6311C185EAA2F17BA13E733D522713F64F2850C50F6EEF6E4CE1F592221,13,0.45324618736383443,2026-08-21 01:45:31.966135,2026-08-21 01:45:46.782501,0 days 00:00:14.816366,24.0,0.6951306582360176,9.0,6.0,1084.0,0,0.43156199677938806,0.45324618736383443,0.6194765464489977,3,0.4359849194606931,0.43381442951297794,0.5755378723976349,COMPLETE,,,,,,,,,,,,,
RF,2,task_b_source_connected_class_neutral_v6_rigorous_A2CFC6311C18_outer2_RF,A2CFC6311C185EAA2F17BA13E733D522713F64F2850C50F6EEF6E4CE1F592221,14,0.5666939443535188,2026-08-21 01:45:46.948465,2026-08-21 01:45:56.053818,0 days 00:00:09.105353,25.0,0.4056736121072737,10.0,11.0,704.0,0,0.5837359098228664,0.5666939443535188,0.634328495474485,3,0.4955026698106105,0.4756725235986812,0.5940928037125479,COMPLETE,,,,,,,,,,,,,
RF,2,task_b_source_connected_class_neutral_v6_rigorous_A2CFC6311C18_outer2_RF,A2CFC6311C185EAA2F17BA13E733D522713F64F2850C50F6EEF6E4CE1F592221,15,0.501227495908347,2026-08-21 01:45:56.226027,2026-08-21 01:46:06.425158,0 days 00:00:10.199131,32.0,0.3900950257700178,9.0,11.0,750.0,0,0.5136876006441223,0.501227495908347,0.621179514409462,3,0.48852553107370583,0.4706359903210297,0.5913143106048734,COMPLETE,,,,,,,,,,,,,
RF,2,task_b_source_connected_class_neutral_v6_rigorous_A2CFC6311C18_outer2_RF,A2CFC6311C185EAA2F17BA13E733D522713F64F2850C50F6EEF6E4CE1F592221,16,0.38398692810457513,2026-08-21 01:46:06.601470,2026-08-21 01:46:22.887492,0 days 00:00:16.286022,26.0,0.7281279930165071,7.0,14.0,1141.0,0,0.3760064412238325,0.38398692810457513,0.5976319132100616,3,0.41122696312681134,0.41474535212487923,0.563911002630721,COMPLETE,,,,,,,,,,,,,
RF,2,task_b_source_connected_class_neutral_v6_rigorous_A2CFC6311C18_outer2_RF,A2CFC6311C185EAA2F17BA13E733D522713F64F2850C50F6EEF6E4CE1F592221,17,0.5388198757763975,2026-08-21 01:46:23.034121,2026-08-21 01:46:32.397429,0 days 00:00:09.363308,24.0,0.37460089863303037,10.0,10.0,714.0,0,0.5692431561996779,0.5388198757763975,0.628842349658504,3,0.48296072964640735,0.46131267804490844,0.5912406838922635,COMPLETE,,,,,,,,,,,,,
RF,2,task_b_source_connected_class_neutral_v6_rigorous_A2CFC6311C18_outer2_RF,A2CFC6311C185EAA2F17BA13E733D522713F64F2850C50F6EEF6E4CE1F592221,18,0.45324618736383443,2026-08-21 01:46:32.561841,2026-08-21 01:46:46.107234,0 days 00:00:13.545393,27.0,0.6313080433956824,6.0,14.0,1021.0,0,0.43156199677938806,0.45324618736383443,0.5985167138652896,3,0.41937365987309566,0.4220387570232771,0.5613914190682429,COMPLETE,,,,,,,,,,,,,
RF,2,task_b_source_connected_class_neutral_v6_rigorous_A2CFC6311C18_outer2_RF,A2CFC6311C185EAA2F17BA13E733D522713F64F2850C50F6EEF6E4CE1F592221,19,0.4824717765894236,2026-08-21 01:46:46.275110,2026-08-21 01:46:50.797817,0 days 00:00:04.522707,20.0,0.4264604406145094,8.0,24.0,342.0,0,0.4726247987117553,0.4824717765894236,0.6269432991837415,3,0.48067146436407976,0.46015336603571894,0.5884427961927868,COMPLETE,,,,,,,,,,,,,
RF,2,task_b_source_connected_class_neutral_v6_rigorous_A2CFC6311C18_outer2_RF,A2CFC6311C185EAA2F17BA13E733D522713F64F2850C50F6EEF6E4CE1F592221,20,0.5388198757763975,2026-08-21 01:46:50.938162,2026-08-21 01:46:56.950449,0 days 00:00:06.012287,32.0,0.28373962028273053,10.0,9.0,447.0,0,0.5692431561996779,0.5388198757763975,0.6359165903159532,3,0.48936820295130784,0.4597168123435306,0.5919486509958153,COMPLETE,,,,,,,,,,,,,
RF,2,task_b_source_connected_class_neutral_v6_rigorous_A2CFC6311C18_outer2_RF,A2CFC6311C185EAA2F17BA13E733D522713F64F2850C50F6EEF6E4CE1F592221,21,0.5388198757763975,2026-08-21 01:46:57.099034,2026-08-21 01:47:04.611995,0 days 00:00:07.512961,23.0,0.504368063481447,11.0,4.0,584.0,0,0.5692431561996779,0.5388198757763975,0.6414508023765895,3,0.4779041772231163,0.4546252549914915,0.5921600644377808,COMPLETE,,,,,,,,,,,,,
RF,2,task_b_source_connected_class_neutral_v6_rigorous_A2CFC6311C18_outer2_RF,A2CFC6311C185EAA2F17BA13E733D522713F64F2850C50F6EEF6E4CE1F592221,22,0.5277777777777778,2026-08-21 01:47:04.760428,2026-08-21 01:47:12.276115,0 days 00:00:07.515687,17.0,0.4982435680916648,10.0,5.0,573.0,0,0.5281803542673108,0.5277777777777778,0.6313966280748514,3,0.4768907460275959,0.45613203621846604,0.5857467929519996,COMPLETE,,,,,,,,,,,,,
RF,2,task_b_source_connected_class_neutral_v6_rigorous_A2CFC6311C18_outer2_RF,A2CFC6311C185EAA2F17BA13E733D522713F64F2850C50F6EEF6E4CE1F592221,23,0.5388198757763975,2026-08-21 01:47:12.419910,2026-08-21 01:47:21.531681,0 days 00:00:09.111771,13.0,0.37228647416676086,11.0,4.0,696.0,0,0.5692431561996779,0.5388198757763975,0.6317409003831417,3,0.48804750921507,0.4602196967347825,0.595741265739057,COMPLETE,,,,,,,,,,,,,
RF,2,task_b_source_connected_class_neutral_v6_rigorous_A2CFC6311C18_outer2_RF,A2CFC6311C185EAA2F17BA13E733D522713F64F2850C50F6EEF6E4CE1F592221,24,0.5388198757763975,2026-08-21 01:47:21.681453,2026-08-21 01:47:31.313886,0 days 00:00:09.632433,21.0,0.5376898871456591,12.0,8.0,797.0,0,0.5692431561996779,0.5388198757763975,0.6321665556110833,3,0.4809338672553663,0.45865082629788506,0.5958646853534905,COMPLETE,,,,,,,,,,,,,
RF,2,task_b_source_connected_class_neutral_v6_rigorous_A2CFC6311C18_outer2_RF,A2CFC6311C185EAA2F17BA13E733D522713F64F2850C50F6EEF6E4CE1F592221,25,0.5277777777777778,2026-08-21 01:47:31.463038,2026-08-21 01:47:38.069237,0 days 00:00:06.606199,29.0,0.44807803029664556,9.0,5.0,532.0,0,0.5281803542673108,0.5277777777777778,0.6218014256760508,3,0.48376160868707313,0.46862232365013706,0.5864020291903089,COMPLETE,,,,,,,,,,,,,
RF,2,task_b_source_connected_class_neutral_v6_rigorous_A2CFC6311C18_outer2_RF,A2CFC6311C185EAA2F17BA13E733D522713F64F2850C50F6EEF6E4CE1F592221,26,0.45324618736383443,2026-08-21 01:47:38.236716,2026-08-21 01:47:46.563789,0 days 00:00:08.327073,25.0,0.679966548606298,8.0,12.0,618.0,0,0.43156199677938806,0.45324618736383443,0.6081119162640901,3,0.43825859010170837,0.437511154027136,0.5704262677338867,COMPLETE,,,,,,,,,,,,,
RF,2,task_b_source_connected_class_neutral_v6_rigorous_A2CFC6311C18_outer2_RF,A2CFC6311C185EAA2F17BA13E733D522713F64F2850C50F6EEF6E4CE1F592221,27,0.45786399666249483,2026-08-21 01:47:46.702881,2026-08-21 01:47:56.145249,0 days 00:00:09.442368,19.0,0.3401138946103645,7.0,4.0,744.0,0,0.4581320450885668,0.45786399666249483,0.6131057735021378,3,0.45669975456680456,0.4488576118685789,0.574556991090403,COMPLETE,,,,,,,,,,,,,
RF,2,task_b_source_connected_class_neutral_v6_rigorous_A2CFC6311C18_outer2_RF,A2CFC6311C185EAA2F17BA13E733D522713F64F2850C50F6EEF6E4CE1F592221,28,0.5666939443535188,2026-08-21 01:47:56.311395,2026-08-21 01:48:01.672020,0 days 00:00:05.360625,22.0,0.5742523018325215,11.0,8.0,423.0,0,0.5837359098228664,0.5666939443535188,0.6224084138486313,3,0.47695120031833915,0.457817745435192,0.5890481826416646,COMPLETE,,,,,,,,,,,,,
RF,2,task_b_source_connected_class_neutral_v6_rigorous_A2CFC6311C18_outer2_RF,A2CFC6311C185EAA2F17BA13E733D522713F64F2850C50F6EEF6E4CE1F592221,29,0.51,2026-08-21 01:48:01.858979,2026-08-21 01:48:08.351088,0 days 00:00:06.492109,23.0,0.7543605324348455,10.0,16.0,465.0,0,0.4871175523349436,0.51,0.6043951982342163,3,0.4205538214367868,0.41756275114436225,0.5727721932642295,COMPLETE,,,,,,,,,,,,,
RF,2,task_b_source_connected_class_neutral_v6_rigorous_A2CFC6311C18_outer2_RF,A2CFC6311C185EAA2F17BA13E733D522713F64F2850C50F6EEF6E4CE1F592221,30,0.42945178071228485,2026-08-21 01:48:08.491318,2026-08-21 01:48:12.573031,0 days 00:00:04.081713,26.0,0.5792802314173724,9.0,10.0,303.0,0,0.4170692431561997,0.42945178071228485,0.6098813440501971,3,0.442548519579453,0.4389985423356806,0.5782056659141332,COMPLETE,,,,,,,,,,,,,
RF,2,task_b_source_connected_class_neutral_v6_rigorous_A2CFC6311C18_outer2_RF,A2CFC6311C185EAA2F17BA13E733D522713F64F2850C50F6EEF6E4CE1F592221,31,0.5388198757763975,2026-08-21 01:48:12.719337,2026-08-21 01:48:19.816486,0 days 00:00:07.097149,22.0,0.5017647962475508,11.0,6.0,522.0,0,0.5692431561996779,0.5388198757763975,0.640991830473652,3,0.47730428464574065,0.45472427635323687,0.5931036861146527,COMPLETE,,,,,,,,,,,,,
RF,2,task_b_source_connected_class_neutral_v6_rigorous_A2CFC6311C18_outer2_RF,A2CFC6311C185EAA2F17BA13E733D522713F64F2850C50F6EEF6E4CE1F592221,32,0.5388198757763975,2026-08-21 01:48:19.975885,2026-08-21 01:48:25.108366,0 days 00:00:05.132481,30.0,0.392392426812035,12.0,8.0,411.0,0,0.5692431561996779,0.5388198757763975,0.645119280637459,3,0.4964858738607594,0.46705897504997473,0.6025618673718239,COMPLETE,,,,,,,,,,,,,
RF,2,task_b_source_connected_class_neutral_v6_rigorous_A2CFC6311C18_outer2_RF,A2CFC6311C185EAA2F17BA13E733D522713F64F2850C50F6EEF6E4CE1F592221,33,0.5277777777777778,2026-08-21 01:48:25.282843,2026-08-21 01:48:36.906628,0 days 00:00:11.623785,18.0,0.6258850516620355,11.0,8.0,866.0,0,0.5281803542673108,0.5277777777777778,0.6308411766339053,3,0.475337876545443,0.4585192048632054,0.5913941949574896,COMPLETE,,,,,,,,,,,,,
RF,2,task_b_source_connected_class_neutral_v6_rigorous_A2CFC6311C18_outer2_RF,A2CFC6311C185EAA2F17BA13E733D522713F64F2850C50F6EEF6E4CE1F592221,34,0.5388198757763975,2026-08-21 01:48:37.039622,2026-08-21 01:48:44.477929,0 days 00:00:07.438307,27.0,0.32072349233536146,10.0,10.0,621.0,0,0.5692431561996779,0.5388198757763975,0.6346394511077794,3,0.47678044100042066,0.4505743676498677,0.587812298056579,COMPLETE,,,,,,,,,,,,,
RF,2,task_b_source_connected_class_neutral_v6_rigorous_A2CFC6311C18_outer2_RF,A2CFC6311C185EAA2F17BA13E733D522713F64F2850C50F6EEF6E4CE1F592221,35,0.5666939443535188,2026-08-21 01:48:44.641135,2026-08-21 01:48:50.036919,0 days 00:00:05.395784,21.0,0.5392794252302642,11.0,3.0,401.0,0,0.5837359098228664,0.5666939443535188,0.6460854642123383,3,0.4843312741190771,0.4642157894557277,0.595715611478388,COMPLETE,,,,,,,,,,,,,
RF,2,task_b_source_connected_class_neutral_v6_rigorous_A2CFC6311C18_outer2_RF,A2CFC6311C185EAA2F17BA13E733D522713F64F2850C50F6EEF6E4CE1F592221,36,0.38398692810457513,2026-08-21 01:48:50.188928,2026-08-21 01:48:57.149421,0 days 00:00:06.960493,14.0,0.564250229016296,1.0,2.0,492.0,0,0.3760064412238325,0.38398692810457513,0.5835044283413848,3,0.3361456404799365,0.3371077056034231,0.5237852297468717,COMPLETE,,,,,,,,,,,,,
RF,2,task_b_source_connected_class_neutral_v6_rigorous_A2CFC6311C18_outer2_RF,A2CFC6311C185EAA2F17BA13E733D522713F64F2850C50F6EEF6E4CE1F592221,37,0.5570500927643786,2026-08-21 01:48:57.307289,2026-08-21 01:49:03.652938,0 days 00:00:06.345649,19.0,0.8189718621783992,12.0,6.0,390.0,0,0.5426731078904992,0.5570500927643786,0.6154155561108335,3,0.4707397223897276,0.4554472669329099,0.5855260784241031,COMPLETE,,,,,,,,,,,,,
RF,2,task_b_source_connected_class_neutral_v6_rigorous_A2CFC6311C18_outer2_RF,A2CFC6311C185EAA2F17BA13E733D522713F64F2850C50F6EEF6E4CE1F592221,38,0.4767080745341615,2026-08-21 01:49:03.798697,2026-08-21 01:49:08.904790,0 days 00:00:05.106093,25.0,0.26899151004234956,9.0,3.0,404.0,0,0.499194847020934,0.4767080745341615,0.6309227330779055,3,0.4783635376279453,0.4489988878731295,0.5896233822579111,COMPLETE,,,,,,,,,,,,,
RF,2,task_b_source_connected_class_neutral_v6_rigorous_A2CFC6311C18_outer2_RF,A2CFC6311C185EAA2F17BA13E733D522713F64F2850C50F6EEF6E4CE1F592221,39,0.38398692810457513,2026-08-21 01:49:09.050464,2026-08-21 01:49:20.762212,0 days 00:00:11.711748,22.0,0.5357388631441949,5.0,13.0,843.0,0,0.3760064412238325,0.38398692810457513,0.6003493045144095,3,0.41046034018126504,0.4171356971113143,0.5587019895692498,COMPLETE,,,,,,,,,,,,,
RF,2,task_b_source_connected_class_neutral_v6_rigorous_A2CFC6311C18_outer2_RF,A2CFC6311C185EAA2F17BA13E733D522713F64F2850C50F6EEF6E4CE1F592221,40,0.43990929705215415,2026-08-21 01:49:20.928487,2026-08-21 01:49:25.234326,0 days 00:00:04.305839,30.0,0.6643178625810751,8.0,18.0,306.0,0,0.4170692431561997,0.43990929705215415,0.6053613818090954,3,0.42534797096879123,0.42432166775424224,0.5702834971278622,COMPLETE,,,,,,,,,,,,,
RF,2,task_b_source_connected_class_neutral_v6_rigorous_A2CFC6311C18_outer2_RF,A2CFC6311C185EAA2F17BA13E733D522713F64F2850C50F6EEF6E4CE1F592221,41,0.4666666666666666,2026-08-21 01:49:25.370702,2026-08-21 01:49:31.716989,0 days 00:00:06.346287,19.0,0.9147959784662687,11.0,6.0,404.0,0,0.4500805152979066,0.4666666666666666,0.6091112429896163,3,0.44103648079698315,0.4349290415516731,0.5723376159908563,COMPLETE,,,,,,,,,,,,,
RF,2,task_b_source_connected_class_neutral_v6_rigorous_A2CFC6311C18_outer2_RF,A2CFC6311C185EAA2F17BA13E733D522713F64F2850C50F6EEF6E4CE1F592221,42,0.5253374076903489,2026-08-21 01:49:31.860872,2026-08-21 01:49:36.948189,0 days 00:00:05.087317,20.0,0.8183505015802528,12.0,7.0,363.0,0,0.5201288244766505,0.5253374076903489,0.6136312052307179,3,0.47326020128071694,0.4570127169658786,0.5854386118983244,COMPLETE,,,,,,,,,,,,,
RF,2,task_b_source_connected_class_neutral_v6_rigorous_A2CFC6311C18_outer2_RF,A2CFC6311C185EAA2F17BA13E733D522713F64F2850C50F6EEF6E4CE1F592221,43,0.5277777777777778,2026-08-21 01:49:37.093098,2026-08-21 01:49:44.401882,0 days 00:00:07.308784,22.0,0.6059830043267128,11.0,9.0,549.0,0,0.5281803542673108,0.5277777777777778,0.6384226289632962,3,0.48280863178229594,0.4640602848019693,0.5916658748784273,COMPLETE,,,,,,,,,,,,,
RF,2,task_b_source_connected_class_neutral_v6_rigorous_A2CFC6311C18_outer2_RF,A2CFC6311C185EAA2F17BA13E733D522713F64F2850C50F6EEF6E4CE1F592221,44,0.5666939443535188,2026-08-21 01:49:44.594140,2026-08-21 01:49:50.370727,0 days 00:00:05.776587,15.0,0.4159257674599397,12.0,5.0,466.0,0,0.5837359098228664,0.5666939443535188,0.6440383974679327,3,0.49906680704249196,0.47434823133650905,0.6038030329772335,COMPLETE,,,,,,,,,,,,,
RF,2,task_b_source_connected_class_neutral_v6_rigorous_A2CFC6311C18_outer2_RF,A2CFC6311C185EAA2F17BA13E733D522713F64F2850C50F6EEF6E4CE1F592221,45,0.5666939443535188,2026-08-21 01:49:50.589827,2026-08-21 01:49:56.653030,0 days 00:00:06.063203,12.0,0.4192969113651443,10.0,3.0,474.0,0,0.5837359098228664,0.5666939443535188,0.6240780651340997,3,0.488908842546479,0.4678982431401589,0.5895668443838643,COMPLETE,,,,,,,,,,,,,
RF,2,task_b_source_connected_class_neutral_v6_rigorous_A2CFC6311C18_outer2_RF,A2CFC6311C185EAA2F17BA13E733D522713F64F2850C50F6EEF6E4CE1F592221,46,0.5388198757763975,2026-08-21 01:49:56.789132,2026-08-21 01:50:07.010479,0 days 00:00:10.221347,15.0,0.47615599325443775,12.0,5.0,791.0,0,0.5692431561996779,0.5388198757763975,0.6342469390304848,3,0.4933655023923944,0.46684227823776636,0.5978445950206933,COMPLETE,,,,,,,,,,,,,
RF,2,task_b_source_connected_class_neutral_v6_rigorous_A2CFC6311C18_outer2_RF,A2CFC6311C185EAA2F17BA13E733D522713F64F2850C50F6EEF6E4CE1F592221,47,0.512962962962963,2026-08-21 01:50:07.173937,2026-08-21 01:50:15.210607,0 days 00:00:08.036670,10.0,0.20837783066836246,11.0,3.0,661.0,0,0.5547504025764896,0.512962962962963,0.6459374479426953,3,0.4884161881837839,0.4504287859658149,0.5985779552443619,COMPLETE,,,,,,,,,,,,,
RF,2,task_b_source_connected_class_neutral_v6_rigorous_A2CFC6311C18_outer2_RF,A2CFC6311C185EAA2F17BA13E733D522713F64F2850C50F6EEF6E4CE1F592221,48,0.5388198757763975,2026-08-21 01:50:15.380908,2026-08-21 01:50:21.066665,0 days 00:00:05.685757,17.0,0.35010301292295704,10.0,11.0,431.0,0,0.5692431561996779,0.5388198757763975,0.6285313940252096,3,0.4837419850960129,0.4608526686392988,0.5881728854293691,COMPLETE,,,,,,,,,,,,,
RF,2,task_b_source_connected_class_neutral_v6_rigorous_A2CFC6311C18_outer2_RF,A2CFC6311C185EAA2F17BA13E733D522713F64F2850C50F6EEF6E4CE1F592221,49,0.5388198757763975,2026-08-21 01:50:21.228158,2026-08-21 01:50:26.041890,0 days 00:00:04.813732,28.0,0.437202328883487,11.0,7.0,355.0,0,0.5692431561996779,0.5388198757763975,0.6318889166527847,3,0.4787811051958378,0.4601166671133676,0.5949601258668623,COMPLETE,,,,,,,,,,,,,
RF,2,task_b_source_connected_class_neutral_v6_rigorous_A2CFC6311C18_outer2_RF,A2CFC6311C185EAA2F17BA13E733D522713F64F2850C50F6EEF6E4CE1F592221,50,0.4767080745341615,2026-08-21 01:50:26.194252,2026-08-21 01:50:38.602831,0 days 00:00:12.408579,24.0,0.3024346163273206,9.0,5.0,962.0,0,0.499194847020934,0.4767080745341615,0.6384708687323005,3,0.48740179485101026,0.4667534722843199,0.5926327805652583,COMPLETE,,,,,,,,,,,,,
RF,2,task_b_source_connected_class_neutral_v6_rigorous_A2CFC6311C18_outer2_RF,A2CFC6311C185EAA2F17BA13E733D522713F64F2850C50F6EEF6E4CE1F592221,51,0.5666939443535188,2026-08-21 01:50:38.796958,2026-08-21 01:50:44.975873,0 days 00:00:06.178915,11.0,0.4287638051428642,10.0,2.0,489.0,0,0.5837359098228664,0.5666939443535188,0.6311189891165528,3,0.49199898686947235,0.4747915048435969,0.5913550996773976,COMPLETE,,,,,,,,,,,,,
RF,2,task_b_source_connected_class_neutral_v6_rigorous_A2CFC6311C18_outer2_RF,A2CFC6311C185EAA2F17BA13E733D522713F64F2850C50F6EEF6E4CE1F592221,52,0.5666939443535188,2026-08-21 01:50:45.134199,2026-08-21 01:50:50.855156,0 days 00:00:05.720957,12.0,0.41035005956932236,10.0,3.0,470.0,0,0.5837359098228664,0.5666939443535188,0.6272875714920317,3,0.48732574591895456,0.4683015648245852,0.591383954911436,COMPLETE,,,,,,,,,,,,,
RF,2,task_b_source_connected_class_neutral_v6_rigorous_A2CFC6311C18_outer2_RF,A2CFC6311C185EAA2F17BA13E733D522713F64F2850C50F6EEF6E4CE1F592221,53,0.5388198757763975,2026-08-21 01:50:50.999113,2026-08-21 01:50:57.709693,0 days 00:00:06.710580,7.0,0.47203205163457007,12.0,3.0,513.0,0,0.5692431561996779,0.5388198757763975,0.6401736631684157,3,0.4852646274327941,0.45484878970929793,0.5942573248376647,COMPLETE,,,,,,,,,,,,,
RF,2,task_b_source_connected_class_neutral_v6_rigorous_A2CFC6311C18_outer2_RF,A2CFC6311C185EAA2F17BA13E733D522713F64F2850C50F6EEF6E4CE1F592221,54,0.42945178071228485,2026-08-21 01:50:57.854791,2026-08-21 01:51:03.791938,0 days 00:00:05.937147,15.0,0.5568205290610824,10.0,21.0,440.0,0,0.4170692431561997,0.42945178071228485,0.6204760466988728,3,0.48253159638695015,0.466626133416623,0.5880795665057629,COMPLETE,,,,,,,,,,,,,
RF,2,task_b_source_connected_class_neutral_v6_rigorous_A2CFC6311C18_outer2_RF,A2CFC6311C185EAA2F17BA13E733D522713F64F2850C50F6EEF6E4CE1F592221,55,0.4824717765894236,2026-08-21 01:51:03.942156,2026-08-21 01:51:12.999226,0 days 00:00:09.057070,8.0,0.4048591808872196,8.0,4.0,690.0,0,0.4726247987117553,0.4824717765894236,0.6150714573268922,3,0.4726350726449706,0.4614253992229404,0.5818356443757632,COMPLETE,,,,,,,,,,,,,
RF,2,task_b_source_connected_class_neutral_v6_rigorous_A2CFC6311C18_outer2_RF,A2CFC6311C185EAA2F17BA13E733D522713F64F2850C50F6EEF6E4CE1F592221,56,0.501227495908347,2026-08-21 01:51:13.149500,2026-08-21 01:51:20.888932,0 days 00:00:07.739432,13.0,0.35583035452469014,9.0,8.0,611.0,0,0.5136876006441223,0.501227495908347,0.6269432991837415,3,0.4808381947322504,0.4586053522001802,0.5854286244481964,COMPLETE,,,,,,,,,,,,,
RF,2,task_b_source_connected_class_neutral_v6_rigorous_A2CFC6311C18_outer2_RF,A2CFC6311C185EAA2F17BA13E733D522713F64F2850C50F6EEF6E4CE1F592221,57,0.38398692810457513,2026-08-21 01:51:21.028238,2026-08-21 01:51:28.247322,0 days 00:00:07.219084,26.0,0.5199129334826853,3.0,6.0,552.0,0,0.3760064412238325,0.38398692810457513,0.587182103392748,3,0.36678722647339895,0.37358971987842415,0.5359628018007259,COMPLETE,,,,,,,,,,,,,
RF,2,task_b_source_connected_class_neutral_v6_rigorous_A2CFC6311C18_outer2_RF,A2CFC6311C185EAA2F17BA13E733D522713F64F2850C50F6EEF6E4CE1F592221,58,0.5388198757763975,2026-08-21 01:51:28.409250,2026-08-21 01:51:33.490135,0 days 00:00:05.080885,5.0,0.4795680942370827,12.0,7.0,373.0,0,0.5692431561996779,0.5388198757763975,0.6430388972180576,3,0.4864946397329171,0.4600658278376895,0.6098420574652387,COMPLETE,,,,,,,,,,,,,
RF,2,task_b_source_connected_class_neutral_v6_rigorous_A2CFC6311C18_outer2_RF,A2CFC6311C185EAA2F17BA13E733D522713F64F2850C50F6EEF6E4CE1F592221,59,0.512962962962963,2026-08-21 01:51:33.653215,2026-08-21 01:51:42.670331,0 days 00:00:09.017116,17.0,0.23328790607633165,11.0,9.0,733.0,0,0.5547504025764896,0.512962962962963,0.6477217988228108,3,0.49376440850648,0.46078501414728573,0.6016857659734646,COMPLETE,,,,,,,,,,,,,
SVM,2,task_b_source_connected_class_neutral_v6_rigorous_A2CFC6311C18_outer2_SVM,A2CFC6311C185EAA2F17BA13E733D522713F64F2850C50F6EEF6E4CE1F592221,0,0.4488888888888889,2026-08-21 01:51:46.188136,2026-08-21 01:51:46.518332,0 days 00:00:00.330196,,,,,,0,0.5241545893719807,0.4488888888888889,0.729187836637237,3,0.5357060159155141,0.4618658329451506,0.654889605890121,COMPLETE,6.1239759422331606,4.075149135421737e-05,,,,,,,,,,,
SVM,2,task_b_source_connected_class_neutral_v6_rigorous_A2CFC6311C18_outer2_SVM,A2CFC6311C185EAA2F17BA13E733D522713F64F2850C50F6EEF6E4CE1F592221,1,0.19713261648745517,2026-08-21 01:51:46.695083,2026-08-21 01:51:47.089610,0 days 00:00:00.394527,,,,,,0,0.30917874396135264,0.19713261648745517,0.4357035024154589,3,0.39621493601025576,0.23981798626623643,0.5103955190616375,COMPLETE,0.021903924935363875,0.5613562320288451,,,,,,,,,,,
SVM,2,task_b_source_connected_class_neutral_v6_rigorous_A2CFC6311C18_outer2_SVM,A2CFC6311C185EAA2F17BA13E733D522713F64F2850C50F6EEF6E4CE1F592221,2,0.27654320987654324,2026-08-21 01:51:47.267184,2026-08-21 01:51:47.574505,0 days 00:00:00.307321,,,,,,0,0.3019323671497584,0.27654320987654324,0.5691938752845799,3,0.36762955759405713,0.35022666962533916,0.5401272034035706,COMPLETE,542.4303006573385,0.025649914020495265,,,,,,,,,,,
SVM,2,task_b_source_connected_class_neutral_v6_rigorous_A2CFC6311C18_outer2_SVM,A2CFC6311C185EAA2F17BA13E733D522713F64F2850C50F6EEF6E4CE1F592221,3,0.46791160908807966,2026-08-21 01:51:47.750761,2026-08-21 01:51:48.235176,0 days 00:00:00.484415,,,,,,0,0.48067632850241543,0.46791160908807966,0.7320650438669554,3,0.4767470468199239,0.4689938453050237,0.6401723102064757,COMPLETE,60.576937171378994,0.0001352927580703062,,,,,,,,,,,
SVM,2,task_b_source_connected_class_neutral_v6_rigorous_A2CFC6311C18_outer2_SVM,A2CFC6311C185EAA2F17BA13E733D522713F64F2850C50F6EEF6E4CE1F592221,4,0.3079922027290448,2026-08-21 01:51:48.388040,2026-08-21 01:51:48.682066,0 days 00:00:00.294026,,,,,,0,0.34541062801932365,0.3079922027290448,0.5299509967238604,3,0.3461471374051463,0.32031280813788804,0.5266140527320347,COMPLETE,342.87578611642607,0.05623946542068108,,,,,,,,,,,
SVM,2,task_b_source_connected_class_neutral_v6_rigorous_A2CFC6311C18_outer2_SVM,A2CFC6311C185EAA2F17BA13E733D522713F64F2850C50F6EEF6E4CE1F592221,5,0.4185185185185185,2026-08-21 01:51:48.819433,2026-08-21 01:51:49.061947,0 days 00:00:00.242514,,,,,,0,0.46215780998389694,0.4185185185185185,0.7104499833416624,3,0.44044719177391894,0.4084296524037964,0.6489463224108255,COMPLETE,0.7514360739885507,0.004029974449850465,,,,,,,,,,,
SVM,2,task_b_source_connected_class_neutral_v6_rigorous_A2CFC6311C18_outer2_SVM,A2CFC6311C185EAA2F17BA13E733D522713F64F2850C50F6EEF6E4CE1F592221,6,0.25136612021857924,2026-08-21 01:51:49.213468,2026-08-21 01:51:49.793095,0 days 00:00:00.579627,,,,,,0,0.3333333333333333,0.25136612021857924,0.4017810539174857,3,0.3333333333333333,0.24405997693194925,0.41744817427071323,COMPLETE,0.39369674986262915,0.8808630323736069,,,,,,,,,,,
SVM,2,task_b_source_connected_class_neutral_v6_rigorous_A2CFC6311C18_outer2_SVM,A2CFC6311C185EAA2F17BA13E733D522713F64F2850C50F6EEF6E4CE1F592221,7,0.21501501501501505,2026-08-21 01:51:49.962234,2026-08-21 01:51:50.338623,0 days 00:00:00.376389,,,,,,0,0.32367149758454106,0.21501501501501505,0.4428391706924315,3,0.3983823305738435,0.24461068904886707,0.4945973092029636,COMPLETE,0.1885725441208815,0.670167221019287,,,,,,,,,,,
SVM,2,task_b_source_connected_class_neutral_v6_rigorous_A2CFC6311C18_outer2_SVM,A2CFC6311C185EAA2F17BA13E733D522713F64F2850C50F6EEF6E4CE1F592221,8,0.4025974025974026,2026-08-21 01:51:50.505068,2026-08-21 01:51:50.934878,0 days 00:00:00.429810,,,,,,0,0.5362318840579711,0.4025974025974026,0.6458060032483758,3,0.5012262439292147,0.34323140049025946,0.6262442621036791,COMPLETE,0.05550637913801908,0.017722985887014892,,,,,,,,,,,
SVM,2,task_b_source_connected_class_neutral_v6_rigorous_A2CFC6311C18_outer2_SVM,A2CFC6311C185EAA2F17BA13E733D522713F64F2850C50F6EEF6E4CE1F592221,9,0.19713261648745517,2026-08-21 01:51:51.091921,2026-08-21 01:51:51.658670,0 days 00:00:00.566749,,,,,,0,0.30917874396135264,0.19713261648745517,0.5899789688489089,3,0.39621493601025576,0.23981798626623643,0.6063943976773124,COMPLETE,0.02397384799978608,0.0005102854934811949,,,,,,,,,,,
SVM,2,task_b_source_connected_class_neutral_v6_rigorous_A2CFC6311C18_outer2_SVM,A2CFC6311C185EAA2F17BA13E733D522713F64F2850C50F6EEF6E4CE1F592221,10,0.5002319109461967,2026-08-21 01:51:51.862402,2026-08-21 01:51:52.319606,0 days 00:00:00.457204,,,,,,0,0.5611916264090177,0.5002319109461967,0.7379317285801544,3,0.533664521020414,0.46557099756545633,0.6630058643665593,COMPLETE,15.76760201286233,2.1039189640102503e-05,,,,,,,,,,,
SVM,2,task_b_source_connected_class_neutral_v6_rigorous_A2CFC6311C18_outer2_SVM,A2CFC6311C185EAA2F17BA13E733D522713F64F2850C50F6EEF6E4CE1F592221,11,0.537847790507365,2026-08-21 01:51:52.476069,2026-08-21 01:51:52.734751,0 days 00:00:00.258682,,,,,,0,0.5837359098228664,0.537847790507365,0.7534238089288688,3,0.5270258341068516,0.460235384252116,0.6741739362087998,COMPLETE,32.450032952347534,1.2215833663175667e-05,,,,,,,,,,,
SVM,2,task_b_source_connected_class_neutral_v6_rigorous_A2CFC6311C18_outer2_SVM,A2CFC6311C185EAA2F17BA13E733D522713F64F2850C50F6EEF6E4CE1F592221,12,0.3550724637681159,2026-08-21 01:51:52.928058,2026-08-21 01:51:53.398120,0 days 00:00:00.470062,,,,,,0,0.46618357487922707,0.3550724637681159,0.6793060067188628,3,0.5009527965040422,0.4109658749929597,0.6569035598501713,COMPLETE,8.888322892071267,1.692585217216529e-05,,,,,,,,,,,
SVM,2,task_b_source_connected_class_neutral_v6_rigorous_A2CFC6311C18_outer2_SVM,A2CFC6311C185EAA2F17BA13E733D522713F64F2850C50F6EEF6E4CE1F592221,13,0.5936988543371523,2026-08-21 01:51:53.543124,2026-08-21 01:51:53.797690,0 days 00:00:00.254566,,,,,,0,0.6537842190016103,0.5936988543371523,0.7593356099727915,3,0.5063119611379935,0.4464140006604791,0.6716486585824457,COMPLETE,63.283706350457585,1.0094982576184941e-05,,,,,,,,,,,
SVM,2,task_b_source_connected_class_neutral_v6_rigorous_A2CFC6311C18_outer2_SVM,A2CFC6311C185EAA2F17BA13E733D522713F64F2850C50F6EEF6E4CE1F592221,14,0.49161211129296234,2026-08-21 01:51:53.940883,2026-08-21 01:51:54.385049,0 days 00:00:00.444166,,,,,,0,0.49516908212560384,0.49161211129296234,0.7242541923482703,3,0.4704604820965099,0.4616795957584717,0.6284363361821835,COMPLETE,60.107461207111186,0.0002232106227091433,,,,,,,,,,,
SVM,2,task_b_source_connected_class_neutral_v6_rigorous_A2CFC6311C18_outer2_SVM,A2CFC6311C185EAA2F17BA13E733D522713F64F2850C50F6EEF6E4CE1F592221,15,0.48067632850241543,2026-08-21 01:51:54.522208,2026-08-21 01:51:54.890180,0 days 00:00:00.367972,,,,,,0,0.48067632850241543,0.48067632850241543,0.6692487089788438,3,0.4391489078178703,0.4374150666613365,0.6159007334701617,COMPLETE,77.66866961182815,0.0009140654551401227,,,,,,,,,,,
SVM,2,task_b_source_connected_class_neutral_v6_rigorous_A2CFC6311C18_outer2_SVM,A2CFC6311C185EAA2F17BA13E733D522713F64F2850C50F6EEF6E4CE1F592221,16,0.21501501501501505,2026-08-21 01:51:55.056789,2026-08-21 01:51:55.419365,0 days 00:00:00.362576,,,,,,0,0.32367149758454106,0.21501501501501505,0.5771263673718696,3,0.3668759034569031,0.27944516241398515,0.6286569841570091,COMPLETE,1.9550932417136184,1.1038733531960262e-05,,,,,,,,,,,
SVM,2,task_b_source_connected_class_neutral_v6_rigorous_A2CFC6311C18_outer2_SVM,A2CFC6311C185EAA2F17BA13E733D522713F64F2850C50F6EEF6E4CE1F592221,17,0.46791160908807966,2026-08-21 01:51:55.561381,2026-08-21 01:51:56.024246,0 days 00:00:00.462865,,,,,,0,0.48067632850241543,0.46791160908807966,0.7175575406741074,3,0.47044584959245067,0.46072621651614803,0.6259886434916336,COMPLETE,165.19980616625992,7.084542221167788e-05,,,,,,,,,,,
SVM,2,task_b_source_connected_class_neutral_v6_rigorous_A2CFC6311C18_outer2_SVM,A2CFC6311C185EAA2F17BA13E733D522713F64F2850C50F6EEF6E4CE1F592221,18,0.44367959949937424,2026-08-21 01:51:56.186775,2026-08-21 01:51:56.558296,0 days 00:00:00.371521,,,,,,0,0.44363929146537845,0.44367959949937424,0.655803695374535,3,0.44937793015893784,0.44438547477071627,0.608238146836627,COMPLETE,22.125901900344076,0.001987581286250439,,,,,,,,,,,
SVM,2,task_b_source_connected_class_neutral_v6_rigorous_A2CFC6311C18_outer2_SVM,A2CFC6311C185EAA2F17BA13E733D522713F64F2850C50F6EEF6E4CE1F592221,19,0.40896686159844053,2026-08-21 01:51:56.706893,2026-08-21 01:51:57.136334,0 days 00:00:00.429441,,,,,,0,0.4106280193236715,0.40896686159844053,0.6797734813148981,3,0.421257785193718,0.4221315188371079,0.6277361608816694,COMPLETE,989.0774596510444,0.00021745452772257837,,,,,,,,,,,
SVM,2,task_b_source_connected_class_neutral_v6_rigorous_A2CFC6311C18_outer2_SVM,A2CFC6311C185EAA2F17BA13E733D522713F64F2850C50F6EEF6E4CE1F592221,20,0.35132275132275126,2026-08-21 01:51:57.291038,2026-08-21 01:51:57.727403,0 days 00:00:00.436365,,,,,,0,0.46618357487922707,0.35132275132275126,0.6795022627575102,3,0.4996925570585476,0.40858232820851703,0.6528203443608084,COMPLETE,3.1540920964456474,4.542179303672643e-05,,,,,,,,,,,
SVM,2,task_b_source_connected_class_neutral_v6_rigorous_A2CFC6311C18_outer2_SVM,A2CFC6311C185EAA2F17BA13E733D522713F64F2850C50F6EEF6E4CE1F592221,21,0.3837667454688731,2026-08-21 01:51:57.935898,2026-08-21 01:51:58.464698,0 days 00:00:00.528800,,,,,,0,0.48067632850241554,0.3837667454688731,0.7165943070131601,3,0.5278020984694561,0.4398546027644037,0.6669830355555645,COMPLETE,19.9944107262548,1.0235853748311413e-05,,,,,,,,,,,
SVM,2,task_b_source_connected_class_neutral_v6_rigorous_A2CFC6311C18_outer2_SVM,A2CFC6311C185EAA2F17BA13E733D522713F64F2850C50F6EEF6E4CE1F592221,22,0.5555555555555555,2026-08-21 01:51:58.626659,2026-08-21 01:51:58.964985,0 days 00:00:00.338326,,,,,,0,0.5982286634460547,0.5555555555555555,0.7381279846188017,3,0.5304836952613057,0.46361644467508506,0.6626335823934356,COMPLETE,14.926418335436225,2.272525734845309e-05,,,,,,,,,,,
SVM,2,task_b_source_connected_class_neutral_v6_rigorous_A2CFC6311C18_outer2_SVM,A2CFC6311C185EAA2F17BA13E733D522713F64F2850C50F6EEF6E4CE1F592221,23,0.46791160908807966,2026-08-21 01:51:59.180519,2026-08-21 01:51:59.640677,0 days 00:00:00.460158,,,,,,0,0.48067632850241543,0.46791160908807966,0.7244171317119218,3,0.47353599391544404,0.46312274040238854,0.6333780677115329,COMPLETE,124.53049190192323,6.8957482340631e-05,,,,,,,,,,,
SVM,2,task_b_source_connected_class_neutral_v6_rigorous_A2CFC6311C18_outer2_SVM,A2CFC6311C185EAA2F17BA13E733D522713F64F2850C50F6EEF6E4CE1F592221,24,0.5201778385772914,2026-08-21 01:51:59.803408,2026-08-21 01:52:00.300496,0 days 00:00:00.497088,,,,,,0,0.5958132045088567,0.5201778385772914,0.7374062968515741,3,0.47804068044591536,0.43431659009233997,0.6441003778957396,COMPLETE,33.790420679401365,3.362115237106848e-05,,,,,,,,,,,
SVM,2,task_b_source_connected_class_neutral_v6_rigorous_A2CFC6311C18_outer2_SVM,A2CFC6311C185EAA2F17BA13E733D522713F64F2850C50F6EEF6E4CE1F592221,25,0.5166666666666666,2026-08-21 01:52:00.465183,2026-08-21 01:52:00.864571,0 days 00:00:00.399388,,,,,,0,0.5877616747181965,0.5166666666666666,0.7476933408295853,3,0.481095606536536,0.43518808533495545,0.6380602204763574,COMPLETE,7.1053912227610985,0.00011558560092000352,,,,,,,,,,,
SVM,2,task_b_source_connected_class_neutral_v6_rigorous_A2CFC6311C18_outer2_SVM,A2CFC6311C185EAA2F17BA13E733D522713F64F2850C50F6EEF6E4CE1F592221,26,0.5096153846153846,2026-08-21 01:52:01.027654,2026-08-21 01:52:01.491250,0 days 00:00:00.463596,,,,,,0,0.5611916264090177,0.5096153846153846,0.7472161488700094,3,0.48587416142722795,0.4441421496305317,0.6468784952392493,COMPLETE,1.8652564238089835,0.00041201156052527094,,,,,,,,,,,
SVM,2,task_b_source_connected_class_neutral_v6_rigorous_A2CFC6311C18_outer2_SVM,A2CFC6311C185EAA2F17BA13E733D522713F64F2850C50F6EEF6E4CE1F592221,27,0.4479500891265597,2026-08-21 01:52:01.671137,2026-08-21 01:52:02.046580,0 days 00:00:00.375443,,,,,,0,0.46618357487922707,0.4479500891265597,0.72199247598423,3,0.4770805075562652,0.45923843926492935,0.6317502778184527,COMPLETE,206.21819890442757,2.5152814774632216e-05,,,,,,,,,,,
SVM,2,task_b_source_connected_class_neutral_v6_rigorous_A2CFC6311C18_outer2_SVM,A2CFC6311C185EAA2F17BA13E733D522713F64F2850C50F6EEF6E4CE1F592221,28,0.5697422781821758,2026-08-21 01:52:02.224189,2026-08-21 01:52:02.700959,0 days 00:00:00.476770,,,,,,0,0.639291465378422,0.5697422781821758,0.7536200649675161,3,0.5218941948887581,0.45699995309802793,0.6767700293580091,COMPLETE,44.27158292388806,1.0253311458669355e-05,,,,,,,,,,,
SVM,2,task_b_source_connected_class_neutral_v6_rigorous_A2CFC6311C18_outer2_SVM,A2CFC6311C185EAA2F17BA13E733D522713F64F2850C50F6EEF6E4CE1F592221,29,0.5697422781821758,2026-08-21 01:52:02.862850,2026-08-21 01:52:03.130938,0 days 00:00:00.268088,,,,,,0,0.639291465378422,0.5697422781821758,0.748822463768116,3,0.5048996238283875,0.4511975310533647,0.656324386528924,COMPLETE,8.65137067312409,4.9665162967191506e-05,,,,,,,,,,,
SVM,2,task_b_source_connected_class_neutral_v6_rigorous_A2CFC6311C18_outer2_SVM,A2CFC6311C185EAA2F17BA13E733D522713F64F2850C50F6EEF6E4CE1F592221,30,0.3837667454688731,2026-08-21 01:52:03.298311,2026-08-21 01:52:03.875396,0 days 00:00:00.577085,,,,,,0,0.48067632850241554,0.3837667454688731,0.7033788661224943,3,0.5140341749548778,0.4348727967338399,0.6525230323072321,COMPLETE,4.223481197713059,4.816623428208559e-05,,,,,,,,,,,
SVM,2,task_b_source_connected_class_neutral_v6_rigorous_A2CFC6311C18_outer2_SVM,A2CFC6311C185EAA2F17BA13E733D522713F64F2850C50F6EEF6E4CE1F592221,31,0.5555555555555555,2026-08-21 01:52:04.026199,2026-08-21 01:52:04.462414,0 days 00:00:00.436215,,,,,,0,0.5982286634460547,0.5555555555555555,0.7381279846188017,3,0.5263196654520486,0.4619153538294836,0.6601795597730344,COMPLETE,11.372876673970953,3.0130724249028667e-05,,,,,,,,,,,
SVM,2,task_b_source_connected_class_neutral_v6_rigorous_A2CFC6311C18_outer2_SVM,A2CFC6311C185EAA2F17BA13E733D522713F64F2850C50F6EEF6E4CE1F592221,32,0.4531788472964943,2026-08-21 01:52:04.671736,2026-08-21 01:52:05.203195,0 days 00:00:00.531459,,,,,,0,0.4847020933977455,0.4531788472964943,0.7400903714809263,3,0.47674863033748643,0.4546420750041033,0.636030621660608,COMPLETE,29.08222240475488,7.63055122744571e-05,,,,,,,,,,,
SVM,2,task_b_source_connected_class_neutral_v6_rigorous_A2CFC6311C18_outer2_SVM,A2CFC6311C185EAA2F17BA13E733D522713F64F2850C50F6EEF6E4CE1F592221,33,0.5356817145462837,2026-08-21 01:52:05.341918,2026-08-21 01:52:05.603486,0 days 00:00:00.261568,,,,,,0,0.6103059581320451,0.5356817145462837,0.7501296226886556,3,0.48165965950122963,0.4467145745298852,0.6451978177566224,COMPLETE,79.06111258603812,2.1284469590600517e-05,,,,,,,,,,,
SVM,2,task_b_source_connected_class_neutral_v6_rigorous_A2CFC6311C18_outer2_SVM,A2CFC6311C185EAA2F17BA13E733D522713F64F2850C50F6EEF6E4CE1F592221,34,0.542416803055101,2026-08-21 01:52:05.830148,2026-08-21 01:52:06.249792,0 days 00:00:00.419644,,,,,,0,0.6167471819645732,0.542416803055101,0.7610385779332555,3,0.4966017913552449,0.44938059183318524,0.6459945910573881,COMPLETE,4.575228426205139,0.00014415358786745502,,,,,,,,,,,
SVM,2,task_b_source_connected_class_neutral_v6_rigorous_A2CFC6311C18_outer2_SVM,A2CFC6311C185EAA2F17BA13E733D522713F64F2850C50F6EEF6E4CE1F592221,35,0.46574074074074073,2026-08-21 01:52:06.400404,2026-08-21 01:52:06.816315,0 days 00:00:00.415911,,,,,,0,0.48067632850241543,0.46574074074074073,0.7074700496973736,3,0.4584882073643108,0.44537514056003474,0.6203170363051259,COMPLETE,330.4062389396271,4.0129121345335955e-05,,,,,,,,,,,
SVM,2,task_b_source_connected_class_neutral_v6_rigorous_A2CFC6311C18_outer2_SVM,A2CFC6311C185EAA2F17BA13E733D522713F64F2850C50F6EEF6E4CE1F592221,36,0.5697422781821758,2026-08-21 01:52:06.984773,2026-08-21 01:52:07.451181,0 days 00:00:00.466408,,,,,,0,0.639291465378422,0.5697422781821758,0.7536200649675161,3,0.5212943023113824,0.455847273878552,0.6765287719606343,COMPLETE,43.61193383304319,1.021100307899479e-05,,,,,,,,,,,
SVM,2,task_b_source_connected_class_neutral_v6_rigorous_A2CFC6311C18_outer2_SVM,A2CFC6311C185EAA2F17BA13E733D522713F64F2850C50F6EEF6E4CE1F592221,37,0.3079922027290448,2026-08-21 01:52:07.641098,2026-08-21 01:52:08.121134,0 days 00:00:00.480036,,,,,,0,0.34541062801932365,0.3079922027290448,0.5157029124326726,3,0.3448410761729676,0.31510219784706067,0.5143822032154696,COMPLETE,49.20002907997883,0.0710455609407364,,,,,,,,,,,
SVM,2,task_b_source_connected_class_neutral_v6_rigorous_A2CFC6311C18_outer2_SVM,A2CFC6311C185EAA2F17BA13E733D522713F64F2850C50F6EEF6E4CE1F592221,38,0.21501501501501505,2026-08-21 01:52:08.285771,2026-08-21 01:52:08.668927,0 days 00:00:00.383156,,,,,,0,0.32367149758454106,0.21501501501501505,0.5643067355211283,3,0.37549659311207545,0.2821458029269224,0.6354728145014923,COMPLETE,0.7922783608435842,1.1237705790968161e-05,,,,,,,,,,,
SVM,2,task_b_source_connected_class_neutral_v6_rigorous_A2CFC6311C18_outer2_SVM,A2CFC6311C185EAA2F17BA13E733D522713F64F2850C50F6EEF6E4CE1F592221,39,0.3666666666666667,2026-08-21 01:52:08.805797,2026-08-21 01:52:09.049931,0 days 00:00:00.244134,,,,,,0,0.38405797101449274,0.3666666666666667,0.6465765381198291,3,0.39077952199898763,0.38890972436515464,0.5564345152369438,COMPLETE,518.3014779003588,0.006025075043798638,,,,,,,,,,,
SVM,2,task_b_source_connected_class_neutral_v6_rigorous_A2CFC6311C18_outer2_SVM,A2CFC6311C185EAA2F17BA13E733D522713F64F2850C50F6EEF6E4CE1F592221,40,0.49516908212560384,2026-08-21 01:52:09.213210,2026-08-21 01:52:09.501348,0 days 00:00:00.288138,,,,,,0,0.49516908212560384,0.49516908212560384,0.7005438253095675,3,0.4629791233053456,0.45726950112915016,0.6199323655767811,COMPLETE,124.28161564035007,0.00012879184057598561,,,,,,,,,,,
SVM,2,task_b_source_connected_class_neutral_v6_rigorous_A2CFC6311C18_outer2_SVM,A2CFC6311C185EAA2F17BA13E733D522713F64F2850C50F6EEF6E4CE1F592221,41,0.43500000000000005,2026-08-21 01:52:09.682832,2026-08-21 01:52:10.193628,0 days 00:00:00.510796,,,,,,0,0.5241545893719807,0.43500000000000005,0.7387016561163863,3,0.5325251901564059,0.4605508314216252,0.6637542001189297,COMPLETE,16.103505237128754,1.9103014170636622e-05,,,,,,,,,,,
SVM,2,task_b_source_connected_class_neutral_v6_rigorous_A2CFC6311C18_outer2_SVM,A2CFC6311C185EAA2F17BA13E733D522713F64F2850C50F6EEF6E4CE1F592221,42,0.3837667454688731,2026-08-21 01:52:10.365455,2026-08-21 01:52:10.839918,0 days 00:00:00.474463,,,,,,0,0.48067632850241554,0.3837667454688731,0.7218991198845023,3,0.5226850917554219,0.4382726668328763,0.6612319843084412,COMPLETE,11.11227788839061,1.8846602639852838e-05,,,,,,,,,,,
SVM,2,task_b_source_connected_class_neutral_v6_rigorous_A2CFC6311C18_outer2_SVM,A2CFC6311C185EAA2F17BA13E733D522713F64F2850C50F6EEF6E4CE1F592221,43,0.48096215230278155,2026-08-21 01:52:11.002421,2026-08-21 01:52:11.383442,0 days 00:00:00.381021,,,,,,0,0.5402576489533012,0.48096215230278155,0.7375843328335833,3,0.47836195411038257,0.45176900077996357,0.6357451591398334,COMPLETE,48.953058304710154,4.846179134085407e-05,,,,,,,,,,,
SVM,2,task_b_source_connected_class_neutral_v6_rigorous_A2CFC6311C18_outer2_SVM,A2CFC6311C185EAA2F17BA13E733D522713F64F2850C50F6EEF6E4CE1F592221,44,0.24444444444444444,2026-08-21 01:52:11.563611,2026-08-21 01:52:12.110759,0 days 00:00:00.547148,,,,,,0,0.31884057971014496,0.24444444444444444,0.42078526708867797,3,0.3375890067159586,0.2682623814297578,0.4519756886597535,COMPLETE,267.3988372647401,0.31695630768182775,,,,,,,,,,,
SVM,2,task_b_source_connected_class_neutral_v6_rigorous_A2CFC6311C18_outer2_SVM,A2CFC6311C185EAA2F17BA13E733D522713F64F2850C50F6EEF6E4CE1F592221,45,0.5119047619047619,2026-08-21 01:52:12.266005,2026-08-21 01:52:12.665874,0 days 00:00:00.399869,,,,,,0,0.5958132045088567,0.5119047619047619,0.752831917374646,3,0.48390310299687317,0.44765578895918806,0.6514337537104031,COMPLETE,103.47322551880245,1.533306056120949e-05,,,,,,,,,,,
SVM,2,task_b_source_connected_class_neutral_v6_rigorous_A2CFC6311C18_outer2_SVM,A2CFC6311C185EAA2F17BA13E733D522713F64F2850C50F6EEF6E4CE1F592221,46,0.5201778385772914,2026-08-21 01:52:12.822417,2026-08-21 01:52:13.321990,0 days 00:00:00.499573,,,,,,0,0.5958132045088567,0.5201778385772914,0.7412377144760952,3,0.4781968072597746,0.4368933665247794,0.642274306453707,COMPLETE,37.396306726504854,3.448789116442688e-05,,,,,,,,,,,
SVM,2,task_b_source_connected_class_neutral_v6_rigorous_A2CFC6311C18_outer2_SVM,A2CFC6311C185EAA2F17BA13E733D522713F64F2850C50F6EEF6E4CE1F592221,47,0.24876543209876542,2026-08-21 01:52:13.466484,2026-08-21 01:52:13.773258,0 days 00:00:00.306774,,,,,,0,0.3526570048309179,0.24876543209876542,0.6081434976955966,3,0.4102186232409224,0.3260963076825582,0.6354930931383428,COMPLETE,7.0963929963147825,1.0624751589613866e-05,,,,,,,,,,,
SVM,2,task_b_source_connected_class_neutral_v6_rigorous_A2CFC6311C18_outer2_SVM,A2CFC6311C185EAA2F17BA13E733D522713F64F2850C50F6EEF6E4CE1F592221,48,0.39351851851851855,2026-08-21 01:52:13.948799,2026-08-21 01:52:14.265273,0 days 00:00:00.316474,,,,,,0,0.49516908212560384,0.39351851851851855,0.7130073851962907,3,0.5224120853098239,0.4473427380001775,0.6483832175709923,COMPLETE,2.4605859361168743,8.260037089590192e-05,,,,,,,,,,,
SVM,2,task_b_source_connected_class_neutral_v6_rigorous_A2CFC6311C18_outer2_SVM,A2CFC6311C185EAA2F17BA13E733D522713F64F2850C50F6EEF6E4CE1F592221,49,0.5075460487225193,2026-08-21 01:52:14.410751,2026-08-21 01:52:14.919323,0 days 00:00:00.508572,,,,,,0,0.5362318840579711,0.5075460487225193,0.7504223582653117,3,0.47612253956448697,0.45886732060220464,0.6503842584331606,COMPLETE,11.810212025394517,0.00023270610057890854,,,,,,,,,,,
SVM,2,task_b_source_connected_class_neutral_v6_rigorous_A2CFC6311C18_outer2_SVM,A2CFC6311C185EAA2F17BA13E733D522713F64F2850C50F6EEF6E4CE1F592221,50,0.21501501501501505,2026-08-21 01:52:15.091538,2026-08-21 01:52:15.476556,0 days 00:00:00.385018,,,,,,0,0.32367149758454106,0.21501501501501505,0.5717068549058804,3,0.3671030881158169,0.2702528174594826,0.6292054276734032,COMPLETE,0.7129991974066556,2.079074367458791e-05,,,,,,,,,,,
SVM,2,task_b_source_connected_class_neutral_v6_rigorous_A2CFC6311C18_outer2_SVM,A2CFC6311C185EAA2F17BA13E733D522713F64F2850C50F6EEF6E4CE1F592221,51,0.537847790507365,2026-08-21 01:52:15.620591,2026-08-21 01:52:16.040097,0 days 00:00:00.419506,,,,,,0,0.5837359098228664,0.537847790507365,0.7424516908212561,3,0.5225389471155646,0.45793534576820366,0.6616136150907543,COMPLETE,12.928767646200326,2.8068544458041226e-05,,,,,,,,,,,
SVM,2,task_b_source_connected_class_neutral_v6_rigorous_A2CFC6311C18_outer2_SVM,A2CFC6311C185EAA2F17BA13E733D522713F64F2850C50F6EEF6E4CE1F592221,52,0.5936988543371523,2026-08-21 01:52:16.215884,2026-08-21 01:52:16.575744,0 days 00:00:00.359860,,,,,,0,0.6537842190016103,0.5936988543371523,0.7540790368704536,3,0.49623407452378415,0.4449630314232902,0.6544482438551692,COMPLETE,22.87221854526604,2.9578569683742715e-05,,,,,,,,,,,
SVM,2,task_b_source_connected_class_neutral_v6_rigorous_A2CFC6311C18_outer2_SVM,A2CFC6311C185EAA2F17BA13E733D522713F64F2850C50F6EEF6E4CE1F592221,53,0.42737094837935174,2026-08-21 01:52:16.722640,2026-08-21 01:52:17.140937,0 days 00:00:00.418297,,,,,,0,0.5241545893719807,0.42737094837935174,0.7367210491976234,3,0.5392096988566523,0.4624920236805569,0.6653744016589699,COMPLETE,19.314160941272842,1.4478394191450744e-05,,,,,,,,,,,
SVM,2,task_b_source_connected_class_neutral_v6_rigorous_A2CFC6311C18_outer2_SVM,A2CFC6311C185EAA2F17BA13E733D522713F64F2850C50F6EEF6E4CE1F592221,54,0.4509379509379509,2026-08-21 01:52:17.315271,2026-08-21 01:52:17.609453,0 days 00:00:00.294182,,,,,,0,0.46618357487922707,0.4509379509379509,0.7272341259925592,3,0.47131375752842336,0.4523735209067321,0.6308750464467279,COMPLETE,68.76028644764739,5.3531099858710615e-05,,,,,,,,,,,
SVM,2,task_b_source_connected_class_neutral_v6_rigorous_A2CFC6311C18_outer2_SVM,A2CFC6311C185EAA2F17BA13E733D522713F64F2850C50F6EEF6E4CE1F592221,55,0.5322061191626409,2026-08-21 01:52:17.742950,2026-08-21 01:52:18.085260,0 days 00:00:00.342310,,,,,,0,0.5322061191626409,0.5322061191626409,0.7176056069187627,3,0.45625939637272656,0.4504055058656533,0.6207717091499095,COMPLETE,26.700240226808432,0.0006794751229664358,,,,,,,,,,,
SVM,2,task_b_source_connected_class_neutral_v6_rigorous_A2CFC6311C18_outer2_SVM,A2CFC6311C185EAA2F17BA13E733D522713F64F2850C50F6EEF6E4CE1F592221,56,0.19713261648745517,2026-08-21 01:52:18.251088,2026-08-21 01:52:18.815271,0 days 00:00:00.564183,,,,,,0,0.30917874396135264,0.19713261648745517,0.5615079612971291,3,0.39621493601025576,0.23981798626623643,0.6522640516101835,COMPLETE,0.010300392224124382,1.3777680340931045e-05,,,,,,,,,,,
SVM,2,task_b_source_connected_class_neutral_v6_rigorous_A2CFC6311C18_outer2_SVM,A2CFC6311C185EAA2F17BA13E733D522713F64F2850C50F6EEF6E4CE1F592221,57,0.39386775556988324,2026-08-21 01:52:19.017846,2026-08-21 01:52:19.416828,0 days 00:00:00.398982,,,,,,0,0.38808373590982287,0.39386775556988324,0.6521202940196568,3,0.43779299584925974,0.4353512818741175,0.6079148726512154,COMPLETE,44.67753314775667,0.0014337115135099746,,,,,,,,,,,
SVM,2,task_b_source_connected_class_neutral_v6_rigorous_A2CFC6311C18_outer2_SVM,A2CFC6311C185EAA2F17BA13E733D522713F64F2850C50F6EEF6E4CE1F592221,58,0.21501501501501505,2026-08-21 01:52:19.561649,2026-08-21 01:52:20.144070,0 days 00:00:00.582421,,,,,,0,0.32367149758454106,0.21501501501501505,0.5841521947359654,3,0.36145163420215126,0.2770370189951917,0.6331226549651875,COMPLETE,5.52867268264926,1.013712529479514e-05,,,,,,,,,,,
SVM,2,task_b_source_connected_class_neutral_v6_rigorous_A2CFC6311C18_outer2_SVM,A2CFC6311C185EAA2F17BA13E733D522713F64F2850C50F6EEF6E4CE1F592221,59,0.5936988543371523,2026-08-21 01:52:20.285931,2026-08-21 01:52:20.559351,0 days 00:00:00.273420,,,,,,0,0.6537842190016103,0.5936988543371523,0.7540790368704536,3,0.49623407452378415,0.44467326222883125,0.6533133015760281,COMPLETE,23.107574382065515,2.9669786791066397e-05,,,,,,,,,,,
MLP,2,task_b_source_connected_class_neutral_v6_rigorous_A2CFC6311C18_outer2_MLP,A2CFC6311C185EAA2F17BA13E733D522713F64F2850C50F6EEF6E4CE1F592221,0,0.38535745047372955,2026-08-21 01:52:20.926058,2026-08-21 01:52:23.378579,0 days 00:00:02.452521,,,,,,0,0.41867954911433164,0.38535745047372955,0.538984674329502,3,0.40578533531244965,0.3946405242046533,0.5041338561882086,COMPLETE,,,0.0008036780565037116,256.0,96.0,96.0,0.005271275280369745,,,,,,
MLP,2,task_b_source_connected_class_neutral_v6_rigorous_A2CFC6311C18_outer2_MLP,A2CFC6311C185EAA2F17BA13E733D522713F64F2850C50F6EEF6E4CE1F592221,1,0.4615199615199615,2026-08-21 01:52:23.549420,2026-08-21 01:52:32.993692,0 days 00:00:09.444272,,,,,,0,0.4847020933977455,0.4615199615199615,0.6192585998667333,3,0.4388532109687175,0.43658614221230235,0.5480599846304303,COMPLETE,,,2.775619297221228e-06,128.0,64.0,64.0,0.00043601709019654215,,,,,,
MLP,2,task_b_source_connected_class_neutral_v6_rigorous_A2CFC6311C18_outer2_MLP,A2CFC6311C185EAA2F17BA13E733D522713F64F2850C50F6EEF6E4CE1F592221,2,0.3746654217242453,2026-08-21 01:52:33.171534,2026-08-21 01:52:36.149079,0 days 00:00:02.977545,,,,,,0,0.39210950080515294,0.3746654217242453,0.5374115025820423,3,0.3874691083785879,0.3826687312511608,0.4931180959173583,COMPLETE,,,1.976428767050532e-06,256.0,128.0,96.0,0.005249310892149484,,,,,,
MLP,2,task_b_source_connected_class_neutral_v6_rigorous_A2CFC6311C18_outer2_MLP,A2CFC6311C185EAA2F17BA13E733D522713F64F2850C50F6EEF6E4CE1F592221,3,0.40583977426082685,2026-08-21 01:52:36.421898,2026-08-21 01:52:47.906707,0 days 00:00:11.484809,,,,,,0,0.4146537842190016,0.40583977426082685,0.5732895704925315,3,0.3790201401785871,0.37439627688822497,0.49365642390823133,COMPLETE,,,1.1722280601232646e-06,256.0,192.0,64.0,0.00041247465398081446,,,,,,
MLP,2,task_b_source_connected_class_neutral_v6_rigorous_A2CFC6311C18_outer2_MLP,A2CFC6311C185EAA2F17BA13E733D522713F64F2850C50F6EEF6E4CE1F592221,4,0.41388110799875505,2026-08-21 01:52:48.044851,2026-08-21 01:52:51.085308,0 days 00:00:03.040457,,,,,,0,0.42914653784219,0.41388110799875505,0.5388816008662336,3,0.39886207626172476,0.3927331461773167,0.4917566734459864,COMPLETE,,,8.894389897465945e-05,128.0,160.0,64.0,0.004491087813743273,,,,,,
MLP,2,task_b_source_connected_class_neutral_v6_rigorous_A2CFC6311C18_outer2_MLP,A2CFC6311C185EAA2F17BA13E733D522713F64F2850C50F6EEF6E4CE1F592221,5,0.4615199615199615,2026-08-21 01:52:51.241646,2026-08-21 01:52:53.503417,0 days 00:00:02.261771,,,,,,0,0.4847020933977455,0.4615199615199615,0.5846245280137708,3,0.42701244837231633,0.4175839803154533,0.5353143129525434,COMPLETE,,,0.0028873597676767324,128.0,64.0,64.0,0.004570980766524626,,,,,,
MLP,2,task_b_source_connected_class_neutral_v6_rigorous_A2CFC6311C18_outer2_MLP,A2CFC6311C185EAA2F17BA13E733D522713F64F2850C50F6EEF6E4CE1F592221,6,0.4763149704326175,2026-08-21 01:52:53.655352,2026-08-21 01:52:55.907654,0 days 00:00:02.252302,,,,,,0,0.499194847020934,0.4763149704326175,0.5442563440501971,3,0.3858925863556269,0.37646022599834855,0.5112861582025553,COMPLETE,,,5.5061399956407654e-05,64.0,64.0,64.0,0.00939339442074371,,,,,,
MLP,2,task_b_source_connected_class_neutral_v6_rigorous_A2CFC6311C18_outer2_MLP,A2CFC6311C185EAA2F17BA13E733D522713F64F2850C50F6EEF6E4CE1F592221,7,0.3444444444444444,2026-08-21 01:52:56.055247,2026-08-21 01:53:22.738518,0 days 00:00:26.683271,,,,,,0,0.3446054750402577,0.3444444444444444,0.5628279610194903,3,0.37479723959614925,0.37110805019895926,0.4867383121495053,COMPLETE,,,2.730791450480245e-05,64.0,192.0,32.0,0.00014297721257787893,,,,,,
MLP,2,task_b_source_connected_class_neutral_v6_rigorous_A2CFC6311C18_outer2_MLP,A2CFC6311C185EAA2F17BA13E733D522713F64F2850C50F6EEF6E4CE1F592221,8,0.43283004258614016,2026-08-21 01:53:22.898867,2026-08-21 01:53:32.500706,0 days 00:00:09.601839,,,,,,0,0.45571658615136873,0.43283004258614016,0.560651271586429,3,0.4097826347535361,0.40789973520898376,0.5130260917247726,COMPLETE,,,1.2879548973155608e-06,64.0,96.0,96.0,0.0006268287468460945,,,,,,
MLP,2,task_b_source_connected_class_neutral_v6_rigorous_A2CFC6311C18_outer2_MLP,A2CFC6311C185EAA2F17BA13E733D522713F64F2850C50F6EEF6E4CE1F592221,9,0.3444444444444444,2026-08-21 01:53:32.644833,2026-08-21 01:54:03.746112,0 days 00:00:31.101279,,,,,,2,0.3446054750402577,0.3444444444444444,0.5484983202843022,3,0.3516722306262239,0.3507521281013621,0.4791667839604224,COMPLETE,,,0.003461646434524156,256.0,192.0,96.0,0.00011047567952772383,,,,,,
MLP,2,task_b_source_connected_class_neutral_v6_rigorous_A2CFC6311C18_outer2_MLP,A2CFC6311C185EAA2F17BA13E733D522713F64F2850C50F6EEF6E4CE1F592221,10,0.3834757834757834,2026-08-21 01:54:03.922187,2026-08-21 01:54:06.243989,0 days 00:00:02.321802,,,,,,0,0.39210950080515294,0.3834757834757834,0.4765844508301405,3,0.36511072235420877,0.3653593600300007,0.4836946836325114,COMPLETE,,,1.6234955534383688e-05,64.0,96.0,32.0,0.01765083371499139,,,,,,
MLP,2,task_b_source_connected_class_neutral_v6_rigorous_A2CFC6311C18_outer2_MLP,A2CFC6311C185EAA2F17BA13E733D522713F64F2850C50F6EEF6E4CE1F592221,11,0.40583977426082685,2026-08-21 01:54:06.414423,2026-08-21 01:54:11.985795,0 days 00:00:05.571372,,,,,,0,0.4146537842190016,0.40583977426082685,0.5915023391082236,3,0.42743500702720993,0.4253483747172801,0.5354650696607203,COMPLETE,,,6.960356409431007e-06,128.0,64.0,64.0,0.0011510560857419226,,,,,,
MLP,2,task_b_source_connected_class_neutral_v6_rigorous_A2CFC6311C18_outer2_MLP,A2CFC6311C185EAA2F17BA13E733D522713F64F2850C50F6EEF6E4CE1F592221,12,0.37387914230019487,2026-08-21 01:54:12.142820,2026-08-21 01:54:14.628729,0 days 00:00:02.485909,,,,,,0,0.3735909822866345,0.37387914230019487,0.5379221847409629,3,0.37944989481835373,0.37837261398192207,0.5079295583262935,COMPLETE,,,0.00034819593268023506,64.0,64.0,64.0,0.01892969749098778,,,,,,
MLP,2,task_b_source_connected_class_neutral_v6_rigorous_A2CFC6311C18_outer2_MLP,A2CFC6311C185EAA2F17BA13E733D522713F64F2850C50F6EEF6E4CE1F592221,13,0.32531055900621114,2026-08-21 01:54:14.788565,2026-08-21 01:54:26.073680,0 days 00:00:11.285115,,,,,,0,0.3365539452495974,0.32531055900621114,0.4958328127602865,3,0.3603786106305102,0.3529977890764575,0.4703576827667386,COMPLETE,,,0.0001400395070915939,128.0,128.0,32.0,0.0003267995461214365,,,,,,
MLP,2,task_b_source_connected_class_neutral_v6_rigorous_A2CFC6311C18_outer2_MLP,A2CFC6311C185EAA2F17BA13E733D522713F64F2850C50F6EEF6E4CE1F592221,14,0.40583977426082685,2026-08-21 01:54:26.237943,2026-08-21 01:54:29.542962,0 days 00:00:03.305019,,,,,,0,0.4146537842190016,0.40583977426082685,0.5445041368204787,3,0.4101690130388039,0.40780197689633346,0.5273196830829314,COMPLETE,,,5.041726365737552e-06,128.0,64.0,64.0,0.002548403086042702,,,,,,
MLP,2,task_b_source_connected_class_neutral_v6_rigorous_A2CFC6311C18_outer2_MLP,A2CFC6311C185EAA2F17BA13E733D522713F64F2850C50F6EEF6E4CE1F592221,15,0.4622020166695809,2026-08-21 01:54:29.709188,2026-08-21 01:54:35.471969,0 days 00:00:05.762781,,,,,,0,0.4847020933977455,0.4622020166695809,0.5617321547559554,3,0.41105347775334217,0.4066982809077501,0.5058556294657212,COMPLETE,,,4.781987743972335e-05,64.0,96.0,32.0,0.0014375477884545696,,,,,,
MLP,2,task_b_source_connected_class_neutral_v6_rigorous_A2CFC6311C18_outer2_MLP,A2CFC6311C185EAA2F17BA13E733D522713F64F2850C50F6EEF6E4CE1F592221,16,0.38812404394381866,2026-08-21 01:54:35.651252,2026-08-21 01:54:38.196182,0 days 00:00:02.544930,,,,,,0,0.38808373590982287,0.38812404394381866,0.47551849075462277,3,0.36544418309055,0.36639053322270804,0.4637059970352279,COMPLETE,,,5.050386346659292e-05,64.0,96.0,32.0,0.009691712268119096,,,,,,
MLP,2,task_b_source_connected_class_neutral_v6_rigorous_A2CFC6311C18_outer2_MLP,A2CFC6311C185EAA2F17BA13E733D522713F64F2850C50F6EEF6E4CE1F592221,17,0.34281232951445717,2026-08-21 01:54:38.358766,2026-08-21 01:54:43.988912,0 days 00:00:05.630146,,,,,,0,0.35104669887278583,0.34281232951445717,0.5075750319284801,3,0.3851455870011409,0.37779988078174814,0.48701793580762204,COMPLETE,,,0.00031983486720931506,64.0,128.0,32.0,0.0016891990294154629,,,,,,
MLP,2,task_b_source_connected_class_neutral_v6_rigorous_A2CFC6311C18_outer2_MLP,A2CFC6311C185EAA2F17BA13E733D522713F64F2850C50F6EEF6E4CE1F592221,18,0.4615199615199615,2026-08-21 01:54:44.131529,2026-08-21 01:54:52.327585,0 days 00:00:08.196056,,,,,,0,0.4847020933977455,0.4615199615199615,0.5531695957576767,3,0.40215575270282394,0.39648807080098797,0.49454231920513014,COMPLETE,,,1.611188459096699e-05,64.0,96.0,32.0,0.0009827527104343523,,,,,,
MLP,2,task_b_source_connected_class_neutral_v6_rigorous_A2CFC6311C18_outer2_MLP,A2CFC6311C185EAA2F17BA13E733D522713F64F2850C50F6EEF6E4CE1F592221,19,0.38742236024844723,2026-08-21 01:54:52.469495,2026-08-21 01:54:57.540673,0 days 00:00:05.071178,,,,,,0,0.4066022544283414,0.38742236024844723,0.5176774459992225,3,0.39020213942443177,0.3794416822234134,0.49562539621748014,COMPLETE,,,0.0009074599813322109,64.0,128.0,32.0,0.00211970080666396,,,,,,
MLP,2,task_b_source_connected_class_neutral_v6_rigorous_A2CFC6311C18_outer2_MLP,A2CFC6311C185EAA2F17BA13E733D522713F64F2850C50F6EEF6E4CE1F592221,20,0.3694012722145715,2026-08-21 01:54:57.703517,2026-08-21 01:55:00.967339,0 days 00:00:03.263822,,,,,,0,0.3735909822866345,0.3694012722145715,0.5205609001055028,3,0.40214015806151154,0.38349170905096336,0.5269984264614261,COMPLETE,,,0.00014816842090928438,64.0,160.0,64.0,0.008719711637541039,,,,,,
MLP,2,task_b_source_connected_class_neutral_v6_rigorous_A2CFC6311C18_outer2_MLP,A2CFC6311C185EAA2F17BA13E733D522713F64F2850C50F6EEF6E4CE1F592221,21,0.4615199615199615,2026-08-21 01:55:01.126192,2026-08-21 01:55:14.987335,0 days 00:00:13.861143,,,,,,0,0.4847020933977455,0.4615199615199615,0.618177716697207,3,0.4311854982183223,0.42793551477004144,0.5435191006754584,COMPLETE,,,5.4152588609129235e-06,128.0,64.0,64.0,0.00026711974314360564,,,,,,
MLP,2,task_b_source_connected_class_neutral_v6_rigorous_A2CFC6311C18_outer2_MLP,A2CFC6311C185EAA2F17BA13E733D522713F64F2850C50F6EEF6E4CE1F592221,22,0.4615199615199615,2026-08-21 01:55:15.169371,2026-08-21 01:55:22.111685,0 days 00:00:06.942314,,,,,,0,0.4847020933977455,0.4615199615199615,0.6088270101060581,3,0.43526945014577584,0.43012207999429614,0.5444000564987158,COMPLETE,,,4.130342524639914e-05,64.0,64.0,64.0,0.000648396668262189,,,,,,
MLP,2,task_b_source_connected_class_neutral_v6_rigorous_A2CFC6311C18_outer2_MLP,A2CFC6311C185EAA2F17BA13E733D522713F64F2850C50F6EEF6E4CE1F592221,23,0.4146198830409357,2026-08-21 01:55:22.287188,2026-08-21 01:55:39.607079,0 days 00:00:17.319891,,,,,,0,0.4146537842190016,0.4146198830409357,0.5706721292131711,3,0.3967052852524484,0.3964069277195011,0.5085562725847956,COMPLETE,,,0.008751696723116995,128.0,96.0,96.0,0.0001881020396182006,,,,,,
MLP,2,task_b_source_connected_class_neutral_v6_rigorous_A2CFC6311C18_outer2_MLP,A2CFC6311C185EAA2F17BA13E733D522713F64F2850C50F6EEF6E4CE1F592221,24,0.35560053981106615,2026-08-21 01:55:39.758937,2026-08-21 01:55:50.700111,0 days 00:00:10.941174,,,,,,0,0.36312399355877617,0.35560053981106615,0.5551319826198012,3,0.38592780458799963,0.3805937531520021,0.484351238792222,COMPLETE,,,1.0931202148030156e-05,64.0,64.0,32.0,0.0006266770202598699,,,,,,
MLP,2,task_b_source_connected_class_neutral_v6_rigorous_A2CFC6311C18_outer2_MLP,A2CFC6311C185EAA2F17BA13E733D522713F64F2850C50F6EEF6E4CE1F592221,25,0.322061191626409,2026-08-21 01:55:50.848153,2026-08-21 01:55:52.984285,0 days 00:00:02.136132,,,,,,0,0.322061191626409,0.322061191626409,0.5255096410128269,3,0.37634511799130116,0.37347986191083454,0.48460750838845135,COMPLETE,,,2.599732850029517e-06,128.0,96.0,64.0,0.003330065078705962,,,,,,
MLP,2,task_b_source_connected_class_neutral_v6_rigorous_A2CFC6311C18_outer2_MLP,A2CFC6311C185EAA2F17BA13E733D522713F64F2850C50F6EEF6E4CE1F592221,26,0.41388110799875505,2026-08-21 01:55:53.141899,2026-08-21 01:55:56.005981,0 days 00:00:02.864082,,,,,,0,0.42914653784219,0.41388110799875505,0.5526741837414626,3,0.4007988785969601,0.3921037477015738,0.5210679044445321,COMPLETE,,,5.611246797365843e-05,64.0,64.0,96.0,0.009463819328604932,,,,,,
MLP,2,task_b_source_connected_class_neutral_v6_rigorous_A2CFC6311C18_outer2_MLP,A2CFC6311C185EAA2F17BA13E733D522713F64F2850C50F6EEF6E4CE1F592221,27,0.322061191626409,2026-08-21 01:55:56.176154,2026-08-21 01:56:04.363441,0 days 00:00:08.187287,,,,,,0,0.322061191626409,0.322061191626409,0.5139340052196123,3,0.3761733965361295,0.3717703022298595,0.47670490073971544,COMPLETE,,,0.0003156506352282746,64.0,96.0,64.0,0.0008401105923525109,,,,,,
MLP,2,task_b_source_connected_class_neutral_v6_rigorous_A2CFC6311C18_outer2_MLP,A2CFC6311C185EAA2F17BA13E733D522713F64F2850C50F6EEF6E4CE1F592221,28,0.36171236171236165,2026-08-21 01:56:04.531360,2026-08-21 01:56:08.277666,0 days 00:00:03.746306,,,,,,0,0.37761674718196464,0.36171236171236165,0.5640054972513743,3,0.3729673347186506,0.3648366612697996,0.4853678256238383,COMPLETE,,,2.7597531289509813e-05,256.0,64.0,32.0,0.0015854091307522184,,,,,,
MLP,2,task_b_source_connected_class_neutral_v6_rigorous_A2CFC6311C18_outer2_MLP,A2CFC6311C185EAA2F17BA13E733D522713F64F2850C50F6EEF6E4CE1F592221,29,0.4146198830409357,2026-08-21 01:56:08.448337,2026-08-21 01:56:22.925389,0 days 00:00:14.477052,,,,,,0,0.4146537842190016,0.4146198830409357,0.5650712838025432,3,0.40020896819358653,0.39948323407529385,0.5090670733582353,COMPLETE,,,0.0007509295092580539,128.0,96.0,96.0,0.00023210299945785278,,,,,,
MLP,2,task_b_source_connected_class_neutral_v6_rigorous_A2CFC6311C18_outer2_MLP,A2CFC6311C185EAA2F17BA13E733D522713F64F2850C50F6EEF6E4CE1F592221,30,0.3814676372221129,2026-08-21 01:56:23.068669,2026-08-21 01:56:32.877807,0 days 00:00:09.809138,,,,,,0,0.39210950080515294,0.3814676372221129,0.548975685768227,3,0.39279367616047584,0.3956902003790879,0.5027607089945528,COMPLETE,,,3.0268305244392244e-06,256.0,96.0,64.0,0.00041441254183364486,,,,,,
MLP,2,task_b_source_connected_class_neutral_v6_rigorous_A2CFC6311C18_outer2_MLP,A2CFC6311C185EAA2F17BA13E733D522713F64F2850C50F6EEF6E4CE1F592221,31,0.4615199615199615,2026-08-21 01:56:33.021495,2026-08-21 01:56:36.184650,0 days 00:00:03.163155,,,,,,0,0.4847020933977455,0.4615199615199615,0.5845096548947748,3,0.4164817759578418,0.4074051480887335,0.5266176201181114,COMPLETE,,,0.0026410844038136454,128.0,64.0,64.0,0.003565052738279313,,,,,,
MLP,2,task_b_source_connected_class_neutral_v6_rigorous_A2CFC6311C18_outer2_MLP,A2CFC6311C185EAA2F17BA13E733D522713F64F2850C50F6EEF6E4CE1F592221,32,0.4205128205128205,2026-08-21 01:56:36.343325,2026-08-21 01:56:38.374410,0 days 00:00:02.031085,,,,,,0,0.42914653784219,0.4205128205128205,0.548091058637348,3,0.4063540386072005,0.3994497867894676,0.5225074816889043,COMPLETE,,,8.971639289854408e-05,128.0,64.0,64.0,0.007741662515868813,,,,,,
MLP,2,task_b_source_connected_class_neutral_v6_rigorous_A2CFC6311C18_outer2_MLP,A2CFC6311C185EAA2F17BA13E733D522713F64F2850C50F6EEF6E4CE1F592221,33,0.43517607711981116,2026-08-21 01:56:38.518033,2026-08-21 01:56:40.436278,0 days 00:00:01.918245,,,,,,0,0.44363929146537845,0.43517607711981116,0.5859648300849575,3,0.38884123636882023,0.38521158177781967,0.5174270236501677,COMPLETE,,,0.0015574803698310497,128.0,64.0,64.0,0.012887416873417672,,,,,,
MLP,2,task_b_source_connected_class_neutral_v6_rigorous_A2CFC6311C18_outer2_MLP,A2CFC6311C185EAA2F17BA13E733D522713F64F2850C50F6EEF6E4CE1F592221,34,0.4205128205128205,2026-08-21 01:56:40.586910,2026-08-21 01:56:43.010770,0 days 00:00:02.423860,,,,,,0,0.42914653784219,0.4205128205128205,0.5691655908157033,3,0.4175908796764782,0.410996318870509,0.5192104271769686,COMPLETE,,,0.00017160981312227538,128.0,64.0,64.0,0.006280649540487847,,,,,,
MLP,2,task_b_source_connected_class_neutral_v6_rigorous_A2CFC6311C18_outer2_MLP,A2CFC6311C185EAA2F17BA13E733D522713F64F2850C50F6EEF6E4CE1F592221,35,0.322061191626409,2026-08-21 01:56:43.164064,2026-08-21 01:56:45.789514,0 days 00:00:02.625450,,,,,,0,0.322061191626409,0.322061191626409,0.5327318979399189,3,0.3910398202150329,0.38646260322189613,0.49821572708454503,COMPLETE,,,0.009145360183073681,256.0,96.0,64.0,0.004545117564847594,,,,,,
MLP,2,task_b_source_connected_class_neutral_v6_rigorous_A2CFC6311C18_outer2_MLP,A2CFC6311C185EAA2F17BA13E733D522713F64F2850C50F6EEF6E4CE1F592221,36,0.3694012722145715,2026-08-21 01:56:45.952151,2026-08-21 01:56:49.351913,0 days 00:00:03.399762,,,,,,0,0.3735909822866345,0.3694012722145715,0.5350501832417125,3,0.34070278353523387,0.3339086026724643,0.4754261306611817,COMPLETE,,,1.992550963634511e-05,128.0,160.0,96.0,0.005807158731215289,,,,,,
MLP,2,task_b_source_connected_class_neutral_v6_rigorous_A2CFC6311C18_outer2_MLP,A2CFC6311C185EAA2F17BA13E733D522713F64F2850C50F6EEF6E4CE1F592221,37,0.37686387686387685,2026-08-21 01:56:49.519194,2026-08-21 01:56:53.591707,0 days 00:00:04.072513,,,,,,0,0.39210950080515294,0.37686387686387685,0.5450628852240547,3,0.39242595932901514,0.3829639611330314,0.4990681397692369,COMPLETE,,,9.164705406353485e-06,64.0,64.0,32.0,0.0027612112342966406,,,,,,
MLP,2,task_b_source_connected_class_neutral_v6_rigorous_A2CFC6311C18_outer2_MLP,A2CFC6311C185EAA2F17BA13E733D522713F64F2850C50F6EEF6E4CE1F592221,38,0.4205128205128205,2026-08-21 01:56:53.765385,2026-08-21 01:56:55.728843,0 days 00:00:01.963458,,,,,,0,0.42914653784219,0.4205128205128205,0.5492833444388917,3,0.3937556731020018,0.3904243439419319,0.5063028979189518,COMPLETE,,,1.0911231980718577e-06,256.0,128.0,96.0,0.014351122097766176,,,,,,
MLP,2,task_b_source_connected_class_neutral_v6_rigorous_A2CFC6311C18_outer2_MLP,A2CFC6311C185EAA2F17BA13E733D522713F64F2850C50F6EEF6E4CE1F592221,39,0.4484848484848485,2026-08-21 01:56:55.941817,2026-08-21 01:57:00.748581,0 days 00:00:04.806764,,,,,,0,0.4516908212560386,0.4484848484848485,0.5945820492531512,3,0.4319823483092402,0.42806156608520246,0.5407274576668745,COMPLETE,,,0.0046427809831070905,128.0,64.0,64.0,0.0013892306581364013,,,,,,
MLP,2,task_b_source_connected_class_neutral_v6_rigorous_A2CFC6311C18_outer2_MLP,A2CFC6311C185EAA2F17BA13E733D522713F64F2850C50F6EEF6E4CE1F592221,40,0.5073610599926389,2026-08-21 01:57:00.904011,2026-08-21 01:57:12.984894,0 days 00:00:12.080883,,,,,,0,0.5217391304347826,0.5073610599926389,0.5658927480704092,3,0.3924113268249559,0.3854974781680325,0.49782138868197806,COMPLETE,,,3.3679957276180403e-05,64.0,96.0,32.0,0.0004567291812368206,,,,,,
MLP,2,task_b_source_connected_class_neutral_v6_rigorous_A2CFC6311C18_outer2_MLP,A2CFC6311C185EAA2F17BA13E733D522713F64F2850C50F6EEF6E4CE1F592221,41,0.34722222222222227,2026-08-21 01:57:13.142206,2026-08-21 01:57:24.124508,0 days 00:00:10.982302,,,,,,0,0.35104669887278583,0.34722222222222227,0.5065272919096008,3,0.37617181301856695,0.3751078711735349,0.4944763807945855,COMPLETE,,,8.217485925653115e-05,64.0,128.0,32.0,0.0005491263035834114,,,,,,
MLP,2,task_b_source_connected_class_neutral_v6_rigorous_A2CFC6311C18_outer2_MLP,A2CFC6311C185EAA2F17BA13E733D522713F64F2850C50F6EEF6E4CE1F592221,42,0.5073610599926389,2026-08-21 01:57:24.278083,2026-08-21 01:57:39.348205,0 days 00:00:15.070122,,,,,,0,0.5217391304347826,0.5073610599926389,0.5738516158587372,3,0.4131760126674991,0.40682714408311926,0.4978956898978122,COMPLETE,,,4.379876033941704e-05,64.0,96.0,32.0,0.0003644478179841809,,,,,,
MLP,2,task_b_source_connected_class_neutral_v6_rigorous_A2CFC6311C18_outer2_MLP,A2CFC6311C185EAA2F17BA13E733D522713F64F2850C50F6EEF6E4CE1F592221,43,0.5073610599926389,2026-08-21 01:57:39.509450,2026-08-21 01:57:51.603781,0 days 00:00:12.094331,,,,,,0,0.5217391304347826,0.5073610599926389,0.5675141595868732,3,0.3979312686028236,0.3931920115007895,0.4958873788948941,COMPLETE,,,3.259370673982843e-05,64.0,96.0,32.0,0.0004266527113850961,,,,,,
MLP,2,task_b_source_connected_class_neutral_v6_rigorous_A2CFC6311C18_outer2_MLP,A2CFC6311C185EAA2F17BA13E733D522713F64F2850C50F6EEF6E4CE1F592221,44,0.34722222222222227,2026-08-21 01:57:51.745573,2026-08-21 01:58:08.182974,0 days 00:00:16.437401,,,,,,0,0.35104669887278583,0.34722222222222227,0.5071342800821812,3,0.37489194998201203,0.36939422894974694,0.48820903455277714,COMPLETE,,,3.280346268163771e-05,64.0,128.0,32.0,0.00032415195173749064,,,,,,
MLP,2,task_b_source_connected_class_neutral_v6_rigorous_A2CFC6311C18_outer2_MLP,A2CFC6311C185EAA2F17BA13E733D522713F64F2850C50F6EEF6E4CE1F592221,45,0.5073610599926389,2026-08-21 01:58:08.340957,2026-08-21 01:58:29.633530,0 days 00:00:21.292573,,,,,,0,0.5217391304347826,0.5073610599926389,0.5877372077849964,3,0.41868535089105535,0.4129744794080223,0.5131324629126995,COMPLETE,,,6.726700550633873e-05,64.0,96.0,32.0,0.00017677215381520765,,,,,,
MLP,2,task_b_source_connected_class_neutral_v6_rigorous_A2CFC6311C18_outer2_MLP,A2CFC6311C185EAA2F17BA13E733D522713F64F2850C50F6EEF6E4CE1F592221,46,0.5073610599926389,2026-08-21 01:58:29.766817,2026-08-21 01:58:53.611582,0 days 00:00:23.844765,,,,,,0,0.5217391304347826,0.5073610599926389,0.5858530804042423,3,0.40906183359467385,0.4052498649451944,0.5066136981249448,COMPLETE,,,6.611931073059145e-05,64.0,96.0,32.0,0.00014140858913115053,,,,,,
MLP,2,task_b_source_connected_class_neutral_v6_rigorous_A2CFC6311C18_outer2_MLP,A2CFC6311C185EAA2F17BA13E733D522713F64F2850C50F6EEF6E4CE1F592221,47,0.5073610599926389,2026-08-21 01:58:53.755470,2026-08-21 01:59:21.924919,0 days 00:00:28.169449,,,,,,0,0.5217391304347826,0.5073610599926389,0.585034913099006,3,0.41073561165831335,0.40481056804241816,0.507983838452382,COMPLETE,,,7.048795243338233e-05,64.0,96.0,32.0,0.00011453651329199108,,,,,,
MLP,2,task_b_source_connected_class_neutral_v6_rigorous_A2CFC6311C18_outer2_MLP,A2CFC6311C185EAA2F17BA13E733D522713F64F2850C50F6EEF6E4CE1F592221,48,0.46452241715399606,2026-08-21 01:59:22.083889,2026-08-21 01:59:44.102562,0 days 00:00:22.018673,,,,,,0,0.46618357487922707,0.46452241715399606,0.5821846021433728,3,0.40016410854415563,0.3957954812339511,0.49968823650989086,COMPLETE,,,0.0002065421294773533,64.0,96.0,32.0,0.000157302149077437,,,,,,
MLP,2,task_b_source_connected_class_neutral_v6_rigorous_A2CFC6311C18_outer2_MLP,A2CFC6311C185EAA2F17BA13E733D522713F64F2850C50F6EEF6E4CE1F592221,49,0.5073610599926389,2026-08-21 01:59:44.275166,2026-08-21 02:00:02.463414,0 days 00:00:18.188248,,,,,,0,0.5217391304347826,0.5073610599926389,0.5826435740463102,3,0.4138257559813067,0.4116192889105313,0.5036444058283515,COMPLETE,,,2.251671690166002e-05,64.0,96.0,32.0,0.00022131094138006885,,,,,,
MLP,2,task_b_source_connected_class_neutral_v6_rigorous_A2CFC6311C18_outer2_MLP,A2CFC6311C185EAA2F17BA13E733D522713F64F2850C50F6EEF6E4CE1F592221,50,0.32862793235133664,2026-08-21 02:00:02.664137,2026-08-21 02:00:26.979030,0 days 00:00:24.314893,,,,,,0,0.3365539452495974,0.32862793235133664,0.5050056568937754,3,0.36400819324013595,0.3596970860398165,0.4772341563707638,COMPLETE,,,0.00011902926013572268,64.0,128.0,32.0,0.00015092076705152657,,,,,,
MLP,2,task_b_source_connected_class_neutral_v6_rigorous_A2CFC6311C18_outer2_MLP,A2CFC6311C185EAA2F17BA13E733D522713F64F2850C50F6EEF6E4CE1F592221,51,0.5073610599926389,2026-08-21 02:00:27.120290,2026-08-21 02:00:39.325833,0 days 00:00:12.205543,,,,,,0,0.5217391304347826,0.5073610599926389,0.5710013049031041,3,0.4143954214133107,0.4112443556616893,0.5026139899348392,COMPLETE,,,6.688998139787349e-05,64.0,96.0,32.0,0.0003282212064886609,,,,,,
MLP,2,task_b_source_connected_class_neutral_v6_rigorous_A2CFC6311C18_outer2_MLP,A2CFC6311C185EAA2F17BA13E733D522713F64F2850C50F6EEF6E4CE1F592221,52,0.5073610599926389,2026-08-21 02:00:39.509286,2026-08-21 02:01:08.868447,0 days 00:00:29.359161,,,,,,0,0.5217391304347826,0.5073610599926389,0.587130219612416,3,0.40644568218056865,0.40005084468276536,0.5035982209174669,COMPLETE,,,3.409300391311099e-05,64.0,96.0,32.0,0.00011298701120382657,,,,,,
MLP,2,task_b_source_connected_class_neutral_v6_rigorous_A2CFC6311C18_outer2_MLP,A2CFC6311C185EAA2F17BA13E733D522713F64F2850C50F6EEF6E4CE1F592221,53,0.46452241715399606,2026-08-21 02:01:09.039381,2026-08-21 02:01:38.684612,0 days 00:00:29.645231,,,,,,0,0.46618357487922707,0.46452241715399606,0.581677390471431,3,0.40420223868492516,0.3993569049860733,0.5052098125024337,COMPLETE,,,1.2487846995076632e-05,64.0,96.0,32.0,0.00010886463307348486,,,,,,
MLP,2,task_b_source_connected_class_neutral_v6_rigorous_A2CFC6311C18_outer2_MLP,A2CFC6311C185EAA2F17BA13E733D522713F64F2850C50F6EEF6E4CE1F592221,54,0.5073610599926389,2026-08-21 02:01:38.839073,2026-08-21 02:01:59.255835,0 days 00:00:20.416762,,,,,,0,0.5217391304347826,0.5073610599926389,0.5820216627797212,3,0.40947537221281866,0.4049079542947705,0.5005811480034638,COMPLETE,,,9.530970626347642e-05,64.0,96.0,32.0,0.00019045559275920619,,,,,,
MLP,2,task_b_source_connected_class_neutral_v6_rigorous_A2CFC6311C18_outer2_MLP,A2CFC6311C185EAA2F17BA13E733D522713F64F2850C50F6EEF6E4CE1F592221,55,0.5073610599926389,2026-08-21 02:01:59.416524,2026-08-21 02:02:25.895301,0 days 00:00:26.478777,,,,,,0,0.5217391304347826,0.5073610599926389,0.5906024418346382,3,0.4117792699992055,0.40651283778175934,0.5069667510807206,COMPLETE,,,6.786755302006193e-05,64.0,96.0,32.0,0.00012531448563526482,,,,,,
MLP,2,task_b_source_connected_class_neutral_v6_rigorous_A2CFC6311C18_outer2_MLP,A2CFC6311C185EAA2F17BA13E733D522713F64F2850C50F6EEF6E4CE1F592221,56,0.5073610599926389,2026-08-21 02:02:26.059936,2026-08-21 02:02:37.987210,0 days 00:00:11.927274,,,,,,0,0.5217391304347826,0.5073610599926389,0.5736886764950858,3,0.41566626441311677,0.4078646319250077,0.4974992033026644,COMPLETE,,,1.764671962094625e-05,64.0,96.0,32.0,0.0004920877329362792,,,,,,
MLP,2,task_b_source_connected_class_neutral_v6_rigorous_A2CFC6311C18_outer2_MLP,A2CFC6311C185EAA2F17BA13E733D522713F64F2850C50F6EEF6E4CE1F592221,57,0.34722222222222227,2026-08-21 02:02:38.162576,2026-08-21 02:02:55.372523,0 days 00:00:17.209947,,,,,,0,0.35104669887278583,0.34722222222222227,0.49983064023543783,3,0.38852337027379136,0.3834749555852419,0.4888218372508788,COMPLETE,,,4.0965225524821655e-05,64.0,128.0,32.0,0.0002851423871246302,,,,,,
MLP,2,task_b_source_connected_class_neutral_v6_rigorous_A2CFC6311C18_outer2_MLP,A2CFC6311C185EAA2F17BA13E733D522713F64F2850C50F6EEF6E4CE1F592221,58,0.4205128205128205,2026-08-21 02:02:55.537610,2026-08-21 02:03:14.509493,0 days 00:00:18.971883,,,,,,0,0.42914653784219,0.4205128205128205,0.5901101532567049,3,0.39533474077977854,0.39073658108275605,0.4972424964576288,COMPLETE,,,0.0002556801906879205,64.0,96.0,32.0,0.00016727290216208033,,,,,,
MLP,2,task_b_source_connected_class_neutral_v6_rigorous_A2CFC6311C18_outer2_MLP,A2CFC6311C185EAA2F17BA13E733D522713F64F2850C50F6EEF6E4CE1F592221,59,0.34722222222222227,2026-08-21 02:03:14.674723,2026-08-21 02:03:41.167614,0 days 00:00:26.492891,,,,,,0,0.35104669887278583,0.34722222222222227,0.50985149786218,3,0.3631811160038463,0.35987524563515,0.47686982195117783,COMPLETE,,,0.00011818115689166243,64.0,128.0,32.0,0.00013133216466297283,,,,,,
XGBoost,2,task_b_source_connected_class_neutral_v6_rigorous_A2CFC6311C18_outer2_XGBoost,A2CFC6311C185EAA2F17BA13E733D522713F64F2850C50F6EEF6E4CE1F592221,0,0.4463684463684463,2026-08-21 02:03:48.037063,2026-08-21 02:03:49.759518,0 days 00:00:01.722455,4.0,,,,242.0,0,0.4702093397745572,0.4463684463684463,0.6094853614859237,3,0.40514427127844704,0.3927589323508143,0.5871704264153471,COMPLETE,,0.5325715097331986,,,,,,0.8904797629231784,0.07152918185121625,14.514468368835873,4.070866397997518e-06,7.467985713816795,0.7872354200892846
XGBoost,2,task_b_source_connected_class_neutral_v6_rigorous_A2CFC6311C18_outer2_XGBoost,A2CFC6311C185EAA2F17BA13E733D522713F64F2850C50F6EEF6E4CE1F592221,1,0.4018518518518519,2026-08-21 02:03:49.950172,2026-08-21 02:03:52.784763,0 days 00:00:02.834591,7.0,,,,421.0,0,0.38808373590982287,0.4018518518518519,0.624189120717419,3,0.4230898949690885,0.41549516184837215,0.585149439903817,COMPLETE,,1.416782493138561,,,,,,0.6560156430716617,0.025426955428481647,2.3949928879324514,0.06433568327240158,0.21149091814059912,0.9553345913128126
XGBoost,2,task_b_source_connected_class_neutral_v6_rigorous_A2CFC6311C18_outer2_XGBoost,A2CFC6311C185EAA2F17BA13E733D522713F64F2850C50F6EEF6E4CE1F592221,2,0.40569800569800574,2026-08-21 02:03:52.958770,2026-08-21 02:03:55.985729,0 days 00:00:03.026959,6.0,,,,479.0,0,0.4146537842190016,0.40569800569800574,0.6004122938530735,3,0.38965674791354526,0.38616810714798416,0.5772385167855615,COMPLETE,,0.6606983822452367,,,,,,0.9111991299555158,0.033494923847185595,8.589459181623093,0.00019254998508537458,0.04983819350376463,0.6211315786384143
XGBoost,2,task_b_source_connected_class_neutral_v6_rigorous_A2CFC6311C18_outer2_XGBoost,A2CFC6311C185EAA2F17BA13E733D522713F64F2850C50F6EEF6E4CE1F592221,3,0.46858288770053474,2026-08-21 02:03:56.157558,2026-08-21 02:03:58.146579,0 days 00:00:01.989021,3.0,,,,482.0,0,0.4581320450885668,0.46858288770053474,0.6372898620134376,3,0.45642368130871197,0.4392090717221453,0.6115000025682502,COMPLETE,,2.995732337238633,,,,,,0.6907161746416226,0.06241015620437171,11.436240846261008,6.8878528261597906e-06,0.0010556731964509864,0.897335278900242
XGBoost,2,task_b_source_connected_class_neutral_v6_rigorous_A2CFC6311C18_outer2_XGBoost,A2CFC6311C185EAA2F17BA13E733D522713F64F2850C50F6EEF6E4CE1F592221,4,0.44367959949937424,2026-08-21 02:03:58.303060,2026-08-21 02:03:59.793850,0 days 00:00:01.490790,6.0,,,,168.0,0,0.44363929146537845,0.44367959949937424,0.6269578752290522,3,0.4194662655837171,0.4015980936446371,0.5991570314582969,COMPLETE,,2.924235780377481,,,,,,0.9759293166067862,0.04389568806876308,3.418080185717615,0.000823880913810952,0.003697488539481964,0.7571112977005668
XGBoost,2,task_b_source_connected_class_neutral_v6_rigorous_A2CFC6311C18_outer2_XGBoost,A2CFC6311C185EAA2F17BA13E733D522713F64F2850C50F6EEF6E4CE1F592221,5,0.3735909822866345,2026-08-21 02:03:59.960985,2026-08-21 02:04:02.900686,0 days 00:00:02.939701,7.0,,,,195.0,0,0.3735909822866345,0.3735909822866345,0.5939601379865622,3,0.3767829305305634,0.3537604216966028,0.5621869197221698,COMPLETE,,0.8267198127330594,,,,,,0.8108018089343132,0.015163295833256572,1.3807108857124344,2.5718050904049574e-05,0.8906684324616995,0.7475413654550402
XGBoost,2,task_b_source_connected_class_neutral_v6_rigorous_A2CFC6311C18_outer2_XGBoost,A2CFC6311C185EAA2F17BA13E733D522713F64F2850C50F6EEF6E4CE1F592221,6,0.4583333333333333,2026-08-21 02:04:03.072356,2026-08-21 02:04:05.091907,0 days 00:00:02.019551,5.0,,,,417.0,0,0.4581320450885668,0.4583333333333333,0.6141533399966684,3,0.4027437388316912,0.39462996592819527,0.5717715223398985,COMPLETE,,1.3707598573297077,,,,,,0.6854484466949908,0.06341597016573856,3.6941374539335445,0.0010553289454077245,0.018556952876434777,0.6503241569830066
XGBoost,2,task_b_source_connected_class_neutral_v6_rigorous_A2CFC6311C18_outer2_XGBoost,A2CFC6311C185EAA2F17BA13E733D522713F64F2850C50F6EEF6E4CE1F592221,7,0.5134195522180504,2026-08-21 02:04:05.273731,2026-08-21 02:04:07.207630,0 days 00:00:01.933899,6.0,,,,445.0,0,0.5136876006441223,0.5134195522180504,0.6343099283691488,3,0.4384262826071322,0.41500223682041865,0.6040986558802132,COMPLETE,,1.4485199722321878,,,,,,0.6036973401897715,0.1302526743476093,3.4515675233884067,0.052781253216287474,6.664273042533647,0.9728204904373656
XGBoost,2,task_b_source_connected_class_neutral_v6_rigorous_A2CFC6311C18_outer2_XGBoost,A2CFC6311C185EAA2F17BA13E733D522713F64F2850C50F6EEF6E4CE1F592221,8,0.45447381617594385,2026-08-21 02:04:07.376429,2026-08-21 02:04:09.978845,0 days 00:00:02.602416,8.0,,,,392.0,0,0.44363929146537845,0.45447381617594385,0.6065718876672773,3,0.39491989926743676,0.38304388893948543,0.5787692493704405,COMPLETE,,1.208092476539672,,,,,,0.9817153209451548,0.03449572043321339,3.146054355582935,0.41359690757006656,0.9055104929915345,0.8826129140692514
XGBoost,2,task_b_source_connected_class_neutral_v6_rigorous_A2CFC6311C18_outer2_XGBoost,A2CFC6311C185EAA2F17BA13E733D522713F64F2850C50F6EEF6E4CE1F592221,9,0.48499025341130597,2026-08-21 02:04:10.116429,2026-08-21 02:04:11.232901,0 days 00:00:01.116472,8.0,,,,165.0,0,0.4847020933977455,0.48499025341130597,0.6385670012216114,3,0.4512618149452468,0.4269683113572747,0.6179186382858127,COMPLETE,,2.351275864065931,,,,,,0.7519118828894966,0.08123760684387232,14.499033725184022,0.0022168017172490475,0.002324803099503951,0.9796417725482337
XGBoost,2,task_b_source_connected_class_neutral_v6_rigorous_A2CFC6311C18_outer2_XGBoost,A2CFC6311C185EAA2F17BA13E733D522713F64F2850C50F6EEF6E4CE1F592221,10,0.4732426303854875,2026-08-21 02:04:11.381378,2026-08-21 02:04:14.351429,0 days 00:00:02.970051,5.0,,,,301.0,0,0.4726247987117553,0.4732426303854875,0.6143796157476817,3,0.3909961031035902,0.3873653923814779,0.5679275620534808,COMPLETE,,0.0017382871928315335,,,,,,0.5592811164809975,0.13987186613523644,1.1139115910755222,0.0309751451896353,11.309711953036544,0.8586113318623538
XGBoost,2,task_b_source_connected_class_neutral_v6_rigorous_A2CFC6311C18_outer2_XGBoost,A2CFC6311C185EAA2F17BA13E733D522713F64F2850C50F6EEF6E4CE1F592221,11,0.501227495908347,2026-08-21 02:04:14.528780,2026-08-21 02:04:16.022500,0 days 00:00:01.493720,8.0,,,,314.0,0,0.5136876006441223,0.501227495908347,0.6758037647842746,3,0.44225378486755335,0.41332033034800375,0.6366056700368907,COMPLETE,,2.0795008330581686,,,,,,0.5535293499417493,0.13537414254691665,6.605106206724885,2.5513210038662186,0.00948959635196879,0.9942597758194827
XGBoost,2,task_b_source_connected_class_neutral_v6_rigorous_A2CFC6311C18_outer2_XGBoost,A2CFC6311C185EAA2F17BA13E733D522713F64F2850C50F6EEF6E4CE1F592221,12,0.4767080745341615,2026-08-21 02:04:16.182769,2026-08-21 02:04:17.942614,0 days 00:00:01.759845,7.0,,,,343.0,0,0.499194847020934,0.4767080745341615,0.6705138750069409,3,0.4383627615038943,0.4004694209452169,0.6349251898495045,COMPLETE,,2.031847411670456,,,,,,0.5546842980765487,0.13830884705121518,6.139169505465216,3.703978422029742,0.010032539500778674,0.9870624731872826
XGBoost,2,task_b_source_connected_class_neutral_v6_rigorous_A2CFC6311C18_outer2_XGBoost,A2CFC6311C185EAA2F17BA13E733D522713F64F2850C50F6EEF6E4CE1F592221,13,0.46858288770053474,2026-08-21 02:04:18.102454,2026-08-21 02:04:19.794031,0 days 00:00:01.691577,8.0,,,,299.0,0,0.4581320450885668,0.46858288770053474,0.6592308012660337,3,0.44923495255420587,0.42534103707966225,0.6211136557256315,COMPLETE,,1.9582861301667274,,,,,,0.6138981306074879,0.10487956594519647,6.5898057301823245,2.6363473419996115,0.08280078349500397,0.9311506374944437
XGBoost,2,task_b_source_connected_class_neutral_v6_rigorous_A2CFC6311C18_outer2_XGBoost,A2CFC6311C185EAA2F17BA13E733D522713F64F2850C50F6EEF6E4CE1F592221,14,0.499194847020934,2026-08-21 02:04:19.969161,2026-08-21 02:04:21.712957,0 days 00:00:01.743796,6.0,,,,356.0,0,0.499194847020934,0.499194847020934,0.6237967821644733,3,0.42401360686574724,0.4065410719923174,0.589438108921225,COMPLETE,,1.8555931167993305,,,,,,0.6119086861385709,0.101516209924983,1.9593521801698104,0.04094905883491682,1.7916591270164661,0.8322639821325695
XGBoost,2,task_b_source_connected_class_neutral_v6_rigorous_A2CFC6311C18_outer2_XGBoost,A2CFC6311C185EAA2F17BA13E733D522713F64F2850C50F6EEF6E4CE1F592221,15,0.4864581284018625,2026-08-21 02:04:21.891940,2026-08-21 02:04:23.266894,0 days 00:00:01.374954,4.0,,,,258.0,0,0.499194847020934,0.4864581284018625,0.6323775612193904,3,0.41582205047003207,0.3901261054299179,0.5955104900697535,COMPLETE,,2.602554514065381,,,,,,0.7587788730095182,0.1071586221564158,5.072928572822075,0.3441110597109722,0.3035456605367421,0.9203418562723455
XGBoost,2,task_b_source_connected_class_neutral_v6_rigorous_A2CFC6311C18_outer2_XGBoost,A2CFC6311C185EAA2F17BA13E733D522713F64F2850C50F6EEF6E4CE1F592221,16,0.5424036281179139,2026-08-21 02:04:23.449423,2026-08-21 02:04:25.107944,0 days 00:00:01.658521,7.0,,,,379.0,0,0.5426731078904992,0.5424036281179139,0.6617219168193681,3,0.46571373786875214,0.4483492126010275,0.633142311274534,COMPLETE,,1.710927122962682,,,,,,0.5977708679201788,0.14917050228661274,8.191236030362042,0.4710164902877982,0.029052591754668494,0.9859060984789464
XGBoost,2,task_b_source_connected_class_neutral_v6_rigorous_A2CFC6311C18_outer2_XGBoost,A2CFC6311C185EAA2F17BA13E733D522713F64F2850C50F6EEF6E4CE1F592221,17,0.40797682709447414,2026-08-21 02:04:25.285145,2026-08-21 02:04:27.412985,0 days 00:00:02.127840,7.0,,,,445.0,0,0.4025764895330113,0.40797682709447414,0.6153157796101949,3,0.4121497128862169,0.4119296019896613,0.5733314363285112,COMPLETE,,1.0452932905119348,,,,,,0.6293509838244837,0.09157569444784462,2.3414706221362933,0.007623052753566132,0.03145413358663564,0.7068881447170268
XGBoost,2,task_b_source_connected_class_neutral_v6_rigorous_A2CFC6311C18_outer2_XGBoost,A2CFC6311C185EAA2F17BA13E733D522713F64F2850C50F6EEF6E4CE1F592221,18,0.499194847020934,2026-08-21 02:04:27.554919,2026-08-21 02:04:29.549385,0 days 00:00:01.994466,5.0,,,,376.0,0,0.499194847020934,0.499194847020934,0.634539327558443,3,0.43211448182534756,0.420725853014878,0.603837423675554,COMPLETE,,1.6466103677765132,,,,,,0.7145820965410823,0.05141077341025546,9.492817021662333,0.22896024888188465,4.1855605963191165,0.8352784892949869
XGBoost,2,task_b_source_connected_class_neutral_v6_rigorous_A2CFC6311C18_outer2_XGBoost,A2CFC6311C185EAA2F17BA13E733D522713F64F2850C50F6EEF6E4CE1F592221,19,0.44367959949937424,2026-08-21 02:04:29.719001,2026-08-21 02:04:31.601433,0 days 00:00:01.882432,6.0,,,,446.0,0,0.44363929146537845,0.44367959949937424,0.6406473846410128,3,0.4489111332349227,0.43588534404257767,0.6155167694135272,COMPLETE,,1.6568154628144152,,,,,,0.6041174787347051,0.14977422388895278,8.60620869715655,0.009839091467937473,0.2147697258168631,0.9439401721330704
XGBoost,2,task_b_source_connected_class_neutral_v6_rigorous_A2CFC6311C18_outer2_XGBoost,A2CFC6311C185EAA2F17BA13E733D522713F64F2850C50F6EEF6E4CE1F592221,20,0.45447381617594385,2026-08-21 02:04:31.762253,2026-08-21 02:04:33.566457,0 days 00:00:01.804204,7.0,,,,398.0,0,0.44363929146537845,0.45447381617594385,0.6516344258426342,3,0.44007482461240094,0.4220044268930425,0.607004857458549,COMPLETE,,2.3647396388557,,,,,,0.83067410266793,0.11781767008799329,5.1176062070965,0.6161569943451721,0.41891798993449586,0.8963638850134461
XGBoost,2,task_b_source_connected_class_neutral_v6_rigorous_A2CFC6311C18_outer2_XGBoost,A2CFC6311C185EAA2F17BA13E733D522713F64F2850C50F6EEF6E4CE1F592221,21,0.46858288770053474,2026-08-21 02:04:33.743617,2026-08-21 02:04:35.281348,0 days 00:00:01.537731,8.0,,,,314.0,0,0.4581320450885668,0.46858288770053474,0.6737900147148649,3,0.44900277680829087,0.42819110700349144,0.6288999357229099,COMPLETE,,2.1963391960789402,,,,,,0.5508541059162921,0.12738098559653394,6.197971909664761,0.6411542368924026,0.008417783537554086,0.986582415160565
XGBoost,2,task_b_source_connected_class_neutral_v6_rigorous_A2CFC6311C18_outer2_XGBoost,A2CFC6311C185EAA2F17BA13E733D522713F64F2850C50F6EEF6E4CE1F592221,22,0.4583333333333333,2026-08-21 02:04:35.444639,2026-08-21 02:04:37.223362,0 days 00:00:01.778723,7.0,,,,353.0,0,0.4581320450885668,0.4583333333333333,0.6331141720806263,3,0.4310658323974544,0.41241697373052427,0.597481325505662,COMPLETE,,1.668427854026321,,,,,,0.5935155550910842,0.08190849748134116,4.711038166292832,0.12253742057094948,0.017318291910762316,0.9973623625674011
XGBoost,2,task_b_source_connected_class_neutral_v6_rigorous_A2CFC6311C18_outer2_XGBoost,A2CFC6311C185EAA2F17BA13E733D522713F64F2850C50F6EEF6E4CE1F592221,23,0.5277777777777778,2026-08-21 02:04:37.407797,2026-08-21 02:04:38.928862,0 days 00:00:01.521065,8.0,,,,254.0,0,0.5281803542673108,0.5277777777777778,0.6438086512299406,3,0.4443637919528925,0.4336332045679921,0.6037526241393649,COMPLETE,,1.093747968658472,,,,,,0.6520020227555157,0.11685942515062056,6.744335294569248,1.0424473758443749,0.08684349791771435,0.952049399686483
XGBoost,2,task_b_source_connected_class_neutral_v6_rigorous_A2CFC6311C18_outer2_XGBoost,A2CFC6311C185EAA2F17BA13E733D522713F64F2850C50F6EEF6E4CE1F592221,24,0.45712182554287817,2026-08-21 02:04:39.136603,2026-08-21 02:04:40.543002,0 days 00:00:01.406399,6.0,,,,252.0,0,0.4702093397745572,0.45712182554287817,0.6391739893941918,3,0.44597711572578863,0.43648530994298573,0.6021589930872538,COMPLETE,,1.0265890152911776,,,,,,0.6548346721583902,0.08882770626919317,11.147460435975175,0.01176262908266331,0.06769254919101467,0.953279977651714
XGBoost,2,task_b_source_connected_class_neutral_v6_rigorous_A2CFC6311C18_outer2_XGBoost,A2CFC6311C185EAA2F17BA13E733D522713F64F2850C50F6EEF6E4CE1F592221,25,0.45712182554287817,2026-08-21 02:04:40.754001,2026-08-21 02:04:42.155105,0 days 00:00:01.401104,7.0,,,,239.0,0,0.4702093397745572,0.45712182554287817,0.6148899508579043,3,0.4243560876388374,0.41688755054966004,0.5962411585560295,COMPLETE,,0.3697863461751689,,,,,,0.7088160434031802,0.1154190973975805,17.04367124555546,1.3106963231869464,0.11903812748872361,0.9244960103633455
XGBoost,2,task_b_source_connected_class_neutral_v6_rigorous_A2CFC6311C18_outer2_XGBoost,A2CFC6311C185EAA2F17BA13E733D522713F64F2850C50F6EEF6E4CE1F592221,26,0.40862708719851576,2026-08-21 02:04:42.307253,2026-08-21 02:04:44.295146,0 days 00:00:01.987893,8.0,,,,452.0,0,0.4025764895330113,0.40862708719851576,0.6053429882281082,3,0.4040226397309928,0.4024346230156863,0.5686622710852888,COMPLETE,,1.2017716047690141,,,,,,0.6519793172578634,0.14695338495026397,2.7943578988284075,0.10674201585088021,0.034398412189855294,0.9636387203833645
XGBoost,2,task_b_source_connected_class_neutral_v6_rigorous_A2CFC6311C18_outer2_XGBoost,A2CFC6311C185EAA2F17BA13E733D522713F64F2850C50F6EEF6E4CE1F592221,27,0.40569800569800574,2026-08-21 02:04:44.470615,2026-08-21 02:04:47.140616,0 days 00:00:02.670001,6.0,,,,210.0,0,0.4146537842190016,0.40569800569800574,0.6204574795935366,3,0.42677686505696294,0.3991385320730152,0.5848298427525719,COMPLETE,,0.8711176389116688,,,,,,0.7288644445156554,0.017290352949664568,4.208425881426494,0.02998907305804083,2.5145565169130646,0.8753091830340961
XGBoost,2,task_b_source_connected_class_neutral_v6_rigorous_A2CFC6311C18_outer2_XGBoost,A2CFC6311C185EAA2F17BA13E733D522713F64F2850C50F6EEF6E4CE1F592221,28,0.4864581284018625,2026-08-21 02:04:47.317120,2026-08-21 02:04:49.542871,0 days 00:00:02.225751,7.0,,,,500.0,0,0.499194847020934,0.4864581284018625,0.6586755233494364,3,0.45719433320400604,0.43940601485859987,0.623567000259008,COMPLETE,,1.3914154629622035,,,,,,0.5868280488568458,0.07173977355853792,7.41576326370518,1.184773270803028,0.10169897086039724,0.9173647309642411
XGBoost,2,task_b_source_connected_class_neutral_v6_rigorous_A2CFC6311C18_outer2_XGBoost,A2CFC6311C185EAA2F17BA13E733D522713F64F2850C50F6EEF6E4CE1F592221,29,0.46150015561780267,2026-08-21 02:04:49.704162,2026-08-21 02:04:51.726483,0 days 00:00:02.022321,4.0,,,,375.0,0,0.4847020933977455,0.46150015561780267,0.6134165556110833,3,0.41111200776957907,0.4113776445110778,0.5865520123114014,COMPLETE,,0.490412089482134,,,,,,0.800262870717424,0.09848239775973329,11.640540804878222,0.12916116272235847,0.7172921407696115,0.8072823198032159
XGBoost,2,task_b_source_connected_class_neutral_v6_rigorous_A2CFC6311C18_outer2_XGBoost,A2CFC6311C185EAA2F17BA13E733D522713F64F2850C50F6EEF6E4CE1F592221,30,0.5134195522180504,2026-08-21 02:04:51.899781,2026-08-21 02:04:53.466951,0 days 00:00:01.567170,5.0,,,,267.0,0,0.5136876006441223,0.5134195522180504,0.6209796143594869,3,0.4518567164356215,0.4249173944539695,0.6099320525258266,COMPLETE,,1.8178125487013557,,,,,,0.6732041377701112,0.07223316404049271,4.406262984528392,0.0032070651410605997,5.668849776914849,0.9676781623436378
XGBoost,2,task_b_source_connected_class_neutral_v6_rigorous_A2CFC6311C18_outer2_XGBoost,A2CFC6311C185EAA2F17BA13E733D522713F64F2850C50F6EEF6E4CE1F592221,31,0.46150015561780267,2026-08-21 02:04:53.617322,2026-08-21 02:04:55.225397,0 days 00:00:01.608075,5.0,,,,278.0,0,0.4847020933977455,0.46150015561780267,0.625810532233883,3,0.4548864064678715,0.4250073000486087,0.6090033992840568,COMPLETE,,1.7568761381195894,,,,,,0.6435964693464921,0.07323749567672681,4.086490920799204,0.004124727456268506,5.339681946563185,0.9521210082867956
XGBoost,2,task_b_source_connected_class_neutral_v6_rigorous_A2CFC6311C18_outer2_XGBoost,A2CFC6311C185EAA2F17BA13E733D522713F64F2850C50F6EEF6E4CE1F592221,32,0.47179487179487173,2026-08-21 02:04:55.401874,2026-08-21 02:04:56.597968,0 days 00:00:01.196094,3.0,,,,227.0,0,0.4847020933977455,0.47179487179487173,0.6383042853573213,3,0.4380283386302997,0.41863678054039183,0.6107809354904761,COMPLETE,,1.4759586260421773,,,,,,0.6669630351695144,0.12250323107498083,5.383983367051509,1.0240413180780838e-06,8.561955584790123,0.9568297278920379
XGBoost,2,task_b_source_connected_class_neutral_v6_rigorous_A2CFC6311C18_outer2_XGBoost,A2CFC6311C185EAA2F17BA13E733D522713F64F2850C50F6EEF6E4CE1F592221,33,0.499194847020934,2026-08-21 02:04:56.778690,2026-08-21 02:04:58.418574,0 days 00:00:01.639884,4.0,,,,278.0,0,0.499194847020934,0.499194847020934,0.6286608431895164,3,0.44207049772081713,0.4296274022960492,0.6075021078011128,COMPLETE,,1.1976445390733435,,,,,,0.584324821406256,0.05288197824937697,7.548085483793496,0.0004338858845896977,2.5690133638154777,0.9665842298417676
XGBoost,2,task_b_source_connected_class_neutral_v6_rigorous_A2CFC6311C18_outer2_XGBoost,A2CFC6311C185EAA2F17BA13E733D522713F64F2850C50F6EEF6E4CE1F592221,34,0.46858288770053474,2026-08-21 02:04:58.556285,2026-08-21 02:05:00.215737,0 days 00:00:01.659452,5.0,,,,272.0,0,0.4581320450885668,0.46858288770053474,0.600397370759065,3,0.4194048491557205,0.4091774322510755,0.5719534461147489,COMPLETE,,1.5557097463787513,,,,,,0.6754227243456495,0.06285569601768991,1.9170526513032835,0.02186991385580419,0.148846586134683,0.9093921468258578
XGBoost,2,task_b_source_connected_class_neutral_v6_rigorous_A2CFC6311C18_outer2_XGBoost,A2CFC6311C185EAA2F17BA13E733D522713F64F2850C50F6EEF6E4CE1F592221,35,0.5378917378917379,2026-08-21 02:05:00.390510,2026-08-21 02:05:01.933404,0 days 00:00:01.542894,6.0,,,,195.0,0,0.5547504025764896,0.5378917378917379,0.6491134641012827,3,0.4761250852193028,0.4479466433852342,0.6265618279265274,COMPLETE,,1.7958393464899007,,,,,,0.6215646938888314,0.0397734678089441,9.80880269699856,0.00023120006259574557,5.544228494559401,0.9405553709427091
XGBoost,2,task_b_source_connected_class_neutral_v6_rigorous_A2CFC6311C18_outer2_XGBoost,A2CFC6311C185EAA2F17BA13E733D522713F64F2850C50F6EEF6E4CE1F592221,36,0.45447381617594385,2026-08-21 02:05:02.097711,2026-08-21 02:05:03.890641,0 days 00:00:01.792930,6.0,,,,190.0,0,0.44363929146537845,0.45447381617594385,0.6214236631684158,3,0.4305460177018823,0.4222079126822,0.5937587013473651,COMPLETE,,0.7404625472943008,,,,,,0.6300744300443806,0.038281320132674525,10.6024929254419,4.601122900130102e-05,0.040836821206403404,0.9362757318697973
XGBoost,2,task_b_source_connected_class_neutral_v6_rigorous_A2CFC6311C18_outer2_XGBoost,A2CFC6311C185EAA2F17BA13E733D522713F64F2850C50F6EEF6E4CE1F592221,37,0.45712182554287817,2026-08-21 02:05:04.054916,2026-08-21 02:05:05.919170,0 days 00:00:01.864254,7.0,,,,186.0,0,0.4702093397745572,0.45712182554287817,0.6188027514020767,3,0.43271034545297543,0.4083908415428199,0.6031215952488375,COMPLETE,,1.0377877010465635,,,,,,0.8735982178504278,0.02637774792972066,13.292955174052645,0.000159662211210541,1.4424004793027039,0.8584114572434731
XGBoost,2,task_b_source_connected_class_neutral_v6_rigorous_A2CFC6311C18_outer2_XGBoost,A2CFC6311C185EAA2F17BA13E733D522713F64F2850C50F6EEF6E4CE1F592221,38,0.5134195522180504,2026-08-21 02:05:06.095227,2026-08-21 02:05:08.730414,0 days 00:00:02.635187,6.0,,,,421.0,0,0.5136876006441223,0.5134195522180504,0.6419727636181909,3,0.4315448163933435,0.4175562226304297,0.603576172618811,COMPLETE,,1.3303415730542614,,,,,,0.5782216742364363,0.024373006612987812,8.810270956647583,0.00018071632394089538,0.5046792798370694,0.7660447110324176
XGBoost,2,task_b_source_connected_class_neutral_v6_rigorous_A2CFC6311C18_outer2_XGBoost,A2CFC6311C185EAA2F17BA13E733D522713F64F2850C50F6EEF6E4CE1F592221,39,0.47179487179487173,2026-08-21 02:05:08.907451,2026-08-21 02:05:10.752322,0 days 00:00:01.844871,8.0,,,,209.0,0,0.4847020933977455,0.47179487179487173,0.6195395357876617,3,0.42041828035124107,0.4086692094741631,0.6025657904721009,COMPLETE,,1.553200612395746,,,,,,0.9491668706796532,0.04116666730152792,7.3491919494533136,3.083925898409677e-05,0.019713180392259395,0.7208014964797921
XGBoost,2,task_b_source_connected_class_neutral_v6_rigorous_A2CFC6311C18_outer2_XGBoost,A2CFC6311C185EAA2F17BA13E733D522713F64F2850C50F6EEF6E4CE1F592221,40,0.45447381617594385,2026-08-21 02:05:10.924648,2026-08-21 02:05:13.401865,0 days 00:00:02.477217,6.0,,,,474.0,0,0.44363929146537845,0.45447381617594385,0.6418762840801822,3,0.4547801303904441,0.4333725550043915,0.6156364615191395,COMPLETE,,2.214390201586564,,,,,,0.6205467828671803,0.030210784618009794,9.634695097909615,6.952145115582882e-06,0.00274533004967417,0.8918199940730617
XGBoost,2,task_b_source_connected_class_neutral_v6_rigorous_A2CFC6311C18_outer2_XGBoost,A2CFC6311C185EAA2F17BA13E733D522713F64F2850C50F6EEF6E4CE1F592221,41,0.42914653784219,2026-08-21 02:05:13.569067,2026-08-21 02:05:15.511153,0 days 00:00:01.942086,5.0,,,,330.0,0,0.42914653784219,0.42914653784219,0.6397625839857849,3,0.4517962621448781,0.42385383093730433,0.6078391750641582,COMPLETE,,1.83344358002635,,,,,,0.6928154435149381,0.04743886969925086,3.2036372043520966,0.00131793337551239,5.796112187839491,0.972260819425084
XGBoost,2,task_b_source_connected_class_neutral_v6_rigorous_A2CFC6311C18_outer2_XGBoost,A2CFC6311C185EAA2F17BA13E733D522713F64F2850C50F6EEF6E4CE1F592221,42,0.5134195522180504,2026-08-21 02:05:15.682178,2026-08-21 02:05:17.337213,0 days 00:00:01.655035,6.0,,,,230.0,0,0.5136876006441223,0.5134195522180504,0.6411877394636015,3,0.4673180416048994,0.4365822546959273,0.6121717804469112,COMPLETE,,1.8505149079929986,,,,,,0.6388323890459527,0.05528951122780563,3.910868904756179,0.0004901859974369781,3.579657259595926,0.9981324987775358
XGBoost,2,task_b_source_connected_class_neutral_v6_rigorous_A2CFC6311C18_outer2_XGBoost,A2CFC6311C185EAA2F17BA13E733D522713F64F2850C50F6EEF6E4CE1F592221,43,0.4823428079242033,2026-08-21 02:05:17.512075,2026-08-21 02:05:18.713694,0 days 00:00:01.201619,5.0,,,,175.0,0,0.5257648953301127,0.4823428079242033,0.6256475928702315,3,0.4514285453134174,0.4203002601459911,0.6093522327374709,COMPLETE,,1.2585358678407053,,,,,,0.6773536601614643,0.1141319727949467,2.7891204592185495,0.0033417626118048436,10.99650639336882,0.9752666372184505
XGBoost,2,task_b_source_connected_class_neutral_v6_rigorous_A2CFC6311C18_outer2_XGBoost,A2CFC6311C185EAA2F17BA13E733D522713F64F2850C50F6EEF6E4CE1F592221,44,0.47281121751025995,2026-08-21 02:05:18.872742,2026-08-21 02:05:19.957698,0 days 00:00:01.084956,7.0,,,,151.0,0,0.5257648953301127,0.47281121751025995,0.6438568909989449,3,0.4468011261495836,0.414913317511503,0.5921851314728864,COMPLETE,,2.5681786792219956,,,,,,0.5814425543667612,0.0791580405782671,5.644814529271535,8.24755236637826e-05,1.346218031205292,0.6031784126661139
XGBoost,2,task_b_source_connected_class_neutral_v6_rigorous_A2CFC6311C18_outer2_XGBoost,A2CFC6311C185EAA2F17BA13E733D522713F64F2850C50F6EEF6E4CE1F592221,45,0.45712182554287817,2026-08-21 02:05:20.126389,2026-08-21 02:05:21.349997,0 days 00:00:01.223608,4.0,,,,215.0,0,0.4702093397745572,0.45712182554287817,0.6315743170081626,3,0.4340008120438417,0.40909451690751397,0.6035386029245583,COMPLETE,,2.035074870179224,,,,,,0.739684141515998,0.13108243223891886,4.475038726217773,0.061963026131859236,6.870781571457639,0.9380731039838076
XGBoost,2,task_b_source_connected_class_neutral_v6_rigorous_A2CFC6311C18_outer2_XGBoost,A2CFC6311C185EAA2F17BA13E733D522713F64F2850C50F6EEF6E4CE1F592221,46,0.45447381617594385,2026-08-21 02:05:21.561387,2026-08-21 02:05:23.799021,0 days 00:00:02.237634,8.0,,,,405.0,0,0.44363929146537845,0.45447381617594385,0.6414173121772447,3,0.4427922610169326,0.42114243901653187,0.6117418023802128,COMPLETE,,1.489010563994849,,,,,,0.6085226202764555,0.03510230232782022,7.780801705634294,1.2483082995411436,0.06379404730945454,0.9081878079775251
XGBoost,2,task_b_source_connected_class_neutral_v6_rigorous_A2CFC6311C18_outer2_XGBoost,A2CFC6311C185EAA2F17BA13E733D522713F64F2850C50F6EEF6E4CE1F592221,47,0.5235553919764446,2026-08-21 02:05:23.979647,2026-08-21 02:05:25.497485,0 days 00:00:01.517838,6.0,,,,292.0,0,0.5402576489533012,0.5235553919764446,0.6491467807762786,3,0.4728077562373955,0.450191617012812,0.6204732279389426,COMPLETE,,1.7486328316913877,,,,,,0.6990517531195027,0.09278524307933807,12.446687298179972,0.20276024867434253,3.2999475177744495,0.9744987255199231
XGBoost,2,task_b_source_connected_class_neutral_v6_rigorous_A2CFC6311C18_outer2_XGBoost,A2CFC6311C185EAA2F17BA13E733D522713F64F2850C50F6EEF6E4CE1F592221,48,0.501227495908347,2026-08-21 02:05:25.666847,2026-08-21 02:05:27.561001,0 days 00:00:01.894154,7.0,,,,375.0,0,0.5136876006441223,0.501227495908347,0.6114326517296907,3,0.39186593531406927,0.3774549316479958,0.5853148902444772,COMPLETE,,0.89578741309378,,,,,,0.7079771004643278,0.09417319680485883,17.03574104543794,0.2568559062863425,2.8186424342731127,0.6567744321297309
XGBoost,2,task_b_source_connected_class_neutral_v6_rigorous_A2CFC6311C18_outer2_XGBoost,A2CFC6311C185EAA2F17BA13E733D522713F64F2850C50F6EEF6E4CE1F592221,49,0.47179487179487173,2026-08-21 02:05:27.734408,2026-08-21 02:05:29.174139,0 days 00:00:01.439731,6.0,,,,289.0,0,0.4847020933977455,0.47179487179487173,0.6384854447776113,3,0.43963105884888454,0.42528776270620944,0.6099008883275407,COMPLETE,,1.9789571557237629,,,,,,0.7750422984873319,0.10834464696937238,14.88771019217683,0.596733836946522,0.001084937993231207,0.8734223076273376
XGBoost,2,task_b_source_connected_class_neutral_v6_rigorous_A2CFC6311C18_outer2_XGBoost,A2CFC6311C185EAA2F17BA13E733D522713F64F2850C50F6EEF6E4CE1F592221,50,0.47179487179487173,2026-08-21 02:05:29.350395,2026-08-21 02:05:30.834722,0 days 00:00:01.484327,7.0,,,,322.0,0,0.4847020933977455,0.47179487179487173,0.6425946748847798,3,0.4440076408129963,0.42047903256361235,0.6195620838399903,COMPLETE,,1.6776785549465771,,,,,,0.5688621781931329,0.1306159048189565,13.54204119471607,0.22261286617640622,1.0159528617743525,0.9832212762257558
XGBoost,2,task_b_source_connected_class_neutral_v6_rigorous_A2CFC6311C18_outer2_XGBoost,A2CFC6311C185EAA2F17BA13E733D522713F64F2850C50F6EEF6E4CE1F592221,51,0.5091390091390092,2026-08-21 02:05:31.011740,2026-08-21 02:05:32.456040,0 days 00:00:01.444300,6.0,,,,264.0,0,0.5402576489533012,0.5091390091390092,0.632621883502693,3,0.47013115053254695,0.4470028101474046,0.6190004011732043,COMPLETE,,1.8713672859872144,,,,,,0.6562200013580403,0.08549639167815294,12.035048214398547,0.06645454650292908,4.7437643095184825,0.9697194662193673
XGBoost,2,task_b_source_connected_class_neutral_v6_rigorous_A2CFC6311C18_outer2_XGBoost,A2CFC6311C185EAA2F17BA13E733D522713F64F2850C50F6EEF6E4CE1F592221,52,0.47179487179487173,2026-08-21 02:05:32.622231,2026-08-21 02:05:34.179038,0 days 00:00:01.556807,5.0,,,,294.0,0,0.4847020933977455,0.47179487179487173,0.6358647065356211,3,0.4492153289631456,0.4191292763286228,0.6163086434861885,COMPLETE,,2.1529034690688595,,,,,,0.6309569454520606,0.06790866496781307,3.552324888660146,0.01711366129153661,8.780393090770374,0.9393470318654451
XGBoost,2,task_b_source_connected_class_neutral_v6_rigorous_A2CFC6311C18_outer2_XGBoost,A2CFC6311C185EAA2F17BA13E733D522713F64F2850C50F6EEF6E4CE1F592221,53,0.5091390091390092,2026-08-21 02:05:34.356834,2026-08-21 02:05:35.725661,0 days 00:00:01.368827,5.0,,,,245.0,0,0.5402576489533012,0.5091390091390092,0.6582496945971458,3,0.4560217083821317,0.41994096983729506,0.6245128914291148,COMPLETE,,1.7895054366198955,,,,,,0.6995954385340497,0.09715519703734228,10.054940455305047,1.9421673050517054,11.858516035204405,0.9580196838252513
XGBoost,2,task_b_source_connected_class_neutral_v6_rigorous_A2CFC6311C18_outer2_XGBoost,A2CFC6311C185EAA2F17BA13E733D522713F64F2850C50F6EEF6E4CE1F592221,54,0.5134195522180504,2026-08-21 02:05:35.894515,2026-08-21 02:05:37.806431,0 days 00:00:01.911916,6.0,,,,426.0,0,0.5136876006441223,0.5134195522180504,0.6492614803709257,3,0.45896378379076147,0.4406982221759348,0.6062863747173629,COMPLETE,,1.3174857677391252,,,,,,0.6025138325098425,0.10842017626207606,6.8580335948657165,0.0005472324550932039,1.9249181586838449,0.9981411628249147
XGBoost,2,task_b_source_connected_class_neutral_v6_rigorous_A2CFC6311C18_outer2_XGBoost,A2CFC6311C185EAA2F17BA13E733D522713F64F2850C50F6EEF6E4CE1F592221,55,0.499194847020934,2026-08-21 02:05:37.977189,2026-08-21 02:05:39.694504,0 days 00:00:01.717315,6.0,,,,307.0,0,0.499194847020934,0.499194847020934,0.6482286634460547,3,0.4561466459133661,0.43047007068796717,0.624157450529256,COMPLETE,,2.3277116026427267,,,,,,0.6666366672075386,0.05849092578127657,8.567588502926576,0.40370200986104543,3.644936321475687,0.9831757520857297
XGBoost,2,task_b_source_connected_class_neutral_v6_rigorous_A2CFC6311C18_outer2_XGBoost,A2CFC6311C185EAA2F17BA13E733D522713F64F2850C50F6EEF6E4CE1F592221,56,0.43,2026-08-21 02:05:39.872675,2026-08-21 02:05:41.440103,0 days 00:00:01.567428,8.0,,,,334.0,0,0.4170692431561997,0.43,0.6409068035426732,3,0.39472294175389444,0.38837726462888184,0.5761879225140208,COMPLETE,,1.5641800168572493,,,,,,0.6187753007060485,0.1387126922451018,2.1730811699585995,0.004592082821713775,0.025092818180862085,0.9264117614020696
XGBoost,2,task_b_source_connected_class_neutral_v6_rigorous_A2CFC6311C18_outer2_XGBoost,A2CFC6311C185EAA2F17BA13E733D522713F64F2850C50F6EEF6E4CE1F592221,57,0.5277777777777778,2026-08-21 02:05:41.593916,2026-08-21 02:05:43.178634,0 days 00:00:01.584718,7.0,,,,352.0,0,0.5281803542673108,0.5277777777777778,0.6383226789383086,3,0.45015577803910495,0.4444420163610709,0.5932265384705513,COMPLETE,,1.9302202066320637,,,,,,0.6879580300111009,0.11984988473040789,6.012266615846137,0.0018864377731235395,0.005794960402374085,0.9459959612264894
XGBoost,2,task_b_source_connected_class_neutral_v6_rigorous_A2CFC6311C18_outer2_XGBoost,A2CFC6311C185EAA2F17BA13E733D522713F64F2850C50F6EEF6E4CE1F592221,58,0.46858288770053474,2026-08-21 02:05:43.359784,2026-08-21 02:05:44.986830,0 days 00:00:01.627046,7.0,,,,362.0,0,0.4581320450885668,0.46858288770053474,0.628612603420512,3,0.4237396382828961,0.42112628064784413,0.587512953242484,COMPLETE,,1.9479511270332073,,,,,,0.7244520365819529,0.14605504864897226,6.06134489065443,0.0012661698114365373,0.011206296444032931,0.9458267721319703
XGBoost,2,task_b_source_connected_class_neutral_v6_rigorous_A2CFC6311C18_outer2_XGBoost,A2CFC6311C185EAA2F17BA13E733D522713F64F2850C50F6EEF6E4CE1F592221,59,0.5134195522180504,2026-08-21 02:05:45.155581,2026-08-21 02:05:46.745069,0 days 00:00:01.589488,7.0,,,,341.0,0,0.5136876006441223,0.5134195522180504,0.639403562107835,3,0.44667171868902705,0.44561391374796183,0.5997956434977979,COMPLETE,,1.1345359183782735,,,,,,0.6856145812144131,0.12250202301429303,8.436184365001651,0.17360049322340723,0.004912242682296045,0.9064047150431502
RF,3,task_b_source_connected_class_neutral_v6_rigorous_A2CFC6311C18_outer3_RF,A2CFC6311C185EAA2F17BA13E733D522713F64F2850C50F6EEF6E4CE1F592221,0,0.32323232323232326,2026-08-21 02:05:49.675285,2026-08-21 02:06:03.251852,0 days 00:00:13.576567,22.0,0.9396300444975327,7.0,15.0,794.0,0,0.3618233618233619,0.32323232323232326,0.6128560648934163,3,0.3287741634376391,0.3232882108850667,0.5263161618171361,COMPLETE,,,,,,,,,,,,,
RF,3,task_b_source_connected_class_neutral_v6_rigorous_A2CFC6311C18_outer3_RF,A2CFC6311C185EAA2F17BA13E733D522713F64F2850C50F6EEF6E4CE1F592221,1,0.4502923976608187,2026-08-21 02:06:03.401215,2026-08-21 02:06:12.339344,0 days 00:00:08.938129,29.0,0.5485158113513104,11.0,8.0,754.0,0,0.4501424501424502,0.4502923976608187,0.6353046594982079,3,0.36219052890929415,0.3479927526412024,0.541442360000076,COMPLETE,,,,,,,,,,,,,
RF,3,task_b_source_connected_class_neutral_v6_rigorous_A2CFC6311C18_outer3_RF,A2CFC6311C185EAA2F17BA13E733D522713F64F2850C50F6EEF6E4CE1F592221,2,0.4245014245014245,2026-08-21 02:06:12.505709,2026-08-21 02:06:16.083796,0 days 00:00:03.578087,8.0,0.3473943431241878,10.0,22.0,311.0,0,0.4245014245014245,0.4245014245014245,0.6189289393873435,3,0.3871490128401333,0.37165013982973494,0.5385542514865146,COMPLETE,,,,,,,,,,,,,
RF,3,task_b_source_connected_class_neutral_v6_rigorous_A2CFC6311C18_outer3_RF,A2CFC6311C185EAA2F17BA13E733D522713F64F2850C50F6EEF6E4CE1F592221,3,0.32323232323232326,2026-08-21 02:06:16.244557,2026-08-21 02:06:22.707874,0 days 00:00:06.463317,28.0,0.5659438955769394,6.0,9.0,466.0,0,0.3618233618233619,0.32323232323232326,0.6158145052457447,3,0.3367969855173138,0.33043631867161277,0.5235980001524885,COMPLETE,,,,,,,,,,,,,
RF,3,task_b_source_connected_class_neutral_v6_rigorous_A2CFC6311C18_outer3_RF,A2CFC6311C185EAA2F17BA13E733D522713F64F2850C50F6EEF6E4CE1F592221,4,0.32323232323232326,2026-08-21 02:06:22.863160,2026-08-21 02:06:31.420551,0 days 00:00:08.557391,21.0,0.9140648129328348,4.0,15.0,461.0,0,0.3618233618233619,0.32323232323232326,0.6421889435471778,3,0.32738287765151103,0.32295216024569595,0.5298123340537297,COMPLETE,,,,,,,,,,,,,
RF,3,task_b_source_connected_class_neutral_v6_rigorous_A2CFC6311C18_outer3_RF,A2CFC6311C185EAA2F17BA13E733D522713F64F2850C50F6EEF6E4CE1F592221,5,0.41223832528180354,2026-08-21 02:06:31.589499,2026-08-21 02:06:40.035746,0 days 00:00:08.446247,18.0,0.7523509485269353,11.0,20.0,609.0,0,0.41737891737891736,0.41223832528180354,0.6209689511896643,3,0.35205481930108284,0.33700751680444857,0.5344511832000203,COMPLETE,,,,,,,,,,,,,
RF,3,task_b_source_connected_class_neutral_v6_rigorous_A2CFC6311C18_outer3_RF,A2CFC6311C185EAA2F17BA13E733D522713F64F2850C50F6EEF6E4CE1F592221,6,0.33299629255139873,2026-08-21 02:06:40.210985,2026-08-21 02:06:57.791433,0 days 00:00:17.580448,20.0,0.8847258604214439,10.0,10.0,1159.0,0,0.3618233618233619,0.33299629255139873,0.625966194090133,3,0.3444694083553124,0.33381463583305626,0.5325500916196523,COMPLETE,,,,,,,,,,,,,
RF,3,task_b_source_connected_class_neutral_v6_rigorous_A2CFC6311C18_outer3_RF,A2CFC6311C185EAA2F17BA13E733D522713F64F2850C50F6EEF6E4CE1F592221,7,0.4502923976608187,2026-08-21 02:06:57.935586,2026-08-21 02:07:02.808565,0 days 00:00:04.872979,30.0,0.24029003363992193,11.0,15.0,419.0,0,0.4501424501424502,0.4502923976608187,0.6331074446524362,3,0.3773461553768284,0.3604031668745887,0.5371996331622048,COMPLETE,,,,,,,,,,,,,
RF,3,task_b_source_connected_class_neutral_v6_rigorous_A2CFC6311C18_outer3_RF,A2CFC6311C185EAA2F17BA13E733D522713F64F2850C50F6EEF6E4CE1F592221,8,0.32323232323232326,2026-08-21 02:07:02.962673,2026-08-21 02:07:11.947829,0 days 00:00:08.985156,11.0,0.6928252551941199,6.0,13.0,618.0,0,0.3618233618233619,0.32323232323232326,0.62194361005906,3,0.33071700693562567,0.32498678476715886,0.5187210935876814,COMPLETE,,,,,,,,,,,,,
RF,3,task_b_source_connected_class_neutral_v6_rigorous_A2CFC6311C18_outer3_RF,A2CFC6311C185EAA2F17BA13E733D522713F64F2850C50F6EEF6E4CE1F592221,9,0.4245014245014245,2026-08-21 02:07:12.104404,2026-08-21 02:07:16.531429,0 days 00:00:04.427025,21.0,0.5795423871417364,10.0,19.0,336.0,0,0.4245014245014245,0.4245014245014245,0.6400552145458768,3,0.35857781685172524,0.346414718167521,0.5351410567998921,COMPLETE,,,,,,,,,,,,,
RF,3,task_b_source_connected_class_neutral_v6_rigorous_A2CFC6311C18_outer3_RF,A2CFC6311C185EAA2F17BA13E733D522713F64F2850C50F6EEF6E4CE1F592221,10,0.36616161616161613,2026-08-21 02:07:16.698483,2026-08-21 02:07:27.646306,0 days 00:00:10.947823,27.0,0.43290159964066854,3.0,2.0,956.0,0,0.40598290598290604,0.36616161616161613,0.6047183888864703,3,0.3327683891765166,0.3274382120192423,0.4957317483241069,COMPLETE,,,,,,,,,,,,,
RF,3,task_b_source_connected_class_neutral_v6_rigorous_A2CFC6311C18_outer3_RF,A2CFC6311C185EAA2F17BA13E733D522713F64F2850C50F6EEF6E4CE1F592221,11,0.4245014245014245,2026-08-21 02:07:27.810821,2026-08-21 02:07:37.103063,0 days 00:00:09.292242,32.0,0.20888735483699888,12.0,6.0,814.0,0,0.4245014245014245,0.4245014245014245,0.6356879930733921,3,0.3699291603804645,0.354073588267164,0.5385261970103388,COMPLETE,,,,,,,,,,,,,
RF,3,task_b_source_connected_class_neutral_v6_rigorous_A2CFC6311C18_outer3_RF,A2CFC6311C185EAA2F17BA13E733D522713F64F2850C50F6EEF6E4CE1F592221,12,0.3609756097560976,2026-08-21 02:07:37.238099,2026-08-21 02:07:47.835167,0 days 00:00:10.597068,32.0,0.20136469520429257,8.0,6.0,955.0,0,0.3874643874643875,0.3609756097560976,0.6343040016639337,3,0.3694278922861515,0.35665699473966656,0.5342724126311139,COMPLETE,,,,,,,,,,,,,
RF,3,task_b_source_connected_class_neutral_v6_rigorous_A2CFC6311C18_outer3_RF,A2CFC6311C185EAA2F17BA13E733D522713F64F2850C50F6EEF6E4CE1F592221,13,0.4502923976608187,2026-08-21 02:07:47.996453,2026-08-21 02:07:55.150299,0 days 00:00:07.153846,27.0,0.37058348857342616,12.0,17.0,653.0,0,0.4501424501424502,0.4502923976608187,0.6340530814215025,3,0.3711847727379622,0.3560651721212307,0.5410838565378081,COMPLETE,,,,,,,,,,,,,
RF,3,task_b_source_connected_class_neutral_v6_rigorous_A2CFC6311C18_outer3_RF,A2CFC6311C185EAA2F17BA13E733D522713F64F2850C50F6EEF6E4CE1F592221,14,0.3503875968992249,2026-08-21 02:07:55.301872,2026-08-21 02:08:07.063872,0 days 00:00:11.762000,25.0,0.5049196074022801,1.0,10.0,923.0,0,0.3874643874643875,0.3503875968992249,0.6064814814814815,3,0.32113285503927297,0.3180474805781493,0.5050134640793975,COMPLETE,,,,,,,,,,,,,
RF,3,task_b_source_connected_class_neutral_v6_rigorous_A2CFC6311C18_outer3_RF,A2CFC6311C185EAA2F17BA13E733D522713F64F2850C50F6EEF6E4CE1F592221,15,0.3703703703703704,2026-08-21 02:08:07.225331,2026-08-21 02:08:13.040271,0 days 00:00:05.814940,14.0,0.3048638285566601,8.0,12.0,498.0,0,0.3945868945868946,0.3703703703703704,0.6340833127760123,3,0.3435155337030886,0.3362315645256772,0.5328740061646186,COMPLETE,,,,,,,,,,,,,
RF,3,task_b_source_connected_class_neutral_v6_rigorous_A2CFC6311C18_outer3_RF,A2CFC6311C185EAA2F17BA13E733D522713F64F2850C50F6EEF6E4CE1F592221,16,0.4245014245014245,2026-08-21 02:08:13.192945,2026-08-21 02:08:22.382719,0 days 00:00:09.189774,30.0,0.7000602854225859,9.0,24.0,714.0,0,0.4245014245014245,0.4245014245014245,0.6318788424051581,3,0.35796638193336444,0.3454715219421101,0.535090115417974,COMPLETE,,,,,,,,,,,,,
RF,3,task_b_source_connected_class_neutral_v6_rigorous_A2CFC6311C18_outer3_RF,A2CFC6311C185EAA2F17BA13E733D522713F64F2850C50F6EEF6E4CE1F592221,17,0.4502923976608187,2026-08-21 02:08:22.581818,2026-08-21 02:08:32.510711,0 days 00:00:09.928893,24.0,0.47644235624803233,12.0,5.0,866.0,0,0.4501424501424502,0.4502923976608187,0.6310644097146644,3,0.3673533551134411,0.35237187230088995,0.5411481737981082,COMPLETE,,,,,,,,,,,,,
RF,3,task_b_source_connected_class_neutral_v6_rigorous_A2CFC6311C18_outer3_RF,A2CFC6311C185EAA2F17BA13E733D522713F64F2850C50F6EEF6E4CE1F592221,18,0.3333333333333333,2026-08-21 02:08:32.651348,2026-08-21 02:08:48.449965,0 days 00:00:15.798617,16.0,0.816525585489791,9.0,8.0,1068.0,0,0.3618233618233619,0.3333333333333333,0.62719177320196,3,0.3401638573222045,0.3317670076583375,0.5333408341865087,COMPLETE,,,,,,,,,,,,,
RF,3,task_b_source_connected_class_neutral_v6_rigorous_A2CFC6311C18_outer3_RF,A2CFC6311C185EAA2F17BA13E733D522713F64F2850C50F6EEF6E4CE1F592221,19,0.3503875968992249,2026-08-21 02:08:48.601851,2026-08-21 02:08:56.629362,0 days 00:00:08.027511,29.0,0.6163719633707893,4.0,2.0,558.0,0,0.3874643874643875,0.3503875968992249,0.6137382158180121,3,0.3295212717846302,0.32369917664035314,0.5093738553834942,COMPLETE,,,,,,,,,,,,,
RF,3,task_b_source_connected_class_neutral_v6_rigorous_A2CFC6311C18_outer3_RF,A2CFC6311C185EAA2F17BA13E733D522713F64F2850C50F6EEF6E4CE1F592221,20,0.4502923976608187,2026-08-21 02:08:56.774186,2026-08-21 02:09:04.876387,0 days 00:00:08.102201,24.0,0.2764518872412199,11.0,15.0,739.0,0,0.4501424501424502,0.4502923976608187,0.6449575309931846,3,0.38109616894417125,0.36549628791340627,0.5426112867107,COMPLETE,,,,,,,,,,,,,
RF,3,task_b_source_connected_class_neutral_v6_rigorous_A2CFC6311C18_outer3_RF,A2CFC6311C185EAA2F17BA13E733D522713F64F2850C50F6EEF6E4CE1F592221,21,0.4502923976608187,2026-08-21 02:09:05.047369,2026-08-21 02:09:12.884102,0 days 00:00:07.836733,26.0,0.38097864013248345,12.0,18.0,687.0,0,0.4501424501424502,0.4502923976608187,0.6323546839251424,3,0.37407190329921597,0.358699144387362,0.541054755931338,COMPLETE,,,,,,,,,,,,,
RF,3,task_b_source_connected_class_neutral_v6_rigorous_A2CFC6311C18_outer3_RF,A2CFC6311C185EAA2F17BA13E733D522713F64F2850C50F6EEF6E4CE1F592221,22,0.4502923976608187,2026-08-21 02:09:13.033156,2026-08-21 02:09:17.326440,0 days 00:00:04.293284,30.0,0.41169113492595033,11.0,18.0,395.0,0,0.4501424501424502,0.4502923976608187,0.6298388306028374,3,0.35688081360641677,0.34628936990022635,0.5354700090412078,COMPLETE,,,,,,,,,,,,,
RF,3,task_b_source_connected_class_neutral_v6_rigorous_A2CFC6311C18_outer3_RF,A2CFC6311C185EAA2F17BA13E733D522713F64F2850C50F6EEF6E4CE1F592221,23,0.41245791245791247,2026-08-21 02:09:17.501569,2026-08-21 02:09:25.016392,0 days 00:00:07.514823,5.0,0.2933223654950227,12.0,13.0,643.0,0,0.4131054131054131,0.41245791245791247,0.6292100184290338,3,0.36452447367754587,0.3434132144658461,0.5465080952553871,COMPLETE,,,,,,,,,,,,,
RF,3,task_b_source_connected_class_neutral_v6_rigorous_A2CFC6311C18_outer3_RF,A2CFC6311C185EAA2F17BA13E733D522713F64F2850C50F6EEF6E4CE1F592221,24,0.3448717948717949,2026-08-21 02:09:25.193267,2026-08-21 02:09:29.939282,0 days 00:00:04.746015,28.0,0.49473225653941494,9.0,17.0,420.0,0,0.36894586894586895,0.3448717948717949,0.6327295527210638,3,0.34210670082019107,0.33332832823063113,0.5335752551130416,COMPLETE,,,,,,,,,,,,,
RF,3,task_b_source_connected_class_neutral_v6_rigorous_A2CFC6311C18_outer3_RF,A2CFC6311C185EAA2F17BA13E733D522713F64F2850C50F6EEF6E4CE1F592221,25,0.4502923976608187,2026-08-21 02:09:30.104451,2026-08-21 02:09:36.752334,0 days 00:00:06.647883,32.0,0.2545979006334755,11.0,16.0,541.0,0,0.4501424501424502,0.4502923976608187,0.637666332912513,3,0.3717634651355468,0.3575145124626264,0.5349437835946812,COMPLETE,,,,,,,,,,,,,
RF,3,task_b_source_connected_class_neutral_v6_rigorous_A2CFC6311C18_outer3_RF,A2CFC6311C185EAA2F17BA13E733D522713F64F2850C50F6EEF6E4CE1F592221,26,0.4502923976608187,2026-08-21 02:09:36.911363,2026-08-21 02:09:45.708692,0 days 00:00:08.797329,23.0,0.3370060282207341,10.0,12.0,802.0,0,0.4501424501424502,0.4502923976608187,0.6258162465717644,3,0.37617918299270253,0.36278183377677475,0.5367509343264167,COMPLETE,,,,,,,,,,,,,
RF,3,task_b_source_connected_class_neutral_v6_rigorous_A2CFC6311C18_outer3_RF,A2CFC6311C185EAA2F17BA13E733D522713F64F2850C50F6EEF6E4CE1F592221,27,0.3448717948717949,2026-08-21 02:09:45.851815,2026-08-21 02:09:58.463538,0 days 00:00:12.611723,26.0,0.4409724960666578,7.0,21.0,1027.0,0,0.36894586894586895,0.3448717948717949,0.625654811138682,3,0.3403226856826544,0.3334391057277133,0.5312467570037397,COMPLETE,,,,,,,,,,,,,
RF,3,task_b_source_connected_class_neutral_v6_rigorous_A2CFC6311C18_outer3_RF,A2CFC6311C185EAA2F17BA13E733D522713F64F2850C50F6EEF6E4CE1F592221,28,0.4502923976608187,2026-08-21 02:09:58.621472,2026-08-21 02:10:05.675750,0 days 00:00:07.054278,30.0,0.3650222392873719,11.0,13.0,669.0,0,0.4501424501424502,0.4502923976608187,0.6297451134038571,3,0.36929619861142765,0.3539047780997473,0.5371260215044658,COMPLETE,,,,,,,,,,,,,
RF,3,task_b_source_connected_class_neutral_v6_rigorous_A2CFC6311C18_outer3_RF,A2CFC6311C185EAA2F17BA13E733D522713F64F2850C50F6EEF6E4CE1F592221,29,0.3448717948717949,2026-08-21 02:10:05.828521,2026-08-21 02:10:12.725788,0 days 00:00:06.897267,18.0,0.5391187556631412,8.0,11.0,561.0,0,0.36894586894586895,0.3448717948717949,0.626315063921176,3,0.34024128162547623,0.33451589061345155,0.5279453480176076,COMPLETE,,,,,,,,,,,,,
RF,3,task_b_source_connected_class_neutral_v6_rigorous_A2CFC6311C18_outer3_RF,A2CFC6311C185EAA2F17BA13E733D522713F64F2850C50F6EEF6E4CE1F592221,30,0.4502923976608187,2026-08-21 02:10:12.874079,2026-08-21 02:10:23.394545,0 days 00:00:10.520466,27.0,0.6585490822268163,12.0,15.0,871.0,0,0.4501424501424502,0.4502923976608187,0.6313123068216447,3,0.35422197620107165,0.33996089473552377,0.5390301333519361,COMPLETE,,,,,,,,,,,,,
RF,3,task_b_source_connected_class_neutral_v6_rigorous_A2CFC6311C18_outer3_RF,A2CFC6311C185EAA2F17BA13E733D522713F64F2850C50F6EEF6E4CE1F592221,31,0.474974974974975,2026-08-21 02:10:23.554535,2026-08-21 02:10:32.425389,0 days 00:00:08.870854,23.0,0.4775057897726626,12.0,6.0,768.0,0,0.47578347578347574,0.474974974974975,0.6309072066712135,3,0.3667147855093542,0.35172957518139164,0.5411760415099064,COMPLETE,,,,,,,,,,,,,
RF,3,task_b_source_connected_class_neutral_v6_rigorous_A2CFC6311C18_outer3_RF,A2CFC6311C185EAA2F17BA13E733D522713F64F2850C50F6EEF6E4CE1F592221,32,0.4502923976608187,2026-08-21 02:10:32.597668,2026-08-21 02:10:40.792504,0 days 00:00:08.194836,23.0,0.45774050106624414,10.0,7.0,752.0,0,0.4501424501424502,0.4502923976608187,0.6331679073614557,3,0.3573549470150037,0.3445064607121416,0.5356678554953297,COMPLETE,,,,,,,,,,,,,
RF,3,task_b_source_connected_class_neutral_v6_rigorous_A2CFC6311C18_outer3_RF,A2CFC6311C185EAA2F17BA13E733D522713F64F2850C50F6EEF6E4CE1F592221,33,0.4502923976608187,2026-08-21 02:10:40.939607,2026-08-21 02:10:49.786240,0 days 00:00:08.846633,29.0,0.3921175133958255,12.0,4.0,779.0,0,0.4501424501424502,0.4502923976608187,0.633329342794538,3,0.37407190329921597,0.3586836305766979,0.5438360429566074,COMPLETE,,,,,,,,,,,,,
RF,3,task_b_source_connected_class_neutral_v6_rigorous_A2CFC6311C18_outer3_RF,A2CFC6311C185EAA2F17BA13E733D522713F64F2850C50F6EEF6E4CE1F592221,34,0.4502923976608187,2026-08-21 02:10:49.940703,2026-08-21 02:10:59.023754,0 days 00:00:09.083051,25.0,0.5347039790462199,11.0,8.0,850.0,0,0.4501424501424502,0.4502923976608187,0.6320995312930796,3,0.35793924724763837,0.345652350196412,0.5387932703262838,COMPLETE,,,,,,,,,,,,,
RF,3,task_b_source_connected_class_neutral_v6_rigorous_A2CFC6311C18_outer3_RF,A2CFC6311C185EAA2F17BA13E733D522713F64F2850C50F6EEF6E4CE1F592221,35,0.4502923976608187,2026-08-21 02:10:59.172713,2026-08-21 02:11:07.399450,0 days 00:00:08.226737,28.0,0.3463657492169271,10.0,3.0,701.0,0,0.4501424501424502,0.4502923976608187,0.6304688520308215,3,0.3742906088661681,0.36054573570470555,0.5328861910544542,COMPLETE,,,,,,,,,,,,,
RF,3,task_b_source_connected_class_neutral_v6_rigorous_A2CFC6311C18_outer3_RF,A2CFC6311C185EAA2F17BA13E733D522713F64F2850C50F6EEF6E4CE1F592221,36,0.3974074074074074,2026-08-21 02:11:07.553952,2026-08-21 02:11:12.639182,0 days 00:00:05.085230,20.0,0.5960169940317014,9.0,16.0,379.0,0,0.39886039886039887,0.3974074074074074,0.6305583368401705,3,0.3515208086859938,0.3402953517838701,0.5351754378853016,COMPLETE,,,,,,,,,,,,,
RF,3,task_b_source_connected_class_neutral_v6_rigorous_A2CFC6311C18_outer3_RF,A2CFC6311C185EAA2F17BA13E733D522713F64F2850C50F6EEF6E4CE1F592221,37,0.4502923976608187,2026-08-21 02:11:12.780444,2026-08-21 02:11:18.634456,0 days 00:00:05.854012,22.0,0.26103947492449586,11.0,8.0,497.0,0,0.4501424501424502,0.4502923976608187,0.6413140481476645,3,0.3814561557748038,0.3650906488746764,0.5400817398721817,COMPLETE,,,,,,,,,,,,,
RF,3,task_b_source_connected_class_neutral_v6_rigorous_A2CFC6311C18_outer3_RF,A2CFC6311C185EAA2F17BA13E733D522713F64F2850C50F6EEF6E4CE1F592221,38,0.32323232323232326,2026-08-21 02:11:18.795641,2026-08-21 02:11:22.701797,0 days 00:00:03.906156,31.0,0.5348450390596775,6.0,10.0,310.0,0,0.3618233618233619,0.32323232323232326,0.6250259989648784,3,0.3399626988520219,0.3341737325077349,0.5232274310789574,COMPLETE,,,,,,,,,,,,,
RF,3,task_b_source_connected_class_neutral_v6_rigorous_A2CFC6311C18_outer3_RF,A2CFC6311C185EAA2F17BA13E733D522713F64F2850C50F6EEF6E4CE1F592221,39,0.32323232323232326,2026-08-21 02:11:22.831137,2026-08-21 02:11:30.640457,0 days 00:00:07.809320,27.0,0.3115018188147358,5.0,14.0,626.0,0,0.3618233618233619,0.32323232323232326,0.6197463952132883,3,0.33909981584593285,0.33111798715825563,0.5180326545994002,COMPLETE,,,,,,,,,,,,,
RF,3,task_b_source_connected_class_neutral_v6_rigorous_A2CFC6311C18_outer3_RF,A2CFC6311C185EAA2F17BA13E733D522713F64F2850C50F6EEF6E4CE1F592221,40,0.4502923976608187,2026-08-21 02:11:30.791863,2026-08-21 02:11:37.293368,0 days 00:00:06.501505,29.0,0.23878670096310184,12.0,20.0,582.0,0,0.4501424501424502,0.4502923976608187,0.6416296634887467,3,0.37776601941396315,0.35928660163935405,0.539122210988237,COMPLETE,,,,,,,,,,,,,
RF,3,task_b_source_connected_class_neutral_v6_rigorous_A2CFC6311C18_outer3_RF,A2CFC6311C185EAA2F17BA13E733D522713F64F2850C50F6EEF6E4CE1F592221,41,0.4502923976608187,2026-08-21 02:11:37.463302,2026-08-21 02:11:47.286078,0 days 00:00:09.822776,24.0,0.47023802655199837,12.0,5.0,852.0,0,0.4501424501424502,0.4502923976608187,0.6310644097146644,3,0.3673533551134411,0.35237187230088995,0.5413996353038452,COMPLETE,,,,,,,,,,,,,
RF,3,task_b_source_connected_class_neutral_v6_rigorous_A2CFC6311C18_outer3_RF,A2CFC6311C185EAA2F17BA13E733D522713F64F2850C50F6EEF6E4CE1F592221,42,0.4502923976608187,2026-08-21 02:11:47.472896,2026-08-21 02:11:57.526077,0 days 00:00:10.053181,21.0,0.49088930877741677,11.0,5.0,910.0,0,0.4501424501424502,0.4502923976608187,0.6314695098650956,3,0.35621908907051036,0.3410138740817425,0.5368733441814223,COMPLETE,,,,,,,,,,,,,
RF,3,task_b_source_connected_class_neutral_v6_rigorous_A2CFC6311C18_outer3_RF,A2CFC6311C185EAA2F17BA13E733D522713F64F2850C50F6EEF6E4CE1F592221,43,0.474974974974975,2026-08-21 02:11:57.679323,2026-08-21 02:12:06.869464,0 days 00:00:09.190141,25.0,0.41608590535770623,12.0,4.0,774.0,0,0.47578347578347574,0.474974974974975,0.6368791084410779,3,0.36546478098690666,0.3501276635936976,0.5416120087383457,COMPLETE,,,,,,,,,,,,,
RF,3,task_b_source_connected_class_neutral_v6_rigorous_A2CFC6311C18_outer3_RF,A2CFC6311C185EAA2F17BA13E733D522713F64F2850C50F6EEF6E4CE1F592221,44,0.4502923976608187,2026-08-21 02:12:07.012966,2026-08-21 02:12:15.334029,0 days 00:00:08.321063,25.0,0.4190244421823715,10.0,3.0,772.0,0,0.4501424501424502,0.4502923976608187,0.625530862585192,3,0.3524922304349871,0.340827315979163,0.5334043828056009,COMPLETE,,,,,,,,,,,,,
RF,3,task_b_source_connected_class_neutral_v6_rigorous_A2CFC6311C18_outer3_RF,A2CFC6311C185EAA2F17BA13E733D522713F64F2850C50F6EEF6E4CE1F592221,45,0.4245014245014245,2026-08-21 02:12:15.499816,2026-08-21 02:12:25.192290,0 days 00:00:09.692474,27.0,0.6237291172723225,10.0,7.0,815.0,0,0.4245014245014245,0.4245014245014245,0.6320360454486091,3,0.35605067312110394,0.34356345408976985,0.5395620450219968,COMPLETE,,,,,,,,,,,,,
RF,3,task_b_source_connected_class_neutral_v6_rigorous_A2CFC6311C18_outer3_RF,A2CFC6311C185EAA2F17BA13E733D522713F64F2850C50F6EEF6E4CE1F592221,46,0.3503875968992249,2026-08-21 02:12:25.352284,2026-08-21 02:12:35.107868,0 days 00:00:09.755584,31.0,0.5551202166776205,1.0,4.0,727.0,0,0.3874643874643875,0.3503875968992249,0.570452962430891,3,0.3186887434469734,0.3174336960500483,0.47200049203560007,COMPLETE,,,,,,,,,,,,,
RF,3,task_b_source_connected_class_neutral_v6_rigorous_A2CFC6311C18_outer3_RF,A2CFC6311C185EAA2F17BA13E733D522713F64F2850C50F6EEF6E4CE1F592221,47,0.4502923976608187,2026-08-21 02:12:35.297645,2026-08-21 02:12:43.256792,0 days 00:00:07.959147,16.0,0.40104426501939366,11.0,9.0,660.0,0,0.4501424501424502,0.4502923976608187,0.6323546839251423,3,0.35766066447418404,0.344887875755217,0.5395401768643472,COMPLETE,,,,,,,,,,,,,
RF,3,task_b_source_connected_class_neutral_v6_rigorous_A2CFC6311C18_outer3_RF,A2CFC6311C185EAA2F17BA13E733D522713F64F2850C50F6EEF6E4CE1F592221,48,0.4502923976608187,2026-08-21 02:12:43.427809,2026-08-21 02:12:54.285342,0 days 00:00:10.857533,19.0,0.33387037621409965,12.0,6.0,1013.0,0,0.4501424501424502,0.4502923976608187,0.6253144060869018,3,0.3737933205257617,0.35769784449723163,0.5390720681599962,COMPLETE,,,,,,,,,,,,,
RF,3,task_b_source_connected_class_neutral_v6_rigorous_A2CFC6311C18_outer3_RF,A2CFC6311C185EAA2F17BA13E733D522713F64F2850C50F6EEF6E4CE1F592221,49,0.4502923976608187,2026-08-21 02:12:54.444593,2026-08-21 02:13:01.746128,0 days 00:00:07.301535,11.0,0.5147792618648915,11.0,23.0,593.0,0,0.4501424501424502,0.4502923976608187,0.6279197442185558,3,0.36274208662115276,0.3501721417509525,0.5371896915328791,COMPLETE,,,,,,,,,,,,,
RF,3,task_b_source_connected_class_neutral_v6_rigorous_A2CFC6311C18_outer3_RF,A2CFC6311C185EAA2F17BA13E733D522713F64F2850C50F6EEF6E4CE1F592221,50,0.3703703703703704,2026-08-21 02:13:01.904818,2026-08-21 02:13:06.932255,0 days 00:00:05.027437,22.0,0.22467039850710188,9.0,14.0,454.0,0,0.3945868945868946,0.3703703703703704,0.6290848606213632,3,0.3591237667285337,0.3476389269360088,0.5311357428944191,COMPLETE,,,,,,,,,,,,,
RF,3,task_b_source_connected_class_neutral_v6_rigorous_A2CFC6311C18_outer3_RF,A2CFC6311C185EAA2F17BA13E733D522713F64F2850C50F6EEF6E4CE1F592221,51,0.4502923976608187,2026-08-21 02:13:07.082757,2026-08-21 02:13:17.362394,0 days 00:00:10.279637,24.0,0.4663460348084525,12.0,4.0,892.0,0,0.4501424501424502,0.4502923976608187,0.6310644097146644,3,0.36640906805017387,0.35124910223829314,0.5420147817838444,COMPLETE,,,,,,,,,,,,,
RF,3,task_b_source_connected_class_neutral_v6_rigorous_A2CFC6311C18_outer3_RF,A2CFC6311C185EAA2F17BA13E733D522713F64F2850C50F6EEF6E4CE1F592221,52,0.4502923976608187,2026-08-21 02:13:17.502586,2026-08-21 02:13:26.966580,0 days 00:00:09.463994,26.0,0.5811423253600834,12.0,5.0,820.0,0,0.4501424501424502,0.4502923976608187,0.6391398091313202,3,0.3554991154092453,0.34119197062549894,0.5428180185547937,COMPLETE,,,,,,,,,,,,,
RF,3,task_b_source_connected_class_neutral_v6_rigorous_A2CFC6311C18_outer3_RF,A2CFC6311C185EAA2F17BA13E733D522713F64F2850C50F6EEF6E4CE1F592221,53,0.4502923976608187,2026-08-21 02:13:27.144443,2026-08-21 02:13:41.400937,0 days 00:00:14.256494,28.0,0.48616225517483974,11.0,7.0,1178.0,0,0.4501424501424502,0.4502923976608187,0.6320692999385699,3,0.359717654550125,0.34457797455899924,0.5375628081177702,COMPLETE,,,,,,,,,,,,,
RF,3,task_b_source_connected_class_neutral_v6_rigorous_A2CFC6311C18_outer3_RF,A2CFC6311C185EAA2F17BA13E733D522713F64F2850C50F6EEF6E4CE1F592221,54,0.4502923976608187,2026-08-21 02:13:41.556653,2026-08-21 02:13:51.705813,0 days 00:00:10.149160,25.0,0.42746802408177453,12.0,3.0,950.0,0,0.4501424501424502,0.4502923976608187,0.6329502416089853,3,0.36229906765219844,0.34662884453421466,0.5399360550479171,COMPLETE,,,,,,,,,,,,,
RF,3,task_b_source_connected_class_neutral_v6_rigorous_A2CFC6311C18_outer3_RF,A2CFC6311C185EAA2F17BA13E733D522713F64F2850C50F6EEF6E4CE1F592221,55,0.4502923976608187,2026-08-21 02:13:51.877431,2026-08-21 02:14:01.088977,0 days 00:00:09.211546,23.0,0.3684039122175266,11.0,18.0,761.0,0,0.4501424501424502,0.4502923976608187,0.637351926825611,3,0.37404476861348995,0.35905938731712544,0.5397865074474951,COMPLETE,,,,,,,,,,,,,
RF,3,task_b_source_connected_class_neutral_v6_rigorous_A2CFC6311C18_outer3_RF,A2CFC6311C185EAA2F17BA13E733D522713F64F2850C50F6EEF6E4CE1F592221,56,0.4502923976608187,2026-08-21 02:14:01.229650,2026-08-21 02:14:12.127868,0 days 00:00:10.898218,31.0,0.7431386651134175,12.0,2.0,840.0,0,0.4501424501424502,0.4502923976608187,0.6277583087854735,3,0.3577476763664123,0.34326349415800933,0.5390353469259518,COMPLETE,,,,,,,,,,,,,
RF,3,task_b_source_connected_class_neutral_v6_rigorous_A2CFC6311C18_outer3_RF,A2CFC6311C185EAA2F17BA13E733D522713F64F2850C50F6EEF6E4CE1F592221,57,0.3082170542635659,2026-08-21 02:14:12.298002,2026-08-21 02:14:26.336576,0 days 00:00:14.038574,28.0,0.949760641097011,2.0,6.0,677.0,0,0.3433048433048433,0.3082170542635659,0.5975511393592888,3,0.32327287725353565,0.3209185569132374,0.492214428502505,COMPLETE,,,,,,,,,,,,,
RF,3,task_b_source_connected_class_neutral_v6_rigorous_A2CFC6311C18_outer3_RF,A2CFC6311C185EAA2F17BA13E733D522713F64F2850C50F6EEF6E4CE1F592221,58,0.4502923976608187,2026-08-21 02:14:26.492675,2026-08-21 02:14:37.870558,0 days 00:00:11.377883,26.0,0.44245594015418044,10.0,9.0,1107.0,0,0.4501424501424502,0.4502923976608187,0.6361856011686232,3,0.35957637328644454,0.346873480711312,0.5357948608811434,COMPLETE,,,,,,,,,,,,,
RF,3,task_b_source_connected_class_neutral_v6_rigorous_A2CFC6311C18_outer3_RF,A2CFC6311C185EAA2F17BA13E733D522713F64F2850C50F6EEF6E4CE1F592221,59,0.3448717948717949,2026-08-21 02:14:38.036591,2026-08-21 02:14:46.360346,0 days 00:00:08.323755,20.0,0.3138583801912454,7.0,17.0,722.0,0,0.36894586894586895,0.3448717948717949,0.6237387478898514,3,0.34098838997246733,0.33334230706432527,0.5309421882626285,COMPLETE,,,,,,,,,,,,,
SVM,3,task_b_source_connected_class_neutral_v6_rigorous_A2CFC6311C18_outer3_SVM,A2CFC6311C185EAA2F17BA13E733D522713F64F2850C50F6EEF6E4CE1F592221,0,0.09302325581395349,2026-08-21 02:14:50.511636,2026-08-21 02:14:50.846539,0 days 00:00:00.334903,,,,,,0,0.3333333333333333,0.09302325581395349,0.6936445228041154,3,0.34435906063335975,0.06232603840006364,0.709995215102171,COMPLETE,0.47950537665911985,1.954698093049577e-05,,,,,,,,,,,
SVM,3,task_b_source_connected_class_neutral_v6_rigorous_A2CFC6311C18_outer3_SVM,A2CFC6311C185EAA2F17BA13E733D522713F64F2850C50F6EEF6E4CE1F592221,1,0.09523809523809523,2026-08-21 02:14:51.028811,2026-08-21 02:14:51.363566,0 days 00:00:00.334755,,,,,,0,0.3333333333333333,0.09523809523809523,0.6629603026037661,3,0.3526061961150366,0.07859798927389192,0.7057089485114963,COMPLETE,0.14380259196082446,0.00036913948887272756,,,,,,,,,,,
SVM,3,task_b_source_connected_class_neutral_v6_rigorous_A2CFC6311C18_outer3_SVM,A2CFC6311C185EAA2F17BA13E733D522713F64F2850C50F6EEF6E4CE1F592221,2,0.31606546956936277,2026-08-21 02:14:51.510342,2026-08-21 02:14:51.802880,0 days 00:00:00.292538,,,,,,0,0.43304843304843305,0.31606546956936277,0.6187064366181514,3,0.3485289382378373,0.2505572996565003,0.636804930590629,COMPLETE,0.08172045255191765,0.051835588997770146,,,,,,,,,,,
SVM,3,task_b_source_connected_class_neutral_v6_rigorous_A2CFC6311C18_outer3_SVM,A2CFC6311C185EAA2F17BA13E733D522713F64F2850C50F6EEF6E4CE1F592221,3,0.13032581453634084,2026-08-21 02:14:51.951697,2026-08-21 02:14:52.425115,0 days 00:00:00.473418,,,,,,0,0.35185185185185186,0.13032581453634084,0.6911589008363203,3,0.3532990350905756,0.08010690115953274,0.7120106742987588,COMPLETE,0.6957700230670805,2.1463611284978725e-05,,,,,,,,,,,
SVM,3,task_b_source_connected_class_neutral_v6_rigorous_A2CFC6311C18_outer3_SVM,A2CFC6311C185EAA2F17BA13E733D522713F64F2850C50F6EEF6E4CE1F592221,4,0.35953026196928634,2026-08-21 02:14:52.576285,2026-08-21 02:14:52.985413,0 days 00:00:00.409128,,,,,,0,0.3945868945868946,0.35953026196928634,0.586283611219944,3,0.32479513312276814,0.31933422897901037,0.5136207230247195,COMPLETE,630.8040468929615,0.1131203841684804,,,,,,,,,,,
SVM,3,task_b_source_connected_class_neutral_v6_rigorous_A2CFC6311C18_outer3_SVM,A2CFC6311C185EAA2F17BA13E733D522713F64F2850C50F6EEF6E4CE1F592221,5,0.373015873015873,2026-08-21 02:14:53.160248,2026-08-21 02:14:53.697622,0 days 00:00:00.537374,,,,,,0,0.5028490028490028,0.373015873015873,0.6644422436018361,3,0.46253767198868306,0.3107768613728569,0.6665049222178299,COMPLETE,2.2068602635369103,0.0002068252015192394,,,,,,,,,,,
SVM,3,task_b_source_connected_class_neutral_v6_rigorous_A2CFC6311C18_outer3_SVM,A2CFC6311C185EAA2F17BA13E733D522713F64F2850C50F6EEF6E4CE1F592221,6,0.42758620689655175,2026-08-21 02:14:53.844909,2026-08-21 02:14:54.291369,0 days 00:00:00.446460,,,,,,0,0.50997150997151,0.42758620689655175,0.6435215416539696,3,0.42198615045640536,0.3514623247835395,0.6113364950415276,COMPLETE,0.17992000545888015,0.011795705341297315,,,,,,,,,,,
SVM,3,task_b_source_connected_class_neutral_v6_rigorous_A2CFC6311C18_outer3_SVM,A2CFC6311C185EAA2F17BA13E733D522713F64F2850C50F6EEF6E4CE1F592221,7,0.2619047619047619,2026-08-21 02:14:54.488300,2026-08-21 02:14:55.005100,0 days 00:00:00.516800,,,,,,0,0.28774928774928776,0.2619047619047619,0.4586658782329411,3,0.2360283503196466,0.2281810699588477,0.3808481907337303,COMPLETE,201.1857945596893,0.60772048654413,,,,,,,,,,,
SVM,3,task_b_source_connected_class_neutral_v6_rigorous_A2CFC6311C18_outer3_SVM,A2CFC6311C185EAA2F17BA13E733D522713F64F2850C50F6EEF6E4CE1F592221,8,0.2619047619047619,2026-08-21 02:14:55.169054,2026-08-21 02:14:55.688580,0 days 00:00:00.519526,,,,,,0,0.28774928774928776,0.2619047619047619,0.4719924639279478,3,0.26573540425254794,0.2573929992772041,0.4206515612892218,COMPLETE,34.382413900120014,0.4055573480410182,,,,,,,,,,,
SVM,3,task_b_source_connected_class_neutral_v6_rigorous_A2CFC6311C18_outer3_SVM,A2CFC6311C185EAA2F17BA13E733D522713F64F2850C50F6EEF6E4CE1F592221,9,0.09302325581395349,2026-08-21 02:14:55.855131,2026-08-21 02:14:56.339488,0 days 00:00:00.484357,,,,,,0,0.3333333333333333,0.09302325581395349,0.6192312529324414,3,0.35726612614372694,0.08664764530422321,0.6629279725804463,COMPLETE,0.08943882085330006,0.16152013881135394,,,,,,,,,,,
SVM,3,task_b_source_connected_class_neutral_v6_rigorous_A2CFC6311C18_outer3_SVM,A2CFC6311C185EAA2F17BA13E733D522713F64F2850C50F6EEF6E4CE1F592221,10,0.09302325581395349,2026-08-21 02:14:56.500892,2026-08-21 02:14:56.917147,0 days 00:00:00.416255,,,,,,0,0.3333333333333333,0.09302325581395349,0.6508236230222648,3,0.3333333333333333,0.04020100502512563,0.6843140130086779,COMPLETE,0.01150527650628753,0.007917843870694146,,,,,,,,,,,
SVM,3,task_b_source_connected_class_neutral_v6_rigorous_A2CFC6311C18_outer3_SVM,A2CFC6311C185EAA2F17BA13E733D522713F64F2850C50F6EEF6E4CE1F592221,11,0.4814354727398206,2026-08-21 02:14:57.105260,2026-08-21 02:14:57.716299,0 days 00:00:00.611039,,,,,,0,0.5541310541310541,0.4814354727398206,0.701491373180677,3,0.43549035995065105,0.3591560407483014,0.607066336752635,COMPLETE,7.058351649623364,0.0005492456791862408,,,,,,,,,,,
SVM,3,task_b_source_connected_class_neutral_v6_rigorous_A2CFC6311C18_outer3_SVM,A2CFC6311C185EAA2F17BA13E733D522713F64F2850C50F6EEF6E4CE1F592221,12,0.5510044205696379,2026-08-21 02:14:57.867768,2026-08-21 02:14:58.224501,0 days 00:00:00.356733,,,,,,0,0.5612535612535613,0.5510044205696379,0.6922835072240844,3,0.4436385442783802,0.3959063653835404,0.5783013808528479,COMPLETE,8.53706168849081,0.003080188005064963,,,,,,,,,,,
SVM,3,task_b_source_connected_class_neutral_v6_rigorous_A2CFC6311C18_outer3_SVM,A2CFC6311C185EAA2F17BA13E733D522713F64F2850C50F6EEF6E4CE1F592221,13,0.4893892339544513,2026-08-21 02:14:58.382352,2026-08-21 02:14:58.714030,0 days 00:00:00.331678,,,,,,0,0.5056980056980057,0.4893892339544513,0.6802399402144733,3,0.4370612773562857,0.38422278380655067,0.5755538479677665,COMPLETE,18.692766297372582,0.0010768880703353346,,,,,,,,,,,
SVM,3,task_b_source_connected_class_neutral_v6_rigorous_A2CFC6311C18_outer3_SVM,A2CFC6311C185EAA2F17BA13E733D522713F64F2850C50F6EEF6E4CE1F592221,14,0.49088319088319093,2026-08-21 02:14:58.900843,2026-08-21 02:14:59.302615,0 days 00:00:00.401772,,,,,,0,0.4985754985754986,0.49088319088319093,0.686598198694973,3,0.4354456781681555,0.38738720340584387,0.5709586669981641,COMPLETE,28.277294971238145,0.0017417096003360358,,,,,,,,,,,
SVM,3,task_b_source_connected_class_neutral_v6_rigorous_A2CFC6311C18_outer3_SVM,A2CFC6311C185EAA2F17BA13E733D522713F64F2850C50F6EEF6E4CE1F592221,15,0.5470439383482861,2026-08-21 02:14:59.450513,2026-08-21 02:14:59.727957,0 days 00:00:00.277444,,,,,,0,0.5356125356125356,0.5470439383482861,0.705970450664848,3,0.45100362157605495,0.42511315153743734,0.5685064099256311,COMPLETE,66.43066247362857,0.0034260747523428676,,,,,,,,,,,
SVM,3,task_b_source_connected_class_neutral_v6_rigorous_A2CFC6311C18_outer3_SVM,A2CFC6311C185EAA2F17BA13E733D522713F64F2850C50F6EEF6E4CE1F592221,16,0.39393939393939387,2026-08-21 02:14:59.910261,2026-08-21 02:15:00.351007,0 days 00:00:00.440746,,,,,,0,0.43162393162393164,0.39393939393939387,0.673768011841017,3,0.38523095235510985,0.38131661442006265,0.565475860298143,COMPLETE,120.41399715578302,0.013027778748153225,,,,,,,,,,,
SVM,3,task_b_source_connected_class_neutral_v6_rigorous_A2CFC6311C18_outer3_SVM,A2CFC6311C185EAA2F17BA13E733D522713F64F2850C50F6EEF6E4CE1F592221,17,0.2532572097789489,2026-08-21 02:15:00.500330,2026-08-21 02:15:00.815341,0 days 00:00:00.315011,,,,,,0,0.4216524216524216,0.2532572097789489,0.6732704037457857,3,0.44597556431101415,0.26588606105062157,0.6873859510350356,COMPLETE,4.404071400935795,7.799359638496422e-05,,,,,,,,,,,
SVM,3,task_b_source_connected_class_neutral_v6_rigorous_A2CFC6311C18_outer3_SVM,A2CFC6311C185EAA2F17BA13E733D522713F64F2850C50F6EEF6E4CE1F592221,18,0.5470439383482861,2026-08-21 02:15:00.964836,2026-08-21 02:15:01.258907,0 days 00:00:00.294071,,,,,,0,0.5356125356125356,0.5470439383482861,0.6975473906713295,3,0.44027963198130243,0.4199922798510789,0.5684477995457883,COMPLETE,99.01687944964202,0.004360433222163762,,,,,,,,,,,
SVM,3,task_b_source_connected_class_neutral_v6_rigorous_A2CFC6311C18_outer3_SVM,A2CFC6311C185EAA2F17BA13E733D522713F64F2850C50F6EEF6E4CE1F592221,19,0.4071294559099437,2026-08-21 02:15:01.394106,2026-08-21 02:15:01.835552,0 days 00:00:00.441446,,,,,,0,0.43874643874643876,0.4071294559099437,0.6608755483967709,3,0.3449292508294169,0.34286792942678196,0.5500531791536548,COMPLETE,696.8693062660259,0.03399046389136708,,,,,,,,,,,
SVM,3,task_b_source_connected_class_neutral_v6_rigorous_A2CFC6311C18_outer3_SVM,A2CFC6311C185EAA2F17BA13E733D522713F64F2850C50F6EEF6E4CE1F592221,20,0.5317460317460317,2026-08-21 02:15:01.999374,2026-08-21 02:15:02.326132,0 days 00:00:00.326758,,,,,,0,0.5427350427350427,0.5317460317460317,0.6875674159205568,3,0.44422284451101485,0.3964390317221096,0.578137202075053,COMPLETE,10.69527077134079,0.0023726962207274668,,,,,,,,,,,
SVM,3,task_b_source_connected_class_neutral_v6_rigorous_A2CFC6311C18_outer3_SVM,A2CFC6311C185EAA2F17BA13E733D522713F64F2850C50F6EEF6E4CE1F592221,21,0.5470439383482861,2026-08-21 02:15:02.493490,2026-08-21 02:15:03.072908,0 days 00:00:00.579418,,,,,,0,0.5356125356125356,0.5470439383482861,0.698079462510702,3,0.44455804832868423,0.42190205366200445,0.5676987529707991,COMPLETE,75.75942390849363,0.004684513679825737,,,,,,,,,,,
SVM,3,task_b_source_connected_class_neutral_v6_rigorous_A2CFC6311C18_outer3_SVM,A2CFC6311C185EAA2F17BA13E733D522713F64F2850C50F6EEF6E4CE1F592221,22,0.4192248062015504,2026-08-21 02:15:03.232152,2026-08-21 02:15:03.514952,0 days 00:00:00.282800,,,,,,0,0.45726495726495725,0.4192248062015504,0.6628550974900721,3,0.3689530352859453,0.3688685605805993,0.5630947740731874,COMPLETE,58.546185973436,0.03053020926646371,,,,,,,,,,,
SVM,3,task_b_source_connected_class_neutral_v6_rigorous_A2CFC6311C18_outer3_SVM,A2CFC6311C185EAA2F17BA13E733D522713F64F2850C50F6EEF6E4CE1F592221,23,0.4473544973544974,2026-08-21 02:15:03.678257,2026-08-21 02:15:04.165451,0 days 00:00:00.487194,,,,,,0,0.45441595441595445,0.4473544973544974,0.682989784220684,3,0.4331683544441189,0.41425581595125555,0.5629395300343994,COMPLETE,220.49123750268566,0.0033917060376725387,,,,,,,,,,,
SVM,3,task_b_source_connected_class_neutral_v6_rigorous_A2CFC6311C18_outer3_SVM,A2CFC6311C185EAA2F17BA13E733D522713F64F2850C50F6EEF6E4CE1F592221,24,0.37139932058262365,2026-08-21 02:15:04.325405,2026-08-21 02:15:04.714018,0 days 00:00:00.388613,,,,,,0,0.46581196581196577,0.37139932058262365,0.6730708768060211,3,0.40060600798121554,0.31641298006003615,0.6068398615529637,COMPLETE,2.1136061227164116,0.0008431722543267247,,,,,,,,,,,
SVM,3,task_b_source_connected_class_neutral_v6_rigorous_A2CFC6311C18_outer3_SVM,A2CFC6311C185EAA2F17BA13E733D522713F64F2850C50F6EEF6E4CE1F592221,25,0.48598287728722517,2026-08-21 02:15:04.880143,2026-08-21 02:15:05.198243,0 days 00:00:00.318100,,,,,,0,0.4985754985754986,0.48598287728722517,0.6798360493182226,3,0.43447425641916215,0.3855521354058156,0.5679049100825115,COMPLETE,218.80018510295454,0.00020743874205112853,,,,,,,,,,,
SVM,3,task_b_source_connected_class_neutral_v6_rigorous_A2CFC6311C18_outer3_SVM,A2CFC6311C185EAA2F17BA13E733D522713F64F2850C50F6EEF6E4CE1F592221,26,0.6223978919631094,2026-08-21 02:15:05.368516,2026-08-21 02:15:05.807344,0 days 00:00:00.438828,,,,,,0,0.6168091168091169,0.6223978919631094,0.7083581230440313,3,0.45331205973972405,0.42313222827613517,0.575896804624927,COMPLETE,16.248025761922623,0.005607503232726091,,,,,,,,,,,
SVM,3,task_b_source_connected_class_neutral_v6_rigorous_A2CFC6311C18_outer3_SVM,A2CFC6311C185EAA2F17BA13E733D522713F64F2850C50F6EEF6E4CE1F592221,27,0.4872357723577236,2026-08-21 02:15:06.010427,2026-08-21 02:15:06.371304,0 days 00:00:00.360877,,,,,,0,0.4871794871794872,0.4872357723577236,0.6771406217501293,3,0.4398127344889091,0.42531222268036367,0.578002965151912,COMPLETE,15.727089110618676,0.013760569053971048,,,,,,,,,,,
SVM,3,task_b_source_connected_class_neutral_v6_rigorous_A2CFC6311C18_outer3_SVM,A2CFC6311C185EAA2F17BA13E733D522713F64F2850C50F6EEF6E4CE1F592221,28,0.49408369408369407,2026-08-21 02:15:06.514725,2026-08-21 02:15:06.986175,0 days 00:00:00.471450,,,,,,0,0.5356125356125356,0.49408369408369407,0.7197245077126232,3,0.43709637154982467,0.3688194291275868,0.6001268766700975,COMPLETE,3.6890851661638138,0.0014744268966108023,,,,,,,,,,,
SVM,3,task_b_source_connected_class_neutral_v6_rigorous_A2CFC6311C18_outer3_SVM,A2CFC6311C185EAA2F17BA13E733D522713F64F2850C50F6EEF6E4CE1F592221,29,0.4481481481481482,2026-08-21 02:15:07.156542,2026-08-21 02:15:07.493897,0 days 00:00:00.337355,,,,,,0,0.5028490028490028,0.4481481481481482,0.6699655120707751,3,0.4580007525352841,0.3975744380573453,0.6079209328181984,COMPLETE,0.9515643765232588,0.006390818136417925,,,,,,,,,,,
SVM,3,task_b_source_connected_class_neutral_v6_rigorous_A2CFC6311C18_outer3_SVM,A2CFC6311C185EAA2F17BA13E733D522713F64F2850C50F6EEF6E4CE1F592221,30,0.4585385878489327,2026-08-21 02:15:07.645171,2026-08-21 02:15:08.135969,0 days 00:00:00.490798,,,,,,0,0.5356125356125356,0.4585385878489327,0.6818730379850922,3,0.4157976331318131,0.3415927666001888,0.596771886066777,COMPLETE,40.65870929919322,6.753637232348849e-05,,,,,,,,,,,
SVM,3,task_b_source_connected_class_neutral_v6_rigorous_A2CFC6311C18_outer3_SVM,A2CFC6311C185EAA2F17BA13E733D522713F64F2850C50F6EEF6E4CE1F592221,31,0.5510044205696379,2026-08-21 02:15:08.296311,2026-08-21 02:15:08.615253,0 days 00:00:00.318942,,,,,,0,0.5612535612535613,0.5510044205696379,0.6923772244230649,3,0.44616568800900147,0.39862040501500107,0.5786168368248461,COMPLETE,8.416304197648941,0.0029620433648573576,,,,,,,,,,,
SVM,3,task_b_source_connected_class_neutral_v6_rigorous_A2CFC6311C18_outer3_SVM,A2CFC6311C185EAA2F17BA13E733D522713F64F2850C50F6EEF6E4CE1F592221,32,0.4872357723577236,2026-08-21 02:15:08.760408,2026-08-21 02:15:09.240892,0 days 00:00:00.480484,,,,,,0,0.4871794871794872,0.4872357723577236,0.6832654941738134,3,0.4389243448782376,0.429473743607056,0.5833796723169429,COMPLETE,8.398208117894745,0.023889174609801563,,,,,,,,,,,
SVM,3,task_b_source_connected_class_neutral_v6_rigorous_A2CFC6311C18_outer3_SVM,A2CFC6311C185EAA2F17BA13E733D522713F64F2850C50F6EEF6E4CE1F592221,33,0.3984352361634309,2026-08-21 02:15:09.408005,2026-08-21 02:15:09.776345,0 days 00:00:00.368340,,,,,,0,0.5213675213675214,0.3984352361634309,0.6523400277644761,3,0.465635548609076,0.33826346667600454,0.6491143514579153,COMPLETE,1.424379483155505,0.00043606010489594967,,,,,,,,,,,
SVM,3,task_b_source_connected_class_neutral_v6_rigorous_A2CFC6311C18_outer3_SVM,A2CFC6311C185EAA2F17BA13E733D522713F64F2850C50F6EEF6E4CE1F592221,34,0.39487179487179486,2026-08-21 02:15:09.920744,2026-08-21 02:15:10.475799,0 days 00:00:00.555055,,,,,,0,0.4843304843304843,0.39487179487179486,0.6295733993102414,3,0.4242929605389311,0.34044480045496267,0.6192742970178883,COMPLETE,0.4161936331018754,0.0024770730542102723,,,,,,,,,,,
SVM,3,task_b_source_connected_class_neutral_v6_rigorous_A2CFC6311C18_outer3_SVM,A2CFC6311C185EAA2F17BA13E733D522713F64F2850C50F6EEF6E4CE1F592221,35,0.37606837606837606,2026-08-21 02:15:10.615871,2026-08-21 02:15:10.923102,0 days 00:00:00.307231,,,,,,0,0.4131054131054131,0.37606837606837606,0.6073460982204616,3,0.3259349708211679,0.32358903588084137,0.5226294730571083,COMPLETE,22.82264585929644,0.08938439031988374,,,,,,,,,,,
SVM,3,task_b_source_connected_class_neutral_v6_rigorous_A2CFC6311C18_outer3_SVM,A2CFC6311C185EAA2F17BA13E733D522713F64F2850C50F6EEF6E4CE1F592221,36,0.5037936973420845,2026-08-21 02:15:11.081061,2026-08-21 02:15:11.592952,0 days 00:00:00.511891,,,,,,0,0.5726495726495727,0.5037936973420845,0.7109235557877324,3,0.44279320836906066,0.3670189712438656,0.6083035812221175,COMPLETE,5.514873850806842,0.0008009734306832927,,,,,,,,,,,
SVM,3,task_b_source_connected_class_neutral_v6_rigorous_A2CFC6311C18_outer3_SVM,A2CFC6311C185EAA2F17BA13E733D522713F64F2850C50F6EEF6E4CE1F592221,37,0.4585385878489327,2026-08-21 02:15:11.749617,2026-08-21 02:15:12.010400,0 days 00:00:00.260783,,,,,,0,0.5356125356125356,0.4585385878489327,0.6788595765675561,3,0.43015748971595413,0.3536427124702311,0.6021001545608118,COMPLETE,14.216171899577638,0.0002277929922424806,,,,,,,,,,,
SVM,3,task_b_source_connected_class_neutral_v6_rigorous_A2CFC6311C18_outer3_SVM,A2CFC6311C185EAA2F17BA13E733D522713F64F2850C50F6EEF6E4CE1F592221,38,0.4953548866592345,2026-08-21 02:15:12.148344,2026-08-21 02:15:12.472061,0 days 00:00:00.323717,,,,,,0,0.4985754985754986,0.4953548866592345,0.6802937520255008,3,0.4510674785364636,0.4135704832172447,0.5870711773274081,COMPLETE,3.471205548630723,0.00914215938744441,,,,,,,,,,,
SVM,3,task_b_source_connected_class_neutral_v6_rigorous_A2CFC6311C18_outer3_SVM,A2CFC6311C185EAA2F17BA13E733D522713F64F2850C50F6EEF6E4CE1F592221,39,0.3822222222222222,2026-08-21 02:15:12.625244,2026-08-21 02:15:13.172584,0 days 00:00:00.547340,,,,,,0,0.4131054131054131,0.3822222222222222,0.635703108750647,3,0.3201008324921581,0.3145463972151387,0.5310182138658287,COMPLETE,426.50069025453007,0.06948271630792613,,,,,,,,,,,
SVM,3,task_b_source_connected_class_neutral_v6_rigorous_A2CFC6311C18_outer3_SVM,A2CFC6311C185EAA2F17BA13E733D522713F64F2850C50F6EEF6E4CE1F592221,40,0.4192248062015504,2026-08-21 02:15:13.334728,2026-08-21 02:15:13.707130,0 days 00:00:00.372402,,,,,,0,0.45726495726495725,0.4192248062015504,0.666948422890698,3,0.4035363731417263,0.401092020391084,0.5727148029937164,COMPLETE,48.671345550094095,0.017158020304879954,,,,,,,,,,,
SVM,3,task_b_source_connected_class_neutral_v6_rigorous_A2CFC6311C18_outer3_SVM,A2CFC6311C185EAA2F17BA13E733D522713F64F2850C50F6EEF6E4CE1F592221,41,0.4763228850690933,2026-08-21 02:15:13.855246,2026-08-21 02:15:14.296526,0 days 00:00:00.441280,,,,,,0,0.48005698005698005,0.4763228850690933,0.6783371787616269,3,0.4347512111114729,0.4159624865507219,0.5675608977811304,COMPLETE,112.36890806191593,0.004822548756807617,,,,,,,,,,,
SVM,3,task_b_source_connected_class_neutral_v6_rigorous_A2CFC6311C18_outer3_SVM,A2CFC6311C185EAA2F17BA13E733D522713F64F2850C50F6EEF6E4CE1F592221,42,0.5470439383482861,2026-08-21 02:15:14.463205,2026-08-21 02:15:14.844283,0 days 00:00:00.381078,,,,,,0,0.5356125356125356,0.5470439383482861,0.6986157667397056,3,0.45325218253322186,0.4289447338945293,0.5656867847909548,COMPLETE,92.92685431680191,0.003832755958313537,,,,,,,,,,,
SVM,3,task_b_source_connected_class_neutral_v6_rigorous_A2CFC6311C18_outer3_SVM,A2CFC6311C185EAA2F17BA13E733D522713F64F2850C50F6EEF6E4CE1F592221,43,0.4893892339544513,2026-08-21 02:15:15.003058,2026-08-21 02:15:15.466544,0 days 00:00:00.463486,,,,,,0,0.5056980056980057,0.4893892339544513,0.670461910911826,3,0.4421426995032543,0.3898779284606056,0.5777791027693834,COMPLETE,9.430950165330584,0.0018529029317764522,,,,,,,,,,,
SVM,3,task_b_source_connected_class_neutral_v6_rigorous_A2CFC6311C18_outer3_SVM,A2CFC6311C185EAA2F17BA13E733D522713F64F2850C50F6EEF6E4CE1F592221,44,0.5051425899953249,2026-08-21 02:15:15.637518,2026-08-21 02:15:15.932123,0 days 00:00:00.294605,,,,,,0,0.5726495726495727,0.5051425899953249,0.715923821823652,3,0.4357633348890553,0.3649593581998592,0.5978112987414922,COMPLETE,381.32624422152907,1.10109595125643e-05,,,,,,,,,,,
SVM,3,task_b_source_connected_class_neutral_v6_rigorous_A2CFC6311C18_outer3_SVM,A2CFC6311C185EAA2F17BA13E733D522713F64F2850C50F6EEF6E4CE1F592221,45,0.5384234711912337,2026-08-21 02:15:16.067769,2026-08-21 02:15:16.532326,0 days 00:00:00.464557,,,,,,0,0.5356125356125356,0.5384234711912337,0.7016280189030614,3,0.4610291643602184,0.4323054315944612,0.5725693237256814,COMPLETE,25.86229371581672,0.005739104012547529,,,,,,,,,,,
SVM,3,task_b_source_connected_class_neutral_v6_rigorous_A2CFC6311C18_outer3_SVM,A2CFC6311C185EAA2F17BA13E733D522713F64F2850C50F6EEF6E4CE1F592221,46,0.5089512589512589,2026-08-21 02:15:16.694615,2026-08-21 02:15:16.994369,0 days 00:00:00.299754,,,,,,0,0.517094017094017,0.5089512589512589,0.6861556116649495,3,0.4385842568171376,0.3906252764921108,0.5717323646453866,COMPLETE,36.87661434739735,0.0011496282940453835,,,,,,,,,,,
SVM,3,task_b_source_connected_class_neutral_v6_rigorous_A2CFC6311C18_outer3_SVM,A2CFC6311C185EAA2F17BA13E733D522713F64F2850C50F6EEF6E4CE1F592221,47,0.09302325581395349,2026-08-21 02:15:17.127256,2026-08-21 02:15:17.713969,0 days 00:00:00.586713,,,,,,0,0.3333333333333333,0.09302325581395349,0.6520492021340919,3,0.3333333333333333,0.04020100502512563,0.6830943720421905,COMPLETE,0.01742042316184938,0.008050880284601415,,,,,,,,,,,
SVM,3,task_b_source_connected_class_neutral_v6_rigorous_A2CFC6311C18_outer3_SVM,A2CFC6311C185EAA2F17BA13E733D522713F64F2850C50F6EEF6E4CE1F592221,48,0.4175824175824176,2026-08-21 02:15:17.874794,2026-08-21 02:15:18.254588,0 days 00:00:00.379794,,,,,,0,0.45726495726495725,0.4175824175824176,0.6373591823506934,3,0.4392836081172508,0.43303935688463674,0.5968465922552525,COMPLETE,2.0572316879197907,0.17042682055559702,,,,,,,,,,,
SVM,3,task_b_source_connected_class_neutral_v6_rigorous_A2CFC6311C18_outer3_SVM,A2CFC6311C185EAA2F17BA13E733D522713F64F2850C50F6EEF6E4CE1F592221,49,0.39498207885304665,2026-08-21 02:15:18.406703,2026-08-21 02:15:18.958630,0 days 00:00:00.551927,,,,,,0,0.4843304843304843,0.39498207885304665,0.6557549615699022,3,0.42895451864876505,0.34814065951790507,0.6173154396719955,COMPLETE,0.44363248990687887,0.002794412315167824,,,,,,,,,,,
SVM,3,task_b_source_connected_class_neutral_v6_rigorous_A2CFC6311C18_outer3_SVM,A2CFC6311C185EAA2F17BA13E733D522713F64F2850C50F6EEF6E4CE1F592221,50,0.4327704815509694,2026-08-21 02:15:19.101010,2026-08-21 02:15:19.431301,0 days 00:00:00.330291,,,,,,0,0.46438746438746437,0.4327704815509694,0.6638642201036089,3,0.3684557469455389,0.3674985499300261,0.5648330891445342,COMPLETE,179.47502038766538,0.020220599584996328,,,,,,,,,,,
SVM,3,task_b_source_connected_class_neutral_v6_rigorous_A2CFC6311C18_outer3_SVM,A2CFC6311C185EAA2F17BA13E733D522713F64F2850C50F6EEF6E4CE1F592221,51,0.5309394760614273,2026-08-21 02:15:19.645917,2026-08-21 02:15:20.003155,0 days 00:00:00.357238,,,,,,0,0.5170940170940171,0.5309394760614273,0.6889961497346896,3,0.45130933903523535,0.42680877445777315,0.5660749387333123,COMPLETE,58.602692877318965,0.004439246340560609,,,,,,,,,,,
SVM,3,task_b_source_connected_class_neutral_v6_rigorous_A2CFC6311C18_outer3_SVM,A2CFC6311C185EAA2F17BA13E733D522713F64F2850C50F6EEF6E4CE1F592221,52,0.5089512589512589,2026-08-21 02:15:20.139718,2026-08-21 02:15:20.430258,0 days 00:00:00.290540,,,,,,0,0.517094017094017,0.5089512589512589,0.6872239877333256,3,0.43336553316039494,0.3808865247982552,0.5667298948916506,COMPLETE,75.40789105345698,0.000641277516809362,,,,,,,,,,,
SVM,3,task_b_source_connected_class_neutral_v6_rigorous_A2CFC6311C18_outer3_SVM,A2CFC6311C185EAA2F17BA13E733D522713F64F2850C50F6EEF6E4CE1F592221,53,0.39255813953488367,2026-08-21 02:15:20.574834,2026-08-21 02:15:20.942959,0 days 00:00:00.368125,,,,,,0,0.43162393162393164,0.39255813953488367,0.6628883519800328,3,0.34045926360080897,0.338249429438263,0.5594110126310973,COMPLETE,12.968159778300048,0.0437646794229623,,,,,,,,,,,
SVM,3,task_b_source_connected_class_neutral_v6_rigorous_A2CFC6311C18_outer3_SVM,A2CFC6311C185EAA2F17BA13E733D522713F64F2850C50F6EEF6E4CE1F592221,54,0.5780022446689114,2026-08-21 02:15:21.115225,2026-08-21 02:15:21.438507,0 days 00:00:00.323282,,,,,,0,0.5754985754985755,0.5780022446689114,0.7020331190534925,3,0.4442364118538779,0.41453625063919625,0.5852825722875662,COMPLETE,6.602737646960469,0.009639574488198863,,,,,,,,,,,
SVM,3,task_b_source_connected_class_neutral_v6_rigorous_A2CFC6311C18_outer3_SVM,A2CFC6311C185EAA2F17BA13E733D522713F64F2850C50F6EEF6E4CE1F592221,55,0.5414344109996284,2026-08-21 02:15:21.598365,2026-08-21 02:15:22.108436,0 days 00:00:00.510071,,,,,,0,0.5427350427350427,0.5414344109996284,0.6970358761530239,3,0.4552006338662585,0.4250792043284757,0.5878023212861957,COMPLETE,6.380366222063352,0.009751612020162797,,,,,,,,,,,
SVM,3,task_b_source_connected_class_neutral_v6_rigorous_A2CFC6311C18_outer3_SVM,A2CFC6311C185EAA2F17BA13E733D522713F64F2850C50F6EEF6E4CE1F592221,56,0.49088319088319093,2026-08-21 02:15:22.273123,2026-08-21 02:15:22.702560,0 days 00:00:00.429437,,,,,,0,0.4985754985754986,0.49088319088319093,0.676756683547855,3,0.43924996110695047,0.3916582778571131,0.5702176410305794,COMPLETE,22.13438899474899,0.0018821157949232797,,,,,,,,,,,
SVM,3,task_b_source_connected_class_neutral_v6_rigorous_A2CFC6311C18_outer3_SVM,A2CFC6311C185EAA2F17BA13E733D522713F64F2850C50F6EEF6E4CE1F592221,57,0.5328898743532889,2026-08-21 02:15:22.847707,2026-08-21 02:15:23.394234,0 days 00:00:00.546527,,,,,,0,0.5356125356125356,0.5328898743532889,0.6992995999787172,3,0.45242204204790903,0.42151795315978413,0.5925444416856983,COMPLETE,4.6710690793818825,0.01260463190679998,,,,,,,,,,,
SVM,3,task_b_source_connected_class_neutral_v6_rigorous_A2CFC6311C18_outer3_SVM,A2CFC6311C185EAA2F17BA13E733D522713F64F2850C50F6EEF6E4CE1F592221,58,0.4893892339544513,2026-08-21 02:15:23.558756,2026-08-21 02:15:23.836661,0 days 00:00:00.277905,,,,,,0,0.5056980056980057,0.4893892339544513,0.68492277702804,3,0.44417255489346924,0.388152654711801,0.5764622067424298,COMPLETE,11.980035384948229,0.0012723302363005723,,,,,,,,,,,
SVM,3,task_b_source_connected_class_neutral_v6_rigorous_A2CFC6311C18_outer3_SVM,A2CFC6311C185EAA2F17BA13E733D522713F64F2850C50F6EEF6E4CE1F592221,59,0.48251192368839435,2026-08-21 02:15:24.004828,2026-08-21 02:15:24.418516,0 days 00:00:00.413688,,,,,,0,0.4985754985754986,0.48251192368839435,0.671181417149159,3,0.44483265134823213,0.3935438432155114,0.5910381171325171,COMPLETE,2.7653286836440256,0.0031877761431933454,,,,,,,,,,,
MLP,3,task_b_source_connected_class_neutral_v6_rigorous_A2CFC6311C18_outer3_MLP,A2CFC6311C185EAA2F17BA13E733D522713F64F2850C50F6EEF6E4CE1F592221,0,0.5162738496071829,2026-08-21 02:15:24.900316,2026-08-21 02:15:37.035679,0 days 00:00:12.135363,,,,,,0,0.5128205128205128,0.5162738496071829,0.6774858638186313,3,0.4158488272388829,0.40122702057325377,0.5816874803157591,COMPLETE,,,0.0006193978827376777,256.0,128.0,96.0,0.0003110941521376422,,,,,,
MLP,3,task_b_source_connected_class_neutral_v6_rigorous_A2CFC6311C18_outer3_MLP,A2CFC6311C185EAA2F17BA13E733D522713F64F2850C50F6EEF6E4CE1F592221,1,0.5349335349335349,2026-08-21 02:15:37.192403,2026-08-21 02:15:39.398525,0 days 00:00:02.206122,,,,,,0,0.5313390313390314,0.5349335349335349,0.6800005078867558,3,0.4417356792173633,0.4227719053755932,0.6038497799272565,COMPLETE,,,0.0010014966976301662,256.0,96.0,96.0,0.006024318115897215,,,,,,
MLP,3,task_b_source_connected_class_neutral_v6_rigorous_A2CFC6311C18_outer3_MLP,A2CFC6311C185EAA2F17BA13E733D522713F64F2850C50F6EEF6E4CE1F592221,2,0.5349335349335349,2026-08-21 02:15:39.544966,2026-08-21 02:16:02.739078,0 days 00:00:23.194112,,,,,,1,0.5313390313390314,0.5349335349335349,0.6832110777356957,3,0.4365999876989424,0.41719507917081877,0.5972770380322885,COMPLETE,,,0.00036093420868493547,256.0,192.0,64.0,0.00012839911206175494,,,,,,
MLP,3,task_b_source_connected_class_neutral_v6_rigorous_A2CFC6311C18_outer3_MLP,A2CFC6311C185EAA2F17BA13E733D522713F64F2850C50F6EEF6E4CE1F592221,3,0.49722222222222223,2026-08-21 02:16:02.901944,2026-08-21 02:16:21.450031,0 days 00:00:18.548087,,,,,,1,0.5014245014245015,0.49722222222222223,0.6800337623767164,3,0.4172129783392849,0.3999553217670957,0.5796483089585872,COMPLETE,,,2.393415487748542e-06,256.0,128.0,64.0,0.00014083930478930374,,,,,,
MLP,3,task_b_source_connected_class_neutral_v6_rigorous_A2CFC6311C18_outer3_MLP,A2CFC6311C185EAA2F17BA13E733D522713F64F2850C50F6EEF6E4CE1F592221,4,0.5594837261503928,2026-08-21 02:16:21.603338,2026-08-21 02:16:28.542060,0 days 00:00:06.938722,,,,,,0,0.5569800569800569,0.5594837261503928,0.6946754119928992,3,0.4427087290475002,0.42564109527155775,0.600764056332875,COMPLETE,,,0.0005916323238938551,256.0,160.0,32.0,0.0008651875270945735,,,,,,
MLP,3,task_b_source_connected_class_neutral_v6_rigorous_A2CFC6311C18_outer3_MLP,A2CFC6311C185EAA2F17BA13E733D522713F64F2850C50F6EEF6E4CE1F592221,5,0.5349335349335349,2026-08-21 02:16:28.687891,2026-08-21 02:16:34.296537,0 days 00:00:05.608646,,,,,,0,0.5313390313390314,0.5349335349335349,0.7044879050396878,3,0.43587440620262735,0.41954715112609847,0.6028452933069124,COMPLETE,,,1.4337691568634372e-05,256.0,192.0,64.0,0.0012969889588578286,,,,,,
MLP,3,task_b_source_connected_class_neutral_v6_rigorous_A2CFC6311C18_outer3_MLP,A2CFC6311C185EAA2F17BA13E733D522713F64F2850C50F6EEF6E4CE1F592221,6,0.5534928229665071,2026-08-21 02:16:34.500444,2026-08-21 02:16:39.747574,0 days 00:00:05.247130,,,,,,0,0.5498575498575499,0.5534928229665071,0.6890578216978896,3,0.4313733045343869,0.4200240087716514,0.6066954638262915,COMPLETE,,,1.561796262528602e-05,64.0,192.0,96.0,0.0025285455057963415,,,,,,
MLP,3,task_b_source_connected_class_neutral_v6_rigorous_A2CFC6311C18_outer3_MLP,A2CFC6311C185EAA2F17BA13E733D522713F64F2850C50F6EEF6E4CE1F592221,7,0.5593162393162393,2026-08-21 02:16:39.898881,2026-08-21 02:16:49.974740,0 days 00:00:10.075859,,,,,,0,0.5498575498575499,0.5593162393162393,0.6834287434881663,3,0.43268155818219317,0.41609253123116297,0.5920991245936985,COMPLETE,,,0.00026121310065166804,256.0,96.0,32.0,0.0003506036465655272,,,,,,
MLP,3,task_b_source_connected_class_neutral_v6_rigorous_A2CFC6311C18_outer3_MLP,A2CFC6311C185EAA2F17BA13E733D522713F64F2850C50F6EEF6E4CE1F592221,8,0.522389055722389,2026-08-21 02:16:50.117315,2026-08-21 02:16:54.069562,0 days 00:00:03.952247,,,,,,0,0.5128205128205128,0.522389055722389,0.6567054353556899,3,0.3929106111093021,0.3824280850563704,0.5652188532420114,COMPLETE,,,0.0005464311990347235,64.0,64.0,64.0,0.00311795676775376,,,,,,
MLP,3,task_b_source_connected_class_neutral_v6_rigorous_A2CFC6311C18_outer3_MLP,A2CFC6311C185EAA2F17BA13E733D522713F64F2850C50F6EEF6E4CE1F592221,9,0.5594837261503928,2026-08-21 02:16:54.222360,2026-08-21 02:16:59.267503,0 days 00:00:05.045143,,,,,,0,0.5569800569800569,0.5594837261503928,0.7055853032083932,3,0.4631198014464597,0.4424002537999572,0.6115768897409545,COMPLETE,,,3.573972645741112e-05,64.0,160.0,96.0,0.001972619729942539,,,,,,
MLP,3,task_b_source_connected_class_neutral_v6_rigorous_A2CFC6311C18_outer3_MLP,A2CFC6311C185EAA2F17BA13E733D522713F64F2850C50F6EEF6E4CE1F592221,10,0.5359489633173844,2026-08-21 02:16:59.416688,2026-08-21 02:17:01.864330,0 days 00:00:02.447642,,,,,,0,0.5313390313390314,0.5359489633173844,0.6615140346040177,3,0.4400426557259614,0.41818018537393503,0.5775169306499122,COMPLETE,,,0.006248717117020263,128.0,160.0,32.0,0.01865245574245361,,,,,,
MLP,3,task_b_source_connected_class_neutral_v6_rigorous_A2CFC6311C18_outer3_MLP,A2CFC6311C185EAA2F17BA13E733D522713F64F2850C50F6EEF6E4CE1F592221,11,0.5594837261503928,2026-08-21 02:17:02.039292,2026-08-21 02:17:09.753768,0 days 00:00:07.714476,,,,,,0,0.5569800569800569,0.5594837261503928,0.6918149212291826,3,0.4487344382577361,0.4319590227947525,0.6022205198019334,COMPLETE,,,4.638639284950746e-05,64.0,160.0,32.0,0.0009366607736820699,,,,,,
MLP,3,task_b_source_connected_class_neutral_v6_rigorous_A2CFC6311C18_outer3_MLP,A2CFC6311C185EAA2F17BA13E733D522713F64F2850C50F6EEF6E4CE1F592221,12,0.5594837261503928,2026-08-21 02:17:09.897053,2026-08-21 02:17:17.915018,0 days 00:00:08.017965,,,,,,0,0.5569800569800569,0.5594837261503928,0.6955563536633146,3,0.4487615729434622,0.4321817655046269,0.6004509335431746,COMPLETE,,,6.347817565938384e-05,128.0,160.0,32.0,0.0006749145372572711,,,,,,
MLP,3,task_b_source_connected_class_neutral_v6_rigorous_A2CFC6311C18_outer3_MLP,A2CFC6311C185EAA2F17BA13E733D522713F64F2850C50F6EEF6E4CE1F592221,13,0.563402790583318,2026-08-21 02:17:18.066207,2026-08-21 02:17:21.600504,0 days 00:00:03.534297,,,,,,0,0.564102564102564,0.563402790583318,0.7066827013770988,3,0.4347345685042276,0.4208933752194037,0.5980995525961635,COMPLETE,,,0.002939737534394198,64.0,160.0,96.0,0.005885173979825585,,,,,,
MLP,3,task_b_source_connected_class_neutral_v6_rigorous_A2CFC6311C18_outer3_MLP,A2CFC6311C185EAA2F17BA13E733D522713F64F2850C50F6EEF6E4CE1F592221,14,0.5349335349335349,2026-08-21 02:17:21.741437,2026-08-21 02:17:24.255889,0 days 00:00:02.514452,,,,,,0,0.5313390313390314,0.5349335349335349,0.6664217926951372,3,0.4101847329404231,0.3975526405008922,0.5645673068843604,COMPLETE,,,0.004710974225871101,64.0,128.0,64.0,0.007122705185737918,,,,,,
MLP,3,task_b_source_connected_class_neutral_v6_rigorous_A2CFC6311C18_outer3_MLP,A2CFC6311C185EAA2F17BA13E733D522713F64F2850C50F6EEF6E4CE1F592221,15,0.5349335349335349,2026-08-21 02:17:24.413473,2026-08-21 02:17:25.901415,0 days 00:00:01.487942,,,,,,0,0.5313390313390314,0.5349335349335349,0.6739294472740993,3,0.4205758703902691,0.40273424924316464,0.5782247073685497,COMPLETE,,,0.0020243506753391746,128.0,160.0,32.0,0.019150208275431246,,,,,,
MLP,3,task_b_source_connected_class_neutral_v6_rigorous_A2CFC6311C18_outer3_MLP,A2CFC6311C185EAA2F17BA13E733D522713F64F2850C50F6EEF6E4CE1F592221,16,0.5402597402597403,2026-08-21 02:17:26.065967,2026-08-21 02:17:34.682728,0 days 00:00:08.616761,,,,,,0,0.5384615384615384,0.5402597402597403,0.702444870101916,3,0.4314874511123412,0.41666912734232486,0.5767830839378708,COMPLETE,,,0.009797914133078714,64.0,128.0,96.0,0.007433048329956248,,,,,,
MLP,3,task_b_source_connected_class_neutral_v6_rigorous_A2CFC6311C18_outer3_MLP,A2CFC6311C185EAA2F17BA13E733D522713F64F2850C50F6EEF6E4CE1F592221,17,0.5372134038800706,2026-08-21 02:17:34.834231,2026-08-21 02:17:39.426047,0 days 00:00:04.591816,,,,,,0,0.5384615384615384,0.5372134038800706,0.6752239538742085,3,0.44789868993737314,0.4321179834007128,0.6053533699067813,COMPLETE,,,0.002106787109124709,64.0,192.0,64.0,0.004359791385960567,,,,,,
MLP,3,task_b_source_connected_class_neutral_v6_rigorous_A2CFC6311C18_outer3_MLP,A2CFC6311C185EAA2F17BA13E733D522713F64F2850C50F6EEF6E4CE1F592221,18,0.5349335349335349,2026-08-21 02:17:39.586120,2026-08-21 02:17:47.994026,0 days 00:00:08.407906,,,,,,0,0.5313390313390314,0.5349335349335349,0.6911226232109083,3,0.4477110988100536,0.4230323942554159,0.5940009164426848,COMPLETE,,,0.00020248798030712202,256.0,96.0,96.0,0.0005520019665751763,,,,,,
MLP,3,task_b_source_connected_class_neutral_v6_rigorous_A2CFC6311C18_outer3_MLP,A2CFC6311C185EAA2F17BA13E733D522713F64F2850C50F6EEF6E4CE1F592221,19,0.5801594896331738,2026-08-21 02:17:48.146243,2026-08-21 02:17:49.595840,0 days 00:00:01.449597,,,,,,0,0.5754985754985755,0.5801594896331738,0.6762880975529533,3,0.43506742064913406,0.42114660329946857,0.5804391821050389,COMPLETE,,,0.0019242198702777316,128.0,160.0,32.0,0.010602012371116345,,,,,,
MLP,3,task_b_source_connected_class_neutral_v6_rigorous_A2CFC6311C18_outer3_MLP,A2CFC6311C185EAA2F17BA13E733D522713F64F2850C50F6EEF6E4CE1F592221,20,0.5222222222222223,2026-08-21 02:17:49.749502,2026-08-21 02:17:51.043872,0 days 00:00:01.294370,,,,,,0,0.5128205128205128,0.5222222222222223,0.6521507794852447,3,0.40021906736276175,0.38618284389921936,0.564858627213061,COMPLETE,,,0.0023688943831948737,128.0,64.0,64.0,0.008748290184502053,,,,,,
MLP,3,task_b_source_connected_class_neutral_v6_rigorous_A2CFC6311C18_outer3_MLP,A2CFC6311C185EAA2F17BA13E733D522713F64F2850C50F6EEF6E4CE1F592221,21,0.5831164497831165,2026-08-21 02:17:51.218390,2026-08-21 02:17:52.853627,0 days 00:00:01.635237,,,,,,0,0.5754985754985755,0.5831164497831165,0.6956210487619656,3,0.44628869858429304,0.43009501005954903,0.5866443347328657,COMPLETE,,,0.001383127289327932,128.0,160.0,32.0,0.010337347262483502,,,,,,
MLP,3,task_b_source_connected_class_neutral_v6_rigorous_A2CFC6311C18_outer3_MLP,A2CFC6311C185EAA2F17BA13E733D522713F64F2850C50F6EEF6E4CE1F592221,22,0.5594837261503928,2026-08-21 02:17:52.997371,2026-08-21 02:17:55.096669,0 days 00:00:02.099298,,,,,,0,0.5569800569800569,0.5594837261503928,0.695211716221903,3,0.4289331726959938,0.41411557398064797,0.5803000890714624,COMPLETE,,,0.0015316538703340806,128.0,160.0,32.0,0.01199511494278395,,,,,,
MLP,3,task_b_source_connected_class_neutral_v6_rigorous_A2CFC6311C18_outer3_MLP,A2CFC6311C185EAA2F17BA13E733D522713F64F2850C50F6EEF6E4CE1F592221,23,0.5162738496071829,2026-08-21 02:17:55.278055,2026-08-21 02:17:57.076463,0 days 00:00:01.798408,,,,,,0,0.5128205128205128,0.5162738496071829,0.6883891041361331,3,0.4364858411209882,0.4198958675824773,0.5875653731216925,COMPLETE,,,0.004069648054243427,128.0,192.0,32.0,0.012026071560403688,,,,,,
MLP,3,task_b_source_connected_class_neutral_v6_rigorous_A2CFC6311C18_outer3_MLP,A2CFC6311C185EAA2F17BA13E733D522713F64F2850C50F6EEF6E4CE1F592221,24,0.564069264069264,2026-08-21 02:17:57.233018,2026-08-21 02:18:00.244535,0 days 00:00:03.011517,,,,,,0,0.564102564102564,0.564069264069264,0.6951137666332912,3,0.41993332103227576,0.40735536928386934,0.5786222799045091,COMPLETE,,,0.00015165580530817016,128.0,160.0,32.0,0.004413644700199097,,,,,,
MLP,3,task_b_source_connected_class_neutral_v6_rigorous_A2CFC6311C18_outer3_MLP,A2CFC6311C185EAA2F17BA13E733D522713F64F2850C50F6EEF6E4CE1F592221,25,0.5407407407407407,2026-08-21 02:18:00.402864,2026-08-21 02:18:03.124606,0 days 00:00:02.721742,,,,,,0,0.5313390313390314,0.5407407407407407,0.6975401351462472,3,0.4362942702397621,0.4166761902328993,0.5855506511709149,COMPLETE,,,0.00010857467573261063,128.0,128.0,32.0,0.00381626771716983,,,,,,
MLP,3,task_b_source_connected_class_neutral_v6_rigorous_A2CFC6311C18_outer3_MLP,A2CFC6311C185EAA2F17BA13E733D522713F64F2850C50F6EEF6E4CE1F592221,26,0.5593073593073593,2026-08-21 02:18:03.279474,2026-08-21 02:18:04.610650,0 days 00:00:01.331176,,,,,,0,0.5569800569800569,0.5593073593073593,0.6770106269257373,3,0.437822857535664,0.4178803435256057,0.5980334702077568,COMPLETE,,,0.00013507073888120323,128.0,128.0,32.0,0.011420610226391233,,,,,,
MLP,3,task_b_source_connected_class_neutral_v6_rigorous_A2CFC6311C18_outer3_MLP,A2CFC6311C185EAA2F17BA13E733D522713F64F2850C50F6EEF6E4CE1F592221,27,0.5594837261503928,2026-08-21 02:18:04.800969,2026-08-21 02:18:09.315427,0 days 00:00:04.514458,,,,,,0,0.5569800569800569,0.5594837261503928,0.7011201321472967,3,0.4491215597740947,0.4328972572074708,0.597463728447983,COMPLETE,,,1.3906260042467426e-06,128.0,160.0,32.0,0.002050870701039394,,,,,,
MLP,3,task_b_source_connected_class_neutral_v6_rigorous_A2CFC6311C18_outer3_MLP,A2CFC6311C185EAA2F17BA13E733D522713F64F2850C50F6EEF6E4CE1F592221,28,0.4934640522875817,2026-08-21 02:18:09.488001,2026-08-21 02:18:11.891597,0 days 00:00:02.403596,,,,,,0,0.49430199430199434,0.4934640522875817,0.6696529198651439,3,0.42221462451021896,0.4070438558575427,0.5887289095740109,COMPLETE,,,0.001118869054272637,128.0,192.0,32.0,0.004954717075112161,,,,,,
MLP,3,task_b_source_connected_class_neutral_v6_rigorous_A2CFC6311C18_outer3_MLP,A2CFC6311C185EAA2F17BA13E733D522713F64F2850C50F6EEF6E4CE1F592221,29,0.5534928229665071,2026-08-21 02:18:12.056787,2026-08-21 02:18:13.899997,0 days 00:00:01.843210,,,,,,0,0.5498575498575499,0.5534928229665071,0.665849815467812,3,0.4304872665964783,0.4136269464477706,0.5922509564023369,COMPLETE,,,0.0007430743692385612,128.0,128.0,32.0,0.01424781090111555,,,,,,
MLP,3,task_b_source_connected_class_neutral_v6_rigorous_A2CFC6311C18_outer3_MLP,A2CFC6311C185EAA2F17BA13E733D522713F64F2850C50F6EEF6E4CE1F592221,30,0.5840755735492578,2026-08-21 02:18:14.054292,2026-08-21 02:18:16.338393,0 days 00:00:02.284101,,,,,,0,0.5754985754985755,0.5840755735492578,0.7001152419233914,3,0.43792904460580534,0.425955969713385,0.5908689714317238,COMPLETE,,,1.9219924508273407e-05,128.0,160.0,32.0,0.00805368886054561,,,,,,
MLP,3,task_b_source_connected_class_neutral_v6_rigorous_A2CFC6311C18_outer3_MLP,A2CFC6311C185EAA2F17BA13E733D522713F64F2850C50F6EEF6E4CE1F592221,31,0.5594837261503928,2026-08-21 02:18:16.483946,2026-08-21 02:18:18.748625,0 days 00:00:02.264679,,,,,,0,0.5569800569800569,0.5594837261503928,0.6912828493898103,3,0.4429817039859045,0.429377128719234,0.5888732688628155,COMPLETE,,,6.190751180636708e-06,128.0,160.0,32.0,0.009108469157951667,,,,,,
MLP,3,task_b_source_connected_class_neutral_v6_rigorous_A2CFC6311C18_outer3_MLP,A2CFC6311C185EAA2F17BA13E733D522713F64F2850C50F6EEF6E4CE1F592221,32,0.5878489326765189,2026-08-21 02:18:18.920387,2026-08-21 02:18:21.870862,0 days 00:00:02.950475,,,,,,0,0.5826210826210826,0.5878489326765189,0.6986677646694625,3,0.4353460034225884,0.4210721779993671,0.5848296396390759,COMPLETE,,,1.569147425947156e-05,128.0,160.0,32.0,0.0037269772519948645,,,,,,
MLP,3,task_b_source_connected_class_neutral_v6_rigorous_A2CFC6311C18_outer3_MLP,A2CFC6311C185EAA2F17BA13E733D522713F64F2850C50F6EEF6E4CE1F592221,33,0.5162738496071829,2026-08-21 02:18:22.015789,2026-08-21 02:18:25.339317,0 days 00:00:03.323528,,,,,,0,0.5128205128205128,0.5162738496071829,0.6830127600501115,3,0.4301544144515718,0.41337170686357166,0.5863720859649723,COMPLETE,,,1.377470878633977e-05,128.0,192.0,32.0,0.0031291486695546765,,,,,,
MLP,3,task_b_source_connected_class_neutral_v6_rigorous_A2CFC6311C18_outer3_MLP,A2CFC6311C185EAA2F17BA13E733D522713F64F2850C50F6EEF6E4CE1F592221,34,0.6026936026936026,2026-08-21 02:18:25.520347,2026-08-21 02:18:27.649447,0 days 00:00:02.129100,,,,,,0,0.6011396011396011,0.6026936026936026,0.6994217346509367,3,0.43992615747524405,0.4287850024564008,0.5886959888524929,COMPLETE,,,6.381148076631386e-06,128.0,160.0,32.0,0.009248546799996052,,,,,,
MLP,3,task_b_source_connected_class_neutral_v6_rigorous_A2CFC6311C18_outer3_MLP,A2CFC6311C185EAA2F17BA13E733D522713F64F2850C50F6EEF6E4CE1F592221,35,0.5534928229665071,2026-08-21 02:18:27.800113,2026-08-21 02:18:29.806322,0 days 00:00:02.006209,,,,,,0,0.5498575498575499,0.5534928229665071,0.6910676021457006,3,0.4569528109725433,0.4389451617006945,0.6040585781590727,COMPLETE,,,5.231707738129485e-06,128.0,96.0,32.0,0.005914750021312365,,,,,,
MLP,3,task_b_source_connected_class_neutral_v6_rigorous_A2CFC6311C18_outer3_MLP,A2CFC6311C185EAA2F17BA13E733D522713F64F2850C50F6EEF6E4CE1F592221,36,0.5584250917584251,2026-08-21 02:18:29.984558,2026-08-21 02:18:31.986625,0 days 00:00:02.002067,,,,,,0,0.5498575498575499,0.5584250917584251,0.6627771005954367,3,0.4439028361173521,0.4247520480968178,0.5688758813305984,COMPLETE,,,6.591700540303747e-06,128.0,128.0,64.0,0.01507426467306077,,,,,,
MLP,3,task_b_source_connected_class_neutral_v6_rigorous_A2CFC6311C18_outer3_MLP,A2CFC6311C185EAA2F17BA13E733D522713F64F2850C50F6EEF6E4CE1F592221,37,0.5636363636363636,2026-08-21 02:18:32.138939,2026-08-21 02:18:33.767258,0 days 00:00:01.628319,,,,,,0,0.564102564102564,0.5636363636363636,0.6971610339606945,3,0.4316015976902956,0.4138181557566787,0.5886859411855576,COMPLETE,,,2.5325569646340747e-05,128.0,192.0,32.0,0.007681778893106367,,,,,,
MLP,3,task_b_source_connected_class_neutral_v6_rigorous_A2CFC6311C18_outer3_MLP,A2CFC6311C185EAA2F17BA13E733D522713F64F2850C50F6EEF6E4CE1F592221,38,0.5594837261503928,2026-08-21 02:18:33.941588,2026-08-21 02:18:39.528678,0 days 00:00:05.587090,,,,,,0,0.5569800569800569,0.5594837261503928,0.695523099173354,3,0.4475131965021581,0.4330482624712064,0.6123515858613807,COMPLETE,,,9.555668443985048e-06,128.0,160.0,64.0,0.0012609840911706953,,,,,,
MLP,3,task_b_source_connected_class_neutral_v6_rigorous_A2CFC6311C18_outer3_MLP,A2CFC6311C185EAA2F17BA13E733D522713F64F2850C50F6EEF6E4CE1F592221,39,0.5162738496071829,2026-08-21 02:18:39.695733,2026-08-21 02:18:42.950598,0 days 00:00:03.254865,,,,,,0,0.5128205128205128,0.5162738496071829,0.6764767412050944,3,0.43990300254342457,0.4234319986287367,0.5931147921718664,COMPLETE,,,2.242949405600335e-06,256.0,192.0,32.0,0.0033035028533678515,,,,,,
MLP,3,task_b_source_connected_class_neutral_v6_rigorous_A2CFC6311C18_outer3_MLP,A2CFC6311C185EAA2F17BA13E733D522713F64F2850C50F6EEF6E4CE1F592221,40,0.5162738496071829,2026-08-21 02:18:43.125408,2026-08-21 02:18:46.819330,0 days 00:00:03.693922,,,,,,0,0.5128205128205128,0.5162738496071829,0.6560191836083177,3,0.4207929478760777,0.403565793662412,0.5673689467498909,COMPLETE,,,3.4925689108473954e-06,128.0,128.0,64.0,0.002385247063689691,,,,,,
MLP,3,task_b_source_connected_class_neutral_v6_rigorous_A2CFC6311C18_outer3_MLP,A2CFC6311C185EAA2F17BA13E733D522713F64F2850C50F6EEF6E4CE1F592221,41,0.5831164497831165,2026-08-21 02:18:46.962481,2026-08-21 02:18:49.151055,0 days 00:00:02.188574,,,,,,0,0.5754985754985755,0.5831164497831165,0.6926033549547981,3,0.44009457342465064,0.4261595991197143,0.5883000848207657,COMPLETE,,,1.9839509698128834e-05,128.0,160.0,32.0,0.009879062116058965,,,,,,
MLP,3,task_b_source_connected_class_neutral_v6_rigorous_A2CFC6311C18_outer3_MLP,A2CFC6311C185EAA2F17BA13E733D522713F64F2850C50F6EEF6E4CE1F592221,42,0.5831168831168831,2026-08-21 02:18:49.305144,2026-08-21 02:18:52.153597,0 days 00:00:02.848453,,,,,,0,0.5826210826210826,0.5831168831168831,0.7140083632019115,3,0.44862029167978174,0.4348019199640946,0.5944206438792469,COMPLETE,,,2.3451913396712367e-05,128.0,160.0,32.0,0.0063439646472263625,,,,,,
MLP,3,task_b_source_connected_class_neutral_v6_rigorous_A2CFC6311C18_outer3_MLP,A2CFC6311C185EAA2F17BA13E733D522713F64F2850C50F6EEF6E4CE1F592221,43,0.5831168831168831,2026-08-21 02:18:52.297134,2026-08-21 02:18:54.372759,0 days 00:00:02.075625,,,,,,0,0.5826210826210826,0.5831168831168831,0.7041075945999546,3,0.4432874214450848,0.42960456226107663,0.5912413730217935,COMPLETE,,,3.2232639494913444e-05,128.0,160.0,32.0,0.005599417102921588,,,,,,
MLP,3,task_b_source_connected_class_neutral_v6_rigorous_A2CFC6311C18_outer3_MLP,A2CFC6311C185EAA2F17BA13E733D522713F64F2850C50F6EEF6E4CE1F592221,44,0.5594837261503928,2026-08-21 02:18:54.516039,2026-08-21 02:18:59.063832,0 days 00:00:04.547793,,,,,,0,0.5569800569800569,0.5594837261503928,0.6989833800105446,3,0.4462072945271148,0.4294526652690999,0.6020998259717181,COMPLETE,,,3.2004136808244536e-05,128.0,160.0,32.0,0.001732842856465846,,,,,,
MLP,3,task_b_source_connected_class_neutral_v6_rigorous_A2CFC6311C18_outer3_MLP,A2CFC6311C185EAA2F17BA13E733D522713F64F2850C50F6EEF6E4CE1F592221,45,0.563402790583318,2026-08-21 02:18:59.227130,2026-08-21 02:19:01.653240,0 days 00:00:02.426110,,,,,,0,0.564102564102564,0.563402790583318,0.6961821427016673,3,0.43073473493030007,0.419050782644248,0.5863015061080546,COMPLETE,,,5.8639025061167014e-05,256.0,160.0,32.0,0.005509299945636916,,,,,,
MLP,3,task_b_source_connected_class_neutral_v6_rigorous_A2CFC6311C18_outer3_MLP,A2CFC6311C185EAA2F17BA13E733D522713F64F2850C50F6EEF6E4CE1F592221,46,0.5359489633173844,2026-08-21 02:19:01.784113,2026-08-21 02:19:26.774814,0 days 00:00:24.990701,,,,,,1,0.5313390313390314,0.5359489633173844,0.6943622151601779,3,0.44415428420508035,0.4252107096967079,0.5887663686249213,COMPLETE,,,1.2062005835291046e-05,128.0,192.0,32.0,0.00010255049738368971,,,,,,
MLP,3,task_b_source_connected_class_neutral_v6_rigorous_A2CFC6311C18_outer3_MLP,A2CFC6311C185EAA2F17BA13E733D522713F64F2850C50F6EEF6E4CE1F592221,47,0.6068783068783069,2026-08-21 02:19:26.918780,2026-08-21 02:19:29.233339,0 days 00:00:02.314559,,,,,,0,0.6011396011396011,0.6068783068783069,0.7092620405438742,3,0.44773027398796666,0.4342604948330715,0.5905288761168981,COMPLETE,,,7.173500456407557e-05,128.0,160.0,32.0,0.006812892089329961,,,,,,
MLP,3,task_b_source_connected_class_neutral_v6_rigorous_A2CFC6311C18_outer3_MLP,A2CFC6311C185EAA2F17BA13E733D522713F64F2850C50F6EEF6E4CE1F592221,48,0.5172413793103448,2026-08-21 02:19:29.376828,2026-08-21 02:19:30.722751,0 days 00:00:01.345923,,,,,,0,0.51994301994302,0.5172413793103448,0.6923512254581864,3,0.4234590211976165,0.41230802388728466,0.5847348265619864,COMPLETE,,,7.27251780378748e-05,128.0,128.0,32.0,0.007083750008104288,,,,,,
MLP,3,task_b_source_connected_class_neutral_v6_rigorous_A2CFC6311C18_outer3_MLP,A2CFC6311C185EAA2F17BA13E733D522713F64F2850C50F6EEF6E4CE1F592221,49,0.5402597402597403,2026-08-21 02:19:30.853222,2026-08-21 02:19:32.759421,0 days 00:00:01.906199,,,,,,0,0.5384615384615384,0.5402597402597403,0.6743678019144913,3,0.4363485396112143,0.4169376681460893,0.5828934721042257,COMPLETE,,,2.032541749057068e-05,256.0,160.0,32.0,0.014326986272046352,,,,,,
MLP,3,task_b_source_connected_class_neutral_v6_rigorous_A2CFC6311C18_outer3_MLP,A2CFC6311C185EAA2F17BA13E733D522713F64F2850C50F6EEF6E4CE1F592221,50,0.5402597402597403,2026-08-21 02:19:32.910871,2026-08-21 02:19:49.422528,0 days 00:00:16.511657,,,,,,0,0.5384615384615384,0.5402597402597403,0.7006182916624343,3,0.4557643117377415,0.43603750469042596,0.6189733416496643,COMPLETE,,,8.687479093665276e-06,128.0,160.0,64.0,0.0002091573392086747,,,,,,
MLP,3,task_b_source_connected_class_neutral_v6_rigorous_A2CFC6311C18_outer3_MLP,A2CFC6311C185EAA2F17BA13E733D522713F64F2850C50F6EEF6E4CE1F592221,51,0.5878489326765189,2026-08-21 02:19:49.570867,2026-08-21 02:19:52.868790,0 days 00:00:03.297923,,,,,,0,0.5826210826210826,0.5878489326765189,0.7041378259544643,3,0.43237186096910624,0.4207173933594068,0.5861488173547075,COMPLETE,,,3.645177164152119e-05,128.0,160.0,32.0,0.0038376864766122955,,,,,,
MLP,3,task_b_source_connected_class_neutral_v6_rigorous_A2CFC6311C18_outer3_MLP,A2CFC6311C185EAA2F17BA13E733D522713F64F2850C50F6EEF6E4CE1F592221,52,0.5831168831168831,2026-08-21 02:19:53.022111,2026-08-21 02:19:56.314567,0 days 00:00:03.292456,,,,,,0,0.5826210826210826,0.5831168831168831,0.6901165237328225,3,0.4353460034225884,0.42102080201098085,0.5815404633443858,COMPLETE,,,5.070121895847785e-05,128.0,160.0,32.0,0.0038907525740118033,,,,,,
MLP,3,task_b_source_connected_class_neutral_v6_rigorous_A2CFC6311C18_outer3_MLP,A2CFC6311C185EAA2F17BA13E733D522713F64F2850C50F6EEF6E4CE1F592221,53,0.5645502645502646,2026-08-21 02:19:56.489685,2026-08-21 02:19:59.450624,0 days 00:00:02.960939,,,,,,0,0.5569800569800569,0.5645502645502646,0.688546307179584,3,0.4478172858801949,0.4314172851435805,0.5913524049042912,COMPLETE,,,0.00038131985372066456,128.0,160.0,32.0,0.002736629872488144,,,,,,
MLP,3,task_b_source_connected_class_neutral_v6_rigorous_A2CFC6311C18_outer3_MLP,A2CFC6311C185EAA2F17BA13E733D522713F64F2850C50F6EEF6E4CE1F592221,54,0.6068783068783069,2026-08-21 02:19:59.631822,2026-08-21 02:20:01.897728,0 days 00:00:02.265906,,,,,,0,0.6011396011396011,0.6068783068783069,0.7046094350848171,3,0.4464260000940669,0.4328665106675092,0.5900414925888376,COMPLETE,,,8.492198560843805e-05,128.0,160.0,32.0,0.0069070047882780925,,,,,,
MLP,3,task_b_source_connected_class_neutral_v6_rigorous_A2CFC6311C18_outer3_MLP,A2CFC6311C185EAA2F17BA13E733D522713F64F2850C50F6EEF6E4CE1F592221,55,0.5407407407407407,2026-08-21 02:20:02.069759,2026-08-21 02:20:05.110211,0 days 00:00:03.040452,,,,,,0,0.5313390313390314,0.5407407407407407,0.6791473790624895,3,0.44045854000918966,0.42133644462306813,0.5851180890330528,COMPLETE,,,8.692600956074253e-05,64.0,192.0,32.0,0.008323384100889732,,,,,,
MLP,3,task_b_source_connected_class_neutral_v6_rigorous_A2CFC6311C18_outer3_MLP,A2CFC6311C185EAA2F17BA13E733D522713F64F2850C50F6EEF6E4CE1F592221,56,0.563402790583318,2026-08-21 02:20:05.270731,2026-08-21 02:20:07.942182,0 days 00:00:02.671451,,,,,,0,0.564102564102564,0.563402790583318,0.6943900280063269,3,0.42962601167153275,0.41501493336526213,0.581857255846694,COMPLETE,,,4.9466807212632454e-05,128.0,160.0,32.0,0.004641915399528011,,,,,,
MLP,3,task_b_source_connected_class_neutral_v6_rigorous_A2CFC6311C18_outer3_MLP,A2CFC6311C185EAA2F17BA13E733D522713F64F2850C50F6EEF6E4CE1F592221,57,0.5594837261503928,2026-08-21 02:20:08.097923,2026-08-21 02:20:10.973590,0 days 00:00:02.875667,,,,,,0,0.5569800569800569,0.5594837261503928,0.6888316911661564,3,0.43726334031599245,0.4256919045174749,0.6057814998149046,COMPLETE,,,0.00028650734298235316,128.0,160.0,64.0,0.003760608294691339,,,,,,
MLP,3,task_b_source_connected_class_neutral_v6_rigorous_A2CFC6311C18_outer3_MLP,A2CFC6311C185EAA2F17BA13E733D522713F64F2850C50F6EEF6E4CE1F592221,58,0.5336257309941521,2026-08-21 02:20:11.127220,2026-08-21 02:20:12.670362,0 days 00:00:01.543142,,,,,,0,0.5313390313390314,0.5336257309941521,0.656103226773855,3,0.4246898505421511,0.4016164667891882,0.5717197530398764,COMPLETE,,,4.0137628035338996e-06,128.0,128.0,32.0,0.017759636955263745,,,,,,
MLP,3,task_b_source_connected_class_neutral_v6_rigorous_A2CFC6311C18_outer3_MLP,A2CFC6311C185EAA2F17BA13E733D522713F64F2850C50F6EEF6E4CE1F592221,59,0.5569800569800569,2026-08-21 02:20:12.815889,2026-08-21 02:20:16.034205,0 days 00:00:03.218316,,,,,,0,0.5569800569800569,0.5569800569800569,0.6913463352342809,3,0.4236003024612969,0.40867921285457975,0.5764839913522596,COMPLETE,,,4.336378903600568e-05,64.0,160.0,32.0,0.006660429041610042,,,,,,
XGBoost,3,task_b_source_connected_class_neutral_v6_rigorous_A2CFC6311C18_outer3_XGBoost,A2CFC6311C185EAA2F17BA13E733D522713F64F2850C50F6EEF6E4CE1F592221,0,0.4501424501424502,2026-08-21 02:20:18.197093,2026-08-21 02:20:20.506292,0 days 00:00:02.309199,7.0,,,,399.0,0,0.4501424501424502,0.4501424501424502,0.6431623931623932,3,0.3754615610042005,0.3521351641014829,0.5429861103392368,COMPLETE,,2.3276802923715847,,,,,,0.6444123042899756,0.03112423627725177,2.4893930900781767,8.742536790279076e-05,0.009389120746687072,0.9272489630120537
XGBoost,3,task_b_source_connected_class_neutral_v6_rigorous_A2CFC6311C18_outer3_XGBoost,A2CFC6311C185EAA2F17BA13E733D522713F64F2850C50F6EEF6E4CE1F592221,1,0.42407407407407405,2026-08-21 02:20:20.691330,2026-08-21 02:20:23.837103,0 days 00:00:03.145773,4.0,,,,323.0,0,0.4245014245014245,0.42407407407407405,0.6414972501559938,3,0.33729264577657664,0.3275880443725845,0.5227715947266938,COMPLETE,,0.013803590708679536,,,,,,0.883806379888447,0.015108079291970698,2.708061050379391,0.008085023521471491,0.03459394124399731,0.9037682849080808
XGBoost,3,task_b_source_connected_class_neutral_v6_rigorous_A2CFC6311C18_outer3_XGBoost,A2CFC6311C185EAA2F17BA13E733D522713F64F2850C50F6EEF6E4CE1F592221,2,0.4371492704826038,2026-08-21 02:20:24.012177,2026-08-21 02:20:25.162385,0 days 00:00:01.150208,7.0,,,,178.0,0,0.43874643874643876,0.4371492704826038,0.6480659188638815,3,0.3810730140123517,0.36036300990733466,0.5478600796003036,COMPLETE,,2.720456306064982,,,,,,0.5750236680296861,0.07904623421972701,3.1585234285269332,0.010343102847073859,1.9779844262650748,0.8729059058021463
XGBoost,3,task_b_source_connected_class_neutral_v6_rigorous_A2CFC6311C18_outer3_XGBoost,A2CFC6311C185EAA2F17BA13E733D522713F64F2850C50F6EEF6E4CE1F592221,3,0.44774928774928774,2026-08-21 02:20:25.323359,2026-08-21 02:20:27.088540,0 days 00:00:01.765181,3.0,,,,260.0,0,0.4501424501424502,0.44774928774928774,0.660169343955422,3,0.40951812416108596,0.3804943454843303,0.5721032489012735,COMPLETE,,1.5291042091375686,,,,,,0.5940754097148533,0.027564068436228297,16.23527787672048,0.0038921955640897096,8.368693365468566,0.6897327037237829
XGBoost,3,task_b_source_connected_class_neutral_v6_rigorous_A2CFC6311C18_outer3_XGBoost,A2CFC6311C185EAA2F17BA13E733D522713F64F2850C50F6EEF6E4CE1F592221,4,0.45572238905572243,2026-08-21 02:20:27.272536,2026-08-21 02:20:28.853444,0 days 00:00:01.580908,5.0,,,,205.0,0,0.45726495726495725,0.45572238905572243,0.6343946957274631,3,0.37538015694702226,0.3537556247836622,0.5421831598108439,COMPLETE,,2.354951237406162,,,,,,0.5749529931062559,0.030353048729444262,4.582334481558169,1.7131690072052783e-05,0.07604538041120286,0.6916084189897617
XGBoost,3,task_b_source_connected_class_neutral_v6_rigorous_A2CFC6311C18_outer3_XGBoost,A2CFC6311C185EAA2F17BA13E733D522713F64F2850C50F6EEF6E4CE1F592221,5,0.5155555555555555,2026-08-21 02:20:29.007096,2026-08-21 02:20:31.181023,0 days 00:00:02.173927,5.0,,,,394.0,0,0.5056980056980057,0.5155555555555555,0.6176386651768656,3,0.3872072619654919,0.3658539058215542,0.5427487753774165,COMPLETE,,0.09156704376692937,,,,,,0.9097118567408125,0.1486383655486487,15.576522185349285,2.002496290018317e-06,1.5489640204754653,0.6850701888475142
XGBoost,3,task_b_source_connected_class_neutral_v6_rigorous_A2CFC6311C18_outer3_XGBoost,A2CFC6311C185EAA2F17BA13E733D522713F64F2850C50F6EEF6E4CE1F592221,6,0.45721583652618136,2026-08-21 02:20:31.350627,2026-08-21 02:20:33.475087,0 days 00:00:02.124460,8.0,,,,438.0,0,0.45726495726495725,0.45721583652618136,0.6480991733538423,3,0.3867347566380486,0.3726348757730488,0.5508365203872563,COMPLETE,,1.4133106752437863,,,,,,0.7637355819239162,0.08848663269730811,6.894430115308172,0.011076959752277907,0.11752469505505837,0.6387213399307573
XGBoost,3,task_b_source_connected_class_neutral_v6_rigorous_A2CFC6311C18_outer3_XGBoost,A2CFC6311C185EAA2F17BA13E733D522713F64F2850C50F6EEF6E4CE1F592221,7,0.4749837556855101,2026-08-21 02:20:33.640476,2026-08-21 02:20:36.083927,0 days 00:00:02.443451,4.0,,,,432.0,0,0.47578347578347574,0.4749837556855101,0.6396114182616729,3,0.38634600704054645,0.36815675090233385,0.5449263466091897,COMPLETE,,1.6194541010913577,,,,,,0.9611486625968192,0.04169949069773488,1.3789492152434084,0.10036541734247999,0.9821572172680223,0.7061502334211657
XGBoost,3,task_b_source_connected_class_neutral_v6_rigorous_A2CFC6311C18_outer3_XGBoost,A2CFC6311C185EAA2F17BA13E733D522713F64F2850C50F6EEF6E4CE1F592221,8,0.41830065359477125,2026-08-21 02:20:36.264929,2026-08-21 02:20:37.838170,0 days 00:00:01.573241,7.0,,,,150.0,0,0.4202279202279202,0.41830065359477125,0.6469685206951761,3,0.3883255728132157,0.3630658022207318,0.5679052037499513,COMPLETE,,2.3620029695015075,,,,,,0.7106944277687017,0.02317961247521192,7.8540136878688775,0.0003763361617456084,0.9250618351933878,0.868652579432029
XGBoost,3,task_b_source_connected_class_neutral_v6_rigorous_A2CFC6311C18_outer3_XGBoost,A2CFC6311C185EAA2F17BA13E733D522713F64F2850C50F6EEF6E4CE1F592221,9,0.3945868945868946,2026-08-21 02:20:38.015981,2026-08-21 02:20:39.528716,0 days 00:00:01.512735,7.0,,,,296.0,0,0.3945868945868946,0.3945868945868946,0.6492594527399281,3,0.39285145749441935,0.3724262947796351,0.5613859789087291,COMPLETE,,1.7289353570837882,,,,,,0.5980056506221186,0.0907919880314063,7.594099847709689,1.920378311241362,2.218898900694809,0.6496137741257535
XGBoost,3,task_b_source_connected_class_neutral_v6_rigorous_A2CFC6311C18_outer3_XGBoost,A2CFC6311C185EAA2F17BA13E733D522713F64F2850C50F6EEF6E4CE1F592221,10,0.4976976976976977,2026-08-21 02:20:39.704944,2026-08-21 02:20:41.991741,0 days 00:00:02.286797,5.0,,,,499.0,0,0.4871794871794872,0.4976976976976977,0.5959470636889991,3,0.39620711362920996,0.3743812853134325,0.5467024720143434,COMPLETE,,0.1678470149717703,,,,,,0.8596660539843669,0.14035275626165808,16.78630625961511,2.1574376410716433e-06,0.0011652651810256272,0.7873291562146925
XGBoost,3,task_b_source_connected_class_neutral_v6_rigorous_A2CFC6311C18_outer3_XGBoost,A2CFC6311C185EAA2F17BA13E733D522713F64F2850C50F6EEF6E4CE1F592221,11,0.4977058029689609,2026-08-21 02:20:42.158003,2026-08-21 02:20:44.441897,0 days 00:00:02.283894,5.0,,,,500.0,0,0.4871794871794872,0.4977058029689609,0.5962917011304106,3,0.39651283108839036,0.37490096945175705,0.5410182692281827,COMPLETE,,0.020408543263485707,,,,,,0.8825494428520838,0.14670098184783142,17.96200033755364,2.769574159921222e-06,0.0017807418426637868,0.7810982730255641
XGBoost,3,task_b_source_connected_class_neutral_v6_rigorous_A2CFC6311C18_outer3_XGBoost,A2CFC6311C185EAA2F17BA13E733D522713F64F2850C50F6EEF6E4CE1F592221,12,0.5222222222222223,2026-08-21 02:20:44.619366,2026-08-21 02:20:46.815799,0 days 00:00:02.196433,6.0,,,,495.0,0,0.5128205128205128,0.5222222222222223,0.6285443240027281,3,0.40120713171900046,0.3811563367252544,0.5409491161159893,COMPLETE,,0.6429157165199549,,,,,,0.9951955054793493,0.14661237716329556,12.77564193961675,1.0627926178702554e-06,0.0011526209088157738,0.7691527222468328
XGBoost,3,task_b_source_connected_class_neutral_v6_rigorous_A2CFC6311C18_outer3_XGBoost,A2CFC6311C185EAA2F17BA13E733D522713F64F2850C50F6EEF6E4CE1F592221,13,0.45721583652618136,2026-08-21 02:20:47.006887,2026-08-21 02:20:49.232604,0 days 00:00:02.225717,6.0,,,,379.0,0,0.45726495726495725,0.45721583652618136,0.6445149439631613,3,0.40295442458185454,0.38480269547670315,0.5551863020864642,COMPLETE,,0.6138015925285225,,,,,,0.9984482033637185,0.06308482253750348,11.196207168960271,1.2476337384122506e-06,0.31016788277230306,0.7437883226784173
XGBoost,3,task_b_source_connected_class_neutral_v6_rigorous_A2CFC6311C18_outer3_XGBoost,A2CFC6311C185EAA2F17BA13E733D522713F64F2850C50F6EEF6E4CE1F592221,14,0.4501424501424502,2026-08-21 02:20:49.401426,2026-08-21 02:20:51.188829,0 days 00:00:01.787403,6.0,,,,373.0,0,0.4501424501424502,0.4501424501424502,0.6598900062397516,3,0.3732632896645791,0.3550128211073109,0.5611733649000913,COMPLETE,,0.7513878072770961,,,,,,0.9420524349365281,0.11306845604651308,11.160793558024407,2.246533462239077e-05,0.006885464462163938,0.9884836092893996
XGBoost,3,task_b_source_connected_class_neutral_v6_rigorous_A2CFC6311C18_outer3_XGBoost,A2CFC6311C185EAA2F17BA13E733D522713F64F2850C50F6EEF6E4CE1F592221,15,0.5222222222222223,2026-08-21 02:20:51.391792,2026-08-21 02:20:53.872915,0 days 00:00:02.481123,4.0,,,,449.0,0,0.5128205128205128,0.5222222222222223,0.6425063727695307,3,0.3935714311556843,0.37177677202715526,0.553178897812441,COMPLETE,,0.6535189433665165,,,,,,0.8373424620677737,0.05595422739582046,11.216907144926605,1.9812176959773525e-05,6.030478544813862,0.6146167541412948
XGBoost,3,task_b_source_connected_class_neutral_v6_rigorous_A2CFC6311C18_outer3_XGBoost,A2CFC6311C185EAA2F17BA13E733D522713F64F2850C50F6EEF6E4CE1F592221,16,0.5408906882591094,2026-08-21 02:20:54.013333,2026-08-21 02:20:56.421676,0 days 00:00:02.408343,3.0,,,,468.0,0,0.5313390313390314,0.5408906882591094,0.6519935764417938,3,0.399345692278192,0.3767382915730056,0.5457591101451357,COMPLETE,,0.9368932828522039,,,,,,0.8049000561056572,0.05955091980584234,5.062150158314215,0.00035455000782751823,6.493628589432825,0.6094831740151472
XGBoost,3,task_b_source_connected_class_neutral_v6_rigorous_A2CFC6311C18_outer3_XGBoost,A2CFC6311C185EAA2F17BA13E733D522713F64F2850C50F6EEF6E4CE1F592221,17,0.4501424501424502,2026-08-21 02:20:56.585950,2026-08-21 02:20:58.887339,0 days 00:00:02.301389,3.0,,,,464.0,0,0.4501424501424502,0.4501424501424502,0.6446086611621417,3,0.3672104457686171,0.3491121344919943,0.5266160511944707,COMPLETE,,1.0644002664546615,,,,,,0.8003428409983288,0.04414932833351437,4.602460849634606,0.00045598505082519237,0.014326827910399412,0.8256818143217386
XGBoost,3,task_b_source_connected_class_neutral_v6_rigorous_A2CFC6311C18_outer3_XGBoost,A2CFC6311C185EAA2F17BA13E733D522713F64F2850C50F6EEF6E4CE1F592221,18,0.5107407407407408,2026-08-21 02:20:59.036890,2026-08-21 02:21:01.434429,0 days 00:00:02.397539,6.0,,,,471.0,0,0.5128205128205128,0.5107407407407408,0.6497328757515515,3,0.3592339335525816,0.3511416227963146,0.5347642400858791,COMPLETE,,1.0883931548436014,,,,,,0.709397085623203,0.07290984112758173,1.0068684875639369,0.10695144285193592,0.003103001157403315,0.7509729216259193
XGBoost,3,task_b_source_connected_class_neutral_v6_rigorous_A2CFC6311C18_outer3_XGBoost,A2CFC6311C185EAA2F17BA13E733D522713F64F2850C50F6EEF6E4CE1F592221,19,0.4928774928774929,2026-08-21 02:21:01.612423,2026-08-21 02:21:03.341834,0 days 00:00:01.729411,8.0,,,,346.0,0,0.49430199430199434,0.4928774928774929,0.645424907733906,3,0.3495412429133246,0.3435693858823332,0.5379541437793756,COMPLETE,,1.0502101332897626,,,,,,0.7540001051627389,0.11242108026497002,1.9882917109593656,0.00047828885518344007,0.23864670028036195,0.8251967674588878
XGBoost,3,task_b_source_connected_class_neutral_v6_rigorous_A2CFC6311C18_outer3_XGBoost,A2CFC6311C185EAA2F17BA13E733D522713F64F2850C50F6EEF6E4CE1F592221,20,0.456956956956957,2026-08-21 02:21:03.527398,2026-08-21 02:21:06.511878,0 days 00:00:02.984480,3.0,,,,416.0,0,0.45726495726495725,0.456956956956957,0.6362793183676035,3,0.3866788591854529,0.368349676594036,0.5474639491563776,COMPLETE,,0.42040046971623557,,,,,,0.806811324249531,0.017471265100356716,6.214892806208427,0.11381254096805615,0.03411515166336496,0.6016141967108452
XGBoost,3,task_b_source_connected_class_neutral_v6_rigorous_A2CFC6311C18_outer3_XGBoost,A2CFC6311C185EAA2F17BA13E733D522713F64F2850C50F6EEF6E4CE1F592221,21,0.5408906882591094,2026-08-21 02:21:06.668145,2026-08-21 02:21:09.169701,0 days 00:00:02.501556,4.0,,,,460.0,0,0.5313390313390314,0.5408906882591094,0.6458989353726196,3,0.3935714311556843,0.37147370192831697,0.549805416396398,COMPLETE,,0.7558525171418985,,,,,,0.8280611286290793,0.05668463165055424,10.57294988778631,1.6345196858498785e-05,11.035148000173958,0.6027848402784131
XGBoost,3,task_b_source_connected_class_neutral_v6_rigorous_A2CFC6311C18_outer3_XGBoost,A2CFC6311C185EAA2F17BA13E733D522713F64F2850C50F6EEF6E4CE1F592221,22,0.456956956956957,2026-08-21 02:21:09.329811,2026-08-21 02:21:11.773752,0 days 00:00:02.443941,4.0,,,,474.0,0,0.45726495726495725,0.456956956956957,0.6508369248182491,3,0.39359856584141045,0.37140920259045557,0.5477339624467287,COMPLETE,,0.8172785311763309,,,,,,0.7334985476718482,0.05438881118019203,9.270283520154653,9.460328147239212e-05,10.44554489483867,0.6482084767765873
XGBoost,3,task_b_source_connected_class_neutral_v6_rigorous_A2CFC6311C18_outer3_XGBoost,A2CFC6311C185EAA2F17BA13E733D522713F64F2850C50F6EEF6E4CE1F592221,23,0.4749837556855101,2026-08-21 02:21:11.938670,2026-08-21 02:21:14.831186,0 days 00:00:02.892516,3.0,,,,495.0,0,0.47578347578347574,0.4749837556855101,0.6450814795466747,3,0.37676185514419375,0.35877610957155204,0.5395861808324062,COMPLETE,,0.43916605918989327,,,,,,0.6651544807306107,0.038909806167716804,5.202223793901795,6.350662858159616e-06,4.87723451831736,0.7378509135734881
XGBoost,3,task_b_source_connected_class_neutral_v6_rigorous_A2CFC6311C18_outer3_XGBoost,A2CFC6311C185EAA2F17BA13E733D522713F64F2850C50F6EEF6E4CE1F592221,24,0.456956956956957,2026-08-21 02:21:14.981901,2026-08-21 02:21:17.329889,0 days 00:00:02.347988,4.0,,,,419.0,0,0.45726495726495725,0.456956956956957,0.6486947310376852,3,0.3952588468120362,0.3771934354255034,0.5450609261661931,COMPLETE,,1.1921814350835684,,,,,,0.8294275468141987,0.06441135672841064,3.518259901876517,7.999339872368702e-05,3.65834937168754,0.6025681010334134
XGBoost,3,task_b_source_connected_class_neutral_v6_rigorous_A2CFC6311C18_outer3_XGBoost,A2CFC6311C185EAA2F17BA13E733D522713F64F2850C50F6EEF6E4CE1F592221,25,0.4977058029689609,2026-08-21 02:21:17.484870,2026-08-21 02:21:19.629492,0 days 00:00:02.144622,3.0,,,,459.0,0,0.4871794871794872,0.4977058029689609,0.6058478322909563,3,0.3851231372038249,0.3669666773813351,0.542994989960272,COMPLETE,,0.3707593836351684,,,,,,0.9815161714332699,0.10454084749790252,13.41624874552655,7.38532211139813e-06,0.468184811589149,0.6610638083243925
XGBoost,3,task_b_source_connected_class_neutral_v6_rigorous_A2CFC6311C18_outer3_XGBoost,A2CFC6311C185EAA2F17BA13E733D522713F64F2850C50F6EEF6E4CE1F592221,26,0.43103913630229423,2026-08-21 02:21:19.791842,2026-08-21 02:21:22.420515,0 days 00:00:02.628673,6.0,,,,479.0,0,0.4316239316239316,0.43103913630229423,0.6478149986214502,3,0.39498985162753847,0.37004696156944733,0.5519439919278546,COMPLETE,,1.876068342477728,,,,,,0.9238402930572145,0.048822985663086425,9.054068409858248,4.3529204649910004e-05,3.963793738639136,0.6259590421836903
XGBoost,3,task_b_source_connected_class_neutral_v6_rigorous_A2CFC6311C18_outer3_XGBoost,A2CFC6311C185EAA2F17BA13E733D522713F64F2850C50F6EEF6E4CE1F592221,27,0.4749837556855101,2026-08-21 02:21:22.573360,2026-08-21 02:21:25.094952,0 days 00:00:02.521592,4.0,,,,445.0,0,0.47578347578347574,0.4749837556855101,0.6633128001973502,3,0.3879599781475331,0.3634905951279679,0.5535946611570502,COMPLETE,,1.3081747826520758,,,,,,0.7877576674040395,0.03487664195874421,5.948220404084987,0.0014660110403552165,11.476431780705408,0.7260429829003509
XGBoost,3,task_b_source_connected_class_neutral_v6_rigorous_A2CFC6311C18_outer3_XGBoost,A2CFC6311C185EAA2F17BA13E733D522713F64F2850C50F6EEF6E4CE1F592221,28,0.4977058029689609,2026-08-21 02:21:25.278887,2026-08-21 02:21:27.120346,0 days 00:00:01.841459,5.0,,,,359.0,0,0.4871794871794872,0.4977058029689609,0.6289536565427907,3,0.397234432830799,0.37834760351155783,0.5625506136759507,COMPLETE,,0.8857268775781344,,,,,,0.8873534294609872,0.0700112971186345,13.023437814197596,5.144209894469397e-06,0.7663107655278293,0.6698340125697824
XGBoost,3,task_b_source_connected_class_neutral_v6_rigorous_A2CFC6311C18_outer3_XGBoost,A2CFC6311C185EAA2F17BA13E733D522713F64F2850C50F6EEF6E4CE1F592221,29,0.4737404070737405,2026-08-21 02:21:27.280526,2026-08-21 02:21:29.402062,0 days 00:00:02.121536,3.0,,,,402.0,0,0.47578347578347574,0.4737404070737405,0.652216683838076,3,0.37979587480417804,0.35902875052423583,0.5592286701009029,COMPLETE,,1.909264418856732,,,,,,0.6639269313200209,0.022527789921593693,9.871720735813215,9.96304279184301e-05,0.006686672281877273,0.9722954123624659
XGBoost,3,task_b_source_connected_class_neutral_v6_rigorous_A2CFC6311C18_outer3_XGBoost,A2CFC6311C185EAA2F17BA13E733D522713F64F2850C50F6EEF6E4CE1F592221,30,0.4570968484011962,2026-08-21 02:21:29.584589,2026-08-21 02:21:31.496245,0 days 00:00:01.911656,6.0,,,,271.0,0,0.4615384615384615,0.4570968484011962,0.655803936364208,3,0.3451797944276209,0.3368996753418976,0.5213508705836142,COMPLETE,,0.9152304302102374,,,,,,0.8585783869691161,0.05287779869765539,2.121192814613811,0.0003132730239053392,0.14035597299068497,0.9453613967993991
XGBoost,3,task_b_source_connected_class_neutral_v6_rigorous_A2CFC6311C18_outer3_XGBoost,A2CFC6311C185EAA2F17BA13E733D522713F64F2850C50F6EEF6E4CE1F592221,31,0.522389055722389,2026-08-21 02:21:31.666990,2026-08-21 02:21:34.205419,0 days 00:00:02.538429,4.0,,,,451.0,0,0.5128205128205128,0.522389055722389,0.6420982494836485,3,0.39548713996794493,0.3736768673852559,0.5511124386840284,COMPLETE,,0.5704256332334365,,,,,,0.8392623521249128,0.056086665538700245,11.252081953155804,2.3083988817248723e-05,5.789721812545776,0.6218699149956395
XGBoost,3,task_b_source_connected_class_neutral_v6_rigorous_A2CFC6311C18_outer3_XGBoost,A2CFC6311C185EAA2F17BA13E733D522713F64F2850C50F6EEF6E4CE1F592221,32,0.5222222222222223,2026-08-21 02:21:34.397154,2026-08-21 02:21:36.555723,0 days 00:00:02.158569,4.0,,,,428.0,0,0.5128205128205128,0.5222222222222223,0.636500007255525,3,0.40823139736395575,0.3872158952248412,0.5547404636808132,COMPLETE,,0.5453506715303666,,,,,,0.8265527084819058,0.08454835000644899,13.018875459859052,1.1206353153348806e-06,2.528776555302369,0.6265199686664211
XGBoost,3,task_b_source_connected_class_neutral_v6_rigorous_A2CFC6311C18_outer3_XGBoost,A2CFC6311C185EAA2F17BA13E733D522713F64F2850C50F6EEF6E4CE1F592221,33,0.456956956956957,2026-08-21 02:21:36.710139,2026-08-21 02:21:39.501129,0 days 00:00:02.790990,4.0,,,,483.0,0,0.45726495726495725,0.456956956956957,0.656177595905949,3,0.37264787499231183,0.35906292364632336,0.5298737913258579,COMPLETE,,0.3065654885183895,,,,,,0.7754317360660048,0.06049211802796131,3.600524564450122,1.0187399576644566e-05,6.258847974856877,0.7151283423302308
XGBoost,3,task_b_source_connected_class_neutral_v6_rigorous_A2CFC6311C18_outer3_XGBoost,A2CFC6311C185EAA2F17BA13E733D522713F64F2850C50F6EEF6E4CE1F592221,34,0.4749837556855101,2026-08-21 02:21:39.689704,2026-08-21 02:21:42.358103,0 days 00:00:02.668399,3.0,,,,455.0,0,0.47578347578347574,0.4749837556855101,0.6403944103434766,3,0.3620069175358811,0.35411192288797033,0.5359287368399882,COMPLETE,,0.25678518498232983,,,,,,0.8575704538412157,0.04631010369976603,8.370967469987795,4.3761518111429726e-05,0.05162725553141943,0.883073341446803
XGBoost,3,task_b_source_connected_class_neutral_v6_rigorous_A2CFC6311C18_outer3_XGBoost,A2CFC6311C185EAA2F17BA13E733D522713F64F2850C50F6EEF6E4CE1F592221,35,0.522389055722389,2026-08-21 02:21:42.545879,2026-08-21 02:21:45.022513,0 days 00:00:02.476634,5.0,,,,400.0,0,0.5128205128205128,0.522389055722389,0.638228636106395,3,0.39148730639401735,0.3724354881947572,0.5581090670145298,COMPLETE,,0.7387422328416009,,,,,,0.9055106198071664,0.036830982382505414,14.451019712462708,0.001325730336514755,0.01761601004957282,0.6736427305780481
XGBoost,3,task_b_source_connected_class_neutral_v6_rigorous_A2CFC6311C18_outer3_XGBoost,A2CFC6311C185EAA2F17BA13E733D522713F64F2850C50F6EEF6E4CE1F592221,36,0.5155555555555555,2026-08-21 02:21:45.184970,2026-08-21 02:21:47.574799,0 days 00:00:02.389829,5.0,,,,394.0,0,0.5056980056980057,0.5155555555555555,0.638731685845438,3,0.39179302385319775,0.3728878648233487,0.5657790420462813,COMPLETE,,1.2795332001287867,,,,,,0.9042712590550404,0.03476346540162142,14.653583428052375,0.0017174620293655255,0.025974732479342677,0.6789944422279234
XGBoost,3,task_b_source_connected_class_neutral_v6_rigorous_A2CFC6311C18_outer3_XGBoost,A2CFC6311C185EAA2F17BA13E733D522713F64F2850C50F6EEF6E4CE1F592221,37,0.4749837556855101,2026-08-21 02:21:47.742113,2026-08-21 02:21:50.267808,0 days 00:00:02.525695,4.0,,,,328.0,0,0.47578347578347574,0.4749837556855101,0.6412160985590528,3,0.3822631413282971,0.3630965864225306,0.5355091523994427,COMPLETE,,0.9069205738516242,,,,,,0.8121931707536728,0.028235032931834863,2.882688778065913,0.005179401058306191,1.790856501654868,0.6339902262594422
XGBoost,3,task_b_source_connected_class_neutral_v6_rigorous_A2CFC6311C18_outer3_XGBoost,A2CFC6311C185EAA2F17BA13E733D522713F64F2850C50F6EEF6E4CE1F592221,38,0.4176040322084947,2026-08-21 02:21:50.463408,2026-08-21 02:21:52.842117,0 days 00:00:02.378709,5.0,,,,412.0,0,0.4202279202279202,0.4176040322084947,0.6553583261987337,3,0.3921314838331542,0.3724980372036429,0.5695958968187139,COMPLETE,,2.7840274268447027,,,,,,0.8844729303121593,0.03329668743309276,10.55064160194571,0.01927611516888213,3.3459583496035434,0.6966842544543217
XGBoost,3,task_b_source_connected_class_neutral_v6_rigorous_A2CFC6311C18_outer3_XGBoost,A2CFC6311C185EAA2F17BA13E733D522713F64F2850C50F6EEF6E4CE1F592221,39,0.456956956956957,2026-08-21 02:21:52.998679,2026-08-21 02:21:54.817362,0 days 00:00:01.818683,3.0,,,,219.0,0,0.45726495726495725,0.456956956956957,0.662558830215876,3,0.3875728566311745,0.364476973585133,0.5556901085900657,COMPLETE,,0.5143655591748499,,,,,,0.9461693760705725,0.038946428574495186,6.722222323150849,0.0008926642396375246,6.928813379263836,0.6617338514309502
XGBoost,3,task_b_source_connected_class_neutral_v6_rigorous_A2CFC6311C18_outer3_XGBoost,A2CFC6311C185EAA2F17BA13E733D522713F64F2850C50F6EEF6E4CE1F592221,40,0.5152496626180837,2026-08-21 02:21:55.015005,2026-08-21 02:21:57.387626,0 days 00:00:02.372621,4.0,,,,440.0,0,0.5056980056980057,0.5152496626180837,0.6370375207387092,3,0.4041213969659803,0.3821910710357561,0.5587946873408761,COMPLETE,,0.7817895047701707,,,,,,0.7429565482138368,0.0498387079296024,14.490821932073567,0.00013580294349150636,1.2466989935221715,0.622716592803319
XGBoost,3,task_b_source_connected_class_neutral_v6_rigorous_A2CFC6311C18_outer3_XGBoost,A2CFC6311C185EAA2F17BA13E733D522713F64F2850C50F6EEF6E4CE1F592221,41,0.45721583652618136,2026-08-21 02:21:57.544985,2026-08-21 02:21:59.882316,0 days 00:00:02.337331,7.0,,,,483.0,0,0.45726495726495725,0.45721583652618136,0.6474056660813876,3,0.39292888179769103,0.3769051942472526,0.5538762858683098,COMPLETE,,0.6686195110314948,,,,,,0.9685367615068272,0.07474262045681966,12.22190738150409,3.454068986666114e-05,0.014619695505735976,0.7622436016683986
XGBoost,3,task_b_source_connected_class_neutral_v6_rigorous_A2CFC6311C18_outer3_XGBoost,A2CFC6311C185EAA2F17BA13E733D522713F64F2850C50F6EEF6E4CE1F592221,42,0.4371492704826038,2026-08-21 02:22:00.071068,2026-08-21 02:22:02.557052,0 days 00:00:02.485984,5.0,,,,438.0,0,0.43874643874643876,0.4371492704826038,0.6446703331253416,3,0.39487733313072765,0.3780040720669738,0.5574318348975427,COMPLETE,,2.9757136939235487,,,,,,0.9157519798477777,0.023328310494700542,8.041278170067221,0.00020674334870028402,0.0029133766567883837,0.6441646284777387
XGBoost,3,task_b_source_connected_class_neutral_v6_rigorous_A2CFC6311C18_outer3_XGBoost,A2CFC6311C185EAA2F17BA13E733D522713F64F2850C50F6EEF6E4CE1F592221,43,0.48888888888888893,2026-08-21 02:22:02.727816,2026-08-21 02:22:04.819357,0 days 00:00:02.091541,7.0,,,,465.0,0,0.48005698005698005,0.48888888888888893,0.625654811138682,3,0.39526282656594275,0.3721878332071724,0.5443356681535335,COMPLETE,,0.19055254179638026,,,,,,0.842416814134555,0.12820132467332826,15.8255252696779,3.000638435502295e-06,0.0010872132701153102,0.6050400919502614
XGBoost,3,task_b_source_connected_class_neutral_v6_rigorous_A2CFC6311C18_outer3_XGBoost,A2CFC6311C185EAA2F17BA13E733D522713F64F2850C50F6EEF6E4CE1F592221,44,0.5155555555555555,2026-08-21 02:22:04.991599,2026-08-21 02:22:06.967982,0 days 00:00:01.976383,5.0,,,,387.0,0,0.5056980056980057,0.5155555555555555,0.6439496176338282,3,0.39581999211285135,0.3734692687744816,0.5636601648313623,COMPLETE,,0.9676799553934545,,,,,,0.9376470586197847,0.058414611445431,17.84148465874418,1.299157314184488e-05,0.059536853323335345,0.6791667264375737
XGBoost,3,task_b_source_connected_class_neutral_v6_rigorous_A2CFC6311C18_outer3_XGBoost,A2CFC6311C185EAA2F17BA13E733D522713F64F2850C50F6EEF6E4CE1F592221,45,0.43274853801169594,2026-08-21 02:22:07.137428,2026-08-21 02:22:09.494599,0 days 00:00:02.357171,6.0,,,,422.0,0,0.4316239316239316,0.43274853801169594,0.6440765893227693,3,0.37554459314252225,0.35673407851761946,0.5420046742089925,COMPLETE,,1.5225593045827148,,,,,,0.7819718661214453,0.041262712876951206,5.391445922138438,0.000780938557985423,0.004793938816111202,0.8277890338422189
XGBoost,3,task_b_source_connected_class_neutral_v6_rigorous_A2CFC6311C18_outer3_XGBoost,A2CFC6311C185EAA2F17BA13E733D522713F64F2850C50F6EEF6E4CE1F592221,46,0.5222222222222223,2026-08-21 02:22:09.671806,2026-08-21 02:22:12.084719,0 days 00:00:02.412913,4.0,,,,490.0,0,0.5128205128205128,0.5222222222222223,0.6349255583126551,3,0.3945157182189516,0.37301147579867583,0.5516294777195337,COMPLETE,,0.6536168583732406,,,,,,0.8963147113616334,0.09659579048848523,11.809263384384465,0.003977971250927084,8.740554983464975,0.656037134797799
XGBoost,3,task_b_source_connected_class_neutral_v6_rigorous_A2CFC6311C18_outer3_XGBoost,A2CFC6311C185EAA2F17BA13E733D522713F64F2850C50F6EEF6E4CE1F592221,47,0.522389055722389,2026-08-21 02:22:12.261141,2026-08-21 02:22:14.677889,0 days 00:00:02.416748,5.0,,,,454.0,0,0.5128205128205128,0.522389055722389,0.6512105843599901,3,0.3595939203832141,0.35036070172571687,0.5383313407304802,COMPLETE,,0.512206558516793,,,,,,0.8640020701270912,0.08012008058262932,7.100392943900734,0.00940972936248216,0.5623326400068831,0.6199237885148784
XGBoost,3,task_b_source_connected_class_neutral_v6_rigorous_A2CFC6311C18_outer3_XGBoost,A2CFC6311C185EAA2F17BA13E733D522713F64F2850C50F6EEF6E4CE1F592221,48,0.4749837556855101,2026-08-21 02:22:14.868012,2026-08-21 02:22:17.574455,0 days 00:00:02.706443,5.0,,,,404.0,0,0.47578347578347574,0.4749837556855101,0.6230095676190753,3,0.35983976063589235,0.35052122779850214,0.5294796045457267,COMPLETE,,0.00395109596709009,,,,,,0.8706345982934248,0.0805189110516648,6.950450245550318,0.024984116047190457,0.5478026083288995,0.6166398668856681
XGBoost,3,task_b_source_connected_class_neutral_v6_rigorous_A2CFC6311C18_outer3_XGBoost,A2CFC6311C185EAA2F17BA13E733D522713F64F2850C50F6EEF6E4CE1F592221,49,0.456956956956957,2026-08-21 02:22:17.756188,2026-08-21 02:22:20.222828,0 days 00:00:02.466640,4.0,,,,451.0,0,0.45726495726495725,0.456956956956957,0.6378495349208423,3,0.36203803197551365,0.3494770388957556,0.5233539934365588,COMPLETE,,0.4922147421292579,,,,,,0.8492761359970833,0.06816787120498762,4.961659382404453,0.03472682391207102,2.6980640327126237,0.6357967257349512
XGBoost,3,task_b_source_connected_class_neutral_v6_rigorous_A2CFC6311C18_outer3_XGBoost,A2CFC6311C185EAA2F17BA13E733D522713F64F2850C50F6EEF6E4CE1F592221,50,0.4749837556855101,2026-08-21 02:22:20.374077,2026-08-21 02:22:22.575647,0 days 00:00:02.201570,4.0,,,,374.0,0,0.47578347578347574,0.4749837556855101,0.6400207508017356,3,0.3742075767278463,0.35634912533797886,0.534442788580605,COMPLETE,,0.7614238802696307,,,,,,0.8139281180843556,0.05205787054137176,4.36028444376264,0.005573699405203933,1.6902340237275202,0.7001427864125928
XGBoost,3,task_b_source_connected_class_neutral_v6_rigorous_A2CFC6311C18_outer3_XGBoost,A2CFC6311C185EAA2F17BA13E733D522713F64F2850C50F6EEF6E4CE1F592221,51,0.474974974974975,2026-08-21 02:22:22.732601,2026-08-21 02:22:24.761530,0 days 00:00:02.028929,6.0,,,,462.0,0,0.47578347578347574,0.474974974974975,0.624900841157208,3,0.37687202196824154,0.3624798066915447,0.5324971670230944,COMPLETE,,0.5812885682904095,,,,,,0.7897639144148931,0.1310447479532585,9.810379005479653,0.002881966249187623,0.16201290153789688,0.6139073175594585
XGBoost,3,task_b_source_connected_class_neutral_v6_rigorous_A2CFC6311C18_outer3_XGBoost,A2CFC6311C185EAA2F17BA13E733D522713F64F2850C50F6EEF6E4CE1F592221,52,0.45721583652618136,2026-08-21 02:22:24.946877,2026-08-21 02:22:27.294482,0 days 00:00:02.347605,5.0,,,,433.0,0,0.45726495726495725,0.45721583652618136,0.6278852804744146,3,0.35628692578482557,0.3481898212295764,0.5324857903664393,COMPLETE,,0.3430886215786314,,,,,,0.8713793147346032,0.0934652722075082,8.159623980423216,0.010004601980954164,0.08155189111405775,0.6450780465258218
XGBoost,3,task_b_source_connected_class_neutral_v6_rigorous_A2CFC6311C18_outer3_XGBoost,A2CFC6311C185EAA2F17BA13E733D522713F64F2850C50F6EEF6E4CE1F592221,53,0.456956956956957,2026-08-21 02:22:27.451218,2026-08-21 02:22:30.036908,0 days 00:00:02.585690,6.0,,,,500.0,0,0.45726495726495725,0.456956956956957,0.6358409637272117,3,0.37570902933802225,0.359564424660807,0.5359848817130889,COMPLETE,,1.1393418589882898,,,,,,0.9958896592168671,0.04454254243860317,7.364168945489343,0.3240270582972016,0.01880220718084806,0.600134635401687
XGBoost,3,task_b_source_connected_class_neutral_v6_rigorous_A2CFC6311C18_outer3_XGBoost,A2CFC6311C185EAA2F17BA13E733D522713F64F2850C50F6EEF6E4CE1F592221,54,0.456956956956957,2026-08-21 02:22:30.213093,2026-08-21 02:22:32.643405,0 days 00:00:02.430312,5.0,,,,470.0,0,0.45726495726495725,0.456956956956957,0.6392970121747711,3,0.3919558319675542,0.37067062179819404,0.539878122363889,COMPLETE,,0.728603409157441,,,,,,0.8271255806287003,0.06124624726816541,5.881679965889557,2.6420753126396563e-06,5.012378261318736,0.6278172227802775
XGBoost,3,task_b_source_connected_class_neutral_v6_rigorous_A2CFC6311C18_outer3_XGBoost,A2CFC6311C185EAA2F17BA13E733D522713F64F2850C50F6EEF6E4CE1F592221,55,0.4977058029689609,2026-08-21 02:22:32.805579,2026-08-21 02:22:34.980021,0 days 00:00:02.174442,3.0,,,,482.0,0,0.4871794871794872,0.4977058029689609,0.6367521367521367,3,0.3887087145756678,0.3684338534446492,0.5421782249657795,COMPLETE,,1.0376367017115569,,,,,,0.5556499989077552,0.06661181069190028,10.312715155351027,0.0008220085130500271,0.00174957797686584,0.6735234733755675
XGBoost,3,task_b_source_connected_class_neutral_v6_rigorous_A2CFC6311C18_outer3_XGBoost,A2CFC6311C185EAA2F17BA13E733D522713F64F2850C50F6EEF6E4CE1F592221,56,0.45721583652618136,2026-08-21 02:22:35.131500,2026-08-21 02:22:37.481497,0 days 00:00:02.349997,7.0,,,,453.0,0,0.45726495726495725,0.45721583652618136,0.629769903114555,3,0.39614886450385134,0.37964278252358824,0.5558830979561873,COMPLETE,,0.21333453881187187,,,,,,0.7609890967470461,0.0793888321446072,14.272553347663152,0.000232491965286786,0.2649039562525894,0.7755205123395897
XGBoost,3,task_b_source_connected_class_neutral_v6_rigorous_A2CFC6311C18_outer3_XGBoost,A2CFC6311C185EAA2F17BA13E733D522713F64F2850C50F6EEF6E4CE1F592221,57,0.456956956956957,2026-08-21 02:22:37.659887,2026-08-21 02:22:40.137800,0 days 00:00:02.477913,5.0,,,,473.0,0,0.45726495726495725,0.456956956956957,0.6407444894287,3,0.3776518728360088,0.3610965533421539,0.530046829602985,COMPLETE,,0.46110494505451016,,,,,,0.9270796416406447,0.10437995852530439,3.8561824373403386,0.0023865280642650596,11.728466634491461,0.6504784468713828
XGBoost,3,task_b_source_connected_class_neutral_v6_rigorous_A2CFC6311C18_outer3_XGBoost,A2CFC6311C185EAA2F17BA13E733D522713F64F2850C50F6EEF6E4CE1F592221,58,0.5155555555555555,2026-08-21 02:22:40.306102,2026-08-21 02:22:42.295252,0 days 00:00:01.989150,6.0,,,,310.0,0,0.5056980056980057,0.5155555555555555,0.6667978707452392,3,0.39704286194957294,0.3754414254866276,0.568606336459696,COMPLETE,,0.8627210626168909,,,,,,0.9556477154349856,0.057050573162186806,15.908323421175988,4.114916929559745e-06,7.999995984549938,0.7139872588414145
XGBoost,3,task_b_source_connected_class_neutral_v6_rigorous_A2CFC6311C18_outer3_XGBoost,A2CFC6311C185EAA2F17BA13E733D522713F64F2850C50F6EEF6E4CE1F592221,59,0.45721583652618136,2026-08-21 02:22:42.458924,2026-08-21 02:22:44.727822,0 days 00:00:02.268898,3.0,,,,445.0,0,0.45726495726495725,0.45721583652618136,0.6497643163602417,3,0.37357461495880956,0.35581539824784886,0.5497833435051095,COMPLETE,,1.417392184904141,,,,,,0.7166352907998288,0.03799201524753836,8.983521367164219,2.5195406132217763e-05,0.989147318326481,0.8129396053768827
RF,4,task_b_source_connected_class_neutral_v6_rigorous_A2CFC6311C18_outer4_RF,A2CFC6311C185EAA2F17BA13E733D522713F64F2850C50F6EEF6E4CE1F592221,0,0.4858585858585858,2026-08-21 02:22:48.031494,2026-08-21 02:22:56.723384,0 days 00:00:08.691890,17.0,0.3468745461296383,3.0,8.0,781.0,0,0.47882552230378317,0.4858585858585858,0.6439098081041815,3,0.4621872887085869,0.4375719474034081,0.6187346855192603,COMPLETE,,,,,,,,,,,,,
RF,4,task_b_source_connected_class_neutral_v6_rigorous_A2CFC6311C18_outer4_RF,A2CFC6311C185EAA2F17BA13E733D522713F64F2850C50F6EEF6E4CE1F592221,1,0.4858585858585858,2026-08-21 02:22:56.895265,2026-08-21 02:23:09.967993,0 days 00:00:13.072728,32.0,0.9381671013093693,4.0,10.0,579.0,0,0.47882552230378317,0.4858585858585858,0.6846942202440923,3,0.49222259785140104,0.4724654029855316,0.631778012670266,COMPLETE,,,,,,,,,,,,,
RF,4,task_b_source_connected_class_neutral_v6_rigorous_A2CFC6311C18_outer4_RF,A2CFC6311C185EAA2F17BA13E733D522713F64F2850C50F6EEF6E4CE1F592221,2,0.47222222222222215,2026-08-21 02:23:10.157499,2026-08-21 02:23:18.680056,0 days 00:00:08.522557,26.0,0.7819456598861141,7.0,17.0,460.0,0,0.46433276868059475,0.47222222222222215,0.6692184910854987,3,0.5000816993464052,0.48152549588715415,0.6409992098719791,COMPLETE,,,,,,,,,,,,,
RF,4,task_b_source_connected_class_neutral_v6_rigorous_A2CFC6311C18_outer4_RF,A2CFC6311C185EAA2F17BA13E733D522713F64F2850C50F6EEF6E4CE1F592221,3,0.4858585858585858,2026-08-21 02:23:18.835005,2026-08-21 02:23:34.871425,0 days 00:00:16.036420,30.0,0.7814383900165403,6.0,14.0,883.0,0,0.47882552230378317,0.4858585858585858,0.6740494089598948,3,0.4916309818946736,0.4731817905683406,0.6382071158320526,COMPLETE,,,,,,,,,,,,,
RF,4,task_b_source_connected_class_neutral_v6_rigorous_A2CFC6311C18_outer4_RF,A2CFC6311C185EAA2F17BA13E733D522713F64F2850C50F6EEF6E4CE1F592221,4,0.4858585858585858,2026-08-21 02:23:35.015423,2026-08-21 02:23:56.641241,0 days 00:00:21.625818,20.0,0.8238441974565376,2.0,22.0,1141.0,0,0.47882552230378317,0.4858585858585858,0.6568604077555483,3,0.4815397040042071,0.46051784610482754,0.6304347888341192,COMPLETE,,,,,,,,,,,,,
RF,4,task_b_source_connected_class_neutral_v6_rigorous_A2CFC6311C18_outer4_RF,A2CFC6311C185EAA2F17BA13E733D522713F64F2850C50F6EEF6E4CE1F592221,5,0.4635945815191098,2026-08-21 02:23:56.791759,2026-08-21 02:24:03.300459,0 days 00:00:06.508700,10.0,0.373434881675502,6.0,2.0,503.0,0,0.46433276868059475,0.4635945815191098,0.6478239956500825,3,0.4729537600480805,0.45157615664697937,0.6325406801221155,COMPLETE,,,,,,,,,,,,,
RF,4,task_b_source_connected_class_neutral_v6_rigorous_A2CFC6311C18_outer4_RF,A2CFC6311C185EAA2F17BA13E733D522713F64F2850C50F6EEF6E4CE1F592221,6,0.4858585858585858,2026-08-21 02:24:03.464697,2026-08-21 02:24:13.751077,0 days 00:00:10.286380,6.0,0.8798636877894455,1.0,24.0,510.0,0,0.47882552230378317,0.4858585858585858,0.626720806899835,3,0.49384531590413944,0.4747648499361204,0.6296344729097895,COMPLETE,,,,,,,,,,,,,
RF,4,task_b_source_connected_class_neutral_v6_rigorous_A2CFC6311C18_outer4_RF,A2CFC6311C185EAA2F17BA13E733D522713F64F2850C50F6EEF6E4CE1F592221,7,0.47222222222222215,2026-08-21 02:24:13.895059,2026-08-21 02:24:29.215152,0 days 00:00:15.320093,11.0,0.6401119292337056,8.0,13.0,1008.0,0,0.46433276868059475,0.47222222222222215,0.6523371579637564,3,0.4980533017804823,0.4792447020727248,0.6429253700536474,COMPLETE,,,,,,,,,,,,,
RF,4,task_b_source_connected_class_neutral_v6_rigorous_A2CFC6311C18_outer4_RF,A2CFC6311C185EAA2F17BA13E733D522713F64F2850C50F6EEF6E4CE1F592221,8,0.47222222222222215,2026-08-21 02:24:29.360711,2026-08-21 02:24:41.622876,0 days 00:00:12.262165,24.0,0.7961097386145981,8.0,7.0,700.0,0,0.46433276868059475,0.47222222222222215,0.6637580899729237,3,0.5077896100969124,0.4909850234390059,0.6429878129338608,COMPLETE,,,,,,,,,,,,,
RF,4,task_b_source_connected_class_neutral_v6_rigorous_A2CFC6311C18_outer4_RF,A2CFC6311C185EAA2F17BA13E733D522713F64F2850C50F6EEF6E4CE1F592221,9,0.4858585858585858,2026-08-21 02:24:41.771548,2026-08-21 02:24:50.578181,0 days 00:00:08.806633,18.0,0.2869147166958244,2.0,4.0,744.0,0,0.47882552230378317,0.4858585858585858,0.6485600124986314,3,0.44798944482007363,0.41651088810179715,0.6030404405683885,COMPLETE,,,,,,,,,,,,,
RF,4,task_b_source_connected_class_neutral_v6_rigorous_A2CFC6311C18_outer4_RF,A2CFC6311C185EAA2F17BA13E733D522713F64F2850C50F6EEF6E4CE1F592221,10,0.4205128205128205,2026-08-21 02:24:50.743390,2026-08-21 02:24:54.653318,0 days 00:00:03.909928,17.0,0.46580436713648865,12.0,8.0,334.0,0,0.4340297383775645,0.4205128205128205,0.6281367443771536,3,0.505169596574262,0.48690258464373365,0.651054326873331,COMPLETE,,,,,,,,,,,,,
RF,4,task_b_source_connected_class_neutral_v6_rigorous_A2CFC6311C18_outer4_RF,A2CFC6311C185EAA2F17BA13E733D522713F64F2850C50F6EEF6E4CE1F592221,11,0.4858585858585858,2026-08-21 02:24:54.841744,2026-08-21 02:25:04.856439,0 days 00:00:10.014695,32.0,0.5727325645064059,4.0,8.0,652.0,0,0.47882552230378317,0.4858585858585858,0.673773664054994,3,0.4787675606641124,0.4554669572823083,0.6320221713240767,COMPLETE,,,,,,,,,,,,,
RF,4,task_b_source_connected_class_neutral_v6_rigorous_A2CFC6311C18_outer4_RF,A2CFC6311C185EAA2F17BA13E733D522713F64F2850C50F6EEF6E4CE1F592221,12,0.44047619047619047,2026-08-21 02:25:05.031995,2026-08-21 02:25:14.146298,0 days 00:00:09.114303,14.0,0.26449611759405556,4.0,10.0,884.0,0,0.44852249200075284,0.44047619047619047,0.6459991462549007,3,0.45640635564570653,0.4299946102951202,0.6172509480451918,COMPLETE,,,,,,,,,,,,,
RF,4,task_b_source_connected_class_neutral_v6_rigorous_A2CFC6311C18_outer4_RF,A2CFC6311C185EAA2F17BA13E733D522713F64F2850C50F6EEF6E4CE1F592221,13,0.47222222222222215,2026-08-21 02:25:14.291465,2026-08-21 02:25:23.886689,0 days 00:00:09.595224,23.0,0.6115259304203471,4.0,17.0,611.0,0,0.46433276868059475,0.47222222222222215,0.6586269466064861,3,0.4767053564720907,0.4544607332639055,0.6329922710233816,COMPLETE,,,,,,,,,,,,,
RF,4,task_b_source_connected_class_neutral_v6_rigorous_A2CFC6311C18_outer4_RF,A2CFC6311C185EAA2F17BA13E733D522713F64F2850C50F6EEF6E4CE1F592221,14,0.4858585858585858,2026-08-21 02:25:24.063577,2026-08-21 02:25:43.479906,0 days 00:00:19.416329,26.0,0.9388941873253993,3.0,11.0,858.0,0,0.47882552230378317,0.4858585858585858,0.6803780712987875,3,0.48934903463301027,0.468415645657025,0.6312848551588844,COMPLETE,,,,,,,,,,,,,
RF,4,task_b_source_connected_class_neutral_v6_rigorous_A2CFC6311C18_outer4_RF,A2CFC6311C185EAA2F17BA13E733D522713F64F2850C50F6EEF6E4CE1F592221,15,0.47179487179487173,2026-08-21 02:25:43.646377,2026-08-21 02:25:47.778502,0 days 00:00:04.132125,14.0,0.4920722778523645,11.0,5.0,312.0,0,0.4816487859966121,0.47179487179487173,0.6514593013314242,3,0.5009268649988732,0.4830178634558197,0.6519432843866643,COMPLETE,,,,,,,,,,,,,
RF,4,task_b_source_connected_class_neutral_v6_rigorous_A2CFC6311C18_outer4_RF,A2CFC6311C185EAA2F17BA13E733D522713F64F2850C50F6EEF6E4CE1F592221,16,0.44047619047619047,2026-08-21 02:25:47.947231,2026-08-21 02:25:54.205615,0 days 00:00:06.258384,29.0,0.2040951529227955,5.0,15.0,588.0,0,0.44852249200075284,0.44047619047619047,0.6332340577864874,3,0.45693035835023665,0.43388382502925893,0.6227864026621592,COMPLETE,,,,,,,,,,,,,
RF,4,task_b_source_connected_class_neutral_v6_rigorous_A2CFC6311C18_outer4_RF,A2CFC6311C185EAA2F17BA13E733D522713F64F2850C50F6EEF6E4CE1F592221,17,0.4858585858585858,2026-08-21 02:25:54.359749,2026-08-21 02:26:08.528825,0 days 00:00:14.169076,20.0,0.6803607375790852,1.0,10.0,782.0,0,0.47882552230378317,0.4858585858585858,0.6454833931816029,3,0.46597269175869577,0.43859051084394407,0.6083498467521601,COMPLETE,,,,,,,,,,,,,
RF,4,task_b_source_connected_class_neutral_v6_rigorous_A2CFC6311C18_outer4_RF,A2CFC6311C185EAA2F17BA13E733D522713F64F2850C50F6EEF6E4CE1F592221,18,0.4292929292929293,2026-08-21 02:26:08.694837,2026-08-21 02:26:19.870541,0 days 00:00:11.175704,15.0,0.3973257475563381,10.0,12.0,1010.0,0,0.4340297383775645,0.4292929292929293,0.6358981361538906,3,0.48655904890691914,0.46824110766473376,0.6418584301382776,COMPLETE,,,,,,,,,,,,,
RF,4,task_b_source_connected_class_neutral_v6_rigorous_A2CFC6311C18_outer4_RF,A2CFC6311C185EAA2F17BA13E733D522713F64F2850C50F6EEF6E4CE1F592221,19,0.5015082956259427,2026-08-21 02:26:20.017457,2026-08-21 02:26:26.539776,0 days 00:00:06.522319,5.0,0.7039295539686349,3.0,5.0,414.0,0,0.49745906267645396,0.5015082956259427,0.6371074033478126,3,0.5035966493877244,0.48195105518868875,0.6429114714599973,COMPLETE,,,,,,,,,,,,,
RF,4,task_b_source_connected_class_neutral_v6_rigorous_A2CFC6311C18_outer4_RF,A2CFC6311C185EAA2F17BA13E733D522713F64F2850C50F6EEF6E4CE1F592221,20,0.5015082956259427,2026-08-21 02:26:26.729437,2026-08-21 02:26:32.032896,0 days 00:00:05.303459,5.0,0.5250265717557862,2.0,2.0,401.0,0,0.49745906267645396,0.5015082956259427,0.6333477879513685,3,0.5012818345729096,0.4804455923858934,0.6360422814977484,COMPLETE,,,,,,,,,,,,,
RF,4,task_b_source_connected_class_neutral_v6_rigorous_A2CFC6311C18_outer4_RF,A2CFC6311C185EAA2F17BA13E733D522713F64F2850C50F6EEF6E4CE1F592221,21,0.5015082956259427,2026-08-21 02:26:32.216430,2026-08-21 02:26:38.511295,0 days 00:00:06.294865,5.0,0.7026068126399645,2.0,2.0,401.0,0,0.49745906267645396,0.5015082956259427,0.6299416648521508,3,0.5089211929982721,0.4881532174585091,0.638272511569646,COMPLETE,,,,,,,,,,,,,
RF,4,task_b_source_connected_class_neutral_v6_rigorous_A2CFC6311C18_outer4_RF,A2CFC6311C185EAA2F17BA13E733D522713F64F2850C50F6EEF6E4CE1F592221,22,0.5015082956259427,2026-08-21 02:26:38.682174,2026-08-21 02:26:45.618402,0 days 00:00:06.936228,5.0,0.7179406499349185,2.0,2.0,432.0,0,0.49745906267645396,0.5015082956259427,0.6286507751980898,3,0.5026500638569603,0.4806992366057577,0.6365346420066912,COMPLETE,,,,,,,,,,,,,
RF,4,task_b_source_connected_class_neutral_v6_rigorous_A2CFC6311C18_outer4_RF,A2CFC6311C185EAA2F17BA13E733D522713F64F2850C50F6EEF6E4CE1F592221,23,0.4858585858585858,2026-08-21 02:26:45.778951,2026-08-21 02:26:51.766885,0 days 00:00:05.987934,8.0,0.5472515908280533,1.0,4.0,363.0,0,0.47882552230378317,0.4858585858585858,0.6347161789617033,3,0.45931372549019606,0.43160776861110195,0.6006396580843424,COMPLETE,,,,,,,,,,,,,
RF,4,task_b_source_connected_class_neutral_v6_rigorous_A2CFC6311C18_outer4_RF,A2CFC6311C185EAA2F17BA13E733D522713F64F2850C50F6EEF6E4CE1F592221,24,0.4858585858585858,2026-08-21 02:26:51.914339,2026-08-21 02:26:59.044883,0 days 00:00:07.130544,7.0,0.6756449226802319,2.0,5.0,420.0,0,0.47882552230378317,0.4858585858585858,0.647208167412771,3,0.4730551799263767,0.44947544486478913,0.6162943457976887,COMPLETE,,,,,,,,,,,,,
RF,4,task_b_source_connected_class_neutral_v6_rigorous_A2CFC6311C18_outer4_RF,A2CFC6311C185EAA2F17BA13E733D522713F64F2850C50F6EEF6E4CE1F592221,25,0.4858585858585858,2026-08-21 02:26:59.198112,2026-08-21 02:27:04.821481,0 days 00:00:05.623369,10.0,0.5088353164637804,3.0,2.0,387.0,0,0.47882552230378317,0.4858585858585858,0.6629162161131471,3,0.46969142062955455,0.44596256124484546,0.6178473700137904,COMPLETE,,,,,,,,,,,,,
RF,4,task_b_source_connected_class_neutral_v6_rigorous_A2CFC6311C18_outer4_RF,A2CFC6311C185EAA2F17BA13E733D522713F64F2850C50F6EEF6E4CE1F592221,26,0.47222222222222215,2026-08-21 02:27:04.980389,2026-08-21 02:27:14.222314,0 days 00:00:09.241925,8.0,0.7310732480769209,5.0,6.0,517.0,0,0.46433276868059475,0.47222222222222215,0.6699137274584844,3,0.48535985275336185,0.4642910076436088,0.6376131259366214,COMPLETE,,,,,,,,,,,,,
RF,4,task_b_source_connected_class_neutral_v6_rigorous_A2CFC6311C18_outer4_RF,A2CFC6311C185EAA2F17BA13E733D522713F64F2850C50F6EEF6E4CE1F592221,27,0.46063134978229314,2026-08-21 02:27:14.374833,2026-08-21 02:27:18.518837,0 days 00:00:04.144004,5.0,0.44323824973745873,3.0,3.0,313.0,0,0.4671560323734236,0.46063134978229314,0.6306933049899802,3,0.47538595898129365,0.45167088085145224,0.6347610232161266,COMPLETE,,,,,,,,,,,,,
RF,4,task_b_source_connected_class_neutral_v6_rigorous_A2CFC6311C18_outer4_RF,A2CFC6311C185EAA2F17BA13E733D522713F64F2850C50F6EEF6E4CE1F592221,28,0.47730294396961065,2026-08-21 02:27:18.695130,2026-08-21 02:27:26.434488,0 days 00:00:07.739358,12.0,0.5988461177422417,1.0,4.0,465.0,0,0.47882552230378317,0.47730294396961065,0.6476327026199149,3,0.46078431372549017,0.43335335857963697,0.6069218346658356,COMPLETE,,,,,,,,,,,,,
RF,4,task_b_source_connected_class_neutral_v6_rigorous_A2CFC6311C18_outer4_RF,A2CFC6311C185EAA2F17BA13E733D522713F64F2850C50F6EEF6E4CE1F592221,29,0.4858585858585858,2026-08-21 02:27:26.606995,2026-08-21 02:27:37.288525,0 days 00:00:10.681530,8.0,0.7246566392424085,2.0,6.0,547.0,0,0.47882552230378317,0.4858585858585858,0.6612960687129484,3,0.4736129892570055,0.4501226988973504,0.6211317216231685,COMPLETE,,,,,,,,,,,,,
RF,4,task_b_source_connected_class_neutral_v6_rigorous_A2CFC6311C18_outer4_RF,A2CFC6311C185EAA2F17BA13E733D522713F64F2850C50F6EEF6E4CE1F592221,30,0.47179487179487173,2026-08-21 02:27:37.439720,2026-08-21 02:27:42.400538,0 days 00:00:04.960818,5.0,0.5453949264234488,5.0,8.0,388.0,0,0.4816487859966121,0.47179487179487173,0.6410700599958913,3,0.49301517541882656,0.4704890445443822,0.6414302377081523,COMPLETE,,,,,,,,,,,,,
RF,4,task_b_source_connected_class_neutral_v6_rigorous_A2CFC6311C18_outer4_RF,A2CFC6311C185EAA2F17BA13E733D522713F64F2850C50F6EEF6E4CE1F592221,31,0.4858585858585858,2026-08-21 02:27:42.543332,2026-08-21 02:27:50.003987,0 days 00:00:07.460655,6.0,0.7102896275240359,2.0,2.0,446.0,0,0.47882552230378317,0.4858585858585858,0.6393373511020569,3,0.4761813537675607,0.45296136795491626,0.6264551027484226,COMPLETE,,,,,,,,,,,,,
RF,4,task_b_source_connected_class_neutral_v6_rigorous_A2CFC6311C18_outer4_RF,A2CFC6311C185EAA2F17BA13E733D522713F64F2850C50F6EEF6E4CE1F592221,32,0.4858585858585858,2026-08-21 02:27:50.168424,2026-08-21 02:27:57.180184,0 days 00:00:07.011760,9.0,0.6449725389656956,3.0,2.0,402.0,0,0.47882552230378317,0.4858585858585858,0.6612912710099411,3,0.47298662760123206,0.4477378408708663,0.6226366604250998,COMPLETE,,,,,,,,,,,,,
RF,4,task_b_source_connected_class_neutral_v6_rigorous_A2CFC6311C18_outer4_RF,A2CFC6311C185EAA2F17BA13E733D522713F64F2850C50F6EEF6E4CE1F592221,33,0.5015082956259427,2026-08-21 02:27:57.335994,2026-08-21 02:28:05.620379,0 days 00:00:08.284385,5.0,0.8704964467236588,3.0,3.0,436.0,0,0.49745906267645396,0.5015082956259427,0.6460271943647903,3,0.505134850875216,0.48431051635381506,0.6434877668387,COMPLETE,,,,,,,,,,,,,
RF,4,task_b_source_connected_class_neutral_v6_rigorous_A2CFC6311C18_outer4_RF,A2CFC6311C185EAA2F17BA13E733D522713F64F2850C50F6EEF6E4CE1F592221,34,0.4858585858585858,2026-08-21 02:28:05.832754,2026-08-21 02:28:15.401474,0 days 00:00:09.568720,7.0,0.7780931207700366,1.0,6.0,476.0,0,0.47882552230378317,0.4858585858585858,0.6345402631847644,3,0.47063800616031853,0.44582712088244936,0.6109178382429089,COMPLETE,,,,,,,,,,,,,
RF,4,task_b_source_connected_class_neutral_v6_rigorous_A2CFC6311C18_outer4_RF,A2CFC6311C185EAA2F17BA13E733D522713F64F2850C50F6EEF6E4CE1F592221,35,0.4858585858585858,2026-08-21 02:28:15.556984,2026-08-21 02:28:26.333596,0 days 00:00:10.776612,11.0,0.7407737464139582,2.0,4.0,554.0,0,0.47882552230378317,0.4858585858585858,0.6657559642214373,3,0.4663952745849298,0.4395698196997196,0.6171812327769148,COMPLETE,,,,,,,,,,,,,
RF,4,task_b_source_connected_class_neutral_v6_rigorous_A2CFC6311C18_outer4_RF,A2CFC6311C185EAA2F17BA13E733D522713F64F2850C50F6EEF6E4CE1F592221,36,0.4858585858585858,2026-08-21 02:28:26.477615,2026-08-21 02:28:39.180848,0 days 00:00:12.703233,7.0,0.8508630141535394,4.0,3.0,648.0,0,0.47882552230378317,0.4858585858585858,0.6626013514760318,3,0.48444707384869656,0.4631917302253961,0.629000003524914,COMPLETE,,,,,,,,,,,,,
RF,4,task_b_source_connected_class_neutral_v6_rigorous_A2CFC6311C18_outer4_RF,A2CFC6311C185EAA2F17BA13E733D522713F64F2850C50F6EEF6E4CE1F592221,37,0.46063134978229314,2026-08-21 02:28:39.368043,2026-08-21 02:28:44.866955,0 days 00:00:05.498912,5.0,0.660399126721631,6.0,2.0,354.0,0,0.4671560323734236,0.46063134978229314,0.6382979718018081,3,0.5012470888738637,0.4796985828789045,0.6389385639575643,COMPLETE,,,,,,,,,,,,,
RF,4,task_b_source_connected_class_neutral_v6_rigorous_A2CFC6311C18_outer4_RF,A2CFC6311C185EAA2F17BA13E733D522713F64F2850C50F6EEF6E4CE1F592221,38,0.4858585858585858,2026-08-21 02:28:45.024542,2026-08-21 02:28:52.637067,0 days 00:00:07.612525,9.0,0.6083700223934779,2.0,21.0,483.0,0,0.47882552230378317,0.4858585858585858,0.6484455442255953,3,0.47530238148899406,0.45298675102716435,0.6277416663189789,COMPLETE,,,,,,,,,,,,,
RF,4,task_b_source_connected_class_neutral_v6_rigorous_A2CFC6311C18_outer4_RF,A2CFC6311C185EAA2F17BA13E733D522713F64F2850C50F6EEF6E4CE1F592221,39,0.47222222222222215,2026-08-21 02:28:52.786455,2026-08-21 02:29:01.905644,0 days 00:00:09.119189,13.0,0.7608663939089547,7.0,5.0,524.0,0,0.46433276868059475,0.47222222222222215,0.6676031413883076,3,0.49878108331455184,0.4818722794201353,0.6401056690557191,COMPLETE,,,,,,,,,,,,,
RF,4,task_b_source_connected_class_neutral_v6_rigorous_A2CFC6311C18_outer4_RF,A2CFC6311C185EAA2F17BA13E733D522713F64F2850C50F6EEF6E4CE1F592221,40,0.4858585858585858,2026-08-21 02:29:02.056178,2026-08-21 02:29:11.206372,0 days 00:00:09.150194,10.0,0.8158515241419599,1.0,7.0,425.0,0,0.47882552230378317,0.4858585858585858,0.6490817319461821,3,0.4658712718803997,0.43938412632974616,0.6068970757549114,COMPLETE,,,,,,,,,,,,,
RF,4,task_b_source_connected_class_neutral_v6_rigorous_A2CFC6311C18_outer4_RF,A2CFC6311C185EAA2F17BA13E733D522713F64F2850C50F6EEF6E4CE1F592221,41,0.5384615384615384,2026-08-21 02:29:11.374190,2026-08-21 02:29:17.144927,0 days 00:00:05.770737,5.0,0.8778960806803646,3.0,3.0,301.0,0,0.5277620929794843,0.5384615384615384,0.6429968913344872,3,0.5128427616257231,0.49318205540250065,0.6431712309133036,COMPLETE,,,,,,,,,,,,,
RF,4,task_b_source_connected_class_neutral_v6_rigorous_A2CFC6311C18_outer4_RF,A2CFC6311C185EAA2F17BA13E733D522713F64F2850C50F6EEF6E4CE1F592221,42,0.4858585858585858,2026-08-21 02:29:17.299394,2026-08-21 02:29:23.513485,0 days 00:00:06.214091,6.0,0.9160012272218752,3.0,3.0,305.0,0,0.47882552230378317,0.4858585858585858,0.6427919433034522,3,0.4886898054240853,0.46792166207660624,0.6282113813694747,COMPLETE,,,,,,,,,,,,,
RF,4,task_b_source_connected_class_neutral_v6_rigorous_A2CFC6311C18_outer4_RF,A2CFC6311C185EAA2F17BA13E733D522713F64F2850C50F6EEF6E4CE1F592221,43,0.4858585858585858,2026-08-21 02:29:23.674925,2026-08-21 02:29:31.015836,0 days 00:00:07.340911,7.0,0.8343502056911062,4.0,4.0,368.0,0,0.47882552230378317,0.4858585858585858,0.6730976184940379,3,0.4830102922395012,0.4613174233310689,0.6316503394787006,COMPLETE,,,,,,,,,,,,,
RF,4,task_b_source_connected_class_neutral_v6_rigorous_A2CFC6311C18_outer4_RF,A2CFC6311C185EAA2F17BA13E733D522713F64F2850C50F6EEF6E4CE1F592221,44,0.514876632801161,2026-08-21 02:29:31.165009,2026-08-21 02:29:37.668133,0 days 00:00:06.503124,5.0,0.89366255059958,2.0,2.0,346.0,0,0.5119518162996424,0.514876632801161,0.6417964814384253,3,0.5075520246412741,0.4870470241166167,0.6369797996020229,COMPLETE,,,,,,,,,,,,,
RF,4,task_b_source_connected_class_neutral_v6_rigorous_A2CFC6311C18_outer4_RF,A2CFC6311C185EAA2F17BA13E733D522713F64F2850C50F6EEF6E4CE1F592221,45,0.4858585858585858,2026-08-21 02:29:37.818642,2026-08-21 02:29:45.322895,0 days 00:00:07.504253,9.0,0.9069612031795456,3.0,5.0,335.0,0,0.47882552230378317,0.4858585858585858,0.65446413963038,3,0.48546127263165806,0.4637294745705394,0.6225422026291886,COMPLETE,,,,,,,,,,,,,
RF,4,task_b_source_connected_class_neutral_v6_rigorous_A2CFC6311C18_outer4_RF,A2CFC6311C185EAA2F17BA13E733D522713F64F2850C50F6EEF6E4CE1F592221,46,0.47222222222222215,2026-08-21 02:29:45.474433,2026-08-21 02:30:08.479040,0 days 00:00:23.004607,6.0,0.8901946682273664,5.0,3.0,1186.0,0,0.46433276868059475,0.47222222222222215,0.6672565996095408,3,0.4920535647209075,0.47202573756506744,0.6369857789215176,COMPLETE,,,,,,,,,,,,,
RF,4,task_b_source_connected_class_neutral_v6_rigorous_A2CFC6311C18_outer4_RF,A2CFC6311C185EAA2F17BA13E733D522713F64F2850C50F6EEF6E4CE1F592221,47,0.4635945815191098,2026-08-21 02:30:08.622310,2026-08-21 02:30:14.138457,0 days 00:00:05.516147,11.0,0.859336528588945,9.0,7.0,302.0,0,0.46433276868059475,0.4635945815191098,0.6505898099248483,3,0.50390184809556,0.4860074460771959,0.6409214440975339,COMPLETE,,,,,,,,,,,,,
RF,4,task_b_source_connected_class_neutral_v6_rigorous_A2CFC6311C18_outer4_RF,A2CFC6311C185EAA2F17BA13E733D522713F64F2850C50F6EEF6E4CE1F592221,48,0.4858585858585858,2026-08-21 02:30:14.292747,2026-08-21 02:30:21.047215,0 days 00:00:06.754468,8.0,0.8063531880947775,4.0,20.0,353.0,0,0.47882552230378317,0.4858585858585858,0.6768942008072442,3,0.48770941326722256,0.4680597745428199,0.6348817365655798,COMPLETE,,,,,,,,,,,,,
RF,4,task_b_source_connected_class_neutral_v6_rigorous_A2CFC6311C18_outer4_RF,A2CFC6311C185EAA2F17BA13E733D522713F64F2850C50F6EEF6E4CE1F592221,49,0.4858585858585858,2026-08-21 02:30:21.205441,2026-08-21 02:30:30.307596,0 days 00:00:09.102155,7.0,0.9377211003762899,1.0,9.0,393.0,0,0.47882552230378317,0.4858585858585858,0.635955462553928,3,0.4807630906768838,0.4589133292150531,0.6106763238593168,COMPLETE,,,,,,,,,,,,,
RF,4,task_b_source_connected_class_neutral_v6_rigorous_A2CFC6311C18_outer4_RF,A2CFC6311C185EAA2F17BA13E733D522713F64F2850C50F6EEF6E4CE1F592221,50,0.44047619047619047,2026-08-21 02:30:30.506093,2026-08-21 02:30:36.241722,0 days 00:00:05.735629,6.0,0.4071509857557861,2.0,16.0,490.0,0,0.44852249200075284,0.44047619047619047,0.6099057189850029,3,0.4671052137330028,0.4451710922534377,0.6207736632484131,COMPLETE,,,,,,,,,,,,,
RF,4,task_b_source_connected_class_neutral_v6_rigorous_A2CFC6311C18_outer4_RF,A2CFC6311C185EAA2F17BA13E733D522713F64F2850C50F6EEF6E4CE1F592221,51,0.5015082956259427,2026-08-21 02:30:36.403973,2026-08-21 02:30:43.293420,0 days 00:00:06.889447,5.0,0.6847417915887624,2.0,2.0,416.0,0,0.49745906267645396,0.5015082956259427,0.6331769159134888,3,0.4935391781233566,0.4707324251125196,0.6352433838536067,COMPLETE,,,,,,,,,,,,,
RF,4,task_b_source_connected_class_neutral_v6_rigorous_A2CFC6311C18_outer4_RF,A2CFC6311C185EAA2F17BA13E733D522713F64F2850C50F6EEF6E4CE1F592221,52,0.5015082956259427,2026-08-21 02:30:43.456405,2026-08-21 02:30:51.059947,0 days 00:00:07.603542,5.0,0.7600724084170551,3.0,3.0,451.0,0,0.49745906267645396,0.5015082956259427,0.64675964369059,3,0.5046446547967847,0.4846191906198025,0.640197071363069,COMPLETE,,,,,,,,,,,,,
RF,4,task_b_source_connected_class_neutral_v6_rigorous_A2CFC6311C18_outer4_RF,A2CFC6311C185EAA2F17BA13E733D522713F64F2850C50F6EEF6E4CE1F592221,53,0.4858585858585858,2026-08-21 02:30:51.229110,2026-08-21 02:30:56.029388,0 days 00:00:04.800278,6.0,0.5323657019281629,1.0,2.0,338.0,0,0.47882552230378317,0.4858585858585858,0.6139285929567259,3,0.4715507850649838,0.44857197735551474,0.6156182358826338,COMPLETE,,,,,,,,,,,,,
RF,4,task_b_source_connected_class_neutral_v6_rigorous_A2CFC6311C18_outer4_RF,A2CFC6311C185EAA2F17BA13E733D522713F64F2850C50F6EEF6E4CE1F592221,54,0.47730294396961065,2026-08-21 02:30:56.199364,2026-08-21 02:31:02.316428,0 days 00:00:06.117064,9.0,0.5833644562294029,2.0,4.0,371.0,0,0.47882552230378317,0.47730294396961065,0.6487942388198144,3,0.4689486139283299,0.44435327177552103,0.6158943151034295,COMPLETE,,,,,,,,,,,,,
RF,4,task_b_source_connected_class_neutral_v6_rigorous_A2CFC6311C18_outer4_RF,A2CFC6311C185EAA2F17BA13E733D522713F64F2850C50F6EEF6E4CE1F592221,55,0.47730294396961065,2026-08-21 02:31:02.460730,2026-08-21 02:31:20.128118,0 days 00:00:17.667388,20.0,0.6393633874087131,3.0,5.0,1071.0,0,0.47882552230378317,0.47730294396961065,0.6750741491150697,3,0.4739670197580948,0.44877261985947364,0.6275024605592684,COMPLETE,,,,,,,,,,,,,
RF,4,task_b_source_connected_class_neutral_v6_rigorous_A2CFC6311C18_outer4_RF,A2CFC6311C185EAA2F17BA13E733D522713F64F2850C50F6EEF6E4CE1F592221,56,0.4858585858585858,2026-08-21 02:31:20.274957,2026-08-21 02:31:32.815995,0 days 00:00:12.541038,8.0,0.8364754633032095,2.0,2.0,598.0,0,0.47882552230378317,0.4858585858585858,0.6581092867537881,3,0.47354537600480806,0.4501273958849161,0.6183148647339473,COMPLETE,,,,,,,,,,,,,
RF,4,task_b_source_connected_class_neutral_v6_rigorous_A2CFC6311C18_outer4_RF,A2CFC6311C185EAA2F17BA13E733D522713F64F2850C50F6EEF6E4CE1F592221,57,0.4858585858585858,2026-08-21 02:31:32.964462,2026-08-21 02:31:40.831733,0 days 00:00:07.867271,16.0,0.708247920950654,4.0,4.0,414.0,0,0.47882552230378317,0.4858585858585858,0.6807102199685321,3,0.47771955525505216,0.4540789141510138,0.6335693580198922,COMPLETE,,,,,,,,,,,,,
RF,4,task_b_source_connected_class_neutral_v6_rigorous_A2CFC6311C18_outer4_RF,A2CFC6311C185EAA2F17BA13E733D522713F64F2850C50F6EEF6E4CE1F592221,58,0.4858585858585858,2026-08-21 02:31:41.018773,2026-08-21 02:31:51.966689,0 days 00:00:10.947916,7.0,0.4801503637113969,1.0,6.0,803.0,0,0.47882552230378317,0.4858585858585858,0.6236002701475847,3,0.46744421906693717,0.4430594940606655,0.6134816398988612,COMPLETE,,,,,,,,,,,,,
RF,4,task_b_source_connected_class_neutral_v6_rigorous_A2CFC6311C18_outer4_RF,A2CFC6311C185EAA2F17BA13E733D522713F64F2850C50F6EEF6E4CE1F592221,59,0.5015082956259427,2026-08-21 02:31:52.129027,2026-08-21 02:31:57.372423,0 days 00:00:05.243396,5.0,0.6257755194032553,2.0,3.0,334.0,0,0.49745906267645396,0.5015082956259427,0.6167781825070827,3,0.4978495229509428,0.4754586041150904,0.636179164972667,COMPLETE,,,,,,,,,,,,,
SVM,4,task_b_source_connected_class_neutral_v6_rigorous_A2CFC6311C18_outer4_SVM,A2CFC6311C185EAA2F17BA13E733D522713F64F2850C50F6EEF6E4CE1F592221,0,0.4216524216524216,2026-08-21 02:32:00.426713,2026-08-21 02:32:00.748857,0 days 00:00:00.322144,,,,,,0,0.4152079804253717,0.4216524216524216,0.5717495254579654,3,0.380094470738487,0.3799869947363114,0.547449043797916,COMPLETE,174.75133889248997,0.0021446433364504694,,,,,,,,,,,
SVM,4,task_b_source_connected_class_neutral_v6_rigorous_A2CFC6311C18_outer4_SVM,A2CFC6311C185EAA2F17BA13E733D522713F64F2850C50F6EEF6E4CE1F592221,1,0.2754954954954955,2026-08-21 02:32:00.906190,2026-08-21 02:32:01.419297,0 days 00:00:00.513107,,,,,,0,0.3035949557688688,0.2754954954954955,0.55743256459369,3,0.4881902186161821,0.4509835561038044,0.704249320467913,COMPLETE,0.054658543233007936,0.0009541840995601833,,,,,,,,,,,
SVM,4,task_b_source_connected_class_neutral_v6_rigorous_A2CFC6311C18_outer4_SVM,A2CFC6311C185EAA2F17BA13E733D522713F64F2850C50F6EEF6E4CE1F592221,2,0.322655989322656,2026-08-21 02:32:01.562274,2026-08-21 02:32:01.867472,0 days 00:00:00.305198,,,,,,0,0.39883305100696403,0.322655989322656,0.5598722580819767,3,0.5217949440312523,0.46613144184626676,0.70594465221986,COMPLETE,0.035785307209958164,0.0008287993966674526,,,,,,,,,,,
SVM,4,task_b_source_connected_class_neutral_v6_rigorous_A2CFC6311C18_outer4_SVM,A2CFC6311C185EAA2F17BA13E733D522713F64F2850C50F6EEF6E4CE1F592221,3,0.27980922098569155,2026-08-21 02:32:02.030724,2026-08-21 02:32:02.657438,0 days 00:00:00.626714,,,,,,0,0.4161490683229814,0.27980922098569155,0.5526210835673752,3,0.555718954248366,0.4049572131231467,0.7047731461029522,COMPLETE,0.019133077729446144,0.0002664604488776132,,,,,,,,,,,
SVM,4,task_b_source_connected_class_neutral_v6_rigorous_A2CFC6311C18_outer4_SVM,A2CFC6311C185EAA2F17BA13E733D522713F64F2850C50F6EEF6E4CE1F592221,4,0.23958333333333334,2026-08-21 02:32:02.817014,2026-08-21 02:32:03.288778,0 days 00:00:00.471764,,,,,,0,0.3333333333333333,0.23958333333333334,0.4572139000527747,3,0.3300860190819623,0.26879853273817783,0.3846769513450535,COMPLETE,97.45960066883278,0.6449738711379134,,,,,,,,,,,
SVM,4,task_b_source_connected_class_neutral_v6_rigorous_A2CFC6311C18_outer4_SVM,A2CFC6311C185EAA2F17BA13E733D522713F64F2850C50F6EEF6E4CE1F592221,5,0.29693486590038315,2026-08-21 02:32:03.460021,2026-08-21 02:32:03.863025,0 days 00:00:00.403004,,,,,,0,0.3346508563899868,0.29693486590038315,0.5313159607277255,3,0.2819791901434903,0.28976196863207965,0.48180918253863697,COMPLETE,30.533270362938968,0.05020787700571247,,,,,,,,,,,
SVM,4,task_b_source_connected_class_neutral_v6_rigorous_A2CFC6311C18_outer4_SVM,A2CFC6311C185EAA2F17BA13E733D522713F64F2850C50F6EEF6E4CE1F592221,6,0.27980922098569155,2026-08-21 02:32:04.015182,2026-08-21 02:32:04.562580,0 days 00:00:00.547398,,,,,,0,0.4161490683229814,0.27980922098569155,0.5534262365464412,3,0.555718954248366,0.4049572131231467,0.7045195399336234,COMPLETE,0.020602563946454107,0.0002745813430586643,,,,,,,,,,,
SVM,4,task_b_source_connected_class_neutral_v6_rigorous_A2CFC6311C18_outer4_SVM,A2CFC6311C185EAA2F17BA13E733D522713F64F2850C50F6EEF6E4CE1F592221,7,0.23958333333333334,2026-08-21 02:32:04.718326,2026-08-21 02:32:05.448047,0 days 00:00:00.729721,,,,,,0,0.3333333333333333,0.23958333333333334,0.46145925212421374,3,0.3299019607843137,0.2596450617283951,0.38182743697006377,COMPLETE,25.64779250680322,0.9347135194905781,,,,,,,,,,,
SVM,4,task_b_source_connected_class_neutral_v6_rigorous_A2CFC6311C18_outer4_SVM,A2CFC6311C185EAA2F17BA13E733D522713F64F2850C50F6EEF6E4CE1F592221,8,0.24909222948438636,2026-08-21 02:32:05.611665,2026-08-21 02:32:06.159329,0 days 00:00:00.547664,,,,,,0,0.2939958592132505,0.24909222948438636,0.4703282982055361,3,0.36074393358876117,0.32443433800410687,0.5360742867257692,COMPLETE,0.3837949082312752,0.45279100924546606,,,,,,,,,,,
SVM,4,task_b_source_connected_class_neutral_v6_rigorous_A2CFC6311C18_outer4_SVM,A2CFC6311C185EAA2F17BA13E733D522713F64F2850C50F6EEF6E4CE1F592221,9,0.35327635327635326,2026-08-21 02:32:06.297995,2026-08-21 02:32:06.834185,0 days 00:00:00.536190,,,,,,0,0.35309617918313574,0.35327635327635326,0.5814661042282526,3,0.3684941026218917,0.37009413015604964,0.5470445782998054,COMPLETE,67.64348841638616,0.0022678531540358464,,,,,,,,,,,
SVM,4,task_b_source_connected_class_neutral_v6_rigorous_A2CFC6311C18_outer4_SVM,A2CFC6311C185EAA2F17BA13E733D522713F64F2850C50F6EEF6E4CE1F592221,10,0.4431818181818182,2026-08-21 02:32:06.981188,2026-08-21 02:32:07.376933,0 days 00:00:00.395745,,,,,,0,0.4524750611707133,0.4431818181818182,0.6178475782056344,3,0.4259728795732853,0.41739881861783523,0.6104835503720825,COMPLETE,839.9074157851566,1.3586291058525148e-05,,,,,,,,,,,
SVM,4,task_b_source_connected_class_neutral_v6_rigorous_A2CFC6311C18_outer4_SVM,A2CFC6311C185EAA2F17BA13E733D522713F64F2850C50F6EEF6E4CE1F592221,11,0.4431818181818182,2026-08-21 02:32:07.514835,2026-08-21 02:32:07.821824,0 days 00:00:00.306989,,,,,,0,0.4524750611707133,0.4431818181818182,0.6176426301745995,3,0.422609120276463,0.4142903011518913,0.6105806933809098,COMPLETE,793.7586202638681,1.4011822518085697e-05,,,,,,,,,,,
SVM,4,task_b_source_connected_class_neutral_v6_rigorous_A2CFC6311C18_outer4_SVM,A2CFC6311C185EAA2F17BA13E733D522713F64F2850C50F6EEF6E4CE1F592221,12,0.4431818181818182,2026-08-21 02:32:07.980447,2026-08-21 02:32:08.398547,0 days 00:00:00.418100,,,,,,0,0.4524750611707133,0.4431818181818182,0.6194578841637665,3,0.4211385320411689,0.41243751271774437,0.6121463123702732,COMPLETE,929.3774379874865,1.1288268572406198e-05,,,,,,,,,,,
SVM,4,task_b_source_connected_class_neutral_v6_rigorous_A2CFC6311C18_outer4_SVM,A2CFC6311C185EAA2F17BA13E733D522713F64F2850C50F6EEF6E4CE1F592221,13,0.4098548510313216,2026-08-21 02:32:08.566460,2026-08-21 02:32:08.974631,0 days 00:00:00.408171,,,,,,0,0.422172030867683,0.4098548510313216,0.6109964583110363,3,0.4299752084741943,0.42104546107321744,0.6137100283262432,COMPLETE,729.3224944726497,1.1980729345936875e-05,,,,,,,,,,,
SVM,4,task_b_source_connected_class_neutral_v6_rigorous_A2CFC6311C18_outer4_SVM,A2CFC6311C185EAA2F17BA13E733D522713F64F2850C50F6EEF6E4CE1F592221,14,0.3901234567901235,2026-08-21 02:32:09.125217,2026-08-21 02:32:09.615046,0 days 00:00:00.489829,,,,,,0,0.44344061735366086,0.3901234567901235,0.6044259425333595,3,0.48667455487942296,0.45123233135827423,0.6614997031758302,COMPLETE,4.116001893843001,7.802725290729233e-05,,,,,,,,,,,
SVM,4,task_b_source_connected_class_neutral_v6_rigorous_A2CFC6311C18_outer4_SVM,A2CFC6311C185EAA2F17BA13E733D522713F64F2850C50F6EEF6E4CE1F592221,15,0.4096866096866097,2026-08-21 02:32:09.776499,2026-08-21 02:32:10.200688,0 days 00:00:00.424189,,,,,,0,0.4579333709768492,0.4096866096866097,0.6142200226599205,3,0.5336244459469611,0.5056146299959466,0.684662162273921,COMPLETE,6.260250756196909,3.818445431069992e-05,,,,,,,,,,,
SVM,4,task_b_source_connected_class_neutral_v6_rigorous_A2CFC6311C18_outer4_SVM,A2CFC6311C185EAA2F17BA13E733D522713F64F2850C50F6EEF6E4CE1F592221,16,0.285200179937022,2026-08-21 02:32:10.384979,2026-08-21 02:32:10.832235,0 days 00:00:00.447256,,,,,,0,0.3201581027667984,0.285200179937022,0.5810993874932494,3,0.3336244459469612,0.3425779845259485,0.5369285771251838,COMPLETE,232.436066739519,0.017228739113283015,,,,,,,,,,,
SVM,4,task_b_source_connected_class_neutral_v6_rigorous_A2CFC6311C18_outer4_SVM,A2CFC6311C185EAA2F17BA13E733D522713F64F2850C50F6EEF6E4CE1F592221,17,0.28404558404558405,2026-08-21 02:32:10.986085,2026-08-21 02:32:11.429187,0 days 00:00:00.443102,,,,,,0,0.336721249764728,0.28404558404558405,0.5800174439560629,3,0.49171080309518445,0.43301381660727856,0.697848324059331,COMPLETE,1.1852900061832488,6.064189888530037e-05,,,,,,,,,,,
SVM,4,task_b_source_connected_class_neutral_v6_rigorous_A2CFC6311C18_outer4_SVM,A2CFC6311C185EAA2F17BA13E733D522713F64F2850C50F6EEF6E4CE1F592221,18,0.326984126984127,2026-08-21 02:32:11.569066,2026-08-21 02:32:11.899511,0 days 00:00:00.330445,,,,,,0,0.3504611330698287,0.326984126984127,0.5838520388392512,3,0.3384587934790775,0.34729500347312864,0.5437778714446013,COMPLETE,301.7877316905635,0.014246468280116678,,,,,,,,,,,
SVM,4,task_b_source_connected_class_neutral_v6_rigorous_A2CFC6311C18_outer4_SVM,A2CFC6311C185EAA2F17BA13E733D522713F64F2850C50F6EEF6E4CE1F592221,19,0.4128306878306878,2026-08-21 02:32:12.252257,2026-08-21 02:32:12.776254,0 days 00:00:00.523997,,,,,,0,0.422172030867683,0.4128306878306878,0.5837883155018705,3,0.4587643678160919,0.44942086673760134,0.6035051464722981,COMPLETE,14.93228874045542,0.000130328603852237,,,,,,,,,,,
SVM,4,task_b_source_connected_class_neutral_v6_rigorous_A2CFC6311C18_outer4_SVM,A2CFC6311C185EAA2F17BA13E733D522713F64F2850C50F6EEF6E4CE1F592221,20,0.27980922098569155,2026-08-21 02:32:12.970268,2026-08-21 02:32:13.316924,0 days 00:00:00.346656,,,,,,0,0.4161490683229814,0.27980922098569155,0.5633222986164163,3,0.5372004357298475,0.3964075958373394,0.7168904230137979,COMPLETE,0.19820636567276653,2.5730388200058097e-05,,,,,,,,,,,
SVM,4,task_b_source_connected_class_neutral_v6_rigorous_A2CFC6311C18_outer4_SVM,A2CFC6311C185EAA2F17BA13E733D522713F64F2850C50F6EEF6E4CE1F592221,21,0.4098548510313216,2026-08-21 02:32:13.487491,2026-08-21 02:32:13.936882,0 days 00:00:00.449391,,,,,,0,0.422172030867683,0.4098548510313216,0.613202171514192,3,0.4290286229434302,0.4204854312236228,0.6150478845120922,COMPLETE,799.3721384390254,1.088545630519278e-05,,,,,,,,,,,
SVM,4,task_b_source_connected_class_neutral_v6_rigorous_A2CFC6311C18_outer4_SVM,A2CFC6311C185EAA2F17BA13E733D522713F64F2850C50F6EEF6E4CE1F592221,22,0.463216011042098,2026-08-21 02:32:14.102922,2026-08-21 02:32:14.555476,0 days 00:00:00.452554,,,,,,0,0.46696781479390176,0.463216011042098,0.6153193117387491,3,0.4248788595898129,0.41568524197462026,0.6024874992191988,COMPLETE,966.4197194948197,2.3024997500608265e-05,,,,,,,,,,,
SVM,4,task_b_source_connected_class_neutral_v6_rigorous_A2CFC6311C18_outer4_SVM,A2CFC6311C185EAA2F17BA13E733D522713F64F2850C50F6EEF6E4CE1F592221,23,0.4098548510313216,2026-08-21 02:32:14.737642,2026-08-21 02:32:15.276051,0 days 00:00:00.538409,,,,,,0,0.422172030867683,0.4098548510313216,0.6136168652792694,3,0.42488918939223197,0.4169739800023242,0.606227482771505,COMPLETE,333.8738980921296,2.7223712910218333e-05,,,,,,,,,,,
SVM,4,task_b_source_connected_class_neutral_v6_rigorous_A2CFC6311C18_outer4_SVM,A2CFC6311C185EAA2F17BA13E733D522713F64F2850C50F6EEF6E4CE1F592221,24,0.4269885406134142,2026-08-21 02:32:15.438533,2026-08-21 02:32:15.806822,0 days 00:00:00.368289,,,,,,0,0.43798230754752493,0.4269885406134142,0.5843471863932223,3,0.4105457891969048,0.40236249256007167,0.5767990935141708,COMPLETE,74.35263514491993,0.00018138867717556263,,,,,,,,,,,
SVM,4,task_b_source_connected_class_neutral_v6_rigorous_A2CFC6311C18_outer4_SVM,A2CFC6311C185EAA2F17BA13E733D522713F64F2850C50F6EEF6E4CE1F592221,25,0.4462450592885376,2026-08-21 02:32:15.995493,2026-08-21 02:32:16.570892,0 days 00:00:00.575399,,,,,,0,0.4524750611707133,0.4462450592885376,0.617852375908642,3,0.42088686049132296,0.4135481805714209,0.6051698826363938,COMPLETE,489.7471705770302,2.5561343105094898e-05,,,,,,,,,,,
SVM,4,task_b_source_connected_class_neutral_v6_rigorous_A2CFC6311C18_outer4_SVM,A2CFC6311C185EAA2F17BA13E733D522713F64F2850C50F6EEF6E4CE1F592221,26,0.4216524216524216,2026-08-21 02:32:16.759600,2026-08-21 02:32:17.333661,0 days 00:00:00.574061,,,,,,0,0.4152079804253717,0.4216524216524216,0.5881509037519268,3,0.4268931710615281,0.41824897317465276,0.5675040081984464,COMPLETE,373.536663555825,0.0005635659703300676,,,,,,,,,,,
SVM,4,task_b_source_connected_class_neutral_v6_rigorous_A2CFC6311C18_outer4_SVM,A2CFC6311C185EAA2F17BA13E733D522713F64F2850C50F6EEF6E4CE1F592221,27,0.4431818181818182,2026-08-21 02:32:17.499741,2026-08-21 02:32:17.933178,0 days 00:00:00.433437,,,,,,0,0.4524750611707133,0.4431818181818182,0.6067609476816638,3,0.4160525129592066,0.4083681444549252,0.5929044838480758,COMPLETE,141.02386320328756,7.311049776031317e-05,,,,,,,,,,,
SVM,4,task_b_source_connected_class_neutral_v6_rigorous_A2CFC6311C18_outer4_SVM,A2CFC6311C185EAA2F17BA13E733D522713F64F2850C50F6EEF6E4CE1F592221,28,0.4490705373058314,2026-08-21 02:32:18.110043,2026-08-21 02:32:18.745060,0 days 00:00:00.635017,,,,,,0,0.4697910784867306,0.4490705373058314,0.5920304002145435,3,0.4679541356772594,0.45771616892379097,0.6144619857543453,COMPLETE,48.49629183211846,3.486534381615557e-05,,,,,,,,,,,
SVM,4,task_b_source_connected_class_neutral_v6_rigorous_A2CFC6311C18_outer4_SVM,A2CFC6311C185EAA2F17BA13E733D522713F64F2850C50F6EEF6E4CE1F592221,29,0.3790849673202614,2026-08-21 02:32:18.917128,2026-08-21 02:32:19.391594,0 days 00:00:00.474466,,,,,,0,0.3820816864295125,0.3790849673202614,0.5722732131939293,3,0.3561199383968147,0.36043722505671766,0.5488990525043203,COMPLETE,9.958927123899569,0.008329992452159773,,,,,,,,,,,
SVM,4,task_b_source_connected_class_neutral_v6_rigorous_A2CFC6311C18_outer4_SVM,A2CFC6311C185EAA2F17BA13E733D522713F64F2850C50F6EEF6E4CE1F592221,30,0.3620915032679739,2026-08-21 02:32:19.524630,2026-08-21 02:32:20.037902,0 days 00:00:00.513272,,,,,,0,0.3773762469414643,0.3620915032679739,0.5821005081874647,3,0.4767908121102847,0.46500675791236484,0.6266101295405417,COMPLETE,40.36984234824341,3.276060867259482e-05,,,,,,,,,,,
SVM,4,task_b_source_connected_class_neutral_v6_rigorous_A2CFC6311C18_outer4_SVM,A2CFC6311C185EAA2F17BA13E733D522713F64F2850C50F6EEF6E4CE1F592221,31,0.4462450592885376,2026-08-21 02:32:20.194764,2026-08-21 02:32:20.662400,0 days 00:00:00.467636,,,,,,0,0.4524750611707133,0.4462450592885376,0.604418192397732,3,0.41769589061678314,0.40773433908042617,0.5902655135405004,COMPLETE,180.85559965294127,9.707799210899835e-05,,,,,,,,,,,
SVM,4,task_b_source_connected_class_neutral_v6_rigorous_A2CFC6311C18_outer4_SVM,A2CFC6311C185EAA2F17BA13E733D522713F64F2850C50F6EEF6E4CE1F592221,32,0.4462450592885376,2026-08-21 02:32:20.827601,2026-08-21 02:32:21.315705,0 days 00:00:00.488104,,,,,,0,0.4524750611707133,0.4462450592885376,0.6056090068877792,3,0.4157003606040117,0.40617014585053274,0.5885065140941202,COMPLETE,163.42838233854567,0.00010168595519962082,,,,,,,,,,,
SVM,4,task_b_source_connected_class_neutral_v6_rigorous_A2CFC6311C18_outer4_SVM,A2CFC6311C185EAA2F17BA13E733D522713F64F2850C50F6EEF6E4CE1F592221,33,0.4269885406134142,2026-08-21 02:32:21.493803,2026-08-21 02:32:22.155084,0 days 00:00:00.661281,,,,,,0,0.43798230754752493,0.4269885406134142,0.6180866022298247,3,0.4217658327698895,0.4132294331253232,0.6007073023519528,COMPLETE,402.9156619516178,3.6868622838330824e-05,,,,,,,,,,,
SVM,4,task_b_source_connected_class_neutral_v6_rigorous_A2CFC6311C18_outer4_SVM,A2CFC6311C185EAA2F17BA13E733D522713F64F2850C50F6EEF6E4CE1F592221,34,0.4013787630808907,2026-08-21 02:32:22.328302,2026-08-21 02:32:22.865069,0 days 00:00:00.536767,,,,,,0,0.4020327498588368,0.4013787630808907,0.5513389897021611,3,0.38640598001652765,0.3779687324990399,0.5624516149461459,COMPLETE,56.00779350631851,0.0005083914668859897,,,,,,,,,,,
SVM,4,task_b_source_connected_class_neutral_v6_rigorous_A2CFC6311C18_outer4_SVM,A2CFC6311C185EAA2F17BA13E733D522713F64F2850C50F6EEF6E4CE1F592221,35,0.4183673469387755,2026-08-21 02:32:23.027568,2026-08-21 02:32:23.474981,0 days 00:00:00.447413,,,,,,0,0.4165255034820252,0.4183673469387755,0.5707212177800413,3,0.41475283600030055,0.4026459850205324,0.568440750073932,COMPLETE,148.87554328900944,0.00035012166801223234,,,,,,,,,,,
SVM,4,task_b_source_connected_class_neutral_v6_rigorous_A2CFC6311C18_outer4_SVM,A2CFC6311C185EAA2F17BA13E733D522713F64F2850C50F6EEF6E4CE1F592221,36,0.4013787630808907,2026-08-21 02:32:23.637555,2026-08-21 02:32:24.152845,0 days 00:00:00.515290,,,,,,0,0.4020327498588368,0.4013787630808907,0.5610591359951974,3,0.3649744572158366,0.35632426550011426,0.5507315373619576,COMPLETE,20.354396011952073,0.001455346933735983,,,,,,,,,,,
SVM,4,task_b_source_connected_class_neutral_v6_rigorous_A2CFC6311C18_outer4_SVM,A2CFC6311C185EAA2F17BA13E733D522713F64F2850C50F6EEF6E4CE1F592221,37,0.4269885406134142,2026-08-21 02:32:24.295574,2026-08-21 02:32:24.784074,0 days 00:00:00.488500,,,,,,0,0.43798230754752493,0.4269885406134142,0.5899978963917581,3,0.412404214559387,0.40437391284357976,0.5802645960091811,COMPLETE,95.49650277238963,0.0001416186433780797,,,,,,,,,,,
SVM,4,task_b_source_connected_class_neutral_v6_rigorous_A2CFC6311C18_outer4_SVM,A2CFC6311C185EAA2F17BA13E733D522713F64F2850C50F6EEF6E4CE1F592221,38,0.4496517974778844,2026-08-21 02:32:24.981805,2026-08-21 02:32:25.405679,0 days 00:00:00.423874,,,,,,0,0.4496517974778844,0.4496517974778844,0.6177347706759472,3,0.42577943054616485,0.4159978535732775,0.6003840438299025,COMPLETE,464.43013635387365,5.458304472189834e-05,,,,,,,,,,,
SVM,4,task_b_source_connected_class_neutral_v6_rigorous_A2CFC6311C18_outer4_SVM,A2CFC6311C185EAA2F17BA13E733D522713F64F2850C50F6EEF6E4CE1F592221,39,0.23391812865497075,2026-08-21 02:32:25.556895,2026-08-21 02:32:26.060035,0 days 00:00:00.503140,,,,,,0,0.2898550724637681,0.23391812865497075,0.46929144077481677,3,0.24354199534219814,0.24815017657128313,0.42429040100390786,COMPLETE,472.6817332556969,0.18665066347536022,,,,,,,,,,,
SVM,4,task_b_source_connected_class_neutral_v6_rigorous_A2CFC6311C18_outer4_SVM,A2CFC6311C185EAA2F17BA13E733D522713F64F2850C50F6EEF6E4CE1F592221,40,0.29981398402451037,2026-08-21 02:32:26.230565,2026-08-21 02:32:26.787469,0 days 00:00:00.556904,,,,,,0,0.3512140033879165,0.29981398402451037,0.5943832429765933,3,0.5106772594095109,0.46012952653268924,0.7047253764007865,COMPLETE,2.1955197768431622,2.25231352989763e-05,,,,,,,,,,,
SVM,4,task_b_source_connected_class_neutral_v6_rigorous_A2CFC6311C18_outer4_SVM,A2CFC6311C185EAA2F17BA13E733D522713F64F2850C50F6EEF6E4CE1F592221,41,0.4431818181818182,2026-08-21 02:32:26.941141,2026-08-21 02:32:27.572193,0 days 00:00:00.631052,,,,,,0,0.4524750611707133,0.4431818181818182,0.609410386903993,3,0.42085305386522426,0.4130033874183367,0.5979586358572333,COMPLETE,211.64405146625197,5.249253992944854e-05,,,,,,,,,,,
SVM,4,task_b_source_connected_class_neutral_v6_rigorous_A2CFC6311C18_outer4_SVM,A2CFC6311C185EAA2F17BA13E733D522713F64F2850C50F6EEF6E4CE1F592221,42,0.43891402714932126,2026-08-21 02:32:27.751988,2026-08-21 02:32:28.024788,0 days 00:00:00.272800,,,,,,0,0.42970073404856013,0.43891402714932126,0.5800506588230373,3,0.4263813763053114,0.41716960054453284,0.5793528209202258,COMPLETE,495.5581825042562,0.00020422488285642298,,,,,,,,,,,
SVM,4,task_b_source_connected_class_neutral_v6_rigorous_A2CFC6311C18_outer4_SVM,A2CFC6311C185EAA2F17BA13E733D522713F64F2850C50F6EEF6E4CE1F592221,43,0.4431818181818182,2026-08-21 02:32:28.227226,2026-08-21 02:32:28.687502,0 days 00:00:00.460276,,,,,,0,0.4524750611707133,0.4431818181818182,0.5902393807764651,3,0.46724701374802785,0.4586897645513064,0.6149393135071763,COMPLETE,126.21519112431847,1.9983802329482483e-05,,,,,,,,,,,
SVM,4,task_b_source_connected_class_neutral_v6_rigorous_A2CFC6311C18_outer4_SVM,A2CFC6311C185EAA2F17BA13E733D522713F64F2850C50F6EEF6E4CE1F592221,44,0.4431818181818182,2026-08-21 02:32:28.867261,2026-08-21 02:32:29.306959,0 days 00:00:00.439698,,,,,,0,0.4524750611707133,0.4431818181818182,0.5918496867345971,3,0.4742947562166629,0.4640677810085599,0.6105044072000382,COMPLETE,44.2185347360655,5.112205872868533e-05,,,,,,,,,,,
SVM,4,task_b_source_connected_class_neutral_v6_rigorous_A2CFC6311C18_outer4_SVM,A2CFC6311C185EAA2F17BA13E733D522713F64F2850C50F6EEF6E4CE1F592221,45,0.40047534165181226,2026-08-21 02:32:29.498244,2026-08-21 02:32:29.835907,0 days 00:00:00.337663,,,,,,0,0.39939770374552985,0.40047534165181226,0.5736631938677974,3,0.36498103072646676,0.3700841997762648,0.5475926827252965,COMPLETE,243.29145271106964,0.0042080855988339775,,,,,,,,,,,
SVM,4,task_b_source_connected_class_neutral_v6_rigorous_A2CFC6311C18_outer4_SVM,A2CFC6311C185EAA2F17BA13E733D522713F64F2850C50F6EEF6E4CE1F592221,46,0.44457671957671957,2026-08-21 02:32:30.010794,2026-08-21 02:32:30.562248,0 days 00:00:00.551454,,,,,,0,0.4524750611707133,0.44457671957671957,0.6273726179097023,3,0.4209901585155135,0.41310494861014363,0.6054115440341961,COMPLETE,995.4822825354751,1.8084030061134166e-05,,,,,,,,,,,
SVM,4,task_b_source_connected_class_neutral_v6_rigorous_A2CFC6311C18_outer4_SVM,A2CFC6311C185EAA2F17BA13E733D522713F64F2850C50F6EEF6E4CE1F592221,47,0.4496517974778844,2026-08-21 02:32:30.729475,2026-08-21 02:32:31.064314,0 days 00:00:00.334839,,,,,,0,0.4496517974778844,0.4496517974778844,0.6046411010605385,3,0.42223349109758845,0.41109973465901484,0.5898777467588306,COMPLETE,532.4011453805942,9.962865140498979e-05,,,,,,,,,,,
SVM,4,task_b_source_connected_class_neutral_v6_rigorous_A2CFC6311C18_outer4_SVM,A2CFC6311C185EAA2F17BA13E733D522713F64F2850C50F6EEF6E4CE1F592221,48,0.4567901234567901,2026-08-21 02:32:31.229734,2026-08-21 02:32:31.693436,0 days 00:00:00.463702,,,,,,0,0.4441934876717486,0.4567901234567901,0.582597624029849,3,0.40389339643903543,0.4003599950562497,0.5576343661167146,COMPLETE,486.29862099201074,0.0010412318910414146,,,,,,,,,,,
SVM,4,task_b_source_connected_class_neutral_v6_rigorous_A2CFC6311C18_outer4_SVM,A2CFC6311C185EAA2F17BA13E733D522713F64F2850C50F6EEF6E4CE1F592221,49,0.4216524216524216,2026-08-21 02:32:31.847335,2026-08-21 02:32:32.278793,0 days 00:00:00.431458,,,,,,0,0.4152079804253717,0.4216524216524216,0.5881705866360598,3,0.41220700924047776,0.4057431614621157,0.5684544812566281,COMPLETE,483.87076184112,0.00075624208937891,,,,,,,,,,,
SVM,4,task_b_source_connected_class_neutral_v6_rigorous_A2CFC6311C18_outer4_SVM,A2CFC6311C185EAA2F17BA13E733D522713F64F2850C50F6EEF6E4CE1F592221,50,0.45321637426900585,2026-08-21 02:32:32.455154,2026-08-21 02:32:32.811266,0 days 00:00:00.356112,,,,,,0,0.445511010728402,0.45321637426900585,0.5896592277666447,3,0.4145218240552926,0.405722813889453,0.5664946536808755,COMPLETE,85.84987718771696,0.0010361312205247602,,,,,,,,,,,
SVM,4,task_b_source_connected_class_neutral_v6_rigorous_A2CFC6311C18_outer4_SVM,A2CFC6311C185EAA2F17BA13E733D522713F64F2850C50F6EEF6E4CE1F592221,51,0.45321637426900585,2026-08-21 02:32:32.960130,2026-08-21 02:32:33.290169,0 days 00:00:00.330039,,,,,,0,0.445511010728402,0.45321637426900585,0.5741707662423775,3,0.40449815941702355,0.39877911293571594,0.5640190117312273,COMPLETE,86.22145824048107,0.0013758699714754444,,,,,,,,,,,
SVM,4,task_b_source_connected_class_neutral_v6_rigorous_A2CFC6311C18_outer4_SVM,A2CFC6311C185EAA2F17BA13E733D522713F64F2850C50F6EEF6E4CE1F592221,52,0.4216524216524216,2026-08-21 02:32:33.444646,2026-08-21 02:32:33.844870,0 days 00:00:00.400224,,,,,,0,0.4152079804253717,0.4216524216524216,0.5875850208331027,3,0.3695796709488393,0.37316381611584276,0.5519067059287012,COMPLETE,598.618468643349,0.001593248784164671,,,,,,,,,,,
SVM,4,task_b_source_connected_class_neutral_v6_rigorous_A2CFC6311C18_outer4_SVM,A2CFC6311C185EAA2F17BA13E733D522713F64F2850C50F6EEF6E4CE1F592221,53,0.35327635327635326,2026-08-21 02:32:34.011955,2026-08-21 02:32:34.303099,0 days 00:00:00.291144,,,,,,0,0.35309617918313574,0.35327635327635326,0.565074321340306,3,0.35120576966418754,0.3569649887254171,0.5380470941292087,COMPLETE,104.23829658918945,0.0031117954290870212,,,,,,,,,,,
SVM,4,task_b_source_connected_class_neutral_v6_rigorous_A2CFC6311C18_outer4_SVM,A2CFC6311C185EAA2F17BA13E733D522713F64F2850C50F6EEF6E4CE1F592221,54,0.4216524216524216,2026-08-21 02:32:34.507117,2026-08-21 02:32:34.895326,0 days 00:00:00.388209,,,,,,0,0.4152079804253717,0.4216524216524216,0.5760006593766184,3,0.415092780407182,0.4056302022397324,0.5746546155747293,COMPLETE,266.9762162413772,0.00032203155141748185,,,,,,,,,,,
SVM,4,task_b_source_connected_class_neutral_v6_rigorous_A2CFC6311C18_outer4_SVM,A2CFC6311C185EAA2F17BA13E733D522713F64F2850C50F6EEF6E4CE1F592221,55,0.4567901234567901,2026-08-21 02:32:35.070301,2026-08-21 02:32:35.405688,0 days 00:00:00.335387,,,,,,0,0.4441934876717486,0.4567901234567901,0.5936602660387826,3,0.4015438359251747,0.3999347089370891,0.5619434712489916,COMPLETE,661.6035985703325,0.00103743846310248,,,,,,,,,,,
SVM,4,task_b_source_connected_class_neutral_v6_rigorous_A2CFC6311C18_outer4_SVM,A2CFC6311C185EAA2F17BA13E733D522713F64F2850C50F6EEF6E4CE1F592221,56,0.2584045584045584,2026-08-21 02:32:35.593913,2026-08-21 02:32:36.194143,0 days 00:00:00.600230,,,,,,0,0.2891022021456804,0.2584045584045584,0.547565534777811,3,0.4592695890616783,0.41456220958536455,0.6867121491368797,COMPLETE,0.12607261568750927,0.0011235010898606635,,,,,,,,,,,
SVM,4,task_b_source_connected_class_neutral_v6_rigorous_A2CFC6311C18_outer4_SVM,A2CFC6311C185EAA2F17BA13E733D522713F64F2850C50F6EEF6E4CE1F592221,57,0.3994949494949495,2026-08-21 02:32:36.351477,2026-08-21 02:32:36.837620,0 days 00:00:00.486143,,,,,,0,0.4125729343120647,0.3994949494949495,0.5760834505080029,3,0.35624201787994886,0.3585178299364323,0.552890579814259,COMPLETE,993.1512056916441,0.006028989278530342,,,,,,,,,,,
SVM,4,task_b_source_connected_class_neutral_v6_rigorous_A2CFC6311C18_outer4_SVM,A2CFC6311C185EAA2F17BA13E733D522713F64F2850C50F6EEF6E4CE1F592221,58,0.4216524216524216,2026-08-21 02:32:36.996760,2026-08-21 02:32:37.369231,0 days 00:00:00.372471,,,,,,0,0.4152079804253717,0.4216524216524216,0.5858384109023494,3,0.3794624746450304,0.37892277616964726,0.558845591877568,COMPLETE,28.313796887347525,0.0019343242780273742,,,,,,,,,,,
SVM,4,task_b_source_connected_class_neutral_v6_rigorous_A2CFC6311C18_outer4_SVM,A2CFC6311C185EAA2F17BA13E733D522713F64F2850C50F6EEF6E4CE1F592221,59,0.29693486590038315,2026-08-21 02:32:37.510946,2026-08-21 02:32:37.784841,0 days 00:00:00.273895,,,,,,0,0.3346508563899868,0.29693486590038315,0.5580232971537319,3,0.30740928555330177,0.3133621799139041,0.5137646197982583,COMPLETE,85.48400113513782,0.025902331372348004,,,,,,,,,,,
MLP,4,task_b_source_connected_class_neutral_v6_rigorous_A2CFC6311C18_outer4_MLP,A2CFC6311C185EAA2F17BA13E733D522713F64F2850C50F6EEF6E4CE1F592221,0,0.34383753501400566,2026-08-21 02:32:38.233739,2026-08-21 02:33:07.741185,0 days 00:00:29.507446,,,,,,0,0.3662714097496706,0.34383753501400566,0.5964683985144342,3,0.4061950642325896,0.40527855229347765,0.5495600322051817,COMPLETE,,,7.129554109860851e-06,128.0,128.0,96.0,0.000175048246163851,,,,,,
MLP,4,task_b_source_connected_class_neutral_v6_rigorous_A2CFC6311C18_outer4_MLP,A2CFC6311C185EAA2F17BA13E733D522713F64F2850C50F6EEF6E4CE1F592221,1,0.3868778280542986,2026-08-21 02:33:07.902710,2026-08-21 02:33:25.651267,0 days 00:00:17.748557,,,,,,0,0.3849049501223414,0.3868778280542986,0.5830728426636355,3,0.37629498159417024,0.3762071728392972,0.5121352405816832,COMPLETE,,,0.00016406680165481982,64.0,64.0,32.0,0.00031848502894632567,,,,,,
MLP,4,task_b_source_connected_class_neutral_v6_rigorous_A2CFC6311C18_outer4_MLP,A2CFC6311C185EAA2F17BA13E733D522713F64F2850C50F6EEF6E4CE1F592221,2,0.38576630254882494,2026-08-21 02:33:25.793306,2026-08-21 02:33:31.900264,0 days 00:00:06.106958,,,,,,0,0.3849049501223414,0.38576630254882494,0.5991857436870225,3,0.35219273533168055,0.3532431708338532,0.5372602015629465,COMPLETE,,,0.0020750213560561826,64.0,96.0,96.0,0.00204834526363107,,,,,,
MLP,4,task_b_source_connected_class_neutral_v6_rigorous_A2CFC6311C18_outer4_MLP,A2CFC6311C185EAA2F17BA13E733D522713F64F2850C50F6EEF6E4CE1F592221,3,0.34383753501400566,2026-08-21 02:33:32.057134,2026-08-21 02:33:34.482338,0 days 00:00:02.425204,,,,,,0,0.3662714097496706,0.34383753501400566,0.6362863810434143,3,0.3716878897152731,0.3698455663301558,0.5369139332614733,COMPLETE,,,9.613464975961174e-06,256.0,96.0,64.0,0.004252285994084437,,,,,,
MLP,4,task_b_source_connected_class_neutral_v6_rigorous_A2CFC6311C18_outer4_MLP,A2CFC6311C185EAA2F17BA13E733D522713F64F2850C50F6EEF6E4CE1F592221,4,0.4216524216524216,2026-08-21 02:33:34.679992,2026-08-21 02:33:37.027570,0 days 00:00:02.347578,,,,,,0,0.4152079804253717,0.4216524216524216,0.6149616983376575,3,0.40162835249042145,0.3941292770647508,0.5538710770421956,COMPLETE,,,3.471502973223835e-06,128.0,128.0,32.0,0.019403200931891223,,,,,,
MLP,4,task_b_source_connected_class_neutral_v6_rigorous_A2CFC6311C18_outer4_MLP,A2CFC6311C185EAA2F17BA13E733D522713F64F2850C50F6EEF6E4CE1F592221,5,0.4344729344729344,2026-08-21 02:33:37.206327,2026-08-21 02:33:40.845545,0 days 00:00:03.639218,,,,,,0,0.42970073404856013,0.4344729344729344,0.5544868979651588,3,0.38223086169333637,0.37645222286295815,0.525163493271985,COMPLETE,,,0.002470908249483281,64.0,96.0,32.0,0.019756329579611143,,,,,,
MLP,4,task_b_source_connected_class_neutral_v6_rigorous_A2CFC6311C18_outer4_MLP,A2CFC6311C185EAA2F17BA13E733D522713F64F2850C50F6EEF6E4CE1F592221,6,0.25873015873015875,2026-08-21 02:33:41.019237,2026-08-21 02:34:09.553348,0 days 00:00:28.534111,,,,,,0,0.29117259552042163,0.25873015873015875,0.5760167747380024,3,0.37328713094433175,0.3725331775787118,0.5296650204833816,COMPLETE,,,6.251081579120053e-06,64.0,192.0,32.0,0.0001622210500239773,,,,,,
MLP,4,task_b_source_connected_class_neutral_v6_rigorous_A2CFC6311C18_outer4_MLP,A2CFC6311C185EAA2F17BA13E733D522713F64F2850C50F6EEF6E4CE1F592221,7,0.334841628959276,2026-08-21 02:34:09.702370,2026-08-21 02:34:16.239709,0 days 00:00:06.537339,,,,,,0,0.3401091661961227,0.334841628959276,0.5902381505962069,3,0.3904533844189017,0.3853407654847827,0.5597096712653542,COMPLETE,,,0.004445928983415745,64.0,160.0,32.0,0.010303223989343132,,,,,,
MLP,4,task_b_source_connected_class_neutral_v6_rigorous_A2CFC6311C18_outer4_MLP,A2CFC6311C185EAA2F17BA13E733D522713F64F2850C50F6EEF6E4CE1F592221,8,0.33752620545073375,2026-08-21 02:34:16.395641,2026-08-21 02:34:24.079071,0 days 00:00:07.683430,,,,,,0,0.35177865612648224,0.33752620545073375,0.5741285710595173,3,0.38764273908797237,0.38328733978716983,0.5388025941756913,COMPLETE,,,1.258714590707817e-06,64.0,192.0,64.0,0.001551237571332022,,,,,,
MLP,4,task_b_source_connected_class_neutral_v6_rigorous_A2CFC6311C18_outer4_MLP,A2CFC6311C185EAA2F17BA13E733D522713F64F2850C50F6EEF6E4CE1F592221,9,0.3209876543209877,2026-08-21 02:34:24.225661,2026-08-21 02:34:31.071148,0 days 00:00:06.845487,,,,,,0,0.33728590250329377,0.3209876543209877,0.6190712385085787,3,0.3695486815415821,0.368939816290655,0.5395854842537192,COMPLETE,,,1.955947553677254e-05,64.0,64.0,64.0,0.0012508400609744302,,,,,,
MLP,4,task_b_source_connected_class_neutral_v6_rigorous_A2CFC6311C18_outer4_MLP,A2CFC6311C185EAA2F17BA13E733D522713F64F2850C50F6EEF6E4CE1F592221,10,0.39999999999999997,2026-08-21 02:34:31.230667,2026-08-21 02:34:33.886179,0 days 00:00:02.655512,,,,,,0,0.39939770374552985,0.39999999999999997,0.5754294866826836,3,0.3944162722560289,0.39197713202596945,0.5364254303722817,COMPLETE,,,0.0005221477176300988,256.0,96.0,64.0,0.007712679011345991,,,,,,
MLP,4,task_b_source_connected_class_neutral_v6_rigorous_A2CFC6311C18_outer4_MLP,A2CFC6311C185EAA2F17BA13E733D522713F64F2850C50F6EEF6E4CE1F592221,11,0.43120055039559685,2026-08-21 02:34:34.037593,2026-08-21 02:34:36.086939,0 days 00:00:02.049346,,,,,,0,0.42970073404856013,0.43120055039559685,0.5755437704286809,3,0.39537976109984224,0.38638153998705427,0.5418739963052742,COMPLETE,,,7.637591583463015e-05,128.0,128.0,32.0,0.01794842265992157,,,,,,
MLP,4,task_b_source_connected_class_neutral_v6_rigorous_A2CFC6311C18_outer4_MLP,A2CFC6311C185EAA2F17BA13E733D522713F64F2850C50F6EEF6E4CE1F592221,12,0.4551732642742632,2026-08-21 02:34:36.272062,2026-08-21 02:34:38.509908,0 days 00:00:02.237846,,,,,,0,0.44701675136457747,0.4551732642742632,0.5905824165414958,3,0.4325839531214785,0.42737183013988983,0.5701037191245762,COMPLETE,,,6.500416238862108e-05,128.0,160.0,32.0,0.017289174112827838,,,,,,
MLP,4,task_b_source_connected_class_neutral_v6_rigorous_A2CFC6311C18_outer4_MLP,A2CFC6311C185EAA2F17BA13E733D522713F64F2850C50F6EEF6E4CE1F592221,13,0.34383753501400566,2026-08-21 02:34:38.677543,2026-08-21 02:34:42.137652,0 days 00:00:03.460109,,,,,,0,0.3662714097496706,0.34383753501400566,0.6053783480893455,3,0.4061978814514311,0.39946363799020806,0.5526066224291886,COMPLETE,,,0.0007403684482432698,128.0,160.0,32.0,0.004736878702883317,,,,,,
MLP,4,task_b_source_connected_class_neutral_v6_rigorous_A2CFC6311C18_outer4_MLP,A2CFC6311C185EAA2F17BA13E733D522713F64F2850C50F6EEF6E4CE1F592221,14,0.2932098765432099,2026-08-21 02:34:42.293982,2026-08-21 02:34:49.996988,0 days 00:00:07.703006,,,,,,0,0.3069828722002635,0.2932098765432099,0.6196908803046911,3,0.3903012546014574,0.3888805904690928,0.5596242037065488,COMPLETE,,,0.00943844705538021,128.0,160.0,64.0,0.0007849911860805911,,,,,,
MLP,4,task_b_source_connected_class_neutral_v6_rigorous_A2CFC6311C18_outer4_MLP,A2CFC6311C185EAA2F17BA13E733D522713F64F2850C50F6EEF6E4CE1F592221,15,0.32752360203340597,2026-08-21 02:34:50.145297,2026-08-21 02:34:52.109008,0 days 00:00:01.963711,,,,,,0,0.33728590250329377,0.32752360203340597,0.5201803690294738,3,0.35184246112238,0.34826226194194926,0.49470519776522504,COMPLETE,,,3.8600974062735015e-05,256.0,96.0,32.0,0.008054949836313071,,,,,,
MLP,4,task_b_source_connected_class_neutral_v6_rigorous_A2CFC6311C18_outer4_MLP,A2CFC6311C185EAA2F17BA13E733D522713F64F2850C50F6EEF6E4CE1F592221,16,0.4182995951417004,2026-08-21 02:34:52.284951,2026-08-21 02:34:55.134664,0 days 00:00:02.849713,,,,,,0,0.4152079804253717,0.4182995951417004,0.6071400892372759,3,0.4298136879272782,0.423581292553854,0.565649005369456,COMPLETE,,,0.00020831040258083853,128.0,128.0,32.0,0.003359474067630126,,,,,,
MLP,4,task_b_source_connected_class_neutral_v6_rigorous_A2CFC6311C18_outer4_MLP,A2CFC6311C185EAA2F17BA13E733D522713F64F2850C50F6EEF6E4CE1F592221,17,0.44017094017094016,2026-08-21 02:34:55.296643,2026-08-21 02:34:59.636966,0 days 00:00:04.340323,,,,,,0,0.432523997741389,0.44017094017094016,0.5804559417091387,3,0.39950792577567423,0.39451491045731785,0.5464274291209702,COMPLETE,,,0.0008258093428329837,64.0,160.0,96.0,0.012555227360986167,,,,,,
MLP,4,task_b_source_connected_class_neutral_v6_rigorous_A2CFC6311C18_outer4_MLP,A2CFC6311C185EAA2F17BA13E733D522713F64F2850C50F6EEF6E4CE1F592221,18,0.46581196581196577,2026-08-21 02:34:59.784601,2026-08-21 02:35:03.490434,0 days 00:00:03.705833,,,,,,0,0.46150950498776583,0.46581196581196577,0.5852104038804806,3,0.39829652167380364,0.39337425273487875,0.531850556750011,COMPLETE,,,0.0005826938062361116,128.0,160.0,96.0,0.009694623915726149,,,,,,
MLP,4,task_b_source_connected_class_neutral_v6_rigorous_A2CFC6311C18_outer4_MLP,A2CFC6311C185EAA2F17BA13E733D522713F64F2850C50F6EEF6E4CE1F592221,19,0.4330158730158731,2026-08-21 02:35:03.656848,2026-08-21 02:35:06.427124,0 days 00:00:02.770276,,,,,,0,0.432523997741389,0.4330158730158731,0.6111550285463329,3,0.408397190293742,0.4031874927882975,0.5616075681671963,COMPLETE,,,7.015371294236994e-05,128.0,192.0,96.0,0.006048189495624712,,,,,,
MLP,4,task_b_source_connected_class_neutral_v6_rigorous_A2CFC6311C18_outer4_MLP,A2CFC6311C185EAA2F17BA13E733D522713F64F2850C50F6EEF6E4CE1F592221,20,0.348451862602806,2026-08-21 02:35:06.575245,2026-08-21 02:35:11.000809,0 days 00:00:04.425564,,,,,,0,0.3546019198193111,0.348451862602806,0.5911246184903474,3,0.35885357974607474,0.3572880663259335,0.518466119407626,COMPLETE,,,0.00026661289983495004,128.0,160.0,96.0,0.0029524029688492727,,,,,,
MLP,4,task_b_source_connected_class_neutral_v6_rigorous_A2CFC6311C18_outer4_MLP,A2CFC6311C185EAA2F17BA13E733D522713F64F2850C50F6EEF6E4CE1F592221,21,0.4885964912280702,2026-08-21 02:35:11.175185,2026-08-21 02:35:14.330610,0 days 00:00:03.155425,,,,,,0,0.49463579898362503,0.4885964912280702,0.6181355634041056,3,0.46042183156787625,0.44180239201554455,0.5913307197241296,COMPLETE,,,0.0006983524780980265,128.0,160.0,96.0,0.010854584586895694,,,,,,
MLP,4,task_b_source_connected_class_neutral_v6_rigorous_A2CFC6311C18_outer4_MLP,A2CFC6311C185EAA2F17BA13E733D522713F64F2850C50F6EEF6E4CE1F592221,22,0.4478272604588394,2026-08-21 02:35:14.481280,2026-08-21 02:35:17.537975,0 days 00:00:03.056695,,,,,,0,0.44701675136457747,0.4478272604588394,0.6274291446925718,3,0.41632484411389076,0.4079344898743295,0.5674948607505663,COMPLETE,,,0.0004432267890727516,128.0,160.0,96.0,0.010503627509333697,,,,,,
MLP,4,task_b_source_connected_class_neutral_v6_rigorous_A2CFC6311C18_outer4_MLP,A2CFC6311C185EAA2F17BA13E733D522713F64F2850C50F6EEF6E4CE1F592221,23,0.3873456790123457,2026-08-21 02:35:17.708986,2026-08-21 02:35:21.276893,0 days 00:00:03.567907,,,,,,0,0.4009034443817052,0.3873456790123457,0.5881934679888644,3,0.3845334685598378,0.38214697890873683,0.5471215797248093,COMPLETE,,,0.0019024888581314896,128.0,192.0,96.0,0.013069533847940802,,,,,,
MLP,4,task_b_source_connected_class_neutral_v6_rigorous_A2CFC6311C18_outer4_MLP,A2CFC6311C185EAA2F17BA13E733D522713F64F2850C50F6EEF6E4CE1F592221,24,0.3015151515151515,2026-08-21 02:35:21.438063,2026-08-21 02:35:34.784062,0 days 00:00:13.345999,,,,,,0,0.3214756258234519,0.3015151515151515,0.6020951199979333,3,0.3735613402449102,0.37108705196165337,0.5376494058794506,COMPLETE,,,0.0001261891643901754,128.0,160.0,96.0,0.0005852721356970878,,,,,,
MLP,4,task_b_source_connected_class_neutral_v6_rigorous_A2CFC6311C18_outer4_MLP,A2CFC6311C185EAA2F17BA13E733D522713F64F2850C50F6EEF6E4CE1F592221,25,0.345679012345679,2026-08-21 02:35:34.938523,2026-08-21 02:35:39.340149,0 days 00:00:04.401626,,,,,,0,0.3662714097496706,0.345679012345679,0.6059252862321917,3,0.3980673878746901,0.3927072700007397,0.5473725233133465,COMPLETE,,,3.184472248103558e-05,128.0,192.0,64.0,0.006430511169784654,,,,,,
MLP,4,task_b_source_connected_class_neutral_v6_rigorous_A2CFC6311C18_outer4_MLP,A2CFC6311C185EAA2F17BA13E733D522713F64F2850C50F6EEF6E4CE1F592221,26,0.30873440285204995,2026-08-21 02:35:39.508828,2026-08-21 02:35:44.893421,0 days 00:00:05.384593,,,,,,0,0.3359683794466403,0.30873440285204995,0.614938693966827,3,0.390369806926602,0.38815801423386914,0.5524119706658869,COMPLETE,,,0.0011282070942036,128.0,160.0,64.0,0.0024386711710527756,,,,,,
MLP,4,task_b_source_connected_class_neutral_v6_rigorous_A2CFC6311C18_outer4_MLP,A2CFC6311C185EAA2F17BA13E733D522713F64F2850C50F6EEF6E4CE1F592221,27,0.4668138878665194,2026-08-21 02:35:45.041328,2026-08-21 02:35:47.719080,0 days 00:00:02.677752,,,,,,0,0.4600037643515904,0.4668138878665194,0.6145078848403657,3,0.3995839906843964,0.39718706642157375,0.5410945837791331,COMPLETE,,,0.00040304207036505427,256.0,128.0,96.0,0.013102745869360648,,,,,,
MLP,4,task_b_source_connected_class_neutral_v6_rigorous_A2CFC6311C18_outer4_MLP,A2CFC6311C185EAA2F17BA13E733D522713F64F2850C50F6EEF6E4CE1F592221,28,0.30952380952380953,2026-08-21 02:35:47.865932,2026-08-21 02:35:51.471833,0 days 00:00:03.605901,,,,,,0,0.3359683794466403,0.30952380952380953,0.5646944416765388,3,0.3597860791826309,0.3585519117221578,0.5153550847003557,COMPLETE,,,0.0003279217132397707,256.0,128.0,96.0,0.004837918946180752,,,,,,
MLP,4,task_b_source_connected_class_neutral_v6_rigorous_A2CFC6311C18_outer4_MLP,A2CFC6311C185EAA2F17BA13E733D522713F64F2850C50F6EEF6E4CE1F592221,29,0.3055555555555555,2026-08-21 02:35:51.642727,2026-08-21 02:35:54.923767,0 days 00:00:03.281040,,,,,,0,0.3359683794466403,0.3055555555555555,0.5973157466763604,3,0.38841747426940126,0.3864902515975383,0.5419044559017164,COMPLETE,,,0.003982754569684015,256.0,128.0,96.0,0.009169155303479113,,,,,,
MLP,4,task_b_source_connected_class_neutral_v6_rigorous_A2CFC6311C18_outer4_MLP,A2CFC6311C185EAA2F17BA13E733D522713F64F2850C50F6EEF6E4CE1F592221,30,0.38271604938271603,2026-08-21 02:35:55.076657,2026-08-21 02:36:08.531529,0 days 00:00:13.454872,,,,,,0,0.3965744400527009,0.38271604938271603,0.6771812633705215,3,0.4111909323116219,0.4100369174382456,0.592221019835466,COMPLETE,,,0.0009307527666273408,256.0,128.0,96.0,0.0002987892717789174,,,,,,
MLP,4,task_b_source_connected_class_neutral_v6_rigorous_A2CFC6311C18_outer4_MLP,A2CFC6311C185EAA2F17BA13E733D522713F64F2850C50F6EEF6E4CE1F592221,31,0.446011254551473,2026-08-21 02:36:08.683912,2026-08-21 02:36:11.650179,0 days 00:00:02.966267,,,,,,0,0.4441934876717486,0.446011254551473,0.5986688219424793,3,0.3767325895875591,0.3746356346322208,0.5409527864124473,COMPLETE,,,0.00012040152269121728,128.0,160.0,96.0,0.0147711350213214,,,,,,
MLP,4,task_b_source_connected_class_neutral_v6_rigorous_A2CFC6311C18_outer4_MLP,A2CFC6311C185EAA2F17BA13E733D522713F64F2850C50F6EEF6E4CE1F592221,32,0.41000649772579595,2026-08-21 02:36:11.803018,2026-08-21 02:36:14.511094,0 days 00:00:02.708076,,,,,,0,0.4268774703557312,0.41000649772579595,0.6271661936623574,3,0.4016818796484111,0.398407226494828,0.551352785787748,COMPLETE,,,0.0002498015337114158,256.0,128.0,96.0,0.013415251978514682,,,,,,
MLP,4,task_b_source_connected_class_neutral_v6_rigorous_A2CFC6311C18_outer4_MLP,A2CFC6311C185EAA2F17BA13E733D522713F64F2850C50F6EEF6E4CE1F592221,33,0.4312925170068027,2026-08-21 02:36:14.686595,2026-08-21 02:36:17.780737,0 days 00:00:03.094142,,,,,,0,0.432523997741389,0.4312925170068027,0.5767936335711271,3,0.39818383292014126,0.39099596971937395,0.5445386985608073,COMPLETE,,,5.391311862100527e-05,128.0,160.0,96.0,0.006792364374014472,,,,,,
MLP,4,task_b_source_connected_class_neutral_v6_rigorous_A2CFC6311C18_outer4_MLP,A2CFC6311C185EAA2F17BA13E733D522713F64F2850C50F6EEF6E4CE1F592221,34,0.5341970310391363,2026-08-21 02:36:17.947170,2026-08-21 02:36:20.999991,0 days 00:00:03.052821,,,,,,0,0.5249388292866554,0.5341970310391363,0.6500107640772602,3,0.4436218165427091,0.43700475104376607,0.5949011275410595,COMPLETE,,,0.0015306965896611762,256.0,160.0,64.0,0.010186244775437317,,,,,,
MLP,4,task_b_source_connected_class_neutral_v6_rigorous_A2CFC6311C18_outer4_MLP,A2CFC6311C185EAA2F17BA13E733D522713F64F2850C50F6EEF6E4CE1F592221,35,0.3995052566481137,2026-08-21 02:36:21.207723,2026-08-21 02:36:23.787149,0 days 00:00:02.579426,,,,,,0,0.40071522680218336,0.3995052566481137,0.6556369934886559,3,0.4226664037262415,0.4143479141548107,0.6008891712886254,COMPLETE,,,0.0013432943996747858,256.0,128.0,64.0,0.004137676102250497,,,,,,
MLP,4,task_b_source_connected_class_neutral_v6_rigorous_A2CFC6311C18_outer4_MLP,A2CFC6311C185EAA2F17BA13E733D522713F64F2850C50F6EEF6E4CE1F592221,36,0.3316782522343595,2026-08-21 02:36:23.970947,2026-08-21 02:36:25.987527,0 days 00:00:02.016580,,,,,,0,0.35177865612648224,0.3316782522343595,0.5583221079384763,3,0.386860491322966,0.3812716564380961,0.5366510486351621,COMPLETE,,,0.000496540707901099,256.0,192.0,64.0,0.005687672059512345,,,,,,
MLP,4,task_b_source_connected_class_neutral_v6_rigorous_A2CFC6311C18_outer4_MLP,A2CFC6311C185EAA2F17BA13E733D522713F64F2850C50F6EEF6E4CE1F592221,37,0.334841628959276,2026-08-21 02:36:26.174848,2026-08-21 02:37:00.623338,0 days 00:00:34.448490,,,,,,3,0.3401091661961227,0.334841628959276,0.5861142173162633,3,0.3656149049658177,0.36353372883095436,0.5389218117876757,COMPLETE,,,0.004179869497852465,256.0,160.0,96.0,0.00010581145285840481,,,,,,
MLP,4,task_b_source_connected_class_neutral_v6_rigorous_A2CFC6311C18_outer4_MLP,A2CFC6311C185EAA2F17BA13E733D522713F64F2850C50F6EEF6E4CE1F592221,38,0.3612596553773024,2026-08-21 02:37:00.795208,2026-08-21 02:37:02.891091,0 days 00:00:02.095883,,,,,,0,0.3690946734424996,0.3612596553773024,0.6172910446567735,3,0.3791938997821351,0.37868698500537096,0.5745366761020473,COMPLETE,,,0.0017196490555644718,256.0,64.0,64.0,0.010324613620416173,,,,,,
MLP,4,task_b_source_connected_class_neutral_v6_rigorous_A2CFC6311C18_outer4_MLP,A2CFC6311C185EAA2F17BA13E733D522713F64F2850C50F6EEF6E4CE1F592221,39,0.34383753501400566,2026-08-21 02:37:03.045057,2026-08-21 02:37:08.319715,0 days 00:00:05.274658,,,,,,0,0.3662714097496706,0.34383753501400566,0.5835746331910014,3,0.38716287281196005,0.38731025737282804,0.5367820954194343,COMPLETE,,,0.00017028195949956692,256.0,128.0,96.0,0.0019233119684065208,,,,,,
MLP,4,task_b_source_connected_class_neutral_v6_rigorous_A2CFC6311C18_outer4_MLP,A2CFC6311C185EAA2F17BA13E733D522713F64F2850C50F6EEF6E4CE1F592221,40,0.30036630036630035,2026-08-21 02:37:08.490488,2026-08-21 02:37:11.205966,0 days 00:00:02.715478,,,,,,0,0.3227931488801054,0.30036630036630035,0.603798304565568,3,0.3763813763053114,0.37130196325598624,0.5671407692604604,COMPLETE,,,0.0030763651975119306,256.0,192.0,96.0,0.008222024989728982,,,,,,
MLP,4,task_b_source_connected_class_neutral_v6_rigorous_A2CFC6311C18_outer4_MLP,A2CFC6311C185EAA2F17BA13E733D522713F64F2850C50F6EEF6E4CE1F592221,41,0.5415733482642777,2026-08-21 02:37:11.375684,2026-08-21 02:37:14.063635,0 days 00:00:02.687951,,,,,,0,0.5407491059664973,0.5415733482642777,0.6454683849824514,3,0.42047836375929687,0.4120905305140914,0.5569478279464629,COMPLETE,,,0.0006018627498126035,128.0,160.0,64.0,0.019967211480370794,,,,,,
MLP,4,task_b_source_connected_class_neutral_v6_rigorous_A2CFC6311C18_outer4_MLP,A2CFC6311C185EAA2F17BA13E733D522713F64F2850C50F6EEF6E4CE1F592221,42,0.42116059379217274,2026-08-21 02:37:14.217234,2026-08-21 02:37:16.950069,0 days 00:00:02.732835,,,,,,0,0.41803124411820064,0.42116059379217274,0.607165553968623,3,0.3921277514837353,0.3884899425048392,0.5504905323077816,COMPLETE,,,0.0005372103114838267,128.0,160.0,64.0,0.01567863410817285,,,,,,
MLP,4,task_b_source_connected_class_neutral_v6_rigorous_A2CFC6311C18_outer4_MLP,A2CFC6311C185EAA2F17BA13E733D522713F64F2850C50F6EEF6E4CE1F592221,43,0.418188327962764,2026-08-21 02:37:17.089014,2026-08-21 02:37:19.758073,0 days 00:00:02.669059,,,,,,0,0.41803124411820064,0.418188327962764,0.5720162285379676,3,0.3993125986026595,0.39283309630777663,0.541500908596127,COMPLETE,,,0.006703417792421937,128.0,128.0,64.0,0.019901051833845152,,,,,,
MLP,4,task_b_source_connected_class_neutral_v6_rigorous_A2CFC6311C18_outer4_MLP,A2CFC6311C185EAA2F17BA13E733D522713F64F2850C50F6EEF6E4CE1F592221,44,0.5088702147525677,2026-08-21 02:37:19.912937,2026-08-21 02:37:22.620257,0 days 00:00:02.707320,,,,,,0,0.5091285526068136,0.5088702147525677,0.6468482166691886,3,0.4275251671549846,0.4160347208567958,0.5938389880863851,COMPLETE,,,0.0003373748794947785,64.0,160.0,64.0,0.01107655627905142,,,,,,
MLP,4,task_b_source_connected_class_neutral_v6_rigorous_A2CFC6311C18_outer4_MLP,A2CFC6311C185EAA2F17BA13E733D522713F64F2850C50F6EEF6E4CE1F592221,45,0.2969934640522876,2026-08-21 02:37:22.790318,2026-08-21 02:37:25.827559,0 days 00:00:03.037241,,,,,,0,0.3098061358930924,0.2969934640522876,0.5602879975002737,3,0.33222147096386445,0.3288250758194612,0.4938177818049301,COMPLETE,,,0.0003557666847211492,64.0,160.0,64.0,0.01234422232414245,,,,,,
MLP,4,task_b_source_connected_class_neutral_v6_rigorous_A2CFC6311C18_outer4_MLP,A2CFC6311C185EAA2F17BA13E733D522713F64F2850C50F6EEF6E4CE1F592221,46,0.38157644824311493,2026-08-21 02:37:25.983688,2026-08-21 02:37:28.678178,0 days 00:00:02.694490,,,,,,0,0.4009034443817052,0.38157644824311493,0.5502041484138672,3,0.4068843437758245,0.40117821599936426,0.5548960987181263,COMPLETE,,,0.0013838574851221489,64.0,96.0,64.0,0.015916302736857645,,,,,,
MLP,4,task_b_source_connected_class_neutral_v6_rigorous_A2CFC6311C18_outer4_MLP,A2CFC6311C185EAA2F17BA13E733D522713F64F2850C50F6EEF6E4CE1F592221,47,0.46581196581196577,2026-08-21 02:37:28.824452,2026-08-21 02:37:32.407547,0 days 00:00:03.583095,,,,,,0,0.46150950498776583,0.46581196581196577,0.6513611329468106,3,0.4351269626624596,0.4269965140664677,0.5789794053634217,COMPLETE,,,0.0007530251543813147,64.0,128.0,64.0,0.011191453609517765,,,,,,
MLP,4,task_b_source_connected_class_neutral_v6_rigorous_A2CFC6311C18_outer4_MLP,A2CFC6311C185EAA2F17BA13E733D522713F64F2850C50F6EEF6E4CE1F592221,48,0.49907826378414616,2026-08-21 02:37:32.559872,2026-08-21 02:37:37.648434,0 days 00:00:05.088562,,,,,,0,0.4918125352907962,0.49907826378414616,0.6437495156165233,3,0.42511550597250397,0.4188302833670147,0.5934786253208159,COMPLETE,,,0.0024680653126582654,64.0,160.0,64.0,0.01950659106777445,,,,,,
MLP,4,task_b_source_connected_class_neutral_v6_rigorous_A2CFC6311C18_outer4_MLP,A2CFC6311C185EAA2F17BA13E733D522713F64F2850C50F6EEF6E4CE1F592221,49,0.3482726423902894,2026-08-21 02:37:37.807775,2026-08-21 02:37:44.431776,0 days 00:00:06.624001,,,,,,0,0.3546019198193111,0.3482726423902894,0.5511882926205177,3,0.401032041168958,0.3973837604440386,0.5592498326405451,COMPLETE,,,0.002381140428458225,64.0,192.0,64.0,0.019661391207192562,,,,,,
MLP,4,task_b_source_connected_class_neutral_v6_rigorous_A2CFC6311C18_outer4_MLP,A2CFC6311C185EAA2F17BA13E733D522713F64F2850C50F6EEF6E4CE1F592221,50,0.4509379509379509,2026-08-21 02:37:44.579723,2026-08-21 02:37:51.824130,0 days 00:00:07.244407,,,,,,0,0.4524750611707133,0.4509379509379509,0.5046550020974574,3,0.42722090752009617,0.4113534940866674,0.5503092368567651,COMPLETE,,,0.0073193993785019935,64.0,160.0,64.0,0.007570206593347743,,,,,,
MLP,4,task_b_source_connected_class_neutral_v6_rigorous_A2CFC6311C18_outer4_MLP,A2CFC6311C185EAA2F17BA13E733D522713F64F2850C50F6EEF6E4CE1F592221,51,0.41595441595441596,2026-08-21 02:37:51.963524,2026-08-21 02:37:55.865405,0 days 00:00:03.901881,,,,,,0,0.4167137210615472,0.41595441595441596,0.6131996496446624,3,0.40388400570956356,0.3992807367778603,0.5810800940856579,COMPLETE,,,0.0010734634195534898,64.0,160.0,64.0,0.015384159249068252,,,,,,
MLP,4,task_b_source_connected_class_neutral_v6_rigorous_A2CFC6311C18_outer4_MLP,A2CFC6311C185EAA2F17BA13E733D522713F64F2850C50F6EEF6E4CE1F592221,52,0.3232118758434548,2026-08-21 02:37:56.041306,2026-08-21 02:38:00.693397,0 days 00:00:04.652091,,,,,,0,0.33728590250329377,0.3232118758434548,0.6121759551427071,3,0.36530876718503497,0.3625225395446698,0.5541537095097093,COMPLETE,,,0.0027931823073701176,64.0,160.0,64.0,0.012031549317496757,,,,,,
MLP,4,task_b_source_connected_class_neutral_v6_rigorous_A2CFC6311C18_outer4_MLP,A2CFC6311C185EAA2F17BA13E733D522713F64F2850C50F6EEF6E4CE1F592221,53,0.4489693313222725,2026-08-21 02:38:00.868722,2026-08-21 02:38:04.365660,0 days 00:00:03.496938,,,,,,0,0.44701675136457747,0.4489693313222725,0.6339652769320289,3,0.3947261663286004,0.39228207409367527,0.5504563919026474,COMPLETE,,,0.00036722798261784866,64.0,160.0,64.0,0.008984841650651956,,,,,,
MLP,4,task_b_source_connected_class_neutral_v6_rigorous_A2CFC6311C18_outer4_MLP,A2CFC6311C185EAA2F17BA13E733D522713F64F2850C50F6EEF6E4CE1F592221,54,0.43589743589743585,2026-08-21 02:38:04.508761,2026-08-21 02:38:12.771086,0 days 00:00:08.262325,,,,,,0,0.432523997741389,0.43589743589743585,0.5968878899825191,3,0.40504563894523327,0.3999930504146252,0.5484983505536528,COMPLETE,,,0.0006944155710017323,64.0,128.0,64.0,0.0010000521442922524,,,,,,
MLP,4,task_b_source_connected_class_neutral_v6_rigorous_A2CFC6311C18_outer4_MLP,A2CFC6311C185EAA2F17BA13E733D522713F64F2850C50F6EEF6E4CE1F592221,55,0.46581196581196577,2026-08-21 02:38:12.926691,2026-08-21 02:38:16.225521,0 days 00:00:03.298830,,,,,,0,0.46150950498776583,0.46581196581196577,0.6223559428163008,3,0.39307151979565774,0.3920501326199539,0.5488635195993091,COMPLETE,,,0.0016249577793817965,256.0,160.0,64.0,0.016333334025609925,,,,,,
MLP,4,task_b_source_connected_class_neutral_v6_rigorous_A2CFC6311C18_outer4_MLP,A2CFC6311C185EAA2F17BA13E733D522713F64F2850C50F6EEF6E4CE1F592221,56,0.46718995290423865,2026-08-21 02:38:16.391165,2026-08-21 02:38:20.918392,0 days 00:00:04.527227,,,,,,0,0.46282702804441933,0.46718995290423865,0.6210861507536699,3,0.4078994816317332,0.3995302004021166,0.5680917288616194,COMPLETE,,,0.00016506571002637338,64.0,192.0,64.0,0.01390074932972019,,,,,,
MLP,4,task_b_source_connected_class_neutral_v6_rigorous_A2CFC6311C18_outer4_MLP,A2CFC6311C185EAA2F17BA13E733D522713F64F2850C50F6EEF6E4CE1F592221,57,0.2626262626262626,2026-08-21 02:38:21.077889,2026-08-21 02:38:25.269071,0 days 00:00:04.191182,,,,,,0,0.29117259552042163,0.2626262626262626,0.5638892886974728,3,0.35275242280820374,0.35161002461614016,0.5203673317617558,COMPLETE,,,0.0002020130096042593,64.0,192.0,32.0,0.003562177419808343,,,,,,
MLP,4,task_b_source_connected_class_neutral_v6_rigorous_A2CFC6311C18_outer4_MLP,A2CFC6311C185EAA2F17BA13E733D522713F64F2850C50F6EEF6E4CE1F592221,58,0.39663844927002817,2026-08-21 02:38:25.424232,2026-08-21 02:38:30.161869,0 days 00:00:04.737637,,,,,,0,0.39939770374552985,0.39663844927002817,0.5780899975273376,3,0.39487453985425586,0.3902122418695164,0.5365925397489074,COMPLETE,,,1.4319896847161933e-06,64.0,192.0,64.0,0.00506621396668982,,,,,,
MLP,4,task_b_source_connected_class_neutral_v6_rigorous_A2CFC6311C18_outer4_MLP,A2CFC6311C185EAA2F17BA13E733D522713F64F2850C50F6EEF6E4CE1F592221,59,0.31742508324084345,2026-08-21 02:38:30.317415,2026-08-21 02:38:33.476206,0 days 00:00:03.158791,,,,,,0,0.3359683794466403,0.31742508324084345,0.6182416049423722,3,0.40807978363759295,0.4028720951234903,0.5592675539667383,COMPLETE,,,9.44394373944415e-05,64.0,192.0,32.0,0.01972945316212307,,,,,,
XGBoost,4,task_b_source_connected_class_neutral_v6_rigorous_A2CFC6311C18_outer4_XGBoost,A2CFC6311C185EAA2F17BA13E733D522713F64F2850C50F6EEF6E4CE1F592221,0,0.49297052154195015,2026-08-21 02:38:35.583030,2026-08-21 02:38:37.248900,0 days 00:00:01.665870,7.0,,,,239.0,0,0.49877658573310746,0.49297052154195015,0.6603455084273498,3,0.46639433551198256,0.4426750023865218,0.6605184184096898,COMPLETE,,2.4780036215034587,,,,,,0.8331432310364737,0.07126180801312279,1.9163792739362933,1.526992518449242e-06,0.8326590278815761,0.7778177537455386
XGBoost,4,task_b_source_connected_class_neutral_v6_rigorous_A2CFC6311C18_outer4_XGBoost,A2CFC6311C185EAA2F17BA13E733D522713F64F2850C50F6EEF6E4CE1F592221,1,0.48405797101449277,2026-08-21 02:38:37.433946,2026-08-21 02:38:39.080560,0 days 00:00:01.646614,8.0,,,,253.0,0,0.49877658573310746,0.48405797101449277,0.6866429487912864,3,0.5077539253249193,0.47967955623629416,0.6929373090039745,COMPLETE,,0.16129679563638677,,,,,,0.7549195762080071,0.14434731268952278,6.315097908061687,3.0307648537555654,2.847155570176632,0.6336722396523446
XGBoost,4,task_b_source_connected_class_neutral_v6_rigorous_A2CFC6311C18_outer4_XGBoost,A2CFC6311C185EAA2F17BA13E733D522713F64F2850C50F6EEF6E4CE1F592221,2,0.49112978524743234,2026-08-21 02:38:39.247766,2026-08-21 02:38:41.726774,0 days 00:00:02.479008,5.0,,,,467.0,0,0.49745906267645396,0.49112978524743234,0.6804016292507341,3,0.5000291112613627,0.477579908394119,0.6663122730016945,COMPLETE,,0.43699745414673363,,,,,,0.6768240223179038,0.11619919505934294,1.1000670748063446,0.009459839660303438,5.911411147052703,0.8130569906705638
XGBoost,4,task_b_source_connected_class_neutral_v6_rigorous_A2CFC6311C18_outer4_XGBoost,A2CFC6311C185EAA2F17BA13E733D522713F64F2850C50F6EEF6E4CE1F592221,3,0.5010582010582011,2026-08-21 02:38:41.903723,2026-08-21 02:38:45.122960,0 days 00:00:03.219237,8.0,,,,343.0,0,0.5145868624129494,0.5010582010582011,0.6533136750528055,3,0.5259062053940351,0.4969896668704523,0.6881720610665237,COMPLETE,,2.166003129199118,,,,,,0.9411355221854198,0.015525000097667921,15.265368837256347,0.0008399965055634592,0.01032815637261146,0.8199691738035247
XGBoost,4,task_b_source_connected_class_neutral_v6_rigorous_A2CFC6311C18_outer4_XGBoost,A2CFC6311C185EAA2F17BA13E733D522713F64F2850C50F6EEF6E4CE1F592221,4,0.45101596516690856,2026-08-21 02:38:45.298141,2026-08-21 02:38:47.857204,0 days 00:00:02.559063,8.0,,,,291.0,0,0.4498400150574063,0.45101596516690856,0.6438272630088487,3,0.4954670948839306,0.4763313164935883,0.6505638719642309,COMPLETE,,1.442396643337022,,,,,,0.6227878711192,0.028191122941108235,3.298147370274771,0.00022825188873774793,0.009884985101309083,0.9225155010720117
XGBoost,4,task_b_source_connected_class_neutral_v6_rigorous_A2CFC6311C18_outer4_XGBoost,A2CFC6311C185EAA2F17BA13E733D522713F64F2850C50F6EEF6E4CE1F592221,5,0.45628654970760235,2026-08-21 02:38:48.025800,2026-08-21 02:38:50.241702,0 days 00:00:02.215902,6.0,,,,435.0,0,0.4684735554300772,0.45628654970760235,0.6410069517486398,3,0.5177071594921494,0.48983234473378473,0.6720823894564929,COMPLETE,,2.287872159840425,,,,,,0.630166049771998,0.05808816946988538,9.599684410870356,1.2347379407579266e-06,0.0014386676820804002,0.7571187898777608
XGBoost,4,task_b_source_connected_class_neutral_v6_rigorous_A2CFC6311C18_outer4_XGBoost,A2CFC6311C185EAA2F17BA13E733D522713F64F2850C50F6EEF6E4CE1F592221,6,0.45628654970760235,2026-08-21 02:38:50.392335,2026-08-21 02:38:52.971324,0 days 00:00:02.578989,8.0,,,,461.0,0,0.4684735554300772,0.45628654970760235,0.6647811693847498,3,0.5127234993614304,0.4868458579774167,0.6785438978490289,COMPLETE,,2.2666974599163843,,,,,,0.6034075018875888,0.032423182015432005,8.506889827093794,8.324356827609102e-05,0.12058763540858214,0.6083086037305179
XGBoost,4,task_b_source_connected_class_neutral_v6_rigorous_A2CFC6311C18_outer4_XGBoost,A2CFC6311C185EAA2F17BA13E733D522713F64F2850C50F6EEF6E4CE1F592221,7,0.48944193061840124,2026-08-21 02:38:53.154222,2026-08-21 02:38:57.097044,0 days 00:00:03.942822,3.0,,,,493.0,0,0.48014304536043667,0.48944193061840124,0.6372537947985518,3,0.49136052888588383,0.4725253793382473,0.6378927281127655,COMPLETE,,0.11411631931778421,,,,,,0.9159802188847062,0.017370437936550364,1.279011410399524,2.5620998421616472e-05,0.001354807634194266,0.8937669528349759
XGBoost,4,task_b_source_connected_class_neutral_v6_rigorous_A2CFC6311C18_outer4_XGBoost,A2CFC6311C185EAA2F17BA13E733D522713F64F2850C50F6EEF6E4CE1F592221,8,0.5052631578947367,2026-08-21 02:38:57.263794,2026-08-21 02:38:59.296459,0 days 00:00:02.032665,8.0,,,,375.0,0,0.5132693393562958,0.5052631578947367,0.664546943063567,3,0.5194491398091804,0.4943535381502609,0.681522511678013,COMPLETE,,1.0185579913150136,,,,,,0.5702576670147014,0.07662438081299623,6.364105820783328,4.819187137557754e-06,9.400049718747644,0.876064597016539
XGBoost,4,task_b_source_connected_class_neutral_v6_rigorous_A2CFC6311C18_outer4_XGBoost,A2CFC6311C185EAA2F17BA13E733D522713F64F2850C50F6EEF6E4CE1F592221,9,0.4917582417582418,2026-08-21 02:38:59.463980,2026-08-21 02:39:01.591725,0 days 00:00:02.127745,7.0,,,,472.0,0,0.49745906267645396,0.4917582417582418,0.6339460861199991,3,0.5038163924573661,0.4807096218649101,0.6602273714679024,COMPLETE,,1.8916679091640751,,,,,,0.678097845708973,0.1112819433744368,3.0390233742476274,0.00022279845132371635,0.02568567425118401,0.8297891414313494
XGBoost,4,task_b_source_connected_class_neutral_v6_rigorous_A2CFC6311C18_outer4_XGBoost,A2CFC6311C185EAA2F17BA13E733D522713F64F2850C50F6EEF6E4CE1F592221,10,0.43191489361702123,2026-08-21 02:39:01.757906,2026-08-21 02:39:03.013775,0 days 00:00:01.255869,4.0,,,,155.0,0,0.4366647844908715,0.43191489361702123,0.6496538887843236,3,0.5195195702802193,0.4928159275999815,0.6927157043201936,COMPLETE,,1.0289348418330762,,,,,,0.7760061349764096,0.0790950891955981,17.75306242001106,0.010669374527928516,0.4688518125974059,0.9899191972585575
XGBoost,4,task_b_source_connected_class_neutral_v6_rigorous_A2CFC6311C18_outer4_XGBoost,A2CFC6311C185EAA2F17BA13E733D522713F64F2850C50F6EEF6E4CE1F592221,11,0.4490705373058314,2026-08-21 02:39:03.194064,2026-08-21 02:39:06.149771,0 days 00:00:02.955707,6.0,,,,363.0,0,0.4697910784867306,0.4490705373058314,0.658310667262074,3,0.5218822778153407,0.49076641117337433,0.6888660587307301,COMPLETE,,2.9917948127017215,,,,,,0.9915834180814639,0.015063555304912742,17.626890390933074,0.1924919350609012,0.017023193673798388,0.6990928377327489
XGBoost,4,task_b_source_connected_class_neutral_v6_rigorous_A2CFC6311C18_outer4_XGBoost,A2CFC6311C185EAA2F17BA13E733D522713F64F2850C50F6EEF6E4CE1F592221,12,0.44413919413919417,2026-08-21 02:39:06.330274,2026-08-21 02:39:09.083654,0 days 00:00:02.753380,7.0,,,,378.0,0,0.4498400150574063,0.44413919413919417,0.666430103002993,3,0.5089221320712193,0.4896511323945935,0.672415275926992,COMPLETE,,1.0870670862647736,,,,,,0.9097159267832311,0.037761668837265415,5.51577797988261,1.681585694188858e-05,0.11867153824981282,0.8825287889436906
XGBoost,4,task_b_source_connected_class_neutral_v6_rigorous_A2CFC6311C18_outer4_XGBoost,A2CFC6311C185EAA2F17BA13E733D522713F64F2850C50F6EEF6E4CE1F592221,13,0.397953216374269,2026-08-21 02:39:09.258088,2026-08-21 02:39:12.451265,0 days 00:00:03.193177,8.0,,,,382.0,0,0.4063617541878412,0.397953216374269,0.6484388397431876,3,0.5019579670948839,0.4792812279867081,0.681589260502531,COMPLETE,,0.8111148905219152,,,,,,0.5501071841605145,0.0224399529326882,11.122831381211661,0.0016319666022873974,0.005261080175324477,0.9591988205503795
XGBoost,4,task_b_source_connected_class_neutral_v6_rigorous_A2CFC6311C18_outer4_XGBoost,A2CFC6311C185EAA2F17BA13E733D522713F64F2850C50F6EEF6E4CE1F592221,14,0.4642701525054466,2026-08-21 02:39:12.632190,2026-08-21 02:39:14.809372,0 days 00:00:02.177182,5.0,,,,327.0,0,0.48428383210991904,0.4642701525054466,0.6633318940224311,3,0.5190087145969499,0.48788982052273916,0.6913240262877111,COMPLETE,,1.6325518945185005,,,,,,0.9953596914185331,0.046843337979740815,13.112531467313818,0.001602927484244086,10.454935464073937,0.8318123950748896
XGBoost,4,task_b_source_connected_class_neutral_v6_rigorous_A2CFC6311C18_outer4_XGBoost,A2CFC6311C185EAA2F17BA13E733D522713F64F2850C50F6EEF6E4CE1F592221,15,0.5134264232008593,2026-08-21 02:39:14.978507,2026-08-21 02:39:17.186078,0 days 00:00:02.207571,7.0,,,,412.0,0,0.5132693393562958,0.5134264232008593,0.6464623091221556,3,0.5069632259033882,0.48757841480787595,0.6727449167785378,COMPLETE,,1.8186700778893257,,,,,,0.8590269627024286,0.08531369963708205,6.088812644695724,7.743459368787672e-06,0.0418341216905575,0.7391782518163924
XGBoost,4,task_b_source_connected_class_neutral_v6_rigorous_A2CFC6311C18_outer4_XGBoost,A2CFC6311C185EAA2F17BA13E733D522713F64F2850C50F6EEF6E4CE1F592221,16,0.4586894586894587,2026-08-21 02:39:17.350375,2026-08-21 02:39:19.575081,0 days 00:00:02.224706,7.0,,,,423.0,0,0.4498400150574063,0.4586894586894587,0.6832063172216625,3,0.5038370520622042,0.4860790314883987,0.6776494809279142,COMPLETE,,1.3740893968736694,,,,,,0.8449036113936433,0.08398364292413735,4.461715323151431,5.59086498191229e-06,0.05606046459802016,0.714414570112645
XGBoost,4,task_b_source_connected_class_neutral_v6_rigorous_A2CFC6311C18_outer4_XGBoost,A2CFC6311C185EAA2F17BA13E733D522713F64F2850C50F6EEF6E4CE1F592221,17,0.4459924320605435,2026-08-21 02:39:19.751313,2026-08-21 02:39:22.358797,0 days 00:00:02.607484,6.0,,,,412.0,0,0.435347261434218,0.4459924320605435,0.661516640033264,3,0.4988317932536999,0.4792156378446686,0.6797148900825936,COMPLETE,,0.6981664303534276,,,,,,0.7553714280278361,0.057602307986849136,6.933576027016682,7.149716879331154e-06,0.4625777522311527,0.6924119609596063
XGBoost,4,task_b_source_connected_class_neutral_v6_rigorous_A2CFC6311C18_outer4_XGBoost,A2CFC6311C185EAA2F17BA13E733D522713F64F2850C50F6EEF6E4CE1F592221,18,0.4647332617257429,2026-08-21 02:39:22.568588,2026-08-21 02:39:24.297359,0 days 00:00:01.728771,7.0,,,,289.0,0,0.4684735554300772,0.4647332617257429,0.6673869372079091,3,0.5057095635188942,0.48339325394516774,0.667350779585389,COMPLETE,,1.803748565711175,,,,,,0.8357595241590104,0.10033351937274805,2.841822699815715,5.863234602938811e-05,1.7977407763408013,0.7419598922599304
XGBoost,4,task_b_source_connected_class_neutral_v6_rigorous_A2CFC6311C18_outer4_XGBoost,A2CFC6311C185EAA2F17BA13E733D522713F64F2850C50F6EEF6E4CE1F592221,19,0.47788359788359785,2026-08-21 02:39:24.463689,2026-08-21 02:39:26.560131,0 days 00:00:02.096442,6.0,,,,399.0,0,0.4829663090532656,0.47788359788359785,0.6229076786621545,3,0.5043413342348434,0.48245806212321246,0.6664008682178519,COMPLETE,,2.707100566829919,,,,,,0.7192669895835596,0.060596376492442275,4.41340795277812,4.369744266891451e-06,0.19155150734057488,0.8664216503765862
XGBoost,4,task_b_source_connected_class_neutral_v6_rigorous_A2CFC6311C18_outer4_XGBoost,A2CFC6311C185EAA2F17BA13E733D522713F64F2850C50F6EEF6E4CE1F592221,20,0.48835260599966485,2026-08-21 02:39:26.729708,2026-08-21 02:39:28.303008,0 days 00:00:01.573300,7.0,,,,290.0,0,0.4829663090532656,0.48835260599966485,0.65472383068291,3,0.4881488994065058,0.4665895621578276,0.6588034756883184,COMPLETE,,1.2148324802943606,,,,,,0.5593192207460321,0.14986326118129625,2.0667206152987783,0.010786323107166351,0.05174582666224849,0.6503715854448457
XGBoost,4,task_b_source_connected_class_neutral_v6_rigorous_A2CFC6311C18_outer4_XGBoost,A2CFC6311C185EAA2F17BA13E733D522713F64F2850C50F6EEF6E4CE1F592221,21,0.4988095238095238,2026-08-21 02:39:28.460917,2026-08-21 02:39:30.759874,0 days 00:00:02.298957,8.0,,,,346.0,0,0.49877658573310746,0.4988095238095238,0.6500297088532383,3,0.5090742618886636,0.4863656643903342,0.676630630596185,COMPLETE,,2.005595406967806,,,,,,0.9173405686286428,0.040011422024116006,7.666642768833647,0.00029923166412418475,0.004196043004703988,0.7822328507774227
XGBoost,4,task_b_source_connected_class_neutral_v6_rigorous_A2CFC6311C18_outer4_XGBoost,A2CFC6311C185EAA2F17BA13E733D522713F64F2850C50F6EEF6E4CE1F592221,22,0.5010582010582011,2026-08-21 02:39:30.902771,2026-08-21 02:39:32.697853,0 days 00:00:01.795082,8.0,,,,337.0,0,0.5145868624129494,0.5010582010582011,0.6544946481007862,3,0.5213441890166028,0.4941873777980424,0.682130499708688,COMPLETE,,2.0946714008450376,,,,,,0.8817121424730203,0.09865550315807488,13.148905286404673,0.11001352669198278,0.03670984198829801,0.8592698157776713
XGBoost,4,task_b_source_connected_class_neutral_v6_rigorous_A2CFC6311C18_outer4_XGBoost,A2CFC6311C185EAA2F17BA13E733D522713F64F2850C50F6EEF6E4CE1F592221,23,0.5303454715219421,2026-08-21 02:39:32.881184,2026-08-21 02:39:35.284529,0 days 00:00:02.403345,8.0,,,,433.0,0,0.5277620929794843,0.5303454715219421,0.6754629475857098,3,0.5118304409886559,0.49385991697075604,0.6707406981153022,COMPLETE,,1.6465238469941783,,,,,,0.9477081283718388,0.0696403536619287,5.3127296010826575,2.2809873075841808e-05,0.010545636534179382,0.9267192672498463
XGBoost,4,task_b_source_connected_class_neutral_v6_rigorous_A2CFC6311C18_outer4_XGBoost,A2CFC6311C185EAA2F17BA13E733D522713F64F2850C50F6EEF6E4CE1F592221,24,0.4827264239028945,2026-08-21 02:39:35.439440,2026-08-21 02:39:37.844664,0 days 00:00:02.405224,7.0,,,,444.0,0,0.48014304536043667,0.4827264239028945,0.657207195570367,3,0.5104274660055593,0.4923837672261559,0.6682666996247759,COMPLETE,,1.6005389210474341,,,,,,0.9616811763949626,0.06981119436289661,5.378867635060252,1.9283345552835737e-05,0.0028409776344232376,0.9209731323983003
XGBoost,4,task_b_source_connected_class_neutral_v6_rigorous_A2CFC6311C18_outer4_XGBoost,A2CFC6311C185EAA2F17BA13E733D522713F64F2850C50F6EEF6E4CE1F592221,25,0.5380718954248366,2026-08-21 02:39:38.062966,2026-08-21 02:39:40.780370,0 days 00:00:02.717404,8.0,,,,396.0,0,0.5422548466026726,0.5380718954248366,0.6726810179495603,3,0.49063274735181434,0.46944592879156805,0.6616307023532718,COMPLETE,,0.7869904435200288,,,,,,0.8716052929149478,0.04835157367096965,3.5976003551753424,3.066064851217375e-06,0.22400694359683293,0.9407777159828667
XGBoost,4,task_b_source_connected_class_neutral_v6_rigorous_A2CFC6311C18_outer4_XGBoost,A2CFC6311C185EAA2F17BA13E733D522713F64F2850C50F6EEF6E4CE1F592221,26,0.5380718954248366,2026-08-21 02:39:40.965093,2026-08-21 02:39:44.102015,0 days 00:00:03.136922,7.0,,,,500.0,0,0.5422548466026726,0.5380718954248366,0.6672304582790516,3,0.47907088122605374,0.4568782427185875,0.6528281100825727,COMPLETE,,0.5636157133593729,,,,,,0.8708113349575632,0.04997705536709801,3.5262012493393384,1.1118397112679106e-06,0.2901355364566894,0.9982337067818725
XGBoost,4,task_b_source_connected_class_neutral_v6_rigorous_A2CFC6311C18_outer4_XGBoost,A2CFC6311C185EAA2F17BA13E733D522713F64F2850C50F6EEF6E4CE1F592221,27,0.5380718954248366,2026-08-21 02:39:44.282371,2026-08-21 02:39:47.746058,0 days 00:00:03.463687,8.0,,,,493.0,0,0.5422548466026726,0.5380718954248366,0.6726325488473827,3,0.4767889339643904,0.4539998144456093,0.656101173465372,COMPLETE,,0.43266567479910156,,,,,,0.7958229753053865,0.04054709806238406,3.6459317547785766,1.406903064728054e-06,0.24761000725314733,0.9968608471586946
XGBoost,4,task_b_source_connected_class_neutral_v6_rigorous_A2CFC6311C18_outer4_XGBoost,A2CFC6311C185EAA2F17BA13E733D522713F64F2850C50F6EEF6E4CE1F592221,28,0.49862637362637363,2026-08-21 02:39:47.923430,2026-08-21 02:39:50.967908,0 days 00:00:03.044478,5.0,,,,493.0,0,0.49463579898362503,0.49862637362637363,0.679556372395247,3,0.4860369243482834,0.4679935794542536,0.6452247348152277,COMPLETE,,0.5159270771718749,,,,,,0.7834700416760658,0.04674048616423484,2.3656685820963204,1.268587672568042e-06,0.2261078379352089,0.9960510574166608
XGBoost,4,task_b_source_connected_class_neutral_v6_rigorous_A2CFC6311C18_outer4_XGBoost,A2CFC6311C185EAA2F17BA13E733D522713F64F2850C50F6EEF6E4CE1F592221,29,0.49743589743589745,2026-08-21 02:39:51.147069,2026-08-21 02:39:55.744226,0 days 00:00:04.597157,7.0,,,,498.0,0,0.5119518162996424,0.49743589743589745,0.6750722423356694,3,0.48453065134099615,0.4632446646071944,0.6546668576028806,COMPLETE,,0.33809165871533836,,,,,,0.804402750742058,0.02746165855414046,1.4156349452704382,2.2863671470809994e-06,0.7156117743120406,0.9603858910743851
XGBoost,4,task_b_source_connected_class_neutral_v6_rigorous_A2CFC6311C18_outer4_XGBoost,A2CFC6311C185EAA2F17BA13E733D522713F64F2850C50F6EEF6E4CE1F592221,30,0.5380718954248366,2026-08-21 02:39:55.913848,2026-08-21 02:39:58.129330,0 days 00:00:02.215482,6.0,,,,175.0,0,0.5422548466026726,0.5380718954248366,0.6647617325366686,3,0.49424817819848244,0.4717344651117082,0.6613170862454614,COMPLETE,,0.7258783776784571,,,,,,0.879985888818674,0.03935758857312085,3.619861886319334,1.249801914536278e-06,1.4690185379641565,0.9669628669899454
XGBoost,4,task_b_source_connected_class_neutral_v6_rigorous_A2CFC6311C18_outer4_XGBoost,A2CFC6311C185EAA2F17BA13E733D522713F64F2850C50F6EEF6E4CE1F592221,31,0.5380718954248366,2026-08-21 02:39:58.306356,2026-08-21 02:40:00.596472,0 days 00:00:02.290116,6.0,,,,195.0,0,0.5422548466026726,0.5380718954248366,0.6517225599067031,3,0.5018875366238449,0.48002406499037525,0.65958602375621,COMPLETE,,0.7375585267255569,,,,,,0.8783051045239707,0.04091128910089015,3.5743302520564337,1.0267057188998643e-06,1.3742190590511985,0.9642150437503275
XGBoost,4,task_b_source_connected_class_neutral_v6_rigorous_A2CFC6311C18_outer4_XGBoost,A2CFC6311C185EAA2F17BA13E733D522713F64F2850C50F6EEF6E4CE1F592221,32,0.5380718954248366,2026-08-21 02:40:00.778907,2026-08-21 02:40:03.704280,0 days 00:00:02.925373,7.0,,,,222.0,0,0.5422548466026726,0.5380718954248366,0.6927616193600848,3,0.48306006310570204,0.4608929288159285,0.6648288890560501,COMPLETE,,0.33621389152814574,,,,,,0.8127536271443173,0.03321342562686141,2.4386462773418005,2.0504313669497683e-06,0.2582789081758997,0.977253503836307
XGBoost,4,task_b_source_connected_class_neutral_v6_rigorous_A2CFC6311C18_outer4_XGBoost,A2CFC6311C185EAA2F17BA13E733D522713F64F2850C50F6EEF6E4CE1F592221,33,0.5535444947209653,2026-08-21 02:40:03.886698,2026-08-21 02:40:06.269179,0 days 00:00:02.382481,6.0,,,,262.0,0,0.5422548466026726,0.5535444947209653,0.6700169395821569,3,0.5178959131545339,0.4983585858585859,0.6732614945975768,COMPLETE,,0.6215291366749294,,,,,,0.8791432139273968,0.05014177574871976,3.8592923343297936,2.6334063388118264e-06,3.5349049509938797,0.9414142360762002
XGBoost,4,task_b_source_connected_class_neutral_v6_rigorous_A2CFC6311C18_outer4_XGBoost,A2CFC6311C185EAA2F17BA13E733D522713F64F2850C50F6EEF6E4CE1F592221,34,0.5535444947209653,2026-08-21 02:40:06.446364,2026-08-21 02:40:09.138671,0 days 00:00:02.692307,8.0,,,,255.0,0,0.5422548466026726,0.5535444947209653,0.6762630568257166,3,0.48975283600030056,0.4688627492570896,0.6693098850259241,COMPLETE,,0.46798726584225603,,,,,,0.8140099231450748,0.052934035302990574,1.6863124660847215,7.372082172673525e-05,3.354594808108609,0.9401122420983109
XGBoost,4,task_b_source_connected_class_neutral_v6_rigorous_A2CFC6311C18_outer4_XGBoost,A2CFC6311C185EAA2F17BA13E733D522713F64F2850C50F6EEF6E4CE1F592221,35,0.514876632801161,2026-08-21 02:40:09.311511,2026-08-21 02:40:12.687787,0 days 00:00:03.376276,5.0,,,,256.0,0,0.5119518162996424,0.514876632801161,0.6997351421903852,3,0.4981547216587785,0.47850262668721594,0.6752512317872498,COMPLETE,,0.004382029146538402,,,,,,0.8238194565214966,0.05219669533057087,1.3958862595357067,9.393579046166333e-05,2.670003363045001,0.9322772025403147
XGBoost,4,task_b_source_connected_class_neutral_v6_rigorous_A2CFC6311C18_outer4_XGBoost,A2CFC6311C185EAA2F17BA13E733D522713F64F2850C50F6EEF6E4CE1F592221,36,0.5384615384615384,2026-08-21 02:40:12.860399,2026-08-21 02:40:15.483915,0 days 00:00:02.623516,8.0,,,,258.0,0,0.5277620929794843,0.5384615384615384,0.6583687317702663,3,0.4924564270152505,0.4706553092909937,0.6643677984673415,COMPLETE,,0.5451454462229535,,,,,,0.7405448901738536,0.05325007894867636,1.8877812419886555,1.1069111094275482e-05,4.63993962709675,0.9422280928226489
XGBoost,4,task_b_source_connected_class_neutral_v6_rigorous_A2CFC6311C18_outer4_XGBoost,A2CFC6311C185EAA2F17BA13E733D522713F64F2850C50F6EEF6E4CE1F592221,37,0.49572649572649574,2026-08-21 02:40:15.644924,2026-08-21 02:40:17.737915,0 days 00:00:02.092991,4.0,,,,256.0,0,0.48014304536043667,0.49572649572649574,0.674057343622561,3,0.511523364134926,0.48919226154925327,0.6674599597691994,COMPLETE,,0.8502486861141217,,,,,,0.7403007230909041,0.06526515277589028,1.770434816574632,1.2173224740063138e-05,4.30004416092493,0.906069239922435
XGBoost,4,task_b_source_connected_class_neutral_v6_rigorous_A2CFC6311C18_outer4_XGBoost,A2CFC6311C185EAA2F17BA13E733D522713F64F2850C50F6EEF6E4CE1F592221,38,0.5535444947209653,2026-08-21 02:40:17.909680,2026-08-21 02:40:21.063764,0 days 00:00:03.154084,8.0,,,,228.0,0,0.5422548466026726,0.5535444947209653,0.6836222411669982,3,0.5021589287055819,0.4817616776750436,0.6726470417868647,COMPLETE,,0.20422556952255527,,,,,,0.7100907049962708,0.05517837077901019,1.684302988846069,5.024679127449843e-05,5.711741103513382,0.9428096412747445
XGBoost,4,task_b_source_connected_class_neutral_v6_rigorous_A2CFC6311C18_outer4_XGBoost,A2CFC6311C185EAA2F17BA13E733D522713F64F2850C50F6EEF6E4CE1F592221,39,0.5107288198298187,2026-08-21 02:40:21.224560,2026-08-21 02:40:23.931088,0 days 00:00:02.706528,4.0,,,,230.0,0,0.49463579898362503,0.5107288198298187,0.6658649581923238,3,0.4964803545939449,0.47619945561874183,0.6644038852219897,COMPLETE,,0.12200477054438125,,,,,,0.7070391821589282,0.05658902872763729,1.0687143493493216,3.990695822303114e-05,5.536270027219959,0.9098761553945329
XGBoost,4,task_b_source_connected_class_neutral_v6_rigorous_A2CFC6311C18_outer4_XGBoost,A2CFC6311C185EAA2F17BA13E733D522713F64F2850C50F6EEF6E4CE1F592221,40,0.49572649572649574,2026-08-21 02:40:24.112741,2026-08-21 02:40:26.513466,0 days 00:00:02.400725,3.0,,,,276.0,0,0.48014304536043667,0.49572649572649574,0.6563290929019829,3,0.5107805574337014,0.4907971480740046,0.668603922429971,COMPLETE,,0.2662509416729917,,,,,,0.6860618310595141,0.034026808161382455,1.722981601714192,0.00047921668018087785,3.2935593838182067,0.8499768328247452
XGBoost,4,task_b_source_connected_class_neutral_v6_rigorous_A2CFC6311C18_outer4_XGBoost,A2CFC6311C185EAA2F17BA13E733D522713F64F2850C50F6EEF6E4CE1F592221,41,0.5384615384615384,2026-08-21 02:40:26.660182,2026-08-21 02:40:29.023875,0 days 00:00:02.363693,8.0,,,,207.0,0,0.5277620929794843,0.5384615384615384,0.659564343963321,3,0.4833802869806927,0.46159736264496987,0.6543653068367624,COMPLETE,,0.5708418284881605,,,,,,0.6572909603105697,0.04497132643230857,1.581644603794288,0.00011741449360382857,2.1857831444077194,0.9429257523079044
XGBoost,4,task_b_source_connected_class_neutral_v6_rigorous_A2CFC6311C18_outer4_XGBoost,A2CFC6311C185EAA2F17BA13E733D522713F64F2850C50F6EEF6E4CE1F592221,42,0.5384615384615384,2026-08-21 02:40:29.194004,2026-08-21 02:40:31.696072,0 days 00:00:02.502068,8.0,,,,208.0,0,0.5277620929794843,0.5384615384615384,0.6659427055846493,3,0.5059124032754864,0.4854999106662394,0.6708095858740829,COMPLETE,,0.5694252283748417,,,,,,0.6486432204042966,0.04452152195551246,1.6547097037901095,0.00018404840401159065,6.817229077325949,0.9428328941963331
XGBoost,4,task_b_source_connected_class_neutral_v6_rigorous_A2CFC6311C18_outer4_XGBoost,A2CFC6311C185EAA2F17BA13E733D522713F64F2850C50F6EEF6E4CE1F592221,43,0.514876632801161,2026-08-21 02:40:31.838818,2026-08-21 02:40:34.672588,0 days 00:00:02.833770,8.0,,,,245.0,0,0.5119518162996424,0.514876632801161,0.6808794312630629,3,0.48260273458042224,0.46027354627490685,0.664553593606631,COMPLETE,,0.231060215465069,,,,,,0.7529780805066058,0.05308180933974066,1.212655974575628,0.00010925664316846766,2.267551261915497,0.8960385002202722
XGBoost,4,task_b_source_connected_class_neutral_v6_rigorous_A2CFC6311C18_outer4_XGBoost,A2CFC6311C185EAA2F17BA13E733D522713F64F2850C50F6EEF6E4CE1F592221,44,0.5052612481857764,2026-08-21 02:40:34.840663,2026-08-21 02:40:37.199972,0 days 00:00:02.359309,8.0,,,,308.0,0,0.49463579898362503,0.5052612481857764,0.6657910243587993,3,0.489297385620915,0.4688246955417106,0.6562798401187807,COMPLETE,,0.4199549820113385,,,,,,0.6510747207428098,0.06296305325026579,2.091998569364323,3.422238683078013e-05,1.027453653513358,0.9538155860711318
XGBoost,4,task_b_source_connected_class_neutral_v6_rigorous_A2CFC6311C18_outer4_XGBoost,A2CFC6311C185EAA2F17BA13E733D522713F64F2850C50F6EEF6E4CE1F592221,45,0.5149206349206349,2026-08-21 02:40:37.363587,2026-08-21 02:40:40.152716,0 days 00:00:02.789129,8.0,,,,192.0,0,0.5132693393562958,0.5149206349206349,0.6622346962500415,3,0.5074656299301329,0.4835148552445167,0.6813559463510414,COMPLETE,,0.9476327793389222,,,,,,0.7069952318154048,0.028520920295347495,1.5940952309168537,0.0006679218357617928,7.190433122837321,0.8821738997195202
XGBoost,4,task_b_source_connected_class_neutral_v6_rigorous_A2CFC6311C18_outer4_XGBoost,A2CFC6311C185EAA2F17BA13E733D522713F64F2850C50F6EEF6E4CE1F592221,46,0.49743589743589745,2026-08-21 02:40:40.336062,2026-08-21 02:40:43.599137,0 days 00:00:03.263075,8.0,,,,265.0,0,0.5119518162996424,0.49743589743589745,0.6898635607075505,3,0.4848367891217789,0.465690709111219,0.6769394109209056,COMPLETE,,0.06359307270865291,,,,,,0.5967752544869145,0.05472776280277563,2.505138682301263,1.2968110033692324e-05,3.5793986954233343,0.9082689988589655
XGBoost,4,task_b_source_connected_class_neutral_v6_rigorous_A2CFC6311C18_outer4_XGBoost,A2CFC6311C185EAA2F17BA13E733D522713F64F2850C50F6EEF6E4CE1F592221,47,0.5303454715219421,2026-08-21 02:40:43.778238,2026-08-21 02:40:46.772066,0 days 00:00:02.993828,8.0,,,,217.0,0,0.5277620929794843,0.5303454715219421,0.679816063447777,3,0.4843606791375554,0.46309299155204336,0.6641703751348612,COMPLETE,,0.6056926506281868,,,,,,0.7304971368815794,0.03584416246017714,1.4747907756071255,6.2228213613362e-05,4.866130770699007,0.9785661497310622
XGBoost,4,task_b_source_connected_class_neutral_v6_rigorous_A2CFC6311C18_outer4_XGBoost,A2CFC6311C185EAA2F17BA13E733D522713F64F2850C50F6EEF6E4CE1F592221,48,0.5065759637188209,2026-08-21 02:40:46.948884,2026-08-21 02:40:48.819321,0 days 00:00:01.870437,7.0,,,,239.0,0,0.5132693393562958,0.5065759637188209,0.6705686754280104,3,0.5089024115393284,0.484470340155349,0.6667534966838936,COMPLETE,,0.9146584722272842,,,,,,0.656022211239778,0.07559246422061262,1.910615697039918,4.106011655399988e-05,10.731585393533889,0.9458145709788472
XGBoost,4,task_b_source_connected_class_neutral_v6_rigorous_A2CFC6311C18_outer4_XGBoost,A2CFC6311C185EAA2F17BA13E733D522713F64F2850C50F6EEF6E4CE1F592221,49,0.5303454715219421,2026-08-21 02:40:48.985117,2026-08-21 02:40:51.537659,0 days 00:00:02.552542,8.0,,,,152.0,0,0.5277620929794843,0.5303454715219421,0.6728473383204842,3,0.48324412140335066,0.4601928871194092,0.654510008056446,COMPLETE,,1.1852305140482904,,,,,,0.6917101649073534,0.04365284349203874,1.0463100369598073,0.00014555849124739403,0.7246204181075057,0.8467137414168184
XGBoost,4,task_b_source_connected_class_neutral_v6_rigorous_A2CFC6311C18_outer4_XGBoost,A2CFC6311C185EAA2F17BA13E733D522713F64F2850C50F6EEF6E4CE1F592221,50,0.514876632801161,2026-08-21 02:40:51.743933,2026-08-21 02:40:56.569561,0 days 00:00:04.825628,7.0,,,,304.0,0,0.5119518162996424,0.514876632801161,0.6848372902081342,3,0.48922789422282326,0.4664531493799786,0.6717715929355235,COMPLETE,,0.19145936173872974,,,,,,0.7660376444947339,0.029412421127261144,1.2921340210372105,0.0044071083595057774,2.6079008874026806,0.9219907260543736
XGBoost,4,task_b_source_connected_class_neutral_v6_rigorous_A2CFC6311C18_outer4_XGBoost,A2CFC6311C185EAA2F17BA13E733D522713F64F2850C50F6EEF6E4CE1F592221,51,0.5384615384615384,2026-08-21 02:40:56.746470,2026-08-21 02:40:59.139797,0 days 00:00:02.393327,8.0,,,,207.0,0,0.5277620929794843,0.5384615384615384,0.6625025064922762,3,0.5044080084140936,0.48435025340513144,0.6709991196726786,COMPLETE,,0.6139616323218197,,,,,,0.6588661793526762,0.04775820468521696,2.159369979965014,0.00020505707805007004,7.503670688192727,0.9443185633176768
XGBoost,4,task_b_source_connected_class_neutral_v6_rigorous_A2CFC6311C18_outer4_XGBoost,A2CFC6311C185EAA2F17BA13E733D522713F64F2850C50F6EEF6E4CE1F592221,52,0.5149206349206349,2026-08-21 02:40:59.303260,2026-08-21 02:41:01.754004,0 days 00:00:02.450744,8.0,,,,171.0,0,0.5132693393562958,0.5149206349206349,0.6711060181648416,3,0.4929475621666291,0.4723200221542339,0.6722682377478328,COMPLETE,,0.5280157119399068,,,,,,0.6184206402585061,0.04274654410887676,1.595562958144621,0.00045740724696545276,7.06992341374912,0.9803311326006443
XGBoost,4,task_b_source_connected_class_neutral_v6_rigorous_A2CFC6311C18_outer4_XGBoost,A2CFC6311C185EAA2F17BA13E733D522713F64F2850C50F6EEF6E4CE1F592221,53,0.4861111111111111,2026-08-21 02:41:01.923455,2026-08-21 02:41:04.514538,0 days 00:00:02.591083,8.0,,,,204.0,0,0.49877658573310746,0.4861111111111111,0.6634931706542959,3,0.5105908646983698,0.4824888116303401,0.6860496077997572,COMPLETE,,0.3716542695868835,,,,,,0.6392960418579329,0.04380499221308234,2.7942355986568415,1.813914304123751,11.856625768725753,0.9370827891130242
XGBoost,4,task_b_source_connected_class_neutral_v6_rigorous_A2CFC6311C18_outer4_XGBoost,A2CFC6311C185EAA2F17BA13E733D522713F64F2850C50F6EEF6E4CE1F592221,54,0.5303454715219421,2026-08-21 02:41:04.682602,2026-08-21 02:41:06.935589,0 days 00:00:02.252987,8.0,,,,268.0,0,0.5277620929794843,0.5303454715219421,0.6605502104223332,3,0.49183006535947715,0.4689718420316324,0.6590068506781109,COMPLETE,,0.6542539763547877,,,,,,0.6671272755501718,0.06352392826182585,1.23149405038071,8.96869036263239e-06,2.0768134060309467,0.8997302886780801
XGBoost,4,task_b_source_connected_class_neutral_v6_rigorous_A2CFC6311C18_outer4_XGBoost,A2CFC6311C185EAA2F17BA13E733D522713F64F2850C50F6EEF6E4CE1F592221,55,0.5065759637188209,2026-08-21 02:41:07.114165,2026-08-21 02:41:09.903754,0 days 00:00:02.789589,7.0,,,,226.0,0,0.5132693393562958,0.5065759637188209,0.6828269296299987,3,0.502970287731951,0.48103209605557024,0.6750276630634048,COMPLETE,,0.468894968806812,,,,,,0.597214481096786,0.036548703257820545,1.8080775253846038,3.959233941655768e-06,5.111681344215054,0.8002318597931991
XGBoost,4,task_b_source_connected_class_neutral_v6_rigorous_A2CFC6311C18_outer4_XGBoost,A2CFC6311C185EAA2F17BA13E733D522713F64F2850C50F6EEF6E4CE1F592221,56,0.4649572649572649,2026-08-21 02:41:10.074013,2026-08-21 02:41:12.532330,0 days 00:00:02.458317,8.0,,,,234.0,0,0.46433276868059475,0.4649572649572649,0.6611552130733717,3,0.48130211854856886,0.46074491144542346,0.6585492378280405,COMPLETE,,0.2755480079961594,,,,,,0.7037931047450908,0.05773594241190372,1.6150272046628475,0.001036726310555838,1.0723919018266836,0.8768786913784937
XGBoost,4,task_b_source_connected_class_neutral_v6_rigorous_A2CFC6311C18_outer4_XGBoost,A2CFC6311C185EAA2F17BA13E733D522713F64F2850C50F6EEF6E4CE1F592221,57,0.5087581699346405,2026-08-21 02:41:12.687441,2026-08-21 02:41:14.730910,0 days 00:00:02.043469,8.0,,,,174.0,0,0.5132693393562958,0.5087581699346405,0.6559000060278832,3,0.5031900308015927,0.4781134172431997,0.6666215035396464,COMPLETE,,1.0918571358296176,,,,,,0.7317495137840028,0.04524068635780494,2.2201957514373682,0.003793889856087824,3.557207003459418,0.916778113180681
XGBoost,4,task_b_source_connected_class_neutral_v6_rigorous_A2CFC6311C18_outer4_XGBoost,A2CFC6311C185EAA2F17BA13E733D522713F64F2850C50F6EEF6E4CE1F592221,58,0.5303454715219421,2026-08-21 02:41:14.908546,2026-08-21 02:41:17.061390,0 days 00:00:02.152844,7.0,,,,277.0,0,0.5277620929794843,0.5303454715219421,0.6629997453526866,3,0.4896532942678988,0.46910669509896713,0.6538880255548326,COMPLETE,,1.3395699453706074,,,,,,0.6163168669827473,0.05138827966064021,1.9396426264016713,0.00016680672649635388,1.7212423951124725,0.9485339784703611
XGBoost,4,task_b_source_connected_class_neutral_v6_rigorous_A2CFC6311C18_outer4_XGBoost,A2CFC6311C185EAA2F17BA13E733D522713F64F2850C50F6EEF6E4CE1F592221,59,0.5065759637188209,2026-08-21 02:41:17.244138,2026-08-21 02:41:22.126578,0 days 00:00:04.882440,8.0,,,,248.0,0,0.5132693393562958,0.5065759637188209,0.6772842294581425,3,0.49744102621891667,0.4723252349482559,0.685507193206293,COMPLETE,,0.1477201262270354,,,,,,0.6755071695169244,0.0197888888954779,1.1845721985491429,6.559890514236127e-05,8.184856499951286,0.890657289149539
