Record ID,outer_fold_id,role,Geological Group ID,Reference-connected block,reported_type,valid_oof,analysis_protocol_hash,abstain_reason,row_missing_fraction,n_retained_features,retained_features,requested_split_seed,effective_split_seed,split_seed_offset
R0163,1,validation,GG0046,RCB0035,S,True,A2CFC6311C185EAA2F17BA13E733D522713F64F2850C50F6EEF6E4CE1F592221,,0.1,40,SiO2; TiO2; Al2O3; Fe2O3; FeO; MnO; MgO; CaO; Na2O; K2O; P2O5; Rb; Sr; Y; Zr; Nb; Ba; La; Ce; Pr; Nd; Sm; Eu; Gd; Tb; Dy; Ho; Er; Tm; Yb; Lu; Hf; Ta; A/CNK; A/NK; Fe*; K2O/Na2O; Zr/Hf; Eu/Eu*; (La/Yb)N,20260992,20260992,0
R0164,1,validation,GG0046,RCB0035,S,True,A2CFC6311C185EAA2F17BA13E733D522713F64F2850C50F6EEF6E4CE1F592221,,0.1,40,SiO2; TiO2; Al2O3; Fe2O3; FeO; MnO; MgO; CaO; Na2O; K2O; P2O5; Rb; Sr; Y; Zr; Nb; Ba; La; Ce; Pr; Nd; Sm; Eu; Gd; Tb; Dy; Ho; Er; Tm; Yb; Lu; Hf; Ta; A/CNK; A/NK; Fe*; K2O/Na2O; Zr/Hf; Eu/Eu*; (La/Yb)N,20260992,20260992,0
R0165,1,validation,GG0046,RCB0035,S,True,A2CFC6311C185EAA2F17BA13E733D522713F64F2850C50F6EEF6E4CE1F592221,,0.1,40,SiO2; TiO2; Al2O3; Fe2O3; FeO; MnO; MgO; CaO; Na2O; K2O; P2O5; Rb; Sr; Y; Zr; Nb; Ba; La; Ce; Pr; Nd; Sm; Eu; Gd; Tb; Dy; Ho; Er; Tm; Yb; Lu; Hf; Ta; A/CNK; A/NK; Fe*; K2O/Na2O; Zr/Hf; Eu/Eu*; (La/Yb)N,20260992,20260992,0
R0166,1,validation,GG0046,RCB0035,S,True,A2CFC6311C185EAA2F17BA13E733D522713F64F2850C50F6EEF6E4CE1F592221,,0.1,40,SiO2; TiO2; Al2O3; Fe2O3; FeO; MnO; MgO; CaO; Na2O; K2O; P2O5; Rb; Sr; Y; Zr; Nb; Ba; La; Ce; Pr; Nd; Sm; Eu; Gd; Tb; Dy; Ho; Er; Tm; Yb; Lu; Hf; Ta; A/CNK; A/NK; Fe*; K2O/Na2O; Zr/Hf; Eu/Eu*; (La/Yb)N,20260992,20260992,0
R0167,1,validation,GG0046,RCB0035,S,True,A2CFC6311C185EAA2F17BA13E733D522713F64F2850C50F6EEF6E4CE1F592221,,0.1,40,SiO2; TiO2; Al2O3; Fe2O3; FeO; MnO; MgO; CaO; Na2O; K2O; P2O5; Rb; Sr; Y; Zr; Nb; Ba; La; Ce; Pr; Nd; Sm; Eu; Gd; Tb; Dy; Ho; Er; Tm; Yb; Lu; Hf; Ta; A/CNK; A/NK; Fe*; K2O/Na2O; Zr/Hf; Eu/Eu*; (La/Yb)N,20260992,20260992,0
R0168,1,validation,GG0046,RCB0035,S,True,A2CFC6311C185EAA2F17BA13E733D522713F64F2850C50F6EEF6E4CE1F592221,,0.1,40,SiO2; TiO2; Al2O3; Fe2O3; FeO; MnO; MgO; CaO; Na2O; K2O; P2O5; Rb; Sr; Y; Zr; Nb; Ba; La; Ce; Pr; Nd; Sm; Eu; Gd; Tb; Dy; Ho; Er; Tm; Yb; Lu; Hf; Ta; A/CNK; A/NK; Fe*; K2O/Na2O; Zr/Hf; Eu/Eu*; (La/Yb)N,20260992,20260992,0
R0169,1,validation,GG0046,RCB0035,S,True,A2CFC6311C185EAA2F17BA13E733D522713F64F2850C50F6EEF6E4CE1F592221,,0.1,40,SiO2; TiO2; Al2O3; Fe2O3; FeO; MnO; MgO; CaO; Na2O; K2O; P2O5; Rb; Sr; Y; Zr; Nb; Ba; La; Ce; Pr; Nd; Sm; Eu; Gd; Tb; Dy; Ho; Er; Tm; Yb; Lu; Hf; Ta; A/CNK; A/NK; Fe*; K2O/Na2O; Zr/Hf; Eu/Eu*; (La/Yb)N,20260992,20260992,0
R0170,1,validation,GG0046,RCB0035,S,True,A2CFC6311C185EAA2F17BA13E733D522713F64F2850C50F6EEF6E4CE1F592221,,0.1,40,SiO2; TiO2; Al2O3; Fe2O3; FeO; MnO; MgO; CaO; Na2O; K2O; P2O5; Rb; Sr; Y; Zr; Nb; Ba; La; Ce; Pr; Nd; Sm; Eu; Gd; Tb; Dy; Ho; Er; Tm; Yb; Lu; Hf; Ta; A/CNK; A/NK; Fe*; K2O/Na2O; Zr/Hf; Eu/Eu*; (La/Yb)N,20260992,20260992,0
R0171,1,validation,GG0046,RCB0035,S,True,A2CFC6311C185EAA2F17BA13E733D522713F64F2850C50F6EEF6E4CE1F592221,,0.1,40,SiO2; TiO2; Al2O3; Fe2O3; FeO; MnO; MgO; CaO; Na2O; K2O; P2O5; Rb; Sr; Y; Zr; Nb; Ba; La; Ce; Pr; Nd; Sm; Eu; Gd; Tb; Dy; Ho; Er; Tm; Yb; Lu; Hf; Ta; A/CNK; A/NK; Fe*; K2O/Na2O; Zr/Hf; Eu/Eu*; (La/Yb)N,20260992,20260992,0
R0172,1,validation,GG0046,RCB0035,S,True,A2CFC6311C185EAA2F17BA13E733D522713F64F2850C50F6EEF6E4CE1F592221,,0.1,40,SiO2; TiO2; Al2O3; Fe2O3; FeO; MnO; MgO; CaO; Na2O; K2O; P2O5; Rb; Sr; Y; Zr; Nb; Ba; La; Ce; Pr; Nd; Sm; Eu; Gd; Tb; Dy; Ho; Er; Tm; Yb; Lu; Hf; Ta; A/CNK; A/NK; Fe*; K2O/Na2O; Zr/Hf; Eu/Eu*; (La/Yb)N,20260992,20260992,0
R0216,1,validation,GG0047,RCB0036,S,True,A2CFC6311C185EAA2F17BA13E733D522713F64F2850C50F6EEF6E4CE1F592221,,0.0,40,SiO2; TiO2; Al2O3; Fe2O3; FeO; MnO; MgO; CaO; Na2O; K2O; P2O5; Rb; Sr; Y; Zr; Nb; Ba; La; Ce; Pr; Nd; Sm; Eu; Gd; Tb; Dy; Ho; Er; Tm; Yb; Lu; Hf; Ta; A/CNK; A/NK; Fe*; K2O/Na2O; Zr/Hf; Eu/Eu*; (La/Yb)N,20260992,20260992,0
R0217,1,validation,GG0047,RCB0036,S,True,A2CFC6311C185EAA2F17BA13E733D522713F64F2850C50F6EEF6E4CE1F592221,,0.0,40,SiO2; TiO2; Al2O3; Fe2O3; FeO; MnO; MgO; CaO; Na2O; K2O; P2O5; Rb; Sr; Y; Zr; Nb; Ba; La; Ce; Pr; Nd; Sm; Eu; Gd; Tb; Dy; Ho; Er; Tm; Yb; Lu; Hf; Ta; A/CNK; A/NK; Fe*; K2O/Na2O; Zr/Hf; Eu/Eu*; (La/Yb)N,20260992,20260992,0
R0218,1,validation,GG0047,RCB0036,S,True,A2CFC6311C185EAA2F17BA13E733D522713F64F2850C50F6EEF6E4CE1F592221,,0.0,40,SiO2; TiO2; Al2O3; Fe2O3; FeO; MnO; MgO; CaO; Na2O; K2O; P2O5; Rb; Sr; Y; Zr; Nb; Ba; La; Ce; Pr; Nd; Sm; Eu; Gd; Tb; Dy; Ho; Er; Tm; Yb; Lu; Hf; Ta; A/CNK; A/NK; Fe*; K2O/Na2O; Zr/Hf; Eu/Eu*; (La/Yb)N,20260992,20260992,0
R0219,1,validation,GG0047,RCB0036,S,True,A2CFC6311C185EAA2F17BA13E733D522713F64F2850C50F6EEF6E4CE1F592221,,0.0,40,SiO2; TiO2; Al2O3; Fe2O3; FeO; MnO; MgO; CaO; Na2O; K2O; P2O5; Rb; Sr; Y; Zr; Nb; Ba; La; Ce; Pr; Nd; Sm; Eu; Gd; Tb; Dy; Ho; Er; Tm; Yb; Lu; Hf; Ta; A/CNK; A/NK; Fe*; K2O/Na2O; Zr/Hf; Eu/Eu*; (La/Yb)N,20260992,20260992,0
R0220,1,validation,GG0047,RCB0036,S,True,A2CFC6311C185EAA2F17BA13E733D522713F64F2850C50F6EEF6E4CE1F592221,,0.0,40,SiO2; TiO2; Al2O3; Fe2O3; FeO; MnO; MgO; CaO; Na2O; K2O; P2O5; Rb; Sr; Y; Zr; Nb; Ba; La; Ce; Pr; Nd; Sm; Eu; Gd; Tb; Dy; Ho; Er; Tm; Yb; Lu; Hf; Ta; A/CNK; A/NK; Fe*; K2O/Na2O; Zr/Hf; Eu/Eu*; (La/Yb)N,20260992,20260992,0
R0221,1,validation,GG0047,RCB0036,S,True,A2CFC6311C185EAA2F17BA13E733D522713F64F2850C50F6EEF6E4CE1F592221,,0.0,40,SiO2; TiO2; Al2O3; Fe2O3; FeO; MnO; MgO; CaO; Na2O; K2O; P2O5; Rb; Sr; Y; Zr; Nb; Ba; La; Ce; Pr; Nd; Sm; Eu; Gd; Tb; Dy; Ho; Er; Tm; Yb; Lu; Hf; Ta; A/CNK; A/NK; Fe*; K2O/Na2O; Zr/Hf; Eu/Eu*; (La/Yb)N,20260992,20260992,0
R0222,1,validation,GG0047,RCB0036,S,True,A2CFC6311C185EAA2F17BA13E733D522713F64F2850C50F6EEF6E4CE1F592221,,0.0,40,SiO2; TiO2; Al2O3; Fe2O3; FeO; MnO; MgO; CaO; Na2O; K2O; P2O5; Rb; Sr; Y; Zr; Nb; Ba; La; Ce; Pr; Nd; Sm; Eu; Gd; Tb; Dy; Ho; Er; Tm; Yb; Lu; Hf; Ta; A/CNK; A/NK; Fe*; K2O/Na2O; Zr/Hf; Eu/Eu*; (La/Yb)N,20260992,20260992,0
R0223,1,validation,GG0047,RCB0036,S,True,A2CFC6311C185EAA2F17BA13E733D522713F64F2850C50F6EEF6E4CE1F592221,,0.0,40,SiO2; TiO2; Al2O3; Fe2O3; FeO; MnO; MgO; CaO; Na2O; K2O; P2O5; Rb; Sr; Y; Zr; Nb; Ba; La; Ce; Pr; Nd; Sm; Eu; Gd; Tb; Dy; Ho; Er; Tm; Yb; Lu; Hf; Ta; A/CNK; A/NK; Fe*; K2O/Na2O; Zr/Hf; Eu/Eu*; (La/Yb)N,20260992,20260992,0
R0224,1,validation,GG0047,RCB0036,S,True,A2CFC6311C185EAA2F17BA13E733D522713F64F2850C50F6EEF6E4CE1F592221,,0.0,40,SiO2; TiO2; Al2O3; Fe2O3; FeO; MnO; MgO; CaO; Na2O; K2O; P2O5; Rb; Sr; Y; Zr; Nb; Ba; La; Ce; Pr; Nd; Sm; Eu; Gd; Tb; Dy; Ho; Er; Tm; Yb; Lu; Hf; Ta; A/CNK; A/NK; Fe*; K2O/Na2O; Zr/Hf; Eu/Eu*; (La/Yb)N,20260992,20260992,0
R0225,1,validation,GG0047,RCB0036,S,True,A2CFC6311C185EAA2F17BA13E733D522713F64F2850C50F6EEF6E4CE1F592221,,0.0,40,SiO2; TiO2; Al2O3; Fe2O3; FeO; MnO; MgO; CaO; Na2O; K2O; P2O5; Rb; Sr; Y; Zr; Nb; Ba; La; Ce; Pr; Nd; Sm; Eu; Gd; Tb; Dy; Ho; Er; Tm; Yb; Lu; Hf; Ta; A/CNK; A/NK; Fe*; K2O/Na2O; Zr/Hf; Eu/Eu*; (La/Yb)N,20260992,20260992,0
R0226,1,validation,GG0047,RCB0036,S,True,A2CFC6311C185EAA2F17BA13E733D522713F64F2850C50F6EEF6E4CE1F592221,,0.0,40,SiO2; TiO2; Al2O3; Fe2O3; FeO; MnO; MgO; CaO; Na2O; K2O; P2O5; Rb; Sr; Y; Zr; Nb; Ba; La; Ce; Pr; Nd; Sm; Eu; Gd; Tb; Dy; Ho; Er; Tm; Yb; Lu; Hf; Ta; A/CNK; A/NK; Fe*; K2O/Na2O; Zr/Hf; Eu/Eu*; (La/Yb)N,20260992,20260992,0
R0227,1,validation,GG0047,RCB0036,S,True,A2CFC6311C185EAA2F17BA13E733D522713F64F2850C50F6EEF6E4CE1F592221,,0.0,40,SiO2; TiO2; Al2O3; Fe2O3; FeO; MnO; MgO; CaO; Na2O; K2O; P2O5; Rb; Sr; Y; Zr; Nb; Ba; La; Ce; Pr; Nd; Sm; Eu; Gd; Tb; Dy; Ho; Er; Tm; Yb; Lu; Hf; Ta; A/CNK; A/NK; Fe*; K2O/Na2O; Zr/Hf; Eu/Eu*; (La/Yb)N,20260992,20260992,0
R0274,1,validation,GG0047,RCB0036,S,True,A2CFC6311C185EAA2F17BA13E733D522713F64F2850C50F6EEF6E4CE1F592221,,0.0,40,SiO2; TiO2; Al2O3; Fe2O3; FeO; MnO; MgO; CaO; Na2O; K2O; P2O5; Rb; Sr; Y; Zr; Nb; Ba; La; Ce; Pr; Nd; Sm; Eu; Gd; Tb; Dy; Ho; Er; Tm; Yb; Lu; Hf; Ta; A/CNK; A/NK; Fe*; K2O/Na2O; Zr/Hf; Eu/Eu*; (La/Yb)N,20260992,20260992,0
R0275,1,validation,GG0047,RCB0036,S,True,A2CFC6311C185EAA2F17BA13E733D522713F64F2850C50F6EEF6E4CE1F592221,,0.0,40,SiO2; TiO2; Al2O3; Fe2O3; FeO; MnO; MgO; CaO; Na2O; K2O; P2O5; Rb; Sr; Y; Zr; Nb; Ba; La; Ce; Pr; Nd; Sm; Eu; Gd; Tb; Dy; Ho; Er; Tm; Yb; Lu; Hf; Ta; A/CNK; A/NK; Fe*; K2O/Na2O; Zr/Hf; Eu/Eu*; (La/Yb)N,20260992,20260992,0
R0276,1,validation,GG0047,RCB0036,S,True,A2CFC6311C185EAA2F17BA13E733D522713F64F2850C50F6EEF6E4CE1F592221,,0.0,40,SiO2; TiO2; Al2O3; Fe2O3; FeO; MnO; MgO; CaO; Na2O; K2O; P2O5; Rb; Sr; Y; Zr; Nb; Ba; La; Ce; Pr; Nd; Sm; Eu; Gd; Tb; Dy; Ho; Er; Tm; Yb; Lu; Hf; Ta; A/CNK; A/NK; Fe*; K2O/Na2O; Zr/Hf; Eu/Eu*; (La/Yb)N,20260992,20260992,0
R0280,1,validation,GG0053,RCB0039,A,True,A2CFC6311C185EAA2F17BA13E733D522713F64F2850C50F6EEF6E4CE1F592221,,0.075,40,SiO2; TiO2; Al2O3; Fe2O3; FeO; MnO; MgO; CaO; Na2O; K2O; P2O5; Rb; Sr; Y; Zr; Nb; Ba; La; Ce; Pr; Nd; Sm; Eu; Gd; Tb; Dy; Ho; Er; Tm; Yb; Lu; Hf; Ta; A/CNK; A/NK; Fe*; K2O/Na2O; Zr/Hf; Eu/Eu*; (La/Yb)N,20260992,20260992,0
R0281,1,validation,GG0053,RCB0039,A,True,A2CFC6311C185EAA2F17BA13E733D522713F64F2850C50F6EEF6E4CE1F592221,,0.075,40,SiO2; TiO2; Al2O3; Fe2O3; FeO; MnO; MgO; CaO; Na2O; K2O; P2O5; Rb; Sr; Y; Zr; Nb; Ba; La; Ce; Pr; Nd; Sm; Eu; Gd; Tb; Dy; Ho; Er; Tm; Yb; Lu; Hf; Ta; A/CNK; A/NK; Fe*; K2O/Na2O; Zr/Hf; Eu/Eu*; (La/Yb)N,20260992,20260992,0
R0282,1,validation,GG0053,RCB0039,A,True,A2CFC6311C185EAA2F17BA13E733D522713F64F2850C50F6EEF6E4CE1F592221,,0.075,40,SiO2; TiO2; Al2O3; Fe2O3; FeO; MnO; MgO; CaO; Na2O; K2O; P2O5; Rb; Sr; Y; Zr; Nb; Ba; La; Ce; Pr; Nd; Sm; Eu; Gd; Tb; Dy; Ho; Er; Tm; Yb; Lu; Hf; Ta; A/CNK; A/NK; Fe*; K2O/Na2O; Zr/Hf; Eu/Eu*; (La/Yb)N,20260992,20260992,0
R0283,1,validation,GG0053,RCB0039,A,True,A2CFC6311C185EAA2F17BA13E733D522713F64F2850C50F6EEF6E4CE1F592221,,0.075,40,SiO2; TiO2; Al2O3; Fe2O3; FeO; MnO; MgO; CaO; Na2O; K2O; P2O5; Rb; Sr; Y; Zr; Nb; Ba; La; Ce; Pr; Nd; Sm; Eu; Gd; Tb; Dy; Ho; Er; Tm; Yb; Lu; Hf; Ta; A/CNK; A/NK; Fe*; K2O/Na2O; Zr/Hf; Eu/Eu*; (La/Yb)N,20260992,20260992,0
R0284,1,validation,GG0053,RCB0039,A,True,A2CFC6311C185EAA2F17BA13E733D522713F64F2850C50F6EEF6E4CE1F592221,,0.075,40,SiO2; TiO2; Al2O3; Fe2O3; FeO; MnO; MgO; CaO; Na2O; K2O; P2O5; Rb; Sr; Y; Zr; Nb; Ba; La; Ce; Pr; Nd; Sm; Eu; Gd; Tb; Dy; Ho; Er; Tm; Yb; Lu; Hf; Ta; A/CNK; A/NK; Fe*; K2O/Na2O; Zr/Hf; Eu/Eu*; (La/Yb)N,20260992,20260992,0
R0285,1,validation,GG0053,RCB0039,A,True,A2CFC6311C185EAA2F17BA13E733D522713F64F2850C50F6EEF6E4CE1F592221,,0.075,40,SiO2; TiO2; Al2O3; Fe2O3; FeO; MnO; MgO; CaO; Na2O; K2O; P2O5; Rb; Sr; Y; Zr; Nb; Ba; La; Ce; Pr; Nd; Sm; Eu; Gd; Tb; Dy; Ho; Er; Tm; Yb; Lu; Hf; Ta; A/CNK; A/NK; Fe*; K2O/Na2O; Zr/Hf; Eu/Eu*; (La/Yb)N,20260992,20260992,0
R0832,1,validation,GG0046,RCB0035,S,True,A2CFC6311C185EAA2F17BA13E733D522713F64F2850C50F6EEF6E4CE1F592221,,0.375,40,SiO2; TiO2; Al2O3; Fe2O3; FeO; MnO; MgO; CaO; Na2O; K2O; P2O5; Rb; Sr; Y; Zr; Nb; Ba; La; Ce; Pr; Nd; Sm; Eu; Gd; Tb; Dy; Ho; Er; Tm; Yb; Lu; Hf; Ta; A/CNK; A/NK; Fe*; K2O/Na2O; Zr/Hf; Eu/Eu*; (La/Yb)N,20260992,20260992,0
R0833,1,validation,GG0046,RCB0035,S,True,A2CFC6311C185EAA2F17BA13E733D522713F64F2850C50F6EEF6E4CE1F592221,,0.375,40,SiO2; TiO2; Al2O3; Fe2O3; FeO; MnO; MgO; CaO; Na2O; K2O; P2O5; Rb; Sr; Y; Zr; Nb; Ba; La; Ce; Pr; Nd; Sm; Eu; Gd; Tb; Dy; Ho; Er; Tm; Yb; Lu; Hf; Ta; A/CNK; A/NK; Fe*; K2O/Na2O; Zr/Hf; Eu/Eu*; (La/Yb)N,20260992,20260992,0
R0834,1,validation,GG0046,RCB0035,S,True,A2CFC6311C185EAA2F17BA13E733D522713F64F2850C50F6EEF6E4CE1F592221,,0.375,40,SiO2; TiO2; Al2O3; Fe2O3; FeO; MnO; MgO; CaO; Na2O; K2O; P2O5; Rb; Sr; Y; Zr; Nb; Ba; La; Ce; Pr; Nd; Sm; Eu; Gd; Tb; Dy; Ho; Er; Tm; Yb; Lu; Hf; Ta; A/CNK; A/NK; Fe*; K2O/Na2O; Zr/Hf; Eu/Eu*; (La/Yb)N,20260992,20260992,0
R0835,1,validation,GG0046,RCB0035,S,True,A2CFC6311C185EAA2F17BA13E733D522713F64F2850C50F6EEF6E4CE1F592221,,0.375,40,SiO2; TiO2; Al2O3; Fe2O3; FeO; MnO; MgO; CaO; Na2O; K2O; P2O5; Rb; Sr; Y; Zr; Nb; Ba; La; Ce; Pr; Nd; Sm; Eu; Gd; Tb; Dy; Ho; Er; Tm; Yb; Lu; Hf; Ta; A/CNK; A/NK; Fe*; K2O/Na2O; Zr/Hf; Eu/Eu*; (La/Yb)N,20260992,20260992,0
R0836,1,validation,GG0046,RCB0035,S,True,A2CFC6311C185EAA2F17BA13E733D522713F64F2850C50F6EEF6E4CE1F592221,,0.375,40,SiO2; TiO2; Al2O3; Fe2O3; FeO; MnO; MgO; CaO; Na2O; K2O; P2O5; Rb; Sr; Y; Zr; Nb; Ba; La; Ce; Pr; Nd; Sm; Eu; Gd; Tb; Dy; Ho; Er; Tm; Yb; Lu; Hf; Ta; A/CNK; A/NK; Fe*; K2O/Na2O; Zr/Hf; Eu/Eu*; (La/Yb)N,20260992,20260992,0
R0837,1,validation,GG0046,RCB0035,S,True,A2CFC6311C185EAA2F17BA13E733D522713F64F2850C50F6EEF6E4CE1F592221,,0.375,40,SiO2; TiO2; Al2O3; Fe2O3; FeO; MnO; MgO; CaO; Na2O; K2O; P2O5; Rb; Sr; Y; Zr; Nb; Ba; La; Ce; Pr; Nd; Sm; Eu; Gd; Tb; Dy; Ho; Er; Tm; Yb; Lu; Hf; Ta; A/CNK; A/NK; Fe*; K2O/Na2O; Zr/Hf; Eu/Eu*; (La/Yb)N,20260992,20260992,0
R0838,1,validation,GG0046,RCB0035,S,True,A2CFC6311C185EAA2F17BA13E733D522713F64F2850C50F6EEF6E4CE1F592221,,0.375,40,SiO2; TiO2; Al2O3; Fe2O3; FeO; MnO; MgO; CaO; Na2O; K2O; P2O5; Rb; Sr; Y; Zr; Nb; Ba; La; Ce; Pr; Nd; Sm; Eu; Gd; Tb; Dy; Ho; Er; Tm; Yb; Lu; Hf; Ta; A/CNK; A/NK; Fe*; K2O/Na2O; Zr/Hf; Eu/Eu*; (La/Yb)N,20260992,20260992,0
R0839,1,validation,GG0046,RCB0035,S,True,A2CFC6311C185EAA2F17BA13E733D522713F64F2850C50F6EEF6E4CE1F592221,,0.375,40,SiO2; TiO2; Al2O3; Fe2O3; FeO; MnO; MgO; CaO; Na2O; K2O; P2O5; Rb; Sr; Y; Zr; Nb; Ba; La; Ce; Pr; Nd; Sm; Eu; Gd; Tb; Dy; Ho; Er; Tm; Yb; Lu; Hf; Ta; A/CNK; A/NK; Fe*; K2O/Na2O; Zr/Hf; Eu/Eu*; (La/Yb)N,20260992,20260992,0
R1574,1,validation,GG0096,RCB0059,S,True,A2CFC6311C185EAA2F17BA13E733D522713F64F2850C50F6EEF6E4CE1F592221,,0.0,40,SiO2; TiO2; Al2O3; Fe2O3; FeO; MnO; MgO; CaO; Na2O; K2O; P2O5; Rb; Sr; Y; Zr; Nb; Ba; La; Ce; Pr; Nd; Sm; Eu; Gd; Tb; Dy; Ho; Er; Tm; Yb; Lu; Hf; Ta; A/CNK; A/NK; Fe*; K2O/Na2O; Zr/Hf; Eu/Eu*; (La/Yb)N,20260992,20260992,0
R1575,1,validation,GG0096,RCB0059,S,True,A2CFC6311C185EAA2F17BA13E733D522713F64F2850C50F6EEF6E4CE1F592221,,0.0,40,SiO2; TiO2; Al2O3; Fe2O3; FeO; MnO; MgO; CaO; Na2O; K2O; P2O5; Rb; Sr; Y; Zr; Nb; Ba; La; Ce; Pr; Nd; Sm; Eu; Gd; Tb; Dy; Ho; Er; Tm; Yb; Lu; Hf; Ta; A/CNK; A/NK; Fe*; K2O/Na2O; Zr/Hf; Eu/Eu*; (La/Yb)N,20260992,20260992,0
R1576,1,validation,GG0096,RCB0059,S,True,A2CFC6311C185EAA2F17BA13E733D522713F64F2850C50F6EEF6E4CE1F592221,,0.0,40,SiO2; TiO2; Al2O3; Fe2O3; FeO; MnO; MgO; CaO; Na2O; K2O; P2O5; Rb; Sr; Y; Zr; Nb; Ba; La; Ce; Pr; Nd; Sm; Eu; Gd; Tb; Dy; Ho; Er; Tm; Yb; Lu; Hf; Ta; A/CNK; A/NK; Fe*; K2O/Na2O; Zr/Hf; Eu/Eu*; (La/Yb)N,20260992,20260992,0
R1577,1,validation,GG0096,RCB0059,S,True,A2CFC6311C185EAA2F17BA13E733D522713F64F2850C50F6EEF6E4CE1F592221,,0.0,40,SiO2; TiO2; Al2O3; Fe2O3; FeO; MnO; MgO; CaO; Na2O; K2O; P2O5; Rb; Sr; Y; Zr; Nb; Ba; La; Ce; Pr; Nd; Sm; Eu; Gd; Tb; Dy; Ho; Er; Tm; Yb; Lu; Hf; Ta; A/CNK; A/NK; Fe*; K2O/Na2O; Zr/Hf; Eu/Eu*; (La/Yb)N,20260992,20260992,0
R1578,1,validation,GG0096,RCB0059,S,True,A2CFC6311C185EAA2F17BA13E733D522713F64F2850C50F6EEF6E4CE1F592221,,0.0,40,SiO2; TiO2; Al2O3; Fe2O3; FeO; MnO; MgO; CaO; Na2O; K2O; P2O5; Rb; Sr; Y; Zr; Nb; Ba; La; Ce; Pr; Nd; Sm; Eu; Gd; Tb; Dy; Ho; Er; Tm; Yb; Lu; Hf; Ta; A/CNK; A/NK; Fe*; K2O/Na2O; Zr/Hf; Eu/Eu*; (La/Yb)N,20260992,20260992,0
R1579,1,validation,GG0096,RCB0059,S,True,A2CFC6311C185EAA2F17BA13E733D522713F64F2850C50F6EEF6E4CE1F592221,,0.0,40,SiO2; TiO2; Al2O3; Fe2O3; FeO; MnO; MgO; CaO; Na2O; K2O; P2O5; Rb; Sr; Y; Zr; Nb; Ba; La; Ce; Pr; Nd; Sm; Eu; Gd; Tb; Dy; Ho; Er; Tm; Yb; Lu; Hf; Ta; A/CNK; A/NK; Fe*; K2O/Na2O; Zr/Hf; Eu/Eu*; (La/Yb)N,20260992,20260992,0
R1580,1,validation,GG0096,RCB0059,S,True,A2CFC6311C185EAA2F17BA13E733D522713F64F2850C50F6EEF6E4CE1F592221,,0.0,40,SiO2; TiO2; Al2O3; Fe2O3; FeO; MnO; MgO; CaO; Na2O; K2O; P2O5; Rb; Sr; Y; Zr; Nb; Ba; La; Ce; Pr; Nd; Sm; Eu; Gd; Tb; Dy; Ho; Er; Tm; Yb; Lu; Hf; Ta; A/CNK; A/NK; Fe*; K2O/Na2O; Zr/Hf; Eu/Eu*; (La/Yb)N,20260992,20260992,0
R1581,1,validation,GG0096,RCB0059,S,True,A2CFC6311C185EAA2F17BA13E733D522713F64F2850C50F6EEF6E4CE1F592221,,0.0,40,SiO2; TiO2; Al2O3; Fe2O3; FeO; MnO; MgO; CaO; Na2O; K2O; P2O5; Rb; Sr; Y; Zr; Nb; Ba; La; Ce; Pr; Nd; Sm; Eu; Gd; Tb; Dy; Ho; Er; Tm; Yb; Lu; Hf; Ta; A/CNK; A/NK; Fe*; K2O/Na2O; Zr/Hf; Eu/Eu*; (La/Yb)N,20260992,20260992,0
R1582,1,validation,GG0096,RCB0059,S,True,A2CFC6311C185EAA2F17BA13E733D522713F64F2850C50F6EEF6E4CE1F592221,,0.0,40,SiO2; TiO2; Al2O3; Fe2O3; FeO; MnO; MgO; CaO; Na2O; K2O; P2O5; Rb; Sr; Y; Zr; Nb; Ba; La; Ce; Pr; Nd; Sm; Eu; Gd; Tb; Dy; Ho; Er; Tm; Yb; Lu; Hf; Ta; A/CNK; A/NK; Fe*; K2O/Na2O; Zr/Hf; Eu/Eu*; (La/Yb)N,20260992,20260992,0
R1591,1,validation,GG0039,RCB0031,I,True,A2CFC6311C185EAA2F17BA13E733D522713F64F2850C50F6EEF6E4CE1F592221,,0.05,40,SiO2; TiO2; Al2O3; Fe2O3; FeO; MnO; MgO; CaO; Na2O; K2O; P2O5; Rb; Sr; Y; Zr; Nb; Ba; La; Ce; Pr; Nd; Sm; Eu; Gd; Tb; Dy; Ho; Er; Tm; Yb; Lu; Hf; Ta; A/CNK; A/NK; Fe*; K2O/Na2O; Zr/Hf; Eu/Eu*; (La/Yb)N,20260992,20260992,0
R1592,1,validation,GG0039,RCB0031,I,True,A2CFC6311C185EAA2F17BA13E733D522713F64F2850C50F6EEF6E4CE1F592221,,0.05,40,SiO2; TiO2; Al2O3; Fe2O3; FeO; MnO; MgO; CaO; Na2O; K2O; P2O5; Rb; Sr; Y; Zr; Nb; Ba; La; Ce; Pr; Nd; Sm; Eu; Gd; Tb; Dy; Ho; Er; Tm; Yb; Lu; Hf; Ta; A/CNK; A/NK; Fe*; K2O/Na2O; Zr/Hf; Eu/Eu*; (La/Yb)N,20260992,20260992,0
R1593,1,validation,GG0039,RCB0031,I,True,A2CFC6311C185EAA2F17BA13E733D522713F64F2850C50F6EEF6E4CE1F592221,,0.075,40,SiO2; TiO2; Al2O3; Fe2O3; FeO; MnO; MgO; CaO; Na2O; K2O; P2O5; Rb; Sr; Y; Zr; Nb; Ba; La; Ce; Pr; Nd; Sm; Eu; Gd; Tb; Dy; Ho; Er; Tm; Yb; Lu; Hf; Ta; A/CNK; A/NK; Fe*; K2O/Na2O; Zr/Hf; Eu/Eu*; (La/Yb)N,20260992,20260992,0
R1594,1,validation,GG0039,RCB0031,I,True,A2CFC6311C185EAA2F17BA13E733D522713F64F2850C50F6EEF6E4CE1F592221,,0.05,40,SiO2; TiO2; Al2O3; Fe2O3; FeO; MnO; MgO; CaO; Na2O; K2O; P2O5; Rb; Sr; Y; Zr; Nb; Ba; La; Ce; Pr; Nd; Sm; Eu; Gd; Tb; Dy; Ho; Er; Tm; Yb; Lu; Hf; Ta; A/CNK; A/NK; Fe*; K2O/Na2O; Zr/Hf; Eu/Eu*; (La/Yb)N,20260992,20260992,0
R1595,1,validation,GG0039,RCB0031,I,True,A2CFC6311C185EAA2F17BA13E733D522713F64F2850C50F6EEF6E4CE1F592221,,0.05,40,SiO2; TiO2; Al2O3; Fe2O3; FeO; MnO; MgO; CaO; Na2O; K2O; P2O5; Rb; Sr; Y; Zr; Nb; Ba; La; Ce; Pr; Nd; Sm; Eu; Gd; Tb; Dy; Ho; Er; Tm; Yb; Lu; Hf; Ta; A/CNK; A/NK; Fe*; K2O/Na2O; Zr/Hf; Eu/Eu*; (La/Yb)N,20260992,20260992,0
R1596,1,validation,GG0039,RCB0031,I,True,A2CFC6311C185EAA2F17BA13E733D522713F64F2850C50F6EEF6E4CE1F592221,,0.05,40,SiO2; TiO2; Al2O3; Fe2O3; FeO; MnO; MgO; CaO; Na2O; K2O; P2O5; Rb; Sr; Y; Zr; Nb; Ba; La; Ce; Pr; Nd; Sm; Eu; Gd; Tb; Dy; Ho; Er; Tm; Yb; Lu; Hf; Ta; A/CNK; A/NK; Fe*; K2O/Na2O; Zr/Hf; Eu/Eu*; (La/Yb)N,20260992,20260992,0
R1597,1,validation,GG0039,RCB0031,I,True,A2CFC6311C185EAA2F17BA13E733D522713F64F2850C50F6EEF6E4CE1F592221,,0.05,40,SiO2; TiO2; Al2O3; Fe2O3; FeO; MnO; MgO; CaO; Na2O; K2O; P2O5; Rb; Sr; Y; Zr; Nb; Ba; La; Ce; Pr; Nd; Sm; Eu; Gd; Tb; Dy; Ho; Er; Tm; Yb; Lu; Hf; Ta; A/CNK; A/NK; Fe*; K2O/Na2O; Zr/Hf; Eu/Eu*; (La/Yb)N,20260992,20260992,0
R1598,1,validation,GG0039,RCB0031,I,True,A2CFC6311C185EAA2F17BA13E733D522713F64F2850C50F6EEF6E4CE1F592221,,0.05,40,SiO2; TiO2; Al2O3; Fe2O3; FeO; MnO; MgO; CaO; Na2O; K2O; P2O5; Rb; Sr; Y; Zr; Nb; Ba; La; Ce; Pr; Nd; Sm; Eu; Gd; Tb; Dy; Ho; Er; Tm; Yb; Lu; Hf; Ta; A/CNK; A/NK; Fe*; K2O/Na2O; Zr/Hf; Eu/Eu*; (La/Yb)N,20260992,20260992,0
R1599,1,validation,GG0039,RCB0031,I,True,A2CFC6311C185EAA2F17BA13E733D522713F64F2850C50F6EEF6E4CE1F592221,,0.05,40,SiO2; TiO2; Al2O3; Fe2O3; FeO; MnO; MgO; CaO; Na2O; K2O; P2O5; Rb; Sr; Y; Zr; Nb; Ba; La; Ce; Pr; Nd; Sm; Eu; Gd; Tb; Dy; Ho; Er; Tm; Yb; Lu; Hf; Ta; A/CNK; A/NK; Fe*; K2O/Na2O; Zr/Hf; Eu/Eu*; (La/Yb)N,20260992,20260992,0
R1600,1,validation,GG0039,RCB0031,I,True,A2CFC6311C185EAA2F17BA13E733D522713F64F2850C50F6EEF6E4CE1F592221,,0.0,40,SiO2; TiO2; Al2O3; Fe2O3; FeO; MnO; MgO; CaO; Na2O; K2O; P2O5; Rb; Sr; Y; Zr; Nb; Ba; La; Ce; Pr; Nd; Sm; Eu; Gd; Tb; Dy; Ho; Er; Tm; Yb; Lu; Hf; Ta; A/CNK; A/NK; Fe*; K2O/Na2O; Zr/Hf; Eu/Eu*; (La/Yb)N,20260992,20260992,0
R1601,1,validation,GG0039,RCB0031,I,True,A2CFC6311C185EAA2F17BA13E733D522713F64F2850C50F6EEF6E4CE1F592221,,0.0,40,SiO2; TiO2; Al2O3; Fe2O3; FeO; MnO; MgO; CaO; Na2O; K2O; P2O5; Rb; Sr; Y; Zr; Nb; Ba; La; Ce; Pr; Nd; Sm; Eu; Gd; Tb; Dy; Ho; Er; Tm; Yb; Lu; Hf; Ta; A/CNK; A/NK; Fe*; K2O/Na2O; Zr/Hf; Eu/Eu*; (La/Yb)N,20260992,20260992,0
R1602,1,validation,GG0039,RCB0031,I,True,A2CFC6311C185EAA2F17BA13E733D522713F64F2850C50F6EEF6E4CE1F592221,,0.0,40,SiO2; TiO2; Al2O3; Fe2O3; FeO; MnO; MgO; CaO; Na2O; K2O; P2O5; Rb; Sr; Y; Zr; Nb; Ba; La; Ce; Pr; Nd; Sm; Eu; Gd; Tb; Dy; Ho; Er; Tm; Yb; Lu; Hf; Ta; A/CNK; A/NK; Fe*; K2O/Na2O; Zr/Hf; Eu/Eu*; (La/Yb)N,20260992,20260992,0
R1603,1,validation,GG0039,RCB0031,I,True,A2CFC6311C185EAA2F17BA13E733D522713F64F2850C50F6EEF6E4CE1F592221,,0.0,40,SiO2; TiO2; Al2O3; Fe2O3; FeO; MnO; MgO; CaO; Na2O; K2O; P2O5; Rb; Sr; Y; Zr; Nb; Ba; La; Ce; Pr; Nd; Sm; Eu; Gd; Tb; Dy; Ho; Er; Tm; Yb; Lu; Hf; Ta; A/CNK; A/NK; Fe*; K2O/Na2O; Zr/Hf; Eu/Eu*; (La/Yb)N,20260992,20260992,0
R1604,1,validation,GG0039,RCB0031,I,True,A2CFC6311C185EAA2F17BA13E733D522713F64F2850C50F6EEF6E4CE1F592221,,0.0,40,SiO2; TiO2; Al2O3; Fe2O3; FeO; MnO; MgO; CaO; Na2O; K2O; P2O5; Rb; Sr; Y; Zr; Nb; Ba; La; Ce; Pr; Nd; Sm; Eu; Gd; Tb; Dy; Ho; Er; Tm; Yb; Lu; Hf; Ta; A/CNK; A/NK; Fe*; K2O/Na2O; Zr/Hf; Eu/Eu*; (La/Yb)N,20260992,20260992,0
R1605,1,validation,GG0039,RCB0031,I,True,A2CFC6311C185EAA2F17BA13E733D522713F64F2850C50F6EEF6E4CE1F592221,,0.0,40,SiO2; TiO2; Al2O3; Fe2O3; FeO; MnO; MgO; CaO; Na2O; K2O; P2O5; Rb; Sr; Y; Zr; Nb; Ba; La; Ce; Pr; Nd; Sm; Eu; Gd; Tb; Dy; Ho; Er; Tm; Yb; Lu; Hf; Ta; A/CNK; A/NK; Fe*; K2O/Na2O; Zr/Hf; Eu/Eu*; (La/Yb)N,20260992,20260992,0
R1606,1,validation,GG0039,RCB0031,I,True,A2CFC6311C185EAA2F17BA13E733D522713F64F2850C50F6EEF6E4CE1F592221,,0.0,40,SiO2; TiO2; Al2O3; Fe2O3; FeO; MnO; MgO; CaO; Na2O; K2O; P2O5; Rb; Sr; Y; Zr; Nb; Ba; La; Ce; Pr; Nd; Sm; Eu; Gd; Tb; Dy; Ho; Er; Tm; Yb; Lu; Hf; Ta; A/CNK; A/NK; Fe*; K2O/Na2O; Zr/Hf; Eu/Eu*; (La/Yb)N,20260992,20260992,0
R1607,1,validation,GG0039,RCB0031,I,True,A2CFC6311C185EAA2F17BA13E733D522713F64F2850C50F6EEF6E4CE1F592221,,0.0,40,SiO2; TiO2; Al2O3; Fe2O3; FeO; MnO; MgO; CaO; Na2O; K2O; P2O5; Rb; Sr; Y; Zr; Nb; Ba; La; Ce; Pr; Nd; Sm; Eu; Gd; Tb; Dy; Ho; Er; Tm; Yb; Lu; Hf; Ta; A/CNK; A/NK; Fe*; K2O/Na2O; Zr/Hf; Eu/Eu*; (La/Yb)N,20260992,20260992,0
R1608,1,validation,GG0039,RCB0031,I,True,A2CFC6311C185EAA2F17BA13E733D522713F64F2850C50F6EEF6E4CE1F592221,,0.0,40,SiO2; TiO2; Al2O3; Fe2O3; FeO; MnO; MgO; CaO; Na2O; K2O; P2O5; Rb; Sr; Y; Zr; Nb; Ba; La; Ce; Pr; Nd; Sm; Eu; Gd; Tb; Dy; Ho; Er; Tm; Yb; Lu; Hf; Ta; A/CNK; A/NK; Fe*; K2O/Na2O; Zr/Hf; Eu/Eu*; (La/Yb)N,20260992,20260992,0
R1609,1,validation,GG0039,RCB0031,I,True,A2CFC6311C185EAA2F17BA13E733D522713F64F2850C50F6EEF6E4CE1F592221,,0.0,40,SiO2; TiO2; Al2O3; Fe2O3; FeO; MnO; MgO; CaO; Na2O; K2O; P2O5; Rb; Sr; Y; Zr; Nb; Ba; La; Ce; Pr; Nd; Sm; Eu; Gd; Tb; Dy; Ho; Er; Tm; Yb; Lu; Hf; Ta; A/CNK; A/NK; Fe*; K2O/Na2O; Zr/Hf; Eu/Eu*; (La/Yb)N,20260992,20260992,0
R1610,1,validation,GG0039,RCB0031,I,True,A2CFC6311C185EAA2F17BA13E733D522713F64F2850C50F6EEF6E4CE1F592221,,0.0,40,SiO2; TiO2; Al2O3; Fe2O3; FeO; MnO; MgO; CaO; Na2O; K2O; P2O5; Rb; Sr; Y; Zr; Nb; Ba; La; Ce; Pr; Nd; Sm; Eu; Gd; Tb; Dy; Ho; Er; Tm; Yb; Lu; Hf; Ta; A/CNK; A/NK; Fe*; K2O/Na2O; Zr/Hf; Eu/Eu*; (La/Yb)N,20260992,20260992,0
R1611,1,validation,GG0039,RCB0031,I,True,A2CFC6311C185EAA2F17BA13E733D522713F64F2850C50F6EEF6E4CE1F592221,,0.0,40,SiO2; TiO2; Al2O3; Fe2O3; FeO; MnO; MgO; CaO; Na2O; K2O; P2O5; Rb; Sr; Y; Zr; Nb; Ba; La; Ce; Pr; Nd; Sm; Eu; Gd; Tb; Dy; Ho; Er; Tm; Yb; Lu; Hf; Ta; A/CNK; A/NK; Fe*; K2O/Na2O; Zr/Hf; Eu/Eu*; (La/Yb)N,20260992,20260992,0
R1612,1,validation,GG0039,RCB0031,I,True,A2CFC6311C185EAA2F17BA13E733D522713F64F2850C50F6EEF6E4CE1F592221,,0.0,40,SiO2; TiO2; Al2O3; Fe2O3; FeO; MnO; MgO; CaO; Na2O; K2O; P2O5; Rb; Sr; Y; Zr; Nb; Ba; La; Ce; Pr; Nd; Sm; Eu; Gd; Tb; Dy; Ho; Er; Tm; Yb; Lu; Hf; Ta; A/CNK; A/NK; Fe*; K2O/Na2O; Zr/Hf; Eu/Eu*; (La/Yb)N,20260992,20260992,0
R1613,1,validation,GG0039,RCB0031,I,True,A2CFC6311C185EAA2F17BA13E733D522713F64F2850C50F6EEF6E4CE1F592221,,0.0,40,SiO2; TiO2; Al2O3; Fe2O3; FeO; MnO; MgO; CaO; Na2O; K2O; P2O5; Rb; Sr; Y; Zr; Nb; Ba; La; Ce; Pr; Nd; Sm; Eu; Gd; Tb; Dy; Ho; Er; Tm; Yb; Lu; Hf; Ta; A/CNK; A/NK; Fe*; K2O/Na2O; Zr/Hf; Eu/Eu*; (La/Yb)N,20260992,20260992,0
R1614,1,validation,GG0039,RCB0031,I,True,A2CFC6311C185EAA2F17BA13E733D522713F64F2850C50F6EEF6E4CE1F592221,,0.0,40,SiO2; TiO2; Al2O3; Fe2O3; FeO; MnO; MgO; CaO; Na2O; K2O; P2O5; Rb; Sr; Y; Zr; Nb; Ba; La; Ce; Pr; Nd; Sm; Eu; Gd; Tb; Dy; Ho; Er; Tm; Yb; Lu; Hf; Ta; A/CNK; A/NK; Fe*; K2O/Na2O; Zr/Hf; Eu/Eu*; (La/Yb)N,20260992,20260992,0
R1615,1,validation,GG0039,RCB0031,I,True,A2CFC6311C185EAA2F17BA13E733D522713F64F2850C50F6EEF6E4CE1F592221,,0.0,40,SiO2; TiO2; Al2O3; Fe2O3; FeO; MnO; MgO; CaO; Na2O; K2O; P2O5; Rb; Sr; Y; Zr; Nb; Ba; La; Ce; Pr; Nd; Sm; Eu; Gd; Tb; Dy; Ho; Er; Tm; Yb; Lu; Hf; Ta; A/CNK; A/NK; Fe*; K2O/Na2O; Zr/Hf; Eu/Eu*; (La/Yb)N,20260992,20260992,0
R1616,1,validation,GG0039,RCB0031,I,True,A2CFC6311C185EAA2F17BA13E733D522713F64F2850C50F6EEF6E4CE1F592221,,0.0,40,SiO2; TiO2; Al2O3; Fe2O3; FeO; MnO; MgO; CaO; Na2O; K2O; P2O5; Rb; Sr; Y; Zr; Nb; Ba; La; Ce; Pr; Nd; Sm; Eu; Gd; Tb; Dy; Ho; Er; Tm; Yb; Lu; Hf; Ta; A/CNK; A/NK; Fe*; K2O/Na2O; Zr/Hf; Eu/Eu*; (La/Yb)N,20260992,20260992,0
R1617,1,validation,GG0039,RCB0031,I,True,A2CFC6311C185EAA2F17BA13E733D522713F64F2850C50F6EEF6E4CE1F592221,,0.0,40,SiO2; TiO2; Al2O3; Fe2O3; FeO; MnO; MgO; CaO; Na2O; K2O; P2O5; Rb; Sr; Y; Zr; Nb; Ba; La; Ce; Pr; Nd; Sm; Eu; Gd; Tb; Dy; Ho; Er; Tm; Yb; Lu; Hf; Ta; A/CNK; A/NK; Fe*; K2O/Na2O; Zr/Hf; Eu/Eu*; (La/Yb)N,20260992,20260992,0
R1618,1,validation,GG0039,RCB0031,I,True,A2CFC6311C185EAA2F17BA13E733D522713F64F2850C50F6EEF6E4CE1F592221,,0.0,40,SiO2; TiO2; Al2O3; Fe2O3; FeO; MnO; MgO; CaO; Na2O; K2O; P2O5; Rb; Sr; Y; Zr; Nb; Ba; La; Ce; Pr; Nd; Sm; Eu; Gd; Tb; Dy; Ho; Er; Tm; Yb; Lu; Hf; Ta; A/CNK; A/NK; Fe*; K2O/Na2O; Zr/Hf; Eu/Eu*; (La/Yb)N,20260992,20260992,0
R1619,1,validation,GG0039,RCB0031,I,True,A2CFC6311C185EAA2F17BA13E733D522713F64F2850C50F6EEF6E4CE1F592221,,0.0,40,SiO2; TiO2; Al2O3; Fe2O3; FeO; MnO; MgO; CaO; Na2O; K2O; P2O5; Rb; Sr; Y; Zr; Nb; Ba; La; Ce; Pr; Nd; Sm; Eu; Gd; Tb; Dy; Ho; Er; Tm; Yb; Lu; Hf; Ta; A/CNK; A/NK; Fe*; K2O/Na2O; Zr/Hf; Eu/Eu*; (La/Yb)N,20260992,20260992,0
R1620,1,validation,GG0039,RCB0031,I,True,A2CFC6311C185EAA2F17BA13E733D522713F64F2850C50F6EEF6E4CE1F592221,,0.0,40,SiO2; TiO2; Al2O3; Fe2O3; FeO; MnO; MgO; CaO; Na2O; K2O; P2O5; Rb; Sr; Y; Zr; Nb; Ba; La; Ce; Pr; Nd; Sm; Eu; Gd; Tb; Dy; Ho; Er; Tm; Yb; Lu; Hf; Ta; A/CNK; A/NK; Fe*; K2O/Na2O; Zr/Hf; Eu/Eu*; (La/Yb)N,20260992,20260992,0
R1621,1,validation,GG0039,RCB0031,I,True,A2CFC6311C185EAA2F17BA13E733D522713F64F2850C50F6EEF6E4CE1F592221,,0.0,40,SiO2; TiO2; Al2O3; Fe2O3; FeO; MnO; MgO; CaO; Na2O; K2O; P2O5; Rb; Sr; Y; Zr; Nb; Ba; La; Ce; Pr; Nd; Sm; Eu; Gd; Tb; Dy; Ho; Er; Tm; Yb; Lu; Hf; Ta; A/CNK; A/NK; Fe*; K2O/Na2O; Zr/Hf; Eu/Eu*; (La/Yb)N,20260992,20260992,0
R1622,1,validation,GG0039,RCB0031,I,True,A2CFC6311C185EAA2F17BA13E733D522713F64F2850C50F6EEF6E4CE1F592221,,0.025,40,SiO2; TiO2; Al2O3; Fe2O3; FeO; MnO; MgO; CaO; Na2O; K2O; P2O5; Rb; Sr; Y; Zr; Nb; Ba; La; Ce; Pr; Nd; Sm; Eu; Gd; Tb; Dy; Ho; Er; Tm; Yb; Lu; Hf; Ta; A/CNK; A/NK; Fe*; K2O/Na2O; Zr/Hf; Eu/Eu*; (La/Yb)N,20260992,20260992,0
R1623,1,validation,GG0039,RCB0031,I,True,A2CFC6311C185EAA2F17BA13E733D522713F64F2850C50F6EEF6E4CE1F592221,,0.025,40,SiO2; TiO2; Al2O3; Fe2O3; FeO; MnO; MgO; CaO; Na2O; K2O; P2O5; Rb; Sr; Y; Zr; Nb; Ba; La; Ce; Pr; Nd; Sm; Eu; Gd; Tb; Dy; Ho; Er; Tm; Yb; Lu; Hf; Ta; A/CNK; A/NK; Fe*; K2O/Na2O; Zr/Hf; Eu/Eu*; (La/Yb)N,20260992,20260992,0
R1624,1,validation,GG0039,RCB0031,I,True,A2CFC6311C185EAA2F17BA13E733D522713F64F2850C50F6EEF6E4CE1F592221,,0.025,40,SiO2; TiO2; Al2O3; Fe2O3; FeO; MnO; MgO; CaO; Na2O; K2O; P2O5; Rb; Sr; Y; Zr; Nb; Ba; La; Ce; Pr; Nd; Sm; Eu; Gd; Tb; Dy; Ho; Er; Tm; Yb; Lu; Hf; Ta; A/CNK; A/NK; Fe*; K2O/Na2O; Zr/Hf; Eu/Eu*; (La/Yb)N,20260992,20260992,0
R1625,1,validation,GG0039,RCB0031,I,True,A2CFC6311C185EAA2F17BA13E733D522713F64F2850C50F6EEF6E4CE1F592221,,0.025,40,SiO2; TiO2; Al2O3; Fe2O3; FeO; MnO; MgO; CaO; Na2O; K2O; P2O5; Rb; Sr; Y; Zr; Nb; Ba; La; Ce; Pr; Nd; Sm; Eu; Gd; Tb; Dy; Ho; Er; Tm; Yb; Lu; Hf; Ta; A/CNK; A/NK; Fe*; K2O/Na2O; Zr/Hf; Eu/Eu*; (La/Yb)N,20260992,20260992,0
R1626,1,validation,GG0039,RCB0031,I,True,A2CFC6311C185EAA2F17BA13E733D522713F64F2850C50F6EEF6E4CE1F592221,,0.025,40,SiO2; TiO2; Al2O3; Fe2O3; FeO; MnO; MgO; CaO; Na2O; K2O; P2O5; Rb; Sr; Y; Zr; Nb; Ba; La; Ce; Pr; Nd; Sm; Eu; Gd; Tb; Dy; Ho; Er; Tm; Yb; Lu; Hf; Ta; A/CNK; A/NK; Fe*; K2O/Na2O; Zr/Hf; Eu/Eu*; (La/Yb)N,20260992,20260992,0
R1627,1,validation,GG0039,RCB0031,I,True,A2CFC6311C185EAA2F17BA13E733D522713F64F2850C50F6EEF6E4CE1F592221,,0.025,40,SiO2; TiO2; Al2O3; Fe2O3; FeO; MnO; MgO; CaO; Na2O; K2O; P2O5; Rb; Sr; Y; Zr; Nb; Ba; La; Ce; Pr; Nd; Sm; Eu; Gd; Tb; Dy; Ho; Er; Tm; Yb; Lu; Hf; Ta; A/CNK; A/NK; Fe*; K2O/Na2O; Zr/Hf; Eu/Eu*; (La/Yb)N,20260992,20260992,0
R1628,1,validation,GG0039,RCB0031,I,True,A2CFC6311C185EAA2F17BA13E733D522713F64F2850C50F6EEF6E4CE1F592221,,0.025,40,SiO2; TiO2; Al2O3; Fe2O3; FeO; MnO; MgO; CaO; Na2O; K2O; P2O5; Rb; Sr; Y; Zr; Nb; Ba; La; Ce; Pr; Nd; Sm; Eu; Gd; Tb; Dy; Ho; Er; Tm; Yb; Lu; Hf; Ta; A/CNK; A/NK; Fe*; K2O/Na2O; Zr/Hf; Eu/Eu*; (La/Yb)N,20260992,20260992,0
R1629,1,validation,GG0039,RCB0031,I,True,A2CFC6311C185EAA2F17BA13E733D522713F64F2850C50F6EEF6E4CE1F592221,,0.025,40,SiO2; TiO2; Al2O3; Fe2O3; FeO; MnO; MgO; CaO; Na2O; K2O; P2O5; Rb; Sr; Y; Zr; Nb; Ba; La; Ce; Pr; Nd; Sm; Eu; Gd; Tb; Dy; Ho; Er; Tm; Yb; Lu; Hf; Ta; A/CNK; A/NK; Fe*; K2O/Na2O; Zr/Hf; Eu/Eu*; (La/Yb)N,20260992,20260992,0
R1630,1,validation,GG0039,RCB0031,I,True,A2CFC6311C185EAA2F17BA13E733D522713F64F2850C50F6EEF6E4CE1F592221,,0.025,40,SiO2; TiO2; Al2O3; Fe2O3; FeO; MnO; MgO; CaO; Na2O; K2O; P2O5; Rb; Sr; Y; Zr; Nb; Ba; La; Ce; Pr; Nd; Sm; Eu; Gd; Tb; Dy; Ho; Er; Tm; Yb; Lu; Hf; Ta; A/CNK; A/NK; Fe*; K2O/Na2O; Zr/Hf; Eu/Eu*; (La/Yb)N,20260992,20260992,0
R1631,1,validation,GG0039,RCB0031,I,True,A2CFC6311C185EAA2F17BA13E733D522713F64F2850C50F6EEF6E4CE1F592221,,0.025,40,SiO2; TiO2; Al2O3; Fe2O3; FeO; MnO; MgO; CaO; Na2O; K2O; P2O5; Rb; Sr; Y; Zr; Nb; Ba; La; Ce; Pr; Nd; Sm; Eu; Gd; Tb; Dy; Ho; Er; Tm; Yb; Lu; Hf; Ta; A/CNK; A/NK; Fe*; K2O/Na2O; Zr/Hf; Eu/Eu*; (La/Yb)N,20260992,20260992,0
R1632,1,validation,GG0039,RCB0031,I,True,A2CFC6311C185EAA2F17BA13E733D522713F64F2850C50F6EEF6E4CE1F592221,,0.025,40,SiO2; TiO2; Al2O3; Fe2O3; FeO; MnO; MgO; CaO; Na2O; K2O; P2O5; Rb; Sr; Y; Zr; Nb; Ba; La; Ce; Pr; Nd; Sm; Eu; Gd; Tb; Dy; Ho; Er; Tm; Yb; Lu; Hf; Ta; A/CNK; A/NK; Fe*; K2O/Na2O; Zr/Hf; Eu/Eu*; (La/Yb)N,20260992,20260992,0
R1633,1,validation,GG0039,RCB0031,I,True,A2CFC6311C185EAA2F17BA13E733D522713F64F2850C50F6EEF6E4CE1F592221,,0.025,40,SiO2; TiO2; Al2O3; Fe2O3; FeO; MnO; MgO; CaO; Na2O; K2O; P2O5; Rb; Sr; Y; Zr; Nb; Ba; La; Ce; Pr; Nd; Sm; Eu; Gd; Tb; Dy; Ho; Er; Tm; Yb; Lu; Hf; Ta; A/CNK; A/NK; Fe*; K2O/Na2O; Zr/Hf; Eu/Eu*; (La/Yb)N,20260992,20260992,0
R1634,1,validation,GG0039,RCB0031,I,True,A2CFC6311C185EAA2F17BA13E733D522713F64F2850C50F6EEF6E4CE1F592221,,0.025,40,SiO2; TiO2; Al2O3; Fe2O3; FeO; MnO; MgO; CaO; Na2O; K2O; P2O5; Rb; Sr; Y; Zr; Nb; Ba; La; Ce; Pr; Nd; Sm; Eu; Gd; Tb; Dy; Ho; Er; Tm; Yb; Lu; Hf; Ta; A/CNK; A/NK; Fe*; K2O/Na2O; Zr/Hf; Eu/Eu*; (La/Yb)N,20260992,20260992,0
R1635,1,validation,GG0039,RCB0031,I,True,A2CFC6311C185EAA2F17BA13E733D522713F64F2850C50F6EEF6E4CE1F592221,,0.075,40,SiO2; TiO2; Al2O3; Fe2O3; FeO; MnO; MgO; CaO; Na2O; K2O; P2O5; Rb; Sr; Y; Zr; Nb; Ba; La; Ce; Pr; Nd; Sm; Eu; Gd; Tb; Dy; Ho; Er; Tm; Yb; Lu; Hf; Ta; A/CNK; A/NK; Fe*; K2O/Na2O; Zr/Hf; Eu/Eu*; (La/Yb)N,20260992,20260992,0
R1636,1,validation,GG0039,RCB0031,I,True,A2CFC6311C185EAA2F17BA13E733D522713F64F2850C50F6EEF6E4CE1F592221,,0.025,40,SiO2; TiO2; Al2O3; Fe2O3; FeO; MnO; MgO; CaO; Na2O; K2O; P2O5; Rb; Sr; Y; Zr; Nb; Ba; La; Ce; Pr; Nd; Sm; Eu; Gd; Tb; Dy; Ho; Er; Tm; Yb; Lu; Hf; Ta; A/CNK; A/NK; Fe*; K2O/Na2O; Zr/Hf; Eu/Eu*; (La/Yb)N,20260992,20260992,0
R1715,1,validation,GG0101,RCB0061,I,True,A2CFC6311C185EAA2F17BA13E733D522713F64F2850C50F6EEF6E4CE1F592221,,0.075,40,SiO2; TiO2; Al2O3; Fe2O3; FeO; MnO; MgO; CaO; Na2O; K2O; P2O5; Rb; Sr; Y; Zr; Nb; Ba; La; Ce; Pr; Nd; Sm; Eu; Gd; Tb; Dy; Ho; Er; Tm; Yb; Lu; Hf; Ta; A/CNK; A/NK; Fe*; K2O/Na2O; Zr/Hf; Eu/Eu*; (La/Yb)N,20260992,20260992,0
R1716,1,validation,GG0101,RCB0061,I,True,A2CFC6311C185EAA2F17BA13E733D522713F64F2850C50F6EEF6E4CE1F592221,,0.075,40,SiO2; TiO2; Al2O3; Fe2O3; FeO; MnO; MgO; CaO; Na2O; K2O; P2O5; Rb; Sr; Y; Zr; Nb; Ba; La; Ce; Pr; Nd; Sm; Eu; Gd; Tb; Dy; Ho; Er; Tm; Yb; Lu; Hf; Ta; A/CNK; A/NK; Fe*; K2O/Na2O; Zr/Hf; Eu/Eu*; (La/Yb)N,20260992,20260992,0
R1717,1,validation,GG0101,RCB0061,I,True,A2CFC6311C185EAA2F17BA13E733D522713F64F2850C50F6EEF6E4CE1F592221,,0.075,40,SiO2; TiO2; Al2O3; Fe2O3; FeO; MnO; MgO; CaO; Na2O; K2O; P2O5; Rb; Sr; Y; Zr; Nb; Ba; La; Ce; Pr; Nd; Sm; Eu; Gd; Tb; Dy; Ho; Er; Tm; Yb; Lu; Hf; Ta; A/CNK; A/NK; Fe*; K2O/Na2O; Zr/Hf; Eu/Eu*; (La/Yb)N,20260992,20260992,0
R1718,1,validation,GG0101,RCB0061,I,True,A2CFC6311C185EAA2F17BA13E733D522713F64F2850C50F6EEF6E4CE1F592221,,0.075,40,SiO2; TiO2; Al2O3; Fe2O3; FeO; MnO; MgO; CaO; Na2O; K2O; P2O5; Rb; Sr; Y; Zr; Nb; Ba; La; Ce; Pr; Nd; Sm; Eu; Gd; Tb; Dy; Ho; Er; Tm; Yb; Lu; Hf; Ta; A/CNK; A/NK; Fe*; K2O/Na2O; Zr/Hf; Eu/Eu*; (La/Yb)N,20260992,20260992,0
R1719,1,validation,GG0101,RCB0061,I,True,A2CFC6311C185EAA2F17BA13E733D522713F64F2850C50F6EEF6E4CE1F592221,,0.075,40,SiO2; TiO2; Al2O3; Fe2O3; FeO; MnO; MgO; CaO; Na2O; K2O; P2O5; Rb; Sr; Y; Zr; Nb; Ba; La; Ce; Pr; Nd; Sm; Eu; Gd; Tb; Dy; Ho; Er; Tm; Yb; Lu; Hf; Ta; A/CNK; A/NK; Fe*; K2O/Na2O; Zr/Hf; Eu/Eu*; (La/Yb)N,20260992,20260992,0
R2148,1,validation,GG0039,RCB0031,I,False,A2CFC6311C185EAA2F17BA13E733D522713F64F2850C50F6EEF6E4CE1F592221,row_missingness_at_or_above_threshold,0.7,40,SiO2; TiO2; Al2O3; Fe2O3; FeO; MnO; MgO; CaO; Na2O; K2O; P2O5; Rb; Sr; Y; Zr; Nb; Ba; La; Ce; Pr; Nd; Sm; Eu; Gd; Tb; Dy; Ho; Er; Tm; Yb; Lu; Hf; Ta; A/CNK; A/NK; Fe*; K2O/Na2O; Zr/Hf; Eu/Eu*; (La/Yb)N,20260992,20260992,0
R2149,1,validation,GG0039,RCB0031,I,False,A2CFC6311C185EAA2F17BA13E733D522713F64F2850C50F6EEF6E4CE1F592221,row_missingness_at_or_above_threshold,0.7,40,SiO2; TiO2; Al2O3; Fe2O3; FeO; MnO; MgO; CaO; Na2O; K2O; P2O5; Rb; Sr; Y; Zr; Nb; Ba; La; Ce; Pr; Nd; Sm; Eu; Gd; Tb; Dy; Ho; Er; Tm; Yb; Lu; Hf; Ta; A/CNK; A/NK; Fe*; K2O/Na2O; Zr/Hf; Eu/Eu*; (La/Yb)N,20260992,20260992,0
R2150,1,validation,GG0039,RCB0031,I,False,A2CFC6311C185EAA2F17BA13E733D522713F64F2850C50F6EEF6E4CE1F592221,row_missingness_at_or_above_threshold,0.7,40,SiO2; TiO2; Al2O3; Fe2O3; FeO; MnO; MgO; CaO; Na2O; K2O; P2O5; Rb; Sr; Y; Zr; Nb; Ba; La; Ce; Pr; Nd; Sm; Eu; Gd; Tb; Dy; Ho; Er; Tm; Yb; Lu; Hf; Ta; A/CNK; A/NK; Fe*; K2O/Na2O; Zr/Hf; Eu/Eu*; (La/Yb)N,20260992,20260992,0
R2151,1,validation,GG0039,RCB0031,I,False,A2CFC6311C185EAA2F17BA13E733D522713F64F2850C50F6EEF6E4CE1F592221,row_missingness_at_or_above_threshold,0.7,40,SiO2; TiO2; Al2O3; Fe2O3; FeO; MnO; MgO; CaO; Na2O; K2O; P2O5; Rb; Sr; Y; Zr; Nb; Ba; La; Ce; Pr; Nd; Sm; Eu; Gd; Tb; Dy; Ho; Er; Tm; Yb; Lu; Hf; Ta; A/CNK; A/NK; Fe*; K2O/Na2O; Zr/Hf; Eu/Eu*; (La/Yb)N,20260992,20260992,0
R2152,1,validation,GG0039,RCB0031,I,False,A2CFC6311C185EAA2F17BA13E733D522713F64F2850C50F6EEF6E4CE1F592221,row_missingness_at_or_above_threshold,0.7,40,SiO2; TiO2; Al2O3; Fe2O3; FeO; MnO; MgO; CaO; Na2O; K2O; P2O5; Rb; Sr; Y; Zr; Nb; Ba; La; Ce; Pr; Nd; Sm; Eu; Gd; Tb; Dy; Ho; Er; Tm; Yb; Lu; Hf; Ta; A/CNK; A/NK; Fe*; K2O/Na2O; Zr/Hf; Eu/Eu*; (La/Yb)N,20260992,20260992,0
R2153,1,validation,GG0039,RCB0031,I,False,A2CFC6311C185EAA2F17BA13E733D522713F64F2850C50F6EEF6E4CE1F592221,row_missingness_at_or_above_threshold,0.7,40,SiO2; TiO2; Al2O3; Fe2O3; FeO; MnO; MgO; CaO; Na2O; K2O; P2O5; Rb; Sr; Y; Zr; Nb; Ba; La; Ce; Pr; Nd; Sm; Eu; Gd; Tb; Dy; Ho; Er; Tm; Yb; Lu; Hf; Ta; A/CNK; A/NK; Fe*; K2O/Na2O; Zr/Hf; Eu/Eu*; (La/Yb)N,20260992,20260992,0
R2154,1,validation,GG0039,RCB0031,I,False,A2CFC6311C185EAA2F17BA13E733D522713F64F2850C50F6EEF6E4CE1F592221,row_missingness_at_or_above_threshold,0.65,40,SiO2; TiO2; Al2O3; Fe2O3; FeO; MnO; MgO; CaO; Na2O; K2O; P2O5; Rb; Sr; Y; Zr; Nb; Ba; La; Ce; Pr; Nd; Sm; Eu; Gd; Tb; Dy; Ho; Er; Tm; Yb; Lu; Hf; Ta; A/CNK; A/NK; Fe*; K2O/Na2O; Zr/Hf; Eu/Eu*; (La/Yb)N,20260992,20260992,0
R2155,1,validation,GG0039,RCB0031,I,False,A2CFC6311C185EAA2F17BA13E733D522713F64F2850C50F6EEF6E4CE1F592221,row_missingness_at_or_above_threshold,0.65,40,SiO2; TiO2; Al2O3; Fe2O3; FeO; MnO; MgO; CaO; Na2O; K2O; P2O5; Rb; Sr; Y; Zr; Nb; Ba; La; Ce; Pr; Nd; Sm; Eu; Gd; Tb; Dy; Ho; Er; Tm; Yb; Lu; Hf; Ta; A/CNK; A/NK; Fe*; K2O/Na2O; Zr/Hf; Eu/Eu*; (La/Yb)N,20260992,20260992,0
R2156,1,validation,GG0039,RCB0031,I,False,A2CFC6311C185EAA2F17BA13E733D522713F64F2850C50F6EEF6E4CE1F592221,row_missingness_at_or_above_threshold,0.65,40,SiO2; TiO2; Al2O3; Fe2O3; FeO; MnO; MgO; CaO; Na2O; K2O; P2O5; Rb; Sr; Y; Zr; Nb; Ba; La; Ce; Pr; Nd; Sm; Eu; Gd; Tb; Dy; Ho; Er; Tm; Yb; Lu; Hf; Ta; A/CNK; A/NK; Fe*; K2O/Na2O; Zr/Hf; Eu/Eu*; (La/Yb)N,20260992,20260992,0
R2157,1,validation,GG0039,RCB0031,I,False,A2CFC6311C185EAA2F17BA13E733D522713F64F2850C50F6EEF6E4CE1F592221,row_missingness_at_or_above_threshold,0.65,40,SiO2; TiO2; Al2O3; Fe2O3; FeO; MnO; MgO; CaO; Na2O; K2O; P2O5; Rb; Sr; Y; Zr; Nb; Ba; La; Ce; Pr; Nd; Sm; Eu; Gd; Tb; Dy; Ho; Er; Tm; Yb; Lu; Hf; Ta; A/CNK; A/NK; Fe*; K2O/Na2O; Zr/Hf; Eu/Eu*; (La/Yb)N,20260992,20260992,0
R2158,1,validation,GG0039,RCB0031,I,False,A2CFC6311C185EAA2F17BA13E733D522713F64F2850C50F6EEF6E4CE1F592221,row_missingness_at_or_above_threshold,0.65,40,SiO2; TiO2; Al2O3; Fe2O3; FeO; MnO; MgO; CaO; Na2O; K2O; P2O5; Rb; Sr; Y; Zr; Nb; Ba; La; Ce; Pr; Nd; Sm; Eu; Gd; Tb; Dy; Ho; Er; Tm; Yb; Lu; Hf; Ta; A/CNK; A/NK; Fe*; K2O/Na2O; Zr/Hf; Eu/Eu*; (La/Yb)N,20260992,20260992,0
R2159,1,validation,GG0039,RCB0031,I,False,A2CFC6311C185EAA2F17BA13E733D522713F64F2850C50F6EEF6E4CE1F592221,row_missingness_at_or_above_threshold,0.65,40,SiO2; TiO2; Al2O3; Fe2O3; FeO; MnO; MgO; CaO; Na2O; K2O; P2O5; Rb; Sr; Y; Zr; Nb; Ba; La; Ce; Pr; Nd; Sm; Eu; Gd; Tb; Dy; Ho; Er; Tm; Yb; Lu; Hf; Ta; A/CNK; A/NK; Fe*; K2O/Na2O; Zr/Hf; Eu/Eu*; (La/Yb)N,20260992,20260992,0
R2160,1,validation,GG0039,RCB0031,I,True,A2CFC6311C185EAA2F17BA13E733D522713F64F2850C50F6EEF6E4CE1F592221,,0.025,40,SiO2; TiO2; Al2O3; Fe2O3; FeO; MnO; MgO; CaO; Na2O; K2O; P2O5; Rb; Sr; Y; Zr; Nb; Ba; La; Ce; Pr; Nd; Sm; Eu; Gd; Tb; Dy; Ho; Er; Tm; Yb; Lu; Hf; Ta; A/CNK; A/NK; Fe*; K2O/Na2O; Zr/Hf; Eu/Eu*; (La/Yb)N,20260992,20260992,0
R2161,1,validation,GG0039,RCB0031,I,True,A2CFC6311C185EAA2F17BA13E733D522713F64F2850C50F6EEF6E4CE1F592221,,0.025,40,SiO2; TiO2; Al2O3; Fe2O3; FeO; MnO; MgO; CaO; Na2O; K2O; P2O5; Rb; Sr; Y; Zr; Nb; Ba; La; Ce; Pr; Nd; Sm; Eu; Gd; Tb; Dy; Ho; Er; Tm; Yb; Lu; Hf; Ta; A/CNK; A/NK; Fe*; K2O/Na2O; Zr/Hf; Eu/Eu*; (La/Yb)N,20260992,20260992,0
R2162,1,validation,GG0039,RCB0031,I,True,A2CFC6311C185EAA2F17BA13E733D522713F64F2850C50F6EEF6E4CE1F592221,,0.025,40,SiO2; TiO2; Al2O3; Fe2O3; FeO; MnO; MgO; CaO; Na2O; K2O; P2O5; Rb; Sr; Y; Zr; Nb; Ba; La; Ce; Pr; Nd; Sm; Eu; Gd; Tb; Dy; Ho; Er; Tm; Yb; Lu; Hf; Ta; A/CNK; A/NK; Fe*; K2O/Na2O; Zr/Hf; Eu/Eu*; (La/Yb)N,20260992,20260992,0
R2163,1,validation,GG0039,RCB0031,I,True,A2CFC6311C185EAA2F17BA13E733D522713F64F2850C50F6EEF6E4CE1F592221,,0.025,40,SiO2; TiO2; Al2O3; Fe2O3; FeO; MnO; MgO; CaO; Na2O; K2O; P2O5; Rb; Sr; Y; Zr; Nb; Ba; La; Ce; Pr; Nd; Sm; Eu; Gd; Tb; Dy; Ho; Er; Tm; Yb; Lu; Hf; Ta; A/CNK; A/NK; Fe*; K2O/Na2O; Zr/Hf; Eu/Eu*; (La/Yb)N,20260992,20260992,0
R2164,1,validation,GG0039,RCB0031,I,True,A2CFC6311C185EAA2F17BA13E733D522713F64F2850C50F6EEF6E4CE1F592221,,0.025,40,SiO2; TiO2; Al2O3; Fe2O3; FeO; MnO; MgO; CaO; Na2O; K2O; P2O5; Rb; Sr; Y; Zr; Nb; Ba; La; Ce; Pr; Nd; Sm; Eu; Gd; Tb; Dy; Ho; Er; Tm; Yb; Lu; Hf; Ta; A/CNK; A/NK; Fe*; K2O/Na2O; Zr/Hf; Eu/Eu*; (La/Yb)N,20260992,20260992,0
R2165,1,validation,GG0039,RCB0031,I,True,A2CFC6311C185EAA2F17BA13E733D522713F64F2850C50F6EEF6E4CE1F592221,,0.025,40,SiO2; TiO2; Al2O3; Fe2O3; FeO; MnO; MgO; CaO; Na2O; K2O; P2O5; Rb; Sr; Y; Zr; Nb; Ba; La; Ce; Pr; Nd; Sm; Eu; Gd; Tb; Dy; Ho; Er; Tm; Yb; Lu; Hf; Ta; A/CNK; A/NK; Fe*; K2O/Na2O; Zr/Hf; Eu/Eu*; (La/Yb)N,20260992,20260992,0
R2166,1,validation,GG0039,RCB0031,I,True,A2CFC6311C185EAA2F17BA13E733D522713F64F2850C50F6EEF6E4CE1F592221,,0.025,40,SiO2; TiO2; Al2O3; Fe2O3; FeO; MnO; MgO; CaO; Na2O; K2O; P2O5; Rb; Sr; Y; Zr; Nb; Ba; La; Ce; Pr; Nd; Sm; Eu; Gd; Tb; Dy; Ho; Er; Tm; Yb; Lu; Hf; Ta; A/CNK; A/NK; Fe*; K2O/Na2O; Zr/Hf; Eu/Eu*; (La/Yb)N,20260992,20260992,0
R2167,1,validation,GG0039,RCB0031,I,True,A2CFC6311C185EAA2F17BA13E733D522713F64F2850C50F6EEF6E4CE1F592221,,0.025,40,SiO2; TiO2; Al2O3; Fe2O3; FeO; MnO; MgO; CaO; Na2O; K2O; P2O5; Rb; Sr; Y; Zr; Nb; Ba; La; Ce; Pr; Nd; Sm; Eu; Gd; Tb; Dy; Ho; Er; Tm; Yb; Lu; Hf; Ta; A/CNK; A/NK; Fe*; K2O/Na2O; Zr/Hf; Eu/Eu*; (La/Yb)N,20260992,20260992,0
R2168,1,validation,GG0039,RCB0031,I,True,A2CFC6311C185EAA2F17BA13E733D522713F64F2850C50F6EEF6E4CE1F592221,,0.025,40,SiO2; TiO2; Al2O3; Fe2O3; FeO; MnO; MgO; CaO; Na2O; K2O; P2O5; Rb; Sr; Y; Zr; Nb; Ba; La; Ce; Pr; Nd; Sm; Eu; Gd; Tb; Dy; Ho; Er; Tm; Yb; Lu; Hf; Ta; A/CNK; A/NK; Fe*; K2O/Na2O; Zr/Hf; Eu/Eu*; (La/Yb)N,20260992,20260992,0
R2169,1,validation,GG0039,RCB0031,I,True,A2CFC6311C185EAA2F17BA13E733D522713F64F2850C50F6EEF6E4CE1F592221,,0.025,40,SiO2; TiO2; Al2O3; Fe2O3; FeO; MnO; MgO; CaO; Na2O; K2O; P2O5; Rb; Sr; Y; Zr; Nb; Ba; La; Ce; Pr; Nd; Sm; Eu; Gd; Tb; Dy; Ho; Er; Tm; Yb; Lu; Hf; Ta; A/CNK; A/NK; Fe*; K2O/Na2O; Zr/Hf; Eu/Eu*; (La/Yb)N,20260992,20260992,0
R2170,1,validation,GG0039,RCB0031,I,True,A2CFC6311C185EAA2F17BA13E733D522713F64F2850C50F6EEF6E4CE1F592221,,0.025,40,SiO2; TiO2; Al2O3; Fe2O3; FeO; MnO; MgO; CaO; Na2O; K2O; P2O5; Rb; Sr; Y; Zr; Nb; Ba; La; Ce; Pr; Nd; Sm; Eu; Gd; Tb; Dy; Ho; Er; Tm; Yb; Lu; Hf; Ta; A/CNK; A/NK; Fe*; K2O/Na2O; Zr/Hf; Eu/Eu*; (La/Yb)N,20260992,20260992,0
R2171,1,validation,GG0039,RCB0031,I,True,A2CFC6311C185EAA2F17BA13E733D522713F64F2850C50F6EEF6E4CE1F592221,,0.025,40,SiO2; TiO2; Al2O3; Fe2O3; FeO; MnO; MgO; CaO; Na2O; K2O; P2O5; Rb; Sr; Y; Zr; Nb; Ba; La; Ce; Pr; Nd; Sm; Eu; Gd; Tb; Dy; Ho; Er; Tm; Yb; Lu; Hf; Ta; A/CNK; A/NK; Fe*; K2O/Na2O; Zr/Hf; Eu/Eu*; (La/Yb)N,20260992,20260992,0
R2172,1,validation,GG0039,RCB0031,I,True,A2CFC6311C185EAA2F17BA13E733D522713F64F2850C50F6EEF6E4CE1F592221,,0.025,40,SiO2; TiO2; Al2O3; Fe2O3; FeO; MnO; MgO; CaO; Na2O; K2O; P2O5; Rb; Sr; Y; Zr; Nb; Ba; La; Ce; Pr; Nd; Sm; Eu; Gd; Tb; Dy; Ho; Er; Tm; Yb; Lu; Hf; Ta; A/CNK; A/NK; Fe*; K2O/Na2O; Zr/Hf; Eu/Eu*; (La/Yb)N,20260992,20260992,0
R2173,1,validation,GG0039,RCB0031,I,True,A2CFC6311C185EAA2F17BA13E733D522713F64F2850C50F6EEF6E4CE1F592221,,0.025,40,SiO2; TiO2; Al2O3; Fe2O3; FeO; MnO; MgO; CaO; Na2O; K2O; P2O5; Rb; Sr; Y; Zr; Nb; Ba; La; Ce; Pr; Nd; Sm; Eu; Gd; Tb; Dy; Ho; Er; Tm; Yb; Lu; Hf; Ta; A/CNK; A/NK; Fe*; K2O/Na2O; Zr/Hf; Eu/Eu*; (La/Yb)N,20260992,20260992,0
R2174,1,validation,GG0039,RCB0031,I,True,A2CFC6311C185EAA2F17BA13E733D522713F64F2850C50F6EEF6E4CE1F592221,,0.025,40,SiO2; TiO2; Al2O3; Fe2O3; FeO; MnO; MgO; CaO; Na2O; K2O; P2O5; Rb; Sr; Y; Zr; Nb; Ba; La; Ce; Pr; Nd; Sm; Eu; Gd; Tb; Dy; Ho; Er; Tm; Yb; Lu; Hf; Ta; A/CNK; A/NK; Fe*; K2O/Na2O; Zr/Hf; Eu/Eu*; (La/Yb)N,20260992,20260992,0
R2175,1,validation,GG0039,RCB0031,I,True,A2CFC6311C185EAA2F17BA13E733D522713F64F2850C50F6EEF6E4CE1F592221,,0.025,40,SiO2; TiO2; Al2O3; Fe2O3; FeO; MnO; MgO; CaO; Na2O; K2O; P2O5; Rb; Sr; Y; Zr; Nb; Ba; La; Ce; Pr; Nd; Sm; Eu; Gd; Tb; Dy; Ho; Er; Tm; Yb; Lu; Hf; Ta; A/CNK; A/NK; Fe*; K2O/Na2O; Zr/Hf; Eu/Eu*; (La/Yb)N,20260992,20260992,0
R2176,1,validation,GG0039,RCB0031,I,True,A2CFC6311C185EAA2F17BA13E733D522713F64F2850C50F6EEF6E4CE1F592221,,0.025,40,SiO2; TiO2; Al2O3; Fe2O3; FeO; MnO; MgO; CaO; Na2O; K2O; P2O5; Rb; Sr; Y; Zr; Nb; Ba; La; Ce; Pr; Nd; Sm; Eu; Gd; Tb; Dy; Ho; Er; Tm; Yb; Lu; Hf; Ta; A/CNK; A/NK; Fe*; K2O/Na2O; Zr/Hf; Eu/Eu*; (La/Yb)N,20260992,20260992,0
R2177,1,validation,GG0039,RCB0031,I,True,A2CFC6311C185EAA2F17BA13E733D522713F64F2850C50F6EEF6E4CE1F592221,,0.025,40,SiO2; TiO2; Al2O3; Fe2O3; FeO; MnO; MgO; CaO; Na2O; K2O; P2O5; Rb; Sr; Y; Zr; Nb; Ba; La; Ce; Pr; Nd; Sm; Eu; Gd; Tb; Dy; Ho; Er; Tm; Yb; Lu; Hf; Ta; A/CNK; A/NK; Fe*; K2O/Na2O; Zr/Hf; Eu/Eu*; (La/Yb)N,20260992,20260992,0
R2178,1,validation,GG0039,RCB0031,I,True,A2CFC6311C185EAA2F17BA13E733D522713F64F2850C50F6EEF6E4CE1F592221,,0.025,40,SiO2; TiO2; Al2O3; Fe2O3; FeO; MnO; MgO; CaO; Na2O; K2O; P2O5; Rb; Sr; Y; Zr; Nb; Ba; La; Ce; Pr; Nd; Sm; Eu; Gd; Tb; Dy; Ho; Er; Tm; Yb; Lu; Hf; Ta; A/CNK; A/NK; Fe*; K2O/Na2O; Zr/Hf; Eu/Eu*; (La/Yb)N,20260992,20260992,0
R2179,1,validation,GG0039,RCB0031,I,True,A2CFC6311C185EAA2F17BA13E733D522713F64F2850C50F6EEF6E4CE1F592221,,0.025,40,SiO2; TiO2; Al2O3; Fe2O3; FeO; MnO; MgO; CaO; Na2O; K2O; P2O5; Rb; Sr; Y; Zr; Nb; Ba; La; Ce; Pr; Nd; Sm; Eu; Gd; Tb; Dy; Ho; Er; Tm; Yb; Lu; Hf; Ta; A/CNK; A/NK; Fe*; K2O/Na2O; Zr/Hf; Eu/Eu*; (La/Yb)N,20260992,20260992,0
R2180,1,validation,GG0039,RCB0031,I,True,A2CFC6311C185EAA2F17BA13E733D522713F64F2850C50F6EEF6E4CE1F592221,,0.025,40,SiO2; TiO2; Al2O3; Fe2O3; FeO; MnO; MgO; CaO; Na2O; K2O; P2O5; Rb; Sr; Y; Zr; Nb; Ba; La; Ce; Pr; Nd; Sm; Eu; Gd; Tb; Dy; Ho; Er; Tm; Yb; Lu; Hf; Ta; A/CNK; A/NK; Fe*; K2O/Na2O; Zr/Hf; Eu/Eu*; (La/Yb)N,20260992,20260992,0
R2181,1,validation,GG0039,RCB0031,I,True,A2CFC6311C185EAA2F17BA13E733D522713F64F2850C50F6EEF6E4CE1F592221,,0.025,40,SiO2; TiO2; Al2O3; Fe2O3; FeO; MnO; MgO; CaO; Na2O; K2O; P2O5; Rb; Sr; Y; Zr; Nb; Ba; La; Ce; Pr; Nd; Sm; Eu; Gd; Tb; Dy; Ho; Er; Tm; Yb; Lu; Hf; Ta; A/CNK; A/NK; Fe*; K2O/Na2O; Zr/Hf; Eu/Eu*; (La/Yb)N,20260992,20260992,0
R2182,1,validation,GG0039,RCB0031,I,True,A2CFC6311C185EAA2F17BA13E733D522713F64F2850C50F6EEF6E4CE1F592221,,0.025,40,SiO2; TiO2; Al2O3; Fe2O3; FeO; MnO; MgO; CaO; Na2O; K2O; P2O5; Rb; Sr; Y; Zr; Nb; Ba; La; Ce; Pr; Nd; Sm; Eu; Gd; Tb; Dy; Ho; Er; Tm; Yb; Lu; Hf; Ta; A/CNK; A/NK; Fe*; K2O/Na2O; Zr/Hf; Eu/Eu*; (La/Yb)N,20260992,20260992,0
R2183,1,validation,GG0039,RCB0031,I,True,A2CFC6311C185EAA2F17BA13E733D522713F64F2850C50F6EEF6E4CE1F592221,,0.025,40,SiO2; TiO2; Al2O3; Fe2O3; FeO; MnO; MgO; CaO; Na2O; K2O; P2O5; Rb; Sr; Y; Zr; Nb; Ba; La; Ce; Pr; Nd; Sm; Eu; Gd; Tb; Dy; Ho; Er; Tm; Yb; Lu; Hf; Ta; A/CNK; A/NK; Fe*; K2O/Na2O; Zr/Hf; Eu/Eu*; (La/Yb)N,20260992,20260992,0
R2184,1,validation,GG0039,RCB0031,I,True,A2CFC6311C185EAA2F17BA13E733D522713F64F2850C50F6EEF6E4CE1F592221,,0.025,40,SiO2; TiO2; Al2O3; Fe2O3; FeO; MnO; MgO; CaO; Na2O; K2O; P2O5; Rb; Sr; Y; Zr; Nb; Ba; La; Ce; Pr; Nd; Sm; Eu; Gd; Tb; Dy; Ho; Er; Tm; Yb; Lu; Hf; Ta; A/CNK; A/NK; Fe*; K2O/Na2O; Zr/Hf; Eu/Eu*; (La/Yb)N,20260992,20260992,0
R2185,1,validation,GG0039,RCB0031,I,True,A2CFC6311C185EAA2F17BA13E733D522713F64F2850C50F6EEF6E4CE1F592221,,0.025,40,SiO2; TiO2; Al2O3; Fe2O3; FeO; MnO; MgO; CaO; Na2O; K2O; P2O5; Rb; Sr; Y; Zr; Nb; Ba; La; Ce; Pr; Nd; Sm; Eu; Gd; Tb; Dy; Ho; Er; Tm; Yb; Lu; Hf; Ta; A/CNK; A/NK; Fe*; K2O/Na2O; Zr/Hf; Eu/Eu*; (La/Yb)N,20260992,20260992,0
R2186,1,validation,GG0039,RCB0031,I,True,A2CFC6311C185EAA2F17BA13E733D522713F64F2850C50F6EEF6E4CE1F592221,,0.025,40,SiO2; TiO2; Al2O3; Fe2O3; FeO; MnO; MgO; CaO; Na2O; K2O; P2O5; Rb; Sr; Y; Zr; Nb; Ba; La; Ce; Pr; Nd; Sm; Eu; Gd; Tb; Dy; Ho; Er; Tm; Yb; Lu; Hf; Ta; A/CNK; A/NK; Fe*; K2O/Na2O; Zr/Hf; Eu/Eu*; (La/Yb)N,20260992,20260992,0
R2187,1,validation,GG0039,RCB0031,I,True,A2CFC6311C185EAA2F17BA13E733D522713F64F2850C50F6EEF6E4CE1F592221,,0.025,40,SiO2; TiO2; Al2O3; Fe2O3; FeO; MnO; MgO; CaO; Na2O; K2O; P2O5; Rb; Sr; Y; Zr; Nb; Ba; La; Ce; Pr; Nd; Sm; Eu; Gd; Tb; Dy; Ho; Er; Tm; Yb; Lu; Hf; Ta; A/CNK; A/NK; Fe*; K2O/Na2O; Zr/Hf; Eu/Eu*; (La/Yb)N,20260992,20260992,0
R2188,1,validation,GG0039,RCB0031,I,True,A2CFC6311C185EAA2F17BA13E733D522713F64F2850C50F6EEF6E4CE1F592221,,0.025,40,SiO2; TiO2; Al2O3; Fe2O3; FeO; MnO; MgO; CaO; Na2O; K2O; P2O5; Rb; Sr; Y; Zr; Nb; Ba; La; Ce; Pr; Nd; Sm; Eu; Gd; Tb; Dy; Ho; Er; Tm; Yb; Lu; Hf; Ta; A/CNK; A/NK; Fe*; K2O/Na2O; Zr/Hf; Eu/Eu*; (La/Yb)N,20260992,20260992,0
R2189,1,validation,GG0039,RCB0031,I,True,A2CFC6311C185EAA2F17BA13E733D522713F64F2850C50F6EEF6E4CE1F592221,,0.025,40,SiO2; TiO2; Al2O3; Fe2O3; FeO; MnO; MgO; CaO; Na2O; K2O; P2O5; Rb; Sr; Y; Zr; Nb; Ba; La; Ce; Pr; Nd; Sm; Eu; Gd; Tb; Dy; Ho; Er; Tm; Yb; Lu; Hf; Ta; A/CNK; A/NK; Fe*; K2O/Na2O; Zr/Hf; Eu/Eu*; (La/Yb)N,20260992,20260992,0
R2190,1,validation,GG0039,RCB0031,I,True,A2CFC6311C185EAA2F17BA13E733D522713F64F2850C50F6EEF6E4CE1F592221,,0.025,40,SiO2; TiO2; Al2O3; Fe2O3; FeO; MnO; MgO; CaO; Na2O; K2O; P2O5; Rb; Sr; Y; Zr; Nb; Ba; La; Ce; Pr; Nd; Sm; Eu; Gd; Tb; Dy; Ho; Er; Tm; Yb; Lu; Hf; Ta; A/CNK; A/NK; Fe*; K2O/Na2O; Zr/Hf; Eu/Eu*; (La/Yb)N,20260992,20260992,0
R2191,1,validation,GG0039,RCB0031,I,True,A2CFC6311C185EAA2F17BA13E733D522713F64F2850C50F6EEF6E4CE1F592221,,0.025,40,SiO2; TiO2; Al2O3; Fe2O3; FeO; MnO; MgO; CaO; Na2O; K2O; P2O5; Rb; Sr; Y; Zr; Nb; Ba; La; Ce; Pr; Nd; Sm; Eu; Gd; Tb; Dy; Ho; Er; Tm; Yb; Lu; Hf; Ta; A/CNK; A/NK; Fe*; K2O/Na2O; Zr/Hf; Eu/Eu*; (La/Yb)N,20260992,20260992,0
R2192,1,validation,GG0039,RCB0031,I,True,A2CFC6311C185EAA2F17BA13E733D522713F64F2850C50F6EEF6E4CE1F592221,,0.025,40,SiO2; TiO2; Al2O3; Fe2O3; FeO; MnO; MgO; CaO; Na2O; K2O; P2O5; Rb; Sr; Y; Zr; Nb; Ba; La; Ce; Pr; Nd; Sm; Eu; Gd; Tb; Dy; Ho; Er; Tm; Yb; Lu; Hf; Ta; A/CNK; A/NK; Fe*; K2O/Na2O; Zr/Hf; Eu/Eu*; (La/Yb)N,20260992,20260992,0
R2193,1,validation,GG0039,RCB0031,I,True,A2CFC6311C185EAA2F17BA13E733D522713F64F2850C50F6EEF6E4CE1F592221,,0.025,40,SiO2; TiO2; Al2O3; Fe2O3; FeO; MnO; MgO; CaO; Na2O; K2O; P2O5; Rb; Sr; Y; Zr; Nb; Ba; La; Ce; Pr; Nd; Sm; Eu; Gd; Tb; Dy; Ho; Er; Tm; Yb; Lu; Hf; Ta; A/CNK; A/NK; Fe*; K2O/Na2O; Zr/Hf; Eu/Eu*; (La/Yb)N,20260992,20260992,0
R2194,1,validation,GG0039,RCB0031,I,True,A2CFC6311C185EAA2F17BA13E733D522713F64F2850C50F6EEF6E4CE1F592221,,0.025,40,SiO2; TiO2; Al2O3; Fe2O3; FeO; MnO; MgO; CaO; Na2O; K2O; P2O5; Rb; Sr; Y; Zr; Nb; Ba; La; Ce; Pr; Nd; Sm; Eu; Gd; Tb; Dy; Ho; Er; Tm; Yb; Lu; Hf; Ta; A/CNK; A/NK; Fe*; K2O/Na2O; Zr/Hf; Eu/Eu*; (La/Yb)N,20260992,20260992,0
R2195,1,validation,GG0039,RCB0031,I,True,A2CFC6311C185EAA2F17BA13E733D522713F64F2850C50F6EEF6E4CE1F592221,,0.025,40,SiO2; TiO2; Al2O3; Fe2O3; FeO; MnO; MgO; CaO; Na2O; K2O; P2O5; Rb; Sr; Y; Zr; Nb; Ba; La; Ce; Pr; Nd; Sm; Eu; Gd; Tb; Dy; Ho; Er; Tm; Yb; Lu; Hf; Ta; A/CNK; A/NK; Fe*; K2O/Na2O; Zr/Hf; Eu/Eu*; (La/Yb)N,20260992,20260992,0
R2196,1,validation,GG0039,RCB0031,I,True,A2CFC6311C185EAA2F17BA13E733D522713F64F2850C50F6EEF6E4CE1F592221,,0.025,40,SiO2; TiO2; Al2O3; Fe2O3; FeO; MnO; MgO; CaO; Na2O; K2O; P2O5; Rb; Sr; Y; Zr; Nb; Ba; La; Ce; Pr; Nd; Sm; Eu; Gd; Tb; Dy; Ho; Er; Tm; Yb; Lu; Hf; Ta; A/CNK; A/NK; Fe*; K2O/Na2O; Zr/Hf; Eu/Eu*; (La/Yb)N,20260992,20260992,0
R2197,1,validation,GG0039,RCB0031,I,True,A2CFC6311C185EAA2F17BA13E733D522713F64F2850C50F6EEF6E4CE1F592221,,0.025,40,SiO2; TiO2; Al2O3; Fe2O3; FeO; MnO; MgO; CaO; Na2O; K2O; P2O5; Rb; Sr; Y; Zr; Nb; Ba; La; Ce; Pr; Nd; Sm; Eu; Gd; Tb; Dy; Ho; Er; Tm; Yb; Lu; Hf; Ta; A/CNK; A/NK; Fe*; K2O/Na2O; Zr/Hf; Eu/Eu*; (La/Yb)N,20260992,20260992,0
R2198,1,validation,GG0039,RCB0031,I,True,A2CFC6311C185EAA2F17BA13E733D522713F64F2850C50F6EEF6E4CE1F592221,,0.025,40,SiO2; TiO2; Al2O3; Fe2O3; FeO; MnO; MgO; CaO; Na2O; K2O; P2O5; Rb; Sr; Y; Zr; Nb; Ba; La; Ce; Pr; Nd; Sm; Eu; Gd; Tb; Dy; Ho; Er; Tm; Yb; Lu; Hf; Ta; A/CNK; A/NK; Fe*; K2O/Na2O; Zr/Hf; Eu/Eu*; (La/Yb)N,20260992,20260992,0
R2199,1,validation,GG0039,RCB0031,I,True,A2CFC6311C185EAA2F17BA13E733D522713F64F2850C50F6EEF6E4CE1F592221,,0.05,40,SiO2; TiO2; Al2O3; Fe2O3; FeO; MnO; MgO; CaO; Na2O; K2O; P2O5; Rb; Sr; Y; Zr; Nb; Ba; La; Ce; Pr; Nd; Sm; Eu; Gd; Tb; Dy; Ho; Er; Tm; Yb; Lu; Hf; Ta; A/CNK; A/NK; Fe*; K2O/Na2O; Zr/Hf; Eu/Eu*; (La/Yb)N,20260992,20260992,0
R2200,1,validation,GG0039,RCB0031,I,True,A2CFC6311C185EAA2F17BA13E733D522713F64F2850C50F6EEF6E4CE1F592221,,0.05,40,SiO2; TiO2; Al2O3; Fe2O3; FeO; MnO; MgO; CaO; Na2O; K2O; P2O5; Rb; Sr; Y; Zr; Nb; Ba; La; Ce; Pr; Nd; Sm; Eu; Gd; Tb; Dy; Ho; Er; Tm; Yb; Lu; Hf; Ta; A/CNK; A/NK; Fe*; K2O/Na2O; Zr/Hf; Eu/Eu*; (La/Yb)N,20260992,20260992,0
R2201,1,validation,GG0039,RCB0031,I,True,A2CFC6311C185EAA2F17BA13E733D522713F64F2850C50F6EEF6E4CE1F592221,,0.05,40,SiO2; TiO2; Al2O3; Fe2O3; FeO; MnO; MgO; CaO; Na2O; K2O; P2O5; Rb; Sr; Y; Zr; Nb; Ba; La; Ce; Pr; Nd; Sm; Eu; Gd; Tb; Dy; Ho; Er; Tm; Yb; Lu; Hf; Ta; A/CNK; A/NK; Fe*; K2O/Na2O; Zr/Hf; Eu/Eu*; (La/Yb)N,20260992,20260992,0
R2202,1,validation,GG0039,RCB0031,I,True,A2CFC6311C185EAA2F17BA13E733D522713F64F2850C50F6EEF6E4CE1F592221,,0.05,40,SiO2; TiO2; Al2O3; Fe2O3; FeO; MnO; MgO; CaO; Na2O; K2O; P2O5; Rb; Sr; Y; Zr; Nb; Ba; La; Ce; Pr; Nd; Sm; Eu; Gd; Tb; Dy; Ho; Er; Tm; Yb; Lu; Hf; Ta; A/CNK; A/NK; Fe*; K2O/Na2O; Zr/Hf; Eu/Eu*; (La/Yb)N,20260992,20260992,0
R2203,1,validation,GG0039,RCB0031,I,True,A2CFC6311C185EAA2F17BA13E733D522713F64F2850C50F6EEF6E4CE1F592221,,0.05,40,SiO2; TiO2; Al2O3; Fe2O3; FeO; MnO; MgO; CaO; Na2O; K2O; P2O5; Rb; Sr; Y; Zr; Nb; Ba; La; Ce; Pr; Nd; Sm; Eu; Gd; Tb; Dy; Ho; Er; Tm; Yb; Lu; Hf; Ta; A/CNK; A/NK; Fe*; K2O/Na2O; Zr/Hf; Eu/Eu*; (La/Yb)N,20260992,20260992,0
R2447,1,validation,GG0122,RCB0066,I,True,A2CFC6311C185EAA2F17BA13E733D522713F64F2850C50F6EEF6E4CE1F592221,,0.075,40,SiO2; TiO2; Al2O3; Fe2O3; FeO; MnO; MgO; CaO; Na2O; K2O; P2O5; Rb; Sr; Y; Zr; Nb; Ba; La; Ce; Pr; Nd; Sm; Eu; Gd; Tb; Dy; Ho; Er; Tm; Yb; Lu; Hf; Ta; A/CNK; A/NK; Fe*; K2O/Na2O; Zr/Hf; Eu/Eu*; (La/Yb)N,20260992,20260992,0
R2448,1,validation,GG0122,RCB0066,I,True,A2CFC6311C185EAA2F17BA13E733D522713F64F2850C50F6EEF6E4CE1F592221,,0.075,40,SiO2; TiO2; Al2O3; Fe2O3; FeO; MnO; MgO; CaO; Na2O; K2O; P2O5; Rb; Sr; Y; Zr; Nb; Ba; La; Ce; Pr; Nd; Sm; Eu; Gd; Tb; Dy; Ho; Er; Tm; Yb; Lu; Hf; Ta; A/CNK; A/NK; Fe*; K2O/Na2O; Zr/Hf; Eu/Eu*; (La/Yb)N,20260992,20260992,0
R2449,1,validation,GG0122,RCB0066,I,True,A2CFC6311C185EAA2F17BA13E733D522713F64F2850C50F6EEF6E4CE1F592221,,0.075,40,SiO2; TiO2; Al2O3; Fe2O3; FeO; MnO; MgO; CaO; Na2O; K2O; P2O5; Rb; Sr; Y; Zr; Nb; Ba; La; Ce; Pr; Nd; Sm; Eu; Gd; Tb; Dy; Ho; Er; Tm; Yb; Lu; Hf; Ta; A/CNK; A/NK; Fe*; K2O/Na2O; Zr/Hf; Eu/Eu*; (La/Yb)N,20260992,20260992,0
R2450,1,validation,GG0122,RCB0066,I,True,A2CFC6311C185EAA2F17BA13E733D522713F64F2850C50F6EEF6E4CE1F592221,,0.075,40,SiO2; TiO2; Al2O3; Fe2O3; FeO; MnO; MgO; CaO; Na2O; K2O; P2O5; Rb; Sr; Y; Zr; Nb; Ba; La; Ce; Pr; Nd; Sm; Eu; Gd; Tb; Dy; Ho; Er; Tm; Yb; Lu; Hf; Ta; A/CNK; A/NK; Fe*; K2O/Na2O; Zr/Hf; Eu/Eu*; (La/Yb)N,20260992,20260992,0
R2451,1,validation,GG0122,RCB0066,I,True,A2CFC6311C185EAA2F17BA13E733D522713F64F2850C50F6EEF6E4CE1F592221,,0.075,40,SiO2; TiO2; Al2O3; Fe2O3; FeO; MnO; MgO; CaO; Na2O; K2O; P2O5; Rb; Sr; Y; Zr; Nb; Ba; La; Ce; Pr; Nd; Sm; Eu; Gd; Tb; Dy; Ho; Er; Tm; Yb; Lu; Hf; Ta; A/CNK; A/NK; Fe*; K2O/Na2O; Zr/Hf; Eu/Eu*; (La/Yb)N,20260992,20260992,0
R2452,1,validation,GG0122,RCB0066,I,True,A2CFC6311C185EAA2F17BA13E733D522713F64F2850C50F6EEF6E4CE1F592221,,0.075,40,SiO2; TiO2; Al2O3; Fe2O3; FeO; MnO; MgO; CaO; Na2O; K2O; P2O5; Rb; Sr; Y; Zr; Nb; Ba; La; Ce; Pr; Nd; Sm; Eu; Gd; Tb; Dy; Ho; Er; Tm; Yb; Lu; Hf; Ta; A/CNK; A/NK; Fe*; K2O/Na2O; Zr/Hf; Eu/Eu*; (La/Yb)N,20260992,20260992,0
R2453,1,validation,GG0122,RCB0066,I,True,A2CFC6311C185EAA2F17BA13E733D522713F64F2850C50F6EEF6E4CE1F592221,,0.075,40,SiO2; TiO2; Al2O3; Fe2O3; FeO; MnO; MgO; CaO; Na2O; K2O; P2O5; Rb; Sr; Y; Zr; Nb; Ba; La; Ce; Pr; Nd; Sm; Eu; Gd; Tb; Dy; Ho; Er; Tm; Yb; Lu; Hf; Ta; A/CNK; A/NK; Fe*; K2O/Na2O; Zr/Hf; Eu/Eu*; (La/Yb)N,20260992,20260992,0
R2454,1,validation,GG0122,RCB0066,I,True,A2CFC6311C185EAA2F17BA13E733D522713F64F2850C50F6EEF6E4CE1F592221,,0.075,40,SiO2; TiO2; Al2O3; Fe2O3; FeO; MnO; MgO; CaO; Na2O; K2O; P2O5; Rb; Sr; Y; Zr; Nb; Ba; La; Ce; Pr; Nd; Sm; Eu; Gd; Tb; Dy; Ho; Er; Tm; Yb; Lu; Hf; Ta; A/CNK; A/NK; Fe*; K2O/Na2O; Zr/Hf; Eu/Eu*; (La/Yb)N,20260992,20260992,0
R2455,1,validation,GG0122,RCB0066,I,True,A2CFC6311C185EAA2F17BA13E733D522713F64F2850C50F6EEF6E4CE1F592221,,0.075,40,SiO2; TiO2; Al2O3; Fe2O3; FeO; MnO; MgO; CaO; Na2O; K2O; P2O5; Rb; Sr; Y; Zr; Nb; Ba; La; Ce; Pr; Nd; Sm; Eu; Gd; Tb; Dy; Ho; Er; Tm; Yb; Lu; Hf; Ta; A/CNK; A/NK; Fe*; K2O/Na2O; Zr/Hf; Eu/Eu*; (La/Yb)N,20260992,20260992,0
R2456,1,validation,GG0122,RCB0066,I,True,A2CFC6311C185EAA2F17BA13E733D522713F64F2850C50F6EEF6E4CE1F592221,,0.075,40,SiO2; TiO2; Al2O3; Fe2O3; FeO; MnO; MgO; CaO; Na2O; K2O; P2O5; Rb; Sr; Y; Zr; Nb; Ba; La; Ce; Pr; Nd; Sm; Eu; Gd; Tb; Dy; Ho; Er; Tm; Yb; Lu; Hf; Ta; A/CNK; A/NK; Fe*; K2O/Na2O; Zr/Hf; Eu/Eu*; (La/Yb)N,20260992,20260992,0
R2457,1,validation,GG0122,RCB0066,I,True,A2CFC6311C185EAA2F17BA13E733D522713F64F2850C50F6EEF6E4CE1F592221,,0.075,40,SiO2; TiO2; Al2O3; Fe2O3; FeO; MnO; MgO; CaO; Na2O; K2O; P2O5; Rb; Sr; Y; Zr; Nb; Ba; La; Ce; Pr; Nd; Sm; Eu; Gd; Tb; Dy; Ho; Er; Tm; Yb; Lu; Hf; Ta; A/CNK; A/NK; Fe*; K2O/Na2O; Zr/Hf; Eu/Eu*; (La/Yb)N,20260992,20260992,0
R2458,1,validation,GG0122,RCB0066,I,True,A2CFC6311C185EAA2F17BA13E733D522713F64F2850C50F6EEF6E4CE1F592221,,0.025,40,SiO2; TiO2; Al2O3; Fe2O3; FeO; MnO; MgO; CaO; Na2O; K2O; P2O5; Rb; Sr; Y; Zr; Nb; Ba; La; Ce; Pr; Nd; Sm; Eu; Gd; Tb; Dy; Ho; Er; Tm; Yb; Lu; Hf; Ta; A/CNK; A/NK; Fe*; K2O/Na2O; Zr/Hf; Eu/Eu*; (La/Yb)N,20260992,20260992,0
R2459,1,validation,GG0122,RCB0066,I,True,A2CFC6311C185EAA2F17BA13E733D522713F64F2850C50F6EEF6E4CE1F592221,,0.025,40,SiO2; TiO2; Al2O3; Fe2O3; FeO; MnO; MgO; CaO; Na2O; K2O; P2O5; Rb; Sr; Y; Zr; Nb; Ba; La; Ce; Pr; Nd; Sm; Eu; Gd; Tb; Dy; Ho; Er; Tm; Yb; Lu; Hf; Ta; A/CNK; A/NK; Fe*; K2O/Na2O; Zr/Hf; Eu/Eu*; (La/Yb)N,20260992,20260992,0
R2460,1,validation,GG0122,RCB0066,I,True,A2CFC6311C185EAA2F17BA13E733D522713F64F2850C50F6EEF6E4CE1F592221,,0.025,40,SiO2; TiO2; Al2O3; Fe2O3; FeO; MnO; MgO; CaO; Na2O; K2O; P2O5; Rb; Sr; Y; Zr; Nb; Ba; La; Ce; Pr; Nd; Sm; Eu; Gd; Tb; Dy; Ho; Er; Tm; Yb; Lu; Hf; Ta; A/CNK; A/NK; Fe*; K2O/Na2O; Zr/Hf; Eu/Eu*; (La/Yb)N,20260992,20260992,0
R2461,1,validation,GG0122,RCB0066,I,True,A2CFC6311C185EAA2F17BA13E733D522713F64F2850C50F6EEF6E4CE1F592221,,0.025,40,SiO2; TiO2; Al2O3; Fe2O3; FeO; MnO; MgO; CaO; Na2O; K2O; P2O5; Rb; Sr; Y; Zr; Nb; Ba; La; Ce; Pr; Nd; Sm; Eu; Gd; Tb; Dy; Ho; Er; Tm; Yb; Lu; Hf; Ta; A/CNK; A/NK; Fe*; K2O/Na2O; Zr/Hf; Eu/Eu*; (La/Yb)N,20260992,20260992,0
R2462,1,validation,GG0122,RCB0066,I,True,A2CFC6311C185EAA2F17BA13E733D522713F64F2850C50F6EEF6E4CE1F592221,,0.025,40,SiO2; TiO2; Al2O3; Fe2O3; FeO; MnO; MgO; CaO; Na2O; K2O; P2O5; Rb; Sr; Y; Zr; Nb; Ba; La; Ce; Pr; Nd; Sm; Eu; Gd; Tb; Dy; Ho; Er; Tm; Yb; Lu; Hf; Ta; A/CNK; A/NK; Fe*; K2O/Na2O; Zr/Hf; Eu/Eu*; (La/Yb)N,20260992,20260992,0
R2463,1,validation,GG0122,RCB0066,I,True,A2CFC6311C185EAA2F17BA13E733D522713F64F2850C50F6EEF6E4CE1F592221,,0.025,40,SiO2; TiO2; Al2O3; Fe2O3; FeO; MnO; MgO; CaO; Na2O; K2O; P2O5; Rb; Sr; Y; Zr; Nb; Ba; La; Ce; Pr; Nd; Sm; Eu; Gd; Tb; Dy; Ho; Er; Tm; Yb; Lu; Hf; Ta; A/CNK; A/NK; Fe*; K2O/Na2O; Zr/Hf; Eu/Eu*; (La/Yb)N,20260992,20260992,0
R2464,1,validation,GG0122,RCB0066,I,True,A2CFC6311C185EAA2F17BA13E733D522713F64F2850C50F6EEF6E4CE1F592221,,0.025,40,SiO2; TiO2; Al2O3; Fe2O3; FeO; MnO; MgO; CaO; Na2O; K2O; P2O5; Rb; Sr; Y; Zr; Nb; Ba; La; Ce; Pr; Nd; Sm; Eu; Gd; Tb; Dy; Ho; Er; Tm; Yb; Lu; Hf; Ta; A/CNK; A/NK; Fe*; K2O/Na2O; Zr/Hf; Eu/Eu*; (La/Yb)N,20260992,20260992,0
R2465,1,validation,GG0122,RCB0066,I,True,A2CFC6311C185EAA2F17BA13E733D522713F64F2850C50F6EEF6E4CE1F592221,,0.025,40,SiO2; TiO2; Al2O3; Fe2O3; FeO; MnO; MgO; CaO; Na2O; K2O; P2O5; Rb; Sr; Y; Zr; Nb; Ba; La; Ce; Pr; Nd; Sm; Eu; Gd; Tb; Dy; Ho; Er; Tm; Yb; Lu; Hf; Ta; A/CNK; A/NK; Fe*; K2O/Na2O; Zr/Hf; Eu/Eu*; (La/Yb)N,20260992,20260992,0
R2692,1,validation,GG0023,RCB0019,S,True,A2CFC6311C185EAA2F17BA13E733D522713F64F2850C50F6EEF6E4CE1F592221,,0.125,40,SiO2; TiO2; Al2O3; Fe2O3; FeO; MnO; MgO; CaO; Na2O; K2O; P2O5; Rb; Sr; Y; Zr; Nb; Ba; La; Ce; Pr; Nd; Sm; Eu; Gd; Tb; Dy; Ho; Er; Tm; Yb; Lu; Hf; Ta; A/CNK; A/NK; Fe*; K2O/Na2O; Zr/Hf; Eu/Eu*; (La/Yb)N,20260992,20260992,0
R2693,1,validation,GG0023,RCB0019,S,True,A2CFC6311C185EAA2F17BA13E733D522713F64F2850C50F6EEF6E4CE1F592221,,0.2,40,SiO2; TiO2; Al2O3; Fe2O3; FeO; MnO; MgO; CaO; Na2O; K2O; P2O5; Rb; Sr; Y; Zr; Nb; Ba; La; Ce; Pr; Nd; Sm; Eu; Gd; Tb; Dy; Ho; Er; Tm; Yb; Lu; Hf; Ta; A/CNK; A/NK; Fe*; K2O/Na2O; Zr/Hf; Eu/Eu*; (La/Yb)N,20260992,20260992,0
R2694,1,validation,GG0023,RCB0019,S,True,A2CFC6311C185EAA2F17BA13E733D522713F64F2850C50F6EEF6E4CE1F592221,,0.125,40,SiO2; TiO2; Al2O3; Fe2O3; FeO; MnO; MgO; CaO; Na2O; K2O; P2O5; Rb; Sr; Y; Zr; Nb; Ba; La; Ce; Pr; Nd; Sm; Eu; Gd; Tb; Dy; Ho; Er; Tm; Yb; Lu; Hf; Ta; A/CNK; A/NK; Fe*; K2O/Na2O; Zr/Hf; Eu/Eu*; (La/Yb)N,20260992,20260992,0
R2695,1,validation,GG0023,RCB0019,S,False,A2CFC6311C185EAA2F17BA13E733D522713F64F2850C50F6EEF6E4CE1F592221,row_missingness_at_or_above_threshold,0.5,40,SiO2; TiO2; Al2O3; Fe2O3; FeO; MnO; MgO; CaO; Na2O; K2O; P2O5; Rb; Sr; Y; Zr; Nb; Ba; La; Ce; Pr; Nd; Sm; Eu; Gd; Tb; Dy; Ho; Er; Tm; Yb; Lu; Hf; Ta; A/CNK; A/NK; Fe*; K2O/Na2O; Zr/Hf; Eu/Eu*; (La/Yb)N,20260992,20260992,0
R2696,1,validation,GG0023,RCB0019,S,False,A2CFC6311C185EAA2F17BA13E733D522713F64F2850C50F6EEF6E4CE1F592221,row_missingness_at_or_above_threshold,0.5,40,SiO2; TiO2; Al2O3; Fe2O3; FeO; MnO; MgO; CaO; Na2O; K2O; P2O5; Rb; Sr; Y; Zr; Nb; Ba; La; Ce; Pr; Nd; Sm; Eu; Gd; Tb; Dy; Ho; Er; Tm; Yb; Lu; Hf; Ta; A/CNK; A/NK; Fe*; K2O/Na2O; Zr/Hf; Eu/Eu*; (La/Yb)N,20260992,20260992,0
R2697,1,validation,GG0023,RCB0019,S,False,A2CFC6311C185EAA2F17BA13E733D522713F64F2850C50F6EEF6E4CE1F592221,row_missingness_at_or_above_threshold,0.5,40,SiO2; TiO2; Al2O3; Fe2O3; FeO; MnO; MgO; CaO; Na2O; K2O; P2O5; Rb; Sr; Y; Zr; Nb; Ba; La; Ce; Pr; Nd; Sm; Eu; Gd; Tb; Dy; Ho; Er; Tm; Yb; Lu; Hf; Ta; A/CNK; A/NK; Fe*; K2O/Na2O; Zr/Hf; Eu/Eu*; (La/Yb)N,20260992,20260992,0
R2698,1,validation,GG0023,RCB0019,S,True,A2CFC6311C185EAA2F17BA13E733D522713F64F2850C50F6EEF6E4CE1F592221,,0.075,40,SiO2; TiO2; Al2O3; Fe2O3; FeO; MnO; MgO; CaO; Na2O; K2O; P2O5; Rb; Sr; Y; Zr; Nb; Ba; La; Ce; Pr; Nd; Sm; Eu; Gd; Tb; Dy; Ho; Er; Tm; Yb; Lu; Hf; Ta; A/CNK; A/NK; Fe*; K2O/Na2O; Zr/Hf; Eu/Eu*; (La/Yb)N,20260992,20260992,0
R2699,1,validation,GG0023,RCB0019,S,True,A2CFC6311C185EAA2F17BA13E733D522713F64F2850C50F6EEF6E4CE1F592221,,0.075,40,SiO2; TiO2; Al2O3; Fe2O3; FeO; MnO; MgO; CaO; Na2O; K2O; P2O5; Rb; Sr; Y; Zr; Nb; Ba; La; Ce; Pr; Nd; Sm; Eu; Gd; Tb; Dy; Ho; Er; Tm; Yb; Lu; Hf; Ta; A/CNK; A/NK; Fe*; K2O/Na2O; Zr/Hf; Eu/Eu*; (La/Yb)N,20260992,20260992,0
R2700,1,validation,GG0023,RCB0019,S,True,A2CFC6311C185EAA2F17BA13E733D522713F64F2850C50F6EEF6E4CE1F592221,,0.1,40,SiO2; TiO2; Al2O3; Fe2O3; FeO; MnO; MgO; CaO; Na2O; K2O; P2O5; Rb; Sr; Y; Zr; Nb; Ba; La; Ce; Pr; Nd; Sm; Eu; Gd; Tb; Dy; Ho; Er; Tm; Yb; Lu; Hf; Ta; A/CNK; A/NK; Fe*; K2O/Na2O; Zr/Hf; Eu/Eu*; (La/Yb)N,20260992,20260992,0
R2701,1,validation,GG0023,RCB0019,S,True,A2CFC6311C185EAA2F17BA13E733D522713F64F2850C50F6EEF6E4CE1F592221,,0.2,40,SiO2; TiO2; Al2O3; Fe2O3; FeO; MnO; MgO; CaO; Na2O; K2O; P2O5; Rb; Sr; Y; Zr; Nb; Ba; La; Ce; Pr; Nd; Sm; Eu; Gd; Tb; Dy; Ho; Er; Tm; Yb; Lu; Hf; Ta; A/CNK; A/NK; Fe*; K2O/Na2O; Zr/Hf; Eu/Eu*; (La/Yb)N,20260992,20260992,0
R2702,1,validation,GG0023,RCB0019,S,True,A2CFC6311C185EAA2F17BA13E733D522713F64F2850C50F6EEF6E4CE1F592221,,0.125,40,SiO2; TiO2; Al2O3; Fe2O3; FeO; MnO; MgO; CaO; Na2O; K2O; P2O5; Rb; Sr; Y; Zr; Nb; Ba; La; Ce; Pr; Nd; Sm; Eu; Gd; Tb; Dy; Ho; Er; Tm; Yb; Lu; Hf; Ta; A/CNK; A/NK; Fe*; K2O/Na2O; Zr/Hf; Eu/Eu*; (La/Yb)N,20260992,20260992,0
R2703,1,validation,GG0023,RCB0019,S,True,A2CFC6311C185EAA2F17BA13E733D522713F64F2850C50F6EEF6E4CE1F592221,,0.075,40,SiO2; TiO2; Al2O3; Fe2O3; FeO; MnO; MgO; CaO; Na2O; K2O; P2O5; Rb; Sr; Y; Zr; Nb; Ba; La; Ce; Pr; Nd; Sm; Eu; Gd; Tb; Dy; Ho; Er; Tm; Yb; Lu; Hf; Ta; A/CNK; A/NK; Fe*; K2O/Na2O; Zr/Hf; Eu/Eu*; (La/Yb)N,20260992,20260992,0
R2704,1,validation,GG0023,RCB0019,S,True,A2CFC6311C185EAA2F17BA13E733D522713F64F2850C50F6EEF6E4CE1F592221,,0.075,40,SiO2; TiO2; Al2O3; Fe2O3; FeO; MnO; MgO; CaO; Na2O; K2O; P2O5; Rb; Sr; Y; Zr; Nb; Ba; La; Ce; Pr; Nd; Sm; Eu; Gd; Tb; Dy; Ho; Er; Tm; Yb; Lu; Hf; Ta; A/CNK; A/NK; Fe*; K2O/Na2O; Zr/Hf; Eu/Eu*; (La/Yb)N,20260992,20260992,0
R2705,1,validation,GG0023,RCB0019,S,True,A2CFC6311C185EAA2F17BA13E733D522713F64F2850C50F6EEF6E4CE1F592221,,0.05,40,SiO2; TiO2; Al2O3; Fe2O3; FeO; MnO; MgO; CaO; Na2O; K2O; P2O5; Rb; Sr; Y; Zr; Nb; Ba; La; Ce; Pr; Nd; Sm; Eu; Gd; Tb; Dy; Ho; Er; Tm; Yb; Lu; Hf; Ta; A/CNK; A/NK; Fe*; K2O/Na2O; Zr/Hf; Eu/Eu*; (La/Yb)N,20260992,20260992,0
R2706,1,validation,GG0023,RCB0019,S,True,A2CFC6311C185EAA2F17BA13E733D522713F64F2850C50F6EEF6E4CE1F592221,,0.05,40,SiO2; TiO2; Al2O3; Fe2O3; FeO; MnO; MgO; CaO; Na2O; K2O; P2O5; Rb; Sr; Y; Zr; Nb; Ba; La; Ce; Pr; Nd; Sm; Eu; Gd; Tb; Dy; Ho; Er; Tm; Yb; Lu; Hf; Ta; A/CNK; A/NK; Fe*; K2O/Na2O; Zr/Hf; Eu/Eu*; (La/Yb)N,20260992,20260992,0
R2707,1,validation,GG0023,RCB0019,S,True,A2CFC6311C185EAA2F17BA13E733D522713F64F2850C50F6EEF6E4CE1F592221,,0.05,40,SiO2; TiO2; Al2O3; Fe2O3; FeO; MnO; MgO; CaO; Na2O; K2O; P2O5; Rb; Sr; Y; Zr; Nb; Ba; La; Ce; Pr; Nd; Sm; Eu; Gd; Tb; Dy; Ho; Er; Tm; Yb; Lu; Hf; Ta; A/CNK; A/NK; Fe*; K2O/Na2O; Zr/Hf; Eu/Eu*; (La/Yb)N,20260992,20260992,0
R2708,1,validation,GG0023,RCB0019,S,True,A2CFC6311C185EAA2F17BA13E733D522713F64F2850C50F6EEF6E4CE1F592221,,0.05,40,SiO2; TiO2; Al2O3; Fe2O3; FeO; MnO; MgO; CaO; Na2O; K2O; P2O5; Rb; Sr; Y; Zr; Nb; Ba; La; Ce; Pr; Nd; Sm; Eu; Gd; Tb; Dy; Ho; Er; Tm; Yb; Lu; Hf; Ta; A/CNK; A/NK; Fe*; K2O/Na2O; Zr/Hf; Eu/Eu*; (La/Yb)N,20260992,20260992,0
R2709,1,validation,GG0023,RCB0019,S,True,A2CFC6311C185EAA2F17BA13E733D522713F64F2850C50F6EEF6E4CE1F592221,,0.05,40,SiO2; TiO2; Al2O3; Fe2O3; FeO; MnO; MgO; CaO; Na2O; K2O; P2O5; Rb; Sr; Y; Zr; Nb; Ba; La; Ce; Pr; Nd; Sm; Eu; Gd; Tb; Dy; Ho; Er; Tm; Yb; Lu; Hf; Ta; A/CNK; A/NK; Fe*; K2O/Na2O; Zr/Hf; Eu/Eu*; (La/Yb)N,20260992,20260992,0
R2710,1,validation,GG0023,RCB0019,S,True,A2CFC6311C185EAA2F17BA13E733D522713F64F2850C50F6EEF6E4CE1F592221,,0.05,40,SiO2; TiO2; Al2O3; Fe2O3; FeO; MnO; MgO; CaO; Na2O; K2O; P2O5; Rb; Sr; Y; Zr; Nb; Ba; La; Ce; Pr; Nd; Sm; Eu; Gd; Tb; Dy; Ho; Er; Tm; Yb; Lu; Hf; Ta; A/CNK; A/NK; Fe*; K2O/Na2O; Zr/Hf; Eu/Eu*; (La/Yb)N,20260992,20260992,0
R2711,1,validation,GG0023,RCB0019,S,True,A2CFC6311C185EAA2F17BA13E733D522713F64F2850C50F6EEF6E4CE1F592221,,0.05,40,SiO2; TiO2; Al2O3; Fe2O3; FeO; MnO; MgO; CaO; Na2O; K2O; P2O5; Rb; Sr; Y; Zr; Nb; Ba; La; Ce; Pr; Nd; Sm; Eu; Gd; Tb; Dy; Ho; Er; Tm; Yb; Lu; Hf; Ta; A/CNK; A/NK; Fe*; K2O/Na2O; Zr/Hf; Eu/Eu*; (La/Yb)N,20260992,20260992,0
R2712,1,validation,GG0023,RCB0019,S,True,A2CFC6311C185EAA2F17BA13E733D522713F64F2850C50F6EEF6E4CE1F592221,,0.0,40,SiO2; TiO2; Al2O3; Fe2O3; FeO; MnO; MgO; CaO; Na2O; K2O; P2O5; Rb; Sr; Y; Zr; Nb; Ba; La; Ce; Pr; Nd; Sm; Eu; Gd; Tb; Dy; Ho; Er; Tm; Yb; Lu; Hf; Ta; A/CNK; A/NK; Fe*; K2O/Na2O; Zr/Hf; Eu/Eu*; (La/Yb)N,20260992,20260992,0
R2713,1,validation,GG0023,RCB0019,S,True,A2CFC6311C185EAA2F17BA13E733D522713F64F2850C50F6EEF6E4CE1F592221,,0.0,40,SiO2; TiO2; Al2O3; Fe2O3; FeO; MnO; MgO; CaO; Na2O; K2O; P2O5; Rb; Sr; Y; Zr; Nb; Ba; La; Ce; Pr; Nd; Sm; Eu; Gd; Tb; Dy; Ho; Er; Tm; Yb; Lu; Hf; Ta; A/CNK; A/NK; Fe*; K2O/Na2O; Zr/Hf; Eu/Eu*; (La/Yb)N,20260992,20260992,0
R2714,1,validation,GG0023,RCB0019,S,True,A2CFC6311C185EAA2F17BA13E733D522713F64F2850C50F6EEF6E4CE1F592221,,0.0,40,SiO2; TiO2; Al2O3; Fe2O3; FeO; MnO; MgO; CaO; Na2O; K2O; P2O5; Rb; Sr; Y; Zr; Nb; Ba; La; Ce; Pr; Nd; Sm; Eu; Gd; Tb; Dy; Ho; Er; Tm; Yb; Lu; Hf; Ta; A/CNK; A/NK; Fe*; K2O/Na2O; Zr/Hf; Eu/Eu*; (La/Yb)N,20260992,20260992,0
R2715,1,validation,GG0023,RCB0019,S,True,A2CFC6311C185EAA2F17BA13E733D522713F64F2850C50F6EEF6E4CE1F592221,,0.0,40,SiO2; TiO2; Al2O3; Fe2O3; FeO; MnO; MgO; CaO; Na2O; K2O; P2O5; Rb; Sr; Y; Zr; Nb; Ba; La; Ce; Pr; Nd; Sm; Eu; Gd; Tb; Dy; Ho; Er; Tm; Yb; Lu; Hf; Ta; A/CNK; A/NK; Fe*; K2O/Na2O; Zr/Hf; Eu/Eu*; (La/Yb)N,20260992,20260992,0
R2716,1,validation,GG0023,RCB0019,S,True,A2CFC6311C185EAA2F17BA13E733D522713F64F2850C50F6EEF6E4CE1F592221,,0.0,40,SiO2; TiO2; Al2O3; Fe2O3; FeO; MnO; MgO; CaO; Na2O; K2O; P2O5; Rb; Sr; Y; Zr; Nb; Ba; La; Ce; Pr; Nd; Sm; Eu; Gd; Tb; Dy; Ho; Er; Tm; Yb; Lu; Hf; Ta; A/CNK; A/NK; Fe*; K2O/Na2O; Zr/Hf; Eu/Eu*; (La/Yb)N,20260992,20260992,0
R2717,1,validation,GG0023,RCB0019,S,True,A2CFC6311C185EAA2F17BA13E733D522713F64F2850C50F6EEF6E4CE1F592221,,0.0,40,SiO2; TiO2; Al2O3; Fe2O3; FeO; MnO; MgO; CaO; Na2O; K2O; P2O5; Rb; Sr; Y; Zr; Nb; Ba; La; Ce; Pr; Nd; Sm; Eu; Gd; Tb; Dy; Ho; Er; Tm; Yb; Lu; Hf; Ta; A/CNK; A/NK; Fe*; K2O/Na2O; Zr/Hf; Eu/Eu*; (La/Yb)N,20260992,20260992,0
R2718,1,validation,GG0023,RCB0019,S,True,A2CFC6311C185EAA2F17BA13E733D522713F64F2850C50F6EEF6E4CE1F592221,,0.0,40,SiO2; TiO2; Al2O3; Fe2O3; FeO; MnO; MgO; CaO; Na2O; K2O; P2O5; Rb; Sr; Y; Zr; Nb; Ba; La; Ce; Pr; Nd; Sm; Eu; Gd; Tb; Dy; Ho; Er; Tm; Yb; Lu; Hf; Ta; A/CNK; A/NK; Fe*; K2O/Na2O; Zr/Hf; Eu/Eu*; (La/Yb)N,20260992,20260992,0
R2719,1,validation,GG0023,RCB0019,S,True,A2CFC6311C185EAA2F17BA13E733D522713F64F2850C50F6EEF6E4CE1F592221,,0.0,40,SiO2; TiO2; Al2O3; Fe2O3; FeO; MnO; MgO; CaO; Na2O; K2O; P2O5; Rb; Sr; Y; Zr; Nb; Ba; La; Ce; Pr; Nd; Sm; Eu; Gd; Tb; Dy; Ho; Er; Tm; Yb; Lu; Hf; Ta; A/CNK; A/NK; Fe*; K2O/Na2O; Zr/Hf; Eu/Eu*; (La/Yb)N,20260992,20260992,0
R2720,1,validation,GG0023,RCB0019,S,True,A2CFC6311C185EAA2F17BA13E733D522713F64F2850C50F6EEF6E4CE1F592221,,0.0,40,SiO2; TiO2; Al2O3; Fe2O3; FeO; MnO; MgO; CaO; Na2O; K2O; P2O5; Rb; Sr; Y; Zr; Nb; Ba; La; Ce; Pr; Nd; Sm; Eu; Gd; Tb; Dy; Ho; Er; Tm; Yb; Lu; Hf; Ta; A/CNK; A/NK; Fe*; K2O/Na2O; Zr/Hf; Eu/Eu*; (La/Yb)N,20260992,20260992,0
R2721,1,validation,GG0023,RCB0019,S,True,A2CFC6311C185EAA2F17BA13E733D522713F64F2850C50F6EEF6E4CE1F592221,,0.0,40,SiO2; TiO2; Al2O3; Fe2O3; FeO; MnO; MgO; CaO; Na2O; K2O; P2O5; Rb; Sr; Y; Zr; Nb; Ba; La; Ce; Pr; Nd; Sm; Eu; Gd; Tb; Dy; Ho; Er; Tm; Yb; Lu; Hf; Ta; A/CNK; A/NK; Fe*; K2O/Na2O; Zr/Hf; Eu/Eu*; (La/Yb)N,20260992,20260992,0
R2722,1,validation,GG0023,RCB0019,S,True,A2CFC6311C185EAA2F17BA13E733D522713F64F2850C50F6EEF6E4CE1F592221,,0.0,40,SiO2; TiO2; Al2O3; Fe2O3; FeO; MnO; MgO; CaO; Na2O; K2O; P2O5; Rb; Sr; Y; Zr; Nb; Ba; La; Ce; Pr; Nd; Sm; Eu; Gd; Tb; Dy; Ho; Er; Tm; Yb; Lu; Hf; Ta; A/CNK; A/NK; Fe*; K2O/Na2O; Zr/Hf; Eu/Eu*; (La/Yb)N,20260992,20260992,0
R2723,1,validation,GG0023,RCB0019,S,True,A2CFC6311C185EAA2F17BA13E733D522713F64F2850C50F6EEF6E4CE1F592221,,0.0,40,SiO2; TiO2; Al2O3; Fe2O3; FeO; MnO; MgO; CaO; Na2O; K2O; P2O5; Rb; Sr; Y; Zr; Nb; Ba; La; Ce; Pr; Nd; Sm; Eu; Gd; Tb; Dy; Ho; Er; Tm; Yb; Lu; Hf; Ta; A/CNK; A/NK; Fe*; K2O/Na2O; Zr/Hf; Eu/Eu*; (La/Yb)N,20260992,20260992,0
R2724,1,validation,GG0023,RCB0019,S,True,A2CFC6311C185EAA2F17BA13E733D522713F64F2850C50F6EEF6E4CE1F592221,,0.0,40,SiO2; TiO2; Al2O3; Fe2O3; FeO; MnO; MgO; CaO; Na2O; K2O; P2O5; Rb; Sr; Y; Zr; Nb; Ba; La; Ce; Pr; Nd; Sm; Eu; Gd; Tb; Dy; Ho; Er; Tm; Yb; Lu; Hf; Ta; A/CNK; A/NK; Fe*; K2O/Na2O; Zr/Hf; Eu/Eu*; (La/Yb)N,20260992,20260992,0
R2725,1,validation,GG0023,RCB0019,S,True,A2CFC6311C185EAA2F17BA13E733D522713F64F2850C50F6EEF6E4CE1F592221,,0.0,40,SiO2; TiO2; Al2O3; Fe2O3; FeO; MnO; MgO; CaO; Na2O; K2O; P2O5; Rb; Sr; Y; Zr; Nb; Ba; La; Ce; Pr; Nd; Sm; Eu; Gd; Tb; Dy; Ho; Er; Tm; Yb; Lu; Hf; Ta; A/CNK; A/NK; Fe*; K2O/Na2O; Zr/Hf; Eu/Eu*; (La/Yb)N,20260992,20260992,0
R2726,1,validation,GG0023,RCB0019,S,True,A2CFC6311C185EAA2F17BA13E733D522713F64F2850C50F6EEF6E4CE1F592221,,0.0,40,SiO2; TiO2; Al2O3; Fe2O3; FeO; MnO; MgO; CaO; Na2O; K2O; P2O5; Rb; Sr; Y; Zr; Nb; Ba; La; Ce; Pr; Nd; Sm; Eu; Gd; Tb; Dy; Ho; Er; Tm; Yb; Lu; Hf; Ta; A/CNK; A/NK; Fe*; K2O/Na2O; Zr/Hf; Eu/Eu*; (La/Yb)N,20260992,20260992,0
R2727,1,validation,GG0023,RCB0019,S,True,A2CFC6311C185EAA2F17BA13E733D522713F64F2850C50F6EEF6E4CE1F592221,,0.0,40,SiO2; TiO2; Al2O3; Fe2O3; FeO; MnO; MgO; CaO; Na2O; K2O; P2O5; Rb; Sr; Y; Zr; Nb; Ba; La; Ce; Pr; Nd; Sm; Eu; Gd; Tb; Dy; Ho; Er; Tm; Yb; Lu; Hf; Ta; A/CNK; A/NK; Fe*; K2O/Na2O; Zr/Hf; Eu/Eu*; (La/Yb)N,20260992,20260992,0
R2728,1,validation,GG0023,RCB0019,S,True,A2CFC6311C185EAA2F17BA13E733D522713F64F2850C50F6EEF6E4CE1F592221,,0.0,40,SiO2; TiO2; Al2O3; Fe2O3; FeO; MnO; MgO; CaO; Na2O; K2O; P2O5; Rb; Sr; Y; Zr; Nb; Ba; La; Ce; Pr; Nd; Sm; Eu; Gd; Tb; Dy; Ho; Er; Tm; Yb; Lu; Hf; Ta; A/CNK; A/NK; Fe*; K2O/Na2O; Zr/Hf; Eu/Eu*; (La/Yb)N,20260992,20260992,0
R2729,1,validation,GG0023,RCB0019,S,True,A2CFC6311C185EAA2F17BA13E733D522713F64F2850C50F6EEF6E4CE1F592221,,0.0,40,SiO2; TiO2; Al2O3; Fe2O3; FeO; MnO; MgO; CaO; Na2O; K2O; P2O5; Rb; Sr; Y; Zr; Nb; Ba; La; Ce; Pr; Nd; Sm; Eu; Gd; Tb; Dy; Ho; Er; Tm; Yb; Lu; Hf; Ta; A/CNK; A/NK; Fe*; K2O/Na2O; Zr/Hf; Eu/Eu*; (La/Yb)N,20260992,20260992,0
R0117,2,validation,GG0038,RCB0030,S,True,A2CFC6311C185EAA2F17BA13E733D522713F64F2850C50F6EEF6E4CE1F592221,,0.1,40,SiO2; TiO2; Al2O3; Fe2O3; FeO; MnO; MgO; CaO; Na2O; K2O; P2O5; Rb; Y; Zr; Nb; Ba; La; Ce; Pr; Nd; Sm; Eu; Gd; Tb; Dy; Ho; Er; Tm; Yb; Lu; Hf; Ta; Ga; A/CNK; A/NK; Fe*; K2O/Na2O; Zr/Hf; Eu/Eu*; (La/Yb)N,20260992,20260992,0
R0118,2,validation,GG0038,RCB0030,S,True,A2CFC6311C185EAA2F17BA13E733D522713F64F2850C50F6EEF6E4CE1F592221,,0.1,40,SiO2; TiO2; Al2O3; Fe2O3; FeO; MnO; MgO; CaO; Na2O; K2O; P2O5; Rb; Y; Zr; Nb; Ba; La; Ce; Pr; Nd; Sm; Eu; Gd; Tb; Dy; Ho; Er; Tm; Yb; Lu; Hf; Ta; Ga; A/CNK; A/NK; Fe*; K2O/Na2O; Zr/Hf; Eu/Eu*; (La/Yb)N,20260992,20260992,0
R0119,2,validation,GG0038,RCB0030,S,True,A2CFC6311C185EAA2F17BA13E733D522713F64F2850C50F6EEF6E4CE1F592221,,0.1,40,SiO2; TiO2; Al2O3; Fe2O3; FeO; MnO; MgO; CaO; Na2O; K2O; P2O5; Rb; Y; Zr; Nb; Ba; La; Ce; Pr; Nd; Sm; Eu; Gd; Tb; Dy; Ho; Er; Tm; Yb; Lu; Hf; Ta; Ga; A/CNK; A/NK; Fe*; K2O/Na2O; Zr/Hf; Eu/Eu*; (La/Yb)N,20260992,20260992,0
R0120,2,validation,GG0038,RCB0030,S,True,A2CFC6311C185EAA2F17BA13E733D522713F64F2850C50F6EEF6E4CE1F592221,,0.1,40,SiO2; TiO2; Al2O3; Fe2O3; FeO; MnO; MgO; CaO; Na2O; K2O; P2O5; Rb; Y; Zr; Nb; Ba; La; Ce; Pr; Nd; Sm; Eu; Gd; Tb; Dy; Ho; Er; Tm; Yb; Lu; Hf; Ta; Ga; A/CNK; A/NK; Fe*; K2O/Na2O; Zr/Hf; Eu/Eu*; (La/Yb)N,20260992,20260992,0
R0121,2,validation,GG0038,RCB0030,S,True,A2CFC6311C185EAA2F17BA13E733D522713F64F2850C50F6EEF6E4CE1F592221,,0.1,40,SiO2; TiO2; Al2O3; Fe2O3; FeO; MnO; MgO; CaO; Na2O; K2O; P2O5; Rb; Y; Zr; Nb; Ba; La; Ce; Pr; Nd; Sm; Eu; Gd; Tb; Dy; Ho; Er; Tm; Yb; Lu; Hf; Ta; Ga; A/CNK; A/NK; Fe*; K2O/Na2O; Zr/Hf; Eu/Eu*; (La/Yb)N,20260992,20260992,0
R0122,2,validation,GG0038,RCB0030,S,True,A2CFC6311C185EAA2F17BA13E733D522713F64F2850C50F6EEF6E4CE1F592221,,0.1,40,SiO2; TiO2; Al2O3; Fe2O3; FeO; MnO; MgO; CaO; Na2O; K2O; P2O5; Rb; Y; Zr; Nb; Ba; La; Ce; Pr; Nd; Sm; Eu; Gd; Tb; Dy; Ho; Er; Tm; Yb; Lu; Hf; Ta; Ga; A/CNK; A/NK; Fe*; K2O/Na2O; Zr/Hf; Eu/Eu*; (La/Yb)N,20260992,20260992,0
R0140,2,validation,GG0020,RCB0018,S,True,A2CFC6311C185EAA2F17BA13E733D522713F64F2850C50F6EEF6E4CE1F592221,,0.0,40,SiO2; TiO2; Al2O3; Fe2O3; FeO; MnO; MgO; CaO; Na2O; K2O; P2O5; Rb; Y; Zr; Nb; Ba; La; Ce; Pr; Nd; Sm; Eu; Gd; Tb; Dy; Ho; Er; Tm; Yb; Lu; Hf; Ta; Ga; A/CNK; A/NK; Fe*; K2O/Na2O; Zr/Hf; Eu/Eu*; (La/Yb)N,20260992,20260992,0
R0141,2,validation,GG0020,RCB0018,S,True,A2CFC6311C185EAA2F17BA13E733D522713F64F2850C50F6EEF6E4CE1F592221,,0.0,40,SiO2; TiO2; Al2O3; Fe2O3; FeO; MnO; MgO; CaO; Na2O; K2O; P2O5; Rb; Y; Zr; Nb; Ba; La; Ce; Pr; Nd; Sm; Eu; Gd; Tb; Dy; Ho; Er; Tm; Yb; Lu; Hf; Ta; Ga; A/CNK; A/NK; Fe*; K2O/Na2O; Zr/Hf; Eu/Eu*; (La/Yb)N,20260992,20260992,0
R0142,2,validation,GG0020,RCB0018,S,True,A2CFC6311C185EAA2F17BA13E733D522713F64F2850C50F6EEF6E4CE1F592221,,0.0,40,SiO2; TiO2; Al2O3; Fe2O3; FeO; MnO; MgO; CaO; Na2O; K2O; P2O5; Rb; Y; Zr; Nb; Ba; La; Ce; Pr; Nd; Sm; Eu; Gd; Tb; Dy; Ho; Er; Tm; Yb; Lu; Hf; Ta; Ga; A/CNK; A/NK; Fe*; K2O/Na2O; Zr/Hf; Eu/Eu*; (La/Yb)N,20260992,20260992,0
R0143,2,validation,GG0020,RCB0018,S,True,A2CFC6311C185EAA2F17BA13E733D522713F64F2850C50F6EEF6E4CE1F592221,,0.0,40,SiO2; TiO2; Al2O3; Fe2O3; FeO; MnO; MgO; CaO; Na2O; K2O; P2O5; Rb; Y; Zr; Nb; Ba; La; Ce; Pr; Nd; Sm; Eu; Gd; Tb; Dy; Ho; Er; Tm; Yb; Lu; Hf; Ta; Ga; A/CNK; A/NK; Fe*; K2O/Na2O; Zr/Hf; Eu/Eu*; (La/Yb)N,20260992,20260992,0
R0157,2,validation,GG0038,RCB0030,S,True,A2CFC6311C185EAA2F17BA13E733D522713F64F2850C50F6EEF6E4CE1F592221,,0.0,40,SiO2; TiO2; Al2O3; Fe2O3; FeO; MnO; MgO; CaO; Na2O; K2O; P2O5; Rb; Y; Zr; Nb; Ba; La; Ce; Pr; Nd; Sm; Eu; Gd; Tb; Dy; Ho; Er; Tm; Yb; Lu; Hf; Ta; Ga; A/CNK; A/NK; Fe*; K2O/Na2O; Zr/Hf; Eu/Eu*; (La/Yb)N,20260992,20260992,0
R0158,2,validation,GG0038,RCB0030,S,True,A2CFC6311C185EAA2F17BA13E733D522713F64F2850C50F6EEF6E4CE1F592221,,0.0,40,SiO2; TiO2; Al2O3; Fe2O3; FeO; MnO; MgO; CaO; Na2O; K2O; P2O5; Rb; Y; Zr; Nb; Ba; La; Ce; Pr; Nd; Sm; Eu; Gd; Tb; Dy; Ho; Er; Tm; Yb; Lu; Hf; Ta; Ga; A/CNK; A/NK; Fe*; K2O/Na2O; Zr/Hf; Eu/Eu*; (La/Yb)N,20260992,20260992,0
R0159,2,validation,GG0038,RCB0030,S,True,A2CFC6311C185EAA2F17BA13E733D522713F64F2850C50F6EEF6E4CE1F592221,,0.0,40,SiO2; TiO2; Al2O3; Fe2O3; FeO; MnO; MgO; CaO; Na2O; K2O; P2O5; Rb; Y; Zr; Nb; Ba; La; Ce; Pr; Nd; Sm; Eu; Gd; Tb; Dy; Ho; Er; Tm; Yb; Lu; Hf; Ta; Ga; A/CNK; A/NK; Fe*; K2O/Na2O; Zr/Hf; Eu/Eu*; (La/Yb)N,20260992,20260992,0
R0160,2,validation,GG0038,RCB0030,S,True,A2CFC6311C185EAA2F17BA13E733D522713F64F2850C50F6EEF6E4CE1F592221,,0.0,40,SiO2; TiO2; Al2O3; Fe2O3; FeO; MnO; MgO; CaO; Na2O; K2O; P2O5; Rb; Y; Zr; Nb; Ba; La; Ce; Pr; Nd; Sm; Eu; Gd; Tb; Dy; Ho; Er; Tm; Yb; Lu; Hf; Ta; Ga; A/CNK; A/NK; Fe*; K2O/Na2O; Zr/Hf; Eu/Eu*; (La/Yb)N,20260992,20260992,0
R0161,2,validation,GG0038,RCB0030,S,True,A2CFC6311C185EAA2F17BA13E733D522713F64F2850C50F6EEF6E4CE1F592221,,0.0,40,SiO2; TiO2; Al2O3; Fe2O3; FeO; MnO; MgO; CaO; Na2O; K2O; P2O5; Rb; Y; Zr; Nb; Ba; La; Ce; Pr; Nd; Sm; Eu; Gd; Tb; Dy; Ho; Er; Tm; Yb; Lu; Hf; Ta; Ga; A/CNK; A/NK; Fe*; K2O/Na2O; Zr/Hf; Eu/Eu*; (La/Yb)N,20260992,20260992,0
R0162,2,validation,GG0038,RCB0030,S,True,A2CFC6311C185EAA2F17BA13E733D522713F64F2850C50F6EEF6E4CE1F592221,,0.0,40,SiO2; TiO2; Al2O3; Fe2O3; FeO; MnO; MgO; CaO; Na2O; K2O; P2O5; Rb; Y; Zr; Nb; Ba; La; Ce; Pr; Nd; Sm; Eu; Gd; Tb; Dy; Ho; Er; Tm; Yb; Lu; Hf; Ta; Ga; A/CNK; A/NK; Fe*; K2O/Na2O; Zr/Hf; Eu/Eu*; (La/Yb)N,20260992,20260992,0
R0180,2,validation,GG0038,RCB0030,S,True,A2CFC6311C185EAA2F17BA13E733D522713F64F2850C50F6EEF6E4CE1F592221,,0.1,40,SiO2; TiO2; Al2O3; Fe2O3; FeO; MnO; MgO; CaO; Na2O; K2O; P2O5; Rb; Y; Zr; Nb; Ba; La; Ce; Pr; Nd; Sm; Eu; Gd; Tb; Dy; Ho; Er; Tm; Yb; Lu; Hf; Ta; Ga; A/CNK; A/NK; Fe*; K2O/Na2O; Zr/Hf; Eu/Eu*; (La/Yb)N,20260992,20260992,0
R0181,2,validation,GG0038,RCB0030,S,True,A2CFC6311C185EAA2F17BA13E733D522713F64F2850C50F6EEF6E4CE1F592221,,0.1,40,SiO2; TiO2; Al2O3; Fe2O3; FeO; MnO; MgO; CaO; Na2O; K2O; P2O5; Rb; Y; Zr; Nb; Ba; La; Ce; Pr; Nd; Sm; Eu; Gd; Tb; Dy; Ho; Er; Tm; Yb; Lu; Hf; Ta; Ga; A/CNK; A/NK; Fe*; K2O/Na2O; Zr/Hf; Eu/Eu*; (La/Yb)N,20260992,20260992,0
R0182,2,validation,GG0038,RCB0030,S,True,A2CFC6311C185EAA2F17BA13E733D522713F64F2850C50F6EEF6E4CE1F592221,,0.1,40,SiO2; TiO2; Al2O3; Fe2O3; FeO; MnO; MgO; CaO; Na2O; K2O; P2O5; Rb; Y; Zr; Nb; Ba; La; Ce; Pr; Nd; Sm; Eu; Gd; Tb; Dy; Ho; Er; Tm; Yb; Lu; Hf; Ta; Ga; A/CNK; A/NK; Fe*; K2O/Na2O; Zr/Hf; Eu/Eu*; (La/Yb)N,20260992,20260992,0
R0183,2,validation,GG0038,RCB0030,S,True,A2CFC6311C185EAA2F17BA13E733D522713F64F2850C50F6EEF6E4CE1F592221,,0.1,40,SiO2; TiO2; Al2O3; Fe2O3; FeO; MnO; MgO; CaO; Na2O; K2O; P2O5; Rb; Y; Zr; Nb; Ba; La; Ce; Pr; Nd; Sm; Eu; Gd; Tb; Dy; Ho; Er; Tm; Yb; Lu; Hf; Ta; Ga; A/CNK; A/NK; Fe*; K2O/Na2O; Zr/Hf; Eu/Eu*; (La/Yb)N,20260992,20260992,0
R0184,2,validation,GG0038,RCB0030,S,True,A2CFC6311C185EAA2F17BA13E733D522713F64F2850C50F6EEF6E4CE1F592221,,0.1,40,SiO2; TiO2; Al2O3; Fe2O3; FeO; MnO; MgO; CaO; Na2O; K2O; P2O5; Rb; Y; Zr; Nb; Ba; La; Ce; Pr; Nd; Sm; Eu; Gd; Tb; Dy; Ho; Er; Tm; Yb; Lu; Hf; Ta; Ga; A/CNK; A/NK; Fe*; K2O/Na2O; Zr/Hf; Eu/Eu*; (La/Yb)N,20260992,20260992,0
R0185,2,validation,GG0038,RCB0030,S,True,A2CFC6311C185EAA2F17BA13E733D522713F64F2850C50F6EEF6E4CE1F592221,,0.1,40,SiO2; TiO2; Al2O3; Fe2O3; FeO; MnO; MgO; CaO; Na2O; K2O; P2O5; Rb; Y; Zr; Nb; Ba; La; Ce; Pr; Nd; Sm; Eu; Gd; Tb; Dy; Ho; Er; Tm; Yb; Lu; Hf; Ta; Ga; A/CNK; A/NK; Fe*; K2O/Na2O; Zr/Hf; Eu/Eu*; (La/Yb)N,20260992,20260992,0
R0186,2,validation,GG0038,RCB0030,S,True,A2CFC6311C185EAA2F17BA13E733D522713F64F2850C50F6EEF6E4CE1F592221,,0.1,40,SiO2; TiO2; Al2O3; Fe2O3; FeO; MnO; MgO; CaO; Na2O; K2O; P2O5; Rb; Y; Zr; Nb; Ba; La; Ce; Pr; Nd; Sm; Eu; Gd; Tb; Dy; Ho; Er; Tm; Yb; Lu; Hf; Ta; Ga; A/CNK; A/NK; Fe*; K2O/Na2O; Zr/Hf; Eu/Eu*; (La/Yb)N,20260992,20260992,0
R0187,2,validation,GG0038,RCB0030,S,True,A2CFC6311C185EAA2F17BA13E733D522713F64F2850C50F6EEF6E4CE1F592221,,0.1,40,SiO2; TiO2; Al2O3; Fe2O3; FeO; MnO; MgO; CaO; Na2O; K2O; P2O5; Rb; Y; Zr; Nb; Ba; La; Ce; Pr; Nd; Sm; Eu; Gd; Tb; Dy; Ho; Er; Tm; Yb; Lu; Hf; Ta; Ga; A/CNK; A/NK; Fe*; K2O/Na2O; Zr/Hf; Eu/Eu*; (La/Yb)N,20260992,20260992,0
R0188,2,validation,GG0038,RCB0030,S,True,A2CFC6311C185EAA2F17BA13E733D522713F64F2850C50F6EEF6E4CE1F592221,,0.1,40,SiO2; TiO2; Al2O3; Fe2O3; FeO; MnO; MgO; CaO; Na2O; K2O; P2O5; Rb; Y; Zr; Nb; Ba; La; Ce; Pr; Nd; Sm; Eu; Gd; Tb; Dy; Ho; Er; Tm; Yb; Lu; Hf; Ta; Ga; A/CNK; A/NK; Fe*; K2O/Na2O; Zr/Hf; Eu/Eu*; (La/Yb)N,20260992,20260992,0
R0189,2,validation,GG0038,RCB0030,S,True,A2CFC6311C185EAA2F17BA13E733D522713F64F2850C50F6EEF6E4CE1F592221,,0.1,40,SiO2; TiO2; Al2O3; Fe2O3; FeO; MnO; MgO; CaO; Na2O; K2O; P2O5; Rb; Y; Zr; Nb; Ba; La; Ce; Pr; Nd; Sm; Eu; Gd; Tb; Dy; Ho; Er; Tm; Yb; Lu; Hf; Ta; Ga; A/CNK; A/NK; Fe*; K2O/Na2O; Zr/Hf; Eu/Eu*; (La/Yb)N,20260992,20260992,0
R0190,2,validation,GG0038,RCB0030,S,True,A2CFC6311C185EAA2F17BA13E733D522713F64F2850C50F6EEF6E4CE1F592221,,0.025,40,SiO2; TiO2; Al2O3; Fe2O3; FeO; MnO; MgO; CaO; Na2O; K2O; P2O5; Rb; Y; Zr; Nb; Ba; La; Ce; Pr; Nd; Sm; Eu; Gd; Tb; Dy; Ho; Er; Tm; Yb; Lu; Hf; Ta; Ga; A/CNK; A/NK; Fe*; K2O/Na2O; Zr/Hf; Eu/Eu*; (La/Yb)N,20260992,20260992,0
R0191,2,validation,GG0038,RCB0030,S,True,A2CFC6311C185EAA2F17BA13E733D522713F64F2850C50F6EEF6E4CE1F592221,,0.025,40,SiO2; TiO2; Al2O3; Fe2O3; FeO; MnO; MgO; CaO; Na2O; K2O; P2O5; Rb; Y; Zr; Nb; Ba; La; Ce; Pr; Nd; Sm; Eu; Gd; Tb; Dy; Ho; Er; Tm; Yb; Lu; Hf; Ta; Ga; A/CNK; A/NK; Fe*; K2O/Na2O; Zr/Hf; Eu/Eu*; (La/Yb)N,20260992,20260992,0
R0192,2,validation,GG0038,RCB0030,S,True,A2CFC6311C185EAA2F17BA13E733D522713F64F2850C50F6EEF6E4CE1F592221,,0.025,40,SiO2; TiO2; Al2O3; Fe2O3; FeO; MnO; MgO; CaO; Na2O; K2O; P2O5; Rb; Y; Zr; Nb; Ba; La; Ce; Pr; Nd; Sm; Eu; Gd; Tb; Dy; Ho; Er; Tm; Yb; Lu; Hf; Ta; Ga; A/CNK; A/NK; Fe*; K2O/Na2O; Zr/Hf; Eu/Eu*; (La/Yb)N,20260992,20260992,0
R0193,2,validation,GG0038,RCB0030,S,True,A2CFC6311C185EAA2F17BA13E733D522713F64F2850C50F6EEF6E4CE1F592221,,0.025,40,SiO2; TiO2; Al2O3; Fe2O3; FeO; MnO; MgO; CaO; Na2O; K2O; P2O5; Rb; Y; Zr; Nb; Ba; La; Ce; Pr; Nd; Sm; Eu; Gd; Tb; Dy; Ho; Er; Tm; Yb; Lu; Hf; Ta; Ga; A/CNK; A/NK; Fe*; K2O/Na2O; Zr/Hf; Eu/Eu*; (La/Yb)N,20260992,20260992,0
R0194,2,validation,GG0038,RCB0030,S,True,A2CFC6311C185EAA2F17BA13E733D522713F64F2850C50F6EEF6E4CE1F592221,,0.025,40,SiO2; TiO2; Al2O3; Fe2O3; FeO; MnO; MgO; CaO; Na2O; K2O; P2O5; Rb; Y; Zr; Nb; Ba; La; Ce; Pr; Nd; Sm; Eu; Gd; Tb; Dy; Ho; Er; Tm; Yb; Lu; Hf; Ta; Ga; A/CNK; A/NK; Fe*; K2O/Na2O; Zr/Hf; Eu/Eu*; (La/Yb)N,20260992,20260992,0
R0195,2,validation,GG0038,RCB0030,S,True,A2CFC6311C185EAA2F17BA13E733D522713F64F2850C50F6EEF6E4CE1F592221,,0.025,40,SiO2; TiO2; Al2O3; Fe2O3; FeO; MnO; MgO; CaO; Na2O; K2O; P2O5; Rb; Y; Zr; Nb; Ba; La; Ce; Pr; Nd; Sm; Eu; Gd; Tb; Dy; Ho; Er; Tm; Yb; Lu; Hf; Ta; Ga; A/CNK; A/NK; Fe*; K2O/Na2O; Zr/Hf; Eu/Eu*; (La/Yb)N,20260992,20260992,0
R0196,2,validation,GG0038,RCB0030,S,True,A2CFC6311C185EAA2F17BA13E733D522713F64F2850C50F6EEF6E4CE1F592221,,0.025,40,SiO2; TiO2; Al2O3; Fe2O3; FeO; MnO; MgO; CaO; Na2O; K2O; P2O5; Rb; Y; Zr; Nb; Ba; La; Ce; Pr; Nd; Sm; Eu; Gd; Tb; Dy; Ho; Er; Tm; Yb; Lu; Hf; Ta; Ga; A/CNK; A/NK; Fe*; K2O/Na2O; Zr/Hf; Eu/Eu*; (La/Yb)N,20260992,20260992,0
R0197,2,validation,GG0038,RCB0030,S,True,A2CFC6311C185EAA2F17BA13E733D522713F64F2850C50F6EEF6E4CE1F592221,,0.025,40,SiO2; TiO2; Al2O3; Fe2O3; FeO; MnO; MgO; CaO; Na2O; K2O; P2O5; Rb; Y; Zr; Nb; Ba; La; Ce; Pr; Nd; Sm; Eu; Gd; Tb; Dy; Ho; Er; Tm; Yb; Lu; Hf; Ta; Ga; A/CNK; A/NK; Fe*; K2O/Na2O; Zr/Hf; Eu/Eu*; (La/Yb)N,20260992,20260992,0
R0198,2,validation,GG0038,RCB0030,S,True,A2CFC6311C185EAA2F17BA13E733D522713F64F2850C50F6EEF6E4CE1F592221,,0.025,40,SiO2; TiO2; Al2O3; Fe2O3; FeO; MnO; MgO; CaO; Na2O; K2O; P2O5; Rb; Y; Zr; Nb; Ba; La; Ce; Pr; Nd; Sm; Eu; Gd; Tb; Dy; Ho; Er; Tm; Yb; Lu; Hf; Ta; Ga; A/CNK; A/NK; Fe*; K2O/Na2O; Zr/Hf; Eu/Eu*; (La/Yb)N,20260992,20260992,0
R0256,2,validation,GG0050,RCB0037,A,True,A2CFC6311C185EAA2F17BA13E733D522713F64F2850C50F6EEF6E4CE1F592221,,0.025,40,SiO2; TiO2; Al2O3; Fe2O3; FeO; MnO; MgO; CaO; Na2O; K2O; P2O5; Rb; Y; Zr; Nb; Ba; La; Ce; Pr; Nd; Sm; Eu; Gd; Tb; Dy; Ho; Er; Tm; Yb; Lu; Hf; Ta; Ga; A/CNK; A/NK; Fe*; K2O/Na2O; Zr/Hf; Eu/Eu*; (La/Yb)N,20260992,20260992,0
R0257,2,validation,GG0050,RCB0037,A,True,A2CFC6311C185EAA2F17BA13E733D522713F64F2850C50F6EEF6E4CE1F592221,,0.025,40,SiO2; TiO2; Al2O3; Fe2O3; FeO; MnO; MgO; CaO; Na2O; K2O; P2O5; Rb; Y; Zr; Nb; Ba; La; Ce; Pr; Nd; Sm; Eu; Gd; Tb; Dy; Ho; Er; Tm; Yb; Lu; Hf; Ta; Ga; A/CNK; A/NK; Fe*; K2O/Na2O; Zr/Hf; Eu/Eu*; (La/Yb)N,20260992,20260992,0
R0258,2,validation,GG0050,RCB0037,A,True,A2CFC6311C185EAA2F17BA13E733D522713F64F2850C50F6EEF6E4CE1F592221,,0.025,40,SiO2; TiO2; Al2O3; Fe2O3; FeO; MnO; MgO; CaO; Na2O; K2O; P2O5; Rb; Y; Zr; Nb; Ba; La; Ce; Pr; Nd; Sm; Eu; Gd; Tb; Dy; Ho; Er; Tm; Yb; Lu; Hf; Ta; Ga; A/CNK; A/NK; Fe*; K2O/Na2O; Zr/Hf; Eu/Eu*; (La/Yb)N,20260992,20260992,0
R0259,2,validation,GG0050,RCB0037,A,True,A2CFC6311C185EAA2F17BA13E733D522713F64F2850C50F6EEF6E4CE1F592221,,0.025,40,SiO2; TiO2; Al2O3; Fe2O3; FeO; MnO; MgO; CaO; Na2O; K2O; P2O5; Rb; Y; Zr; Nb; Ba; La; Ce; Pr; Nd; Sm; Eu; Gd; Tb; Dy; Ho; Er; Tm; Yb; Lu; Hf; Ta; Ga; A/CNK; A/NK; Fe*; K2O/Na2O; Zr/Hf; Eu/Eu*; (La/Yb)N,20260992,20260992,0
R0260,2,validation,GG0050,RCB0037,A,True,A2CFC6311C185EAA2F17BA13E733D522713F64F2850C50F6EEF6E4CE1F592221,,0.025,40,SiO2; TiO2; Al2O3; Fe2O3; FeO; MnO; MgO; CaO; Na2O; K2O; P2O5; Rb; Y; Zr; Nb; Ba; La; Ce; Pr; Nd; Sm; Eu; Gd; Tb; Dy; Ho; Er; Tm; Yb; Lu; Hf; Ta; Ga; A/CNK; A/NK; Fe*; K2O/Na2O; Zr/Hf; Eu/Eu*; (La/Yb)N,20260992,20260992,0
R0261,2,validation,GG0050,RCB0037,A,True,A2CFC6311C185EAA2F17BA13E733D522713F64F2850C50F6EEF6E4CE1F592221,,0.025,40,SiO2; TiO2; Al2O3; Fe2O3; FeO; MnO; MgO; CaO; Na2O; K2O; P2O5; Rb; Y; Zr; Nb; Ba; La; Ce; Pr; Nd; Sm; Eu; Gd; Tb; Dy; Ho; Er; Tm; Yb; Lu; Hf; Ta; Ga; A/CNK; A/NK; Fe*; K2O/Na2O; Zr/Hf; Eu/Eu*; (La/Yb)N,20260992,20260992,0
R0267,2,validation,GG0038,RCB0030,S,True,A2CFC6311C185EAA2F17BA13E733D522713F64F2850C50F6EEF6E4CE1F592221,,0.0,40,SiO2; TiO2; Al2O3; Fe2O3; FeO; MnO; MgO; CaO; Na2O; K2O; P2O5; Rb; Y; Zr; Nb; Ba; La; Ce; Pr; Nd; Sm; Eu; Gd; Tb; Dy; Ho; Er; Tm; Yb; Lu; Hf; Ta; Ga; A/CNK; A/NK; Fe*; K2O/Na2O; Zr/Hf; Eu/Eu*; (La/Yb)N,20260992,20260992,0
R0268,2,validation,GG0038,RCB0030,S,True,A2CFC6311C185EAA2F17BA13E733D522713F64F2850C50F6EEF6E4CE1F592221,,0.0,40,SiO2; TiO2; Al2O3; Fe2O3; FeO; MnO; MgO; CaO; Na2O; K2O; P2O5; Rb; Y; Zr; Nb; Ba; La; Ce; Pr; Nd; Sm; Eu; Gd; Tb; Dy; Ho; Er; Tm; Yb; Lu; Hf; Ta; Ga; A/CNK; A/NK; Fe*; K2O/Na2O; Zr/Hf; Eu/Eu*; (La/Yb)N,20260992,20260992,0
R0269,2,validation,GG0020,RCB0018,S,True,A2CFC6311C185EAA2F17BA13E733D522713F64F2850C50F6EEF6E4CE1F592221,,0.025,40,SiO2; TiO2; Al2O3; Fe2O3; FeO; MnO; MgO; CaO; Na2O; K2O; P2O5; Rb; Y; Zr; Nb; Ba; La; Ce; Pr; Nd; Sm; Eu; Gd; Tb; Dy; Ho; Er; Tm; Yb; Lu; Hf; Ta; Ga; A/CNK; A/NK; Fe*; K2O/Na2O; Zr/Hf; Eu/Eu*; (La/Yb)N,20260992,20260992,0
R0270,2,validation,GG0020,RCB0018,S,True,A2CFC6311C185EAA2F17BA13E733D522713F64F2850C50F6EEF6E4CE1F592221,,0.025,40,SiO2; TiO2; Al2O3; Fe2O3; FeO; MnO; MgO; CaO; Na2O; K2O; P2O5; Rb; Y; Zr; Nb; Ba; La; Ce; Pr; Nd; Sm; Eu; Gd; Tb; Dy; Ho; Er; Tm; Yb; Lu; Hf; Ta; Ga; A/CNK; A/NK; Fe*; K2O/Na2O; Zr/Hf; Eu/Eu*; (La/Yb)N,20260992,20260992,0
R0271,2,validation,GG0020,RCB0018,S,True,A2CFC6311C185EAA2F17BA13E733D522713F64F2850C50F6EEF6E4CE1F592221,,0.025,40,SiO2; TiO2; Al2O3; Fe2O3; FeO; MnO; MgO; CaO; Na2O; K2O; P2O5; Rb; Y; Zr; Nb; Ba; La; Ce; Pr; Nd; Sm; Eu; Gd; Tb; Dy; Ho; Er; Tm; Yb; Lu; Hf; Ta; Ga; A/CNK; A/NK; Fe*; K2O/Na2O; Zr/Hf; Eu/Eu*; (La/Yb)N,20260992,20260992,0
R0272,2,validation,GG0020,RCB0018,S,True,A2CFC6311C185EAA2F17BA13E733D522713F64F2850C50F6EEF6E4CE1F592221,,0.025,40,SiO2; TiO2; Al2O3; Fe2O3; FeO; MnO; MgO; CaO; Na2O; K2O; P2O5; Rb; Y; Zr; Nb; Ba; La; Ce; Pr; Nd; Sm; Eu; Gd; Tb; Dy; Ho; Er; Tm; Yb; Lu; Hf; Ta; Ga; A/CNK; A/NK; Fe*; K2O/Na2O; Zr/Hf; Eu/Eu*; (La/Yb)N,20260992,20260992,0
R0273,2,validation,GG0020,RCB0018,S,True,A2CFC6311C185EAA2F17BA13E733D522713F64F2850C50F6EEF6E4CE1F592221,,0.025,40,SiO2; TiO2; Al2O3; Fe2O3; FeO; MnO; MgO; CaO; Na2O; K2O; P2O5; Rb; Y; Zr; Nb; Ba; La; Ce; Pr; Nd; Sm; Eu; Gd; Tb; Dy; Ho; Er; Tm; Yb; Lu; Hf; Ta; Ga; A/CNK; A/NK; Fe*; K2O/Na2O; Zr/Hf; Eu/Eu*; (La/Yb)N,20260992,20260992,0
R0286,2,validation,GG0038,RCB0030,S,True,A2CFC6311C185EAA2F17BA13E733D522713F64F2850C50F6EEF6E4CE1F592221,,0.025,40,SiO2; TiO2; Al2O3; Fe2O3; FeO; MnO; MgO; CaO; Na2O; K2O; P2O5; Rb; Y; Zr; Nb; Ba; La; Ce; Pr; Nd; Sm; Eu; Gd; Tb; Dy; Ho; Er; Tm; Yb; Lu; Hf; Ta; Ga; A/CNK; A/NK; Fe*; K2O/Na2O; Zr/Hf; Eu/Eu*; (La/Yb)N,20260992,20260992,0
R0287,2,validation,GG0038,RCB0030,S,True,A2CFC6311C185EAA2F17BA13E733D522713F64F2850C50F6EEF6E4CE1F592221,,0.025,40,SiO2; TiO2; Al2O3; Fe2O3; FeO; MnO; MgO; CaO; Na2O; K2O; P2O5; Rb; Y; Zr; Nb; Ba; La; Ce; Pr; Nd; Sm; Eu; Gd; Tb; Dy; Ho; Er; Tm; Yb; Lu; Hf; Ta; Ga; A/CNK; A/NK; Fe*; K2O/Na2O; Zr/Hf; Eu/Eu*; (La/Yb)N,20260992,20260992,0
R0288,2,validation,GG0038,RCB0030,S,True,A2CFC6311C185EAA2F17BA13E733D522713F64F2850C50F6EEF6E4CE1F592221,,0.025,40,SiO2; TiO2; Al2O3; Fe2O3; FeO; MnO; MgO; CaO; Na2O; K2O; P2O5; Rb; Y; Zr; Nb; Ba; La; Ce; Pr; Nd; Sm; Eu; Gd; Tb; Dy; Ho; Er; Tm; Yb; Lu; Hf; Ta; Ga; A/CNK; A/NK; Fe*; K2O/Na2O; Zr/Hf; Eu/Eu*; (La/Yb)N,20260992,20260992,0
R0289,2,validation,GG0038,RCB0030,S,True,A2CFC6311C185EAA2F17BA13E733D522713F64F2850C50F6EEF6E4CE1F592221,,0.425,40,SiO2; TiO2; Al2O3; Fe2O3; FeO; MnO; MgO; CaO; Na2O; K2O; P2O5; Rb; Y; Zr; Nb; Ba; La; Ce; Pr; Nd; Sm; Eu; Gd; Tb; Dy; Ho; Er; Tm; Yb; Lu; Hf; Ta; Ga; A/CNK; A/NK; Fe*; K2O/Na2O; Zr/Hf; Eu/Eu*; (La/Yb)N,20260992,20260992,0
R0290,2,validation,GG0038,RCB0030,S,True,A2CFC6311C185EAA2F17BA13E733D522713F64F2850C50F6EEF6E4CE1F592221,,0.025,40,SiO2; TiO2; Al2O3; Fe2O3; FeO; MnO; MgO; CaO; Na2O; K2O; P2O5; Rb; Y; Zr; Nb; Ba; La; Ce; Pr; Nd; Sm; Eu; Gd; Tb; Dy; Ho; Er; Tm; Yb; Lu; Hf; Ta; Ga; A/CNK; A/NK; Fe*; K2O/Na2O; Zr/Hf; Eu/Eu*; (La/Yb)N,20260992,20260992,0
R0291,2,validation,GG0038,RCB0030,S,True,A2CFC6311C185EAA2F17BA13E733D522713F64F2850C50F6EEF6E4CE1F592221,,0.025,40,SiO2; TiO2; Al2O3; Fe2O3; FeO; MnO; MgO; CaO; Na2O; K2O; P2O5; Rb; Y; Zr; Nb; Ba; La; Ce; Pr; Nd; Sm; Eu; Gd; Tb; Dy; Ho; Er; Tm; Yb; Lu; Hf; Ta; Ga; A/CNK; A/NK; Fe*; K2O/Na2O; Zr/Hf; Eu/Eu*; (La/Yb)N,20260992,20260992,0
R0292,2,validation,GG0038,RCB0030,S,True,A2CFC6311C185EAA2F17BA13E733D522713F64F2850C50F6EEF6E4CE1F592221,,0.025,40,SiO2; TiO2; Al2O3; Fe2O3; FeO; MnO; MgO; CaO; Na2O; K2O; P2O5; Rb; Y; Zr; Nb; Ba; La; Ce; Pr; Nd; Sm; Eu; Gd; Tb; Dy; Ho; Er; Tm; Yb; Lu; Hf; Ta; Ga; A/CNK; A/NK; Fe*; K2O/Na2O; Zr/Hf; Eu/Eu*; (La/Yb)N,20260992,20260992,0
R0293,2,validation,GG0038,RCB0030,S,True,A2CFC6311C185EAA2F17BA13E733D522713F64F2850C50F6EEF6E4CE1F592221,,0.025,40,SiO2; TiO2; Al2O3; Fe2O3; FeO; MnO; MgO; CaO; Na2O; K2O; P2O5; Rb; Y; Zr; Nb; Ba; La; Ce; Pr; Nd; Sm; Eu; Gd; Tb; Dy; Ho; Er; Tm; Yb; Lu; Hf; Ta; Ga; A/CNK; A/NK; Fe*; K2O/Na2O; Zr/Hf; Eu/Eu*; (La/Yb)N,20260992,20260992,0
R0294,2,validation,GG0038,RCB0030,S,True,A2CFC6311C185EAA2F17BA13E733D522713F64F2850C50F6EEF6E4CE1F592221,,0.025,40,SiO2; TiO2; Al2O3; Fe2O3; FeO; MnO; MgO; CaO; Na2O; K2O; P2O5; Rb; Y; Zr; Nb; Ba; La; Ce; Pr; Nd; Sm; Eu; Gd; Tb; Dy; Ho; Er; Tm; Yb; Lu; Hf; Ta; Ga; A/CNK; A/NK; Fe*; K2O/Na2O; Zr/Hf; Eu/Eu*; (La/Yb)N,20260992,20260992,0
R0295,2,validation,GG0038,RCB0030,S,True,A2CFC6311C185EAA2F17BA13E733D522713F64F2850C50F6EEF6E4CE1F592221,,0.025,40,SiO2; TiO2; Al2O3; Fe2O3; FeO; MnO; MgO; CaO; Na2O; K2O; P2O5; Rb; Y; Zr; Nb; Ba; La; Ce; Pr; Nd; Sm; Eu; Gd; Tb; Dy; Ho; Er; Tm; Yb; Lu; Hf; Ta; Ga; A/CNK; A/NK; Fe*; K2O/Na2O; Zr/Hf; Eu/Eu*; (La/Yb)N,20260992,20260992,0
R0296,2,validation,GG0038,RCB0030,S,True,A2CFC6311C185EAA2F17BA13E733D522713F64F2850C50F6EEF6E4CE1F592221,,0.025,40,SiO2; TiO2; Al2O3; Fe2O3; FeO; MnO; MgO; CaO; Na2O; K2O; P2O5; Rb; Y; Zr; Nb; Ba; La; Ce; Pr; Nd; Sm; Eu; Gd; Tb; Dy; Ho; Er; Tm; Yb; Lu; Hf; Ta; Ga; A/CNK; A/NK; Fe*; K2O/Na2O; Zr/Hf; Eu/Eu*; (La/Yb)N,20260992,20260992,0
R0297,2,validation,GG0038,RCB0030,S,True,A2CFC6311C185EAA2F17BA13E733D522713F64F2850C50F6EEF6E4CE1F592221,,0.025,40,SiO2; TiO2; Al2O3; Fe2O3; FeO; MnO; MgO; CaO; Na2O; K2O; P2O5; Rb; Y; Zr; Nb; Ba; La; Ce; Pr; Nd; Sm; Eu; Gd; Tb; Dy; Ho; Er; Tm; Yb; Lu; Hf; Ta; Ga; A/CNK; A/NK; Fe*; K2O/Na2O; Zr/Hf; Eu/Eu*; (La/Yb)N,20260992,20260992,0
R0298,2,validation,GG0038,RCB0030,S,True,A2CFC6311C185EAA2F17BA13E733D522713F64F2850C50F6EEF6E4CE1F592221,,0.025,40,SiO2; TiO2; Al2O3; Fe2O3; FeO; MnO; MgO; CaO; Na2O; K2O; P2O5; Rb; Y; Zr; Nb; Ba; La; Ce; Pr; Nd; Sm; Eu; Gd; Tb; Dy; Ho; Er; Tm; Yb; Lu; Hf; Ta; Ga; A/CNK; A/NK; Fe*; K2O/Na2O; Zr/Hf; Eu/Eu*; (La/Yb)N,20260992,20260992,0
R0299,2,validation,GG0038,RCB0030,S,True,A2CFC6311C185EAA2F17BA13E733D522713F64F2850C50F6EEF6E4CE1F592221,,0.025,40,SiO2; TiO2; Al2O3; Fe2O3; FeO; MnO; MgO; CaO; Na2O; K2O; P2O5; Rb; Y; Zr; Nb; Ba; La; Ce; Pr; Nd; Sm; Eu; Gd; Tb; Dy; Ho; Er; Tm; Yb; Lu; Hf; Ta; Ga; A/CNK; A/NK; Fe*; K2O/Na2O; Zr/Hf; Eu/Eu*; (La/Yb)N,20260992,20260992,0
R0300,2,validation,GG0038,RCB0030,S,True,A2CFC6311C185EAA2F17BA13E733D522713F64F2850C50F6EEF6E4CE1F592221,,0.025,40,SiO2; TiO2; Al2O3; Fe2O3; FeO; MnO; MgO; CaO; Na2O; K2O; P2O5; Rb; Y; Zr; Nb; Ba; La; Ce; Pr; Nd; Sm; Eu; Gd; Tb; Dy; Ho; Er; Tm; Yb; Lu; Hf; Ta; Ga; A/CNK; A/NK; Fe*; K2O/Na2O; Zr/Hf; Eu/Eu*; (La/Yb)N,20260992,20260992,0
R0301,2,validation,GG0038,RCB0030,S,True,A2CFC6311C185EAA2F17BA13E733D522713F64F2850C50F6EEF6E4CE1F592221,,0.025,40,SiO2; TiO2; Al2O3; Fe2O3; FeO; MnO; MgO; CaO; Na2O; K2O; P2O5; Rb; Y; Zr; Nb; Ba; La; Ce; Pr; Nd; Sm; Eu; Gd; Tb; Dy; Ho; Er; Tm; Yb; Lu; Hf; Ta; Ga; A/CNK; A/NK; Fe*; K2O/Na2O; Zr/Hf; Eu/Eu*; (La/Yb)N,20260992,20260992,0
R0302,2,validation,GG0038,RCB0030,S,True,A2CFC6311C185EAA2F17BA13E733D522713F64F2850C50F6EEF6E4CE1F592221,,0.025,40,SiO2; TiO2; Al2O3; Fe2O3; FeO; MnO; MgO; CaO; Na2O; K2O; P2O5; Rb; Y; Zr; Nb; Ba; La; Ce; Pr; Nd; Sm; Eu; Gd; Tb; Dy; Ho; Er; Tm; Yb; Lu; Hf; Ta; Ga; A/CNK; A/NK; Fe*; K2O/Na2O; Zr/Hf; Eu/Eu*; (La/Yb)N,20260992,20260992,0
R0303,2,validation,GG0038,RCB0030,S,True,A2CFC6311C185EAA2F17BA13E733D522713F64F2850C50F6EEF6E4CE1F592221,,0.025,40,SiO2; TiO2; Al2O3; Fe2O3; FeO; MnO; MgO; CaO; Na2O; K2O; P2O5; Rb; Y; Zr; Nb; Ba; La; Ce; Pr; Nd; Sm; Eu; Gd; Tb; Dy; Ho; Er; Tm; Yb; Lu; Hf; Ta; Ga; A/CNK; A/NK; Fe*; K2O/Na2O; Zr/Hf; Eu/Eu*; (La/Yb)N,20260992,20260992,0
R0304,2,validation,GG0038,RCB0030,S,True,A2CFC6311C185EAA2F17BA13E733D522713F64F2850C50F6EEF6E4CE1F592221,,0.025,40,SiO2; TiO2; Al2O3; Fe2O3; FeO; MnO; MgO; CaO; Na2O; K2O; P2O5; Rb; Y; Zr; Nb; Ba; La; Ce; Pr; Nd; Sm; Eu; Gd; Tb; Dy; Ho; Er; Tm; Yb; Lu; Hf; Ta; Ga; A/CNK; A/NK; Fe*; K2O/Na2O; Zr/Hf; Eu/Eu*; (La/Yb)N,20260992,20260992,0
R0305,2,validation,GG0038,RCB0030,S,True,A2CFC6311C185EAA2F17BA13E733D522713F64F2850C50F6EEF6E4CE1F592221,,0.025,40,SiO2; TiO2; Al2O3; Fe2O3; FeO; MnO; MgO; CaO; Na2O; K2O; P2O5; Rb; Y; Zr; Nb; Ba; La; Ce; Pr; Nd; Sm; Eu; Gd; Tb; Dy; Ho; Er; Tm; Yb; Lu; Hf; Ta; Ga; A/CNK; A/NK; Fe*; K2O/Na2O; Zr/Hf; Eu/Eu*; (La/Yb)N,20260992,20260992,0
R0306,2,validation,GG0038,RCB0030,S,True,A2CFC6311C185EAA2F17BA13E733D522713F64F2850C50F6EEF6E4CE1F592221,,0.025,40,SiO2; TiO2; Al2O3; Fe2O3; FeO; MnO; MgO; CaO; Na2O; K2O; P2O5; Rb; Y; Zr; Nb; Ba; La; Ce; Pr; Nd; Sm; Eu; Gd; Tb; Dy; Ho; Er; Tm; Yb; Lu; Hf; Ta; Ga; A/CNK; A/NK; Fe*; K2O/Na2O; Zr/Hf; Eu/Eu*; (La/Yb)N,20260992,20260992,0
R0307,2,validation,GG0038,RCB0030,S,True,A2CFC6311C185EAA2F17BA13E733D522713F64F2850C50F6EEF6E4CE1F592221,,0.025,40,SiO2; TiO2; Al2O3; Fe2O3; FeO; MnO; MgO; CaO; Na2O; K2O; P2O5; Rb; Y; Zr; Nb; Ba; La; Ce; Pr; Nd; Sm; Eu; Gd; Tb; Dy; Ho; Er; Tm; Yb; Lu; Hf; Ta; Ga; A/CNK; A/NK; Fe*; K2O/Na2O; Zr/Hf; Eu/Eu*; (La/Yb)N,20260992,20260992,0
R0308,2,validation,GG0038,RCB0030,S,True,A2CFC6311C185EAA2F17BA13E733D522713F64F2850C50F6EEF6E4CE1F592221,,0.025,40,SiO2; TiO2; Al2O3; Fe2O3; FeO; MnO; MgO; CaO; Na2O; K2O; P2O5; Rb; Y; Zr; Nb; Ba; La; Ce; Pr; Nd; Sm; Eu; Gd; Tb; Dy; Ho; Er; Tm; Yb; Lu; Hf; Ta; Ga; A/CNK; A/NK; Fe*; K2O/Na2O; Zr/Hf; Eu/Eu*; (La/Yb)N,20260992,20260992,0
R0309,2,validation,GG0038,RCB0030,S,True,A2CFC6311C185EAA2F17BA13E733D522713F64F2850C50F6EEF6E4CE1F592221,,0.025,40,SiO2; TiO2; Al2O3; Fe2O3; FeO; MnO; MgO; CaO; Na2O; K2O; P2O5; Rb; Y; Zr; Nb; Ba; La; Ce; Pr; Nd; Sm; Eu; Gd; Tb; Dy; Ho; Er; Tm; Yb; Lu; Hf; Ta; Ga; A/CNK; A/NK; Fe*; K2O/Na2O; Zr/Hf; Eu/Eu*; (La/Yb)N,20260992,20260992,0
R0310,2,validation,GG0038,RCB0030,S,True,A2CFC6311C185EAA2F17BA13E733D522713F64F2850C50F6EEF6E4CE1F592221,,0.025,40,SiO2; TiO2; Al2O3; Fe2O3; FeO; MnO; MgO; CaO; Na2O; K2O; P2O5; Rb; Y; Zr; Nb; Ba; La; Ce; Pr; Nd; Sm; Eu; Gd; Tb; Dy; Ho; Er; Tm; Yb; Lu; Hf; Ta; Ga; A/CNK; A/NK; Fe*; K2O/Na2O; Zr/Hf; Eu/Eu*; (La/Yb)N,20260992,20260992,0
R0311,2,validation,GG0038,RCB0030,S,True,A2CFC6311C185EAA2F17BA13E733D522713F64F2850C50F6EEF6E4CE1F592221,,0.025,40,SiO2; TiO2; Al2O3; Fe2O3; FeO; MnO; MgO; CaO; Na2O; K2O; P2O5; Rb; Y; Zr; Nb; Ba; La; Ce; Pr; Nd; Sm; Eu; Gd; Tb; Dy; Ho; Er; Tm; Yb; Lu; Hf; Ta; Ga; A/CNK; A/NK; Fe*; K2O/Na2O; Zr/Hf; Eu/Eu*; (La/Yb)N,20260992,20260992,0
R0312,2,validation,GG0038,RCB0030,S,True,A2CFC6311C185EAA2F17BA13E733D522713F64F2850C50F6EEF6E4CE1F592221,,0.025,40,SiO2; TiO2; Al2O3; Fe2O3; FeO; MnO; MgO; CaO; Na2O; K2O; P2O5; Rb; Y; Zr; Nb; Ba; La; Ce; Pr; Nd; Sm; Eu; Gd; Tb; Dy; Ho; Er; Tm; Yb; Lu; Hf; Ta; Ga; A/CNK; A/NK; Fe*; K2O/Na2O; Zr/Hf; Eu/Eu*; (La/Yb)N,20260992,20260992,0
R0313,2,validation,GG0038,RCB0030,S,True,A2CFC6311C185EAA2F17BA13E733D522713F64F2850C50F6EEF6E4CE1F592221,,0.025,40,SiO2; TiO2; Al2O3; Fe2O3; FeO; MnO; MgO; CaO; Na2O; K2O; P2O5; Rb; Y; Zr; Nb; Ba; La; Ce; Pr; Nd; Sm; Eu; Gd; Tb; Dy; Ho; Er; Tm; Yb; Lu; Hf; Ta; Ga; A/CNK; A/NK; Fe*; K2O/Na2O; Zr/Hf; Eu/Eu*; (La/Yb)N,20260992,20260992,0
R0314,2,validation,GG0038,RCB0030,S,True,A2CFC6311C185EAA2F17BA13E733D522713F64F2850C50F6EEF6E4CE1F592221,,0.025,40,SiO2; TiO2; Al2O3; Fe2O3; FeO; MnO; MgO; CaO; Na2O; K2O; P2O5; Rb; Y; Zr; Nb; Ba; La; Ce; Pr; Nd; Sm; Eu; Gd; Tb; Dy; Ho; Er; Tm; Yb; Lu; Hf; Ta; Ga; A/CNK; A/NK; Fe*; K2O/Na2O; Zr/Hf; Eu/Eu*; (La/Yb)N,20260992,20260992,0
R0315,2,validation,GG0038,RCB0030,S,True,A2CFC6311C185EAA2F17BA13E733D522713F64F2850C50F6EEF6E4CE1F592221,,0.025,40,SiO2; TiO2; Al2O3; Fe2O3; FeO; MnO; MgO; CaO; Na2O; K2O; P2O5; Rb; Y; Zr; Nb; Ba; La; Ce; Pr; Nd; Sm; Eu; Gd; Tb; Dy; Ho; Er; Tm; Yb; Lu; Hf; Ta; Ga; A/CNK; A/NK; Fe*; K2O/Na2O; Zr/Hf; Eu/Eu*; (La/Yb)N,20260992,20260992,0
R0316,2,validation,GG0038,RCB0030,S,True,A2CFC6311C185EAA2F17BA13E733D522713F64F2850C50F6EEF6E4CE1F592221,,0.025,40,SiO2; TiO2; Al2O3; Fe2O3; FeO; MnO; MgO; CaO; Na2O; K2O; P2O5; Rb; Y; Zr; Nb; Ba; La; Ce; Pr; Nd; Sm; Eu; Gd; Tb; Dy; Ho; Er; Tm; Yb; Lu; Hf; Ta; Ga; A/CNK; A/NK; Fe*; K2O/Na2O; Zr/Hf; Eu/Eu*; (La/Yb)N,20260992,20260992,0
R0317,2,validation,GG0038,RCB0030,S,True,A2CFC6311C185EAA2F17BA13E733D522713F64F2850C50F6EEF6E4CE1F592221,,0.025,40,SiO2; TiO2; Al2O3; Fe2O3; FeO; MnO; MgO; CaO; Na2O; K2O; P2O5; Rb; Y; Zr; Nb; Ba; La; Ce; Pr; Nd; Sm; Eu; Gd; Tb; Dy; Ho; Er; Tm; Yb; Lu; Hf; Ta; Ga; A/CNK; A/NK; Fe*; K2O/Na2O; Zr/Hf; Eu/Eu*; (La/Yb)N,20260992,20260992,0
R0318,2,validation,GG0038,RCB0030,S,True,A2CFC6311C185EAA2F17BA13E733D522713F64F2850C50F6EEF6E4CE1F592221,,0.025,40,SiO2; TiO2; Al2O3; Fe2O3; FeO; MnO; MgO; CaO; Na2O; K2O; P2O5; Rb; Y; Zr; Nb; Ba; La; Ce; Pr; Nd; Sm; Eu; Gd; Tb; Dy; Ho; Er; Tm; Yb; Lu; Hf; Ta; Ga; A/CNK; A/NK; Fe*; K2O/Na2O; Zr/Hf; Eu/Eu*; (La/Yb)N,20260992,20260992,0
R0319,2,validation,GG0038,RCB0030,S,True,A2CFC6311C185EAA2F17BA13E733D522713F64F2850C50F6EEF6E4CE1F592221,,0.025,40,SiO2; TiO2; Al2O3; Fe2O3; FeO; MnO; MgO; CaO; Na2O; K2O; P2O5; Rb; Y; Zr; Nb; Ba; La; Ce; Pr; Nd; Sm; Eu; Gd; Tb; Dy; Ho; Er; Tm; Yb; Lu; Hf; Ta; Ga; A/CNK; A/NK; Fe*; K2O/Na2O; Zr/Hf; Eu/Eu*; (La/Yb)N,20260992,20260992,0
R0320,2,validation,GG0038,RCB0030,S,True,A2CFC6311C185EAA2F17BA13E733D522713F64F2850C50F6EEF6E4CE1F592221,,0.025,40,SiO2; TiO2; Al2O3; Fe2O3; FeO; MnO; MgO; CaO; Na2O; K2O; P2O5; Rb; Y; Zr; Nb; Ba; La; Ce; Pr; Nd; Sm; Eu; Gd; Tb; Dy; Ho; Er; Tm; Yb; Lu; Hf; Ta; Ga; A/CNK; A/NK; Fe*; K2O/Na2O; Zr/Hf; Eu/Eu*; (La/Yb)N,20260992,20260992,0
R0321,2,validation,GG0038,RCB0030,S,True,A2CFC6311C185EAA2F17BA13E733D522713F64F2850C50F6EEF6E4CE1F592221,,0.025,40,SiO2; TiO2; Al2O3; Fe2O3; FeO; MnO; MgO; CaO; Na2O; K2O; P2O5; Rb; Y; Zr; Nb; Ba; La; Ce; Pr; Nd; Sm; Eu; Gd; Tb; Dy; Ho; Er; Tm; Yb; Lu; Hf; Ta; Ga; A/CNK; A/NK; Fe*; K2O/Na2O; Zr/Hf; Eu/Eu*; (La/Yb)N,20260992,20260992,0
R0322,2,validation,GG0038,RCB0030,S,True,A2CFC6311C185EAA2F17BA13E733D522713F64F2850C50F6EEF6E4CE1F592221,,0.025,40,SiO2; TiO2; Al2O3; Fe2O3; FeO; MnO; MgO; CaO; Na2O; K2O; P2O5; Rb; Y; Zr; Nb; Ba; La; Ce; Pr; Nd; Sm; Eu; Gd; Tb; Dy; Ho; Er; Tm; Yb; Lu; Hf; Ta; Ga; A/CNK; A/NK; Fe*; K2O/Na2O; Zr/Hf; Eu/Eu*; (La/Yb)N,20260992,20260992,0
R0323,2,validation,GG0038,RCB0030,S,True,A2CFC6311C185EAA2F17BA13E733D522713F64F2850C50F6EEF6E4CE1F592221,,0.025,40,SiO2; TiO2; Al2O3; Fe2O3; FeO; MnO; MgO; CaO; Na2O; K2O; P2O5; Rb; Y; Zr; Nb; Ba; La; Ce; Pr; Nd; Sm; Eu; Gd; Tb; Dy; Ho; Er; Tm; Yb; Lu; Hf; Ta; Ga; A/CNK; A/NK; Fe*; K2O/Na2O; Zr/Hf; Eu/Eu*; (La/Yb)N,20260992,20260992,0
R0324,2,validation,GG0038,RCB0030,S,True,A2CFC6311C185EAA2F17BA13E733D522713F64F2850C50F6EEF6E4CE1F592221,,0.025,40,SiO2; TiO2; Al2O3; Fe2O3; FeO; MnO; MgO; CaO; Na2O; K2O; P2O5; Rb; Y; Zr; Nb; Ba; La; Ce; Pr; Nd; Sm; Eu; Gd; Tb; Dy; Ho; Er; Tm; Yb; Lu; Hf; Ta; Ga; A/CNK; A/NK; Fe*; K2O/Na2O; Zr/Hf; Eu/Eu*; (La/Yb)N,20260992,20260992,0
R0325,2,validation,GG0038,RCB0030,S,True,A2CFC6311C185EAA2F17BA13E733D522713F64F2850C50F6EEF6E4CE1F592221,,0.025,40,SiO2; TiO2; Al2O3; Fe2O3; FeO; MnO; MgO; CaO; Na2O; K2O; P2O5; Rb; Y; Zr; Nb; Ba; La; Ce; Pr; Nd; Sm; Eu; Gd; Tb; Dy; Ho; Er; Tm; Yb; Lu; Hf; Ta; Ga; A/CNK; A/NK; Fe*; K2O/Na2O; Zr/Hf; Eu/Eu*; (La/Yb)N,20260992,20260992,0
R0326,2,validation,GG0038,RCB0030,S,True,A2CFC6311C185EAA2F17BA13E733D522713F64F2850C50F6EEF6E4CE1F592221,,0.025,40,SiO2; TiO2; Al2O3; Fe2O3; FeO; MnO; MgO; CaO; Na2O; K2O; P2O5; Rb; Y; Zr; Nb; Ba; La; Ce; Pr; Nd; Sm; Eu; Gd; Tb; Dy; Ho; Er; Tm; Yb; Lu; Hf; Ta; Ga; A/CNK; A/NK; Fe*; K2O/Na2O; Zr/Hf; Eu/Eu*; (La/Yb)N,20260992,20260992,0
R0327,2,validation,GG0038,RCB0030,S,True,A2CFC6311C185EAA2F17BA13E733D522713F64F2850C50F6EEF6E4CE1F592221,,0.025,40,SiO2; TiO2; Al2O3; Fe2O3; FeO; MnO; MgO; CaO; Na2O; K2O; P2O5; Rb; Y; Zr; Nb; Ba; La; Ce; Pr; Nd; Sm; Eu; Gd; Tb; Dy; Ho; Er; Tm; Yb; Lu; Hf; Ta; Ga; A/CNK; A/NK; Fe*; K2O/Na2O; Zr/Hf; Eu/Eu*; (La/Yb)N,20260992,20260992,0
R0328,2,validation,GG0038,RCB0030,S,True,A2CFC6311C185EAA2F17BA13E733D522713F64F2850C50F6EEF6E4CE1F592221,,0.025,40,SiO2; TiO2; Al2O3; Fe2O3; FeO; MnO; MgO; CaO; Na2O; K2O; P2O5; Rb; Y; Zr; Nb; Ba; La; Ce; Pr; Nd; Sm; Eu; Gd; Tb; Dy; Ho; Er; Tm; Yb; Lu; Hf; Ta; Ga; A/CNK; A/NK; Fe*; K2O/Na2O; Zr/Hf; Eu/Eu*; (La/Yb)N,20260992,20260992,0
R0329,2,validation,GG0038,RCB0030,S,True,A2CFC6311C185EAA2F17BA13E733D522713F64F2850C50F6EEF6E4CE1F592221,,0.025,40,SiO2; TiO2; Al2O3; Fe2O3; FeO; MnO; MgO; CaO; Na2O; K2O; P2O5; Rb; Y; Zr; Nb; Ba; La; Ce; Pr; Nd; Sm; Eu; Gd; Tb; Dy; Ho; Er; Tm; Yb; Lu; Hf; Ta; Ga; A/CNK; A/NK; Fe*; K2O/Na2O; Zr/Hf; Eu/Eu*; (La/Yb)N,20260992,20260992,0
R0330,2,validation,GG0038,RCB0030,S,True,A2CFC6311C185EAA2F17BA13E733D522713F64F2850C50F6EEF6E4CE1F592221,,0.025,40,SiO2; TiO2; Al2O3; Fe2O3; FeO; MnO; MgO; CaO; Na2O; K2O; P2O5; Rb; Y; Zr; Nb; Ba; La; Ce; Pr; Nd; Sm; Eu; Gd; Tb; Dy; Ho; Er; Tm; Yb; Lu; Hf; Ta; Ga; A/CNK; A/NK; Fe*; K2O/Na2O; Zr/Hf; Eu/Eu*; (La/Yb)N,20260992,20260992,0
R0331,2,validation,GG0038,RCB0030,S,True,A2CFC6311C185EAA2F17BA13E733D522713F64F2850C50F6EEF6E4CE1F592221,,0.025,40,SiO2; TiO2; Al2O3; Fe2O3; FeO; MnO; MgO; CaO; Na2O; K2O; P2O5; Rb; Y; Zr; Nb; Ba; La; Ce; Pr; Nd; Sm; Eu; Gd; Tb; Dy; Ho; Er; Tm; Yb; Lu; Hf; Ta; Ga; A/CNK; A/NK; Fe*; K2O/Na2O; Zr/Hf; Eu/Eu*; (La/Yb)N,20260992,20260992,0
R0332,2,validation,GG0038,RCB0030,S,True,A2CFC6311C185EAA2F17BA13E733D522713F64F2850C50F6EEF6E4CE1F592221,,0.025,40,SiO2; TiO2; Al2O3; Fe2O3; FeO; MnO; MgO; CaO; Na2O; K2O; P2O5; Rb; Y; Zr; Nb; Ba; La; Ce; Pr; Nd; Sm; Eu; Gd; Tb; Dy; Ho; Er; Tm; Yb; Lu; Hf; Ta; Ga; A/CNK; A/NK; Fe*; K2O/Na2O; Zr/Hf; Eu/Eu*; (La/Yb)N,20260992,20260992,0
R0333,2,validation,GG0038,RCB0030,S,True,A2CFC6311C185EAA2F17BA13E733D522713F64F2850C50F6EEF6E4CE1F592221,,0.025,40,SiO2; TiO2; Al2O3; Fe2O3; FeO; MnO; MgO; CaO; Na2O; K2O; P2O5; Rb; Y; Zr; Nb; Ba; La; Ce; Pr; Nd; Sm; Eu; Gd; Tb; Dy; Ho; Er; Tm; Yb; Lu; Hf; Ta; Ga; A/CNK; A/NK; Fe*; K2O/Na2O; Zr/Hf; Eu/Eu*; (La/Yb)N,20260992,20260992,0
R0334,2,validation,GG0038,RCB0030,S,True,A2CFC6311C185EAA2F17BA13E733D522713F64F2850C50F6EEF6E4CE1F592221,,0.025,40,SiO2; TiO2; Al2O3; Fe2O3; FeO; MnO; MgO; CaO; Na2O; K2O; P2O5; Rb; Y; Zr; Nb; Ba; La; Ce; Pr; Nd; Sm; Eu; Gd; Tb; Dy; Ho; Er; Tm; Yb; Lu; Hf; Ta; Ga; A/CNK; A/NK; Fe*; K2O/Na2O; Zr/Hf; Eu/Eu*; (La/Yb)N,20260992,20260992,0
R0335,2,validation,GG0038,RCB0030,S,True,A2CFC6311C185EAA2F17BA13E733D522713F64F2850C50F6EEF6E4CE1F592221,,0.025,40,SiO2; TiO2; Al2O3; Fe2O3; FeO; MnO; MgO; CaO; Na2O; K2O; P2O5; Rb; Y; Zr; Nb; Ba; La; Ce; Pr; Nd; Sm; Eu; Gd; Tb; Dy; Ho; Er; Tm; Yb; Lu; Hf; Ta; Ga; A/CNK; A/NK; Fe*; K2O/Na2O; Zr/Hf; Eu/Eu*; (La/Yb)N,20260992,20260992,0
R0336,2,validation,GG0038,RCB0030,S,True,A2CFC6311C185EAA2F17BA13E733D522713F64F2850C50F6EEF6E4CE1F592221,,0.025,40,SiO2; TiO2; Al2O3; Fe2O3; FeO; MnO; MgO; CaO; Na2O; K2O; P2O5; Rb; Y; Zr; Nb; Ba; La; Ce; Pr; Nd; Sm; Eu; Gd; Tb; Dy; Ho; Er; Tm; Yb; Lu; Hf; Ta; Ga; A/CNK; A/NK; Fe*; K2O/Na2O; Zr/Hf; Eu/Eu*; (La/Yb)N,20260992,20260992,0
R0337,2,validation,GG0038,RCB0030,S,True,A2CFC6311C185EAA2F17BA13E733D522713F64F2850C50F6EEF6E4CE1F592221,,0.025,40,SiO2; TiO2; Al2O3; Fe2O3; FeO; MnO; MgO; CaO; Na2O; K2O; P2O5; Rb; Y; Zr; Nb; Ba; La; Ce; Pr; Nd; Sm; Eu; Gd; Tb; Dy; Ho; Er; Tm; Yb; Lu; Hf; Ta; Ga; A/CNK; A/NK; Fe*; K2O/Na2O; Zr/Hf; Eu/Eu*; (La/Yb)N,20260992,20260992,0
R0338,2,validation,GG0038,RCB0030,S,True,A2CFC6311C185EAA2F17BA13E733D522713F64F2850C50F6EEF6E4CE1F592221,,0.025,40,SiO2; TiO2; Al2O3; Fe2O3; FeO; MnO; MgO; CaO; Na2O; K2O; P2O5; Rb; Y; Zr; Nb; Ba; La; Ce; Pr; Nd; Sm; Eu; Gd; Tb; Dy; Ho; Er; Tm; Yb; Lu; Hf; Ta; Ga; A/CNK; A/NK; Fe*; K2O/Na2O; Zr/Hf; Eu/Eu*; (La/Yb)N,20260992,20260992,0
R0383,2,validation,GG0038,RCB0030,S,True,A2CFC6311C185EAA2F17BA13E733D522713F64F2850C50F6EEF6E4CE1F592221,,0.025,40,SiO2; TiO2; Al2O3; Fe2O3; FeO; MnO; MgO; CaO; Na2O; K2O; P2O5; Rb; Y; Zr; Nb; Ba; La; Ce; Pr; Nd; Sm; Eu; Gd; Tb; Dy; Ho; Er; Tm; Yb; Lu; Hf; Ta; Ga; A/CNK; A/NK; Fe*; K2O/Na2O; Zr/Hf; Eu/Eu*; (La/Yb)N,20260992,20260992,0
R0384,2,validation,GG0038,RCB0030,S,True,A2CFC6311C185EAA2F17BA13E733D522713F64F2850C50F6EEF6E4CE1F592221,,0.025,40,SiO2; TiO2; Al2O3; Fe2O3; FeO; MnO; MgO; CaO; Na2O; K2O; P2O5; Rb; Y; Zr; Nb; Ba; La; Ce; Pr; Nd; Sm; Eu; Gd; Tb; Dy; Ho; Er; Tm; Yb; Lu; Hf; Ta; Ga; A/CNK; A/NK; Fe*; K2O/Na2O; Zr/Hf; Eu/Eu*; (La/Yb)N,20260992,20260992,0
R0385,2,validation,GG0038,RCB0030,S,True,A2CFC6311C185EAA2F17BA13E733D522713F64F2850C50F6EEF6E4CE1F592221,,0.025,40,SiO2; TiO2; Al2O3; Fe2O3; FeO; MnO; MgO; CaO; Na2O; K2O; P2O5; Rb; Y; Zr; Nb; Ba; La; Ce; Pr; Nd; Sm; Eu; Gd; Tb; Dy; Ho; Er; Tm; Yb; Lu; Hf; Ta; Ga; A/CNK; A/NK; Fe*; K2O/Na2O; Zr/Hf; Eu/Eu*; (La/Yb)N,20260992,20260992,0
R0386,2,validation,GG0038,RCB0030,S,True,A2CFC6311C185EAA2F17BA13E733D522713F64F2850C50F6EEF6E4CE1F592221,,0.025,40,SiO2; TiO2; Al2O3; Fe2O3; FeO; MnO; MgO; CaO; Na2O; K2O; P2O5; Rb; Y; Zr; Nb; Ba; La; Ce; Pr; Nd; Sm; Eu; Gd; Tb; Dy; Ho; Er; Tm; Yb; Lu; Hf; Ta; Ga; A/CNK; A/NK; Fe*; K2O/Na2O; Zr/Hf; Eu/Eu*; (La/Yb)N,20260992,20260992,0
R0387,2,validation,GG0038,RCB0030,S,True,A2CFC6311C185EAA2F17BA13E733D522713F64F2850C50F6EEF6E4CE1F592221,,0.025,40,SiO2; TiO2; Al2O3; Fe2O3; FeO; MnO; MgO; CaO; Na2O; K2O; P2O5; Rb; Y; Zr; Nb; Ba; La; Ce; Pr; Nd; Sm; Eu; Gd; Tb; Dy; Ho; Er; Tm; Yb; Lu; Hf; Ta; Ga; A/CNK; A/NK; Fe*; K2O/Na2O; Zr/Hf; Eu/Eu*; (La/Yb)N,20260992,20260992,0
R0388,2,validation,GG0038,RCB0030,S,True,A2CFC6311C185EAA2F17BA13E733D522713F64F2850C50F6EEF6E4CE1F592221,,0.025,40,SiO2; TiO2; Al2O3; Fe2O3; FeO; MnO; MgO; CaO; Na2O; K2O; P2O5; Rb; Y; Zr; Nb; Ba; La; Ce; Pr; Nd; Sm; Eu; Gd; Tb; Dy; Ho; Er; Tm; Yb; Lu; Hf; Ta; Ga; A/CNK; A/NK; Fe*; K2O/Na2O; Zr/Hf; Eu/Eu*; (La/Yb)N,20260992,20260992,0
R0389,2,validation,GG0038,RCB0030,S,True,A2CFC6311C185EAA2F17BA13E733D522713F64F2850C50F6EEF6E4CE1F592221,,0.025,40,SiO2; TiO2; Al2O3; Fe2O3; FeO; MnO; MgO; CaO; Na2O; K2O; P2O5; Rb; Y; Zr; Nb; Ba; La; Ce; Pr; Nd; Sm; Eu; Gd; Tb; Dy; Ho; Er; Tm; Yb; Lu; Hf; Ta; Ga; A/CNK; A/NK; Fe*; K2O/Na2O; Zr/Hf; Eu/Eu*; (La/Yb)N,20260992,20260992,0
R0390,2,validation,GG0038,RCB0030,S,True,A2CFC6311C185EAA2F17BA13E733D522713F64F2850C50F6EEF6E4CE1F592221,,0.05,40,SiO2; TiO2; Al2O3; Fe2O3; FeO; MnO; MgO; CaO; Na2O; K2O; P2O5; Rb; Y; Zr; Nb; Ba; La; Ce; Pr; Nd; Sm; Eu; Gd; Tb; Dy; Ho; Er; Tm; Yb; Lu; Hf; Ta; Ga; A/CNK; A/NK; Fe*; K2O/Na2O; Zr/Hf; Eu/Eu*; (La/Yb)N,20260992,20260992,0
R0391,2,validation,GG0038,RCB0030,S,True,A2CFC6311C185EAA2F17BA13E733D522713F64F2850C50F6EEF6E4CE1F592221,,0.025,40,SiO2; TiO2; Al2O3; Fe2O3; FeO; MnO; MgO; CaO; Na2O; K2O; P2O5; Rb; Y; Zr; Nb; Ba; La; Ce; Pr; Nd; Sm; Eu; Gd; Tb; Dy; Ho; Er; Tm; Yb; Lu; Hf; Ta; Ga; A/CNK; A/NK; Fe*; K2O/Na2O; Zr/Hf; Eu/Eu*; (La/Yb)N,20260992,20260992,0
R0392,2,validation,GG0038,RCB0030,S,True,A2CFC6311C185EAA2F17BA13E733D522713F64F2850C50F6EEF6E4CE1F592221,,0.025,40,SiO2; TiO2; Al2O3; Fe2O3; FeO; MnO; MgO; CaO; Na2O; K2O; P2O5; Rb; Y; Zr; Nb; Ba; La; Ce; Pr; Nd; Sm; Eu; Gd; Tb; Dy; Ho; Er; Tm; Yb; Lu; Hf; Ta; Ga; A/CNK; A/NK; Fe*; K2O/Na2O; Zr/Hf; Eu/Eu*; (La/Yb)N,20260992,20260992,0
R0393,2,validation,GG0038,RCB0030,S,True,A2CFC6311C185EAA2F17BA13E733D522713F64F2850C50F6EEF6E4CE1F592221,,0.025,40,SiO2; TiO2; Al2O3; Fe2O3; FeO; MnO; MgO; CaO; Na2O; K2O; P2O5; Rb; Y; Zr; Nb; Ba; La; Ce; Pr; Nd; Sm; Eu; Gd; Tb; Dy; Ho; Er; Tm; Yb; Lu; Hf; Ta; Ga; A/CNK; A/NK; Fe*; K2O/Na2O; Zr/Hf; Eu/Eu*; (La/Yb)N,20260992,20260992,0
R0394,2,validation,GG0038,RCB0030,S,True,A2CFC6311C185EAA2F17BA13E733D522713F64F2850C50F6EEF6E4CE1F592221,,0.025,40,SiO2; TiO2; Al2O3; Fe2O3; FeO; MnO; MgO; CaO; Na2O; K2O; P2O5; Rb; Y; Zr; Nb; Ba; La; Ce; Pr; Nd; Sm; Eu; Gd; Tb; Dy; Ho; Er; Tm; Yb; Lu; Hf; Ta; Ga; A/CNK; A/NK; Fe*; K2O/Na2O; Zr/Hf; Eu/Eu*; (La/Yb)N,20260992,20260992,0
R0395,2,validation,GG0038,RCB0030,S,True,A2CFC6311C185EAA2F17BA13E733D522713F64F2850C50F6EEF6E4CE1F592221,,0.025,40,SiO2; TiO2; Al2O3; Fe2O3; FeO; MnO; MgO; CaO; Na2O; K2O; P2O5; Rb; Y; Zr; Nb; Ba; La; Ce; Pr; Nd; Sm; Eu; Gd; Tb; Dy; Ho; Er; Tm; Yb; Lu; Hf; Ta; Ga; A/CNK; A/NK; Fe*; K2O/Na2O; Zr/Hf; Eu/Eu*; (La/Yb)N,20260992,20260992,0
R0396,2,validation,GG0038,RCB0030,S,True,A2CFC6311C185EAA2F17BA13E733D522713F64F2850C50F6EEF6E4CE1F592221,,0.025,40,SiO2; TiO2; Al2O3; Fe2O3; FeO; MnO; MgO; CaO; Na2O; K2O; P2O5; Rb; Y; Zr; Nb; Ba; La; Ce; Pr; Nd; Sm; Eu; Gd; Tb; Dy; Ho; Er; Tm; Yb; Lu; Hf; Ta; Ga; A/CNK; A/NK; Fe*; K2O/Na2O; Zr/Hf; Eu/Eu*; (La/Yb)N,20260992,20260992,0
R0397,2,validation,GG0038,RCB0030,S,True,A2CFC6311C185EAA2F17BA13E733D522713F64F2850C50F6EEF6E4CE1F592221,,0.025,40,SiO2; TiO2; Al2O3; Fe2O3; FeO; MnO; MgO; CaO; Na2O; K2O; P2O5; Rb; Y; Zr; Nb; Ba; La; Ce; Pr; Nd; Sm; Eu; Gd; Tb; Dy; Ho; Er; Tm; Yb; Lu; Hf; Ta; Ga; A/CNK; A/NK; Fe*; K2O/Na2O; Zr/Hf; Eu/Eu*; (La/Yb)N,20260992,20260992,0
R0398,2,validation,GG0038,RCB0030,S,True,A2CFC6311C185EAA2F17BA13E733D522713F64F2850C50F6EEF6E4CE1F592221,,0.075,40,SiO2; TiO2; Al2O3; Fe2O3; FeO; MnO; MgO; CaO; Na2O; K2O; P2O5; Rb; Y; Zr; Nb; Ba; La; Ce; Pr; Nd; Sm; Eu; Gd; Tb; Dy; Ho; Er; Tm; Yb; Lu; Hf; Ta; Ga; A/CNK; A/NK; Fe*; K2O/Na2O; Zr/Hf; Eu/Eu*; (La/Yb)N,20260992,20260992,0
R0399,2,validation,GG0038,RCB0030,S,True,A2CFC6311C185EAA2F17BA13E733D522713F64F2850C50F6EEF6E4CE1F592221,,0.025,40,SiO2; TiO2; Al2O3; Fe2O3; FeO; MnO; MgO; CaO; Na2O; K2O; P2O5; Rb; Y; Zr; Nb; Ba; La; Ce; Pr; Nd; Sm; Eu; Gd; Tb; Dy; Ho; Er; Tm; Yb; Lu; Hf; Ta; Ga; A/CNK; A/NK; Fe*; K2O/Na2O; Zr/Hf; Eu/Eu*; (La/Yb)N,20260992,20260992,0
R0400,2,validation,GG0038,RCB0030,S,True,A2CFC6311C185EAA2F17BA13E733D522713F64F2850C50F6EEF6E4CE1F592221,,0.025,40,SiO2; TiO2; Al2O3; Fe2O3; FeO; MnO; MgO; CaO; Na2O; K2O; P2O5; Rb; Y; Zr; Nb; Ba; La; Ce; Pr; Nd; Sm; Eu; Gd; Tb; Dy; Ho; Er; Tm; Yb; Lu; Hf; Ta; Ga; A/CNK; A/NK; Fe*; K2O/Na2O; Zr/Hf; Eu/Eu*; (La/Yb)N,20260992,20260992,0
R0401,2,validation,GG0038,RCB0030,S,True,A2CFC6311C185EAA2F17BA13E733D522713F64F2850C50F6EEF6E4CE1F592221,,0.025,40,SiO2; TiO2; Al2O3; Fe2O3; FeO; MnO; MgO; CaO; Na2O; K2O; P2O5; Rb; Y; Zr; Nb; Ba; La; Ce; Pr; Nd; Sm; Eu; Gd; Tb; Dy; Ho; Er; Tm; Yb; Lu; Hf; Ta; Ga; A/CNK; A/NK; Fe*; K2O/Na2O; Zr/Hf; Eu/Eu*; (La/Yb)N,20260992,20260992,0
R0402,2,validation,GG0038,RCB0030,S,True,A2CFC6311C185EAA2F17BA13E733D522713F64F2850C50F6EEF6E4CE1F592221,,0.025,40,SiO2; TiO2; Al2O3; Fe2O3; FeO; MnO; MgO; CaO; Na2O; K2O; P2O5; Rb; Y; Zr; Nb; Ba; La; Ce; Pr; Nd; Sm; Eu; Gd; Tb; Dy; Ho; Er; Tm; Yb; Lu; Hf; Ta; Ga; A/CNK; A/NK; Fe*; K2O/Na2O; Zr/Hf; Eu/Eu*; (La/Yb)N,20260992,20260992,0
R0403,2,validation,GG0038,RCB0030,S,True,A2CFC6311C185EAA2F17BA13E733D522713F64F2850C50F6EEF6E4CE1F592221,,0.025,40,SiO2; TiO2; Al2O3; Fe2O3; FeO; MnO; MgO; CaO; Na2O; K2O; P2O5; Rb; Y; Zr; Nb; Ba; La; Ce; Pr; Nd; Sm; Eu; Gd; Tb; Dy; Ho; Er; Tm; Yb; Lu; Hf; Ta; Ga; A/CNK; A/NK; Fe*; K2O/Na2O; Zr/Hf; Eu/Eu*; (La/Yb)N,20260992,20260992,0
R0404,2,validation,GG0038,RCB0030,S,True,A2CFC6311C185EAA2F17BA13E733D522713F64F2850C50F6EEF6E4CE1F592221,,0.075,40,SiO2; TiO2; Al2O3; Fe2O3; FeO; MnO; MgO; CaO; Na2O; K2O; P2O5; Rb; Y; Zr; Nb; Ba; La; Ce; Pr; Nd; Sm; Eu; Gd; Tb; Dy; Ho; Er; Tm; Yb; Lu; Hf; Ta; Ga; A/CNK; A/NK; Fe*; K2O/Na2O; Zr/Hf; Eu/Eu*; (La/Yb)N,20260992,20260992,0
R0405,2,validation,GG0038,RCB0030,S,True,A2CFC6311C185EAA2F17BA13E733D522713F64F2850C50F6EEF6E4CE1F592221,,0.075,40,SiO2; TiO2; Al2O3; Fe2O3; FeO; MnO; MgO; CaO; Na2O; K2O; P2O5; Rb; Y; Zr; Nb; Ba; La; Ce; Pr; Nd; Sm; Eu; Gd; Tb; Dy; Ho; Er; Tm; Yb; Lu; Hf; Ta; Ga; A/CNK; A/NK; Fe*; K2O/Na2O; Zr/Hf; Eu/Eu*; (La/Yb)N,20260992,20260992,0
R0406,2,validation,GG0038,RCB0030,S,True,A2CFC6311C185EAA2F17BA13E733D522713F64F2850C50F6EEF6E4CE1F592221,,0.075,40,SiO2; TiO2; Al2O3; Fe2O3; FeO; MnO; MgO; CaO; Na2O; K2O; P2O5; Rb; Y; Zr; Nb; Ba; La; Ce; Pr; Nd; Sm; Eu; Gd; Tb; Dy; Ho; Er; Tm; Yb; Lu; Hf; Ta; Ga; A/CNK; A/NK; Fe*; K2O/Na2O; Zr/Hf; Eu/Eu*; (La/Yb)N,20260992,20260992,0
R0407,2,validation,GG0038,RCB0030,S,True,A2CFC6311C185EAA2F17BA13E733D522713F64F2850C50F6EEF6E4CE1F592221,,0.075,40,SiO2; TiO2; Al2O3; Fe2O3; FeO; MnO; MgO; CaO; Na2O; K2O; P2O5; Rb; Y; Zr; Nb; Ba; La; Ce; Pr; Nd; Sm; Eu; Gd; Tb; Dy; Ho; Er; Tm; Yb; Lu; Hf; Ta; Ga; A/CNK; A/NK; Fe*; K2O/Na2O; Zr/Hf; Eu/Eu*; (La/Yb)N,20260992,20260992,0
R0408,2,validation,GG0038,RCB0030,S,True,A2CFC6311C185EAA2F17BA13E733D522713F64F2850C50F6EEF6E4CE1F592221,,0.075,40,SiO2; TiO2; Al2O3; Fe2O3; FeO; MnO; MgO; CaO; Na2O; K2O; P2O5; Rb; Y; Zr; Nb; Ba; La; Ce; Pr; Nd; Sm; Eu; Gd; Tb; Dy; Ho; Er; Tm; Yb; Lu; Hf; Ta; Ga; A/CNK; A/NK; Fe*; K2O/Na2O; Zr/Hf; Eu/Eu*; (La/Yb)N,20260992,20260992,0
R0409,2,validation,GG0038,RCB0030,S,True,A2CFC6311C185EAA2F17BA13E733D522713F64F2850C50F6EEF6E4CE1F592221,,0.075,40,SiO2; TiO2; Al2O3; Fe2O3; FeO; MnO; MgO; CaO; Na2O; K2O; P2O5; Rb; Y; Zr; Nb; Ba; La; Ce; Pr; Nd; Sm; Eu; Gd; Tb; Dy; Ho; Er; Tm; Yb; Lu; Hf; Ta; Ga; A/CNK; A/NK; Fe*; K2O/Na2O; Zr/Hf; Eu/Eu*; (La/Yb)N,20260992,20260992,0
R0410,2,validation,GG0038,RCB0030,S,True,A2CFC6311C185EAA2F17BA13E733D522713F64F2850C50F6EEF6E4CE1F592221,,0.075,40,SiO2; TiO2; Al2O3; Fe2O3; FeO; MnO; MgO; CaO; Na2O; K2O; P2O5; Rb; Y; Zr; Nb; Ba; La; Ce; Pr; Nd; Sm; Eu; Gd; Tb; Dy; Ho; Er; Tm; Yb; Lu; Hf; Ta; Ga; A/CNK; A/NK; Fe*; K2O/Na2O; Zr/Hf; Eu/Eu*; (La/Yb)N,20260992,20260992,0
R0411,2,validation,GG0038,RCB0030,S,True,A2CFC6311C185EAA2F17BA13E733D522713F64F2850C50F6EEF6E4CE1F592221,,0.075,40,SiO2; TiO2; Al2O3; Fe2O3; FeO; MnO; MgO; CaO; Na2O; K2O; P2O5; Rb; Y; Zr; Nb; Ba; La; Ce; Pr; Nd; Sm; Eu; Gd; Tb; Dy; Ho; Er; Tm; Yb; Lu; Hf; Ta; Ga; A/CNK; A/NK; Fe*; K2O/Na2O; Zr/Hf; Eu/Eu*; (La/Yb)N,20260992,20260992,0
R0412,2,validation,GG0038,RCB0030,S,True,A2CFC6311C185EAA2F17BA13E733D522713F64F2850C50F6EEF6E4CE1F592221,,0.075,40,SiO2; TiO2; Al2O3; Fe2O3; FeO; MnO; MgO; CaO; Na2O; K2O; P2O5; Rb; Y; Zr; Nb; Ba; La; Ce; Pr; Nd; Sm; Eu; Gd; Tb; Dy; Ho; Er; Tm; Yb; Lu; Hf; Ta; Ga; A/CNK; A/NK; Fe*; K2O/Na2O; Zr/Hf; Eu/Eu*; (La/Yb)N,20260992,20260992,0
R0413,2,validation,GG0038,RCB0030,S,True,A2CFC6311C185EAA2F17BA13E733D522713F64F2850C50F6EEF6E4CE1F592221,,0.025,40,SiO2; TiO2; Al2O3; Fe2O3; FeO; MnO; MgO; CaO; Na2O; K2O; P2O5; Rb; Y; Zr; Nb; Ba; La; Ce; Pr; Nd; Sm; Eu; Gd; Tb; Dy; Ho; Er; Tm; Yb; Lu; Hf; Ta; Ga; A/CNK; A/NK; Fe*; K2O/Na2O; Zr/Hf; Eu/Eu*; (La/Yb)N,20260992,20260992,0
R0414,2,validation,GG0038,RCB0030,S,True,A2CFC6311C185EAA2F17BA13E733D522713F64F2850C50F6EEF6E4CE1F592221,,0.025,40,SiO2; TiO2; Al2O3; Fe2O3; FeO; MnO; MgO; CaO; Na2O; K2O; P2O5; Rb; Y; Zr; Nb; Ba; La; Ce; Pr; Nd; Sm; Eu; Gd; Tb; Dy; Ho; Er; Tm; Yb; Lu; Hf; Ta; Ga; A/CNK; A/NK; Fe*; K2O/Na2O; Zr/Hf; Eu/Eu*; (La/Yb)N,20260992,20260992,0
R0415,2,validation,GG0038,RCB0030,S,True,A2CFC6311C185EAA2F17BA13E733D522713F64F2850C50F6EEF6E4CE1F592221,,0.025,40,SiO2; TiO2; Al2O3; Fe2O3; FeO; MnO; MgO; CaO; Na2O; K2O; P2O5; Rb; Y; Zr; Nb; Ba; La; Ce; Pr; Nd; Sm; Eu; Gd; Tb; Dy; Ho; Er; Tm; Yb; Lu; Hf; Ta; Ga; A/CNK; A/NK; Fe*; K2O/Na2O; Zr/Hf; Eu/Eu*; (La/Yb)N,20260992,20260992,0
R0416,2,validation,GG0038,RCB0030,S,True,A2CFC6311C185EAA2F17BA13E733D522713F64F2850C50F6EEF6E4CE1F592221,,0.025,40,SiO2; TiO2; Al2O3; Fe2O3; FeO; MnO; MgO; CaO; Na2O; K2O; P2O5; Rb; Y; Zr; Nb; Ba; La; Ce; Pr; Nd; Sm; Eu; Gd; Tb; Dy; Ho; Er; Tm; Yb; Lu; Hf; Ta; Ga; A/CNK; A/NK; Fe*; K2O/Na2O; Zr/Hf; Eu/Eu*; (La/Yb)N,20260992,20260992,0
R0417,2,validation,GG0038,RCB0030,S,True,A2CFC6311C185EAA2F17BA13E733D522713F64F2850C50F6EEF6E4CE1F592221,,0.025,40,SiO2; TiO2; Al2O3; Fe2O3; FeO; MnO; MgO; CaO; Na2O; K2O; P2O5; Rb; Y; Zr; Nb; Ba; La; Ce; Pr; Nd; Sm; Eu; Gd; Tb; Dy; Ho; Er; Tm; Yb; Lu; Hf; Ta; Ga; A/CNK; A/NK; Fe*; K2O/Na2O; Zr/Hf; Eu/Eu*; (La/Yb)N,20260992,20260992,0
R0418,2,validation,GG0038,RCB0030,S,True,A2CFC6311C185EAA2F17BA13E733D522713F64F2850C50F6EEF6E4CE1F592221,,0.025,40,SiO2; TiO2; Al2O3; Fe2O3; FeO; MnO; MgO; CaO; Na2O; K2O; P2O5; Rb; Y; Zr; Nb; Ba; La; Ce; Pr; Nd; Sm; Eu; Gd; Tb; Dy; Ho; Er; Tm; Yb; Lu; Hf; Ta; Ga; A/CNK; A/NK; Fe*; K2O/Na2O; Zr/Hf; Eu/Eu*; (La/Yb)N,20260992,20260992,0
R0419,2,validation,GG0038,RCB0030,S,True,A2CFC6311C185EAA2F17BA13E733D522713F64F2850C50F6EEF6E4CE1F592221,,0.075,40,SiO2; TiO2; Al2O3; Fe2O3; FeO; MnO; MgO; CaO; Na2O; K2O; P2O5; Rb; Y; Zr; Nb; Ba; La; Ce; Pr; Nd; Sm; Eu; Gd; Tb; Dy; Ho; Er; Tm; Yb; Lu; Hf; Ta; Ga; A/CNK; A/NK; Fe*; K2O/Na2O; Zr/Hf; Eu/Eu*; (La/Yb)N,20260992,20260992,0
R0420,2,validation,GG0038,RCB0030,S,True,A2CFC6311C185EAA2F17BA13E733D522713F64F2850C50F6EEF6E4CE1F592221,,0.075,40,SiO2; TiO2; Al2O3; Fe2O3; FeO; MnO; MgO; CaO; Na2O; K2O; P2O5; Rb; Y; Zr; Nb; Ba; La; Ce; Pr; Nd; Sm; Eu; Gd; Tb; Dy; Ho; Er; Tm; Yb; Lu; Hf; Ta; Ga; A/CNK; A/NK; Fe*; K2O/Na2O; Zr/Hf; Eu/Eu*; (La/Yb)N,20260992,20260992,0
R0421,2,validation,GG0038,RCB0030,S,True,A2CFC6311C185EAA2F17BA13E733D522713F64F2850C50F6EEF6E4CE1F592221,,0.075,40,SiO2; TiO2; Al2O3; Fe2O3; FeO; MnO; MgO; CaO; Na2O; K2O; P2O5; Rb; Y; Zr; Nb; Ba; La; Ce; Pr; Nd; Sm; Eu; Gd; Tb; Dy; Ho; Er; Tm; Yb; Lu; Hf; Ta; Ga; A/CNK; A/NK; Fe*; K2O/Na2O; Zr/Hf; Eu/Eu*; (La/Yb)N,20260992,20260992,0
R0422,2,validation,GG0038,RCB0030,S,True,A2CFC6311C185EAA2F17BA13E733D522713F64F2850C50F6EEF6E4CE1F592221,,0.075,40,SiO2; TiO2; Al2O3; Fe2O3; FeO; MnO; MgO; CaO; Na2O; K2O; P2O5; Rb; Y; Zr; Nb; Ba; La; Ce; Pr; Nd; Sm; Eu; Gd; Tb; Dy; Ho; Er; Tm; Yb; Lu; Hf; Ta; Ga; A/CNK; A/NK; Fe*; K2O/Na2O; Zr/Hf; Eu/Eu*; (La/Yb)N,20260992,20260992,0
R0423,2,validation,GG0038,RCB0030,S,True,A2CFC6311C185EAA2F17BA13E733D522713F64F2850C50F6EEF6E4CE1F592221,,0.075,40,SiO2; TiO2; Al2O3; Fe2O3; FeO; MnO; MgO; CaO; Na2O; K2O; P2O5; Rb; Y; Zr; Nb; Ba; La; Ce; Pr; Nd; Sm; Eu; Gd; Tb; Dy; Ho; Er; Tm; Yb; Lu; Hf; Ta; Ga; A/CNK; A/NK; Fe*; K2O/Na2O; Zr/Hf; Eu/Eu*; (La/Yb)N,20260992,20260992,0
R0424,2,validation,GG0038,RCB0030,S,True,A2CFC6311C185EAA2F17BA13E733D522713F64F2850C50F6EEF6E4CE1F592221,,0.075,40,SiO2; TiO2; Al2O3; Fe2O3; FeO; MnO; MgO; CaO; Na2O; K2O; P2O5; Rb; Y; Zr; Nb; Ba; La; Ce; Pr; Nd; Sm; Eu; Gd; Tb; Dy; Ho; Er; Tm; Yb; Lu; Hf; Ta; Ga; A/CNK; A/NK; Fe*; K2O/Na2O; Zr/Hf; Eu/Eu*; (La/Yb)N,20260992,20260992,0
R0425,2,validation,GG0038,RCB0030,S,True,A2CFC6311C185EAA2F17BA13E733D522713F64F2850C50F6EEF6E4CE1F592221,,0.075,40,SiO2; TiO2; Al2O3; Fe2O3; FeO; MnO; MgO; CaO; Na2O; K2O; P2O5; Rb; Y; Zr; Nb; Ba; La; Ce; Pr; Nd; Sm; Eu; Gd; Tb; Dy; Ho; Er; Tm; Yb; Lu; Hf; Ta; Ga; A/CNK; A/NK; Fe*; K2O/Na2O; Zr/Hf; Eu/Eu*; (La/Yb)N,20260992,20260992,0
R0426,2,validation,GG0038,RCB0030,S,True,A2CFC6311C185EAA2F17BA13E733D522713F64F2850C50F6EEF6E4CE1F592221,,0.075,40,SiO2; TiO2; Al2O3; Fe2O3; FeO; MnO; MgO; CaO; Na2O; K2O; P2O5; Rb; Y; Zr; Nb; Ba; La; Ce; Pr; Nd; Sm; Eu; Gd; Tb; Dy; Ho; Er; Tm; Yb; Lu; Hf; Ta; Ga; A/CNK; A/NK; Fe*; K2O/Na2O; Zr/Hf; Eu/Eu*; (La/Yb)N,20260992,20260992,0
R0427,2,validation,GG0038,RCB0030,S,True,A2CFC6311C185EAA2F17BA13E733D522713F64F2850C50F6EEF6E4CE1F592221,,0.075,40,SiO2; TiO2; Al2O3; Fe2O3; FeO; MnO; MgO; CaO; Na2O; K2O; P2O5; Rb; Y; Zr; Nb; Ba; La; Ce; Pr; Nd; Sm; Eu; Gd; Tb; Dy; Ho; Er; Tm; Yb; Lu; Hf; Ta; Ga; A/CNK; A/NK; Fe*; K2O/Na2O; Zr/Hf; Eu/Eu*; (La/Yb)N,20260992,20260992,0
R0428,2,validation,GG0038,RCB0030,S,True,A2CFC6311C185EAA2F17BA13E733D522713F64F2850C50F6EEF6E4CE1F592221,,0.075,40,SiO2; TiO2; Al2O3; Fe2O3; FeO; MnO; MgO; CaO; Na2O; K2O; P2O5; Rb; Y; Zr; Nb; Ba; La; Ce; Pr; Nd; Sm; Eu; Gd; Tb; Dy; Ho; Er; Tm; Yb; Lu; Hf; Ta; Ga; A/CNK; A/NK; Fe*; K2O/Na2O; Zr/Hf; Eu/Eu*; (La/Yb)N,20260992,20260992,0
R0437,2,validation,GG0038,RCB0030,S,True,A2CFC6311C185EAA2F17BA13E733D522713F64F2850C50F6EEF6E4CE1F592221,,0.025,40,SiO2; TiO2; Al2O3; Fe2O3; FeO; MnO; MgO; CaO; Na2O; K2O; P2O5; Rb; Y; Zr; Nb; Ba; La; Ce; Pr; Nd; Sm; Eu; Gd; Tb; Dy; Ho; Er; Tm; Yb; Lu; Hf; Ta; Ga; A/CNK; A/NK; Fe*; K2O/Na2O; Zr/Hf; Eu/Eu*; (La/Yb)N,20260992,20260992,0
R0438,2,validation,GG0038,RCB0030,S,True,A2CFC6311C185EAA2F17BA13E733D522713F64F2850C50F6EEF6E4CE1F592221,,0.025,40,SiO2; TiO2; Al2O3; Fe2O3; FeO; MnO; MgO; CaO; Na2O; K2O; P2O5; Rb; Y; Zr; Nb; Ba; La; Ce; Pr; Nd; Sm; Eu; Gd; Tb; Dy; Ho; Er; Tm; Yb; Lu; Hf; Ta; Ga; A/CNK; A/NK; Fe*; K2O/Na2O; Zr/Hf; Eu/Eu*; (La/Yb)N,20260992,20260992,0
R0439,2,validation,GG0038,RCB0030,S,True,A2CFC6311C185EAA2F17BA13E733D522713F64F2850C50F6EEF6E4CE1F592221,,0.025,40,SiO2; TiO2; Al2O3; Fe2O3; FeO; MnO; MgO; CaO; Na2O; K2O; P2O5; Rb; Y; Zr; Nb; Ba; La; Ce; Pr; Nd; Sm; Eu; Gd; Tb; Dy; Ho; Er; Tm; Yb; Lu; Hf; Ta; Ga; A/CNK; A/NK; Fe*; K2O/Na2O; Zr/Hf; Eu/Eu*; (La/Yb)N,20260992,20260992,0
R0440,2,validation,GG0038,RCB0030,S,True,A2CFC6311C185EAA2F17BA13E733D522713F64F2850C50F6EEF6E4CE1F592221,,0.025,40,SiO2; TiO2; Al2O3; Fe2O3; FeO; MnO; MgO; CaO; Na2O; K2O; P2O5; Rb; Y; Zr; Nb; Ba; La; Ce; Pr; Nd; Sm; Eu; Gd; Tb; Dy; Ho; Er; Tm; Yb; Lu; Hf; Ta; Ga; A/CNK; A/NK; Fe*; K2O/Na2O; Zr/Hf; Eu/Eu*; (La/Yb)N,20260992,20260992,0
R0441,2,validation,GG0038,RCB0030,S,True,A2CFC6311C185EAA2F17BA13E733D522713F64F2850C50F6EEF6E4CE1F592221,,0.025,40,SiO2; TiO2; Al2O3; Fe2O3; FeO; MnO; MgO; CaO; Na2O; K2O; P2O5; Rb; Y; Zr; Nb; Ba; La; Ce; Pr; Nd; Sm; Eu; Gd; Tb; Dy; Ho; Er; Tm; Yb; Lu; Hf; Ta; Ga; A/CNK; A/NK; Fe*; K2O/Na2O; Zr/Hf; Eu/Eu*; (La/Yb)N,20260992,20260992,0
R0442,2,validation,GG0038,RCB0030,S,True,A2CFC6311C185EAA2F17BA13E733D522713F64F2850C50F6EEF6E4CE1F592221,,0.025,40,SiO2; TiO2; Al2O3; Fe2O3; FeO; MnO; MgO; CaO; Na2O; K2O; P2O5; Rb; Y; Zr; Nb; Ba; La; Ce; Pr; Nd; Sm; Eu; Gd; Tb; Dy; Ho; Er; Tm; Yb; Lu; Hf; Ta; Ga; A/CNK; A/NK; Fe*; K2O/Na2O; Zr/Hf; Eu/Eu*; (La/Yb)N,20260992,20260992,0
R0443,2,validation,GG0038,RCB0030,S,True,A2CFC6311C185EAA2F17BA13E733D522713F64F2850C50F6EEF6E4CE1F592221,,0.025,40,SiO2; TiO2; Al2O3; Fe2O3; FeO; MnO; MgO; CaO; Na2O; K2O; P2O5; Rb; Y; Zr; Nb; Ba; La; Ce; Pr; Nd; Sm; Eu; Gd; Tb; Dy; Ho; Er; Tm; Yb; Lu; Hf; Ta; Ga; A/CNK; A/NK; Fe*; K2O/Na2O; Zr/Hf; Eu/Eu*; (La/Yb)N,20260992,20260992,0
R0444,2,validation,GG0038,RCB0030,S,True,A2CFC6311C185EAA2F17BA13E733D522713F64F2850C50F6EEF6E4CE1F592221,,0.025,40,SiO2; TiO2; Al2O3; Fe2O3; FeO; MnO; MgO; CaO; Na2O; K2O; P2O5; Rb; Y; Zr; Nb; Ba; La; Ce; Pr; Nd; Sm; Eu; Gd; Tb; Dy; Ho; Er; Tm; Yb; Lu; Hf; Ta; Ga; A/CNK; A/NK; Fe*; K2O/Na2O; Zr/Hf; Eu/Eu*; (La/Yb)N,20260992,20260992,0
R0445,2,validation,GG0038,RCB0030,S,True,A2CFC6311C185EAA2F17BA13E733D522713F64F2850C50F6EEF6E4CE1F592221,,0.025,40,SiO2; TiO2; Al2O3; Fe2O3; FeO; MnO; MgO; CaO; Na2O; K2O; P2O5; Rb; Y; Zr; Nb; Ba; La; Ce; Pr; Nd; Sm; Eu; Gd; Tb; Dy; Ho; Er; Tm; Yb; Lu; Hf; Ta; Ga; A/CNK; A/NK; Fe*; K2O/Na2O; Zr/Hf; Eu/Eu*; (La/Yb)N,20260992,20260992,0
R0446,2,validation,GG0038,RCB0030,S,True,A2CFC6311C185EAA2F17BA13E733D522713F64F2850C50F6EEF6E4CE1F592221,,0.025,40,SiO2; TiO2; Al2O3; Fe2O3; FeO; MnO; MgO; CaO; Na2O; K2O; P2O5; Rb; Y; Zr; Nb; Ba; La; Ce; Pr; Nd; Sm; Eu; Gd; Tb; Dy; Ho; Er; Tm; Yb; Lu; Hf; Ta; Ga; A/CNK; A/NK; Fe*; K2O/Na2O; Zr/Hf; Eu/Eu*; (La/Yb)N,20260992,20260992,0
R0447,2,validation,GG0038,RCB0030,S,True,A2CFC6311C185EAA2F17BA13E733D522713F64F2850C50F6EEF6E4CE1F592221,,0.025,40,SiO2; TiO2; Al2O3; Fe2O3; FeO; MnO; MgO; CaO; Na2O; K2O; P2O5; Rb; Y; Zr; Nb; Ba; La; Ce; Pr; Nd; Sm; Eu; Gd; Tb; Dy; Ho; Er; Tm; Yb; Lu; Hf; Ta; Ga; A/CNK; A/NK; Fe*; K2O/Na2O; Zr/Hf; Eu/Eu*; (La/Yb)N,20260992,20260992,0
R0448,2,validation,GG0038,RCB0030,S,True,A2CFC6311C185EAA2F17BA13E733D522713F64F2850C50F6EEF6E4CE1F592221,,0.025,40,SiO2; TiO2; Al2O3; Fe2O3; FeO; MnO; MgO; CaO; Na2O; K2O; P2O5; Rb; Y; Zr; Nb; Ba; La; Ce; Pr; Nd; Sm; Eu; Gd; Tb; Dy; Ho; Er; Tm; Yb; Lu; Hf; Ta; Ga; A/CNK; A/NK; Fe*; K2O/Na2O; Zr/Hf; Eu/Eu*; (La/Yb)N,20260992,20260992,0
R0449,2,validation,GG0038,RCB0030,S,True,A2CFC6311C185EAA2F17BA13E733D522713F64F2850C50F6EEF6E4CE1F592221,,0.025,40,SiO2; TiO2; Al2O3; Fe2O3; FeO; MnO; MgO; CaO; Na2O; K2O; P2O5; Rb; Y; Zr; Nb; Ba; La; Ce; Pr; Nd; Sm; Eu; Gd; Tb; Dy; Ho; Er; Tm; Yb; Lu; Hf; Ta; Ga; A/CNK; A/NK; Fe*; K2O/Na2O; Zr/Hf; Eu/Eu*; (La/Yb)N,20260992,20260992,0
R0450,2,validation,GG0038,RCB0030,S,True,A2CFC6311C185EAA2F17BA13E733D522713F64F2850C50F6EEF6E4CE1F592221,,0.05,40,SiO2; TiO2; Al2O3; Fe2O3; FeO; MnO; MgO; CaO; Na2O; K2O; P2O5; Rb; Y; Zr; Nb; Ba; La; Ce; Pr; Nd; Sm; Eu; Gd; Tb; Dy; Ho; Er; Tm; Yb; Lu; Hf; Ta; Ga; A/CNK; A/NK; Fe*; K2O/Na2O; Zr/Hf; Eu/Eu*; (La/Yb)N,20260992,20260992,0
R0451,2,validation,GG0038,RCB0030,S,True,A2CFC6311C185EAA2F17BA13E733D522713F64F2850C50F6EEF6E4CE1F592221,,0.025,40,SiO2; TiO2; Al2O3; Fe2O3; FeO; MnO; MgO; CaO; Na2O; K2O; P2O5; Rb; Y; Zr; Nb; Ba; La; Ce; Pr; Nd; Sm; Eu; Gd; Tb; Dy; Ho; Er; Tm; Yb; Lu; Hf; Ta; Ga; A/CNK; A/NK; Fe*; K2O/Na2O; Zr/Hf; Eu/Eu*; (La/Yb)N,20260992,20260992,0
R0452,2,validation,GG0038,RCB0030,S,True,A2CFC6311C185EAA2F17BA13E733D522713F64F2850C50F6EEF6E4CE1F592221,,0.025,40,SiO2; TiO2; Al2O3; Fe2O3; FeO; MnO; MgO; CaO; Na2O; K2O; P2O5; Rb; Y; Zr; Nb; Ba; La; Ce; Pr; Nd; Sm; Eu; Gd; Tb; Dy; Ho; Er; Tm; Yb; Lu; Hf; Ta; Ga; A/CNK; A/NK; Fe*; K2O/Na2O; Zr/Hf; Eu/Eu*; (La/Yb)N,20260992,20260992,0
R0453,2,validation,GG0038,RCB0030,S,True,A2CFC6311C185EAA2F17BA13E733D522713F64F2850C50F6EEF6E4CE1F592221,,0.025,40,SiO2; TiO2; Al2O3; Fe2O3; FeO; MnO; MgO; CaO; Na2O; K2O; P2O5; Rb; Y; Zr; Nb; Ba; La; Ce; Pr; Nd; Sm; Eu; Gd; Tb; Dy; Ho; Er; Tm; Yb; Lu; Hf; Ta; Ga; A/CNK; A/NK; Fe*; K2O/Na2O; Zr/Hf; Eu/Eu*; (La/Yb)N,20260992,20260992,0
R0454,2,validation,GG0038,RCB0030,S,True,A2CFC6311C185EAA2F17BA13E733D522713F64F2850C50F6EEF6E4CE1F592221,,0.025,40,SiO2; TiO2; Al2O3; Fe2O3; FeO; MnO; MgO; CaO; Na2O; K2O; P2O5; Rb; Y; Zr; Nb; Ba; La; Ce; Pr; Nd; Sm; Eu; Gd; Tb; Dy; Ho; Er; Tm; Yb; Lu; Hf; Ta; Ga; A/CNK; A/NK; Fe*; K2O/Na2O; Zr/Hf; Eu/Eu*; (La/Yb)N,20260992,20260992,0
R0455,2,validation,GG0038,RCB0030,S,True,A2CFC6311C185EAA2F17BA13E733D522713F64F2850C50F6EEF6E4CE1F592221,,0.025,40,SiO2; TiO2; Al2O3; Fe2O3; FeO; MnO; MgO; CaO; Na2O; K2O; P2O5; Rb; Y; Zr; Nb; Ba; La; Ce; Pr; Nd; Sm; Eu; Gd; Tb; Dy; Ho; Er; Tm; Yb; Lu; Hf; Ta; Ga; A/CNK; A/NK; Fe*; K2O/Na2O; Zr/Hf; Eu/Eu*; (La/Yb)N,20260992,20260992,0
R0456,2,validation,GG0038,RCB0030,S,True,A2CFC6311C185EAA2F17BA13E733D522713F64F2850C50F6EEF6E4CE1F592221,,0.05,40,SiO2; TiO2; Al2O3; Fe2O3; FeO; MnO; MgO; CaO; Na2O; K2O; P2O5; Rb; Y; Zr; Nb; Ba; La; Ce; Pr; Nd; Sm; Eu; Gd; Tb; Dy; Ho; Er; Tm; Yb; Lu; Hf; Ta; Ga; A/CNK; A/NK; Fe*; K2O/Na2O; Zr/Hf; Eu/Eu*; (La/Yb)N,20260992,20260992,0
R0518,2,validation,GG0038,RCB0030,S,True,A2CFC6311C185EAA2F17BA13E733D522713F64F2850C50F6EEF6E4CE1F592221,,0.025,40,SiO2; TiO2; Al2O3; Fe2O3; FeO; MnO; MgO; CaO; Na2O; K2O; P2O5; Rb; Y; Zr; Nb; Ba; La; Ce; Pr; Nd; Sm; Eu; Gd; Tb; Dy; Ho; Er; Tm; Yb; Lu; Hf; Ta; Ga; A/CNK; A/NK; Fe*; K2O/Na2O; Zr/Hf; Eu/Eu*; (La/Yb)N,20260992,20260992,0
R0519,2,validation,GG0038,RCB0030,S,True,A2CFC6311C185EAA2F17BA13E733D522713F64F2850C50F6EEF6E4CE1F592221,,0.025,40,SiO2; TiO2; Al2O3; Fe2O3; FeO; MnO; MgO; CaO; Na2O; K2O; P2O5; Rb; Y; Zr; Nb; Ba; La; Ce; Pr; Nd; Sm; Eu; Gd; Tb; Dy; Ho; Er; Tm; Yb; Lu; Hf; Ta; Ga; A/CNK; A/NK; Fe*; K2O/Na2O; Zr/Hf; Eu/Eu*; (La/Yb)N,20260992,20260992,0
R0520,2,validation,GG0038,RCB0030,S,True,A2CFC6311C185EAA2F17BA13E733D522713F64F2850C50F6EEF6E4CE1F592221,,0.025,40,SiO2; TiO2; Al2O3; Fe2O3; FeO; MnO; MgO; CaO; Na2O; K2O; P2O5; Rb; Y; Zr; Nb; Ba; La; Ce; Pr; Nd; Sm; Eu; Gd; Tb; Dy; Ho; Er; Tm; Yb; Lu; Hf; Ta; Ga; A/CNK; A/NK; Fe*; K2O/Na2O; Zr/Hf; Eu/Eu*; (La/Yb)N,20260992,20260992,0
R0521,2,validation,GG0038,RCB0030,S,True,A2CFC6311C185EAA2F17BA13E733D522713F64F2850C50F6EEF6E4CE1F592221,,0.025,40,SiO2; TiO2; Al2O3; Fe2O3; FeO; MnO; MgO; CaO; Na2O; K2O; P2O5; Rb; Y; Zr; Nb; Ba; La; Ce; Pr; Nd; Sm; Eu; Gd; Tb; Dy; Ho; Er; Tm; Yb; Lu; Hf; Ta; Ga; A/CNK; A/NK; Fe*; K2O/Na2O; Zr/Hf; Eu/Eu*; (La/Yb)N,20260992,20260992,0
R0522,2,validation,GG0038,RCB0030,S,True,A2CFC6311C185EAA2F17BA13E733D522713F64F2850C50F6EEF6E4CE1F592221,,0.025,40,SiO2; TiO2; Al2O3; Fe2O3; FeO; MnO; MgO; CaO; Na2O; K2O; P2O5; Rb; Y; Zr; Nb; Ba; La; Ce; Pr; Nd; Sm; Eu; Gd; Tb; Dy; Ho; Er; Tm; Yb; Lu; Hf; Ta; Ga; A/CNK; A/NK; Fe*; K2O/Na2O; Zr/Hf; Eu/Eu*; (La/Yb)N,20260992,20260992,0
R0523,2,validation,GG0038,RCB0030,S,True,A2CFC6311C185EAA2F17BA13E733D522713F64F2850C50F6EEF6E4CE1F592221,,0.025,40,SiO2; TiO2; Al2O3; Fe2O3; FeO; MnO; MgO; CaO; Na2O; K2O; P2O5; Rb; Y; Zr; Nb; Ba; La; Ce; Pr; Nd; Sm; Eu; Gd; Tb; Dy; Ho; Er; Tm; Yb; Lu; Hf; Ta; Ga; A/CNK; A/NK; Fe*; K2O/Na2O; Zr/Hf; Eu/Eu*; (La/Yb)N,20260992,20260992,0
R0524,2,validation,GG0038,RCB0030,S,True,A2CFC6311C185EAA2F17BA13E733D522713F64F2850C50F6EEF6E4CE1F592221,,0.025,40,SiO2; TiO2; Al2O3; Fe2O3; FeO; MnO; MgO; CaO; Na2O; K2O; P2O5; Rb; Y; Zr; Nb; Ba; La; Ce; Pr; Nd; Sm; Eu; Gd; Tb; Dy; Ho; Er; Tm; Yb; Lu; Hf; Ta; Ga; A/CNK; A/NK; Fe*; K2O/Na2O; Zr/Hf; Eu/Eu*; (La/Yb)N,20260992,20260992,0
R0525,2,validation,GG0038,RCB0030,S,True,A2CFC6311C185EAA2F17BA13E733D522713F64F2850C50F6EEF6E4CE1F592221,,0.025,40,SiO2; TiO2; Al2O3; Fe2O3; FeO; MnO; MgO; CaO; Na2O; K2O; P2O5; Rb; Y; Zr; Nb; Ba; La; Ce; Pr; Nd; Sm; Eu; Gd; Tb; Dy; Ho; Er; Tm; Yb; Lu; Hf; Ta; Ga; A/CNK; A/NK; Fe*; K2O/Na2O; Zr/Hf; Eu/Eu*; (La/Yb)N,20260992,20260992,0
R0526,2,validation,GG0038,RCB0030,S,True,A2CFC6311C185EAA2F17BA13E733D522713F64F2850C50F6EEF6E4CE1F592221,,0.025,40,SiO2; TiO2; Al2O3; Fe2O3; FeO; MnO; MgO; CaO; Na2O; K2O; P2O5; Rb; Y; Zr; Nb; Ba; La; Ce; Pr; Nd; Sm; Eu; Gd; Tb; Dy; Ho; Er; Tm; Yb; Lu; Hf; Ta; Ga; A/CNK; A/NK; Fe*; K2O/Na2O; Zr/Hf; Eu/Eu*; (La/Yb)N,20260992,20260992,0
R0527,2,validation,GG0038,RCB0030,S,True,A2CFC6311C185EAA2F17BA13E733D522713F64F2850C50F6EEF6E4CE1F592221,,0.025,40,SiO2; TiO2; Al2O3; Fe2O3; FeO; MnO; MgO; CaO; Na2O; K2O; P2O5; Rb; Y; Zr; Nb; Ba; La; Ce; Pr; Nd; Sm; Eu; Gd; Tb; Dy; Ho; Er; Tm; Yb; Lu; Hf; Ta; Ga; A/CNK; A/NK; Fe*; K2O/Na2O; Zr/Hf; Eu/Eu*; (La/Yb)N,20260992,20260992,0
R0528,2,validation,GG0038,RCB0030,S,True,A2CFC6311C185EAA2F17BA13E733D522713F64F2850C50F6EEF6E4CE1F592221,,0.025,40,SiO2; TiO2; Al2O3; Fe2O3; FeO; MnO; MgO; CaO; Na2O; K2O; P2O5; Rb; Y; Zr; Nb; Ba; La; Ce; Pr; Nd; Sm; Eu; Gd; Tb; Dy; Ho; Er; Tm; Yb; Lu; Hf; Ta; Ga; A/CNK; A/NK; Fe*; K2O/Na2O; Zr/Hf; Eu/Eu*; (La/Yb)N,20260992,20260992,0
R0529,2,validation,GG0038,RCB0030,S,True,A2CFC6311C185EAA2F17BA13E733D522713F64F2850C50F6EEF6E4CE1F592221,,0.025,40,SiO2; TiO2; Al2O3; Fe2O3; FeO; MnO; MgO; CaO; Na2O; K2O; P2O5; Rb; Y; Zr; Nb; Ba; La; Ce; Pr; Nd; Sm; Eu; Gd; Tb; Dy; Ho; Er; Tm; Yb; Lu; Hf; Ta; Ga; A/CNK; A/NK; Fe*; K2O/Na2O; Zr/Hf; Eu/Eu*; (La/Yb)N,20260992,20260992,0
R0530,2,validation,GG0038,RCB0030,S,True,A2CFC6311C185EAA2F17BA13E733D522713F64F2850C50F6EEF6E4CE1F592221,,0.025,40,SiO2; TiO2; Al2O3; Fe2O3; FeO; MnO; MgO; CaO; Na2O; K2O; P2O5; Rb; Y; Zr; Nb; Ba; La; Ce; Pr; Nd; Sm; Eu; Gd; Tb; Dy; Ho; Er; Tm; Yb; Lu; Hf; Ta; Ga; A/CNK; A/NK; Fe*; K2O/Na2O; Zr/Hf; Eu/Eu*; (La/Yb)N,20260992,20260992,0
R0531,2,validation,GG0038,RCB0030,S,True,A2CFC6311C185EAA2F17BA13E733D522713F64F2850C50F6EEF6E4CE1F592221,,0.025,40,SiO2; TiO2; Al2O3; Fe2O3; FeO; MnO; MgO; CaO; Na2O; K2O; P2O5; Rb; Y; Zr; Nb; Ba; La; Ce; Pr; Nd; Sm; Eu; Gd; Tb; Dy; Ho; Er; Tm; Yb; Lu; Hf; Ta; Ga; A/CNK; A/NK; Fe*; K2O/Na2O; Zr/Hf; Eu/Eu*; (La/Yb)N,20260992,20260992,0
R0532,2,validation,GG0038,RCB0030,S,True,A2CFC6311C185EAA2F17BA13E733D522713F64F2850C50F6EEF6E4CE1F592221,,0.025,40,SiO2; TiO2; Al2O3; Fe2O3; FeO; MnO; MgO; CaO; Na2O; K2O; P2O5; Rb; Y; Zr; Nb; Ba; La; Ce; Pr; Nd; Sm; Eu; Gd; Tb; Dy; Ho; Er; Tm; Yb; Lu; Hf; Ta; Ga; A/CNK; A/NK; Fe*; K2O/Na2O; Zr/Hf; Eu/Eu*; (La/Yb)N,20260992,20260992,0
R0533,2,validation,GG0038,RCB0030,S,True,A2CFC6311C185EAA2F17BA13E733D522713F64F2850C50F6EEF6E4CE1F592221,,0.025,40,SiO2; TiO2; Al2O3; Fe2O3; FeO; MnO; MgO; CaO; Na2O; K2O; P2O5; Rb; Y; Zr; Nb; Ba; La; Ce; Pr; Nd; Sm; Eu; Gd; Tb; Dy; Ho; Er; Tm; Yb; Lu; Hf; Ta; Ga; A/CNK; A/NK; Fe*; K2O/Na2O; Zr/Hf; Eu/Eu*; (La/Yb)N,20260992,20260992,0
R0534,2,validation,GG0038,RCB0030,S,True,A2CFC6311C185EAA2F17BA13E733D522713F64F2850C50F6EEF6E4CE1F592221,,0.025,40,SiO2; TiO2; Al2O3; Fe2O3; FeO; MnO; MgO; CaO; Na2O; K2O; P2O5; Rb; Y; Zr; Nb; Ba; La; Ce; Pr; Nd; Sm; Eu; Gd; Tb; Dy; Ho; Er; Tm; Yb; Lu; Hf; Ta; Ga; A/CNK; A/NK; Fe*; K2O/Na2O; Zr/Hf; Eu/Eu*; (La/Yb)N,20260992,20260992,0
R0535,2,validation,GG0038,RCB0030,S,True,A2CFC6311C185EAA2F17BA13E733D522713F64F2850C50F6EEF6E4CE1F592221,,0.025,40,SiO2; TiO2; Al2O3; Fe2O3; FeO; MnO; MgO; CaO; Na2O; K2O; P2O5; Rb; Y; Zr; Nb; Ba; La; Ce; Pr; Nd; Sm; Eu; Gd; Tb; Dy; Ho; Er; Tm; Yb; Lu; Hf; Ta; Ga; A/CNK; A/NK; Fe*; K2O/Na2O; Zr/Hf; Eu/Eu*; (La/Yb)N,20260992,20260992,0
R0553,2,validation,GG0038,RCB0030,S,True,A2CFC6311C185EAA2F17BA13E733D522713F64F2850C50F6EEF6E4CE1F592221,,0.025,40,SiO2; TiO2; Al2O3; Fe2O3; FeO; MnO; MgO; CaO; Na2O; K2O; P2O5; Rb; Y; Zr; Nb; Ba; La; Ce; Pr; Nd; Sm; Eu; Gd; Tb; Dy; Ho; Er; Tm; Yb; Lu; Hf; Ta; Ga; A/CNK; A/NK; Fe*; K2O/Na2O; Zr/Hf; Eu/Eu*; (La/Yb)N,20260992,20260992,0
R0554,2,validation,GG0038,RCB0030,S,True,A2CFC6311C185EAA2F17BA13E733D522713F64F2850C50F6EEF6E4CE1F592221,,0.025,40,SiO2; TiO2; Al2O3; Fe2O3; FeO; MnO; MgO; CaO; Na2O; K2O; P2O5; Rb; Y; Zr; Nb; Ba; La; Ce; Pr; Nd; Sm; Eu; Gd; Tb; Dy; Ho; Er; Tm; Yb; Lu; Hf; Ta; Ga; A/CNK; A/NK; Fe*; K2O/Na2O; Zr/Hf; Eu/Eu*; (La/Yb)N,20260992,20260992,0
R0555,2,validation,GG0038,RCB0030,S,True,A2CFC6311C185EAA2F17BA13E733D522713F64F2850C50F6EEF6E4CE1F592221,,0.025,40,SiO2; TiO2; Al2O3; Fe2O3; FeO; MnO; MgO; CaO; Na2O; K2O; P2O5; Rb; Y; Zr; Nb; Ba; La; Ce; Pr; Nd; Sm; Eu; Gd; Tb; Dy; Ho; Er; Tm; Yb; Lu; Hf; Ta; Ga; A/CNK; A/NK; Fe*; K2O/Na2O; Zr/Hf; Eu/Eu*; (La/Yb)N,20260992,20260992,0
R0556,2,validation,GG0038,RCB0030,S,True,A2CFC6311C185EAA2F17BA13E733D522713F64F2850C50F6EEF6E4CE1F592221,,0.025,40,SiO2; TiO2; Al2O3; Fe2O3; FeO; MnO; MgO; CaO; Na2O; K2O; P2O5; Rb; Y; Zr; Nb; Ba; La; Ce; Pr; Nd; Sm; Eu; Gd; Tb; Dy; Ho; Er; Tm; Yb; Lu; Hf; Ta; Ga; A/CNK; A/NK; Fe*; K2O/Na2O; Zr/Hf; Eu/Eu*; (La/Yb)N,20260992,20260992,0
R0557,2,validation,GG0038,RCB0030,S,True,A2CFC6311C185EAA2F17BA13E733D522713F64F2850C50F6EEF6E4CE1F592221,,0.025,40,SiO2; TiO2; Al2O3; Fe2O3; FeO; MnO; MgO; CaO; Na2O; K2O; P2O5; Rb; Y; Zr; Nb; Ba; La; Ce; Pr; Nd; Sm; Eu; Gd; Tb; Dy; Ho; Er; Tm; Yb; Lu; Hf; Ta; Ga; A/CNK; A/NK; Fe*; K2O/Na2O; Zr/Hf; Eu/Eu*; (La/Yb)N,20260992,20260992,0
R0558,2,validation,GG0038,RCB0030,S,True,A2CFC6311C185EAA2F17BA13E733D522713F64F2850C50F6EEF6E4CE1F592221,,0.025,40,SiO2; TiO2; Al2O3; Fe2O3; FeO; MnO; MgO; CaO; Na2O; K2O; P2O5; Rb; Y; Zr; Nb; Ba; La; Ce; Pr; Nd; Sm; Eu; Gd; Tb; Dy; Ho; Er; Tm; Yb; Lu; Hf; Ta; Ga; A/CNK; A/NK; Fe*; K2O/Na2O; Zr/Hf; Eu/Eu*; (La/Yb)N,20260992,20260992,0
R0559,2,validation,GG0038,RCB0030,S,True,A2CFC6311C185EAA2F17BA13E733D522713F64F2850C50F6EEF6E4CE1F592221,,0.025,40,SiO2; TiO2; Al2O3; Fe2O3; FeO; MnO; MgO; CaO; Na2O; K2O; P2O5; Rb; Y; Zr; Nb; Ba; La; Ce; Pr; Nd; Sm; Eu; Gd; Tb; Dy; Ho; Er; Tm; Yb; Lu; Hf; Ta; Ga; A/CNK; A/NK; Fe*; K2O/Na2O; Zr/Hf; Eu/Eu*; (La/Yb)N,20260992,20260992,0
R0560,2,validation,GG0038,RCB0030,S,True,A2CFC6311C185EAA2F17BA13E733D522713F64F2850C50F6EEF6E4CE1F592221,,0.025,40,SiO2; TiO2; Al2O3; Fe2O3; FeO; MnO; MgO; CaO; Na2O; K2O; P2O5; Rb; Y; Zr; Nb; Ba; La; Ce; Pr; Nd; Sm; Eu; Gd; Tb; Dy; Ho; Er; Tm; Yb; Lu; Hf; Ta; Ga; A/CNK; A/NK; Fe*; K2O/Na2O; Zr/Hf; Eu/Eu*; (La/Yb)N,20260992,20260992,0
R0561,2,validation,GG0038,RCB0030,S,True,A2CFC6311C185EAA2F17BA13E733D522713F64F2850C50F6EEF6E4CE1F592221,,0.025,40,SiO2; TiO2; Al2O3; Fe2O3; FeO; MnO; MgO; CaO; Na2O; K2O; P2O5; Rb; Y; Zr; Nb; Ba; La; Ce; Pr; Nd; Sm; Eu; Gd; Tb; Dy; Ho; Er; Tm; Yb; Lu; Hf; Ta; Ga; A/CNK; A/NK; Fe*; K2O/Na2O; Zr/Hf; Eu/Eu*; (La/Yb)N,20260992,20260992,0
R0562,2,validation,GG0038,RCB0030,S,True,A2CFC6311C185EAA2F17BA13E733D522713F64F2850C50F6EEF6E4CE1F592221,,0.025,40,SiO2; TiO2; Al2O3; Fe2O3; FeO; MnO; MgO; CaO; Na2O; K2O; P2O5; Rb; Y; Zr; Nb; Ba; La; Ce; Pr; Nd; Sm; Eu; Gd; Tb; Dy; Ho; Er; Tm; Yb; Lu; Hf; Ta; Ga; A/CNK; A/NK; Fe*; K2O/Na2O; Zr/Hf; Eu/Eu*; (La/Yb)N,20260992,20260992,0
R0563,2,validation,GG0038,RCB0030,S,True,A2CFC6311C185EAA2F17BA13E733D522713F64F2850C50F6EEF6E4CE1F592221,,0.025,40,SiO2; TiO2; Al2O3; Fe2O3; FeO; MnO; MgO; CaO; Na2O; K2O; P2O5; Rb; Y; Zr; Nb; Ba; La; Ce; Pr; Nd; Sm; Eu; Gd; Tb; Dy; Ho; Er; Tm; Yb; Lu; Hf; Ta; Ga; A/CNK; A/NK; Fe*; K2O/Na2O; Zr/Hf; Eu/Eu*; (La/Yb)N,20260992,20260992,0
R0564,2,validation,GG0038,RCB0030,S,True,A2CFC6311C185EAA2F17BA13E733D522713F64F2850C50F6EEF6E4CE1F592221,,0.025,40,SiO2; TiO2; Al2O3; Fe2O3; FeO; MnO; MgO; CaO; Na2O; K2O; P2O5; Rb; Y; Zr; Nb; Ba; La; Ce; Pr; Nd; Sm; Eu; Gd; Tb; Dy; Ho; Er; Tm; Yb; Lu; Hf; Ta; Ga; A/CNK; A/NK; Fe*; K2O/Na2O; Zr/Hf; Eu/Eu*; (La/Yb)N,20260992,20260992,0
R0565,2,validation,GG0038,RCB0030,S,True,A2CFC6311C185EAA2F17BA13E733D522713F64F2850C50F6EEF6E4CE1F592221,,0.025,40,SiO2; TiO2; Al2O3; Fe2O3; FeO; MnO; MgO; CaO; Na2O; K2O; P2O5; Rb; Y; Zr; Nb; Ba; La; Ce; Pr; Nd; Sm; Eu; Gd; Tb; Dy; Ho; Er; Tm; Yb; Lu; Hf; Ta; Ga; A/CNK; A/NK; Fe*; K2O/Na2O; Zr/Hf; Eu/Eu*; (La/Yb)N,20260992,20260992,0
R0566,2,validation,GG0038,RCB0030,S,True,A2CFC6311C185EAA2F17BA13E733D522713F64F2850C50F6EEF6E4CE1F592221,,0.025,40,SiO2; TiO2; Al2O3; Fe2O3; FeO; MnO; MgO; CaO; Na2O; K2O; P2O5; Rb; Y; Zr; Nb; Ba; La; Ce; Pr; Nd; Sm; Eu; Gd; Tb; Dy; Ho; Er; Tm; Yb; Lu; Hf; Ta; Ga; A/CNK; A/NK; Fe*; K2O/Na2O; Zr/Hf; Eu/Eu*; (La/Yb)N,20260992,20260992,0
R0567,2,validation,GG0038,RCB0030,S,True,A2CFC6311C185EAA2F17BA13E733D522713F64F2850C50F6EEF6E4CE1F592221,,0.025,40,SiO2; TiO2; Al2O3; Fe2O3; FeO; MnO; MgO; CaO; Na2O; K2O; P2O5; Rb; Y; Zr; Nb; Ba; La; Ce; Pr; Nd; Sm; Eu; Gd; Tb; Dy; Ho; Er; Tm; Yb; Lu; Hf; Ta; Ga; A/CNK; A/NK; Fe*; K2O/Na2O; Zr/Hf; Eu/Eu*; (La/Yb)N,20260992,20260992,0
R0568,2,validation,GG0038,RCB0030,S,True,A2CFC6311C185EAA2F17BA13E733D522713F64F2850C50F6EEF6E4CE1F592221,,0.025,40,SiO2; TiO2; Al2O3; Fe2O3; FeO; MnO; MgO; CaO; Na2O; K2O; P2O5; Rb; Y; Zr; Nb; Ba; La; Ce; Pr; Nd; Sm; Eu; Gd; Tb; Dy; Ho; Er; Tm; Yb; Lu; Hf; Ta; Ga; A/CNK; A/NK; Fe*; K2O/Na2O; Zr/Hf; Eu/Eu*; (La/Yb)N,20260992,20260992,0
R0569,2,validation,GG0038,RCB0030,S,True,A2CFC6311C185EAA2F17BA13E733D522713F64F2850C50F6EEF6E4CE1F592221,,0.025,40,SiO2; TiO2; Al2O3; Fe2O3; FeO; MnO; MgO; CaO; Na2O; K2O; P2O5; Rb; Y; Zr; Nb; Ba; La; Ce; Pr; Nd; Sm; Eu; Gd; Tb; Dy; Ho; Er; Tm; Yb; Lu; Hf; Ta; Ga; A/CNK; A/NK; Fe*; K2O/Na2O; Zr/Hf; Eu/Eu*; (La/Yb)N,20260992,20260992,0
R0570,2,validation,GG0038,RCB0030,S,True,A2CFC6311C185EAA2F17BA13E733D522713F64F2850C50F6EEF6E4CE1F592221,,0.025,40,SiO2; TiO2; Al2O3; Fe2O3; FeO; MnO; MgO; CaO; Na2O; K2O; P2O5; Rb; Y; Zr; Nb; Ba; La; Ce; Pr; Nd; Sm; Eu; Gd; Tb; Dy; Ho; Er; Tm; Yb; Lu; Hf; Ta; Ga; A/CNK; A/NK; Fe*; K2O/Na2O; Zr/Hf; Eu/Eu*; (La/Yb)N,20260992,20260992,0
R0571,2,validation,GG0038,RCB0030,S,True,A2CFC6311C185EAA2F17BA13E733D522713F64F2850C50F6EEF6E4CE1F592221,,0.025,40,SiO2; TiO2; Al2O3; Fe2O3; FeO; MnO; MgO; CaO; Na2O; K2O; P2O5; Rb; Y; Zr; Nb; Ba; La; Ce; Pr; Nd; Sm; Eu; Gd; Tb; Dy; Ho; Er; Tm; Yb; Lu; Hf; Ta; Ga; A/CNK; A/NK; Fe*; K2O/Na2O; Zr/Hf; Eu/Eu*; (La/Yb)N,20260992,20260992,0
R0572,2,validation,GG0038,RCB0030,S,True,A2CFC6311C185EAA2F17BA13E733D522713F64F2850C50F6EEF6E4CE1F592221,,0.025,40,SiO2; TiO2; Al2O3; Fe2O3; FeO; MnO; MgO; CaO; Na2O; K2O; P2O5; Rb; Y; Zr; Nb; Ba; La; Ce; Pr; Nd; Sm; Eu; Gd; Tb; Dy; Ho; Er; Tm; Yb; Lu; Hf; Ta; Ga; A/CNK; A/NK; Fe*; K2O/Na2O; Zr/Hf; Eu/Eu*; (La/Yb)N,20260992,20260992,0
R0573,2,validation,GG0038,RCB0030,S,True,A2CFC6311C185EAA2F17BA13E733D522713F64F2850C50F6EEF6E4CE1F592221,,0.025,40,SiO2; TiO2; Al2O3; Fe2O3; FeO; MnO; MgO; CaO; Na2O; K2O; P2O5; Rb; Y; Zr; Nb; Ba; La; Ce; Pr; Nd; Sm; Eu; Gd; Tb; Dy; Ho; Er; Tm; Yb; Lu; Hf; Ta; Ga; A/CNK; A/NK; Fe*; K2O/Na2O; Zr/Hf; Eu/Eu*; (La/Yb)N,20260992,20260992,0
R0574,2,validation,GG0038,RCB0030,S,True,A2CFC6311C185EAA2F17BA13E733D522713F64F2850C50F6EEF6E4CE1F592221,,0.025,40,SiO2; TiO2; Al2O3; Fe2O3; FeO; MnO; MgO; CaO; Na2O; K2O; P2O5; Rb; Y; Zr; Nb; Ba; La; Ce; Pr; Nd; Sm; Eu; Gd; Tb; Dy; Ho; Er; Tm; Yb; Lu; Hf; Ta; Ga; A/CNK; A/NK; Fe*; K2O/Na2O; Zr/Hf; Eu/Eu*; (La/Yb)N,20260992,20260992,0
R0575,2,validation,GG0038,RCB0030,S,True,A2CFC6311C185EAA2F17BA13E733D522713F64F2850C50F6EEF6E4CE1F592221,,0.025,40,SiO2; TiO2; Al2O3; Fe2O3; FeO; MnO; MgO; CaO; Na2O; K2O; P2O5; Rb; Y; Zr; Nb; Ba; La; Ce; Pr; Nd; Sm; Eu; Gd; Tb; Dy; Ho; Er; Tm; Yb; Lu; Hf; Ta; Ga; A/CNK; A/NK; Fe*; K2O/Na2O; Zr/Hf; Eu/Eu*; (La/Yb)N,20260992,20260992,0
R0576,2,validation,GG0038,RCB0030,S,True,A2CFC6311C185EAA2F17BA13E733D522713F64F2850C50F6EEF6E4CE1F592221,,0.025,40,SiO2; TiO2; Al2O3; Fe2O3; FeO; MnO; MgO; CaO; Na2O; K2O; P2O5; Rb; Y; Zr; Nb; Ba; La; Ce; Pr; Nd; Sm; Eu; Gd; Tb; Dy; Ho; Er; Tm; Yb; Lu; Hf; Ta; Ga; A/CNK; A/NK; Fe*; K2O/Na2O; Zr/Hf; Eu/Eu*; (La/Yb)N,20260992,20260992,0
R0577,2,validation,GG0038,RCB0030,S,True,A2CFC6311C185EAA2F17BA13E733D522713F64F2850C50F6EEF6E4CE1F592221,,0.025,40,SiO2; TiO2; Al2O3; Fe2O3; FeO; MnO; MgO; CaO; Na2O; K2O; P2O5; Rb; Y; Zr; Nb; Ba; La; Ce; Pr; Nd; Sm; Eu; Gd; Tb; Dy; Ho; Er; Tm; Yb; Lu; Hf; Ta; Ga; A/CNK; A/NK; Fe*; K2O/Na2O; Zr/Hf; Eu/Eu*; (La/Yb)N,20260992,20260992,0
R0578,2,validation,GG0038,RCB0030,S,True,A2CFC6311C185EAA2F17BA13E733D522713F64F2850C50F6EEF6E4CE1F592221,,0.075,40,SiO2; TiO2; Al2O3; Fe2O3; FeO; MnO; MgO; CaO; Na2O; K2O; P2O5; Rb; Y; Zr; Nb; Ba; La; Ce; Pr; Nd; Sm; Eu; Gd; Tb; Dy; Ho; Er; Tm; Yb; Lu; Hf; Ta; Ga; A/CNK; A/NK; Fe*; K2O/Na2O; Zr/Hf; Eu/Eu*; (La/Yb)N,20260992,20260992,0
R0579,2,validation,GG0038,RCB0030,S,True,A2CFC6311C185EAA2F17BA13E733D522713F64F2850C50F6EEF6E4CE1F592221,,0.075,40,SiO2; TiO2; Al2O3; Fe2O3; FeO; MnO; MgO; CaO; Na2O; K2O; P2O5; Rb; Y; Zr; Nb; Ba; La; Ce; Pr; Nd; Sm; Eu; Gd; Tb; Dy; Ho; Er; Tm; Yb; Lu; Hf; Ta; Ga; A/CNK; A/NK; Fe*; K2O/Na2O; Zr/Hf; Eu/Eu*; (La/Yb)N,20260992,20260992,0
R0580,2,validation,GG0038,RCB0030,S,True,A2CFC6311C185EAA2F17BA13E733D522713F64F2850C50F6EEF6E4CE1F592221,,0.075,40,SiO2; TiO2; Al2O3; Fe2O3; FeO; MnO; MgO; CaO; Na2O; K2O; P2O5; Rb; Y; Zr; Nb; Ba; La; Ce; Pr; Nd; Sm; Eu; Gd; Tb; Dy; Ho; Er; Tm; Yb; Lu; Hf; Ta; Ga; A/CNK; A/NK; Fe*; K2O/Na2O; Zr/Hf; Eu/Eu*; (La/Yb)N,20260992,20260992,0
R0581,2,validation,GG0038,RCB0030,S,True,A2CFC6311C185EAA2F17BA13E733D522713F64F2850C50F6EEF6E4CE1F592221,,0.075,40,SiO2; TiO2; Al2O3; Fe2O3; FeO; MnO; MgO; CaO; Na2O; K2O; P2O5; Rb; Y; Zr; Nb; Ba; La; Ce; Pr; Nd; Sm; Eu; Gd; Tb; Dy; Ho; Er; Tm; Yb; Lu; Hf; Ta; Ga; A/CNK; A/NK; Fe*; K2O/Na2O; Zr/Hf; Eu/Eu*; (La/Yb)N,20260992,20260992,0
R0582,2,validation,GG0038,RCB0030,S,True,A2CFC6311C185EAA2F17BA13E733D522713F64F2850C50F6EEF6E4CE1F592221,,0.075,40,SiO2; TiO2; Al2O3; Fe2O3; FeO; MnO; MgO; CaO; Na2O; K2O; P2O5; Rb; Y; Zr; Nb; Ba; La; Ce; Pr; Nd; Sm; Eu; Gd; Tb; Dy; Ho; Er; Tm; Yb; Lu; Hf; Ta; Ga; A/CNK; A/NK; Fe*; K2O/Na2O; Zr/Hf; Eu/Eu*; (La/Yb)N,20260992,20260992,0
R0583,2,validation,GG0038,RCB0030,S,True,A2CFC6311C185EAA2F17BA13E733D522713F64F2850C50F6EEF6E4CE1F592221,,0.075,40,SiO2; TiO2; Al2O3; Fe2O3; FeO; MnO; MgO; CaO; Na2O; K2O; P2O5; Rb; Y; Zr; Nb; Ba; La; Ce; Pr; Nd; Sm; Eu; Gd; Tb; Dy; Ho; Er; Tm; Yb; Lu; Hf; Ta; Ga; A/CNK; A/NK; Fe*; K2O/Na2O; Zr/Hf; Eu/Eu*; (La/Yb)N,20260992,20260992,0
R0584,2,validation,GG0038,RCB0030,S,True,A2CFC6311C185EAA2F17BA13E733D522713F64F2850C50F6EEF6E4CE1F592221,,0.075,40,SiO2; TiO2; Al2O3; Fe2O3; FeO; MnO; MgO; CaO; Na2O; K2O; P2O5; Rb; Y; Zr; Nb; Ba; La; Ce; Pr; Nd; Sm; Eu; Gd; Tb; Dy; Ho; Er; Tm; Yb; Lu; Hf; Ta; Ga; A/CNK; A/NK; Fe*; K2O/Na2O; Zr/Hf; Eu/Eu*; (La/Yb)N,20260992,20260992,0
R0585,2,validation,GG0038,RCB0030,S,True,A2CFC6311C185EAA2F17BA13E733D522713F64F2850C50F6EEF6E4CE1F592221,,0.075,40,SiO2; TiO2; Al2O3; Fe2O3; FeO; MnO; MgO; CaO; Na2O; K2O; P2O5; Rb; Y; Zr; Nb; Ba; La; Ce; Pr; Nd; Sm; Eu; Gd; Tb; Dy; Ho; Er; Tm; Yb; Lu; Hf; Ta; Ga; A/CNK; A/NK; Fe*; K2O/Na2O; Zr/Hf; Eu/Eu*; (La/Yb)N,20260992,20260992,0
R0586,2,validation,GG0038,RCB0030,S,True,A2CFC6311C185EAA2F17BA13E733D522713F64F2850C50F6EEF6E4CE1F592221,,0.075,40,SiO2; TiO2; Al2O3; Fe2O3; FeO; MnO; MgO; CaO; Na2O; K2O; P2O5; Rb; Y; Zr; Nb; Ba; La; Ce; Pr; Nd; Sm; Eu; Gd; Tb; Dy; Ho; Er; Tm; Yb; Lu; Hf; Ta; Ga; A/CNK; A/NK; Fe*; K2O/Na2O; Zr/Hf; Eu/Eu*; (La/Yb)N,20260992,20260992,0
R0587,2,validation,GG0038,RCB0030,S,True,A2CFC6311C185EAA2F17BA13E733D522713F64F2850C50F6EEF6E4CE1F592221,,0.075,40,SiO2; TiO2; Al2O3; Fe2O3; FeO; MnO; MgO; CaO; Na2O; K2O; P2O5; Rb; Y; Zr; Nb; Ba; La; Ce; Pr; Nd; Sm; Eu; Gd; Tb; Dy; Ho; Er; Tm; Yb; Lu; Hf; Ta; Ga; A/CNK; A/NK; Fe*; K2O/Na2O; Zr/Hf; Eu/Eu*; (La/Yb)N,20260992,20260992,0
R0588,2,validation,GG0038,RCB0030,S,True,A2CFC6311C185EAA2F17BA13E733D522713F64F2850C50F6EEF6E4CE1F592221,,0.075,40,SiO2; TiO2; Al2O3; Fe2O3; FeO; MnO; MgO; CaO; Na2O; K2O; P2O5; Rb; Y; Zr; Nb; Ba; La; Ce; Pr; Nd; Sm; Eu; Gd; Tb; Dy; Ho; Er; Tm; Yb; Lu; Hf; Ta; Ga; A/CNK; A/NK; Fe*; K2O/Na2O; Zr/Hf; Eu/Eu*; (La/Yb)N,20260992,20260992,0
R0589,2,validation,GG0038,RCB0030,S,True,A2CFC6311C185EAA2F17BA13E733D522713F64F2850C50F6EEF6E4CE1F592221,,0.075,40,SiO2; TiO2; Al2O3; Fe2O3; FeO; MnO; MgO; CaO; Na2O; K2O; P2O5; Rb; Y; Zr; Nb; Ba; La; Ce; Pr; Nd; Sm; Eu; Gd; Tb; Dy; Ho; Er; Tm; Yb; Lu; Hf; Ta; Ga; A/CNK; A/NK; Fe*; K2O/Na2O; Zr/Hf; Eu/Eu*; (La/Yb)N,20260992,20260992,0
R0590,2,validation,GG0038,RCB0030,S,True,A2CFC6311C185EAA2F17BA13E733D522713F64F2850C50F6EEF6E4CE1F592221,,0.075,40,SiO2; TiO2; Al2O3; Fe2O3; FeO; MnO; MgO; CaO; Na2O; K2O; P2O5; Rb; Y; Zr; Nb; Ba; La; Ce; Pr; Nd; Sm; Eu; Gd; Tb; Dy; Ho; Er; Tm; Yb; Lu; Hf; Ta; Ga; A/CNK; A/NK; Fe*; K2O/Na2O; Zr/Hf; Eu/Eu*; (La/Yb)N,20260992,20260992,0
R0591,2,validation,GG0038,RCB0030,S,True,A2CFC6311C185EAA2F17BA13E733D522713F64F2850C50F6EEF6E4CE1F592221,,0.075,40,SiO2; TiO2; Al2O3; Fe2O3; FeO; MnO; MgO; CaO; Na2O; K2O; P2O5; Rb; Y; Zr; Nb; Ba; La; Ce; Pr; Nd; Sm; Eu; Gd; Tb; Dy; Ho; Er; Tm; Yb; Lu; Hf; Ta; Ga; A/CNK; A/NK; Fe*; K2O/Na2O; Zr/Hf; Eu/Eu*; (La/Yb)N,20260992,20260992,0
R0592,2,validation,GG0038,RCB0030,S,True,A2CFC6311C185EAA2F17BA13E733D522713F64F2850C50F6EEF6E4CE1F592221,,0.075,40,SiO2; TiO2; Al2O3; Fe2O3; FeO; MnO; MgO; CaO; Na2O; K2O; P2O5; Rb; Y; Zr; Nb; Ba; La; Ce; Pr; Nd; Sm; Eu; Gd; Tb; Dy; Ho; Er; Tm; Yb; Lu; Hf; Ta; Ga; A/CNK; A/NK; Fe*; K2O/Na2O; Zr/Hf; Eu/Eu*; (La/Yb)N,20260992,20260992,0
R0593,2,validation,GG0038,RCB0030,S,True,A2CFC6311C185EAA2F17BA13E733D522713F64F2850C50F6EEF6E4CE1F592221,,0.075,40,SiO2; TiO2; Al2O3; Fe2O3; FeO; MnO; MgO; CaO; Na2O; K2O; P2O5; Rb; Y; Zr; Nb; Ba; La; Ce; Pr; Nd; Sm; Eu; Gd; Tb; Dy; Ho; Er; Tm; Yb; Lu; Hf; Ta; Ga; A/CNK; A/NK; Fe*; K2O/Na2O; Zr/Hf; Eu/Eu*; (La/Yb)N,20260992,20260992,0
R0594,2,validation,GG0038,RCB0030,S,True,A2CFC6311C185EAA2F17BA13E733D522713F64F2850C50F6EEF6E4CE1F592221,,0.075,40,SiO2; TiO2; Al2O3; Fe2O3; FeO; MnO; MgO; CaO; Na2O; K2O; P2O5; Rb; Y; Zr; Nb; Ba; La; Ce; Pr; Nd; Sm; Eu; Gd; Tb; Dy; Ho; Er; Tm; Yb; Lu; Hf; Ta; Ga; A/CNK; A/NK; Fe*; K2O/Na2O; Zr/Hf; Eu/Eu*; (La/Yb)N,20260992,20260992,0
R0595,2,validation,GG0038,RCB0030,S,True,A2CFC6311C185EAA2F17BA13E733D522713F64F2850C50F6EEF6E4CE1F592221,,0.075,40,SiO2; TiO2; Al2O3; Fe2O3; FeO; MnO; MgO; CaO; Na2O; K2O; P2O5; Rb; Y; Zr; Nb; Ba; La; Ce; Pr; Nd; Sm; Eu; Gd; Tb; Dy; Ho; Er; Tm; Yb; Lu; Hf; Ta; Ga; A/CNK; A/NK; Fe*; K2O/Na2O; Zr/Hf; Eu/Eu*; (La/Yb)N,20260992,20260992,0
R0628,2,validation,GG0038,RCB0030,S,True,A2CFC6311C185EAA2F17BA13E733D522713F64F2850C50F6EEF6E4CE1F592221,,0.0,40,SiO2; TiO2; Al2O3; Fe2O3; FeO; MnO; MgO; CaO; Na2O; K2O; P2O5; Rb; Y; Zr; Nb; Ba; La; Ce; Pr; Nd; Sm; Eu; Gd; Tb; Dy; Ho; Er; Tm; Yb; Lu; Hf; Ta; Ga; A/CNK; A/NK; Fe*; K2O/Na2O; Zr/Hf; Eu/Eu*; (La/Yb)N,20260992,20260992,0
R0629,2,validation,GG0038,RCB0030,S,True,A2CFC6311C185EAA2F17BA13E733D522713F64F2850C50F6EEF6E4CE1F592221,,0.0,40,SiO2; TiO2; Al2O3; Fe2O3; FeO; MnO; MgO; CaO; Na2O; K2O; P2O5; Rb; Y; Zr; Nb; Ba; La; Ce; Pr; Nd; Sm; Eu; Gd; Tb; Dy; Ho; Er; Tm; Yb; Lu; Hf; Ta; Ga; A/CNK; A/NK; Fe*; K2O/Na2O; Zr/Hf; Eu/Eu*; (La/Yb)N,20260992,20260992,0
R0630,2,validation,GG0038,RCB0030,S,True,A2CFC6311C185EAA2F17BA13E733D522713F64F2850C50F6EEF6E4CE1F592221,,0.0,40,SiO2; TiO2; Al2O3; Fe2O3; FeO; MnO; MgO; CaO; Na2O; K2O; P2O5; Rb; Y; Zr; Nb; Ba; La; Ce; Pr; Nd; Sm; Eu; Gd; Tb; Dy; Ho; Er; Tm; Yb; Lu; Hf; Ta; Ga; A/CNK; A/NK; Fe*; K2O/Na2O; Zr/Hf; Eu/Eu*; (La/Yb)N,20260992,20260992,0
R0631,2,validation,GG0038,RCB0030,S,True,A2CFC6311C185EAA2F17BA13E733D522713F64F2850C50F6EEF6E4CE1F592221,,0.0,40,SiO2; TiO2; Al2O3; Fe2O3; FeO; MnO; MgO; CaO; Na2O; K2O; P2O5; Rb; Y; Zr; Nb; Ba; La; Ce; Pr; Nd; Sm; Eu; Gd; Tb; Dy; Ho; Er; Tm; Yb; Lu; Hf; Ta; Ga; A/CNK; A/NK; Fe*; K2O/Na2O; Zr/Hf; Eu/Eu*; (La/Yb)N,20260992,20260992,0
R0632,2,validation,GG0038,RCB0030,S,True,A2CFC6311C185EAA2F17BA13E733D522713F64F2850C50F6EEF6E4CE1F592221,,0.0,40,SiO2; TiO2; Al2O3; Fe2O3; FeO; MnO; MgO; CaO; Na2O; K2O; P2O5; Rb; Y; Zr; Nb; Ba; La; Ce; Pr; Nd; Sm; Eu; Gd; Tb; Dy; Ho; Er; Tm; Yb; Lu; Hf; Ta; Ga; A/CNK; A/NK; Fe*; K2O/Na2O; Zr/Hf; Eu/Eu*; (La/Yb)N,20260992,20260992,0
R0633,2,validation,GG0038,RCB0030,S,True,A2CFC6311C185EAA2F17BA13E733D522713F64F2850C50F6EEF6E4CE1F592221,,0.0,40,SiO2; TiO2; Al2O3; Fe2O3; FeO; MnO; MgO; CaO; Na2O; K2O; P2O5; Rb; Y; Zr; Nb; Ba; La; Ce; Pr; Nd; Sm; Eu; Gd; Tb; Dy; Ho; Er; Tm; Yb; Lu; Hf; Ta; Ga; A/CNK; A/NK; Fe*; K2O/Na2O; Zr/Hf; Eu/Eu*; (La/Yb)N,20260992,20260992,0
R0634,2,validation,GG0038,RCB0030,S,True,A2CFC6311C185EAA2F17BA13E733D522713F64F2850C50F6EEF6E4CE1F592221,,0.0,40,SiO2; TiO2; Al2O3; Fe2O3; FeO; MnO; MgO; CaO; Na2O; K2O; P2O5; Rb; Y; Zr; Nb; Ba; La; Ce; Pr; Nd; Sm; Eu; Gd; Tb; Dy; Ho; Er; Tm; Yb; Lu; Hf; Ta; Ga; A/CNK; A/NK; Fe*; K2O/Na2O; Zr/Hf; Eu/Eu*; (La/Yb)N,20260992,20260992,0
R0635,2,validation,GG0038,RCB0030,S,True,A2CFC6311C185EAA2F17BA13E733D522713F64F2850C50F6EEF6E4CE1F592221,,0.0,40,SiO2; TiO2; Al2O3; Fe2O3; FeO; MnO; MgO; CaO; Na2O; K2O; P2O5; Rb; Y; Zr; Nb; Ba; La; Ce; Pr; Nd; Sm; Eu; Gd; Tb; Dy; Ho; Er; Tm; Yb; Lu; Hf; Ta; Ga; A/CNK; A/NK; Fe*; K2O/Na2O; Zr/Hf; Eu/Eu*; (La/Yb)N,20260992,20260992,0
R0636,2,validation,GG0038,RCB0030,S,True,A2CFC6311C185EAA2F17BA13E733D522713F64F2850C50F6EEF6E4CE1F592221,,0.0,40,SiO2; TiO2; Al2O3; Fe2O3; FeO; MnO; MgO; CaO; Na2O; K2O; P2O5; Rb; Y; Zr; Nb; Ba; La; Ce; Pr; Nd; Sm; Eu; Gd; Tb; Dy; Ho; Er; Tm; Yb; Lu; Hf; Ta; Ga; A/CNK; A/NK; Fe*; K2O/Na2O; Zr/Hf; Eu/Eu*; (La/Yb)N,20260992,20260992,0
R0716,2,validation,GG0059,RCB0043,S,True,A2CFC6311C185EAA2F17BA13E733D522713F64F2850C50F6EEF6E4CE1F592221,,0.0,40,SiO2; TiO2; Al2O3; Fe2O3; FeO; MnO; MgO; CaO; Na2O; K2O; P2O5; Rb; Y; Zr; Nb; Ba; La; Ce; Pr; Nd; Sm; Eu; Gd; Tb; Dy; Ho; Er; Tm; Yb; Lu; Hf; Ta; Ga; A/CNK; A/NK; Fe*; K2O/Na2O; Zr/Hf; Eu/Eu*; (La/Yb)N,20260992,20260992,0
R0717,2,validation,GG0059,RCB0043,S,True,A2CFC6311C185EAA2F17BA13E733D522713F64F2850C50F6EEF6E4CE1F592221,,0.0,40,SiO2; TiO2; Al2O3; Fe2O3; FeO; MnO; MgO; CaO; Na2O; K2O; P2O5; Rb; Y; Zr; Nb; Ba; La; Ce; Pr; Nd; Sm; Eu; Gd; Tb; Dy; Ho; Er; Tm; Yb; Lu; Hf; Ta; Ga; A/CNK; A/NK; Fe*; K2O/Na2O; Zr/Hf; Eu/Eu*; (La/Yb)N,20260992,20260992,0
R0718,2,validation,GG0059,RCB0043,S,True,A2CFC6311C185EAA2F17BA13E733D522713F64F2850C50F6EEF6E4CE1F592221,,0.0,40,SiO2; TiO2; Al2O3; Fe2O3; FeO; MnO; MgO; CaO; Na2O; K2O; P2O5; Rb; Y; Zr; Nb; Ba; La; Ce; Pr; Nd; Sm; Eu; Gd; Tb; Dy; Ho; Er; Tm; Yb; Lu; Hf; Ta; Ga; A/CNK; A/NK; Fe*; K2O/Na2O; Zr/Hf; Eu/Eu*; (La/Yb)N,20260992,20260992,0
R0719,2,validation,GG0059,RCB0043,S,True,A2CFC6311C185EAA2F17BA13E733D522713F64F2850C50F6EEF6E4CE1F592221,,0.0,40,SiO2; TiO2; Al2O3; Fe2O3; FeO; MnO; MgO; CaO; Na2O; K2O; P2O5; Rb; Y; Zr; Nb; Ba; La; Ce; Pr; Nd; Sm; Eu; Gd; Tb; Dy; Ho; Er; Tm; Yb; Lu; Hf; Ta; Ga; A/CNK; A/NK; Fe*; K2O/Na2O; Zr/Hf; Eu/Eu*; (La/Yb)N,20260992,20260992,0
R0720,2,validation,GG0059,RCB0043,S,True,A2CFC6311C185EAA2F17BA13E733D522713F64F2850C50F6EEF6E4CE1F592221,,0.0,40,SiO2; TiO2; Al2O3; Fe2O3; FeO; MnO; MgO; CaO; Na2O; K2O; P2O5; Rb; Y; Zr; Nb; Ba; La; Ce; Pr; Nd; Sm; Eu; Gd; Tb; Dy; Ho; Er; Tm; Yb; Lu; Hf; Ta; Ga; A/CNK; A/NK; Fe*; K2O/Na2O; Zr/Hf; Eu/Eu*; (La/Yb)N,20260992,20260992,0
R0721,2,validation,GG0059,RCB0043,S,True,A2CFC6311C185EAA2F17BA13E733D522713F64F2850C50F6EEF6E4CE1F592221,,0.0,40,SiO2; TiO2; Al2O3; Fe2O3; FeO; MnO; MgO; CaO; Na2O; K2O; P2O5; Rb; Y; Zr; Nb; Ba; La; Ce; Pr; Nd; Sm; Eu; Gd; Tb; Dy; Ho; Er; Tm; Yb; Lu; Hf; Ta; Ga; A/CNK; A/NK; Fe*; K2O/Na2O; Zr/Hf; Eu/Eu*; (La/Yb)N,20260992,20260992,0
R0722,2,validation,GG0059,RCB0043,S,True,A2CFC6311C185EAA2F17BA13E733D522713F64F2850C50F6EEF6E4CE1F592221,,0.0,40,SiO2; TiO2; Al2O3; Fe2O3; FeO; MnO; MgO; CaO; Na2O; K2O; P2O5; Rb; Y; Zr; Nb; Ba; La; Ce; Pr; Nd; Sm; Eu; Gd; Tb; Dy; Ho; Er; Tm; Yb; Lu; Hf; Ta; Ga; A/CNK; A/NK; Fe*; K2O/Na2O; Zr/Hf; Eu/Eu*; (La/Yb)N,20260992,20260992,0
R0723,2,validation,GG0059,RCB0043,S,True,A2CFC6311C185EAA2F17BA13E733D522713F64F2850C50F6EEF6E4CE1F592221,,0.0,40,SiO2; TiO2; Al2O3; Fe2O3; FeO; MnO; MgO; CaO; Na2O; K2O; P2O5; Rb; Y; Zr; Nb; Ba; La; Ce; Pr; Nd; Sm; Eu; Gd; Tb; Dy; Ho; Er; Tm; Yb; Lu; Hf; Ta; Ga; A/CNK; A/NK; Fe*; K2O/Na2O; Zr/Hf; Eu/Eu*; (La/Yb)N,20260992,20260992,0
R0724,2,validation,GG0059,RCB0043,S,True,A2CFC6311C185EAA2F17BA13E733D522713F64F2850C50F6EEF6E4CE1F592221,,0.0,40,SiO2; TiO2; Al2O3; Fe2O3; FeO; MnO; MgO; CaO; Na2O; K2O; P2O5; Rb; Y; Zr; Nb; Ba; La; Ce; Pr; Nd; Sm; Eu; Gd; Tb; Dy; Ho; Er; Tm; Yb; Lu; Hf; Ta; Ga; A/CNK; A/NK; Fe*; K2O/Na2O; Zr/Hf; Eu/Eu*; (La/Yb)N,20260992,20260992,0
R0725,2,validation,GG0059,RCB0043,S,True,A2CFC6311C185EAA2F17BA13E733D522713F64F2850C50F6EEF6E4CE1F592221,,0.0,40,SiO2; TiO2; Al2O3; Fe2O3; FeO; MnO; MgO; CaO; Na2O; K2O; P2O5; Rb; Y; Zr; Nb; Ba; La; Ce; Pr; Nd; Sm; Eu; Gd; Tb; Dy; Ho; Er; Tm; Yb; Lu; Hf; Ta; Ga; A/CNK; A/NK; Fe*; K2O/Na2O; Zr/Hf; Eu/Eu*; (La/Yb)N,20260992,20260992,0
R0726,2,validation,GG0059,RCB0043,S,True,A2CFC6311C185EAA2F17BA13E733D522713F64F2850C50F6EEF6E4CE1F592221,,0.0,40,SiO2; TiO2; Al2O3; Fe2O3; FeO; MnO; MgO; CaO; Na2O; K2O; P2O5; Rb; Y; Zr; Nb; Ba; La; Ce; Pr; Nd; Sm; Eu; Gd; Tb; Dy; Ho; Er; Tm; Yb; Lu; Hf; Ta; Ga; A/CNK; A/NK; Fe*; K2O/Na2O; Zr/Hf; Eu/Eu*; (La/Yb)N,20260992,20260992,0
R0727,2,validation,GG0059,RCB0043,S,True,A2CFC6311C185EAA2F17BA13E733D522713F64F2850C50F6EEF6E4CE1F592221,,0.0,40,SiO2; TiO2; Al2O3; Fe2O3; FeO; MnO; MgO; CaO; Na2O; K2O; P2O5; Rb; Y; Zr; Nb; Ba; La; Ce; Pr; Nd; Sm; Eu; Gd; Tb; Dy; Ho; Er; Tm; Yb; Lu; Hf; Ta; Ga; A/CNK; A/NK; Fe*; K2O/Na2O; Zr/Hf; Eu/Eu*; (La/Yb)N,20260992,20260992,0
R0728,2,validation,GG0059,RCB0043,S,True,A2CFC6311C185EAA2F17BA13E733D522713F64F2850C50F6EEF6E4CE1F592221,,0.0,40,SiO2; TiO2; Al2O3; Fe2O3; FeO; MnO; MgO; CaO; Na2O; K2O; P2O5; Rb; Y; Zr; Nb; Ba; La; Ce; Pr; Nd; Sm; Eu; Gd; Tb; Dy; Ho; Er; Tm; Yb; Lu; Hf; Ta; Ga; A/CNK; A/NK; Fe*; K2O/Na2O; Zr/Hf; Eu/Eu*; (La/Yb)N,20260992,20260992,0
R0729,2,validation,GG0059,RCB0043,S,True,A2CFC6311C185EAA2F17BA13E733D522713F64F2850C50F6EEF6E4CE1F592221,,0.0,40,SiO2; TiO2; Al2O3; Fe2O3; FeO; MnO; MgO; CaO; Na2O; K2O; P2O5; Rb; Y; Zr; Nb; Ba; La; Ce; Pr; Nd; Sm; Eu; Gd; Tb; Dy; Ho; Er; Tm; Yb; Lu; Hf; Ta; Ga; A/CNK; A/NK; Fe*; K2O/Na2O; Zr/Hf; Eu/Eu*; (La/Yb)N,20260992,20260992,0
R0730,2,validation,GG0059,RCB0043,S,True,A2CFC6311C185EAA2F17BA13E733D522713F64F2850C50F6EEF6E4CE1F592221,,0.0,40,SiO2; TiO2; Al2O3; Fe2O3; FeO; MnO; MgO; CaO; Na2O; K2O; P2O5; Rb; Y; Zr; Nb; Ba; La; Ce; Pr; Nd; Sm; Eu; Gd; Tb; Dy; Ho; Er; Tm; Yb; Lu; Hf; Ta; Ga; A/CNK; A/NK; Fe*; K2O/Na2O; Zr/Hf; Eu/Eu*; (La/Yb)N,20260992,20260992,0
R0965,2,validation,GG0041,RCB0033,S,True,A2CFC6311C185EAA2F17BA13E733D522713F64F2850C50F6EEF6E4CE1F592221,,0.0,40,SiO2; TiO2; Al2O3; Fe2O3; FeO; MnO; MgO; CaO; Na2O; K2O; P2O5; Rb; Y; Zr; Nb; Ba; La; Ce; Pr; Nd; Sm; Eu; Gd; Tb; Dy; Ho; Er; Tm; Yb; Lu; Hf; Ta; Ga; A/CNK; A/NK; Fe*; K2O/Na2O; Zr/Hf; Eu/Eu*; (La/Yb)N,20260992,20260992,0
R0966,2,validation,GG0041,RCB0033,S,True,A2CFC6311C185EAA2F17BA13E733D522713F64F2850C50F6EEF6E4CE1F592221,,0.0,40,SiO2; TiO2; Al2O3; Fe2O3; FeO; MnO; MgO; CaO; Na2O; K2O; P2O5; Rb; Y; Zr; Nb; Ba; La; Ce; Pr; Nd; Sm; Eu; Gd; Tb; Dy; Ho; Er; Tm; Yb; Lu; Hf; Ta; Ga; A/CNK; A/NK; Fe*; K2O/Na2O; Zr/Hf; Eu/Eu*; (La/Yb)N,20260992,20260992,0
R0967,2,validation,GG0041,RCB0033,S,True,A2CFC6311C185EAA2F17BA13E733D522713F64F2850C50F6EEF6E4CE1F592221,,0.0,40,SiO2; TiO2; Al2O3; Fe2O3; FeO; MnO; MgO; CaO; Na2O; K2O; P2O5; Rb; Y; Zr; Nb; Ba; La; Ce; Pr; Nd; Sm; Eu; Gd; Tb; Dy; Ho; Er; Tm; Yb; Lu; Hf; Ta; Ga; A/CNK; A/NK; Fe*; K2O/Na2O; Zr/Hf; Eu/Eu*; (La/Yb)N,20260992,20260992,0
R0968,2,validation,GG0041,RCB0033,S,True,A2CFC6311C185EAA2F17BA13E733D522713F64F2850C50F6EEF6E4CE1F592221,,0.0,40,SiO2; TiO2; Al2O3; Fe2O3; FeO; MnO; MgO; CaO; Na2O; K2O; P2O5; Rb; Y; Zr; Nb; Ba; La; Ce; Pr; Nd; Sm; Eu; Gd; Tb; Dy; Ho; Er; Tm; Yb; Lu; Hf; Ta; Ga; A/CNK; A/NK; Fe*; K2O/Na2O; Zr/Hf; Eu/Eu*; (La/Yb)N,20260992,20260992,0
R0969,2,validation,GG0041,RCB0033,S,True,A2CFC6311C185EAA2F17BA13E733D522713F64F2850C50F6EEF6E4CE1F592221,,0.0,40,SiO2; TiO2; Al2O3; Fe2O3; FeO; MnO; MgO; CaO; Na2O; K2O; P2O5; Rb; Y; Zr; Nb; Ba; La; Ce; Pr; Nd; Sm; Eu; Gd; Tb; Dy; Ho; Er; Tm; Yb; Lu; Hf; Ta; Ga; A/CNK; A/NK; Fe*; K2O/Na2O; Zr/Hf; Eu/Eu*; (La/Yb)N,20260992,20260992,0
R0970,2,validation,GG0041,RCB0033,S,True,A2CFC6311C185EAA2F17BA13E733D522713F64F2850C50F6EEF6E4CE1F592221,,0.0,40,SiO2; TiO2; Al2O3; Fe2O3; FeO; MnO; MgO; CaO; Na2O; K2O; P2O5; Rb; Y; Zr; Nb; Ba; La; Ce; Pr; Nd; Sm; Eu; Gd; Tb; Dy; Ho; Er; Tm; Yb; Lu; Hf; Ta; Ga; A/CNK; A/NK; Fe*; K2O/Na2O; Zr/Hf; Eu/Eu*; (La/Yb)N,20260992,20260992,0
R0971,2,validation,GG0041,RCB0033,S,True,A2CFC6311C185EAA2F17BA13E733D522713F64F2850C50F6EEF6E4CE1F592221,,0.0,40,SiO2; TiO2; Al2O3; Fe2O3; FeO; MnO; MgO; CaO; Na2O; K2O; P2O5; Rb; Y; Zr; Nb; Ba; La; Ce; Pr; Nd; Sm; Eu; Gd; Tb; Dy; Ho; Er; Tm; Yb; Lu; Hf; Ta; Ga; A/CNK; A/NK; Fe*; K2O/Na2O; Zr/Hf; Eu/Eu*; (La/Yb)N,20260992,20260992,0
R0972,2,validation,GG0041,RCB0033,S,True,A2CFC6311C185EAA2F17BA13E733D522713F64F2850C50F6EEF6E4CE1F592221,,0.1,40,SiO2; TiO2; Al2O3; Fe2O3; FeO; MnO; MgO; CaO; Na2O; K2O; P2O5; Rb; Y; Zr; Nb; Ba; La; Ce; Pr; Nd; Sm; Eu; Gd; Tb; Dy; Ho; Er; Tm; Yb; Lu; Hf; Ta; Ga; A/CNK; A/NK; Fe*; K2O/Na2O; Zr/Hf; Eu/Eu*; (La/Yb)N,20260992,20260992,0
R0973,2,validation,GG0041,RCB0033,S,True,A2CFC6311C185EAA2F17BA13E733D522713F64F2850C50F6EEF6E4CE1F592221,,0.0,40,SiO2; TiO2; Al2O3; Fe2O3; FeO; MnO; MgO; CaO; Na2O; K2O; P2O5; Rb; Y; Zr; Nb; Ba; La; Ce; Pr; Nd; Sm; Eu; Gd; Tb; Dy; Ho; Er; Tm; Yb; Lu; Hf; Ta; Ga; A/CNK; A/NK; Fe*; K2O/Na2O; Zr/Hf; Eu/Eu*; (La/Yb)N,20260992,20260992,0
R0974,2,validation,GG0041,RCB0033,S,True,A2CFC6311C185EAA2F17BA13E733D522713F64F2850C50F6EEF6E4CE1F592221,,0.0,40,SiO2; TiO2; Al2O3; Fe2O3; FeO; MnO; MgO; CaO; Na2O; K2O; P2O5; Rb; Y; Zr; Nb; Ba; La; Ce; Pr; Nd; Sm; Eu; Gd; Tb; Dy; Ho; Er; Tm; Yb; Lu; Hf; Ta; Ga; A/CNK; A/NK; Fe*; K2O/Na2O; Zr/Hf; Eu/Eu*; (La/Yb)N,20260992,20260992,0
R0975,2,validation,GG0041,RCB0033,S,True,A2CFC6311C185EAA2F17BA13E733D522713F64F2850C50F6EEF6E4CE1F592221,,0.0,40,SiO2; TiO2; Al2O3; Fe2O3; FeO; MnO; MgO; CaO; Na2O; K2O; P2O5; Rb; Y; Zr; Nb; Ba; La; Ce; Pr; Nd; Sm; Eu; Gd; Tb; Dy; Ho; Er; Tm; Yb; Lu; Hf; Ta; Ga; A/CNK; A/NK; Fe*; K2O/Na2O; Zr/Hf; Eu/Eu*; (La/Yb)N,20260992,20260992,0
R0976,2,validation,GG0041,RCB0033,S,True,A2CFC6311C185EAA2F17BA13E733D522713F64F2850C50F6EEF6E4CE1F592221,,0.0,40,SiO2; TiO2; Al2O3; Fe2O3; FeO; MnO; MgO; CaO; Na2O; K2O; P2O5; Rb; Y; Zr; Nb; Ba; La; Ce; Pr; Nd; Sm; Eu; Gd; Tb; Dy; Ho; Er; Tm; Yb; Lu; Hf; Ta; Ga; A/CNK; A/NK; Fe*; K2O/Na2O; Zr/Hf; Eu/Eu*; (La/Yb)N,20260992,20260992,0
R0977,2,validation,GG0041,RCB0033,S,True,A2CFC6311C185EAA2F17BA13E733D522713F64F2850C50F6EEF6E4CE1F592221,,0.0,40,SiO2; TiO2; Al2O3; Fe2O3; FeO; MnO; MgO; CaO; Na2O; K2O; P2O5; Rb; Y; Zr; Nb; Ba; La; Ce; Pr; Nd; Sm; Eu; Gd; Tb; Dy; Ho; Er; Tm; Yb; Lu; Hf; Ta; Ga; A/CNK; A/NK; Fe*; K2O/Na2O; Zr/Hf; Eu/Eu*; (La/Yb)N,20260992,20260992,0
R0978,2,validation,GG0041,RCB0033,S,True,A2CFC6311C185EAA2F17BA13E733D522713F64F2850C50F6EEF6E4CE1F592221,,0.0,40,SiO2; TiO2; Al2O3; Fe2O3; FeO; MnO; MgO; CaO; Na2O; K2O; P2O5; Rb; Y; Zr; Nb; Ba; La; Ce; Pr; Nd; Sm; Eu; Gd; Tb; Dy; Ho; Er; Tm; Yb; Lu; Hf; Ta; Ga; A/CNK; A/NK; Fe*; K2O/Na2O; Zr/Hf; Eu/Eu*; (La/Yb)N,20260992,20260992,0
R0979,2,validation,GG0041,RCB0033,S,True,A2CFC6311C185EAA2F17BA13E733D522713F64F2850C50F6EEF6E4CE1F592221,,0.0,40,SiO2; TiO2; Al2O3; Fe2O3; FeO; MnO; MgO; CaO; Na2O; K2O; P2O5; Rb; Y; Zr; Nb; Ba; La; Ce; Pr; Nd; Sm; Eu; Gd; Tb; Dy; Ho; Er; Tm; Yb; Lu; Hf; Ta; Ga; A/CNK; A/NK; Fe*; K2O/Na2O; Zr/Hf; Eu/Eu*; (La/Yb)N,20260992,20260992,0
R0980,2,validation,GG0041,RCB0033,S,True,A2CFC6311C185EAA2F17BA13E733D522713F64F2850C50F6EEF6E4CE1F592221,,0.0,40,SiO2; TiO2; Al2O3; Fe2O3; FeO; MnO; MgO; CaO; Na2O; K2O; P2O5; Rb; Y; Zr; Nb; Ba; La; Ce; Pr; Nd; Sm; Eu; Gd; Tb; Dy; Ho; Er; Tm; Yb; Lu; Hf; Ta; Ga; A/CNK; A/NK; Fe*; K2O/Na2O; Zr/Hf; Eu/Eu*; (La/Yb)N,20260992,20260992,0
R0981,2,validation,GG0041,RCB0033,S,True,A2CFC6311C185EAA2F17BA13E733D522713F64F2850C50F6EEF6E4CE1F592221,,0.0,40,SiO2; TiO2; Al2O3; Fe2O3; FeO; MnO; MgO; CaO; Na2O; K2O; P2O5; Rb; Y; Zr; Nb; Ba; La; Ce; Pr; Nd; Sm; Eu; Gd; Tb; Dy; Ho; Er; Tm; Yb; Lu; Hf; Ta; Ga; A/CNK; A/NK; Fe*; K2O/Na2O; Zr/Hf; Eu/Eu*; (La/Yb)N,20260992,20260992,0
R0982,2,validation,GG0041,RCB0033,S,True,A2CFC6311C185EAA2F17BA13E733D522713F64F2850C50F6EEF6E4CE1F592221,,0.0,40,SiO2; TiO2; Al2O3; Fe2O3; FeO; MnO; MgO; CaO; Na2O; K2O; P2O5; Rb; Y; Zr; Nb; Ba; La; Ce; Pr; Nd; Sm; Eu; Gd; Tb; Dy; Ho; Er; Tm; Yb; Lu; Hf; Ta; Ga; A/CNK; A/NK; Fe*; K2O/Na2O; Zr/Hf; Eu/Eu*; (La/Yb)N,20260992,20260992,0
R0983,2,validation,GG0041,RCB0033,S,True,A2CFC6311C185EAA2F17BA13E733D522713F64F2850C50F6EEF6E4CE1F592221,,0.05,40,SiO2; TiO2; Al2O3; Fe2O3; FeO; MnO; MgO; CaO; Na2O; K2O; P2O5; Rb; Y; Zr; Nb; Ba; La; Ce; Pr; Nd; Sm; Eu; Gd; Tb; Dy; Ho; Er; Tm; Yb; Lu; Hf; Ta; Ga; A/CNK; A/NK; Fe*; K2O/Na2O; Zr/Hf; Eu/Eu*; (La/Yb)N,20260992,20260992,0
R0984,2,validation,GG0041,RCB0033,S,True,A2CFC6311C185EAA2F17BA13E733D522713F64F2850C50F6EEF6E4CE1F592221,,0.0,40,SiO2; TiO2; Al2O3; Fe2O3; FeO; MnO; MgO; CaO; Na2O; K2O; P2O5; Rb; Y; Zr; Nb; Ba; La; Ce; Pr; Nd; Sm; Eu; Gd; Tb; Dy; Ho; Er; Tm; Yb; Lu; Hf; Ta; Ga; A/CNK; A/NK; Fe*; K2O/Na2O; Zr/Hf; Eu/Eu*; (La/Yb)N,20260992,20260992,0
R0985,2,validation,GG0041,RCB0033,S,True,A2CFC6311C185EAA2F17BA13E733D522713F64F2850C50F6EEF6E4CE1F592221,,0.0,40,SiO2; TiO2; Al2O3; Fe2O3; FeO; MnO; MgO; CaO; Na2O; K2O; P2O5; Rb; Y; Zr; Nb; Ba; La; Ce; Pr; Nd; Sm; Eu; Gd; Tb; Dy; Ho; Er; Tm; Yb; Lu; Hf; Ta; Ga; A/CNK; A/NK; Fe*; K2O/Na2O; Zr/Hf; Eu/Eu*; (La/Yb)N,20260992,20260992,0
R1006,2,validation,GG0067,RCB0047,S,True,A2CFC6311C185EAA2F17BA13E733D522713F64F2850C50F6EEF6E4CE1F592221,,0.05,40,SiO2; TiO2; Al2O3; Fe2O3; FeO; MnO; MgO; CaO; Na2O; K2O; P2O5; Rb; Y; Zr; Nb; Ba; La; Ce; Pr; Nd; Sm; Eu; Gd; Tb; Dy; Ho; Er; Tm; Yb; Lu; Hf; Ta; Ga; A/CNK; A/NK; Fe*; K2O/Na2O; Zr/Hf; Eu/Eu*; (La/Yb)N,20260992,20260992,0
R1007,2,validation,GG0067,RCB0047,S,True,A2CFC6311C185EAA2F17BA13E733D522713F64F2850C50F6EEF6E4CE1F592221,,0.05,40,SiO2; TiO2; Al2O3; Fe2O3; FeO; MnO; MgO; CaO; Na2O; K2O; P2O5; Rb; Y; Zr; Nb; Ba; La; Ce; Pr; Nd; Sm; Eu; Gd; Tb; Dy; Ho; Er; Tm; Yb; Lu; Hf; Ta; Ga; A/CNK; A/NK; Fe*; K2O/Na2O; Zr/Hf; Eu/Eu*; (La/Yb)N,20260992,20260992,0
R1008,2,validation,GG0067,RCB0047,S,True,A2CFC6311C185EAA2F17BA13E733D522713F64F2850C50F6EEF6E4CE1F592221,,0.05,40,SiO2; TiO2; Al2O3; Fe2O3; FeO; MnO; MgO; CaO; Na2O; K2O; P2O5; Rb; Y; Zr; Nb; Ba; La; Ce; Pr; Nd; Sm; Eu; Gd; Tb; Dy; Ho; Er; Tm; Yb; Lu; Hf; Ta; Ga; A/CNK; A/NK; Fe*; K2O/Na2O; Zr/Hf; Eu/Eu*; (La/Yb)N,20260992,20260992,0
R1009,2,validation,GG0067,RCB0047,S,True,A2CFC6311C185EAA2F17BA13E733D522713F64F2850C50F6EEF6E4CE1F592221,,0.05,40,SiO2; TiO2; Al2O3; Fe2O3; FeO; MnO; MgO; CaO; Na2O; K2O; P2O5; Rb; Y; Zr; Nb; Ba; La; Ce; Pr; Nd; Sm; Eu; Gd; Tb; Dy; Ho; Er; Tm; Yb; Lu; Hf; Ta; Ga; A/CNK; A/NK; Fe*; K2O/Na2O; Zr/Hf; Eu/Eu*; (La/Yb)N,20260992,20260992,0
R1010,2,validation,GG0067,RCB0047,S,True,A2CFC6311C185EAA2F17BA13E733D522713F64F2850C50F6EEF6E4CE1F592221,,0.05,40,SiO2; TiO2; Al2O3; Fe2O3; FeO; MnO; MgO; CaO; Na2O; K2O; P2O5; Rb; Y; Zr; Nb; Ba; La; Ce; Pr; Nd; Sm; Eu; Gd; Tb; Dy; Ho; Er; Tm; Yb; Lu; Hf; Ta; Ga; A/CNK; A/NK; Fe*; K2O/Na2O; Zr/Hf; Eu/Eu*; (La/Yb)N,20260992,20260992,0
R1318,2,validation,GG0082,RCB0053,S,True,A2CFC6311C185EAA2F17BA13E733D522713F64F2850C50F6EEF6E4CE1F592221,,0.0,40,SiO2; TiO2; Al2O3; Fe2O3; FeO; MnO; MgO; CaO; Na2O; K2O; P2O5; Rb; Y; Zr; Nb; Ba; La; Ce; Pr; Nd; Sm; Eu; Gd; Tb; Dy; Ho; Er; Tm; Yb; Lu; Hf; Ta; Ga; A/CNK; A/NK; Fe*; K2O/Na2O; Zr/Hf; Eu/Eu*; (La/Yb)N,20260992,20260992,0
R1319,2,validation,GG0082,RCB0053,S,True,A2CFC6311C185EAA2F17BA13E733D522713F64F2850C50F6EEF6E4CE1F592221,,0.0,40,SiO2; TiO2; Al2O3; Fe2O3; FeO; MnO; MgO; CaO; Na2O; K2O; P2O5; Rb; Y; Zr; Nb; Ba; La; Ce; Pr; Nd; Sm; Eu; Gd; Tb; Dy; Ho; Er; Tm; Yb; Lu; Hf; Ta; Ga; A/CNK; A/NK; Fe*; K2O/Na2O; Zr/Hf; Eu/Eu*; (La/Yb)N,20260992,20260992,0
R1320,2,validation,GG0082,RCB0053,S,True,A2CFC6311C185EAA2F17BA13E733D522713F64F2850C50F6EEF6E4CE1F592221,,0.0,40,SiO2; TiO2; Al2O3; Fe2O3; FeO; MnO; MgO; CaO; Na2O; K2O; P2O5; Rb; Y; Zr; Nb; Ba; La; Ce; Pr; Nd; Sm; Eu; Gd; Tb; Dy; Ho; Er; Tm; Yb; Lu; Hf; Ta; Ga; A/CNK; A/NK; Fe*; K2O/Na2O; Zr/Hf; Eu/Eu*; (La/Yb)N,20260992,20260992,0
R1321,2,validation,GG0082,RCB0053,S,True,A2CFC6311C185EAA2F17BA13E733D522713F64F2850C50F6EEF6E4CE1F592221,,0.0,40,SiO2; TiO2; Al2O3; Fe2O3; FeO; MnO; MgO; CaO; Na2O; K2O; P2O5; Rb; Y; Zr; Nb; Ba; La; Ce; Pr; Nd; Sm; Eu; Gd; Tb; Dy; Ho; Er; Tm; Yb; Lu; Hf; Ta; Ga; A/CNK; A/NK; Fe*; K2O/Na2O; Zr/Hf; Eu/Eu*; (La/Yb)N,20260992,20260992,0
R1322,2,validation,GG0082,RCB0053,S,True,A2CFC6311C185EAA2F17BA13E733D522713F64F2850C50F6EEF6E4CE1F592221,,0.0,40,SiO2; TiO2; Al2O3; Fe2O3; FeO; MnO; MgO; CaO; Na2O; K2O; P2O5; Rb; Y; Zr; Nb; Ba; La; Ce; Pr; Nd; Sm; Eu; Gd; Tb; Dy; Ho; Er; Tm; Yb; Lu; Hf; Ta; Ga; A/CNK; A/NK; Fe*; K2O/Na2O; Zr/Hf; Eu/Eu*; (La/Yb)N,20260992,20260992,0
R1323,2,validation,GG0082,RCB0053,S,True,A2CFC6311C185EAA2F17BA13E733D522713F64F2850C50F6EEF6E4CE1F592221,,0.0,40,SiO2; TiO2; Al2O3; Fe2O3; FeO; MnO; MgO; CaO; Na2O; K2O; P2O5; Rb; Y; Zr; Nb; Ba; La; Ce; Pr; Nd; Sm; Eu; Gd; Tb; Dy; Ho; Er; Tm; Yb; Lu; Hf; Ta; Ga; A/CNK; A/NK; Fe*; K2O/Na2O; Zr/Hf; Eu/Eu*; (La/Yb)N,20260992,20260992,0
R1324,2,validation,GG0082,RCB0053,S,True,A2CFC6311C185EAA2F17BA13E733D522713F64F2850C50F6EEF6E4CE1F592221,,0.0,40,SiO2; TiO2; Al2O3; Fe2O3; FeO; MnO; MgO; CaO; Na2O; K2O; P2O5; Rb; Y; Zr; Nb; Ba; La; Ce; Pr; Nd; Sm; Eu; Gd; Tb; Dy; Ho; Er; Tm; Yb; Lu; Hf; Ta; Ga; A/CNK; A/NK; Fe*; K2O/Na2O; Zr/Hf; Eu/Eu*; (La/Yb)N,20260992,20260992,0
R1325,2,validation,GG0082,RCB0053,S,True,A2CFC6311C185EAA2F17BA13E733D522713F64F2850C50F6EEF6E4CE1F592221,,0.0,40,SiO2; TiO2; Al2O3; Fe2O3; FeO; MnO; MgO; CaO; Na2O; K2O; P2O5; Rb; Y; Zr; Nb; Ba; La; Ce; Pr; Nd; Sm; Eu; Gd; Tb; Dy; Ho; Er; Tm; Yb; Lu; Hf; Ta; Ga; A/CNK; A/NK; Fe*; K2O/Na2O; Zr/Hf; Eu/Eu*; (La/Yb)N,20260992,20260992,0
R1326,2,validation,GG0082,RCB0053,S,True,A2CFC6311C185EAA2F17BA13E733D522713F64F2850C50F6EEF6E4CE1F592221,,0.0,40,SiO2; TiO2; Al2O3; Fe2O3; FeO; MnO; MgO; CaO; Na2O; K2O; P2O5; Rb; Y; Zr; Nb; Ba; La; Ce; Pr; Nd; Sm; Eu; Gd; Tb; Dy; Ho; Er; Tm; Yb; Lu; Hf; Ta; Ga; A/CNK; A/NK; Fe*; K2O/Na2O; Zr/Hf; Eu/Eu*; (La/Yb)N,20260992,20260992,0
R1327,2,validation,GG0082,RCB0053,S,True,A2CFC6311C185EAA2F17BA13E733D522713F64F2850C50F6EEF6E4CE1F592221,,0.0,40,SiO2; TiO2; Al2O3; Fe2O3; FeO; MnO; MgO; CaO; Na2O; K2O; P2O5; Rb; Y; Zr; Nb; Ba; La; Ce; Pr; Nd; Sm; Eu; Gd; Tb; Dy; Ho; Er; Tm; Yb; Lu; Hf; Ta; Ga; A/CNK; A/NK; Fe*; K2O/Na2O; Zr/Hf; Eu/Eu*; (La/Yb)N,20260992,20260992,0
R1328,2,validation,GG0082,RCB0053,S,True,A2CFC6311C185EAA2F17BA13E733D522713F64F2850C50F6EEF6E4CE1F592221,,0.0,40,SiO2; TiO2; Al2O3; Fe2O3; FeO; MnO; MgO; CaO; Na2O; K2O; P2O5; Rb; Y; Zr; Nb; Ba; La; Ce; Pr; Nd; Sm; Eu; Gd; Tb; Dy; Ho; Er; Tm; Yb; Lu; Hf; Ta; Ga; A/CNK; A/NK; Fe*; K2O/Na2O; Zr/Hf; Eu/Eu*; (La/Yb)N,20260992,20260992,0
R1369,2,validation,GG0087,RCB0055,I,True,A2CFC6311C185EAA2F17BA13E733D522713F64F2850C50F6EEF6E4CE1F592221,,0.0,40,SiO2; TiO2; Al2O3; Fe2O3; FeO; MnO; MgO; CaO; Na2O; K2O; P2O5; Rb; Y; Zr; Nb; Ba; La; Ce; Pr; Nd; Sm; Eu; Gd; Tb; Dy; Ho; Er; Tm; Yb; Lu; Hf; Ta; Ga; A/CNK; A/NK; Fe*; K2O/Na2O; Zr/Hf; Eu/Eu*; (La/Yb)N,20260992,20260992,0
R1370,2,validation,GG0087,RCB0055,I,True,A2CFC6311C185EAA2F17BA13E733D522713F64F2850C50F6EEF6E4CE1F592221,,0.0,40,SiO2; TiO2; Al2O3; Fe2O3; FeO; MnO; MgO; CaO; Na2O; K2O; P2O5; Rb; Y; Zr; Nb; Ba; La; Ce; Pr; Nd; Sm; Eu; Gd; Tb; Dy; Ho; Er; Tm; Yb; Lu; Hf; Ta; Ga; A/CNK; A/NK; Fe*; K2O/Na2O; Zr/Hf; Eu/Eu*; (La/Yb)N,20260992,20260992,0
R1371,2,validation,GG0087,RCB0055,I,True,A2CFC6311C185EAA2F17BA13E733D522713F64F2850C50F6EEF6E4CE1F592221,,0.0,40,SiO2; TiO2; Al2O3; Fe2O3; FeO; MnO; MgO; CaO; Na2O; K2O; P2O5; Rb; Y; Zr; Nb; Ba; La; Ce; Pr; Nd; Sm; Eu; Gd; Tb; Dy; Ho; Er; Tm; Yb; Lu; Hf; Ta; Ga; A/CNK; A/NK; Fe*; K2O/Na2O; Zr/Hf; Eu/Eu*; (La/Yb)N,20260992,20260992,0
R1372,2,validation,GG0087,RCB0055,I,True,A2CFC6311C185EAA2F17BA13E733D522713F64F2850C50F6EEF6E4CE1F592221,,0.0,40,SiO2; TiO2; Al2O3; Fe2O3; FeO; MnO; MgO; CaO; Na2O; K2O; P2O5; Rb; Y; Zr; Nb; Ba; La; Ce; Pr; Nd; Sm; Eu; Gd; Tb; Dy; Ho; Er; Tm; Yb; Lu; Hf; Ta; Ga; A/CNK; A/NK; Fe*; K2O/Na2O; Zr/Hf; Eu/Eu*; (La/Yb)N,20260992,20260992,0
R1373,2,validation,GG0087,RCB0055,I,True,A2CFC6311C185EAA2F17BA13E733D522713F64F2850C50F6EEF6E4CE1F592221,,0.0,40,SiO2; TiO2; Al2O3; Fe2O3; FeO; MnO; MgO; CaO; Na2O; K2O; P2O5; Rb; Y; Zr; Nb; Ba; La; Ce; Pr; Nd; Sm; Eu; Gd; Tb; Dy; Ho; Er; Tm; Yb; Lu; Hf; Ta; Ga; A/CNK; A/NK; Fe*; K2O/Na2O; Zr/Hf; Eu/Eu*; (La/Yb)N,20260992,20260992,0
R1374,2,validation,GG0087,RCB0055,I,True,A2CFC6311C185EAA2F17BA13E733D522713F64F2850C50F6EEF6E4CE1F592221,,0.0,40,SiO2; TiO2; Al2O3; Fe2O3; FeO; MnO; MgO; CaO; Na2O; K2O; P2O5; Rb; Y; Zr; Nb; Ba; La; Ce; Pr; Nd; Sm; Eu; Gd; Tb; Dy; Ho; Er; Tm; Yb; Lu; Hf; Ta; Ga; A/CNK; A/NK; Fe*; K2O/Na2O; Zr/Hf; Eu/Eu*; (La/Yb)N,20260992,20260992,0
R1375,2,validation,GG0087,RCB0055,I,True,A2CFC6311C185EAA2F17BA13E733D522713F64F2850C50F6EEF6E4CE1F592221,,0.0,40,SiO2; TiO2; Al2O3; Fe2O3; FeO; MnO; MgO; CaO; Na2O; K2O; P2O5; Rb; Y; Zr; Nb; Ba; La; Ce; Pr; Nd; Sm; Eu; Gd; Tb; Dy; Ho; Er; Tm; Yb; Lu; Hf; Ta; Ga; A/CNK; A/NK; Fe*; K2O/Na2O; Zr/Hf; Eu/Eu*; (La/Yb)N,20260992,20260992,0
R1376,2,validation,GG0087,RCB0055,I,True,A2CFC6311C185EAA2F17BA13E733D522713F64F2850C50F6EEF6E4CE1F592221,,0.0,40,SiO2; TiO2; Al2O3; Fe2O3; FeO; MnO; MgO; CaO; Na2O; K2O; P2O5; Rb; Y; Zr; Nb; Ba; La; Ce; Pr; Nd; Sm; Eu; Gd; Tb; Dy; Ho; Er; Tm; Yb; Lu; Hf; Ta; Ga; A/CNK; A/NK; Fe*; K2O/Na2O; Zr/Hf; Eu/Eu*; (La/Yb)N,20260992,20260992,0
R1377,2,validation,GG0087,RCB0055,I,True,A2CFC6311C185EAA2F17BA13E733D522713F64F2850C50F6EEF6E4CE1F592221,,0.0,40,SiO2; TiO2; Al2O3; Fe2O3; FeO; MnO; MgO; CaO; Na2O; K2O; P2O5; Rb; Y; Zr; Nb; Ba; La; Ce; Pr; Nd; Sm; Eu; Gd; Tb; Dy; Ho; Er; Tm; Yb; Lu; Hf; Ta; Ga; A/CNK; A/NK; Fe*; K2O/Na2O; Zr/Hf; Eu/Eu*; (La/Yb)N,20260992,20260992,0
R1378,2,validation,GG0087,RCB0055,I,True,A2CFC6311C185EAA2F17BA13E733D522713F64F2850C50F6EEF6E4CE1F592221,,0.0,40,SiO2; TiO2; Al2O3; Fe2O3; FeO; MnO; MgO; CaO; Na2O; K2O; P2O5; Rb; Y; Zr; Nb; Ba; La; Ce; Pr; Nd; Sm; Eu; Gd; Tb; Dy; Ho; Er; Tm; Yb; Lu; Hf; Ta; Ga; A/CNK; A/NK; Fe*; K2O/Na2O; Zr/Hf; Eu/Eu*; (La/Yb)N,20260992,20260992,0
R1379,2,validation,GG0087,RCB0055,I,True,A2CFC6311C185EAA2F17BA13E733D522713F64F2850C50F6EEF6E4CE1F592221,,0.0,40,SiO2; TiO2; Al2O3; Fe2O3; FeO; MnO; MgO; CaO; Na2O; K2O; P2O5; Rb; Y; Zr; Nb; Ba; La; Ce; Pr; Nd; Sm; Eu; Gd; Tb; Dy; Ho; Er; Tm; Yb; Lu; Hf; Ta; Ga; A/CNK; A/NK; Fe*; K2O/Na2O; Zr/Hf; Eu/Eu*; (La/Yb)N,20260992,20260992,0
R1380,2,validation,GG0087,RCB0055,I,True,A2CFC6311C185EAA2F17BA13E733D522713F64F2850C50F6EEF6E4CE1F592221,,0.0,40,SiO2; TiO2; Al2O3; Fe2O3; FeO; MnO; MgO; CaO; Na2O; K2O; P2O5; Rb; Y; Zr; Nb; Ba; La; Ce; Pr; Nd; Sm; Eu; Gd; Tb; Dy; Ho; Er; Tm; Yb; Lu; Hf; Ta; Ga; A/CNK; A/NK; Fe*; K2O/Na2O; Zr/Hf; Eu/Eu*; (La/Yb)N,20260992,20260992,0
R1381,2,validation,GG0087,RCB0055,I,True,A2CFC6311C185EAA2F17BA13E733D522713F64F2850C50F6EEF6E4CE1F592221,,0.0,40,SiO2; TiO2; Al2O3; Fe2O3; FeO; MnO; MgO; CaO; Na2O; K2O; P2O5; Rb; Y; Zr; Nb; Ba; La; Ce; Pr; Nd; Sm; Eu; Gd; Tb; Dy; Ho; Er; Tm; Yb; Lu; Hf; Ta; Ga; A/CNK; A/NK; Fe*; K2O/Na2O; Zr/Hf; Eu/Eu*; (La/Yb)N,20260992,20260992,0
R1382,2,validation,GG0087,RCB0055,I,True,A2CFC6311C185EAA2F17BA13E733D522713F64F2850C50F6EEF6E4CE1F592221,,0.0,40,SiO2; TiO2; Al2O3; Fe2O3; FeO; MnO; MgO; CaO; Na2O; K2O; P2O5; Rb; Y; Zr; Nb; Ba; La; Ce; Pr; Nd; Sm; Eu; Gd; Tb; Dy; Ho; Er; Tm; Yb; Lu; Hf; Ta; Ga; A/CNK; A/NK; Fe*; K2O/Na2O; Zr/Hf; Eu/Eu*; (La/Yb)N,20260992,20260992,0
R1383,2,validation,GG0087,RCB0055,I,True,A2CFC6311C185EAA2F17BA13E733D522713F64F2850C50F6EEF6E4CE1F592221,,0.0,40,SiO2; TiO2; Al2O3; Fe2O3; FeO; MnO; MgO; CaO; Na2O; K2O; P2O5; Rb; Y; Zr; Nb; Ba; La; Ce; Pr; Nd; Sm; Eu; Gd; Tb; Dy; Ho; Er; Tm; Yb; Lu; Hf; Ta; Ga; A/CNK; A/NK; Fe*; K2O/Na2O; Zr/Hf; Eu/Eu*; (La/Yb)N,20260992,20260992,0
R1384,2,validation,GG0087,RCB0055,I,True,A2CFC6311C185EAA2F17BA13E733D522713F64F2850C50F6EEF6E4CE1F592221,,0.0,40,SiO2; TiO2; Al2O3; Fe2O3; FeO; MnO; MgO; CaO; Na2O; K2O; P2O5; Rb; Y; Zr; Nb; Ba; La; Ce; Pr; Nd; Sm; Eu; Gd; Tb; Dy; Ho; Er; Tm; Yb; Lu; Hf; Ta; Ga; A/CNK; A/NK; Fe*; K2O/Na2O; Zr/Hf; Eu/Eu*; (La/Yb)N,20260992,20260992,0
R1385,2,validation,GG0087,RCB0055,I,True,A2CFC6311C185EAA2F17BA13E733D522713F64F2850C50F6EEF6E4CE1F592221,,0.0,40,SiO2; TiO2; Al2O3; Fe2O3; FeO; MnO; MgO; CaO; Na2O; K2O; P2O5; Rb; Y; Zr; Nb; Ba; La; Ce; Pr; Nd; Sm; Eu; Gd; Tb; Dy; Ho; Er; Tm; Yb; Lu; Hf; Ta; Ga; A/CNK; A/NK; Fe*; K2O/Na2O; Zr/Hf; Eu/Eu*; (La/Yb)N,20260992,20260992,0
R1386,2,validation,GG0087,RCB0055,I,True,A2CFC6311C185EAA2F17BA13E733D522713F64F2850C50F6EEF6E4CE1F592221,,0.0,40,SiO2; TiO2; Al2O3; Fe2O3; FeO; MnO; MgO; CaO; Na2O; K2O; P2O5; Rb; Y; Zr; Nb; Ba; La; Ce; Pr; Nd; Sm; Eu; Gd; Tb; Dy; Ho; Er; Tm; Yb; Lu; Hf; Ta; Ga; A/CNK; A/NK; Fe*; K2O/Na2O; Zr/Hf; Eu/Eu*; (La/Yb)N,20260992,20260992,0
R1387,2,validation,GG0087,RCB0055,I,True,A2CFC6311C185EAA2F17BA13E733D522713F64F2850C50F6EEF6E4CE1F592221,,0.0,40,SiO2; TiO2; Al2O3; Fe2O3; FeO; MnO; MgO; CaO; Na2O; K2O; P2O5; Rb; Y; Zr; Nb; Ba; La; Ce; Pr; Nd; Sm; Eu; Gd; Tb; Dy; Ho; Er; Tm; Yb; Lu; Hf; Ta; Ga; A/CNK; A/NK; Fe*; K2O/Na2O; Zr/Hf; Eu/Eu*; (La/Yb)N,20260992,20260992,0
R1431,2,validation,GG0088,RCB0056,A,True,A2CFC6311C185EAA2F17BA13E733D522713F64F2850C50F6EEF6E4CE1F592221,,0.05,40,SiO2; TiO2; Al2O3; Fe2O3; FeO; MnO; MgO; CaO; Na2O; K2O; P2O5; Rb; Y; Zr; Nb; Ba; La; Ce; Pr; Nd; Sm; Eu; Gd; Tb; Dy; Ho; Er; Tm; Yb; Lu; Hf; Ta; Ga; A/CNK; A/NK; Fe*; K2O/Na2O; Zr/Hf; Eu/Eu*; (La/Yb)N,20260992,20260992,0
R1432,2,validation,GG0088,RCB0056,A,True,A2CFC6311C185EAA2F17BA13E733D522713F64F2850C50F6EEF6E4CE1F592221,,0.05,40,SiO2; TiO2; Al2O3; Fe2O3; FeO; MnO; MgO; CaO; Na2O; K2O; P2O5; Rb; Y; Zr; Nb; Ba; La; Ce; Pr; Nd; Sm; Eu; Gd; Tb; Dy; Ho; Er; Tm; Yb; Lu; Hf; Ta; Ga; A/CNK; A/NK; Fe*; K2O/Na2O; Zr/Hf; Eu/Eu*; (La/Yb)N,20260992,20260992,0
R1433,2,validation,GG0088,RCB0056,A,True,A2CFC6311C185EAA2F17BA13E733D522713F64F2850C50F6EEF6E4CE1F592221,,0.05,40,SiO2; TiO2; Al2O3; Fe2O3; FeO; MnO; MgO; CaO; Na2O; K2O; P2O5; Rb; Y; Zr; Nb; Ba; La; Ce; Pr; Nd; Sm; Eu; Gd; Tb; Dy; Ho; Er; Tm; Yb; Lu; Hf; Ta; Ga; A/CNK; A/NK; Fe*; K2O/Na2O; Zr/Hf; Eu/Eu*; (La/Yb)N,20260992,20260992,0
R1434,2,validation,GG0088,RCB0056,A,True,A2CFC6311C185EAA2F17BA13E733D522713F64F2850C50F6EEF6E4CE1F592221,,0.05,40,SiO2; TiO2; Al2O3; Fe2O3; FeO; MnO; MgO; CaO; Na2O; K2O; P2O5; Rb; Y; Zr; Nb; Ba; La; Ce; Pr; Nd; Sm; Eu; Gd; Tb; Dy; Ho; Er; Tm; Yb; Lu; Hf; Ta; Ga; A/CNK; A/NK; Fe*; K2O/Na2O; Zr/Hf; Eu/Eu*; (La/Yb)N,20260992,20260992,0
R1435,2,validation,GG0088,RCB0056,A,True,A2CFC6311C185EAA2F17BA13E733D522713F64F2850C50F6EEF6E4CE1F592221,,0.05,40,SiO2; TiO2; Al2O3; Fe2O3; FeO; MnO; MgO; CaO; Na2O; K2O; P2O5; Rb; Y; Zr; Nb; Ba; La; Ce; Pr; Nd; Sm; Eu; Gd; Tb; Dy; Ho; Er; Tm; Yb; Lu; Hf; Ta; Ga; A/CNK; A/NK; Fe*; K2O/Na2O; Zr/Hf; Eu/Eu*; (La/Yb)N,20260992,20260992,0
R1436,2,validation,GG0088,RCB0056,A,True,A2CFC6311C185EAA2F17BA13E733D522713F64F2850C50F6EEF6E4CE1F592221,,0.05,40,SiO2; TiO2; Al2O3; Fe2O3; FeO; MnO; MgO; CaO; Na2O; K2O; P2O5; Rb; Y; Zr; Nb; Ba; La; Ce; Pr; Nd; Sm; Eu; Gd; Tb; Dy; Ho; Er; Tm; Yb; Lu; Hf; Ta; Ga; A/CNK; A/NK; Fe*; K2O/Na2O; Zr/Hf; Eu/Eu*; (La/Yb)N,20260992,20260992,0
R1437,2,validation,GG0088,RCB0056,A,True,A2CFC6311C185EAA2F17BA13E733D522713F64F2850C50F6EEF6E4CE1F592221,,0.05,40,SiO2; TiO2; Al2O3; Fe2O3; FeO; MnO; MgO; CaO; Na2O; K2O; P2O5; Rb; Y; Zr; Nb; Ba; La; Ce; Pr; Nd; Sm; Eu; Gd; Tb; Dy; Ho; Er; Tm; Yb; Lu; Hf; Ta; Ga; A/CNK; A/NK; Fe*; K2O/Na2O; Zr/Hf; Eu/Eu*; (La/Yb)N,20260992,20260992,0
R1438,2,validation,GG0088,RCB0056,A,True,A2CFC6311C185EAA2F17BA13E733D522713F64F2850C50F6EEF6E4CE1F592221,,0.05,40,SiO2; TiO2; Al2O3; Fe2O3; FeO; MnO; MgO; CaO; Na2O; K2O; P2O5; Rb; Y; Zr; Nb; Ba; La; Ce; Pr; Nd; Sm; Eu; Gd; Tb; Dy; Ho; Er; Tm; Yb; Lu; Hf; Ta; Ga; A/CNK; A/NK; Fe*; K2O/Na2O; Zr/Hf; Eu/Eu*; (La/Yb)N,20260992,20260992,0
R1439,2,validation,GG0088,RCB0056,A,True,A2CFC6311C185EAA2F17BA13E733D522713F64F2850C50F6EEF6E4CE1F592221,,0.075,40,SiO2; TiO2; Al2O3; Fe2O3; FeO; MnO; MgO; CaO; Na2O; K2O; P2O5; Rb; Y; Zr; Nb; Ba; La; Ce; Pr; Nd; Sm; Eu; Gd; Tb; Dy; Ho; Er; Tm; Yb; Lu; Hf; Ta; Ga; A/CNK; A/NK; Fe*; K2O/Na2O; Zr/Hf; Eu/Eu*; (La/Yb)N,20260992,20260992,0
R1440,2,validation,GG0088,RCB0056,A,True,A2CFC6311C185EAA2F17BA13E733D522713F64F2850C50F6EEF6E4CE1F592221,,0.05,40,SiO2; TiO2; Al2O3; Fe2O3; FeO; MnO; MgO; CaO; Na2O; K2O; P2O5; Rb; Y; Zr; Nb; Ba; La; Ce; Pr; Nd; Sm; Eu; Gd; Tb; Dy; Ho; Er; Tm; Yb; Lu; Hf; Ta; Ga; A/CNK; A/NK; Fe*; K2O/Na2O; Zr/Hf; Eu/Eu*; (La/Yb)N,20260992,20260992,0
R1441,2,validation,GG0088,RCB0056,A,True,A2CFC6311C185EAA2F17BA13E733D522713F64F2850C50F6EEF6E4CE1F592221,,0.05,40,SiO2; TiO2; Al2O3; Fe2O3; FeO; MnO; MgO; CaO; Na2O; K2O; P2O5; Rb; Y; Zr; Nb; Ba; La; Ce; Pr; Nd; Sm; Eu; Gd; Tb; Dy; Ho; Er; Tm; Yb; Lu; Hf; Ta; Ga; A/CNK; A/NK; Fe*; K2O/Na2O; Zr/Hf; Eu/Eu*; (La/Yb)N,20260992,20260992,0
R1442,2,validation,GG0088,RCB0056,A,True,A2CFC6311C185EAA2F17BA13E733D522713F64F2850C50F6EEF6E4CE1F592221,,0.05,40,SiO2; TiO2; Al2O3; Fe2O3; FeO; MnO; MgO; CaO; Na2O; K2O; P2O5; Rb; Y; Zr; Nb; Ba; La; Ce; Pr; Nd; Sm; Eu; Gd; Tb; Dy; Ho; Er; Tm; Yb; Lu; Hf; Ta; Ga; A/CNK; A/NK; Fe*; K2O/Na2O; Zr/Hf; Eu/Eu*; (La/Yb)N,20260992,20260992,0
R1443,2,validation,GG0088,RCB0056,A,True,A2CFC6311C185EAA2F17BA13E733D522713F64F2850C50F6EEF6E4CE1F592221,,0.05,40,SiO2; TiO2; Al2O3; Fe2O3; FeO; MnO; MgO; CaO; Na2O; K2O; P2O5; Rb; Y; Zr; Nb; Ba; La; Ce; Pr; Nd; Sm; Eu; Gd; Tb; Dy; Ho; Er; Tm; Yb; Lu; Hf; Ta; Ga; A/CNK; A/NK; Fe*; K2O/Na2O; Zr/Hf; Eu/Eu*; (La/Yb)N,20260992,20260992,0
R1444,2,validation,GG0088,RCB0056,A,True,A2CFC6311C185EAA2F17BA13E733D522713F64F2850C50F6EEF6E4CE1F592221,,0.05,40,SiO2; TiO2; Al2O3; Fe2O3; FeO; MnO; MgO; CaO; Na2O; K2O; P2O5; Rb; Y; Zr; Nb; Ba; La; Ce; Pr; Nd; Sm; Eu; Gd; Tb; Dy; Ho; Er; Tm; Yb; Lu; Hf; Ta; Ga; A/CNK; A/NK; Fe*; K2O/Na2O; Zr/Hf; Eu/Eu*; (La/Yb)N,20260992,20260992,0
R1445,2,validation,GG0088,RCB0056,A,True,A2CFC6311C185EAA2F17BA13E733D522713F64F2850C50F6EEF6E4CE1F592221,,0.05,40,SiO2; TiO2; Al2O3; Fe2O3; FeO; MnO; MgO; CaO; Na2O; K2O; P2O5; Rb; Y; Zr; Nb; Ba; La; Ce; Pr; Nd; Sm; Eu; Gd; Tb; Dy; Ho; Er; Tm; Yb; Lu; Hf; Ta; Ga; A/CNK; A/NK; Fe*; K2O/Na2O; Zr/Hf; Eu/Eu*; (La/Yb)N,20260992,20260992,0
R1446,2,validation,GG0089,RCB0057,I,True,A2CFC6311C185EAA2F17BA13E733D522713F64F2850C50F6EEF6E4CE1F592221,,0.05,40,SiO2; TiO2; Al2O3; Fe2O3; FeO; MnO; MgO; CaO; Na2O; K2O; P2O5; Rb; Y; Zr; Nb; Ba; La; Ce; Pr; Nd; Sm; Eu; Gd; Tb; Dy; Ho; Er; Tm; Yb; Lu; Hf; Ta; Ga; A/CNK; A/NK; Fe*; K2O/Na2O; Zr/Hf; Eu/Eu*; (La/Yb)N,20260992,20260992,0
R1447,2,validation,GG0089,RCB0057,I,True,A2CFC6311C185EAA2F17BA13E733D522713F64F2850C50F6EEF6E4CE1F592221,,0.05,40,SiO2; TiO2; Al2O3; Fe2O3; FeO; MnO; MgO; CaO; Na2O; K2O; P2O5; Rb; Y; Zr; Nb; Ba; La; Ce; Pr; Nd; Sm; Eu; Gd; Tb; Dy; Ho; Er; Tm; Yb; Lu; Hf; Ta; Ga; A/CNK; A/NK; Fe*; K2O/Na2O; Zr/Hf; Eu/Eu*; (La/Yb)N,20260992,20260992,0
R1448,2,validation,GG0089,RCB0057,I,True,A2CFC6311C185EAA2F17BA13E733D522713F64F2850C50F6EEF6E4CE1F592221,,0.05,40,SiO2; TiO2; Al2O3; Fe2O3; FeO; MnO; MgO; CaO; Na2O; K2O; P2O5; Rb; Y; Zr; Nb; Ba; La; Ce; Pr; Nd; Sm; Eu; Gd; Tb; Dy; Ho; Er; Tm; Yb; Lu; Hf; Ta; Ga; A/CNK; A/NK; Fe*; K2O/Na2O; Zr/Hf; Eu/Eu*; (La/Yb)N,20260992,20260992,0
R1449,2,validation,GG0089,RCB0057,I,True,A2CFC6311C185EAA2F17BA13E733D522713F64F2850C50F6EEF6E4CE1F592221,,0.05,40,SiO2; TiO2; Al2O3; Fe2O3; FeO; MnO; MgO; CaO; Na2O; K2O; P2O5; Rb; Y; Zr; Nb; Ba; La; Ce; Pr; Nd; Sm; Eu; Gd; Tb; Dy; Ho; Er; Tm; Yb; Lu; Hf; Ta; Ga; A/CNK; A/NK; Fe*; K2O/Na2O; Zr/Hf; Eu/Eu*; (La/Yb)N,20260992,20260992,0
R1450,2,validation,GG0089,RCB0057,I,True,A2CFC6311C185EAA2F17BA13E733D522713F64F2850C50F6EEF6E4CE1F592221,,0.05,40,SiO2; TiO2; Al2O3; Fe2O3; FeO; MnO; MgO; CaO; Na2O; K2O; P2O5; Rb; Y; Zr; Nb; Ba; La; Ce; Pr; Nd; Sm; Eu; Gd; Tb; Dy; Ho; Er; Tm; Yb; Lu; Hf; Ta; Ga; A/CNK; A/NK; Fe*; K2O/Na2O; Zr/Hf; Eu/Eu*; (La/Yb)N,20260992,20260992,0
R1451,2,validation,GG0089,RCB0057,I,True,A2CFC6311C185EAA2F17BA13E733D522713F64F2850C50F6EEF6E4CE1F592221,,0.05,40,SiO2; TiO2; Al2O3; Fe2O3; FeO; MnO; MgO; CaO; Na2O; K2O; P2O5; Rb; Y; Zr; Nb; Ba; La; Ce; Pr; Nd; Sm; Eu; Gd; Tb; Dy; Ho; Er; Tm; Yb; Lu; Hf; Ta; Ga; A/CNK; A/NK; Fe*; K2O/Na2O; Zr/Hf; Eu/Eu*; (La/Yb)N,20260992,20260992,0
R1452,2,validation,GG0089,RCB0057,I,True,A2CFC6311C185EAA2F17BA13E733D522713F64F2850C50F6EEF6E4CE1F592221,,0.05,40,SiO2; TiO2; Al2O3; Fe2O3; FeO; MnO; MgO; CaO; Na2O; K2O; P2O5; Rb; Y; Zr; Nb; Ba; La; Ce; Pr; Nd; Sm; Eu; Gd; Tb; Dy; Ho; Er; Tm; Yb; Lu; Hf; Ta; Ga; A/CNK; A/NK; Fe*; K2O/Na2O; Zr/Hf; Eu/Eu*; (La/Yb)N,20260992,20260992,0
R1700,2,validation,GG0018,RCB0016,S,True,A2CFC6311C185EAA2F17BA13E733D522713F64F2850C50F6EEF6E4CE1F592221,,0.05,40,SiO2; TiO2; Al2O3; Fe2O3; FeO; MnO; MgO; CaO; Na2O; K2O; P2O5; Rb; Y; Zr; Nb; Ba; La; Ce; Pr; Nd; Sm; Eu; Gd; Tb; Dy; Ho; Er; Tm; Yb; Lu; Hf; Ta; Ga; A/CNK; A/NK; Fe*; K2O/Na2O; Zr/Hf; Eu/Eu*; (La/Yb)N,20260992,20260992,0
R1701,2,validation,GG0018,RCB0016,S,True,A2CFC6311C185EAA2F17BA13E733D522713F64F2850C50F6EEF6E4CE1F592221,,0.05,40,SiO2; TiO2; Al2O3; Fe2O3; FeO; MnO; MgO; CaO; Na2O; K2O; P2O5; Rb; Y; Zr; Nb; Ba; La; Ce; Pr; Nd; Sm; Eu; Gd; Tb; Dy; Ho; Er; Tm; Yb; Lu; Hf; Ta; Ga; A/CNK; A/NK; Fe*; K2O/Na2O; Zr/Hf; Eu/Eu*; (La/Yb)N,20260992,20260992,0
R1702,2,validation,GG0018,RCB0016,S,True,A2CFC6311C185EAA2F17BA13E733D522713F64F2850C50F6EEF6E4CE1F592221,,0.05,40,SiO2; TiO2; Al2O3; Fe2O3; FeO; MnO; MgO; CaO; Na2O; K2O; P2O5; Rb; Y; Zr; Nb; Ba; La; Ce; Pr; Nd; Sm; Eu; Gd; Tb; Dy; Ho; Er; Tm; Yb; Lu; Hf; Ta; Ga; A/CNK; A/NK; Fe*; K2O/Na2O; Zr/Hf; Eu/Eu*; (La/Yb)N,20260992,20260992,0
R1703,2,validation,GG0018,RCB0016,S,True,A2CFC6311C185EAA2F17BA13E733D522713F64F2850C50F6EEF6E4CE1F592221,,0.075,40,SiO2; TiO2; Al2O3; Fe2O3; FeO; MnO; MgO; CaO; Na2O; K2O; P2O5; Rb; Y; Zr; Nb; Ba; La; Ce; Pr; Nd; Sm; Eu; Gd; Tb; Dy; Ho; Er; Tm; Yb; Lu; Hf; Ta; Ga; A/CNK; A/NK; Fe*; K2O/Na2O; Zr/Hf; Eu/Eu*; (La/Yb)N,20260992,20260992,0
R1704,2,validation,GG0018,RCB0016,S,True,A2CFC6311C185EAA2F17BA13E733D522713F64F2850C50F6EEF6E4CE1F592221,,0.05,40,SiO2; TiO2; Al2O3; Fe2O3; FeO; MnO; MgO; CaO; Na2O; K2O; P2O5; Rb; Y; Zr; Nb; Ba; La; Ce; Pr; Nd; Sm; Eu; Gd; Tb; Dy; Ho; Er; Tm; Yb; Lu; Hf; Ta; Ga; A/CNK; A/NK; Fe*; K2O/Na2O; Zr/Hf; Eu/Eu*; (La/Yb)N,20260992,20260992,0
R1705,2,validation,GG0018,RCB0016,S,True,A2CFC6311C185EAA2F17BA13E733D522713F64F2850C50F6EEF6E4CE1F592221,,0.05,40,SiO2; TiO2; Al2O3; Fe2O3; FeO; MnO; MgO; CaO; Na2O; K2O; P2O5; Rb; Y; Zr; Nb; Ba; La; Ce; Pr; Nd; Sm; Eu; Gd; Tb; Dy; Ho; Er; Tm; Yb; Lu; Hf; Ta; Ga; A/CNK; A/NK; Fe*; K2O/Na2O; Zr/Hf; Eu/Eu*; (La/Yb)N,20260992,20260992,0
R1706,2,validation,GG0018,RCB0016,S,True,A2CFC6311C185EAA2F17BA13E733D522713F64F2850C50F6EEF6E4CE1F592221,,0.05,40,SiO2; TiO2; Al2O3; Fe2O3; FeO; MnO; MgO; CaO; Na2O; K2O; P2O5; Rb; Y; Zr; Nb; Ba; La; Ce; Pr; Nd; Sm; Eu; Gd; Tb; Dy; Ho; Er; Tm; Yb; Lu; Hf; Ta; Ga; A/CNK; A/NK; Fe*; K2O/Na2O; Zr/Hf; Eu/Eu*; (La/Yb)N,20260992,20260992,0
R1707,2,validation,GG0018,RCB0016,S,True,A2CFC6311C185EAA2F17BA13E733D522713F64F2850C50F6EEF6E4CE1F592221,,0.075,40,SiO2; TiO2; Al2O3; Fe2O3; FeO; MnO; MgO; CaO; Na2O; K2O; P2O5; Rb; Y; Zr; Nb; Ba; La; Ce; Pr; Nd; Sm; Eu; Gd; Tb; Dy; Ho; Er; Tm; Yb; Lu; Hf; Ta; Ga; A/CNK; A/NK; Fe*; K2O/Na2O; Zr/Hf; Eu/Eu*; (La/Yb)N,20260992,20260992,0
R1708,2,validation,GG0018,RCB0016,S,True,A2CFC6311C185EAA2F17BA13E733D522713F64F2850C50F6EEF6E4CE1F592221,,0.05,40,SiO2; TiO2; Al2O3; Fe2O3; FeO; MnO; MgO; CaO; Na2O; K2O; P2O5; Rb; Y; Zr; Nb; Ba; La; Ce; Pr; Nd; Sm; Eu; Gd; Tb; Dy; Ho; Er; Tm; Yb; Lu; Hf; Ta; Ga; A/CNK; A/NK; Fe*; K2O/Na2O; Zr/Hf; Eu/Eu*; (La/Yb)N,20260992,20260992,0
R1709,2,validation,GG0018,RCB0016,S,True,A2CFC6311C185EAA2F17BA13E733D522713F64F2850C50F6EEF6E4CE1F592221,,0.05,40,SiO2; TiO2; Al2O3; Fe2O3; FeO; MnO; MgO; CaO; Na2O; K2O; P2O5; Rb; Y; Zr; Nb; Ba; La; Ce; Pr; Nd; Sm; Eu; Gd; Tb; Dy; Ho; Er; Tm; Yb; Lu; Hf; Ta; Ga; A/CNK; A/NK; Fe*; K2O/Na2O; Zr/Hf; Eu/Eu*; (La/Yb)N,20260992,20260992,0
R1710,2,validation,GG0018,RCB0016,S,True,A2CFC6311C185EAA2F17BA13E733D522713F64F2850C50F6EEF6E4CE1F592221,,0.05,40,SiO2; TiO2; Al2O3; Fe2O3; FeO; MnO; MgO; CaO; Na2O; K2O; P2O5; Rb; Y; Zr; Nb; Ba; La; Ce; Pr; Nd; Sm; Eu; Gd; Tb; Dy; Ho; Er; Tm; Yb; Lu; Hf; Ta; Ga; A/CNK; A/NK; Fe*; K2O/Na2O; Zr/Hf; Eu/Eu*; (La/Yb)N,20260992,20260992,0
R1711,2,validation,GG0018,RCB0016,S,True,A2CFC6311C185EAA2F17BA13E733D522713F64F2850C50F6EEF6E4CE1F592221,,0.05,40,SiO2; TiO2; Al2O3; Fe2O3; FeO; MnO; MgO; CaO; Na2O; K2O; P2O5; Rb; Y; Zr; Nb; Ba; La; Ce; Pr; Nd; Sm; Eu; Gd; Tb; Dy; Ho; Er; Tm; Yb; Lu; Hf; Ta; Ga; A/CNK; A/NK; Fe*; K2O/Na2O; Zr/Hf; Eu/Eu*; (La/Yb)N,20260992,20260992,0
R1712,2,validation,GG0018,RCB0016,S,True,A2CFC6311C185EAA2F17BA13E733D522713F64F2850C50F6EEF6E4CE1F592221,,0.05,40,SiO2; TiO2; Al2O3; Fe2O3; FeO; MnO; MgO; CaO; Na2O; K2O; P2O5; Rb; Y; Zr; Nb; Ba; La; Ce; Pr; Nd; Sm; Eu; Gd; Tb; Dy; Ho; Er; Tm; Yb; Lu; Hf; Ta; Ga; A/CNK; A/NK; Fe*; K2O/Na2O; Zr/Hf; Eu/Eu*; (La/Yb)N,20260992,20260992,0
R1713,2,validation,GG0018,RCB0016,S,True,A2CFC6311C185EAA2F17BA13E733D522713F64F2850C50F6EEF6E4CE1F592221,,0.05,40,SiO2; TiO2; Al2O3; Fe2O3; FeO; MnO; MgO; CaO; Na2O; K2O; P2O5; Rb; Y; Zr; Nb; Ba; La; Ce; Pr; Nd; Sm; Eu; Gd; Tb; Dy; Ho; Er; Tm; Yb; Lu; Hf; Ta; Ga; A/CNK; A/NK; Fe*; K2O/Na2O; Zr/Hf; Eu/Eu*; (La/Yb)N,20260992,20260992,0
R1714,2,validation,GG0018,RCB0016,S,True,A2CFC6311C185EAA2F17BA13E733D522713F64F2850C50F6EEF6E4CE1F592221,,0.05,40,SiO2; TiO2; Al2O3; Fe2O3; FeO; MnO; MgO; CaO; Na2O; K2O; P2O5; Rb; Y; Zr; Nb; Ba; La; Ce; Pr; Nd; Sm; Eu; Gd; Tb; Dy; Ho; Er; Tm; Yb; Lu; Hf; Ta; Ga; A/CNK; A/NK; Fe*; K2O/Na2O; Zr/Hf; Eu/Eu*; (La/Yb)N,20260992,20260992,0
R1720,2,validation,GG0102,RCB0062,A,True,A2CFC6311C185EAA2F17BA13E733D522713F64F2850C50F6EEF6E4CE1F592221,,0.0,40,SiO2; TiO2; Al2O3; Fe2O3; FeO; MnO; MgO; CaO; Na2O; K2O; P2O5; Rb; Y; Zr; Nb; Ba; La; Ce; Pr; Nd; Sm; Eu; Gd; Tb; Dy; Ho; Er; Tm; Yb; Lu; Hf; Ta; Ga; A/CNK; A/NK; Fe*; K2O/Na2O; Zr/Hf; Eu/Eu*; (La/Yb)N,20260992,20260992,0
R1721,2,validation,GG0102,RCB0062,A,True,A2CFC6311C185EAA2F17BA13E733D522713F64F2850C50F6EEF6E4CE1F592221,,0.0,40,SiO2; TiO2; Al2O3; Fe2O3; FeO; MnO; MgO; CaO; Na2O; K2O; P2O5; Rb; Y; Zr; Nb; Ba; La; Ce; Pr; Nd; Sm; Eu; Gd; Tb; Dy; Ho; Er; Tm; Yb; Lu; Hf; Ta; Ga; A/CNK; A/NK; Fe*; K2O/Na2O; Zr/Hf; Eu/Eu*; (La/Yb)N,20260992,20260992,0
R1722,2,validation,GG0102,RCB0062,A,True,A2CFC6311C185EAA2F17BA13E733D522713F64F2850C50F6EEF6E4CE1F592221,,0.0,40,SiO2; TiO2; Al2O3; Fe2O3; FeO; MnO; MgO; CaO; Na2O; K2O; P2O5; Rb; Y; Zr; Nb; Ba; La; Ce; Pr; Nd; Sm; Eu; Gd; Tb; Dy; Ho; Er; Tm; Yb; Lu; Hf; Ta; Ga; A/CNK; A/NK; Fe*; K2O/Na2O; Zr/Hf; Eu/Eu*; (La/Yb)N,20260992,20260992,0
R1723,2,validation,GG0102,RCB0062,A,True,A2CFC6311C185EAA2F17BA13E733D522713F64F2850C50F6EEF6E4CE1F592221,,0.0,40,SiO2; TiO2; Al2O3; Fe2O3; FeO; MnO; MgO; CaO; Na2O; K2O; P2O5; Rb; Y; Zr; Nb; Ba; La; Ce; Pr; Nd; Sm; Eu; Gd; Tb; Dy; Ho; Er; Tm; Yb; Lu; Hf; Ta; Ga; A/CNK; A/NK; Fe*; K2O/Na2O; Zr/Hf; Eu/Eu*; (La/Yb)N,20260992,20260992,0
R1724,2,validation,GG0102,RCB0062,A,True,A2CFC6311C185EAA2F17BA13E733D522713F64F2850C50F6EEF6E4CE1F592221,,0.0,40,SiO2; TiO2; Al2O3; Fe2O3; FeO; MnO; MgO; CaO; Na2O; K2O; P2O5; Rb; Y; Zr; Nb; Ba; La; Ce; Pr; Nd; Sm; Eu; Gd; Tb; Dy; Ho; Er; Tm; Yb; Lu; Hf; Ta; Ga; A/CNK; A/NK; Fe*; K2O/Na2O; Zr/Hf; Eu/Eu*; (La/Yb)N,20260992,20260992,0
R1725,2,validation,GG0102,RCB0062,A,True,A2CFC6311C185EAA2F17BA13E733D522713F64F2850C50F6EEF6E4CE1F592221,,0.425,40,SiO2; TiO2; Al2O3; Fe2O3; FeO; MnO; MgO; CaO; Na2O; K2O; P2O5; Rb; Y; Zr; Nb; Ba; La; Ce; Pr; Nd; Sm; Eu; Gd; Tb; Dy; Ho; Er; Tm; Yb; Lu; Hf; Ta; Ga; A/CNK; A/NK; Fe*; K2O/Na2O; Zr/Hf; Eu/Eu*; (La/Yb)N,20260992,20260992,0
R1726,2,validation,GG0102,RCB0062,A,True,A2CFC6311C185EAA2F17BA13E733D522713F64F2850C50F6EEF6E4CE1F592221,,0.0,40,SiO2; TiO2; Al2O3; Fe2O3; FeO; MnO; MgO; CaO; Na2O; K2O; P2O5; Rb; Y; Zr; Nb; Ba; La; Ce; Pr; Nd; Sm; Eu; Gd; Tb; Dy; Ho; Er; Tm; Yb; Lu; Hf; Ta; Ga; A/CNK; A/NK; Fe*; K2O/Na2O; Zr/Hf; Eu/Eu*; (La/Yb)N,20260992,20260992,0
R1727,2,validation,GG0102,RCB0062,A,True,A2CFC6311C185EAA2F17BA13E733D522713F64F2850C50F6EEF6E4CE1F592221,,0.0,40,SiO2; TiO2; Al2O3; Fe2O3; FeO; MnO; MgO; CaO; Na2O; K2O; P2O5; Rb; Y; Zr; Nb; Ba; La; Ce; Pr; Nd; Sm; Eu; Gd; Tb; Dy; Ho; Er; Tm; Yb; Lu; Hf; Ta; Ga; A/CNK; A/NK; Fe*; K2O/Na2O; Zr/Hf; Eu/Eu*; (La/Yb)N,20260992,20260992,0
R1728,2,validation,GG0102,RCB0062,A,True,A2CFC6311C185EAA2F17BA13E733D522713F64F2850C50F6EEF6E4CE1F592221,,0.0,40,SiO2; TiO2; Al2O3; Fe2O3; FeO; MnO; MgO; CaO; Na2O; K2O; P2O5; Rb; Y; Zr; Nb; Ba; La; Ce; Pr; Nd; Sm; Eu; Gd; Tb; Dy; Ho; Er; Tm; Yb; Lu; Hf; Ta; Ga; A/CNK; A/NK; Fe*; K2O/Na2O; Zr/Hf; Eu/Eu*; (La/Yb)N,20260992,20260992,0
R1729,2,validation,GG0102,RCB0062,A,True,A2CFC6311C185EAA2F17BA13E733D522713F64F2850C50F6EEF6E4CE1F592221,,0.0,40,SiO2; TiO2; Al2O3; Fe2O3; FeO; MnO; MgO; CaO; Na2O; K2O; P2O5; Rb; Y; Zr; Nb; Ba; La; Ce; Pr; Nd; Sm; Eu; Gd; Tb; Dy; Ho; Er; Tm; Yb; Lu; Hf; Ta; Ga; A/CNK; A/NK; Fe*; K2O/Na2O; Zr/Hf; Eu/Eu*; (La/Yb)N,20260992,20260992,0
R1730,2,validation,GG0102,RCB0062,A,True,A2CFC6311C185EAA2F17BA13E733D522713F64F2850C50F6EEF6E4CE1F592221,,0.0,40,SiO2; TiO2; Al2O3; Fe2O3; FeO; MnO; MgO; CaO; Na2O; K2O; P2O5; Rb; Y; Zr; Nb; Ba; La; Ce; Pr; Nd; Sm; Eu; Gd; Tb; Dy; Ho; Er; Tm; Yb; Lu; Hf; Ta; Ga; A/CNK; A/NK; Fe*; K2O/Na2O; Zr/Hf; Eu/Eu*; (La/Yb)N,20260992,20260992,0
R1731,2,validation,GG0102,RCB0062,A,True,A2CFC6311C185EAA2F17BA13E733D522713F64F2850C50F6EEF6E4CE1F592221,,0.0,40,SiO2; TiO2; Al2O3; Fe2O3; FeO; MnO; MgO; CaO; Na2O; K2O; P2O5; Rb; Y; Zr; Nb; Ba; La; Ce; Pr; Nd; Sm; Eu; Gd; Tb; Dy; Ho; Er; Tm; Yb; Lu; Hf; Ta; Ga; A/CNK; A/NK; Fe*; K2O/Na2O; Zr/Hf; Eu/Eu*; (La/Yb)N,20260992,20260992,0
R1732,2,validation,GG0102,RCB0062,A,True,A2CFC6311C185EAA2F17BA13E733D522713F64F2850C50F6EEF6E4CE1F592221,,0.0,40,SiO2; TiO2; Al2O3; Fe2O3; FeO; MnO; MgO; CaO; Na2O; K2O; P2O5; Rb; Y; Zr; Nb; Ba; La; Ce; Pr; Nd; Sm; Eu; Gd; Tb; Dy; Ho; Er; Tm; Yb; Lu; Hf; Ta; Ga; A/CNK; A/NK; Fe*; K2O/Na2O; Zr/Hf; Eu/Eu*; (La/Yb)N,20260992,20260992,0
R1733,2,validation,GG0102,RCB0062,A,True,A2CFC6311C185EAA2F17BA13E733D522713F64F2850C50F6EEF6E4CE1F592221,,0.0,40,SiO2; TiO2; Al2O3; Fe2O3; FeO; MnO; MgO; CaO; Na2O; K2O; P2O5; Rb; Y; Zr; Nb; Ba; La; Ce; Pr; Nd; Sm; Eu; Gd; Tb; Dy; Ho; Er; Tm; Yb; Lu; Hf; Ta; Ga; A/CNK; A/NK; Fe*; K2O/Na2O; Zr/Hf; Eu/Eu*; (La/Yb)N,20260992,20260992,0
R1734,2,validation,GG0102,RCB0062,A,True,A2CFC6311C185EAA2F17BA13E733D522713F64F2850C50F6EEF6E4CE1F592221,,0.0,40,SiO2; TiO2; Al2O3; Fe2O3; FeO; MnO; MgO; CaO; Na2O; K2O; P2O5; Rb; Y; Zr; Nb; Ba; La; Ce; Pr; Nd; Sm; Eu; Gd; Tb; Dy; Ho; Er; Tm; Yb; Lu; Hf; Ta; Ga; A/CNK; A/NK; Fe*; K2O/Na2O; Zr/Hf; Eu/Eu*; (La/Yb)N,20260992,20260992,0
R1735,2,validation,GG0102,RCB0062,A,True,A2CFC6311C185EAA2F17BA13E733D522713F64F2850C50F6EEF6E4CE1F592221,,0.0,40,SiO2; TiO2; Al2O3; Fe2O3; FeO; MnO; MgO; CaO; Na2O; K2O; P2O5; Rb; Y; Zr; Nb; Ba; La; Ce; Pr; Nd; Sm; Eu; Gd; Tb; Dy; Ho; Er; Tm; Yb; Lu; Hf; Ta; Ga; A/CNK; A/NK; Fe*; K2O/Na2O; Zr/Hf; Eu/Eu*; (La/Yb)N,20260992,20260992,0
R1736,2,validation,GG0102,RCB0062,A,True,A2CFC6311C185EAA2F17BA13E733D522713F64F2850C50F6EEF6E4CE1F592221,,0.0,40,SiO2; TiO2; Al2O3; Fe2O3; FeO; MnO; MgO; CaO; Na2O; K2O; P2O5; Rb; Y; Zr; Nb; Ba; La; Ce; Pr; Nd; Sm; Eu; Gd; Tb; Dy; Ho; Er; Tm; Yb; Lu; Hf; Ta; Ga; A/CNK; A/NK; Fe*; K2O/Na2O; Zr/Hf; Eu/Eu*; (La/Yb)N,20260992,20260992,0
R1737,2,validation,GG0102,RCB0062,A,True,A2CFC6311C185EAA2F17BA13E733D522713F64F2850C50F6EEF6E4CE1F592221,,0.0,40,SiO2; TiO2; Al2O3; Fe2O3; FeO; MnO; MgO; CaO; Na2O; K2O; P2O5; Rb; Y; Zr; Nb; Ba; La; Ce; Pr; Nd; Sm; Eu; Gd; Tb; Dy; Ho; Er; Tm; Yb; Lu; Hf; Ta; Ga; A/CNK; A/NK; Fe*; K2O/Na2O; Zr/Hf; Eu/Eu*; (La/Yb)N,20260992,20260992,0
R1738,2,validation,GG0102,RCB0062,A,True,A2CFC6311C185EAA2F17BA13E733D522713F64F2850C50F6EEF6E4CE1F592221,,0.0,40,SiO2; TiO2; Al2O3; Fe2O3; FeO; MnO; MgO; CaO; Na2O; K2O; P2O5; Rb; Y; Zr; Nb; Ba; La; Ce; Pr; Nd; Sm; Eu; Gd; Tb; Dy; Ho; Er; Tm; Yb; Lu; Hf; Ta; Ga; A/CNK; A/NK; Fe*; K2O/Na2O; Zr/Hf; Eu/Eu*; (La/Yb)N,20260992,20260992,0
R1739,2,validation,GG0102,RCB0062,A,True,A2CFC6311C185EAA2F17BA13E733D522713F64F2850C50F6EEF6E4CE1F592221,,0.0,40,SiO2; TiO2; Al2O3; Fe2O3; FeO; MnO; MgO; CaO; Na2O; K2O; P2O5; Rb; Y; Zr; Nb; Ba; La; Ce; Pr; Nd; Sm; Eu; Gd; Tb; Dy; Ho; Er; Tm; Yb; Lu; Hf; Ta; Ga; A/CNK; A/NK; Fe*; K2O/Na2O; Zr/Hf; Eu/Eu*; (La/Yb)N,20260992,20260992,0
R1800,2,validation,GG0029,RCB0024,I,True,A2CFC6311C185EAA2F17BA13E733D522713F64F2850C50F6EEF6E4CE1F592221,,0.05,40,SiO2; TiO2; Al2O3; Fe2O3; FeO; MnO; MgO; CaO; Na2O; K2O; P2O5; Rb; Y; Zr; Nb; Ba; La; Ce; Pr; Nd; Sm; Eu; Gd; Tb; Dy; Ho; Er; Tm; Yb; Lu; Hf; Ta; Ga; A/CNK; A/NK; Fe*; K2O/Na2O; Zr/Hf; Eu/Eu*; (La/Yb)N,20260992,20260992,0
R1801,2,validation,GG0029,RCB0024,I,True,A2CFC6311C185EAA2F17BA13E733D522713F64F2850C50F6EEF6E4CE1F592221,,0.05,40,SiO2; TiO2; Al2O3; Fe2O3; FeO; MnO; MgO; CaO; Na2O; K2O; P2O5; Rb; Y; Zr; Nb; Ba; La; Ce; Pr; Nd; Sm; Eu; Gd; Tb; Dy; Ho; Er; Tm; Yb; Lu; Hf; Ta; Ga; A/CNK; A/NK; Fe*; K2O/Na2O; Zr/Hf; Eu/Eu*; (La/Yb)N,20260992,20260992,0
R1802,2,validation,GG0029,RCB0024,I,True,A2CFC6311C185EAA2F17BA13E733D522713F64F2850C50F6EEF6E4CE1F592221,,0.05,40,SiO2; TiO2; Al2O3; Fe2O3; FeO; MnO; MgO; CaO; Na2O; K2O; P2O5; Rb; Y; Zr; Nb; Ba; La; Ce; Pr; Nd; Sm; Eu; Gd; Tb; Dy; Ho; Er; Tm; Yb; Lu; Hf; Ta; Ga; A/CNK; A/NK; Fe*; K2O/Na2O; Zr/Hf; Eu/Eu*; (La/Yb)N,20260992,20260992,0
R1803,2,validation,GG0029,RCB0024,I,True,A2CFC6311C185EAA2F17BA13E733D522713F64F2850C50F6EEF6E4CE1F592221,,0.05,40,SiO2; TiO2; Al2O3; Fe2O3; FeO; MnO; MgO; CaO; Na2O; K2O; P2O5; Rb; Y; Zr; Nb; Ba; La; Ce; Pr; Nd; Sm; Eu; Gd; Tb; Dy; Ho; Er; Tm; Yb; Lu; Hf; Ta; Ga; A/CNK; A/NK; Fe*; K2O/Na2O; Zr/Hf; Eu/Eu*; (La/Yb)N,20260992,20260992,0
R1804,2,validation,GG0029,RCB0024,I,True,A2CFC6311C185EAA2F17BA13E733D522713F64F2850C50F6EEF6E4CE1F592221,,0.05,40,SiO2; TiO2; Al2O3; Fe2O3; FeO; MnO; MgO; CaO; Na2O; K2O; P2O5; Rb; Y; Zr; Nb; Ba; La; Ce; Pr; Nd; Sm; Eu; Gd; Tb; Dy; Ho; Er; Tm; Yb; Lu; Hf; Ta; Ga; A/CNK; A/NK; Fe*; K2O/Na2O; Zr/Hf; Eu/Eu*; (La/Yb)N,20260992,20260992,0
R1805,2,validation,GG0029,RCB0024,I,True,A2CFC6311C185EAA2F17BA13E733D522713F64F2850C50F6EEF6E4CE1F592221,,0.075,40,SiO2; TiO2; Al2O3; Fe2O3; FeO; MnO; MgO; CaO; Na2O; K2O; P2O5; Rb; Y; Zr; Nb; Ba; La; Ce; Pr; Nd; Sm; Eu; Gd; Tb; Dy; Ho; Er; Tm; Yb; Lu; Hf; Ta; Ga; A/CNK; A/NK; Fe*; K2O/Na2O; Zr/Hf; Eu/Eu*; (La/Yb)N,20260992,20260992,0
R1806,2,validation,GG0029,RCB0024,I,True,A2CFC6311C185EAA2F17BA13E733D522713F64F2850C50F6EEF6E4CE1F592221,,0.075,40,SiO2; TiO2; Al2O3; Fe2O3; FeO; MnO; MgO; CaO; Na2O; K2O; P2O5; Rb; Y; Zr; Nb; Ba; La; Ce; Pr; Nd; Sm; Eu; Gd; Tb; Dy; Ho; Er; Tm; Yb; Lu; Hf; Ta; Ga; A/CNK; A/NK; Fe*; K2O/Na2O; Zr/Hf; Eu/Eu*; (La/Yb)N,20260992,20260992,0
R2507,2,validation,GG0019,RCB0017,I,True,A2CFC6311C185EAA2F17BA13E733D522713F64F2850C50F6EEF6E4CE1F592221,,0.075,40,SiO2; TiO2; Al2O3; Fe2O3; FeO; MnO; MgO; CaO; Na2O; K2O; P2O5; Rb; Y; Zr; Nb; Ba; La; Ce; Pr; Nd; Sm; Eu; Gd; Tb; Dy; Ho; Er; Tm; Yb; Lu; Hf; Ta; Ga; A/CNK; A/NK; Fe*; K2O/Na2O; Zr/Hf; Eu/Eu*; (La/Yb)N,20260992,20260992,0
R2508,2,validation,GG0019,RCB0017,I,True,A2CFC6311C185EAA2F17BA13E733D522713F64F2850C50F6EEF6E4CE1F592221,,0.075,40,SiO2; TiO2; Al2O3; Fe2O3; FeO; MnO; MgO; CaO; Na2O; K2O; P2O5; Rb; Y; Zr; Nb; Ba; La; Ce; Pr; Nd; Sm; Eu; Gd; Tb; Dy; Ho; Er; Tm; Yb; Lu; Hf; Ta; Ga; A/CNK; A/NK; Fe*; K2O/Na2O; Zr/Hf; Eu/Eu*; (La/Yb)N,20260992,20260992,0
R2509,2,validation,GG0019,RCB0017,I,True,A2CFC6311C185EAA2F17BA13E733D522713F64F2850C50F6EEF6E4CE1F592221,,0.075,40,SiO2; TiO2; Al2O3; Fe2O3; FeO; MnO; MgO; CaO; Na2O; K2O; P2O5; Rb; Y; Zr; Nb; Ba; La; Ce; Pr; Nd; Sm; Eu; Gd; Tb; Dy; Ho; Er; Tm; Yb; Lu; Hf; Ta; Ga; A/CNK; A/NK; Fe*; K2O/Na2O; Zr/Hf; Eu/Eu*; (La/Yb)N,20260992,20260992,0
R2510,2,validation,GG0019,RCB0017,I,True,A2CFC6311C185EAA2F17BA13E733D522713F64F2850C50F6EEF6E4CE1F592221,,0.075,40,SiO2; TiO2; Al2O3; Fe2O3; FeO; MnO; MgO; CaO; Na2O; K2O; P2O5; Rb; Y; Zr; Nb; Ba; La; Ce; Pr; Nd; Sm; Eu; Gd; Tb; Dy; Ho; Er; Tm; Yb; Lu; Hf; Ta; Ga; A/CNK; A/NK; Fe*; K2O/Na2O; Zr/Hf; Eu/Eu*; (La/Yb)N,20260992,20260992,0
R2511,2,validation,GG0019,RCB0017,I,True,A2CFC6311C185EAA2F17BA13E733D522713F64F2850C50F6EEF6E4CE1F592221,,0.075,40,SiO2; TiO2; Al2O3; Fe2O3; FeO; MnO; MgO; CaO; Na2O; K2O; P2O5; Rb; Y; Zr; Nb; Ba; La; Ce; Pr; Nd; Sm; Eu; Gd; Tb; Dy; Ho; Er; Tm; Yb; Lu; Hf; Ta; Ga; A/CNK; A/NK; Fe*; K2O/Na2O; Zr/Hf; Eu/Eu*; (La/Yb)N,20260992,20260992,0
R2601,2,validation,GG0002,RCB0002,I,True,A2CFC6311C185EAA2F17BA13E733D522713F64F2850C50F6EEF6E4CE1F592221,,0.075,40,SiO2; TiO2; Al2O3; Fe2O3; FeO; MnO; MgO; CaO; Na2O; K2O; P2O5; Rb; Y; Zr; Nb; Ba; La; Ce; Pr; Nd; Sm; Eu; Gd; Tb; Dy; Ho; Er; Tm; Yb; Lu; Hf; Ta; Ga; A/CNK; A/NK; Fe*; K2O/Na2O; Zr/Hf; Eu/Eu*; (La/Yb)N,20260992,20260992,0
R2602,2,validation,GG0002,RCB0002,I,True,A2CFC6311C185EAA2F17BA13E733D522713F64F2850C50F6EEF6E4CE1F592221,,0.075,40,SiO2; TiO2; Al2O3; Fe2O3; FeO; MnO; MgO; CaO; Na2O; K2O; P2O5; Rb; Y; Zr; Nb; Ba; La; Ce; Pr; Nd; Sm; Eu; Gd; Tb; Dy; Ho; Er; Tm; Yb; Lu; Hf; Ta; Ga; A/CNK; A/NK; Fe*; K2O/Na2O; Zr/Hf; Eu/Eu*; (La/Yb)N,20260992,20260992,0
R2603,2,validation,GG0002,RCB0002,I,True,A2CFC6311C185EAA2F17BA13E733D522713F64F2850C50F6EEF6E4CE1F592221,,0.075,40,SiO2; TiO2; Al2O3; Fe2O3; FeO; MnO; MgO; CaO; Na2O; K2O; P2O5; Rb; Y; Zr; Nb; Ba; La; Ce; Pr; Nd; Sm; Eu; Gd; Tb; Dy; Ho; Er; Tm; Yb; Lu; Hf; Ta; Ga; A/CNK; A/NK; Fe*; K2O/Na2O; Zr/Hf; Eu/Eu*; (La/Yb)N,20260992,20260992,0
R2604,2,validation,GG0002,RCB0002,I,True,A2CFC6311C185EAA2F17BA13E733D522713F64F2850C50F6EEF6E4CE1F592221,,0.075,40,SiO2; TiO2; Al2O3; Fe2O3; FeO; MnO; MgO; CaO; Na2O; K2O; P2O5; Rb; Y; Zr; Nb; Ba; La; Ce; Pr; Nd; Sm; Eu; Gd; Tb; Dy; Ho; Er; Tm; Yb; Lu; Hf; Ta; Ga; A/CNK; A/NK; Fe*; K2O/Na2O; Zr/Hf; Eu/Eu*; (La/Yb)N,20260992,20260992,0
R2605,2,validation,GG0002,RCB0002,I,True,A2CFC6311C185EAA2F17BA13E733D522713F64F2850C50F6EEF6E4CE1F592221,,0.075,40,SiO2; TiO2; Al2O3; Fe2O3; FeO; MnO; MgO; CaO; Na2O; K2O; P2O5; Rb; Y; Zr; Nb; Ba; La; Ce; Pr; Nd; Sm; Eu; Gd; Tb; Dy; Ho; Er; Tm; Yb; Lu; Hf; Ta; Ga; A/CNK; A/NK; Fe*; K2O/Na2O; Zr/Hf; Eu/Eu*; (La/Yb)N,20260992,20260992,0
R2606,2,validation,GG0002,RCB0002,I,True,A2CFC6311C185EAA2F17BA13E733D522713F64F2850C50F6EEF6E4CE1F592221,,0.1,40,SiO2; TiO2; Al2O3; Fe2O3; FeO; MnO; MgO; CaO; Na2O; K2O; P2O5; Rb; Y; Zr; Nb; Ba; La; Ce; Pr; Nd; Sm; Eu; Gd; Tb; Dy; Ho; Er; Tm; Yb; Lu; Hf; Ta; Ga; A/CNK; A/NK; Fe*; K2O/Na2O; Zr/Hf; Eu/Eu*; (La/Yb)N,20260992,20260992,0
R2607,2,validation,GG0002,RCB0002,I,True,A2CFC6311C185EAA2F17BA13E733D522713F64F2850C50F6EEF6E4CE1F592221,,0.1,40,SiO2; TiO2; Al2O3; Fe2O3; FeO; MnO; MgO; CaO; Na2O; K2O; P2O5; Rb; Y; Zr; Nb; Ba; La; Ce; Pr; Nd; Sm; Eu; Gd; Tb; Dy; Ho; Er; Tm; Yb; Lu; Hf; Ta; Ga; A/CNK; A/NK; Fe*; K2O/Na2O; Zr/Hf; Eu/Eu*; (La/Yb)N,20260992,20260992,0
R2608,2,validation,GG0002,RCB0002,I,True,A2CFC6311C185EAA2F17BA13E733D522713F64F2850C50F6EEF6E4CE1F592221,,0.1,40,SiO2; TiO2; Al2O3; Fe2O3; FeO; MnO; MgO; CaO; Na2O; K2O; P2O5; Rb; Y; Zr; Nb; Ba; La; Ce; Pr; Nd; Sm; Eu; Gd; Tb; Dy; Ho; Er; Tm; Yb; Lu; Hf; Ta; Ga; A/CNK; A/NK; Fe*; K2O/Na2O; Zr/Hf; Eu/Eu*; (La/Yb)N,20260992,20260992,0
R2609,2,validation,GG0002,RCB0002,I,True,A2CFC6311C185EAA2F17BA13E733D522713F64F2850C50F6EEF6E4CE1F592221,,0.1,40,SiO2; TiO2; Al2O3; Fe2O3; FeO; MnO; MgO; CaO; Na2O; K2O; P2O5; Rb; Y; Zr; Nb; Ba; La; Ce; Pr; Nd; Sm; Eu; Gd; Tb; Dy; Ho; Er; Tm; Yb; Lu; Hf; Ta; Ga; A/CNK; A/NK; Fe*; K2O/Na2O; Zr/Hf; Eu/Eu*; (La/Yb)N,20260992,20260992,0
R2610,2,validation,GG0002,RCB0002,I,True,A2CFC6311C185EAA2F17BA13E733D522713F64F2850C50F6EEF6E4CE1F592221,,0.075,40,SiO2; TiO2; Al2O3; Fe2O3; FeO; MnO; MgO; CaO; Na2O; K2O; P2O5; Rb; Y; Zr; Nb; Ba; La; Ce; Pr; Nd; Sm; Eu; Gd; Tb; Dy; Ho; Er; Tm; Yb; Lu; Hf; Ta; Ga; A/CNK; A/NK; Fe*; K2O/Na2O; Zr/Hf; Eu/Eu*; (La/Yb)N,20260992,20260992,0
R2611,2,validation,GG0002,RCB0002,I,True,A2CFC6311C185EAA2F17BA13E733D522713F64F2850C50F6EEF6E4CE1F592221,,0.075,40,SiO2; TiO2; Al2O3; Fe2O3; FeO; MnO; MgO; CaO; Na2O; K2O; P2O5; Rb; Y; Zr; Nb; Ba; La; Ce; Pr; Nd; Sm; Eu; Gd; Tb; Dy; Ho; Er; Tm; Yb; Lu; Hf; Ta; Ga; A/CNK; A/NK; Fe*; K2O/Na2O; Zr/Hf; Eu/Eu*; (La/Yb)N,20260992,20260992,0
R2612,2,validation,GG0002,RCB0002,I,True,A2CFC6311C185EAA2F17BA13E733D522713F64F2850C50F6EEF6E4CE1F592221,,0.075,40,SiO2; TiO2; Al2O3; Fe2O3; FeO; MnO; MgO; CaO; Na2O; K2O; P2O5; Rb; Y; Zr; Nb; Ba; La; Ce; Pr; Nd; Sm; Eu; Gd; Tb; Dy; Ho; Er; Tm; Yb; Lu; Hf; Ta; Ga; A/CNK; A/NK; Fe*; K2O/Na2O; Zr/Hf; Eu/Eu*; (La/Yb)N,20260992,20260992,0
R2613,2,validation,GG0002,RCB0002,I,True,A2CFC6311C185EAA2F17BA13E733D522713F64F2850C50F6EEF6E4CE1F592221,,0.075,40,SiO2; TiO2; Al2O3; Fe2O3; FeO; MnO; MgO; CaO; Na2O; K2O; P2O5; Rb; Y; Zr; Nb; Ba; La; Ce; Pr; Nd; Sm; Eu; Gd; Tb; Dy; Ho; Er; Tm; Yb; Lu; Hf; Ta; Ga; A/CNK; A/NK; Fe*; K2O/Na2O; Zr/Hf; Eu/Eu*; (La/Yb)N,20260992,20260992,0
R2614,2,validation,GG0002,RCB0002,I,True,A2CFC6311C185EAA2F17BA13E733D522713F64F2850C50F6EEF6E4CE1F592221,,0.075,40,SiO2; TiO2; Al2O3; Fe2O3; FeO; MnO; MgO; CaO; Na2O; K2O; P2O5; Rb; Y; Zr; Nb; Ba; La; Ce; Pr; Nd; Sm; Eu; Gd; Tb; Dy; Ho; Er; Tm; Yb; Lu; Hf; Ta; Ga; A/CNK; A/NK; Fe*; K2O/Na2O; Zr/Hf; Eu/Eu*; (La/Yb)N,20260992,20260992,0
R2615,2,validation,GG0002,RCB0002,I,True,A2CFC6311C185EAA2F17BA13E733D522713F64F2850C50F6EEF6E4CE1F592221,,0.075,40,SiO2; TiO2; Al2O3; Fe2O3; FeO; MnO; MgO; CaO; Na2O; K2O; P2O5; Rb; Y; Zr; Nb; Ba; La; Ce; Pr; Nd; Sm; Eu; Gd; Tb; Dy; Ho; Er; Tm; Yb; Lu; Hf; Ta; Ga; A/CNK; A/NK; Fe*; K2O/Na2O; Zr/Hf; Eu/Eu*; (La/Yb)N,20260992,20260992,0
R2616,2,validation,GG0002,RCB0002,I,True,A2CFC6311C185EAA2F17BA13E733D522713F64F2850C50F6EEF6E4CE1F592221,,0.075,40,SiO2; TiO2; Al2O3; Fe2O3; FeO; MnO; MgO; CaO; Na2O; K2O; P2O5; Rb; Y; Zr; Nb; Ba; La; Ce; Pr; Nd; Sm; Eu; Gd; Tb; Dy; Ho; Er; Tm; Yb; Lu; Hf; Ta; Ga; A/CNK; A/NK; Fe*; K2O/Na2O; Zr/Hf; Eu/Eu*; (La/Yb)N,20260992,20260992,0
R2617,2,validation,GG0002,RCB0002,I,True,A2CFC6311C185EAA2F17BA13E733D522713F64F2850C50F6EEF6E4CE1F592221,,0.075,40,SiO2; TiO2; Al2O3; Fe2O3; FeO; MnO; MgO; CaO; Na2O; K2O; P2O5; Rb; Y; Zr; Nb; Ba; La; Ce; Pr; Nd; Sm; Eu; Gd; Tb; Dy; Ho; Er; Tm; Yb; Lu; Hf; Ta; Ga; A/CNK; A/NK; Fe*; K2O/Na2O; Zr/Hf; Eu/Eu*; (La/Yb)N,20260992,20260992,0
R2618,2,validation,GG0002,RCB0002,I,True,A2CFC6311C185EAA2F17BA13E733D522713F64F2850C50F6EEF6E4CE1F592221,,0.075,40,SiO2; TiO2; Al2O3; Fe2O3; FeO; MnO; MgO; CaO; Na2O; K2O; P2O5; Rb; Y; Zr; Nb; Ba; La; Ce; Pr; Nd; Sm; Eu; Gd; Tb; Dy; Ho; Er; Tm; Yb; Lu; Hf; Ta; Ga; A/CNK; A/NK; Fe*; K2O/Na2O; Zr/Hf; Eu/Eu*; (La/Yb)N,20260992,20260992,0
R2619,2,validation,GG0002,RCB0002,I,True,A2CFC6311C185EAA2F17BA13E733D522713F64F2850C50F6EEF6E4CE1F592221,,0.075,40,SiO2; TiO2; Al2O3; Fe2O3; FeO; MnO; MgO; CaO; Na2O; K2O; P2O5; Rb; Y; Zr; Nb; Ba; La; Ce; Pr; Nd; Sm; Eu; Gd; Tb; Dy; Ho; Er; Tm; Yb; Lu; Hf; Ta; Ga; A/CNK; A/NK; Fe*; K2O/Na2O; Zr/Hf; Eu/Eu*; (La/Yb)N,20260992,20260992,0
R2620,2,validation,GG0002,RCB0002,I,True,A2CFC6311C185EAA2F17BA13E733D522713F64F2850C50F6EEF6E4CE1F592221,,0.075,40,SiO2; TiO2; Al2O3; Fe2O3; FeO; MnO; MgO; CaO; Na2O; K2O; P2O5; Rb; Y; Zr; Nb; Ba; La; Ce; Pr; Nd; Sm; Eu; Gd; Tb; Dy; Ho; Er; Tm; Yb; Lu; Hf; Ta; Ga; A/CNK; A/NK; Fe*; K2O/Na2O; Zr/Hf; Eu/Eu*; (La/Yb)N,20260992,20260992,0
R2621,2,validation,GG0002,RCB0002,I,True,A2CFC6311C185EAA2F17BA13E733D522713F64F2850C50F6EEF6E4CE1F592221,,0.075,40,SiO2; TiO2; Al2O3; Fe2O3; FeO; MnO; MgO; CaO; Na2O; K2O; P2O5; Rb; Y; Zr; Nb; Ba; La; Ce; Pr; Nd; Sm; Eu; Gd; Tb; Dy; Ho; Er; Tm; Yb; Lu; Hf; Ta; Ga; A/CNK; A/NK; Fe*; K2O/Na2O; Zr/Hf; Eu/Eu*; (La/Yb)N,20260992,20260992,0
R2622,2,validation,GG0002,RCB0002,I,True,A2CFC6311C185EAA2F17BA13E733D522713F64F2850C50F6EEF6E4CE1F592221,,0.075,40,SiO2; TiO2; Al2O3; Fe2O3; FeO; MnO; MgO; CaO; Na2O; K2O; P2O5; Rb; Y; Zr; Nb; Ba; La; Ce; Pr; Nd; Sm; Eu; Gd; Tb; Dy; Ho; Er; Tm; Yb; Lu; Hf; Ta; Ga; A/CNK; A/NK; Fe*; K2O/Na2O; Zr/Hf; Eu/Eu*; (La/Yb)N,20260992,20260992,0
R2623,2,validation,GG0002,RCB0002,I,True,A2CFC6311C185EAA2F17BA13E733D522713F64F2850C50F6EEF6E4CE1F592221,,0.075,40,SiO2; TiO2; Al2O3; Fe2O3; FeO; MnO; MgO; CaO; Na2O; K2O; P2O5; Rb; Y; Zr; Nb; Ba; La; Ce; Pr; Nd; Sm; Eu; Gd; Tb; Dy; Ho; Er; Tm; Yb; Lu; Hf; Ta; Ga; A/CNK; A/NK; Fe*; K2O/Na2O; Zr/Hf; Eu/Eu*; (La/Yb)N,20260992,20260992,0
R2624,2,validation,GG0002,RCB0002,I,True,A2CFC6311C185EAA2F17BA13E733D522713F64F2850C50F6EEF6E4CE1F592221,,0.1,40,SiO2; TiO2; Al2O3; Fe2O3; FeO; MnO; MgO; CaO; Na2O; K2O; P2O5; Rb; Y; Zr; Nb; Ba; La; Ce; Pr; Nd; Sm; Eu; Gd; Tb; Dy; Ho; Er; Tm; Yb; Lu; Hf; Ta; Ga; A/CNK; A/NK; Fe*; K2O/Na2O; Zr/Hf; Eu/Eu*; (La/Yb)N,20260992,20260992,0
R2625,2,validation,GG0002,RCB0002,I,True,A2CFC6311C185EAA2F17BA13E733D522713F64F2850C50F6EEF6E4CE1F592221,,0.1,40,SiO2; TiO2; Al2O3; Fe2O3; FeO; MnO; MgO; CaO; Na2O; K2O; P2O5; Rb; Y; Zr; Nb; Ba; La; Ce; Pr; Nd; Sm; Eu; Gd; Tb; Dy; Ho; Er; Tm; Yb; Lu; Hf; Ta; Ga; A/CNK; A/NK; Fe*; K2O/Na2O; Zr/Hf; Eu/Eu*; (La/Yb)N,20260992,20260992,0
R2626,2,validation,GG0002,RCB0002,I,True,A2CFC6311C185EAA2F17BA13E733D522713F64F2850C50F6EEF6E4CE1F592221,,0.1,40,SiO2; TiO2; Al2O3; Fe2O3; FeO; MnO; MgO; CaO; Na2O; K2O; P2O5; Rb; Y; Zr; Nb; Ba; La; Ce; Pr; Nd; Sm; Eu; Gd; Tb; Dy; Ho; Er; Tm; Yb; Lu; Hf; Ta; Ga; A/CNK; A/NK; Fe*; K2O/Na2O; Zr/Hf; Eu/Eu*; (La/Yb)N,20260992,20260992,0
R2627,2,validation,GG0002,RCB0002,I,True,A2CFC6311C185EAA2F17BA13E733D522713F64F2850C50F6EEF6E4CE1F592221,,0.1,40,SiO2; TiO2; Al2O3; Fe2O3; FeO; MnO; MgO; CaO; Na2O; K2O; P2O5; Rb; Y; Zr; Nb; Ba; La; Ce; Pr; Nd; Sm; Eu; Gd; Tb; Dy; Ho; Er; Tm; Yb; Lu; Hf; Ta; Ga; A/CNK; A/NK; Fe*; K2O/Na2O; Zr/Hf; Eu/Eu*; (La/Yb)N,20260992,20260992,0
R2628,2,validation,GG0002,RCB0002,I,True,A2CFC6311C185EAA2F17BA13E733D522713F64F2850C50F6EEF6E4CE1F592221,,0.1,40,SiO2; TiO2; Al2O3; Fe2O3; FeO; MnO; MgO; CaO; Na2O; K2O; P2O5; Rb; Y; Zr; Nb; Ba; La; Ce; Pr; Nd; Sm; Eu; Gd; Tb; Dy; Ho; Er; Tm; Yb; Lu; Hf; Ta; Ga; A/CNK; A/NK; Fe*; K2O/Na2O; Zr/Hf; Eu/Eu*; (La/Yb)N,20260992,20260992,0
R2629,2,validation,GG0002,RCB0002,I,True,A2CFC6311C185EAA2F17BA13E733D522713F64F2850C50F6EEF6E4CE1F592221,,0.1,40,SiO2; TiO2; Al2O3; Fe2O3; FeO; MnO; MgO; CaO; Na2O; K2O; P2O5; Rb; Y; Zr; Nb; Ba; La; Ce; Pr; Nd; Sm; Eu; Gd; Tb; Dy; Ho; Er; Tm; Yb; Lu; Hf; Ta; Ga; A/CNK; A/NK; Fe*; K2O/Na2O; Zr/Hf; Eu/Eu*; (La/Yb)N,20260992,20260992,0
R2630,2,validation,GG0002,RCB0002,I,True,A2CFC6311C185EAA2F17BA13E733D522713F64F2850C50F6EEF6E4CE1F592221,,0.1,40,SiO2; TiO2; Al2O3; Fe2O3; FeO; MnO; MgO; CaO; Na2O; K2O; P2O5; Rb; Y; Zr; Nb; Ba; La; Ce; Pr; Nd; Sm; Eu; Gd; Tb; Dy; Ho; Er; Tm; Yb; Lu; Hf; Ta; Ga; A/CNK; A/NK; Fe*; K2O/Na2O; Zr/Hf; Eu/Eu*; (La/Yb)N,20260992,20260992,0
R2631,2,validation,GG0002,RCB0002,I,True,A2CFC6311C185EAA2F17BA13E733D522713F64F2850C50F6EEF6E4CE1F592221,,0.275,40,SiO2; TiO2; Al2O3; Fe2O3; FeO; MnO; MgO; CaO; Na2O; K2O; P2O5; Rb; Y; Zr; Nb; Ba; La; Ce; Pr; Nd; Sm; Eu; Gd; Tb; Dy; Ho; Er; Tm; Yb; Lu; Hf; Ta; Ga; A/CNK; A/NK; Fe*; K2O/Na2O; Zr/Hf; Eu/Eu*; (La/Yb)N,20260992,20260992,0
R2632,2,validation,GG0002,RCB0002,I,True,A2CFC6311C185EAA2F17BA13E733D522713F64F2850C50F6EEF6E4CE1F592221,,0.275,40,SiO2; TiO2; Al2O3; Fe2O3; FeO; MnO; MgO; CaO; Na2O; K2O; P2O5; Rb; Y; Zr; Nb; Ba; La; Ce; Pr; Nd; Sm; Eu; Gd; Tb; Dy; Ho; Er; Tm; Yb; Lu; Hf; Ta; Ga; A/CNK; A/NK; Fe*; K2O/Na2O; Zr/Hf; Eu/Eu*; (La/Yb)N,20260992,20260992,0
R2633,2,validation,GG0002,RCB0002,I,True,A2CFC6311C185EAA2F17BA13E733D522713F64F2850C50F6EEF6E4CE1F592221,,0.275,40,SiO2; TiO2; Al2O3; Fe2O3; FeO; MnO; MgO; CaO; Na2O; K2O; P2O5; Rb; Y; Zr; Nb; Ba; La; Ce; Pr; Nd; Sm; Eu; Gd; Tb; Dy; Ho; Er; Tm; Yb; Lu; Hf; Ta; Ga; A/CNK; A/NK; Fe*; K2O/Na2O; Zr/Hf; Eu/Eu*; (La/Yb)N,20260992,20260992,0
R2634,2,validation,GG0002,RCB0002,I,True,A2CFC6311C185EAA2F17BA13E733D522713F64F2850C50F6EEF6E4CE1F592221,,0.275,40,SiO2; TiO2; Al2O3; Fe2O3; FeO; MnO; MgO; CaO; Na2O; K2O; P2O5; Rb; Y; Zr; Nb; Ba; La; Ce; Pr; Nd; Sm; Eu; Gd; Tb; Dy; Ho; Er; Tm; Yb; Lu; Hf; Ta; Ga; A/CNK; A/NK; Fe*; K2O/Na2O; Zr/Hf; Eu/Eu*; (La/Yb)N,20260992,20260992,0
R2635,2,validation,GG0002,RCB0002,I,True,A2CFC6311C185EAA2F17BA13E733D522713F64F2850C50F6EEF6E4CE1F592221,,0.275,40,SiO2; TiO2; Al2O3; Fe2O3; FeO; MnO; MgO; CaO; Na2O; K2O; P2O5; Rb; Y; Zr; Nb; Ba; La; Ce; Pr; Nd; Sm; Eu; Gd; Tb; Dy; Ho; Er; Tm; Yb; Lu; Hf; Ta; Ga; A/CNK; A/NK; Fe*; K2O/Na2O; Zr/Hf; Eu/Eu*; (La/Yb)N,20260992,20260992,0
R2636,2,validation,GG0002,RCB0002,I,False,A2CFC6311C185EAA2F17BA13E733D522713F64F2850C50F6EEF6E4CE1F592221,row_missingness_at_or_above_threshold,0.7,40,SiO2; TiO2; Al2O3; Fe2O3; FeO; MnO; MgO; CaO; Na2O; K2O; P2O5; Rb; Y; Zr; Nb; Ba; La; Ce; Pr; Nd; Sm; Eu; Gd; Tb; Dy; Ho; Er; Tm; Yb; Lu; Hf; Ta; Ga; A/CNK; A/NK; Fe*; K2O/Na2O; Zr/Hf; Eu/Eu*; (La/Yb)N,20260992,20260992,0
R2637,2,validation,GG0002,RCB0002,I,False,A2CFC6311C185EAA2F17BA13E733D522713F64F2850C50F6EEF6E4CE1F592221,row_missingness_at_or_above_threshold,0.7,40,SiO2; TiO2; Al2O3; Fe2O3; FeO; MnO; MgO; CaO; Na2O; K2O; P2O5; Rb; Y; Zr; Nb; Ba; La; Ce; Pr; Nd; Sm; Eu; Gd; Tb; Dy; Ho; Er; Tm; Yb; Lu; Hf; Ta; Ga; A/CNK; A/NK; Fe*; K2O/Na2O; Zr/Hf; Eu/Eu*; (La/Yb)N,20260992,20260992,0
R2638,2,validation,GG0002,RCB0002,I,False,A2CFC6311C185EAA2F17BA13E733D522713F64F2850C50F6EEF6E4CE1F592221,row_missingness_at_or_above_threshold,0.575,40,SiO2; TiO2; Al2O3; Fe2O3; FeO; MnO; MgO; CaO; Na2O; K2O; P2O5; Rb; Y; Zr; Nb; Ba; La; Ce; Pr; Nd; Sm; Eu; Gd; Tb; Dy; Ho; Er; Tm; Yb; Lu; Hf; Ta; Ga; A/CNK; A/NK; Fe*; K2O/Na2O; Zr/Hf; Eu/Eu*; (La/Yb)N,20260992,20260992,0
R2639,2,validation,GG0002,RCB0002,I,False,A2CFC6311C185EAA2F17BA13E733D522713F64F2850C50F6EEF6E4CE1F592221,row_missingness_at_or_above_threshold,0.575,40,SiO2; TiO2; Al2O3; Fe2O3; FeO; MnO; MgO; CaO; Na2O; K2O; P2O5; Rb; Y; Zr; Nb; Ba; La; Ce; Pr; Nd; Sm; Eu; Gd; Tb; Dy; Ho; Er; Tm; Yb; Lu; Hf; Ta; Ga; A/CNK; A/NK; Fe*; K2O/Na2O; Zr/Hf; Eu/Eu*; (La/Yb)N,20260992,20260992,0
R2640,2,validation,GG0002,RCB0002,I,False,A2CFC6311C185EAA2F17BA13E733D522713F64F2850C50F6EEF6E4CE1F592221,row_missingness_at_or_above_threshold,0.575,40,SiO2; TiO2; Al2O3; Fe2O3; FeO; MnO; MgO; CaO; Na2O; K2O; P2O5; Rb; Y; Zr; Nb; Ba; La; Ce; Pr; Nd; Sm; Eu; Gd; Tb; Dy; Ho; Er; Tm; Yb; Lu; Hf; Ta; Ga; A/CNK; A/NK; Fe*; K2O/Na2O; Zr/Hf; Eu/Eu*; (La/Yb)N,20260992,20260992,0
R2641,2,validation,GG0002,RCB0002,I,False,A2CFC6311C185EAA2F17BA13E733D522713F64F2850C50F6EEF6E4CE1F592221,row_missingness_at_or_above_threshold,0.575,40,SiO2; TiO2; Al2O3; Fe2O3; FeO; MnO; MgO; CaO; Na2O; K2O; P2O5; Rb; Y; Zr; Nb; Ba; La; Ce; Pr; Nd; Sm; Eu; Gd; Tb; Dy; Ho; Er; Tm; Yb; Lu; Hf; Ta; Ga; A/CNK; A/NK; Fe*; K2O/Na2O; Zr/Hf; Eu/Eu*; (La/Yb)N,20260992,20260992,0
R2642,2,validation,GG0015,RCB0002,I,True,A2CFC6311C185EAA2F17BA13E733D522713F64F2850C50F6EEF6E4CE1F592221,,0.075,40,SiO2; TiO2; Al2O3; Fe2O3; FeO; MnO; MgO; CaO; Na2O; K2O; P2O5; Rb; Y; Zr; Nb; Ba; La; Ce; Pr; Nd; Sm; Eu; Gd; Tb; Dy; Ho; Er; Tm; Yb; Lu; Hf; Ta; Ga; A/CNK; A/NK; Fe*; K2O/Na2O; Zr/Hf; Eu/Eu*; (La/Yb)N,20260992,20260992,0
R2643,2,validation,GG0015,RCB0002,I,True,A2CFC6311C185EAA2F17BA13E733D522713F64F2850C50F6EEF6E4CE1F592221,,0.075,40,SiO2; TiO2; Al2O3; Fe2O3; FeO; MnO; MgO; CaO; Na2O; K2O; P2O5; Rb; Y; Zr; Nb; Ba; La; Ce; Pr; Nd; Sm; Eu; Gd; Tb; Dy; Ho; Er; Tm; Yb; Lu; Hf; Ta; Ga; A/CNK; A/NK; Fe*; K2O/Na2O; Zr/Hf; Eu/Eu*; (La/Yb)N,20260992,20260992,0
R2644,2,validation,GG0015,RCB0002,I,True,A2CFC6311C185EAA2F17BA13E733D522713F64F2850C50F6EEF6E4CE1F592221,,0.075,40,SiO2; TiO2; Al2O3; Fe2O3; FeO; MnO; MgO; CaO; Na2O; K2O; P2O5; Rb; Y; Zr; Nb; Ba; La; Ce; Pr; Nd; Sm; Eu; Gd; Tb; Dy; Ho; Er; Tm; Yb; Lu; Hf; Ta; Ga; A/CNK; A/NK; Fe*; K2O/Na2O; Zr/Hf; Eu/Eu*; (La/Yb)N,20260992,20260992,0
R2645,2,validation,GG0015,RCB0002,I,True,A2CFC6311C185EAA2F17BA13E733D522713F64F2850C50F6EEF6E4CE1F592221,,0.075,40,SiO2; TiO2; Al2O3; Fe2O3; FeO; MnO; MgO; CaO; Na2O; K2O; P2O5; Rb; Y; Zr; Nb; Ba; La; Ce; Pr; Nd; Sm; Eu; Gd; Tb; Dy; Ho; Er; Tm; Yb; Lu; Hf; Ta; Ga; A/CNK; A/NK; Fe*; K2O/Na2O; Zr/Hf; Eu/Eu*; (La/Yb)N,20260992,20260992,0
R2646,2,validation,GG0015,RCB0002,I,True,A2CFC6311C185EAA2F17BA13E733D522713F64F2850C50F6EEF6E4CE1F592221,,0.075,40,SiO2; TiO2; Al2O3; Fe2O3; FeO; MnO; MgO; CaO; Na2O; K2O; P2O5; Rb; Y; Zr; Nb; Ba; La; Ce; Pr; Nd; Sm; Eu; Gd; Tb; Dy; Ho; Er; Tm; Yb; Lu; Hf; Ta; Ga; A/CNK; A/NK; Fe*; K2O/Na2O; Zr/Hf; Eu/Eu*; (La/Yb)N,20260992,20260992,0
R2647,2,validation,GG0015,RCB0002,I,True,A2CFC6311C185EAA2F17BA13E733D522713F64F2850C50F6EEF6E4CE1F592221,,0.075,40,SiO2; TiO2; Al2O3; Fe2O3; FeO; MnO; MgO; CaO; Na2O; K2O; P2O5; Rb; Y; Zr; Nb; Ba; La; Ce; Pr; Nd; Sm; Eu; Gd; Tb; Dy; Ho; Er; Tm; Yb; Lu; Hf; Ta; Ga; A/CNK; A/NK; Fe*; K2O/Na2O; Zr/Hf; Eu/Eu*; (La/Yb)N,20260992,20260992,0
R2648,2,validation,GG0015,RCB0002,I,True,A2CFC6311C185EAA2F17BA13E733D522713F64F2850C50F6EEF6E4CE1F592221,,0.075,40,SiO2; TiO2; Al2O3; Fe2O3; FeO; MnO; MgO; CaO; Na2O; K2O; P2O5; Rb; Y; Zr; Nb; Ba; La; Ce; Pr; Nd; Sm; Eu; Gd; Tb; Dy; Ho; Er; Tm; Yb; Lu; Hf; Ta; Ga; A/CNK; A/NK; Fe*; K2O/Na2O; Zr/Hf; Eu/Eu*; (La/Yb)N,20260992,20260992,0
R2649,2,validation,GG0015,RCB0002,I,True,A2CFC6311C185EAA2F17BA13E733D522713F64F2850C50F6EEF6E4CE1F592221,,0.25,40,SiO2; TiO2; Al2O3; Fe2O3; FeO; MnO; MgO; CaO; Na2O; K2O; P2O5; Rb; Y; Zr; Nb; Ba; La; Ce; Pr; Nd; Sm; Eu; Gd; Tb; Dy; Ho; Er; Tm; Yb; Lu; Hf; Ta; Ga; A/CNK; A/NK; Fe*; K2O/Na2O; Zr/Hf; Eu/Eu*; (La/Yb)N,20260992,20260992,0
R2650,2,validation,GG0015,RCB0002,I,True,A2CFC6311C185EAA2F17BA13E733D522713F64F2850C50F6EEF6E4CE1F592221,,0.25,40,SiO2; TiO2; Al2O3; Fe2O3; FeO; MnO; MgO; CaO; Na2O; K2O; P2O5; Rb; Y; Zr; Nb; Ba; La; Ce; Pr; Nd; Sm; Eu; Gd; Tb; Dy; Ho; Er; Tm; Yb; Lu; Hf; Ta; Ga; A/CNK; A/NK; Fe*; K2O/Na2O; Zr/Hf; Eu/Eu*; (La/Yb)N,20260992,20260992,0
R2651,2,validation,GG0015,RCB0002,I,True,A2CFC6311C185EAA2F17BA13E733D522713F64F2850C50F6EEF6E4CE1F592221,,0.25,40,SiO2; TiO2; Al2O3; Fe2O3; FeO; MnO; MgO; CaO; Na2O; K2O; P2O5; Rb; Y; Zr; Nb; Ba; La; Ce; Pr; Nd; Sm; Eu; Gd; Tb; Dy; Ho; Er; Tm; Yb; Lu; Hf; Ta; Ga; A/CNK; A/NK; Fe*; K2O/Na2O; Zr/Hf; Eu/Eu*; (La/Yb)N,20260992,20260992,0
R2652,2,validation,GG0015,RCB0002,I,True,A2CFC6311C185EAA2F17BA13E733D522713F64F2850C50F6EEF6E4CE1F592221,,0.25,40,SiO2; TiO2; Al2O3; Fe2O3; FeO; MnO; MgO; CaO; Na2O; K2O; P2O5; Rb; Y; Zr; Nb; Ba; La; Ce; Pr; Nd; Sm; Eu; Gd; Tb; Dy; Ho; Er; Tm; Yb; Lu; Hf; Ta; Ga; A/CNK; A/NK; Fe*; K2O/Na2O; Zr/Hf; Eu/Eu*; (La/Yb)N,20260992,20260992,0
R2653,2,validation,GG0015,RCB0002,I,True,A2CFC6311C185EAA2F17BA13E733D522713F64F2850C50F6EEF6E4CE1F592221,,0.25,40,SiO2; TiO2; Al2O3; Fe2O3; FeO; MnO; MgO; CaO; Na2O; K2O; P2O5; Rb; Y; Zr; Nb; Ba; La; Ce; Pr; Nd; Sm; Eu; Gd; Tb; Dy; Ho; Er; Tm; Yb; Lu; Hf; Ta; Ga; A/CNK; A/NK; Fe*; K2O/Na2O; Zr/Hf; Eu/Eu*; (La/Yb)N,20260992,20260992,0
R2654,2,validation,GG0015,RCB0002,I,True,A2CFC6311C185EAA2F17BA13E733D522713F64F2850C50F6EEF6E4CE1F592221,,0.25,40,SiO2; TiO2; Al2O3; Fe2O3; FeO; MnO; MgO; CaO; Na2O; K2O; P2O5; Rb; Y; Zr; Nb; Ba; La; Ce; Pr; Nd; Sm; Eu; Gd; Tb; Dy; Ho; Er; Tm; Yb; Lu; Hf; Ta; Ga; A/CNK; A/NK; Fe*; K2O/Na2O; Zr/Hf; Eu/Eu*; (La/Yb)N,20260992,20260992,0
R2655,2,validation,GG0015,RCB0002,I,True,A2CFC6311C185EAA2F17BA13E733D522713F64F2850C50F6EEF6E4CE1F592221,,0.25,40,SiO2; TiO2; Al2O3; Fe2O3; FeO; MnO; MgO; CaO; Na2O; K2O; P2O5; Rb; Y; Zr; Nb; Ba; La; Ce; Pr; Nd; Sm; Eu; Gd; Tb; Dy; Ho; Er; Tm; Yb; Lu; Hf; Ta; Ga; A/CNK; A/NK; Fe*; K2O/Na2O; Zr/Hf; Eu/Eu*; (La/Yb)N,20260992,20260992,0
R2656,2,validation,GG0015,RCB0002,I,True,A2CFC6311C185EAA2F17BA13E733D522713F64F2850C50F6EEF6E4CE1F592221,,0.25,40,SiO2; TiO2; Al2O3; Fe2O3; FeO; MnO; MgO; CaO; Na2O; K2O; P2O5; Rb; Y; Zr; Nb; Ba; La; Ce; Pr; Nd; Sm; Eu; Gd; Tb; Dy; Ho; Er; Tm; Yb; Lu; Hf; Ta; Ga; A/CNK; A/NK; Fe*; K2O/Na2O; Zr/Hf; Eu/Eu*; (La/Yb)N,20260992,20260992,0
R2657,2,validation,GG0015,RCB0002,I,True,A2CFC6311C185EAA2F17BA13E733D522713F64F2850C50F6EEF6E4CE1F592221,,0.25,40,SiO2; TiO2; Al2O3; Fe2O3; FeO; MnO; MgO; CaO; Na2O; K2O; P2O5; Rb; Y; Zr; Nb; Ba; La; Ce; Pr; Nd; Sm; Eu; Gd; Tb; Dy; Ho; Er; Tm; Yb; Lu; Hf; Ta; Ga; A/CNK; A/NK; Fe*; K2O/Na2O; Zr/Hf; Eu/Eu*; (La/Yb)N,20260992,20260992,0
R2658,2,validation,GG0015,RCB0002,I,True,A2CFC6311C185EAA2F17BA13E733D522713F64F2850C50F6EEF6E4CE1F592221,,0.05,40,SiO2; TiO2; Al2O3; Fe2O3; FeO; MnO; MgO; CaO; Na2O; K2O; P2O5; Rb; Y; Zr; Nb; Ba; La; Ce; Pr; Nd; Sm; Eu; Gd; Tb; Dy; Ho; Er; Tm; Yb; Lu; Hf; Ta; Ga; A/CNK; A/NK; Fe*; K2O/Na2O; Zr/Hf; Eu/Eu*; (La/Yb)N,20260992,20260992,0
R2659,2,validation,GG0015,RCB0002,I,True,A2CFC6311C185EAA2F17BA13E733D522713F64F2850C50F6EEF6E4CE1F592221,,0.05,40,SiO2; TiO2; Al2O3; Fe2O3; FeO; MnO; MgO; CaO; Na2O; K2O; P2O5; Rb; Y; Zr; Nb; Ba; La; Ce; Pr; Nd; Sm; Eu; Gd; Tb; Dy; Ho; Er; Tm; Yb; Lu; Hf; Ta; Ga; A/CNK; A/NK; Fe*; K2O/Na2O; Zr/Hf; Eu/Eu*; (La/Yb)N,20260992,20260992,0
R2660,2,validation,GG0015,RCB0002,I,True,A2CFC6311C185EAA2F17BA13E733D522713F64F2850C50F6EEF6E4CE1F592221,,0.05,40,SiO2; TiO2; Al2O3; Fe2O3; FeO; MnO; MgO; CaO; Na2O; K2O; P2O5; Rb; Y; Zr; Nb; Ba; La; Ce; Pr; Nd; Sm; Eu; Gd; Tb; Dy; Ho; Er; Tm; Yb; Lu; Hf; Ta; Ga; A/CNK; A/NK; Fe*; K2O/Na2O; Zr/Hf; Eu/Eu*; (La/Yb)N,20260992,20260992,0
R2661,2,validation,GG0015,RCB0002,I,True,A2CFC6311C185EAA2F17BA13E733D522713F64F2850C50F6EEF6E4CE1F592221,,0.05,40,SiO2; TiO2; Al2O3; Fe2O3; FeO; MnO; MgO; CaO; Na2O; K2O; P2O5; Rb; Y; Zr; Nb; Ba; La; Ce; Pr; Nd; Sm; Eu; Gd; Tb; Dy; Ho; Er; Tm; Yb; Lu; Hf; Ta; Ga; A/CNK; A/NK; Fe*; K2O/Na2O; Zr/Hf; Eu/Eu*; (La/Yb)N,20260992,20260992,0
R2662,2,validation,GG0015,RCB0002,I,True,A2CFC6311C185EAA2F17BA13E733D522713F64F2850C50F6EEF6E4CE1F592221,,0.05,40,SiO2; TiO2; Al2O3; Fe2O3; FeO; MnO; MgO; CaO; Na2O; K2O; P2O5; Rb; Y; Zr; Nb; Ba; La; Ce; Pr; Nd; Sm; Eu; Gd; Tb; Dy; Ho; Er; Tm; Yb; Lu; Hf; Ta; Ga; A/CNK; A/NK; Fe*; K2O/Na2O; Zr/Hf; Eu/Eu*; (La/Yb)N,20260992,20260992,0
R2663,2,validation,GG0015,RCB0002,I,True,A2CFC6311C185EAA2F17BA13E733D522713F64F2850C50F6EEF6E4CE1F592221,,0.05,40,SiO2; TiO2; Al2O3; Fe2O3; FeO; MnO; MgO; CaO; Na2O; K2O; P2O5; Rb; Y; Zr; Nb; Ba; La; Ce; Pr; Nd; Sm; Eu; Gd; Tb; Dy; Ho; Er; Tm; Yb; Lu; Hf; Ta; Ga; A/CNK; A/NK; Fe*; K2O/Na2O; Zr/Hf; Eu/Eu*; (La/Yb)N,20260992,20260992,0
R2664,2,validation,GG0015,RCB0002,I,True,A2CFC6311C185EAA2F17BA13E733D522713F64F2850C50F6EEF6E4CE1F592221,,0.05,40,SiO2; TiO2; Al2O3; Fe2O3; FeO; MnO; MgO; CaO; Na2O; K2O; P2O5; Rb; Y; Zr; Nb; Ba; La; Ce; Pr; Nd; Sm; Eu; Gd; Tb; Dy; Ho; Er; Tm; Yb; Lu; Hf; Ta; Ga; A/CNK; A/NK; Fe*; K2O/Na2O; Zr/Hf; Eu/Eu*; (La/Yb)N,20260992,20260992,0
R2665,2,validation,GG0015,RCB0002,I,True,A2CFC6311C185EAA2F17BA13E733D522713F64F2850C50F6EEF6E4CE1F592221,,0.05,40,SiO2; TiO2; Al2O3; Fe2O3; FeO; MnO; MgO; CaO; Na2O; K2O; P2O5; Rb; Y; Zr; Nb; Ba; La; Ce; Pr; Nd; Sm; Eu; Gd; Tb; Dy; Ho; Er; Tm; Yb; Lu; Hf; Ta; Ga; A/CNK; A/NK; Fe*; K2O/Na2O; Zr/Hf; Eu/Eu*; (La/Yb)N,20260992,20260992,0
R2666,2,validation,GG0015,RCB0002,I,True,A2CFC6311C185EAA2F17BA13E733D522713F64F2850C50F6EEF6E4CE1F592221,,0.05,40,SiO2; TiO2; Al2O3; Fe2O3; FeO; MnO; MgO; CaO; Na2O; K2O; P2O5; Rb; Y; Zr; Nb; Ba; La; Ce; Pr; Nd; Sm; Eu; Gd; Tb; Dy; Ho; Er; Tm; Yb; Lu; Hf; Ta; Ga; A/CNK; A/NK; Fe*; K2O/Na2O; Zr/Hf; Eu/Eu*; (La/Yb)N,20260992,20260992,0
R2667,2,validation,GG0015,RCB0002,I,True,A2CFC6311C185EAA2F17BA13E733D522713F64F2850C50F6EEF6E4CE1F592221,,0.05,40,SiO2; TiO2; Al2O3; Fe2O3; FeO; MnO; MgO; CaO; Na2O; K2O; P2O5; Rb; Y; Zr; Nb; Ba; La; Ce; Pr; Nd; Sm; Eu; Gd; Tb; Dy; Ho; Er; Tm; Yb; Lu; Hf; Ta; Ga; A/CNK; A/NK; Fe*; K2O/Na2O; Zr/Hf; Eu/Eu*; (La/Yb)N,20260992,20260992,0
R2668,2,validation,GG0015,RCB0002,I,True,A2CFC6311C185EAA2F17BA13E733D522713F64F2850C50F6EEF6E4CE1F592221,,0.05,40,SiO2; TiO2; Al2O3; Fe2O3; FeO; MnO; MgO; CaO; Na2O; K2O; P2O5; Rb; Y; Zr; Nb; Ba; La; Ce; Pr; Nd; Sm; Eu; Gd; Tb; Dy; Ho; Er; Tm; Yb; Lu; Hf; Ta; Ga; A/CNK; A/NK; Fe*; K2O/Na2O; Zr/Hf; Eu/Eu*; (La/Yb)N,20260992,20260992,0
R0001,3,validation,GG0001,RCB0001,S,True,A2CFC6311C185EAA2F17BA13E733D522713F64F2850C50F6EEF6E4CE1F592221,,0.05,40,SiO2; TiO2; Al2O3; Fe2O3; FeO; MnO; MgO; CaO; Na2O; K2O; P2O5; Rb; Y; Zr; Nb; Ba; La; Ce; Pr; Nd; Sm; Eu; Gd; Tb; Dy; Ho; Er; Tm; Yb; Lu; Hf; Ta; Ga; A/CNK; A/NK; Fe*; K2O/Na2O; Zr/Hf; Eu/Eu*; (La/Yb)N,20260992,20260992,0
R0002,3,validation,GG0001,RCB0001,S,True,A2CFC6311C185EAA2F17BA13E733D522713F64F2850C50F6EEF6E4CE1F592221,,0.05,40,SiO2; TiO2; Al2O3; Fe2O3; FeO; MnO; MgO; CaO; Na2O; K2O; P2O5; Rb; Y; Zr; Nb; Ba; La; Ce; Pr; Nd; Sm; Eu; Gd; Tb; Dy; Ho; Er; Tm; Yb; Lu; Hf; Ta; Ga; A/CNK; A/NK; Fe*; K2O/Na2O; Zr/Hf; Eu/Eu*; (La/Yb)N,20260992,20260992,0
R0003,3,validation,GG0001,RCB0001,S,True,A2CFC6311C185EAA2F17BA13E733D522713F64F2850C50F6EEF6E4CE1F592221,,0.05,40,SiO2; TiO2; Al2O3; Fe2O3; FeO; MnO; MgO; CaO; Na2O; K2O; P2O5; Rb; Y; Zr; Nb; Ba; La; Ce; Pr; Nd; Sm; Eu; Gd; Tb; Dy; Ho; Er; Tm; Yb; Lu; Hf; Ta; Ga; A/CNK; A/NK; Fe*; K2O/Na2O; Zr/Hf; Eu/Eu*; (La/Yb)N,20260992,20260992,0
R0004,3,validation,GG0001,RCB0001,S,True,A2CFC6311C185EAA2F17BA13E733D522713F64F2850C50F6EEF6E4CE1F592221,,0.05,40,SiO2; TiO2; Al2O3; Fe2O3; FeO; MnO; MgO; CaO; Na2O; K2O; P2O5; Rb; Y; Zr; Nb; Ba; La; Ce; Pr; Nd; Sm; Eu; Gd; Tb; Dy; Ho; Er; Tm; Yb; Lu; Hf; Ta; Ga; A/CNK; A/NK; Fe*; K2O/Na2O; Zr/Hf; Eu/Eu*; (La/Yb)N,20260992,20260992,0
R0005,3,validation,GG0001,RCB0001,S,True,A2CFC6311C185EAA2F17BA13E733D522713F64F2850C50F6EEF6E4CE1F592221,,0.05,40,SiO2; TiO2; Al2O3; Fe2O3; FeO; MnO; MgO; CaO; Na2O; K2O; P2O5; Rb; Y; Zr; Nb; Ba; La; Ce; Pr; Nd; Sm; Eu; Gd; Tb; Dy; Ho; Er; Tm; Yb; Lu; Hf; Ta; Ga; A/CNK; A/NK; Fe*; K2O/Na2O; Zr/Hf; Eu/Eu*; (La/Yb)N,20260992,20260992,0
R0006,3,validation,GG0001,RCB0001,S,True,A2CFC6311C185EAA2F17BA13E733D522713F64F2850C50F6EEF6E4CE1F592221,,0.05,40,SiO2; TiO2; Al2O3; Fe2O3; FeO; MnO; MgO; CaO; Na2O; K2O; P2O5; Rb; Y; Zr; Nb; Ba; La; Ce; Pr; Nd; Sm; Eu; Gd; Tb; Dy; Ho; Er; Tm; Yb; Lu; Hf; Ta; Ga; A/CNK; A/NK; Fe*; K2O/Na2O; Zr/Hf; Eu/Eu*; (La/Yb)N,20260992,20260992,0
R0007,3,validation,GG0001,RCB0001,S,True,A2CFC6311C185EAA2F17BA13E733D522713F64F2850C50F6EEF6E4CE1F592221,,0.05,40,SiO2; TiO2; Al2O3; Fe2O3; FeO; MnO; MgO; CaO; Na2O; K2O; P2O5; Rb; Y; Zr; Nb; Ba; La; Ce; Pr; Nd; Sm; Eu; Gd; Tb; Dy; Ho; Er; Tm; Yb; Lu; Hf; Ta; Ga; A/CNK; A/NK; Fe*; K2O/Na2O; Zr/Hf; Eu/Eu*; (La/Yb)N,20260992,20260992,0
R0081,3,validation,GG0045,RCB0034,S,True,A2CFC6311C185EAA2F17BA13E733D522713F64F2850C50F6EEF6E4CE1F592221,,0.1,40,SiO2; TiO2; Al2O3; Fe2O3; FeO; MnO; MgO; CaO; Na2O; K2O; P2O5; Rb; Y; Zr; Nb; Ba; La; Ce; Pr; Nd; Sm; Eu; Gd; Tb; Dy; Ho; Er; Tm; Yb; Lu; Hf; Ta; Ga; A/CNK; A/NK; Fe*; K2O/Na2O; Zr/Hf; Eu/Eu*; (La/Yb)N,20260992,20260992,0
R0082,3,validation,GG0045,RCB0034,S,True,A2CFC6311C185EAA2F17BA13E733D522713F64F2850C50F6EEF6E4CE1F592221,,0.1,40,SiO2; TiO2; Al2O3; Fe2O3; FeO; MnO; MgO; CaO; Na2O; K2O; P2O5; Rb; Y; Zr; Nb; Ba; La; Ce; Pr; Nd; Sm; Eu; Gd; Tb; Dy; Ho; Er; Tm; Yb; Lu; Hf; Ta; Ga; A/CNK; A/NK; Fe*; K2O/Na2O; Zr/Hf; Eu/Eu*; (La/Yb)N,20260992,20260992,0
R0083,3,validation,GG0045,RCB0034,S,True,A2CFC6311C185EAA2F17BA13E733D522713F64F2850C50F6EEF6E4CE1F592221,,0.1,40,SiO2; TiO2; Al2O3; Fe2O3; FeO; MnO; MgO; CaO; Na2O; K2O; P2O5; Rb; Y; Zr; Nb; Ba; La; Ce; Pr; Nd; Sm; Eu; Gd; Tb; Dy; Ho; Er; Tm; Yb; Lu; Hf; Ta; Ga; A/CNK; A/NK; Fe*; K2O/Na2O; Zr/Hf; Eu/Eu*; (La/Yb)N,20260992,20260992,0
R0084,3,validation,GG0045,RCB0034,S,True,A2CFC6311C185EAA2F17BA13E733D522713F64F2850C50F6EEF6E4CE1F592221,,0.1,40,SiO2; TiO2; Al2O3; Fe2O3; FeO; MnO; MgO; CaO; Na2O; K2O; P2O5; Rb; Y; Zr; Nb; Ba; La; Ce; Pr; Nd; Sm; Eu; Gd; Tb; Dy; Ho; Er; Tm; Yb; Lu; Hf; Ta; Ga; A/CNK; A/NK; Fe*; K2O/Na2O; Zr/Hf; Eu/Eu*; (La/Yb)N,20260992,20260992,0
R0085,3,validation,GG0045,RCB0034,S,True,A2CFC6311C185EAA2F17BA13E733D522713F64F2850C50F6EEF6E4CE1F592221,,0.1,40,SiO2; TiO2; Al2O3; Fe2O3; FeO; MnO; MgO; CaO; Na2O; K2O; P2O5; Rb; Y; Zr; Nb; Ba; La; Ce; Pr; Nd; Sm; Eu; Gd; Tb; Dy; Ho; Er; Tm; Yb; Lu; Hf; Ta; Ga; A/CNK; A/NK; Fe*; K2O/Na2O; Zr/Hf; Eu/Eu*; (La/Yb)N,20260992,20260992,0
R0086,3,validation,GG0045,RCB0034,S,True,A2CFC6311C185EAA2F17BA13E733D522713F64F2850C50F6EEF6E4CE1F592221,,0.1,40,SiO2; TiO2; Al2O3; Fe2O3; FeO; MnO; MgO; CaO; Na2O; K2O; P2O5; Rb; Y; Zr; Nb; Ba; La; Ce; Pr; Nd; Sm; Eu; Gd; Tb; Dy; Ho; Er; Tm; Yb; Lu; Hf; Ta; Ga; A/CNK; A/NK; Fe*; K2O/Na2O; Zr/Hf; Eu/Eu*; (La/Yb)N,20260992,20260992,0
R0087,3,validation,GG0045,RCB0034,S,True,A2CFC6311C185EAA2F17BA13E733D522713F64F2850C50F6EEF6E4CE1F592221,,0.1,40,SiO2; TiO2; Al2O3; Fe2O3; FeO; MnO; MgO; CaO; Na2O; K2O; P2O5; Rb; Y; Zr; Nb; Ba; La; Ce; Pr; Nd; Sm; Eu; Gd; Tb; Dy; Ho; Er; Tm; Yb; Lu; Hf; Ta; Ga; A/CNK; A/NK; Fe*; K2O/Na2O; Zr/Hf; Eu/Eu*; (La/Yb)N,20260992,20260992,0
R0088,3,validation,GG0045,RCB0034,S,True,A2CFC6311C185EAA2F17BA13E733D522713F64F2850C50F6EEF6E4CE1F592221,,0.1,40,SiO2; TiO2; Al2O3; Fe2O3; FeO; MnO; MgO; CaO; Na2O; K2O; P2O5; Rb; Y; Zr; Nb; Ba; La; Ce; Pr; Nd; Sm; Eu; Gd; Tb; Dy; Ho; Er; Tm; Yb; Lu; Hf; Ta; Ga; A/CNK; A/NK; Fe*; K2O/Na2O; Zr/Hf; Eu/Eu*; (La/Yb)N,20260992,20260992,0
R0089,3,validation,GG0045,RCB0034,S,True,A2CFC6311C185EAA2F17BA13E733D522713F64F2850C50F6EEF6E4CE1F592221,,0.1,40,SiO2; TiO2; Al2O3; Fe2O3; FeO; MnO; MgO; CaO; Na2O; K2O; P2O5; Rb; Y; Zr; Nb; Ba; La; Ce; Pr; Nd; Sm; Eu; Gd; Tb; Dy; Ho; Er; Tm; Yb; Lu; Hf; Ta; Ga; A/CNK; A/NK; Fe*; K2O/Na2O; Zr/Hf; Eu/Eu*; (La/Yb)N,20260992,20260992,0
R0090,3,validation,GG0045,RCB0034,S,True,A2CFC6311C185EAA2F17BA13E733D522713F64F2850C50F6EEF6E4CE1F592221,,0.1,40,SiO2; TiO2; Al2O3; Fe2O3; FeO; MnO; MgO; CaO; Na2O; K2O; P2O5; Rb; Y; Zr; Nb; Ba; La; Ce; Pr; Nd; Sm; Eu; Gd; Tb; Dy; Ho; Er; Tm; Yb; Lu; Hf; Ta; Ga; A/CNK; A/NK; Fe*; K2O/Na2O; Zr/Hf; Eu/Eu*; (La/Yb)N,20260992,20260992,0
R0091,3,validation,GG0045,RCB0034,S,True,A2CFC6311C185EAA2F17BA13E733D522713F64F2850C50F6EEF6E4CE1F592221,,0.1,40,SiO2; TiO2; Al2O3; Fe2O3; FeO; MnO; MgO; CaO; Na2O; K2O; P2O5; Rb; Y; Zr; Nb; Ba; La; Ce; Pr; Nd; Sm; Eu; Gd; Tb; Dy; Ho; Er; Tm; Yb; Lu; Hf; Ta; Ga; A/CNK; A/NK; Fe*; K2O/Na2O; Zr/Hf; Eu/Eu*; (La/Yb)N,20260992,20260992,0
R0123,3,validation,GG0017,RCB0007,A,True,A2CFC6311C185EAA2F17BA13E733D522713F64F2850C50F6EEF6E4CE1F592221,,0.025,40,SiO2; TiO2; Al2O3; Fe2O3; FeO; MnO; MgO; CaO; Na2O; K2O; P2O5; Rb; Y; Zr; Nb; Ba; La; Ce; Pr; Nd; Sm; Eu; Gd; Tb; Dy; Ho; Er; Tm; Yb; Lu; Hf; Ta; Ga; A/CNK; A/NK; Fe*; K2O/Na2O; Zr/Hf; Eu/Eu*; (La/Yb)N,20260992,20260992,0
R0124,3,validation,GG0017,RCB0007,A,True,A2CFC6311C185EAA2F17BA13E733D522713F64F2850C50F6EEF6E4CE1F592221,,0.025,40,SiO2; TiO2; Al2O3; Fe2O3; FeO; MnO; MgO; CaO; Na2O; K2O; P2O5; Rb; Y; Zr; Nb; Ba; La; Ce; Pr; Nd; Sm; Eu; Gd; Tb; Dy; Ho; Er; Tm; Yb; Lu; Hf; Ta; Ga; A/CNK; A/NK; Fe*; K2O/Na2O; Zr/Hf; Eu/Eu*; (La/Yb)N,20260992,20260992,0
R0125,3,validation,GG0017,RCB0007,A,True,A2CFC6311C185EAA2F17BA13E733D522713F64F2850C50F6EEF6E4CE1F592221,,0.025,40,SiO2; TiO2; Al2O3; Fe2O3; FeO; MnO; MgO; CaO; Na2O; K2O; P2O5; Rb; Y; Zr; Nb; Ba; La; Ce; Pr; Nd; Sm; Eu; Gd; Tb; Dy; Ho; Er; Tm; Yb; Lu; Hf; Ta; Ga; A/CNK; A/NK; Fe*; K2O/Na2O; Zr/Hf; Eu/Eu*; (La/Yb)N,20260992,20260992,0
R0126,3,validation,GG0017,RCB0007,A,True,A2CFC6311C185EAA2F17BA13E733D522713F64F2850C50F6EEF6E4CE1F592221,,0.025,40,SiO2; TiO2; Al2O3; Fe2O3; FeO; MnO; MgO; CaO; Na2O; K2O; P2O5; Rb; Y; Zr; Nb; Ba; La; Ce; Pr; Nd; Sm; Eu; Gd; Tb; Dy; Ho; Er; Tm; Yb; Lu; Hf; Ta; Ga; A/CNK; A/NK; Fe*; K2O/Na2O; Zr/Hf; Eu/Eu*; (La/Yb)N,20260992,20260992,0
R0127,3,validation,GG0017,RCB0007,A,True,A2CFC6311C185EAA2F17BA13E733D522713F64F2850C50F6EEF6E4CE1F592221,,0.025,40,SiO2; TiO2; Al2O3; Fe2O3; FeO; MnO; MgO; CaO; Na2O; K2O; P2O5; Rb; Y; Zr; Nb; Ba; La; Ce; Pr; Nd; Sm; Eu; Gd; Tb; Dy; Ho; Er; Tm; Yb; Lu; Hf; Ta; Ga; A/CNK; A/NK; Fe*; K2O/Na2O; Zr/Hf; Eu/Eu*; (La/Yb)N,20260992,20260992,0
R0128,3,validation,GG0017,RCB0007,A,True,A2CFC6311C185EAA2F17BA13E733D522713F64F2850C50F6EEF6E4CE1F592221,,0.025,40,SiO2; TiO2; Al2O3; Fe2O3; FeO; MnO; MgO; CaO; Na2O; K2O; P2O5; Rb; Y; Zr; Nb; Ba; La; Ce; Pr; Nd; Sm; Eu; Gd; Tb; Dy; Ho; Er; Tm; Yb; Lu; Hf; Ta; Ga; A/CNK; A/NK; Fe*; K2O/Na2O; Zr/Hf; Eu/Eu*; (La/Yb)N,20260992,20260992,0
R0129,3,validation,GG0007,RCB0007,I,True,A2CFC6311C185EAA2F17BA13E733D522713F64F2850C50F6EEF6E4CE1F592221,,0.0,40,SiO2; TiO2; Al2O3; Fe2O3; FeO; MnO; MgO; CaO; Na2O; K2O; P2O5; Rb; Y; Zr; Nb; Ba; La; Ce; Pr; Nd; Sm; Eu; Gd; Tb; Dy; Ho; Er; Tm; Yb; Lu; Hf; Ta; Ga; A/CNK; A/NK; Fe*; K2O/Na2O; Zr/Hf; Eu/Eu*; (La/Yb)N,20260992,20260992,0
R0130,3,validation,GG0007,RCB0007,I,True,A2CFC6311C185EAA2F17BA13E733D522713F64F2850C50F6EEF6E4CE1F592221,,0.0,40,SiO2; TiO2; Al2O3; Fe2O3; FeO; MnO; MgO; CaO; Na2O; K2O; P2O5; Rb; Y; Zr; Nb; Ba; La; Ce; Pr; Nd; Sm; Eu; Gd; Tb; Dy; Ho; Er; Tm; Yb; Lu; Hf; Ta; Ga; A/CNK; A/NK; Fe*; K2O/Na2O; Zr/Hf; Eu/Eu*; (La/Yb)N,20260992,20260992,0
R0131,3,validation,GG0007,RCB0007,I,True,A2CFC6311C185EAA2F17BA13E733D522713F64F2850C50F6EEF6E4CE1F592221,,0.0,40,SiO2; TiO2; Al2O3; Fe2O3; FeO; MnO; MgO; CaO; Na2O; K2O; P2O5; Rb; Y; Zr; Nb; Ba; La; Ce; Pr; Nd; Sm; Eu; Gd; Tb; Dy; Ho; Er; Tm; Yb; Lu; Hf; Ta; Ga; A/CNK; A/NK; Fe*; K2O/Na2O; Zr/Hf; Eu/Eu*; (La/Yb)N,20260992,20260992,0
R0132,3,validation,GG0007,RCB0007,I,True,A2CFC6311C185EAA2F17BA13E733D522713F64F2850C50F6EEF6E4CE1F592221,,0.0,40,SiO2; TiO2; Al2O3; Fe2O3; FeO; MnO; MgO; CaO; Na2O; K2O; P2O5; Rb; Y; Zr; Nb; Ba; La; Ce; Pr; Nd; Sm; Eu; Gd; Tb; Dy; Ho; Er; Tm; Yb; Lu; Hf; Ta; Ga; A/CNK; A/NK; Fe*; K2O/Na2O; Zr/Hf; Eu/Eu*; (La/Yb)N,20260992,20260992,0
R0133,3,validation,GG0007,RCB0007,I,True,A2CFC6311C185EAA2F17BA13E733D522713F64F2850C50F6EEF6E4CE1F592221,,0.0,40,SiO2; TiO2; Al2O3; Fe2O3; FeO; MnO; MgO; CaO; Na2O; K2O; P2O5; Rb; Y; Zr; Nb; Ba; La; Ce; Pr; Nd; Sm; Eu; Gd; Tb; Dy; Ho; Er; Tm; Yb; Lu; Hf; Ta; Ga; A/CNK; A/NK; Fe*; K2O/Na2O; Zr/Hf; Eu/Eu*; (La/Yb)N,20260992,20260992,0
R0134,3,validation,GG0007,RCB0007,I,True,A2CFC6311C185EAA2F17BA13E733D522713F64F2850C50F6EEF6E4CE1F592221,,0.0,40,SiO2; TiO2; Al2O3; Fe2O3; FeO; MnO; MgO; CaO; Na2O; K2O; P2O5; Rb; Y; Zr; Nb; Ba; La; Ce; Pr; Nd; Sm; Eu; Gd; Tb; Dy; Ho; Er; Tm; Yb; Lu; Hf; Ta; Ga; A/CNK; A/NK; Fe*; K2O/Na2O; Zr/Hf; Eu/Eu*; (La/Yb)N,20260992,20260992,0
R0135,3,validation,GG0007,RCB0007,I,True,A2CFC6311C185EAA2F17BA13E733D522713F64F2850C50F6EEF6E4CE1F592221,,0.0,40,SiO2; TiO2; Al2O3; Fe2O3; FeO; MnO; MgO; CaO; Na2O; K2O; P2O5; Rb; Y; Zr; Nb; Ba; La; Ce; Pr; Nd; Sm; Eu; Gd; Tb; Dy; Ho; Er; Tm; Yb; Lu; Hf; Ta; Ga; A/CNK; A/NK; Fe*; K2O/Na2O; Zr/Hf; Eu/Eu*; (La/Yb)N,20260992,20260992,0
R0136,3,validation,GG0007,RCB0007,I,True,A2CFC6311C185EAA2F17BA13E733D522713F64F2850C50F6EEF6E4CE1F592221,,0.025,40,SiO2; TiO2; Al2O3; Fe2O3; FeO; MnO; MgO; CaO; Na2O; K2O; P2O5; Rb; Y; Zr; Nb; Ba; La; Ce; Pr; Nd; Sm; Eu; Gd; Tb; Dy; Ho; Er; Tm; Yb; Lu; Hf; Ta; Ga; A/CNK; A/NK; Fe*; K2O/Na2O; Zr/Hf; Eu/Eu*; (La/Yb)N,20260992,20260992,0
R0137,3,validation,GG0007,RCB0007,I,True,A2CFC6311C185EAA2F17BA13E733D522713F64F2850C50F6EEF6E4CE1F592221,,0.2,40,SiO2; TiO2; Al2O3; Fe2O3; FeO; MnO; MgO; CaO; Na2O; K2O; P2O5; Rb; Y; Zr; Nb; Ba; La; Ce; Pr; Nd; Sm; Eu; Gd; Tb; Dy; Ho; Er; Tm; Yb; Lu; Hf; Ta; Ga; A/CNK; A/NK; Fe*; K2O/Na2O; Zr/Hf; Eu/Eu*; (La/Yb)N,20260992,20260992,0
R0138,3,validation,GG0007,RCB0007,I,True,A2CFC6311C185EAA2F17BA13E733D522713F64F2850C50F6EEF6E4CE1F592221,,0.025,40,SiO2; TiO2; Al2O3; Fe2O3; FeO; MnO; MgO; CaO; Na2O; K2O; P2O5; Rb; Y; Zr; Nb; Ba; La; Ce; Pr; Nd; Sm; Eu; Gd; Tb; Dy; Ho; Er; Tm; Yb; Lu; Hf; Ta; Ga; A/CNK; A/NK; Fe*; K2O/Na2O; Zr/Hf; Eu/Eu*; (La/Yb)N,20260992,20260992,0
R0139,3,validation,GG0007,RCB0007,I,True,A2CFC6311C185EAA2F17BA13E733D522713F64F2850C50F6EEF6E4CE1F592221,,0.2,40,SiO2; TiO2; Al2O3; Fe2O3; FeO; MnO; MgO; CaO; Na2O; K2O; P2O5; Rb; Y; Zr; Nb; Ba; La; Ce; Pr; Nd; Sm; Eu; Gd; Tb; Dy; Ho; Er; Tm; Yb; Lu; Hf; Ta; Ga; A/CNK; A/NK; Fe*; K2O/Na2O; Zr/Hf; Eu/Eu*; (La/Yb)N,20260992,20260992,0
R0144,3,validation,GG0034,RCB0027,S,True,A2CFC6311C185EAA2F17BA13E733D522713F64F2850C50F6EEF6E4CE1F592221,,0.0,40,SiO2; TiO2; Al2O3; Fe2O3; FeO; MnO; MgO; CaO; Na2O; K2O; P2O5; Rb; Y; Zr; Nb; Ba; La; Ce; Pr; Nd; Sm; Eu; Gd; Tb; Dy; Ho; Er; Tm; Yb; Lu; Hf; Ta; Ga; A/CNK; A/NK; Fe*; K2O/Na2O; Zr/Hf; Eu/Eu*; (La/Yb)N,20260992,20260992,0
R0145,3,validation,GG0034,RCB0027,S,True,A2CFC6311C185EAA2F17BA13E733D522713F64F2850C50F6EEF6E4CE1F592221,,0.0,40,SiO2; TiO2; Al2O3; Fe2O3; FeO; MnO; MgO; CaO; Na2O; K2O; P2O5; Rb; Y; Zr; Nb; Ba; La; Ce; Pr; Nd; Sm; Eu; Gd; Tb; Dy; Ho; Er; Tm; Yb; Lu; Hf; Ta; Ga; A/CNK; A/NK; Fe*; K2O/Na2O; Zr/Hf; Eu/Eu*; (La/Yb)N,20260992,20260992,0
R0146,3,validation,GG0034,RCB0027,S,True,A2CFC6311C185EAA2F17BA13E733D522713F64F2850C50F6EEF6E4CE1F592221,,0.0,40,SiO2; TiO2; Al2O3; Fe2O3; FeO; MnO; MgO; CaO; Na2O; K2O; P2O5; Rb; Y; Zr; Nb; Ba; La; Ce; Pr; Nd; Sm; Eu; Gd; Tb; Dy; Ho; Er; Tm; Yb; Lu; Hf; Ta; Ga; A/CNK; A/NK; Fe*; K2O/Na2O; Zr/Hf; Eu/Eu*; (La/Yb)N,20260992,20260992,0
R0147,3,validation,GG0034,RCB0027,S,True,A2CFC6311C185EAA2F17BA13E733D522713F64F2850C50F6EEF6E4CE1F592221,,0.0,40,SiO2; TiO2; Al2O3; Fe2O3; FeO; MnO; MgO; CaO; Na2O; K2O; P2O5; Rb; Y; Zr; Nb; Ba; La; Ce; Pr; Nd; Sm; Eu; Gd; Tb; Dy; Ho; Er; Tm; Yb; Lu; Hf; Ta; Ga; A/CNK; A/NK; Fe*; K2O/Na2O; Zr/Hf; Eu/Eu*; (La/Yb)N,20260992,20260992,0
R0148,3,validation,GG0034,RCB0027,S,True,A2CFC6311C185EAA2F17BA13E733D522713F64F2850C50F6EEF6E4CE1F592221,,0.0,40,SiO2; TiO2; Al2O3; Fe2O3; FeO; MnO; MgO; CaO; Na2O; K2O; P2O5; Rb; Y; Zr; Nb; Ba; La; Ce; Pr; Nd; Sm; Eu; Gd; Tb; Dy; Ho; Er; Tm; Yb; Lu; Hf; Ta; Ga; A/CNK; A/NK; Fe*; K2O/Na2O; Zr/Hf; Eu/Eu*; (La/Yb)N,20260992,20260992,0
R0149,3,validation,GG0034,RCB0027,S,True,A2CFC6311C185EAA2F17BA13E733D522713F64F2850C50F6EEF6E4CE1F592221,,0.0,40,SiO2; TiO2; Al2O3; Fe2O3; FeO; MnO; MgO; CaO; Na2O; K2O; P2O5; Rb; Y; Zr; Nb; Ba; La; Ce; Pr; Nd; Sm; Eu; Gd; Tb; Dy; Ho; Er; Tm; Yb; Lu; Hf; Ta; Ga; A/CNK; A/NK; Fe*; K2O/Na2O; Zr/Hf; Eu/Eu*; (La/Yb)N,20260992,20260992,0
R0150,3,validation,GG0034,RCB0027,S,True,A2CFC6311C185EAA2F17BA13E733D522713F64F2850C50F6EEF6E4CE1F592221,,0.0,40,SiO2; TiO2; Al2O3; Fe2O3; FeO; MnO; MgO; CaO; Na2O; K2O; P2O5; Rb; Y; Zr; Nb; Ba; La; Ce; Pr; Nd; Sm; Eu; Gd; Tb; Dy; Ho; Er; Tm; Yb; Lu; Hf; Ta; Ga; A/CNK; A/NK; Fe*; K2O/Na2O; Zr/Hf; Eu/Eu*; (La/Yb)N,20260992,20260992,0
R0151,3,validation,GG0034,RCB0027,S,True,A2CFC6311C185EAA2F17BA13E733D522713F64F2850C50F6EEF6E4CE1F592221,,0.0,40,SiO2; TiO2; Al2O3; Fe2O3; FeO; MnO; MgO; CaO; Na2O; K2O; P2O5; Rb; Y; Zr; Nb; Ba; La; Ce; Pr; Nd; Sm; Eu; Gd; Tb; Dy; Ho; Er; Tm; Yb; Lu; Hf; Ta; Ga; A/CNK; A/NK; Fe*; K2O/Na2O; Zr/Hf; Eu/Eu*; (La/Yb)N,20260992,20260992,0
R0152,3,validation,GG0034,RCB0027,S,True,A2CFC6311C185EAA2F17BA13E733D522713F64F2850C50F6EEF6E4CE1F592221,,0.0,40,SiO2; TiO2; Al2O3; Fe2O3; FeO; MnO; MgO; CaO; Na2O; K2O; P2O5; Rb; Y; Zr; Nb; Ba; La; Ce; Pr; Nd; Sm; Eu; Gd; Tb; Dy; Ho; Er; Tm; Yb; Lu; Hf; Ta; Ga; A/CNK; A/NK; Fe*; K2O/Na2O; Zr/Hf; Eu/Eu*; (La/Yb)N,20260992,20260992,0
R0153,3,validation,GG0034,RCB0027,S,True,A2CFC6311C185EAA2F17BA13E733D522713F64F2850C50F6EEF6E4CE1F592221,,0.0,40,SiO2; TiO2; Al2O3; Fe2O3; FeO; MnO; MgO; CaO; Na2O; K2O; P2O5; Rb; Y; Zr; Nb; Ba; La; Ce; Pr; Nd; Sm; Eu; Gd; Tb; Dy; Ho; Er; Tm; Yb; Lu; Hf; Ta; Ga; A/CNK; A/NK; Fe*; K2O/Na2O; Zr/Hf; Eu/Eu*; (La/Yb)N,20260992,20260992,0
R0154,3,validation,GG0034,RCB0027,S,True,A2CFC6311C185EAA2F17BA13E733D522713F64F2850C50F6EEF6E4CE1F592221,,0.0,40,SiO2; TiO2; Al2O3; Fe2O3; FeO; MnO; MgO; CaO; Na2O; K2O; P2O5; Rb; Y; Zr; Nb; Ba; La; Ce; Pr; Nd; Sm; Eu; Gd; Tb; Dy; Ho; Er; Tm; Yb; Lu; Hf; Ta; Ga; A/CNK; A/NK; Fe*; K2O/Na2O; Zr/Hf; Eu/Eu*; (La/Yb)N,20260992,20260992,0
R0155,3,validation,GG0034,RCB0027,S,True,A2CFC6311C185EAA2F17BA13E733D522713F64F2850C50F6EEF6E4CE1F592221,,0.0,40,SiO2; TiO2; Al2O3; Fe2O3; FeO; MnO; MgO; CaO; Na2O; K2O; P2O5; Rb; Y; Zr; Nb; Ba; La; Ce; Pr; Nd; Sm; Eu; Gd; Tb; Dy; Ho; Er; Tm; Yb; Lu; Hf; Ta; Ga; A/CNK; A/NK; Fe*; K2O/Na2O; Zr/Hf; Eu/Eu*; (La/Yb)N,20260992,20260992,0
R0156,3,validation,GG0034,RCB0027,S,True,A2CFC6311C185EAA2F17BA13E733D522713F64F2850C50F6EEF6E4CE1F592221,,0.0,40,SiO2; TiO2; Al2O3; Fe2O3; FeO; MnO; MgO; CaO; Na2O; K2O; P2O5; Rb; Y; Zr; Nb; Ba; La; Ce; Pr; Nd; Sm; Eu; Gd; Tb; Dy; Ho; Er; Tm; Yb; Lu; Hf; Ta; Ga; A/CNK; A/NK; Fe*; K2O/Na2O; Zr/Hf; Eu/Eu*; (La/Yb)N,20260992,20260992,0
R0173,3,validation,GG0035,RCB0028,S,True,A2CFC6311C185EAA2F17BA13E733D522713F64F2850C50F6EEF6E4CE1F592221,,0.05,40,SiO2; TiO2; Al2O3; Fe2O3; FeO; MnO; MgO; CaO; Na2O; K2O; P2O5; Rb; Y; Zr; Nb; Ba; La; Ce; Pr; Nd; Sm; Eu; Gd; Tb; Dy; Ho; Er; Tm; Yb; Lu; Hf; Ta; Ga; A/CNK; A/NK; Fe*; K2O/Na2O; Zr/Hf; Eu/Eu*; (La/Yb)N,20260992,20260992,0
R0174,3,validation,GG0035,RCB0028,S,True,A2CFC6311C185EAA2F17BA13E733D522713F64F2850C50F6EEF6E4CE1F592221,,0.05,40,SiO2; TiO2; Al2O3; Fe2O3; FeO; MnO; MgO; CaO; Na2O; K2O; P2O5; Rb; Y; Zr; Nb; Ba; La; Ce; Pr; Nd; Sm; Eu; Gd; Tb; Dy; Ho; Er; Tm; Yb; Lu; Hf; Ta; Ga; A/CNK; A/NK; Fe*; K2O/Na2O; Zr/Hf; Eu/Eu*; (La/Yb)N,20260992,20260992,0
R0175,3,validation,GG0035,RCB0028,S,True,A2CFC6311C185EAA2F17BA13E733D522713F64F2850C50F6EEF6E4CE1F592221,,0.05,40,SiO2; TiO2; Al2O3; Fe2O3; FeO; MnO; MgO; CaO; Na2O; K2O; P2O5; Rb; Y; Zr; Nb; Ba; La; Ce; Pr; Nd; Sm; Eu; Gd; Tb; Dy; Ho; Er; Tm; Yb; Lu; Hf; Ta; Ga; A/CNK; A/NK; Fe*; K2O/Na2O; Zr/Hf; Eu/Eu*; (La/Yb)N,20260992,20260992,0
R0176,3,validation,GG0035,RCB0028,S,True,A2CFC6311C185EAA2F17BA13E733D522713F64F2850C50F6EEF6E4CE1F592221,,0.05,40,SiO2; TiO2; Al2O3; Fe2O3; FeO; MnO; MgO; CaO; Na2O; K2O; P2O5; Rb; Y; Zr; Nb; Ba; La; Ce; Pr; Nd; Sm; Eu; Gd; Tb; Dy; Ho; Er; Tm; Yb; Lu; Hf; Ta; Ga; A/CNK; A/NK; Fe*; K2O/Na2O; Zr/Hf; Eu/Eu*; (La/Yb)N,20260992,20260992,0
R0177,3,validation,GG0035,RCB0028,S,True,A2CFC6311C185EAA2F17BA13E733D522713F64F2850C50F6EEF6E4CE1F592221,,0.05,40,SiO2; TiO2; Al2O3; Fe2O3; FeO; MnO; MgO; CaO; Na2O; K2O; P2O5; Rb; Y; Zr; Nb; Ba; La; Ce; Pr; Nd; Sm; Eu; Gd; Tb; Dy; Ho; Er; Tm; Yb; Lu; Hf; Ta; Ga; A/CNK; A/NK; Fe*; K2O/Na2O; Zr/Hf; Eu/Eu*; (La/Yb)N,20260992,20260992,0
R0178,3,validation,GG0035,RCB0028,S,True,A2CFC6311C185EAA2F17BA13E733D522713F64F2850C50F6EEF6E4CE1F592221,,0.05,40,SiO2; TiO2; Al2O3; Fe2O3; FeO; MnO; MgO; CaO; Na2O; K2O; P2O5; Rb; Y; Zr; Nb; Ba; La; Ce; Pr; Nd; Sm; Eu; Gd; Tb; Dy; Ho; Er; Tm; Yb; Lu; Hf; Ta; Ga; A/CNK; A/NK; Fe*; K2O/Na2O; Zr/Hf; Eu/Eu*; (La/Yb)N,20260992,20260992,0
R0179,3,validation,GG0035,RCB0028,S,True,A2CFC6311C185EAA2F17BA13E733D522713F64F2850C50F6EEF6E4CE1F592221,,0.05,40,SiO2; TiO2; Al2O3; Fe2O3; FeO; MnO; MgO; CaO; Na2O; K2O; P2O5; Rb; Y; Zr; Nb; Ba; La; Ce; Pr; Nd; Sm; Eu; Gd; Tb; Dy; Ho; Er; Tm; Yb; Lu; Hf; Ta; Ga; A/CNK; A/NK; Fe*; K2O/Na2O; Zr/Hf; Eu/Eu*; (La/Yb)N,20260992,20260992,0
R0370,3,validation,GG0034,RCB0027,S,True,A2CFC6311C185EAA2F17BA13E733D522713F64F2850C50F6EEF6E4CE1F592221,,0.025,40,SiO2; TiO2; Al2O3; Fe2O3; FeO; MnO; MgO; CaO; Na2O; K2O; P2O5; Rb; Y; Zr; Nb; Ba; La; Ce; Pr; Nd; Sm; Eu; Gd; Tb; Dy; Ho; Er; Tm; Yb; Lu; Hf; Ta; Ga; A/CNK; A/NK; Fe*; K2O/Na2O; Zr/Hf; Eu/Eu*; (La/Yb)N,20260992,20260992,0
R0371,3,validation,GG0034,RCB0027,S,True,A2CFC6311C185EAA2F17BA13E733D522713F64F2850C50F6EEF6E4CE1F592221,,0.025,40,SiO2; TiO2; Al2O3; Fe2O3; FeO; MnO; MgO; CaO; Na2O; K2O; P2O5; Rb; Y; Zr; Nb; Ba; La; Ce; Pr; Nd; Sm; Eu; Gd; Tb; Dy; Ho; Er; Tm; Yb; Lu; Hf; Ta; Ga; A/CNK; A/NK; Fe*; K2O/Na2O; Zr/Hf; Eu/Eu*; (La/Yb)N,20260992,20260992,0
R0372,3,validation,GG0034,RCB0027,S,True,A2CFC6311C185EAA2F17BA13E733D522713F64F2850C50F6EEF6E4CE1F592221,,0.025,40,SiO2; TiO2; Al2O3; Fe2O3; FeO; MnO; MgO; CaO; Na2O; K2O; P2O5; Rb; Y; Zr; Nb; Ba; La; Ce; Pr; Nd; Sm; Eu; Gd; Tb; Dy; Ho; Er; Tm; Yb; Lu; Hf; Ta; Ga; A/CNK; A/NK; Fe*; K2O/Na2O; Zr/Hf; Eu/Eu*; (La/Yb)N,20260992,20260992,0
R0373,3,validation,GG0034,RCB0027,S,True,A2CFC6311C185EAA2F17BA13E733D522713F64F2850C50F6EEF6E4CE1F592221,,0.025,40,SiO2; TiO2; Al2O3; Fe2O3; FeO; MnO; MgO; CaO; Na2O; K2O; P2O5; Rb; Y; Zr; Nb; Ba; La; Ce; Pr; Nd; Sm; Eu; Gd; Tb; Dy; Ho; Er; Tm; Yb; Lu; Hf; Ta; Ga; A/CNK; A/NK; Fe*; K2O/Na2O; Zr/Hf; Eu/Eu*; (La/Yb)N,20260992,20260992,0
R0374,3,validation,GG0034,RCB0027,S,True,A2CFC6311C185EAA2F17BA13E733D522713F64F2850C50F6EEF6E4CE1F592221,,0.025,40,SiO2; TiO2; Al2O3; Fe2O3; FeO; MnO; MgO; CaO; Na2O; K2O; P2O5; Rb; Y; Zr; Nb; Ba; La; Ce; Pr; Nd; Sm; Eu; Gd; Tb; Dy; Ho; Er; Tm; Yb; Lu; Hf; Ta; Ga; A/CNK; A/NK; Fe*; K2O/Na2O; Zr/Hf; Eu/Eu*; (La/Yb)N,20260992,20260992,0
R0375,3,validation,GG0034,RCB0027,S,True,A2CFC6311C185EAA2F17BA13E733D522713F64F2850C50F6EEF6E4CE1F592221,,0.025,40,SiO2; TiO2; Al2O3; Fe2O3; FeO; MnO; MgO; CaO; Na2O; K2O; P2O5; Rb; Y; Zr; Nb; Ba; La; Ce; Pr; Nd; Sm; Eu; Gd; Tb; Dy; Ho; Er; Tm; Yb; Lu; Hf; Ta; Ga; A/CNK; A/NK; Fe*; K2O/Na2O; Zr/Hf; Eu/Eu*; (La/Yb)N,20260992,20260992,0
R0376,3,validation,GG0034,RCB0027,S,True,A2CFC6311C185EAA2F17BA13E733D522713F64F2850C50F6EEF6E4CE1F592221,,0.025,40,SiO2; TiO2; Al2O3; Fe2O3; FeO; MnO; MgO; CaO; Na2O; K2O; P2O5; Rb; Y; Zr; Nb; Ba; La; Ce; Pr; Nd; Sm; Eu; Gd; Tb; Dy; Ho; Er; Tm; Yb; Lu; Hf; Ta; Ga; A/CNK; A/NK; Fe*; K2O/Na2O; Zr/Hf; Eu/Eu*; (La/Yb)N,20260992,20260992,0
R0377,3,validation,GG0034,RCB0027,S,True,A2CFC6311C185EAA2F17BA13E733D522713F64F2850C50F6EEF6E4CE1F592221,,0.025,40,SiO2; TiO2; Al2O3; Fe2O3; FeO; MnO; MgO; CaO; Na2O; K2O; P2O5; Rb; Y; Zr; Nb; Ba; La; Ce; Pr; Nd; Sm; Eu; Gd; Tb; Dy; Ho; Er; Tm; Yb; Lu; Hf; Ta; Ga; A/CNK; A/NK; Fe*; K2O/Na2O; Zr/Hf; Eu/Eu*; (La/Yb)N,20260992,20260992,0
R0541,3,validation,GG0034,RCB0027,S,True,A2CFC6311C185EAA2F17BA13E733D522713F64F2850C50F6EEF6E4CE1F592221,,0.075,40,SiO2; TiO2; Al2O3; Fe2O3; FeO; MnO; MgO; CaO; Na2O; K2O; P2O5; Rb; Y; Zr; Nb; Ba; La; Ce; Pr; Nd; Sm; Eu; Gd; Tb; Dy; Ho; Er; Tm; Yb; Lu; Hf; Ta; Ga; A/CNK; A/NK; Fe*; K2O/Na2O; Zr/Hf; Eu/Eu*; (La/Yb)N,20260992,20260992,0
R0542,3,validation,GG0034,RCB0027,S,True,A2CFC6311C185EAA2F17BA13E733D522713F64F2850C50F6EEF6E4CE1F592221,,0.075,40,SiO2; TiO2; Al2O3; Fe2O3; FeO; MnO; MgO; CaO; Na2O; K2O; P2O5; Rb; Y; Zr; Nb; Ba; La; Ce; Pr; Nd; Sm; Eu; Gd; Tb; Dy; Ho; Er; Tm; Yb; Lu; Hf; Ta; Ga; A/CNK; A/NK; Fe*; K2O/Na2O; Zr/Hf; Eu/Eu*; (La/Yb)N,20260992,20260992,0
R0543,3,validation,GG0034,RCB0027,S,True,A2CFC6311C185EAA2F17BA13E733D522713F64F2850C50F6EEF6E4CE1F592221,,0.075,40,SiO2; TiO2; Al2O3; Fe2O3; FeO; MnO; MgO; CaO; Na2O; K2O; P2O5; Rb; Y; Zr; Nb; Ba; La; Ce; Pr; Nd; Sm; Eu; Gd; Tb; Dy; Ho; Er; Tm; Yb; Lu; Hf; Ta; Ga; A/CNK; A/NK; Fe*; K2O/Na2O; Zr/Hf; Eu/Eu*; (La/Yb)N,20260992,20260992,0
R0544,3,validation,GG0034,RCB0027,S,True,A2CFC6311C185EAA2F17BA13E733D522713F64F2850C50F6EEF6E4CE1F592221,,0.075,40,SiO2; TiO2; Al2O3; Fe2O3; FeO; MnO; MgO; CaO; Na2O; K2O; P2O5; Rb; Y; Zr; Nb; Ba; La; Ce; Pr; Nd; Sm; Eu; Gd; Tb; Dy; Ho; Er; Tm; Yb; Lu; Hf; Ta; Ga; A/CNK; A/NK; Fe*; K2O/Na2O; Zr/Hf; Eu/Eu*; (La/Yb)N,20260992,20260992,0
R0545,3,validation,GG0034,RCB0027,S,True,A2CFC6311C185EAA2F17BA13E733D522713F64F2850C50F6EEF6E4CE1F592221,,0.075,40,SiO2; TiO2; Al2O3; Fe2O3; FeO; MnO; MgO; CaO; Na2O; K2O; P2O5; Rb; Y; Zr; Nb; Ba; La; Ce; Pr; Nd; Sm; Eu; Gd; Tb; Dy; Ho; Er; Tm; Yb; Lu; Hf; Ta; Ga; A/CNK; A/NK; Fe*; K2O/Na2O; Zr/Hf; Eu/Eu*; (La/Yb)N,20260992,20260992,0
R0546,3,validation,GG0034,RCB0027,S,True,A2CFC6311C185EAA2F17BA13E733D522713F64F2850C50F6EEF6E4CE1F592221,,0.075,40,SiO2; TiO2; Al2O3; Fe2O3; FeO; MnO; MgO; CaO; Na2O; K2O; P2O5; Rb; Y; Zr; Nb; Ba; La; Ce; Pr; Nd; Sm; Eu; Gd; Tb; Dy; Ho; Er; Tm; Yb; Lu; Hf; Ta; Ga; A/CNK; A/NK; Fe*; K2O/Na2O; Zr/Hf; Eu/Eu*; (La/Yb)N,20260992,20260992,0
R0547,3,validation,GG0034,RCB0027,S,True,A2CFC6311C185EAA2F17BA13E733D522713F64F2850C50F6EEF6E4CE1F592221,,0.075,40,SiO2; TiO2; Al2O3; Fe2O3; FeO; MnO; MgO; CaO; Na2O; K2O; P2O5; Rb; Y; Zr; Nb; Ba; La; Ce; Pr; Nd; Sm; Eu; Gd; Tb; Dy; Ho; Er; Tm; Yb; Lu; Hf; Ta; Ga; A/CNK; A/NK; Fe*; K2O/Na2O; Zr/Hf; Eu/Eu*; (La/Yb)N,20260992,20260992,0
R0548,3,validation,GG0034,RCB0027,S,True,A2CFC6311C185EAA2F17BA13E733D522713F64F2850C50F6EEF6E4CE1F592221,,0.075,40,SiO2; TiO2; Al2O3; Fe2O3; FeO; MnO; MgO; CaO; Na2O; K2O; P2O5; Rb; Y; Zr; Nb; Ba; La; Ce; Pr; Nd; Sm; Eu; Gd; Tb; Dy; Ho; Er; Tm; Yb; Lu; Hf; Ta; Ga; A/CNK; A/NK; Fe*; K2O/Na2O; Zr/Hf; Eu/Eu*; (La/Yb)N,20260992,20260992,0
R0549,3,validation,GG0034,RCB0027,S,True,A2CFC6311C185EAA2F17BA13E733D522713F64F2850C50F6EEF6E4CE1F592221,,0.075,40,SiO2; TiO2; Al2O3; Fe2O3; FeO; MnO; MgO; CaO; Na2O; K2O; P2O5; Rb; Y; Zr; Nb; Ba; La; Ce; Pr; Nd; Sm; Eu; Gd; Tb; Dy; Ho; Er; Tm; Yb; Lu; Hf; Ta; Ga; A/CNK; A/NK; Fe*; K2O/Na2O; Zr/Hf; Eu/Eu*; (La/Yb)N,20260992,20260992,0
R0550,3,validation,GG0034,RCB0027,S,True,A2CFC6311C185EAA2F17BA13E733D522713F64F2850C50F6EEF6E4CE1F592221,,0.075,40,SiO2; TiO2; Al2O3; Fe2O3; FeO; MnO; MgO; CaO; Na2O; K2O; P2O5; Rb; Y; Zr; Nb; Ba; La; Ce; Pr; Nd; Sm; Eu; Gd; Tb; Dy; Ho; Er; Tm; Yb; Lu; Hf; Ta; Ga; A/CNK; A/NK; Fe*; K2O/Na2O; Zr/Hf; Eu/Eu*; (La/Yb)N,20260992,20260992,0
R0551,3,validation,GG0034,RCB0027,S,True,A2CFC6311C185EAA2F17BA13E733D522713F64F2850C50F6EEF6E4CE1F592221,,0.075,40,SiO2; TiO2; Al2O3; Fe2O3; FeO; MnO; MgO; CaO; Na2O; K2O; P2O5; Rb; Y; Zr; Nb; Ba; La; Ce; Pr; Nd; Sm; Eu; Gd; Tb; Dy; Ho; Er; Tm; Yb; Lu; Hf; Ta; Ga; A/CNK; A/NK; Fe*; K2O/Na2O; Zr/Hf; Eu/Eu*; (La/Yb)N,20260992,20260992,0
R0552,3,validation,GG0034,RCB0027,S,True,A2CFC6311C185EAA2F17BA13E733D522713F64F2850C50F6EEF6E4CE1F592221,,0.075,40,SiO2; TiO2; Al2O3; Fe2O3; FeO; MnO; MgO; CaO; Na2O; K2O; P2O5; Rb; Y; Zr; Nb; Ba; La; Ce; Pr; Nd; Sm; Eu; Gd; Tb; Dy; Ho; Er; Tm; Yb; Lu; Hf; Ta; Ga; A/CNK; A/NK; Fe*; K2O/Na2O; Zr/Hf; Eu/Eu*; (La/Yb)N,20260992,20260992,0
R0637,3,validation,GG0035,RCB0028,S,True,A2CFC6311C185EAA2F17BA13E733D522713F64F2850C50F6EEF6E4CE1F592221,,0.1,40,SiO2; TiO2; Al2O3; Fe2O3; FeO; MnO; MgO; CaO; Na2O; K2O; P2O5; Rb; Y; Zr; Nb; Ba; La; Ce; Pr; Nd; Sm; Eu; Gd; Tb; Dy; Ho; Er; Tm; Yb; Lu; Hf; Ta; Ga; A/CNK; A/NK; Fe*; K2O/Na2O; Zr/Hf; Eu/Eu*; (La/Yb)N,20260992,20260992,0
R0638,3,validation,GG0035,RCB0028,S,True,A2CFC6311C185EAA2F17BA13E733D522713F64F2850C50F6EEF6E4CE1F592221,,0.1,40,SiO2; TiO2; Al2O3; Fe2O3; FeO; MnO; MgO; CaO; Na2O; K2O; P2O5; Rb; Y; Zr; Nb; Ba; La; Ce; Pr; Nd; Sm; Eu; Gd; Tb; Dy; Ho; Er; Tm; Yb; Lu; Hf; Ta; Ga; A/CNK; A/NK; Fe*; K2O/Na2O; Zr/Hf; Eu/Eu*; (La/Yb)N,20260992,20260992,0
R0639,3,validation,GG0035,RCB0028,S,True,A2CFC6311C185EAA2F17BA13E733D522713F64F2850C50F6EEF6E4CE1F592221,,0.1,40,SiO2; TiO2; Al2O3; Fe2O3; FeO; MnO; MgO; CaO; Na2O; K2O; P2O5; Rb; Y; Zr; Nb; Ba; La; Ce; Pr; Nd; Sm; Eu; Gd; Tb; Dy; Ho; Er; Tm; Yb; Lu; Hf; Ta; Ga; A/CNK; A/NK; Fe*; K2O/Na2O; Zr/Hf; Eu/Eu*; (La/Yb)N,20260992,20260992,0
R0640,3,validation,GG0035,RCB0028,S,False,A2CFC6311C185EAA2F17BA13E733D522713F64F2850C50F6EEF6E4CE1F592221,row_missingness_at_or_above_threshold,0.5,40,SiO2; TiO2; Al2O3; Fe2O3; FeO; MnO; MgO; CaO; Na2O; K2O; P2O5; Rb; Y; Zr; Nb; Ba; La; Ce; Pr; Nd; Sm; Eu; Gd; Tb; Dy; Ho; Er; Tm; Yb; Lu; Hf; Ta; Ga; A/CNK; A/NK; Fe*; K2O/Na2O; Zr/Hf; Eu/Eu*; (La/Yb)N,20260992,20260992,0
R0641,3,validation,GG0035,RCB0028,S,True,A2CFC6311C185EAA2F17BA13E733D522713F64F2850C50F6EEF6E4CE1F592221,,0.475,40,SiO2; TiO2; Al2O3; Fe2O3; FeO; MnO; MgO; CaO; Na2O; K2O; P2O5; Rb; Y; Zr; Nb; Ba; La; Ce; Pr; Nd; Sm; Eu; Gd; Tb; Dy; Ho; Er; Tm; Yb; Lu; Hf; Ta; Ga; A/CNK; A/NK; Fe*; K2O/Na2O; Zr/Hf; Eu/Eu*; (La/Yb)N,20260992,20260992,0
R0642,3,validation,GG0035,RCB0028,S,True,A2CFC6311C185EAA2F17BA13E733D522713F64F2850C50F6EEF6E4CE1F592221,,0.475,40,SiO2; TiO2; Al2O3; Fe2O3; FeO; MnO; MgO; CaO; Na2O; K2O; P2O5; Rb; Y; Zr; Nb; Ba; La; Ce; Pr; Nd; Sm; Eu; Gd; Tb; Dy; Ho; Er; Tm; Yb; Lu; Hf; Ta; Ga; A/CNK; A/NK; Fe*; K2O/Na2O; Zr/Hf; Eu/Eu*; (La/Yb)N,20260992,20260992,0
R0643,3,validation,GG0035,RCB0028,S,False,A2CFC6311C185EAA2F17BA13E733D522713F64F2850C50F6EEF6E4CE1F592221,row_missingness_at_or_above_threshold,0.575,40,SiO2; TiO2; Al2O3; Fe2O3; FeO; MnO; MgO; CaO; Na2O; K2O; P2O5; Rb; Y; Zr; Nb; Ba; La; Ce; Pr; Nd; Sm; Eu; Gd; Tb; Dy; Ho; Er; Tm; Yb; Lu; Hf; Ta; Ga; A/CNK; A/NK; Fe*; K2O/Na2O; Zr/Hf; Eu/Eu*; (La/Yb)N,20260992,20260992,0
R0644,3,validation,GG0035,RCB0028,S,True,A2CFC6311C185EAA2F17BA13E733D522713F64F2850C50F6EEF6E4CE1F592221,,0.475,40,SiO2; TiO2; Al2O3; Fe2O3; FeO; MnO; MgO; CaO; Na2O; K2O; P2O5; Rb; Y; Zr; Nb; Ba; La; Ce; Pr; Nd; Sm; Eu; Gd; Tb; Dy; Ho; Er; Tm; Yb; Lu; Hf; Ta; Ga; A/CNK; A/NK; Fe*; K2O/Na2O; Zr/Hf; Eu/Eu*; (La/Yb)N,20260992,20260992,0
R0645,3,validation,GG0035,RCB0028,S,True,A2CFC6311C185EAA2F17BA13E733D522713F64F2850C50F6EEF6E4CE1F592221,,0.475,40,SiO2; TiO2; Al2O3; Fe2O3; FeO; MnO; MgO; CaO; Na2O; K2O; P2O5; Rb; Y; Zr; Nb; Ba; La; Ce; Pr; Nd; Sm; Eu; Gd; Tb; Dy; Ho; Er; Tm; Yb; Lu; Hf; Ta; Ga; A/CNK; A/NK; Fe*; K2O/Na2O; Zr/Hf; Eu/Eu*; (La/Yb)N,20260992,20260992,0
R0646,3,validation,GG0035,RCB0028,S,True,A2CFC6311C185EAA2F17BA13E733D522713F64F2850C50F6EEF6E4CE1F592221,,0.475,40,SiO2; TiO2; Al2O3; Fe2O3; FeO; MnO; MgO; CaO; Na2O; K2O; P2O5; Rb; Y; Zr; Nb; Ba; La; Ce; Pr; Nd; Sm; Eu; Gd; Tb; Dy; Ho; Er; Tm; Yb; Lu; Hf; Ta; Ga; A/CNK; A/NK; Fe*; K2O/Na2O; Zr/Hf; Eu/Eu*; (La/Yb)N,20260992,20260992,0
R0647,3,validation,GG0035,RCB0028,S,True,A2CFC6311C185EAA2F17BA13E733D522713F64F2850C50F6EEF6E4CE1F592221,,0.475,40,SiO2; TiO2; Al2O3; Fe2O3; FeO; MnO; MgO; CaO; Na2O; K2O; P2O5; Rb; Y; Zr; Nb; Ba; La; Ce; Pr; Nd; Sm; Eu; Gd; Tb; Dy; Ho; Er; Tm; Yb; Lu; Hf; Ta; Ga; A/CNK; A/NK; Fe*; K2O/Na2O; Zr/Hf; Eu/Eu*; (La/Yb)N,20260992,20260992,0
R0648,3,validation,GG0035,RCB0028,S,True,A2CFC6311C185EAA2F17BA13E733D522713F64F2850C50F6EEF6E4CE1F592221,,0.475,40,SiO2; TiO2; Al2O3; Fe2O3; FeO; MnO; MgO; CaO; Na2O; K2O; P2O5; Rb; Y; Zr; Nb; Ba; La; Ce; Pr; Nd; Sm; Eu; Gd; Tb; Dy; Ho; Er; Tm; Yb; Lu; Hf; Ta; Ga; A/CNK; A/NK; Fe*; K2O/Na2O; Zr/Hf; Eu/Eu*; (La/Yb)N,20260992,20260992,0
R0649,3,validation,GG0035,RCB0028,S,True,A2CFC6311C185EAA2F17BA13E733D522713F64F2850C50F6EEF6E4CE1F592221,,0.475,40,SiO2; TiO2; Al2O3; Fe2O3; FeO; MnO; MgO; CaO; Na2O; K2O; P2O5; Rb; Y; Zr; Nb; Ba; La; Ce; Pr; Nd; Sm; Eu; Gd; Tb; Dy; Ho; Er; Tm; Yb; Lu; Hf; Ta; Ga; A/CNK; A/NK; Fe*; K2O/Na2O; Zr/Hf; Eu/Eu*; (La/Yb)N,20260992,20260992,0
R0650,3,validation,GG0035,RCB0028,S,True,A2CFC6311C185EAA2F17BA13E733D522713F64F2850C50F6EEF6E4CE1F592221,,0.475,40,SiO2; TiO2; Al2O3; Fe2O3; FeO; MnO; MgO; CaO; Na2O; K2O; P2O5; Rb; Y; Zr; Nb; Ba; La; Ce; Pr; Nd; Sm; Eu; Gd; Tb; Dy; Ho; Er; Tm; Yb; Lu; Hf; Ta; Ga; A/CNK; A/NK; Fe*; K2O/Na2O; Zr/Hf; Eu/Eu*; (La/Yb)N,20260992,20260992,0
R0651,3,validation,GG0035,RCB0028,S,True,A2CFC6311C185EAA2F17BA13E733D522713F64F2850C50F6EEF6E4CE1F592221,,0.475,40,SiO2; TiO2; Al2O3; Fe2O3; FeO; MnO; MgO; CaO; Na2O; K2O; P2O5; Rb; Y; Zr; Nb; Ba; La; Ce; Pr; Nd; Sm; Eu; Gd; Tb; Dy; Ho; Er; Tm; Yb; Lu; Hf; Ta; Ga; A/CNK; A/NK; Fe*; K2O/Na2O; Zr/Hf; Eu/Eu*; (La/Yb)N,20260992,20260992,0
R0652,3,validation,GG0035,RCB0028,S,True,A2CFC6311C185EAA2F17BA13E733D522713F64F2850C50F6EEF6E4CE1F592221,,0.475,40,SiO2; TiO2; Al2O3; Fe2O3; FeO; MnO; MgO; CaO; Na2O; K2O; P2O5; Rb; Y; Zr; Nb; Ba; La; Ce; Pr; Nd; Sm; Eu; Gd; Tb; Dy; Ho; Er; Tm; Yb; Lu; Hf; Ta; Ga; A/CNK; A/NK; Fe*; K2O/Na2O; Zr/Hf; Eu/Eu*; (La/Yb)N,20260992,20260992,0
R0653,3,validation,GG0035,RCB0028,S,True,A2CFC6311C185EAA2F17BA13E733D522713F64F2850C50F6EEF6E4CE1F592221,,0.475,40,SiO2; TiO2; Al2O3; Fe2O3; FeO; MnO; MgO; CaO; Na2O; K2O; P2O5; Rb; Y; Zr; Nb; Ba; La; Ce; Pr; Nd; Sm; Eu; Gd; Tb; Dy; Ho; Er; Tm; Yb; Lu; Hf; Ta; Ga; A/CNK; A/NK; Fe*; K2O/Na2O; Zr/Hf; Eu/Eu*; (La/Yb)N,20260992,20260992,0
R0654,3,validation,GG0035,RCB0028,S,True,A2CFC6311C185EAA2F17BA13E733D522713F64F2850C50F6EEF6E4CE1F592221,,0.475,40,SiO2; TiO2; Al2O3; Fe2O3; FeO; MnO; MgO; CaO; Na2O; K2O; P2O5; Rb; Y; Zr; Nb; Ba; La; Ce; Pr; Nd; Sm; Eu; Gd; Tb; Dy; Ho; Er; Tm; Yb; Lu; Hf; Ta; Ga; A/CNK; A/NK; Fe*; K2O/Na2O; Zr/Hf; Eu/Eu*; (La/Yb)N,20260992,20260992,0
R0655,3,validation,GG0035,RCB0028,S,True,A2CFC6311C185EAA2F17BA13E733D522713F64F2850C50F6EEF6E4CE1F592221,,0.475,40,SiO2; TiO2; Al2O3; Fe2O3; FeO; MnO; MgO; CaO; Na2O; K2O; P2O5; Rb; Y; Zr; Nb; Ba; La; Ce; Pr; Nd; Sm; Eu; Gd; Tb; Dy; Ho; Er; Tm; Yb; Lu; Hf; Ta; Ga; A/CNK; A/NK; Fe*; K2O/Na2O; Zr/Hf; Eu/Eu*; (La/Yb)N,20260992,20260992,0
R0656,3,validation,GG0035,RCB0028,S,True,A2CFC6311C185EAA2F17BA13E733D522713F64F2850C50F6EEF6E4CE1F592221,,0.475,40,SiO2; TiO2; Al2O3; Fe2O3; FeO; MnO; MgO; CaO; Na2O; K2O; P2O5; Rb; Y; Zr; Nb; Ba; La; Ce; Pr; Nd; Sm; Eu; Gd; Tb; Dy; Ho; Er; Tm; Yb; Lu; Hf; Ta; Ga; A/CNK; A/NK; Fe*; K2O/Na2O; Zr/Hf; Eu/Eu*; (La/Yb)N,20260992,20260992,0
R0657,3,validation,GG0035,RCB0028,S,True,A2CFC6311C185EAA2F17BA13E733D522713F64F2850C50F6EEF6E4CE1F592221,,0.475,40,SiO2; TiO2; Al2O3; Fe2O3; FeO; MnO; MgO; CaO; Na2O; K2O; P2O5; Rb; Y; Zr; Nb; Ba; La; Ce; Pr; Nd; Sm; Eu; Gd; Tb; Dy; Ho; Er; Tm; Yb; Lu; Hf; Ta; Ga; A/CNK; A/NK; Fe*; K2O/Na2O; Zr/Hf; Eu/Eu*; (La/Yb)N,20260992,20260992,0
R0658,3,validation,GG0035,RCB0028,S,True,A2CFC6311C185EAA2F17BA13E733D522713F64F2850C50F6EEF6E4CE1F592221,,0.475,40,SiO2; TiO2; Al2O3; Fe2O3; FeO; MnO; MgO; CaO; Na2O; K2O; P2O5; Rb; Y; Zr; Nb; Ba; La; Ce; Pr; Nd; Sm; Eu; Gd; Tb; Dy; Ho; Er; Tm; Yb; Lu; Hf; Ta; Ga; A/CNK; A/NK; Fe*; K2O/Na2O; Zr/Hf; Eu/Eu*; (La/Yb)N,20260992,20260992,0
R0659,3,validation,GG0035,RCB0028,S,True,A2CFC6311C185EAA2F17BA13E733D522713F64F2850C50F6EEF6E4CE1F592221,,0.475,40,SiO2; TiO2; Al2O3; Fe2O3; FeO; MnO; MgO; CaO; Na2O; K2O; P2O5; Rb; Y; Zr; Nb; Ba; La; Ce; Pr; Nd; Sm; Eu; Gd; Tb; Dy; Ho; Er; Tm; Yb; Lu; Hf; Ta; Ga; A/CNK; A/NK; Fe*; K2O/Na2O; Zr/Hf; Eu/Eu*; (La/Yb)N,20260992,20260992,0
R0660,3,validation,GG0035,RCB0028,S,True,A2CFC6311C185EAA2F17BA13E733D522713F64F2850C50F6EEF6E4CE1F592221,,0.475,40,SiO2; TiO2; Al2O3; Fe2O3; FeO; MnO; MgO; CaO; Na2O; K2O; P2O5; Rb; Y; Zr; Nb; Ba; La; Ce; Pr; Nd; Sm; Eu; Gd; Tb; Dy; Ho; Er; Tm; Yb; Lu; Hf; Ta; Ga; A/CNK; A/NK; Fe*; K2O/Na2O; Zr/Hf; Eu/Eu*; (La/Yb)N,20260992,20260992,0
R0661,3,validation,GG0035,RCB0028,S,True,A2CFC6311C185EAA2F17BA13E733D522713F64F2850C50F6EEF6E4CE1F592221,,0.475,40,SiO2; TiO2; Al2O3; Fe2O3; FeO; MnO; MgO; CaO; Na2O; K2O; P2O5; Rb; Y; Zr; Nb; Ba; La; Ce; Pr; Nd; Sm; Eu; Gd; Tb; Dy; Ho; Er; Tm; Yb; Lu; Hf; Ta; Ga; A/CNK; A/NK; Fe*; K2O/Na2O; Zr/Hf; Eu/Eu*; (La/Yb)N,20260992,20260992,0
R0662,3,validation,GG0035,RCB0028,S,True,A2CFC6311C185EAA2F17BA13E733D522713F64F2850C50F6EEF6E4CE1F592221,,0.475,40,SiO2; TiO2; Al2O3; Fe2O3; FeO; MnO; MgO; CaO; Na2O; K2O; P2O5; Rb; Y; Zr; Nb; Ba; La; Ce; Pr; Nd; Sm; Eu; Gd; Tb; Dy; Ho; Er; Tm; Yb; Lu; Hf; Ta; Ga; A/CNK; A/NK; Fe*; K2O/Na2O; Zr/Hf; Eu/Eu*; (La/Yb)N,20260992,20260992,0
R0663,3,validation,GG0035,RCB0028,S,True,A2CFC6311C185EAA2F17BA13E733D522713F64F2850C50F6EEF6E4CE1F592221,,0.475,40,SiO2; TiO2; Al2O3; Fe2O3; FeO; MnO; MgO; CaO; Na2O; K2O; P2O5; Rb; Y; Zr; Nb; Ba; La; Ce; Pr; Nd; Sm; Eu; Gd; Tb; Dy; Ho; Er; Tm; Yb; Lu; Hf; Ta; Ga; A/CNK; A/NK; Fe*; K2O/Na2O; Zr/Hf; Eu/Eu*; (La/Yb)N,20260992,20260992,0
R0664,3,validation,GG0035,RCB0028,S,True,A2CFC6311C185EAA2F17BA13E733D522713F64F2850C50F6EEF6E4CE1F592221,,0.475,40,SiO2; TiO2; Al2O3; Fe2O3; FeO; MnO; MgO; CaO; Na2O; K2O; P2O5; Rb; Y; Zr; Nb; Ba; La; Ce; Pr; Nd; Sm; Eu; Gd; Tb; Dy; Ho; Er; Tm; Yb; Lu; Hf; Ta; Ga; A/CNK; A/NK; Fe*; K2O/Na2O; Zr/Hf; Eu/Eu*; (La/Yb)N,20260992,20260992,0
R0665,3,validation,GG0035,RCB0028,S,True,A2CFC6311C185EAA2F17BA13E733D522713F64F2850C50F6EEF6E4CE1F592221,,0.475,40,SiO2; TiO2; Al2O3; Fe2O3; FeO; MnO; MgO; CaO; Na2O; K2O; P2O5; Rb; Y; Zr; Nb; Ba; La; Ce; Pr; Nd; Sm; Eu; Gd; Tb; Dy; Ho; Er; Tm; Yb; Lu; Hf; Ta; Ga; A/CNK; A/NK; Fe*; K2O/Na2O; Zr/Hf; Eu/Eu*; (La/Yb)N,20260992,20260992,0
R0666,3,validation,GG0035,RCB0028,S,True,A2CFC6311C185EAA2F17BA13E733D522713F64F2850C50F6EEF6E4CE1F592221,,0.475,40,SiO2; TiO2; Al2O3; Fe2O3; FeO; MnO; MgO; CaO; Na2O; K2O; P2O5; Rb; Y; Zr; Nb; Ba; La; Ce; Pr; Nd; Sm; Eu; Gd; Tb; Dy; Ho; Er; Tm; Yb; Lu; Hf; Ta; Ga; A/CNK; A/NK; Fe*; K2O/Na2O; Zr/Hf; Eu/Eu*; (La/Yb)N,20260992,20260992,0
R0667,3,validation,GG0035,RCB0028,S,True,A2CFC6311C185EAA2F17BA13E733D522713F64F2850C50F6EEF6E4CE1F592221,,0.475,40,SiO2; TiO2; Al2O3; Fe2O3; FeO; MnO; MgO; CaO; Na2O; K2O; P2O5; Rb; Y; Zr; Nb; Ba; La; Ce; Pr; Nd; Sm; Eu; Gd; Tb; Dy; Ho; Er; Tm; Yb; Lu; Hf; Ta; Ga; A/CNK; A/NK; Fe*; K2O/Na2O; Zr/Hf; Eu/Eu*; (La/Yb)N,20260992,20260992,0
R0668,3,validation,GG0035,RCB0028,S,True,A2CFC6311C185EAA2F17BA13E733D522713F64F2850C50F6EEF6E4CE1F592221,,0.475,40,SiO2; TiO2; Al2O3; Fe2O3; FeO; MnO; MgO; CaO; Na2O; K2O; P2O5; Rb; Y; Zr; Nb; Ba; La; Ce; Pr; Nd; Sm; Eu; Gd; Tb; Dy; Ho; Er; Tm; Yb; Lu; Hf; Ta; Ga; A/CNK; A/NK; Fe*; K2O/Na2O; Zr/Hf; Eu/Eu*; (La/Yb)N,20260992,20260992,0
R0669,3,validation,GG0035,RCB0028,S,True,A2CFC6311C185EAA2F17BA13E733D522713F64F2850C50F6EEF6E4CE1F592221,,0.475,40,SiO2; TiO2; Al2O3; Fe2O3; FeO; MnO; MgO; CaO; Na2O; K2O; P2O5; Rb; Y; Zr; Nb; Ba; La; Ce; Pr; Nd; Sm; Eu; Gd; Tb; Dy; Ho; Er; Tm; Yb; Lu; Hf; Ta; Ga; A/CNK; A/NK; Fe*; K2O/Na2O; Zr/Hf; Eu/Eu*; (La/Yb)N,20260992,20260992,0
R0670,3,validation,GG0035,RCB0028,S,True,A2CFC6311C185EAA2F17BA13E733D522713F64F2850C50F6EEF6E4CE1F592221,,0.475,40,SiO2; TiO2; Al2O3; Fe2O3; FeO; MnO; MgO; CaO; Na2O; K2O; P2O5; Rb; Y; Zr; Nb; Ba; La; Ce; Pr; Nd; Sm; Eu; Gd; Tb; Dy; Ho; Er; Tm; Yb; Lu; Hf; Ta; Ga; A/CNK; A/NK; Fe*; K2O/Na2O; Zr/Hf; Eu/Eu*; (La/Yb)N,20260992,20260992,0
R0671,3,validation,GG0035,RCB0028,S,True,A2CFC6311C185EAA2F17BA13E733D522713F64F2850C50F6EEF6E4CE1F592221,,0.475,40,SiO2; TiO2; Al2O3; Fe2O3; FeO; MnO; MgO; CaO; Na2O; K2O; P2O5; Rb; Y; Zr; Nb; Ba; La; Ce; Pr; Nd; Sm; Eu; Gd; Tb; Dy; Ho; Er; Tm; Yb; Lu; Hf; Ta; Ga; A/CNK; A/NK; Fe*; K2O/Na2O; Zr/Hf; Eu/Eu*; (La/Yb)N,20260992,20260992,0
R0672,3,validation,GG0035,RCB0028,S,True,A2CFC6311C185EAA2F17BA13E733D522713F64F2850C50F6EEF6E4CE1F592221,,0.475,40,SiO2; TiO2; Al2O3; Fe2O3; FeO; MnO; MgO; CaO; Na2O; K2O; P2O5; Rb; Y; Zr; Nb; Ba; La; Ce; Pr; Nd; Sm; Eu; Gd; Tb; Dy; Ho; Er; Tm; Yb; Lu; Hf; Ta; Ga; A/CNK; A/NK; Fe*; K2O/Na2O; Zr/Hf; Eu/Eu*; (La/Yb)N,20260992,20260992,0
R0673,3,validation,GG0035,RCB0028,S,True,A2CFC6311C185EAA2F17BA13E733D522713F64F2850C50F6EEF6E4CE1F592221,,0.475,40,SiO2; TiO2; Al2O3; Fe2O3; FeO; MnO; MgO; CaO; Na2O; K2O; P2O5; Rb; Y; Zr; Nb; Ba; La; Ce; Pr; Nd; Sm; Eu; Gd; Tb; Dy; Ho; Er; Tm; Yb; Lu; Hf; Ta; Ga; A/CNK; A/NK; Fe*; K2O/Na2O; Zr/Hf; Eu/Eu*; (La/Yb)N,20260992,20260992,0
R0674,3,validation,GG0035,RCB0028,S,True,A2CFC6311C185EAA2F17BA13E733D522713F64F2850C50F6EEF6E4CE1F592221,,0.475,40,SiO2; TiO2; Al2O3; Fe2O3; FeO; MnO; MgO; CaO; Na2O; K2O; P2O5; Rb; Y; Zr; Nb; Ba; La; Ce; Pr; Nd; Sm; Eu; Gd; Tb; Dy; Ho; Er; Tm; Yb; Lu; Hf; Ta; Ga; A/CNK; A/NK; Fe*; K2O/Na2O; Zr/Hf; Eu/Eu*; (La/Yb)N,20260992,20260992,0
R0675,3,validation,GG0035,RCB0028,S,True,A2CFC6311C185EAA2F17BA13E733D522713F64F2850C50F6EEF6E4CE1F592221,,0.475,40,SiO2; TiO2; Al2O3; Fe2O3; FeO; MnO; MgO; CaO; Na2O; K2O; P2O5; Rb; Y; Zr; Nb; Ba; La; Ce; Pr; Nd; Sm; Eu; Gd; Tb; Dy; Ho; Er; Tm; Yb; Lu; Hf; Ta; Ga; A/CNK; A/NK; Fe*; K2O/Na2O; Zr/Hf; Eu/Eu*; (La/Yb)N,20260992,20260992,0
R0676,3,validation,GG0035,RCB0028,S,True,A2CFC6311C185EAA2F17BA13E733D522713F64F2850C50F6EEF6E4CE1F592221,,0.475,40,SiO2; TiO2; Al2O3; Fe2O3; FeO; MnO; MgO; CaO; Na2O; K2O; P2O5; Rb; Y; Zr; Nb; Ba; La; Ce; Pr; Nd; Sm; Eu; Gd; Tb; Dy; Ho; Er; Tm; Yb; Lu; Hf; Ta; Ga; A/CNK; A/NK; Fe*; K2O/Na2O; Zr/Hf; Eu/Eu*; (La/Yb)N,20260992,20260992,0
R0677,3,validation,GG0035,RCB0028,S,True,A2CFC6311C185EAA2F17BA13E733D522713F64F2850C50F6EEF6E4CE1F592221,,0.475,40,SiO2; TiO2; Al2O3; Fe2O3; FeO; MnO; MgO; CaO; Na2O; K2O; P2O5; Rb; Y; Zr; Nb; Ba; La; Ce; Pr; Nd; Sm; Eu; Gd; Tb; Dy; Ho; Er; Tm; Yb; Lu; Hf; Ta; Ga; A/CNK; A/NK; Fe*; K2O/Na2O; Zr/Hf; Eu/Eu*; (La/Yb)N,20260992,20260992,0
R0678,3,validation,GG0035,RCB0028,S,True,A2CFC6311C185EAA2F17BA13E733D522713F64F2850C50F6EEF6E4CE1F592221,,0.475,40,SiO2; TiO2; Al2O3; Fe2O3; FeO; MnO; MgO; CaO; Na2O; K2O; P2O5; Rb; Y; Zr; Nb; Ba; La; Ce; Pr; Nd; Sm; Eu; Gd; Tb; Dy; Ho; Er; Tm; Yb; Lu; Hf; Ta; Ga; A/CNK; A/NK; Fe*; K2O/Na2O; Zr/Hf; Eu/Eu*; (La/Yb)N,20260992,20260992,0
R0679,3,validation,GG0035,RCB0028,S,True,A2CFC6311C185EAA2F17BA13E733D522713F64F2850C50F6EEF6E4CE1F592221,,0.475,40,SiO2; TiO2; Al2O3; Fe2O3; FeO; MnO; MgO; CaO; Na2O; K2O; P2O5; Rb; Y; Zr; Nb; Ba; La; Ce; Pr; Nd; Sm; Eu; Gd; Tb; Dy; Ho; Er; Tm; Yb; Lu; Hf; Ta; Ga; A/CNK; A/NK; Fe*; K2O/Na2O; Zr/Hf; Eu/Eu*; (La/Yb)N,20260992,20260992,0
R0680,3,validation,GG0035,RCB0028,S,True,A2CFC6311C185EAA2F17BA13E733D522713F64F2850C50F6EEF6E4CE1F592221,,0.475,40,SiO2; TiO2; Al2O3; Fe2O3; FeO; MnO; MgO; CaO; Na2O; K2O; P2O5; Rb; Y; Zr; Nb; Ba; La; Ce; Pr; Nd; Sm; Eu; Gd; Tb; Dy; Ho; Er; Tm; Yb; Lu; Hf; Ta; Ga; A/CNK; A/NK; Fe*; K2O/Na2O; Zr/Hf; Eu/Eu*; (La/Yb)N,20260992,20260992,0
R0681,3,validation,GG0035,RCB0028,S,True,A2CFC6311C185EAA2F17BA13E733D522713F64F2850C50F6EEF6E4CE1F592221,,0.475,40,SiO2; TiO2; Al2O3; Fe2O3; FeO; MnO; MgO; CaO; Na2O; K2O; P2O5; Rb; Y; Zr; Nb; Ba; La; Ce; Pr; Nd; Sm; Eu; Gd; Tb; Dy; Ho; Er; Tm; Yb; Lu; Hf; Ta; Ga; A/CNK; A/NK; Fe*; K2O/Na2O; Zr/Hf; Eu/Eu*; (La/Yb)N,20260992,20260992,0
R0682,3,validation,GG0035,RCB0028,S,True,A2CFC6311C185EAA2F17BA13E733D522713F64F2850C50F6EEF6E4CE1F592221,,0.475,40,SiO2; TiO2; Al2O3; Fe2O3; FeO; MnO; MgO; CaO; Na2O; K2O; P2O5; Rb; Y; Zr; Nb; Ba; La; Ce; Pr; Nd; Sm; Eu; Gd; Tb; Dy; Ho; Er; Tm; Yb; Lu; Hf; Ta; Ga; A/CNK; A/NK; Fe*; K2O/Na2O; Zr/Hf; Eu/Eu*; (La/Yb)N,20260992,20260992,0
R0683,3,validation,GG0035,RCB0028,S,True,A2CFC6311C185EAA2F17BA13E733D522713F64F2850C50F6EEF6E4CE1F592221,,0.475,40,SiO2; TiO2; Al2O3; Fe2O3; FeO; MnO; MgO; CaO; Na2O; K2O; P2O5; Rb; Y; Zr; Nb; Ba; La; Ce; Pr; Nd; Sm; Eu; Gd; Tb; Dy; Ho; Er; Tm; Yb; Lu; Hf; Ta; Ga; A/CNK; A/NK; Fe*; K2O/Na2O; Zr/Hf; Eu/Eu*; (La/Yb)N,20260992,20260992,0
R0684,3,validation,GG0035,RCB0028,S,True,A2CFC6311C185EAA2F17BA13E733D522713F64F2850C50F6EEF6E4CE1F592221,,0.475,40,SiO2; TiO2; Al2O3; Fe2O3; FeO; MnO; MgO; CaO; Na2O; K2O; P2O5; Rb; Y; Zr; Nb; Ba; La; Ce; Pr; Nd; Sm; Eu; Gd; Tb; Dy; Ho; Er; Tm; Yb; Lu; Hf; Ta; Ga; A/CNK; A/NK; Fe*; K2O/Na2O; Zr/Hf; Eu/Eu*; (La/Yb)N,20260992,20260992,0
R0685,3,validation,GG0035,RCB0028,S,True,A2CFC6311C185EAA2F17BA13E733D522713F64F2850C50F6EEF6E4CE1F592221,,0.475,40,SiO2; TiO2; Al2O3; Fe2O3; FeO; MnO; MgO; CaO; Na2O; K2O; P2O5; Rb; Y; Zr; Nb; Ba; La; Ce; Pr; Nd; Sm; Eu; Gd; Tb; Dy; Ho; Er; Tm; Yb; Lu; Hf; Ta; Ga; A/CNK; A/NK; Fe*; K2O/Na2O; Zr/Hf; Eu/Eu*; (La/Yb)N,20260992,20260992,0
R0686,3,validation,GG0035,RCB0028,S,True,A2CFC6311C185EAA2F17BA13E733D522713F64F2850C50F6EEF6E4CE1F592221,,0.475,40,SiO2; TiO2; Al2O3; Fe2O3; FeO; MnO; MgO; CaO; Na2O; K2O; P2O5; Rb; Y; Zr; Nb; Ba; La; Ce; Pr; Nd; Sm; Eu; Gd; Tb; Dy; Ho; Er; Tm; Yb; Lu; Hf; Ta; Ga; A/CNK; A/NK; Fe*; K2O/Na2O; Zr/Hf; Eu/Eu*; (La/Yb)N,20260992,20260992,0
R0687,3,validation,GG0035,RCB0028,S,True,A2CFC6311C185EAA2F17BA13E733D522713F64F2850C50F6EEF6E4CE1F592221,,0.475,40,SiO2; TiO2; Al2O3; Fe2O3; FeO; MnO; MgO; CaO; Na2O; K2O; P2O5; Rb; Y; Zr; Nb; Ba; La; Ce; Pr; Nd; Sm; Eu; Gd; Tb; Dy; Ho; Er; Tm; Yb; Lu; Hf; Ta; Ga; A/CNK; A/NK; Fe*; K2O/Na2O; Zr/Hf; Eu/Eu*; (La/Yb)N,20260992,20260992,0
R0688,3,validation,GG0035,RCB0028,S,True,A2CFC6311C185EAA2F17BA13E733D522713F64F2850C50F6EEF6E4CE1F592221,,0.475,40,SiO2; TiO2; Al2O3; Fe2O3; FeO; MnO; MgO; CaO; Na2O; K2O; P2O5; Rb; Y; Zr; Nb; Ba; La; Ce; Pr; Nd; Sm; Eu; Gd; Tb; Dy; Ho; Er; Tm; Yb; Lu; Hf; Ta; Ga; A/CNK; A/NK; Fe*; K2O/Na2O; Zr/Hf; Eu/Eu*; (La/Yb)N,20260992,20260992,0
R0689,3,validation,GG0035,RCB0028,S,False,A2CFC6311C185EAA2F17BA13E733D522713F64F2850C50F6EEF6E4CE1F592221,row_missingness_at_or_above_threshold,0.5,40,SiO2; TiO2; Al2O3; Fe2O3; FeO; MnO; MgO; CaO; Na2O; K2O; P2O5; Rb; Y; Zr; Nb; Ba; La; Ce; Pr; Nd; Sm; Eu; Gd; Tb; Dy; Ho; Er; Tm; Yb; Lu; Hf; Ta; Ga; A/CNK; A/NK; Fe*; K2O/Na2O; Zr/Hf; Eu/Eu*; (La/Yb)N,20260992,20260992,0
R0690,3,validation,GG0035,RCB0028,S,True,A2CFC6311C185EAA2F17BA13E733D522713F64F2850C50F6EEF6E4CE1F592221,,0.475,40,SiO2; TiO2; Al2O3; Fe2O3; FeO; MnO; MgO; CaO; Na2O; K2O; P2O5; Rb; Y; Zr; Nb; Ba; La; Ce; Pr; Nd; Sm; Eu; Gd; Tb; Dy; Ho; Er; Tm; Yb; Lu; Hf; Ta; Ga; A/CNK; A/NK; Fe*; K2O/Na2O; Zr/Hf; Eu/Eu*; (La/Yb)N,20260992,20260992,0
R0691,3,validation,GG0035,RCB0028,S,True,A2CFC6311C185EAA2F17BA13E733D522713F64F2850C50F6EEF6E4CE1F592221,,0.475,40,SiO2; TiO2; Al2O3; Fe2O3; FeO; MnO; MgO; CaO; Na2O; K2O; P2O5; Rb; Y; Zr; Nb; Ba; La; Ce; Pr; Nd; Sm; Eu; Gd; Tb; Dy; Ho; Er; Tm; Yb; Lu; Hf; Ta; Ga; A/CNK; A/NK; Fe*; K2O/Na2O; Zr/Hf; Eu/Eu*; (La/Yb)N,20260992,20260992,0
R0692,3,validation,GG0035,RCB0028,S,True,A2CFC6311C185EAA2F17BA13E733D522713F64F2850C50F6EEF6E4CE1F592221,,0.475,40,SiO2; TiO2; Al2O3; Fe2O3; FeO; MnO; MgO; CaO; Na2O; K2O; P2O5; Rb; Y; Zr; Nb; Ba; La; Ce; Pr; Nd; Sm; Eu; Gd; Tb; Dy; Ho; Er; Tm; Yb; Lu; Hf; Ta; Ga; A/CNK; A/NK; Fe*; K2O/Na2O; Zr/Hf; Eu/Eu*; (La/Yb)N,20260992,20260992,0
R0693,3,validation,GG0035,RCB0028,S,True,A2CFC6311C185EAA2F17BA13E733D522713F64F2850C50F6EEF6E4CE1F592221,,0.475,40,SiO2; TiO2; Al2O3; Fe2O3; FeO; MnO; MgO; CaO; Na2O; K2O; P2O5; Rb; Y; Zr; Nb; Ba; La; Ce; Pr; Nd; Sm; Eu; Gd; Tb; Dy; Ho; Er; Tm; Yb; Lu; Hf; Ta; Ga; A/CNK; A/NK; Fe*; K2O/Na2O; Zr/Hf; Eu/Eu*; (La/Yb)N,20260992,20260992,0
R0694,3,validation,GG0035,RCB0028,S,True,A2CFC6311C185EAA2F17BA13E733D522713F64F2850C50F6EEF6E4CE1F592221,,0.475,40,SiO2; TiO2; Al2O3; Fe2O3; FeO; MnO; MgO; CaO; Na2O; K2O; P2O5; Rb; Y; Zr; Nb; Ba; La; Ce; Pr; Nd; Sm; Eu; Gd; Tb; Dy; Ho; Er; Tm; Yb; Lu; Hf; Ta; Ga; A/CNK; A/NK; Fe*; K2O/Na2O; Zr/Hf; Eu/Eu*; (La/Yb)N,20260992,20260992,0
R0695,3,validation,GG0035,RCB0028,S,True,A2CFC6311C185EAA2F17BA13E733D522713F64F2850C50F6EEF6E4CE1F592221,,0.475,40,SiO2; TiO2; Al2O3; Fe2O3; FeO; MnO; MgO; CaO; Na2O; K2O; P2O5; Rb; Y; Zr; Nb; Ba; La; Ce; Pr; Nd; Sm; Eu; Gd; Tb; Dy; Ho; Er; Tm; Yb; Lu; Hf; Ta; Ga; A/CNK; A/NK; Fe*; K2O/Na2O; Zr/Hf; Eu/Eu*; (La/Yb)N,20260992,20260992,0
R0696,3,validation,GG0035,RCB0028,S,True,A2CFC6311C185EAA2F17BA13E733D522713F64F2850C50F6EEF6E4CE1F592221,,0.475,40,SiO2; TiO2; Al2O3; Fe2O3; FeO; MnO; MgO; CaO; Na2O; K2O; P2O5; Rb; Y; Zr; Nb; Ba; La; Ce; Pr; Nd; Sm; Eu; Gd; Tb; Dy; Ho; Er; Tm; Yb; Lu; Hf; Ta; Ga; A/CNK; A/NK; Fe*; K2O/Na2O; Zr/Hf; Eu/Eu*; (La/Yb)N,20260992,20260992,0
R0697,3,validation,GG0035,RCB0028,S,True,A2CFC6311C185EAA2F17BA13E733D522713F64F2850C50F6EEF6E4CE1F592221,,0.475,40,SiO2; TiO2; Al2O3; Fe2O3; FeO; MnO; MgO; CaO; Na2O; K2O; P2O5; Rb; Y; Zr; Nb; Ba; La; Ce; Pr; Nd; Sm; Eu; Gd; Tb; Dy; Ho; Er; Tm; Yb; Lu; Hf; Ta; Ga; A/CNK; A/NK; Fe*; K2O/Na2O; Zr/Hf; Eu/Eu*; (La/Yb)N,20260992,20260992,0
R0698,3,validation,GG0035,RCB0028,S,True,A2CFC6311C185EAA2F17BA13E733D522713F64F2850C50F6EEF6E4CE1F592221,,0.475,40,SiO2; TiO2; Al2O3; Fe2O3; FeO; MnO; MgO; CaO; Na2O; K2O; P2O5; Rb; Y; Zr; Nb; Ba; La; Ce; Pr; Nd; Sm; Eu; Gd; Tb; Dy; Ho; Er; Tm; Yb; Lu; Hf; Ta; Ga; A/CNK; A/NK; Fe*; K2O/Na2O; Zr/Hf; Eu/Eu*; (La/Yb)N,20260992,20260992,0
R0699,3,validation,GG0035,RCB0028,S,True,A2CFC6311C185EAA2F17BA13E733D522713F64F2850C50F6EEF6E4CE1F592221,,0.475,40,SiO2; TiO2; Al2O3; Fe2O3; FeO; MnO; MgO; CaO; Na2O; K2O; P2O5; Rb; Y; Zr; Nb; Ba; La; Ce; Pr; Nd; Sm; Eu; Gd; Tb; Dy; Ho; Er; Tm; Yb; Lu; Hf; Ta; Ga; A/CNK; A/NK; Fe*; K2O/Na2O; Zr/Hf; Eu/Eu*; (La/Yb)N,20260992,20260992,0
R0700,3,validation,GG0035,RCB0028,S,True,A2CFC6311C185EAA2F17BA13E733D522713F64F2850C50F6EEF6E4CE1F592221,,0.475,40,SiO2; TiO2; Al2O3; Fe2O3; FeO; MnO; MgO; CaO; Na2O; K2O; P2O5; Rb; Y; Zr; Nb; Ba; La; Ce; Pr; Nd; Sm; Eu; Gd; Tb; Dy; Ho; Er; Tm; Yb; Lu; Hf; Ta; Ga; A/CNK; A/NK; Fe*; K2O/Na2O; Zr/Hf; Eu/Eu*; (La/Yb)N,20260992,20260992,0
R0701,3,validation,GG0035,RCB0028,S,True,A2CFC6311C185EAA2F17BA13E733D522713F64F2850C50F6EEF6E4CE1F592221,,0.475,40,SiO2; TiO2; Al2O3; Fe2O3; FeO; MnO; MgO; CaO; Na2O; K2O; P2O5; Rb; Y; Zr; Nb; Ba; La; Ce; Pr; Nd; Sm; Eu; Gd; Tb; Dy; Ho; Er; Tm; Yb; Lu; Hf; Ta; Ga; A/CNK; A/NK; Fe*; K2O/Na2O; Zr/Hf; Eu/Eu*; (La/Yb)N,20260992,20260992,0
R0796,3,validation,GG0034,RCB0027,S,True,A2CFC6311C185EAA2F17BA13E733D522713F64F2850C50F6EEF6E4CE1F592221,,0.3,40,SiO2; TiO2; Al2O3; Fe2O3; FeO; MnO; MgO; CaO; Na2O; K2O; P2O5; Rb; Y; Zr; Nb; Ba; La; Ce; Pr; Nd; Sm; Eu; Gd; Tb; Dy; Ho; Er; Tm; Yb; Lu; Hf; Ta; Ga; A/CNK; A/NK; Fe*; K2O/Na2O; Zr/Hf; Eu/Eu*; (La/Yb)N,20260992,20260992,0
R0797,3,validation,GG0034,RCB0027,S,True,A2CFC6311C185EAA2F17BA13E733D522713F64F2850C50F6EEF6E4CE1F592221,,0.3,40,SiO2; TiO2; Al2O3; Fe2O3; FeO; MnO; MgO; CaO; Na2O; K2O; P2O5; Rb; Y; Zr; Nb; Ba; La; Ce; Pr; Nd; Sm; Eu; Gd; Tb; Dy; Ho; Er; Tm; Yb; Lu; Hf; Ta; Ga; A/CNK; A/NK; Fe*; K2O/Na2O; Zr/Hf; Eu/Eu*; (La/Yb)N,20260992,20260992,0
R0798,3,validation,GG0034,RCB0027,S,True,A2CFC6311C185EAA2F17BA13E733D522713F64F2850C50F6EEF6E4CE1F592221,,0.3,40,SiO2; TiO2; Al2O3; Fe2O3; FeO; MnO; MgO; CaO; Na2O; K2O; P2O5; Rb; Y; Zr; Nb; Ba; La; Ce; Pr; Nd; Sm; Eu; Gd; Tb; Dy; Ho; Er; Tm; Yb; Lu; Hf; Ta; Ga; A/CNK; A/NK; Fe*; K2O/Na2O; Zr/Hf; Eu/Eu*; (La/Yb)N,20260992,20260992,0
R0799,3,validation,GG0034,RCB0027,S,True,A2CFC6311C185EAA2F17BA13E733D522713F64F2850C50F6EEF6E4CE1F592221,,0.3,40,SiO2; TiO2; Al2O3; Fe2O3; FeO; MnO; MgO; CaO; Na2O; K2O; P2O5; Rb; Y; Zr; Nb; Ba; La; Ce; Pr; Nd; Sm; Eu; Gd; Tb; Dy; Ho; Er; Tm; Yb; Lu; Hf; Ta; Ga; A/CNK; A/NK; Fe*; K2O/Na2O; Zr/Hf; Eu/Eu*; (La/Yb)N,20260992,20260992,0
R0800,3,validation,GG0034,RCB0027,S,True,A2CFC6311C185EAA2F17BA13E733D522713F64F2850C50F6EEF6E4CE1F592221,,0.3,40,SiO2; TiO2; Al2O3; Fe2O3; FeO; MnO; MgO; CaO; Na2O; K2O; P2O5; Rb; Y; Zr; Nb; Ba; La; Ce; Pr; Nd; Sm; Eu; Gd; Tb; Dy; Ho; Er; Tm; Yb; Lu; Hf; Ta; Ga; A/CNK; A/NK; Fe*; K2O/Na2O; Zr/Hf; Eu/Eu*; (La/Yb)N,20260992,20260992,0
R0801,3,validation,GG0034,RCB0027,S,True,A2CFC6311C185EAA2F17BA13E733D522713F64F2850C50F6EEF6E4CE1F592221,,0.3,40,SiO2; TiO2; Al2O3; Fe2O3; FeO; MnO; MgO; CaO; Na2O; K2O; P2O5; Rb; Y; Zr; Nb; Ba; La; Ce; Pr; Nd; Sm; Eu; Gd; Tb; Dy; Ho; Er; Tm; Yb; Lu; Hf; Ta; Ga; A/CNK; A/NK; Fe*; K2O/Na2O; Zr/Hf; Eu/Eu*; (La/Yb)N,20260992,20260992,0
R0802,3,validation,GG0034,RCB0027,S,True,A2CFC6311C185EAA2F17BA13E733D522713F64F2850C50F6EEF6E4CE1F592221,,0.075,40,SiO2; TiO2; Al2O3; Fe2O3; FeO; MnO; MgO; CaO; Na2O; K2O; P2O5; Rb; Y; Zr; Nb; Ba; La; Ce; Pr; Nd; Sm; Eu; Gd; Tb; Dy; Ho; Er; Tm; Yb; Lu; Hf; Ta; Ga; A/CNK; A/NK; Fe*; K2O/Na2O; Zr/Hf; Eu/Eu*; (La/Yb)N,20260992,20260992,0
R0803,3,validation,GG0034,RCB0027,S,True,A2CFC6311C185EAA2F17BA13E733D522713F64F2850C50F6EEF6E4CE1F592221,,0.075,40,SiO2; TiO2; Al2O3; Fe2O3; FeO; MnO; MgO; CaO; Na2O; K2O; P2O5; Rb; Y; Zr; Nb; Ba; La; Ce; Pr; Nd; Sm; Eu; Gd; Tb; Dy; Ho; Er; Tm; Yb; Lu; Hf; Ta; Ga; A/CNK; A/NK; Fe*; K2O/Na2O; Zr/Hf; Eu/Eu*; (La/Yb)N,20260992,20260992,0
R0804,3,validation,GG0034,RCB0027,S,True,A2CFC6311C185EAA2F17BA13E733D522713F64F2850C50F6EEF6E4CE1F592221,,0.075,40,SiO2; TiO2; Al2O3; Fe2O3; FeO; MnO; MgO; CaO; Na2O; K2O; P2O5; Rb; Y; Zr; Nb; Ba; La; Ce; Pr; Nd; Sm; Eu; Gd; Tb; Dy; Ho; Er; Tm; Yb; Lu; Hf; Ta; Ga; A/CNK; A/NK; Fe*; K2O/Na2O; Zr/Hf; Eu/Eu*; (La/Yb)N,20260992,20260992,0
R0805,3,validation,GG0034,RCB0027,S,True,A2CFC6311C185EAA2F17BA13E733D522713F64F2850C50F6EEF6E4CE1F592221,,0.075,40,SiO2; TiO2; Al2O3; Fe2O3; FeO; MnO; MgO; CaO; Na2O; K2O; P2O5; Rb; Y; Zr; Nb; Ba; La; Ce; Pr; Nd; Sm; Eu; Gd; Tb; Dy; Ho; Er; Tm; Yb; Lu; Hf; Ta; Ga; A/CNK; A/NK; Fe*; K2O/Na2O; Zr/Hf; Eu/Eu*; (La/Yb)N,20260992,20260992,0
R0806,3,validation,GG0034,RCB0027,S,True,A2CFC6311C185EAA2F17BA13E733D522713F64F2850C50F6EEF6E4CE1F592221,,0.075,40,SiO2; TiO2; Al2O3; Fe2O3; FeO; MnO; MgO; CaO; Na2O; K2O; P2O5; Rb; Y; Zr; Nb; Ba; La; Ce; Pr; Nd; Sm; Eu; Gd; Tb; Dy; Ho; Er; Tm; Yb; Lu; Hf; Ta; Ga; A/CNK; A/NK; Fe*; K2O/Na2O; Zr/Hf; Eu/Eu*; (La/Yb)N,20260992,20260992,0
R0807,3,validation,GG0034,RCB0027,S,True,A2CFC6311C185EAA2F17BA13E733D522713F64F2850C50F6EEF6E4CE1F592221,,0.075,40,SiO2; TiO2; Al2O3; Fe2O3; FeO; MnO; MgO; CaO; Na2O; K2O; P2O5; Rb; Y; Zr; Nb; Ba; La; Ce; Pr; Nd; Sm; Eu; Gd; Tb; Dy; Ho; Er; Tm; Yb; Lu; Hf; Ta; Ga; A/CNK; A/NK; Fe*; K2O/Na2O; Zr/Hf; Eu/Eu*; (La/Yb)N,20260992,20260992,0
R0808,3,validation,GG0034,RCB0027,S,True,A2CFC6311C185EAA2F17BA13E733D522713F64F2850C50F6EEF6E4CE1F592221,,0.075,40,SiO2; TiO2; Al2O3; Fe2O3; FeO; MnO; MgO; CaO; Na2O; K2O; P2O5; Rb; Y; Zr; Nb; Ba; La; Ce; Pr; Nd; Sm; Eu; Gd; Tb; Dy; Ho; Er; Tm; Yb; Lu; Hf; Ta; Ga; A/CNK; A/NK; Fe*; K2O/Na2O; Zr/Hf; Eu/Eu*; (La/Yb)N,20260992,20260992,0
R0809,3,validation,GG0034,RCB0027,S,True,A2CFC6311C185EAA2F17BA13E733D522713F64F2850C50F6EEF6E4CE1F592221,,0.075,40,SiO2; TiO2; Al2O3; Fe2O3; FeO; MnO; MgO; CaO; Na2O; K2O; P2O5; Rb; Y; Zr; Nb; Ba; La; Ce; Pr; Nd; Sm; Eu; Gd; Tb; Dy; Ho; Er; Tm; Yb; Lu; Hf; Ta; Ga; A/CNK; A/NK; Fe*; K2O/Na2O; Zr/Hf; Eu/Eu*; (La/Yb)N,20260992,20260992,0
R0810,3,validation,GG0034,RCB0027,S,True,A2CFC6311C185EAA2F17BA13E733D522713F64F2850C50F6EEF6E4CE1F592221,,0.075,40,SiO2; TiO2; Al2O3; Fe2O3; FeO; MnO; MgO; CaO; Na2O; K2O; P2O5; Rb; Y; Zr; Nb; Ba; La; Ce; Pr; Nd; Sm; Eu; Gd; Tb; Dy; Ho; Er; Tm; Yb; Lu; Hf; Ta; Ga; A/CNK; A/NK; Fe*; K2O/Na2O; Zr/Hf; Eu/Eu*; (La/Yb)N,20260992,20260992,0
R0811,3,validation,GG0034,RCB0027,S,True,A2CFC6311C185EAA2F17BA13E733D522713F64F2850C50F6EEF6E4CE1F592221,,0.075,40,SiO2; TiO2; Al2O3; Fe2O3; FeO; MnO; MgO; CaO; Na2O; K2O; P2O5; Rb; Y; Zr; Nb; Ba; La; Ce; Pr; Nd; Sm; Eu; Gd; Tb; Dy; Ho; Er; Tm; Yb; Lu; Hf; Ta; Ga; A/CNK; A/NK; Fe*; K2O/Na2O; Zr/Hf; Eu/Eu*; (La/Yb)N,20260992,20260992,0
R0812,3,validation,GG0034,RCB0027,S,True,A2CFC6311C185EAA2F17BA13E733D522713F64F2850C50F6EEF6E4CE1F592221,,0.075,40,SiO2; TiO2; Al2O3; Fe2O3; FeO; MnO; MgO; CaO; Na2O; K2O; P2O5; Rb; Y; Zr; Nb; Ba; La; Ce; Pr; Nd; Sm; Eu; Gd; Tb; Dy; Ho; Er; Tm; Yb; Lu; Hf; Ta; Ga; A/CNK; A/NK; Fe*; K2O/Na2O; Zr/Hf; Eu/Eu*; (La/Yb)N,20260992,20260992,0
R0813,3,validation,GG0034,RCB0027,S,True,A2CFC6311C185EAA2F17BA13E733D522713F64F2850C50F6EEF6E4CE1F592221,,0.075,40,SiO2; TiO2; Al2O3; Fe2O3; FeO; MnO; MgO; CaO; Na2O; K2O; P2O5; Rb; Y; Zr; Nb; Ba; La; Ce; Pr; Nd; Sm; Eu; Gd; Tb; Dy; Ho; Er; Tm; Yb; Lu; Hf; Ta; Ga; A/CNK; A/NK; Fe*; K2O/Na2O; Zr/Hf; Eu/Eu*; (La/Yb)N,20260992,20260992,0
R0814,3,validation,GG0034,RCB0027,S,True,A2CFC6311C185EAA2F17BA13E733D522713F64F2850C50F6EEF6E4CE1F592221,,0.075,40,SiO2; TiO2; Al2O3; Fe2O3; FeO; MnO; MgO; CaO; Na2O; K2O; P2O5; Rb; Y; Zr; Nb; Ba; La; Ce; Pr; Nd; Sm; Eu; Gd; Tb; Dy; Ho; Er; Tm; Yb; Lu; Hf; Ta; Ga; A/CNK; A/NK; Fe*; K2O/Na2O; Zr/Hf; Eu/Eu*; (La/Yb)N,20260992,20260992,0
R0815,3,validation,GG0034,RCB0027,S,True,A2CFC6311C185EAA2F17BA13E733D522713F64F2850C50F6EEF6E4CE1F592221,,0.075,40,SiO2; TiO2; Al2O3; Fe2O3; FeO; MnO; MgO; CaO; Na2O; K2O; P2O5; Rb; Y; Zr; Nb; Ba; La; Ce; Pr; Nd; Sm; Eu; Gd; Tb; Dy; Ho; Er; Tm; Yb; Lu; Hf; Ta; Ga; A/CNK; A/NK; Fe*; K2O/Na2O; Zr/Hf; Eu/Eu*; (La/Yb)N,20260992,20260992,0
R0816,3,validation,GG0034,RCB0027,S,True,A2CFC6311C185EAA2F17BA13E733D522713F64F2850C50F6EEF6E4CE1F592221,,0.075,40,SiO2; TiO2; Al2O3; Fe2O3; FeO; MnO; MgO; CaO; Na2O; K2O; P2O5; Rb; Y; Zr; Nb; Ba; La; Ce; Pr; Nd; Sm; Eu; Gd; Tb; Dy; Ho; Er; Tm; Yb; Lu; Hf; Ta; Ga; A/CNK; A/NK; Fe*; K2O/Na2O; Zr/Hf; Eu/Eu*; (La/Yb)N,20260992,20260992,0
R0817,3,validation,GG0034,RCB0027,S,True,A2CFC6311C185EAA2F17BA13E733D522713F64F2850C50F6EEF6E4CE1F592221,,0.0,40,SiO2; TiO2; Al2O3; Fe2O3; FeO; MnO; MgO; CaO; Na2O; K2O; P2O5; Rb; Y; Zr; Nb; Ba; La; Ce; Pr; Nd; Sm; Eu; Gd; Tb; Dy; Ho; Er; Tm; Yb; Lu; Hf; Ta; Ga; A/CNK; A/NK; Fe*; K2O/Na2O; Zr/Hf; Eu/Eu*; (La/Yb)N,20260992,20260992,0
R0818,3,validation,GG0034,RCB0027,S,True,A2CFC6311C185EAA2F17BA13E733D522713F64F2850C50F6EEF6E4CE1F592221,,0.0,40,SiO2; TiO2; Al2O3; Fe2O3; FeO; MnO; MgO; CaO; Na2O; K2O; P2O5; Rb; Y; Zr; Nb; Ba; La; Ce; Pr; Nd; Sm; Eu; Gd; Tb; Dy; Ho; Er; Tm; Yb; Lu; Hf; Ta; Ga; A/CNK; A/NK; Fe*; K2O/Na2O; Zr/Hf; Eu/Eu*; (La/Yb)N,20260992,20260992,0
R0819,3,validation,GG0034,RCB0027,S,True,A2CFC6311C185EAA2F17BA13E733D522713F64F2850C50F6EEF6E4CE1F592221,,0.0,40,SiO2; TiO2; Al2O3; Fe2O3; FeO; MnO; MgO; CaO; Na2O; K2O; P2O5; Rb; Y; Zr; Nb; Ba; La; Ce; Pr; Nd; Sm; Eu; Gd; Tb; Dy; Ho; Er; Tm; Yb; Lu; Hf; Ta; Ga; A/CNK; A/NK; Fe*; K2O/Na2O; Zr/Hf; Eu/Eu*; (La/Yb)N,20260992,20260992,0
R0820,3,validation,GG0034,RCB0027,S,True,A2CFC6311C185EAA2F17BA13E733D522713F64F2850C50F6EEF6E4CE1F592221,,0.0,40,SiO2; TiO2; Al2O3; Fe2O3; FeO; MnO; MgO; CaO; Na2O; K2O; P2O5; Rb; Y; Zr; Nb; Ba; La; Ce; Pr; Nd; Sm; Eu; Gd; Tb; Dy; Ho; Er; Tm; Yb; Lu; Hf; Ta; Ga; A/CNK; A/NK; Fe*; K2O/Na2O; Zr/Hf; Eu/Eu*; (La/Yb)N,20260992,20260992,0
R0821,3,validation,GG0034,RCB0027,S,True,A2CFC6311C185EAA2F17BA13E733D522713F64F2850C50F6EEF6E4CE1F592221,,0.0,40,SiO2; TiO2; Al2O3; Fe2O3; FeO; MnO; MgO; CaO; Na2O; K2O; P2O5; Rb; Y; Zr; Nb; Ba; La; Ce; Pr; Nd; Sm; Eu; Gd; Tb; Dy; Ho; Er; Tm; Yb; Lu; Hf; Ta; Ga; A/CNK; A/NK; Fe*; K2O/Na2O; Zr/Hf; Eu/Eu*; (La/Yb)N,20260992,20260992,0
R0822,3,validation,GG0034,RCB0027,S,True,A2CFC6311C185EAA2F17BA13E733D522713F64F2850C50F6EEF6E4CE1F592221,,0.0,40,SiO2; TiO2; Al2O3; Fe2O3; FeO; MnO; MgO; CaO; Na2O; K2O; P2O5; Rb; Y; Zr; Nb; Ba; La; Ce; Pr; Nd; Sm; Eu; Gd; Tb; Dy; Ho; Er; Tm; Yb; Lu; Hf; Ta; Ga; A/CNK; A/NK; Fe*; K2O/Na2O; Zr/Hf; Eu/Eu*; (La/Yb)N,20260992,20260992,0
R0823,3,validation,GG0034,RCB0027,S,True,A2CFC6311C185EAA2F17BA13E733D522713F64F2850C50F6EEF6E4CE1F592221,,0.0,40,SiO2; TiO2; Al2O3; Fe2O3; FeO; MnO; MgO; CaO; Na2O; K2O; P2O5; Rb; Y; Zr; Nb; Ba; La; Ce; Pr; Nd; Sm; Eu; Gd; Tb; Dy; Ho; Er; Tm; Yb; Lu; Hf; Ta; Ga; A/CNK; A/NK; Fe*; K2O/Na2O; Zr/Hf; Eu/Eu*; (La/Yb)N,20260992,20260992,0
R0824,3,validation,GG0034,RCB0027,S,True,A2CFC6311C185EAA2F17BA13E733D522713F64F2850C50F6EEF6E4CE1F592221,,0.0,40,SiO2; TiO2; Al2O3; Fe2O3; FeO; MnO; MgO; CaO; Na2O; K2O; P2O5; Rb; Y; Zr; Nb; Ba; La; Ce; Pr; Nd; Sm; Eu; Gd; Tb; Dy; Ho; Er; Tm; Yb; Lu; Hf; Ta; Ga; A/CNK; A/NK; Fe*; K2O/Na2O; Zr/Hf; Eu/Eu*; (La/Yb)N,20260992,20260992,0
R0825,3,validation,GG0034,RCB0027,S,True,A2CFC6311C185EAA2F17BA13E733D522713F64F2850C50F6EEF6E4CE1F592221,,0.0,40,SiO2; TiO2; Al2O3; Fe2O3; FeO; MnO; MgO; CaO; Na2O; K2O; P2O5; Rb; Y; Zr; Nb; Ba; La; Ce; Pr; Nd; Sm; Eu; Gd; Tb; Dy; Ho; Er; Tm; Yb; Lu; Hf; Ta; Ga; A/CNK; A/NK; Fe*; K2O/Na2O; Zr/Hf; Eu/Eu*; (La/Yb)N,20260992,20260992,0
R0826,3,validation,GG0034,RCB0027,S,True,A2CFC6311C185EAA2F17BA13E733D522713F64F2850C50F6EEF6E4CE1F592221,,0.0,40,SiO2; TiO2; Al2O3; Fe2O3; FeO; MnO; MgO; CaO; Na2O; K2O; P2O5; Rb; Y; Zr; Nb; Ba; La; Ce; Pr; Nd; Sm; Eu; Gd; Tb; Dy; Ho; Er; Tm; Yb; Lu; Hf; Ta; Ga; A/CNK; A/NK; Fe*; K2O/Na2O; Zr/Hf; Eu/Eu*; (La/Yb)N,20260992,20260992,0
R0827,3,validation,GG0034,RCB0027,S,True,A2CFC6311C185EAA2F17BA13E733D522713F64F2850C50F6EEF6E4CE1F592221,,0.0,40,SiO2; TiO2; Al2O3; Fe2O3; FeO; MnO; MgO; CaO; Na2O; K2O; P2O5; Rb; Y; Zr; Nb; Ba; La; Ce; Pr; Nd; Sm; Eu; Gd; Tb; Dy; Ho; Er; Tm; Yb; Lu; Hf; Ta; Ga; A/CNK; A/NK; Fe*; K2O/Na2O; Zr/Hf; Eu/Eu*; (La/Yb)N,20260992,20260992,0
R0828,3,validation,GG0034,RCB0027,S,True,A2CFC6311C185EAA2F17BA13E733D522713F64F2850C50F6EEF6E4CE1F592221,,0.0,40,SiO2; TiO2; Al2O3; Fe2O3; FeO; MnO; MgO; CaO; Na2O; K2O; P2O5; Rb; Y; Zr; Nb; Ba; La; Ce; Pr; Nd; Sm; Eu; Gd; Tb; Dy; Ho; Er; Tm; Yb; Lu; Hf; Ta; Ga; A/CNK; A/NK; Fe*; K2O/Na2O; Zr/Hf; Eu/Eu*; (La/Yb)N,20260992,20260992,0
R0829,3,validation,GG0034,RCB0027,S,True,A2CFC6311C185EAA2F17BA13E733D522713F64F2850C50F6EEF6E4CE1F592221,,0.0,40,SiO2; TiO2; Al2O3; Fe2O3; FeO; MnO; MgO; CaO; Na2O; K2O; P2O5; Rb; Y; Zr; Nb; Ba; La; Ce; Pr; Nd; Sm; Eu; Gd; Tb; Dy; Ho; Er; Tm; Yb; Lu; Hf; Ta; Ga; A/CNK; A/NK; Fe*; K2O/Na2O; Zr/Hf; Eu/Eu*; (La/Yb)N,20260992,20260992,0
R0830,3,validation,GG0034,RCB0027,S,True,A2CFC6311C185EAA2F17BA13E733D522713F64F2850C50F6EEF6E4CE1F592221,,0.0,40,SiO2; TiO2; Al2O3; Fe2O3; FeO; MnO; MgO; CaO; Na2O; K2O; P2O5; Rb; Y; Zr; Nb; Ba; La; Ce; Pr; Nd; Sm; Eu; Gd; Tb; Dy; Ho; Er; Tm; Yb; Lu; Hf; Ta; Ga; A/CNK; A/NK; Fe*; K2O/Na2O; Zr/Hf; Eu/Eu*; (La/Yb)N,20260992,20260992,0
R0831,3,validation,GG0034,RCB0027,S,True,A2CFC6311C185EAA2F17BA13E733D522713F64F2850C50F6EEF6E4CE1F592221,,0.0,40,SiO2; TiO2; Al2O3; Fe2O3; FeO; MnO; MgO; CaO; Na2O; K2O; P2O5; Rb; Y; Zr; Nb; Ba; La; Ce; Pr; Nd; Sm; Eu; Gd; Tb; Dy; Ho; Er; Tm; Yb; Lu; Hf; Ta; Ga; A/CNK; A/NK; Fe*; K2O/Na2O; Zr/Hf; Eu/Eu*; (La/Yb)N,20260992,20260992,0
R0840,3,validation,GG0034,RCB0027,S,True,A2CFC6311C185EAA2F17BA13E733D522713F64F2850C50F6EEF6E4CE1F592221,,0.025,40,SiO2; TiO2; Al2O3; Fe2O3; FeO; MnO; MgO; CaO; Na2O; K2O; P2O5; Rb; Y; Zr; Nb; Ba; La; Ce; Pr; Nd; Sm; Eu; Gd; Tb; Dy; Ho; Er; Tm; Yb; Lu; Hf; Ta; Ga; A/CNK; A/NK; Fe*; K2O/Na2O; Zr/Hf; Eu/Eu*; (La/Yb)N,20260992,20260992,0
R0841,3,validation,GG0034,RCB0027,S,True,A2CFC6311C185EAA2F17BA13E733D522713F64F2850C50F6EEF6E4CE1F592221,,0.025,40,SiO2; TiO2; Al2O3; Fe2O3; FeO; MnO; MgO; CaO; Na2O; K2O; P2O5; Rb; Y; Zr; Nb; Ba; La; Ce; Pr; Nd; Sm; Eu; Gd; Tb; Dy; Ho; Er; Tm; Yb; Lu; Hf; Ta; Ga; A/CNK; A/NK; Fe*; K2O/Na2O; Zr/Hf; Eu/Eu*; (La/Yb)N,20260992,20260992,0
R0842,3,validation,GG0034,RCB0027,S,True,A2CFC6311C185EAA2F17BA13E733D522713F64F2850C50F6EEF6E4CE1F592221,,0.025,40,SiO2; TiO2; Al2O3; Fe2O3; FeO; MnO; MgO; CaO; Na2O; K2O; P2O5; Rb; Y; Zr; Nb; Ba; La; Ce; Pr; Nd; Sm; Eu; Gd; Tb; Dy; Ho; Er; Tm; Yb; Lu; Hf; Ta; Ga; A/CNK; A/NK; Fe*; K2O/Na2O; Zr/Hf; Eu/Eu*; (La/Yb)N,20260992,20260992,0
R0843,3,validation,GG0034,RCB0027,S,True,A2CFC6311C185EAA2F17BA13E733D522713F64F2850C50F6EEF6E4CE1F592221,,0.025,40,SiO2; TiO2; Al2O3; Fe2O3; FeO; MnO; MgO; CaO; Na2O; K2O; P2O5; Rb; Y; Zr; Nb; Ba; La; Ce; Pr; Nd; Sm; Eu; Gd; Tb; Dy; Ho; Er; Tm; Yb; Lu; Hf; Ta; Ga; A/CNK; A/NK; Fe*; K2O/Na2O; Zr/Hf; Eu/Eu*; (La/Yb)N,20260992,20260992,0
R0844,3,validation,GG0034,RCB0027,S,True,A2CFC6311C185EAA2F17BA13E733D522713F64F2850C50F6EEF6E4CE1F592221,,0.025,40,SiO2; TiO2; Al2O3; Fe2O3; FeO; MnO; MgO; CaO; Na2O; K2O; P2O5; Rb; Y; Zr; Nb; Ba; La; Ce; Pr; Nd; Sm; Eu; Gd; Tb; Dy; Ho; Er; Tm; Yb; Lu; Hf; Ta; Ga; A/CNK; A/NK; Fe*; K2O/Na2O; Zr/Hf; Eu/Eu*; (La/Yb)N,20260992,20260992,0
R0845,3,validation,GG0034,RCB0027,S,True,A2CFC6311C185EAA2F17BA13E733D522713F64F2850C50F6EEF6E4CE1F592221,,0.025,40,SiO2; TiO2; Al2O3; Fe2O3; FeO; MnO; MgO; CaO; Na2O; K2O; P2O5; Rb; Y; Zr; Nb; Ba; La; Ce; Pr; Nd; Sm; Eu; Gd; Tb; Dy; Ho; Er; Tm; Yb; Lu; Hf; Ta; Ga; A/CNK; A/NK; Fe*; K2O/Na2O; Zr/Hf; Eu/Eu*; (La/Yb)N,20260992,20260992,0
R0901,3,validation,GG0062,RCB0045,I,True,A2CFC6311C185EAA2F17BA13E733D522713F64F2850C50F6EEF6E4CE1F592221,,0.075,40,SiO2; TiO2; Al2O3; Fe2O3; FeO; MnO; MgO; CaO; Na2O; K2O; P2O5; Rb; Y; Zr; Nb; Ba; La; Ce; Pr; Nd; Sm; Eu; Gd; Tb; Dy; Ho; Er; Tm; Yb; Lu; Hf; Ta; Ga; A/CNK; A/NK; Fe*; K2O/Na2O; Zr/Hf; Eu/Eu*; (La/Yb)N,20260992,20260992,0
R0902,3,validation,GG0062,RCB0045,I,True,A2CFC6311C185EAA2F17BA13E733D522713F64F2850C50F6EEF6E4CE1F592221,,0.075,40,SiO2; TiO2; Al2O3; Fe2O3; FeO; MnO; MgO; CaO; Na2O; K2O; P2O5; Rb; Y; Zr; Nb; Ba; La; Ce; Pr; Nd; Sm; Eu; Gd; Tb; Dy; Ho; Er; Tm; Yb; Lu; Hf; Ta; Ga; A/CNK; A/NK; Fe*; K2O/Na2O; Zr/Hf; Eu/Eu*; (La/Yb)N,20260992,20260992,0
R0903,3,validation,GG0062,RCB0045,I,True,A2CFC6311C185EAA2F17BA13E733D522713F64F2850C50F6EEF6E4CE1F592221,,0.075,40,SiO2; TiO2; Al2O3; Fe2O3; FeO; MnO; MgO; CaO; Na2O; K2O; P2O5; Rb; Y; Zr; Nb; Ba; La; Ce; Pr; Nd; Sm; Eu; Gd; Tb; Dy; Ho; Er; Tm; Yb; Lu; Hf; Ta; Ga; A/CNK; A/NK; Fe*; K2O/Na2O; Zr/Hf; Eu/Eu*; (La/Yb)N,20260992,20260992,0
R0904,3,validation,GG0062,RCB0045,I,True,A2CFC6311C185EAA2F17BA13E733D522713F64F2850C50F6EEF6E4CE1F592221,,0.075,40,SiO2; TiO2; Al2O3; Fe2O3; FeO; MnO; MgO; CaO; Na2O; K2O; P2O5; Rb; Y; Zr; Nb; Ba; La; Ce; Pr; Nd; Sm; Eu; Gd; Tb; Dy; Ho; Er; Tm; Yb; Lu; Hf; Ta; Ga; A/CNK; A/NK; Fe*; K2O/Na2O; Zr/Hf; Eu/Eu*; (La/Yb)N,20260992,20260992,0
R0905,3,validation,GG0062,RCB0045,I,True,A2CFC6311C185EAA2F17BA13E733D522713F64F2850C50F6EEF6E4CE1F592221,,0.075,40,SiO2; TiO2; Al2O3; Fe2O3; FeO; MnO; MgO; CaO; Na2O; K2O; P2O5; Rb; Y; Zr; Nb; Ba; La; Ce; Pr; Nd; Sm; Eu; Gd; Tb; Dy; Ho; Er; Tm; Yb; Lu; Hf; Ta; Ga; A/CNK; A/NK; Fe*; K2O/Na2O; Zr/Hf; Eu/Eu*; (La/Yb)N,20260992,20260992,0
R0906,3,validation,GG0062,RCB0045,I,True,A2CFC6311C185EAA2F17BA13E733D522713F64F2850C50F6EEF6E4CE1F592221,,0.075,40,SiO2; TiO2; Al2O3; Fe2O3; FeO; MnO; MgO; CaO; Na2O; K2O; P2O5; Rb; Y; Zr; Nb; Ba; La; Ce; Pr; Nd; Sm; Eu; Gd; Tb; Dy; Ho; Er; Tm; Yb; Lu; Hf; Ta; Ga; A/CNK; A/NK; Fe*; K2O/Na2O; Zr/Hf; Eu/Eu*; (La/Yb)N,20260992,20260992,0
R0907,3,validation,GG0062,RCB0045,I,True,A2CFC6311C185EAA2F17BA13E733D522713F64F2850C50F6EEF6E4CE1F592221,,0.075,40,SiO2; TiO2; Al2O3; Fe2O3; FeO; MnO; MgO; CaO; Na2O; K2O; P2O5; Rb; Y; Zr; Nb; Ba; La; Ce; Pr; Nd; Sm; Eu; Gd; Tb; Dy; Ho; Er; Tm; Yb; Lu; Hf; Ta; Ga; A/CNK; A/NK; Fe*; K2O/Na2O; Zr/Hf; Eu/Eu*; (La/Yb)N,20260992,20260992,0
R0934,3,validation,GG0011,RCB0011,A,True,A2CFC6311C185EAA2F17BA13E733D522713F64F2850C50F6EEF6E4CE1F592221,,0.025,40,SiO2; TiO2; Al2O3; Fe2O3; FeO; MnO; MgO; CaO; Na2O; K2O; P2O5; Rb; Y; Zr; Nb; Ba; La; Ce; Pr; Nd; Sm; Eu; Gd; Tb; Dy; Ho; Er; Tm; Yb; Lu; Hf; Ta; Ga; A/CNK; A/NK; Fe*; K2O/Na2O; Zr/Hf; Eu/Eu*; (La/Yb)N,20260992,20260992,0
R0935,3,validation,GG0011,RCB0011,A,True,A2CFC6311C185EAA2F17BA13E733D522713F64F2850C50F6EEF6E4CE1F592221,,0.025,40,SiO2; TiO2; Al2O3; Fe2O3; FeO; MnO; MgO; CaO; Na2O; K2O; P2O5; Rb; Y; Zr; Nb; Ba; La; Ce; Pr; Nd; Sm; Eu; Gd; Tb; Dy; Ho; Er; Tm; Yb; Lu; Hf; Ta; Ga; A/CNK; A/NK; Fe*; K2O/Na2O; Zr/Hf; Eu/Eu*; (La/Yb)N,20260992,20260992,0
R0936,3,validation,GG0011,RCB0011,A,True,A2CFC6311C185EAA2F17BA13E733D522713F64F2850C50F6EEF6E4CE1F592221,,0.025,40,SiO2; TiO2; Al2O3; Fe2O3; FeO; MnO; MgO; CaO; Na2O; K2O; P2O5; Rb; Y; Zr; Nb; Ba; La; Ce; Pr; Nd; Sm; Eu; Gd; Tb; Dy; Ho; Er; Tm; Yb; Lu; Hf; Ta; Ga; A/CNK; A/NK; Fe*; K2O/Na2O; Zr/Hf; Eu/Eu*; (La/Yb)N,20260992,20260992,0
R0937,3,validation,GG0011,RCB0011,A,True,A2CFC6311C185EAA2F17BA13E733D522713F64F2850C50F6EEF6E4CE1F592221,,0.025,40,SiO2; TiO2; Al2O3; Fe2O3; FeO; MnO; MgO; CaO; Na2O; K2O; P2O5; Rb; Y; Zr; Nb; Ba; La; Ce; Pr; Nd; Sm; Eu; Gd; Tb; Dy; Ho; Er; Tm; Yb; Lu; Hf; Ta; Ga; A/CNK; A/NK; Fe*; K2O/Na2O; Zr/Hf; Eu/Eu*; (La/Yb)N,20260992,20260992,0
R0938,3,validation,GG0011,RCB0011,A,True,A2CFC6311C185EAA2F17BA13E733D522713F64F2850C50F6EEF6E4CE1F592221,,0.025,40,SiO2; TiO2; Al2O3; Fe2O3; FeO; MnO; MgO; CaO; Na2O; K2O; P2O5; Rb; Y; Zr; Nb; Ba; La; Ce; Pr; Nd; Sm; Eu; Gd; Tb; Dy; Ho; Er; Tm; Yb; Lu; Hf; Ta; Ga; A/CNK; A/NK; Fe*; K2O/Na2O; Zr/Hf; Eu/Eu*; (La/Yb)N,20260992,20260992,0
R0939,3,validation,GG0011,RCB0011,A,True,A2CFC6311C185EAA2F17BA13E733D522713F64F2850C50F6EEF6E4CE1F592221,,0.025,40,SiO2; TiO2; Al2O3; Fe2O3; FeO; MnO; MgO; CaO; Na2O; K2O; P2O5; Rb; Y; Zr; Nb; Ba; La; Ce; Pr; Nd; Sm; Eu; Gd; Tb; Dy; Ho; Er; Tm; Yb; Lu; Hf; Ta; Ga; A/CNK; A/NK; Fe*; K2O/Na2O; Zr/Hf; Eu/Eu*; (La/Yb)N,20260992,20260992,0
R0940,3,validation,GG0011,RCB0011,A,True,A2CFC6311C185EAA2F17BA13E733D522713F64F2850C50F6EEF6E4CE1F592221,,0.025,40,SiO2; TiO2; Al2O3; Fe2O3; FeO; MnO; MgO; CaO; Na2O; K2O; P2O5; Rb; Y; Zr; Nb; Ba; La; Ce; Pr; Nd; Sm; Eu; Gd; Tb; Dy; Ho; Er; Tm; Yb; Lu; Hf; Ta; Ga; A/CNK; A/NK; Fe*; K2O/Na2O; Zr/Hf; Eu/Eu*; (La/Yb)N,20260992,20260992,0
R0941,3,validation,GG0011,RCB0011,A,True,A2CFC6311C185EAA2F17BA13E733D522713F64F2850C50F6EEF6E4CE1F592221,,0.025,40,SiO2; TiO2; Al2O3; Fe2O3; FeO; MnO; MgO; CaO; Na2O; K2O; P2O5; Rb; Y; Zr; Nb; Ba; La; Ce; Pr; Nd; Sm; Eu; Gd; Tb; Dy; Ho; Er; Tm; Yb; Lu; Hf; Ta; Ga; A/CNK; A/NK; Fe*; K2O/Na2O; Zr/Hf; Eu/Eu*; (La/Yb)N,20260992,20260992,0
R0942,3,validation,GG0011,RCB0011,A,True,A2CFC6311C185EAA2F17BA13E733D522713F64F2850C50F6EEF6E4CE1F592221,,0.025,40,SiO2; TiO2; Al2O3; Fe2O3; FeO; MnO; MgO; CaO; Na2O; K2O; P2O5; Rb; Y; Zr; Nb; Ba; La; Ce; Pr; Nd; Sm; Eu; Gd; Tb; Dy; Ho; Er; Tm; Yb; Lu; Hf; Ta; Ga; A/CNK; A/NK; Fe*; K2O/Na2O; Zr/Hf; Eu/Eu*; (La/Yb)N,20260992,20260992,0
R0943,3,validation,GG0011,RCB0011,A,True,A2CFC6311C185EAA2F17BA13E733D522713F64F2850C50F6EEF6E4CE1F592221,,0.025,40,SiO2; TiO2; Al2O3; Fe2O3; FeO; MnO; MgO; CaO; Na2O; K2O; P2O5; Rb; Y; Zr; Nb; Ba; La; Ce; Pr; Nd; Sm; Eu; Gd; Tb; Dy; Ho; Er; Tm; Yb; Lu; Hf; Ta; Ga; A/CNK; A/NK; Fe*; K2O/Na2O; Zr/Hf; Eu/Eu*; (La/Yb)N,20260992,20260992,0
R1131,3,validation,GG0074,RCB0050,S,True,A2CFC6311C185EAA2F17BA13E733D522713F64F2850C50F6EEF6E4CE1F592221,,0.0,40,SiO2; TiO2; Al2O3; Fe2O3; FeO; MnO; MgO; CaO; Na2O; K2O; P2O5; Rb; Y; Zr; Nb; Ba; La; Ce; Pr; Nd; Sm; Eu; Gd; Tb; Dy; Ho; Er; Tm; Yb; Lu; Hf; Ta; Ga; A/CNK; A/NK; Fe*; K2O/Na2O; Zr/Hf; Eu/Eu*; (La/Yb)N,20260992,20260992,0
R1132,3,validation,GG0074,RCB0050,S,True,A2CFC6311C185EAA2F17BA13E733D522713F64F2850C50F6EEF6E4CE1F592221,,0.0,40,SiO2; TiO2; Al2O3; Fe2O3; FeO; MnO; MgO; CaO; Na2O; K2O; P2O5; Rb; Y; Zr; Nb; Ba; La; Ce; Pr; Nd; Sm; Eu; Gd; Tb; Dy; Ho; Er; Tm; Yb; Lu; Hf; Ta; Ga; A/CNK; A/NK; Fe*; K2O/Na2O; Zr/Hf; Eu/Eu*; (La/Yb)N,20260992,20260992,0
R1133,3,validation,GG0074,RCB0050,S,True,A2CFC6311C185EAA2F17BA13E733D522713F64F2850C50F6EEF6E4CE1F592221,,0.0,40,SiO2; TiO2; Al2O3; Fe2O3; FeO; MnO; MgO; CaO; Na2O; K2O; P2O5; Rb; Y; Zr; Nb; Ba; La; Ce; Pr; Nd; Sm; Eu; Gd; Tb; Dy; Ho; Er; Tm; Yb; Lu; Hf; Ta; Ga; A/CNK; A/NK; Fe*; K2O/Na2O; Zr/Hf; Eu/Eu*; (La/Yb)N,20260992,20260992,0
R1134,3,validation,GG0074,RCB0050,S,True,A2CFC6311C185EAA2F17BA13E733D522713F64F2850C50F6EEF6E4CE1F592221,,0.0,40,SiO2; TiO2; Al2O3; Fe2O3; FeO; MnO; MgO; CaO; Na2O; K2O; P2O5; Rb; Y; Zr; Nb; Ba; La; Ce; Pr; Nd; Sm; Eu; Gd; Tb; Dy; Ho; Er; Tm; Yb; Lu; Hf; Ta; Ga; A/CNK; A/NK; Fe*; K2O/Na2O; Zr/Hf; Eu/Eu*; (La/Yb)N,20260992,20260992,0
R1135,3,validation,GG0074,RCB0050,S,True,A2CFC6311C185EAA2F17BA13E733D522713F64F2850C50F6EEF6E4CE1F592221,,0.0,40,SiO2; TiO2; Al2O3; Fe2O3; FeO; MnO; MgO; CaO; Na2O; K2O; P2O5; Rb; Y; Zr; Nb; Ba; La; Ce; Pr; Nd; Sm; Eu; Gd; Tb; Dy; Ho; Er; Tm; Yb; Lu; Hf; Ta; Ga; A/CNK; A/NK; Fe*; K2O/Na2O; Zr/Hf; Eu/Eu*; (La/Yb)N,20260992,20260992,0
R1136,3,validation,GG0074,RCB0050,S,True,A2CFC6311C185EAA2F17BA13E733D522713F64F2850C50F6EEF6E4CE1F592221,,0.0,40,SiO2; TiO2; Al2O3; Fe2O3; FeO; MnO; MgO; CaO; Na2O; K2O; P2O5; Rb; Y; Zr; Nb; Ba; La; Ce; Pr; Nd; Sm; Eu; Gd; Tb; Dy; Ho; Er; Tm; Yb; Lu; Hf; Ta; Ga; A/CNK; A/NK; Fe*; K2O/Na2O; Zr/Hf; Eu/Eu*; (La/Yb)N,20260992,20260992,0
R1137,3,validation,GG0074,RCB0050,S,True,A2CFC6311C185EAA2F17BA13E733D522713F64F2850C50F6EEF6E4CE1F592221,,0.0,40,SiO2; TiO2; Al2O3; Fe2O3; FeO; MnO; MgO; CaO; Na2O; K2O; P2O5; Rb; Y; Zr; Nb; Ba; La; Ce; Pr; Nd; Sm; Eu; Gd; Tb; Dy; Ho; Er; Tm; Yb; Lu; Hf; Ta; Ga; A/CNK; A/NK; Fe*; K2O/Na2O; Zr/Hf; Eu/Eu*; (La/Yb)N,20260992,20260992,0
R1138,3,validation,GG0074,RCB0050,S,True,A2CFC6311C185EAA2F17BA13E733D522713F64F2850C50F6EEF6E4CE1F592221,,0.0,40,SiO2; TiO2; Al2O3; Fe2O3; FeO; MnO; MgO; CaO; Na2O; K2O; P2O5; Rb; Y; Zr; Nb; Ba; La; Ce; Pr; Nd; Sm; Eu; Gd; Tb; Dy; Ho; Er; Tm; Yb; Lu; Hf; Ta; Ga; A/CNK; A/NK; Fe*; K2O/Na2O; Zr/Hf; Eu/Eu*; (La/Yb)N,20260992,20260992,0
R1153,3,validation,GG0076,RCB0051,S,True,A2CFC6311C185EAA2F17BA13E733D522713F64F2850C50F6EEF6E4CE1F592221,,0.125,40,SiO2; TiO2; Al2O3; Fe2O3; FeO; MnO; MgO; CaO; Na2O; K2O; P2O5; Rb; Y; Zr; Nb; Ba; La; Ce; Pr; Nd; Sm; Eu; Gd; Tb; Dy; Ho; Er; Tm; Yb; Lu; Hf; Ta; Ga; A/CNK; A/NK; Fe*; K2O/Na2O; Zr/Hf; Eu/Eu*; (La/Yb)N,20260992,20260992,0
R1154,3,validation,GG0076,RCB0051,S,True,A2CFC6311C185EAA2F17BA13E733D522713F64F2850C50F6EEF6E4CE1F592221,,0.125,40,SiO2; TiO2; Al2O3; Fe2O3; FeO; MnO; MgO; CaO; Na2O; K2O; P2O5; Rb; Y; Zr; Nb; Ba; La; Ce; Pr; Nd; Sm; Eu; Gd; Tb; Dy; Ho; Er; Tm; Yb; Lu; Hf; Ta; Ga; A/CNK; A/NK; Fe*; K2O/Na2O; Zr/Hf; Eu/Eu*; (La/Yb)N,20260992,20260992,0
R1155,3,validation,GG0076,RCB0051,S,True,A2CFC6311C185EAA2F17BA13E733D522713F64F2850C50F6EEF6E4CE1F592221,,0.125,40,SiO2; TiO2; Al2O3; Fe2O3; FeO; MnO; MgO; CaO; Na2O; K2O; P2O5; Rb; Y; Zr; Nb; Ba; La; Ce; Pr; Nd; Sm; Eu; Gd; Tb; Dy; Ho; Er; Tm; Yb; Lu; Hf; Ta; Ga; A/CNK; A/NK; Fe*; K2O/Na2O; Zr/Hf; Eu/Eu*; (La/Yb)N,20260992,20260992,0
R1156,3,validation,GG0076,RCB0051,S,True,A2CFC6311C185EAA2F17BA13E733D522713F64F2850C50F6EEF6E4CE1F592221,,0.125,40,SiO2; TiO2; Al2O3; Fe2O3; FeO; MnO; MgO; CaO; Na2O; K2O; P2O5; Rb; Y; Zr; Nb; Ba; La; Ce; Pr; Nd; Sm; Eu; Gd; Tb; Dy; Ho; Er; Tm; Yb; Lu; Hf; Ta; Ga; A/CNK; A/NK; Fe*; K2O/Na2O; Zr/Hf; Eu/Eu*; (La/Yb)N,20260992,20260992,0
R1157,3,validation,GG0076,RCB0051,S,True,A2CFC6311C185EAA2F17BA13E733D522713F64F2850C50F6EEF6E4CE1F592221,,0.125,40,SiO2; TiO2; Al2O3; Fe2O3; FeO; MnO; MgO; CaO; Na2O; K2O; P2O5; Rb; Y; Zr; Nb; Ba; La; Ce; Pr; Nd; Sm; Eu; Gd; Tb; Dy; Ho; Er; Tm; Yb; Lu; Hf; Ta; Ga; A/CNK; A/NK; Fe*; K2O/Na2O; Zr/Hf; Eu/Eu*; (La/Yb)N,20260992,20260992,0
R1158,3,validation,GG0076,RCB0051,S,True,A2CFC6311C185EAA2F17BA13E733D522713F64F2850C50F6EEF6E4CE1F592221,,0.125,40,SiO2; TiO2; Al2O3; Fe2O3; FeO; MnO; MgO; CaO; Na2O; K2O; P2O5; Rb; Y; Zr; Nb; Ba; La; Ce; Pr; Nd; Sm; Eu; Gd; Tb; Dy; Ho; Er; Tm; Yb; Lu; Hf; Ta; Ga; A/CNK; A/NK; Fe*; K2O/Na2O; Zr/Hf; Eu/Eu*; (La/Yb)N,20260992,20260992,0
R1345,3,validation,GG0085,RCB0054,S,True,A2CFC6311C185EAA2F17BA13E733D522713F64F2850C50F6EEF6E4CE1F592221,,0.0,40,SiO2; TiO2; Al2O3; Fe2O3; FeO; MnO; MgO; CaO; Na2O; K2O; P2O5; Rb; Y; Zr; Nb; Ba; La; Ce; Pr; Nd; Sm; Eu; Gd; Tb; Dy; Ho; Er; Tm; Yb; Lu; Hf; Ta; Ga; A/CNK; A/NK; Fe*; K2O/Na2O; Zr/Hf; Eu/Eu*; (La/Yb)N,20260992,20260992,0
R1346,3,validation,GG0085,RCB0054,S,True,A2CFC6311C185EAA2F17BA13E733D522713F64F2850C50F6EEF6E4CE1F592221,,0.0,40,SiO2; TiO2; Al2O3; Fe2O3; FeO; MnO; MgO; CaO; Na2O; K2O; P2O5; Rb; Y; Zr; Nb; Ba; La; Ce; Pr; Nd; Sm; Eu; Gd; Tb; Dy; Ho; Er; Tm; Yb; Lu; Hf; Ta; Ga; A/CNK; A/NK; Fe*; K2O/Na2O; Zr/Hf; Eu/Eu*; (La/Yb)N,20260992,20260992,0
R1347,3,validation,GG0085,RCB0054,S,True,A2CFC6311C185EAA2F17BA13E733D522713F64F2850C50F6EEF6E4CE1F592221,,0.0,40,SiO2; TiO2; Al2O3; Fe2O3; FeO; MnO; MgO; CaO; Na2O; K2O; P2O5; Rb; Y; Zr; Nb; Ba; La; Ce; Pr; Nd; Sm; Eu; Gd; Tb; Dy; Ho; Er; Tm; Yb; Lu; Hf; Ta; Ga; A/CNK; A/NK; Fe*; K2O/Na2O; Zr/Hf; Eu/Eu*; (La/Yb)N,20260992,20260992,0
R1348,3,validation,GG0085,RCB0054,S,True,A2CFC6311C185EAA2F17BA13E733D522713F64F2850C50F6EEF6E4CE1F592221,,0.0,40,SiO2; TiO2; Al2O3; Fe2O3; FeO; MnO; MgO; CaO; Na2O; K2O; P2O5; Rb; Y; Zr; Nb; Ba; La; Ce; Pr; Nd; Sm; Eu; Gd; Tb; Dy; Ho; Er; Tm; Yb; Lu; Hf; Ta; Ga; A/CNK; A/NK; Fe*; K2O/Na2O; Zr/Hf; Eu/Eu*; (La/Yb)N,20260992,20260992,0
R1349,3,validation,GG0085,RCB0054,S,True,A2CFC6311C185EAA2F17BA13E733D522713F64F2850C50F6EEF6E4CE1F592221,,0.0,40,SiO2; TiO2; Al2O3; Fe2O3; FeO; MnO; MgO; CaO; Na2O; K2O; P2O5; Rb; Y; Zr; Nb; Ba; La; Ce; Pr; Nd; Sm; Eu; Gd; Tb; Dy; Ho; Er; Tm; Yb; Lu; Hf; Ta; Ga; A/CNK; A/NK; Fe*; K2O/Na2O; Zr/Hf; Eu/Eu*; (La/Yb)N,20260992,20260992,0
R1350,3,validation,GG0085,RCB0054,S,True,A2CFC6311C185EAA2F17BA13E733D522713F64F2850C50F6EEF6E4CE1F592221,,0.0,40,SiO2; TiO2; Al2O3; Fe2O3; FeO; MnO; MgO; CaO; Na2O; K2O; P2O5; Rb; Y; Zr; Nb; Ba; La; Ce; Pr; Nd; Sm; Eu; Gd; Tb; Dy; Ho; Er; Tm; Yb; Lu; Hf; Ta; Ga; A/CNK; A/NK; Fe*; K2O/Na2O; Zr/Hf; Eu/Eu*; (La/Yb)N,20260992,20260992,0
R1351,3,validation,GG0085,RCB0054,S,True,A2CFC6311C185EAA2F17BA13E733D522713F64F2850C50F6EEF6E4CE1F592221,,0.0,40,SiO2; TiO2; Al2O3; Fe2O3; FeO; MnO; MgO; CaO; Na2O; K2O; P2O5; Rb; Y; Zr; Nb; Ba; La; Ce; Pr; Nd; Sm; Eu; Gd; Tb; Dy; Ho; Er; Tm; Yb; Lu; Hf; Ta; Ga; A/CNK; A/NK; Fe*; K2O/Na2O; Zr/Hf; Eu/Eu*; (La/Yb)N,20260992,20260992,0
R1352,3,validation,GG0085,RCB0054,S,True,A2CFC6311C185EAA2F17BA13E733D522713F64F2850C50F6EEF6E4CE1F592221,,0.0,40,SiO2; TiO2; Al2O3; Fe2O3; FeO; MnO; MgO; CaO; Na2O; K2O; P2O5; Rb; Y; Zr; Nb; Ba; La; Ce; Pr; Nd; Sm; Eu; Gd; Tb; Dy; Ho; Er; Tm; Yb; Lu; Hf; Ta; Ga; A/CNK; A/NK; Fe*; K2O/Na2O; Zr/Hf; Eu/Eu*; (La/Yb)N,20260992,20260992,0
R1411,3,validation,GG0011,RCB0011,A,True,A2CFC6311C185EAA2F17BA13E733D522713F64F2850C50F6EEF6E4CE1F592221,,0.075,40,SiO2; TiO2; Al2O3; Fe2O3; FeO; MnO; MgO; CaO; Na2O; K2O; P2O5; Rb; Y; Zr; Nb; Ba; La; Ce; Pr; Nd; Sm; Eu; Gd; Tb; Dy; Ho; Er; Tm; Yb; Lu; Hf; Ta; Ga; A/CNK; A/NK; Fe*; K2O/Na2O; Zr/Hf; Eu/Eu*; (La/Yb)N,20260992,20260992,0
R1412,3,validation,GG0011,RCB0011,A,True,A2CFC6311C185EAA2F17BA13E733D522713F64F2850C50F6EEF6E4CE1F592221,,0.075,40,SiO2; TiO2; Al2O3; Fe2O3; FeO; MnO; MgO; CaO; Na2O; K2O; P2O5; Rb; Y; Zr; Nb; Ba; La; Ce; Pr; Nd; Sm; Eu; Gd; Tb; Dy; Ho; Er; Tm; Yb; Lu; Hf; Ta; Ga; A/CNK; A/NK; Fe*; K2O/Na2O; Zr/Hf; Eu/Eu*; (La/Yb)N,20260992,20260992,0
R1413,3,validation,GG0011,RCB0011,A,True,A2CFC6311C185EAA2F17BA13E733D522713F64F2850C50F6EEF6E4CE1F592221,,0.075,40,SiO2; TiO2; Al2O3; Fe2O3; FeO; MnO; MgO; CaO; Na2O; K2O; P2O5; Rb; Y; Zr; Nb; Ba; La; Ce; Pr; Nd; Sm; Eu; Gd; Tb; Dy; Ho; Er; Tm; Yb; Lu; Hf; Ta; Ga; A/CNK; A/NK; Fe*; K2O/Na2O; Zr/Hf; Eu/Eu*; (La/Yb)N,20260992,20260992,0
R1414,3,validation,GG0011,RCB0011,A,True,A2CFC6311C185EAA2F17BA13E733D522713F64F2850C50F6EEF6E4CE1F592221,,0.1,40,SiO2; TiO2; Al2O3; Fe2O3; FeO; MnO; MgO; CaO; Na2O; K2O; P2O5; Rb; Y; Zr; Nb; Ba; La; Ce; Pr; Nd; Sm; Eu; Gd; Tb; Dy; Ho; Er; Tm; Yb; Lu; Hf; Ta; Ga; A/CNK; A/NK; Fe*; K2O/Na2O; Zr/Hf; Eu/Eu*; (La/Yb)N,20260992,20260992,0
R1415,3,validation,GG0011,RCB0011,A,True,A2CFC6311C185EAA2F17BA13E733D522713F64F2850C50F6EEF6E4CE1F592221,,0.1,40,SiO2; TiO2; Al2O3; Fe2O3; FeO; MnO; MgO; CaO; Na2O; K2O; P2O5; Rb; Y; Zr; Nb; Ba; La; Ce; Pr; Nd; Sm; Eu; Gd; Tb; Dy; Ho; Er; Tm; Yb; Lu; Hf; Ta; Ga; A/CNK; A/NK; Fe*; K2O/Na2O; Zr/Hf; Eu/Eu*; (La/Yb)N,20260992,20260992,0
R1416,3,validation,GG0011,RCB0011,A,True,A2CFC6311C185EAA2F17BA13E733D522713F64F2850C50F6EEF6E4CE1F592221,,0.1,40,SiO2; TiO2; Al2O3; Fe2O3; FeO; MnO; MgO; CaO; Na2O; K2O; P2O5; Rb; Y; Zr; Nb; Ba; La; Ce; Pr; Nd; Sm; Eu; Gd; Tb; Dy; Ho; Er; Tm; Yb; Lu; Hf; Ta; Ga; A/CNK; A/NK; Fe*; K2O/Na2O; Zr/Hf; Eu/Eu*; (La/Yb)N,20260992,20260992,0
R1417,3,validation,GG0011,RCB0011,A,True,A2CFC6311C185EAA2F17BA13E733D522713F64F2850C50F6EEF6E4CE1F592221,,0.1,40,SiO2; TiO2; Al2O3; Fe2O3; FeO; MnO; MgO; CaO; Na2O; K2O; P2O5; Rb; Y; Zr; Nb; Ba; La; Ce; Pr; Nd; Sm; Eu; Gd; Tb; Dy; Ho; Er; Tm; Yb; Lu; Hf; Ta; Ga; A/CNK; A/NK; Fe*; K2O/Na2O; Zr/Hf; Eu/Eu*; (La/Yb)N,20260992,20260992,0
R1418,3,validation,GG0011,RCB0011,A,True,A2CFC6311C185EAA2F17BA13E733D522713F64F2850C50F6EEF6E4CE1F592221,,0.1,40,SiO2; TiO2; Al2O3; Fe2O3; FeO; MnO; MgO; CaO; Na2O; K2O; P2O5; Rb; Y; Zr; Nb; Ba; La; Ce; Pr; Nd; Sm; Eu; Gd; Tb; Dy; Ho; Er; Tm; Yb; Lu; Hf; Ta; Ga; A/CNK; A/NK; Fe*; K2O/Na2O; Zr/Hf; Eu/Eu*; (La/Yb)N,20260992,20260992,0
R1419,3,validation,GG0011,RCB0011,A,True,A2CFC6311C185EAA2F17BA13E733D522713F64F2850C50F6EEF6E4CE1F592221,,0.075,40,SiO2; TiO2; Al2O3; Fe2O3; FeO; MnO; MgO; CaO; Na2O; K2O; P2O5; Rb; Y; Zr; Nb; Ba; La; Ce; Pr; Nd; Sm; Eu; Gd; Tb; Dy; Ho; Er; Tm; Yb; Lu; Hf; Ta; Ga; A/CNK; A/NK; Fe*; K2O/Na2O; Zr/Hf; Eu/Eu*; (La/Yb)N,20260992,20260992,0
R1420,3,validation,GG0011,RCB0011,A,True,A2CFC6311C185EAA2F17BA13E733D522713F64F2850C50F6EEF6E4CE1F592221,,0.075,40,SiO2; TiO2; Al2O3; Fe2O3; FeO; MnO; MgO; CaO; Na2O; K2O; P2O5; Rb; Y; Zr; Nb; Ba; La; Ce; Pr; Nd; Sm; Eu; Gd; Tb; Dy; Ho; Er; Tm; Yb; Lu; Hf; Ta; Ga; A/CNK; A/NK; Fe*; K2O/Na2O; Zr/Hf; Eu/Eu*; (La/Yb)N,20260992,20260992,0
R1421,3,validation,GG0011,RCB0011,A,True,A2CFC6311C185EAA2F17BA13E733D522713F64F2850C50F6EEF6E4CE1F592221,,0.075,40,SiO2; TiO2; Al2O3; Fe2O3; FeO; MnO; MgO; CaO; Na2O; K2O; P2O5; Rb; Y; Zr; Nb; Ba; La; Ce; Pr; Nd; Sm; Eu; Gd; Tb; Dy; Ho; Er; Tm; Yb; Lu; Hf; Ta; Ga; A/CNK; A/NK; Fe*; K2O/Na2O; Zr/Hf; Eu/Eu*; (La/Yb)N,20260992,20260992,0
R1422,3,validation,GG0011,RCB0011,A,True,A2CFC6311C185EAA2F17BA13E733D522713F64F2850C50F6EEF6E4CE1F592221,,0.075,40,SiO2; TiO2; Al2O3; Fe2O3; FeO; MnO; MgO; CaO; Na2O; K2O; P2O5; Rb; Y; Zr; Nb; Ba; La; Ce; Pr; Nd; Sm; Eu; Gd; Tb; Dy; Ho; Er; Tm; Yb; Lu; Hf; Ta; Ga; A/CNK; A/NK; Fe*; K2O/Na2O; Zr/Hf; Eu/Eu*; (La/Yb)N,20260992,20260992,0
R1423,3,validation,GG0011,RCB0011,A,True,A2CFC6311C185EAA2F17BA13E733D522713F64F2850C50F6EEF6E4CE1F592221,,0.075,40,SiO2; TiO2; Al2O3; Fe2O3; FeO; MnO; MgO; CaO; Na2O; K2O; P2O5; Rb; Y; Zr; Nb; Ba; La; Ce; Pr; Nd; Sm; Eu; Gd; Tb; Dy; Ho; Er; Tm; Yb; Lu; Hf; Ta; Ga; A/CNK; A/NK; Fe*; K2O/Na2O; Zr/Hf; Eu/Eu*; (La/Yb)N,20260992,20260992,0
R1424,3,validation,GG0011,RCB0011,A,True,A2CFC6311C185EAA2F17BA13E733D522713F64F2850C50F6EEF6E4CE1F592221,,0.075,40,SiO2; TiO2; Al2O3; Fe2O3; FeO; MnO; MgO; CaO; Na2O; K2O; P2O5; Rb; Y; Zr; Nb; Ba; La; Ce; Pr; Nd; Sm; Eu; Gd; Tb; Dy; Ho; Er; Tm; Yb; Lu; Hf; Ta; Ga; A/CNK; A/NK; Fe*; K2O/Na2O; Zr/Hf; Eu/Eu*; (La/Yb)N,20260992,20260992,0
R1425,3,validation,GG0011,RCB0011,A,True,A2CFC6311C185EAA2F17BA13E733D522713F64F2850C50F6EEF6E4CE1F592221,,0.075,40,SiO2; TiO2; Al2O3; Fe2O3; FeO; MnO; MgO; CaO; Na2O; K2O; P2O5; Rb; Y; Zr; Nb; Ba; La; Ce; Pr; Nd; Sm; Eu; Gd; Tb; Dy; Ho; Er; Tm; Yb; Lu; Hf; Ta; Ga; A/CNK; A/NK; Fe*; K2O/Na2O; Zr/Hf; Eu/Eu*; (La/Yb)N,20260992,20260992,0
R1426,3,validation,GG0011,RCB0011,A,True,A2CFC6311C185EAA2F17BA13E733D522713F64F2850C50F6EEF6E4CE1F592221,,0.075,40,SiO2; TiO2; Al2O3; Fe2O3; FeO; MnO; MgO; CaO; Na2O; K2O; P2O5; Rb; Y; Zr; Nb; Ba; La; Ce; Pr; Nd; Sm; Eu; Gd; Tb; Dy; Ho; Er; Tm; Yb; Lu; Hf; Ta; Ga; A/CNK; A/NK; Fe*; K2O/Na2O; Zr/Hf; Eu/Eu*; (La/Yb)N,20260992,20260992,0
R1427,3,validation,GG0011,RCB0011,A,True,A2CFC6311C185EAA2F17BA13E733D522713F64F2850C50F6EEF6E4CE1F592221,,0.075,40,SiO2; TiO2; Al2O3; Fe2O3; FeO; MnO; MgO; CaO; Na2O; K2O; P2O5; Rb; Y; Zr; Nb; Ba; La; Ce; Pr; Nd; Sm; Eu; Gd; Tb; Dy; Ho; Er; Tm; Yb; Lu; Hf; Ta; Ga; A/CNK; A/NK; Fe*; K2O/Na2O; Zr/Hf; Eu/Eu*; (La/Yb)N,20260992,20260992,0
R1428,3,validation,GG0011,RCB0011,A,True,A2CFC6311C185EAA2F17BA13E733D522713F64F2850C50F6EEF6E4CE1F592221,,0.075,40,SiO2; TiO2; Al2O3; Fe2O3; FeO; MnO; MgO; CaO; Na2O; K2O; P2O5; Rb; Y; Zr; Nb; Ba; La; Ce; Pr; Nd; Sm; Eu; Gd; Tb; Dy; Ho; Er; Tm; Yb; Lu; Hf; Ta; Ga; A/CNK; A/NK; Fe*; K2O/Na2O; Zr/Hf; Eu/Eu*; (La/Yb)N,20260992,20260992,0
R1429,3,validation,GG0011,RCB0011,A,True,A2CFC6311C185EAA2F17BA13E733D522713F64F2850C50F6EEF6E4CE1F592221,,0.25,40,SiO2; TiO2; Al2O3; Fe2O3; FeO; MnO; MgO; CaO; Na2O; K2O; P2O5; Rb; Y; Zr; Nb; Ba; La; Ce; Pr; Nd; Sm; Eu; Gd; Tb; Dy; Ho; Er; Tm; Yb; Lu; Hf; Ta; Ga; A/CNK; A/NK; Fe*; K2O/Na2O; Zr/Hf; Eu/Eu*; (La/Yb)N,20260992,20260992,0
R1430,3,validation,GG0011,RCB0011,A,True,A2CFC6311C185EAA2F17BA13E733D522713F64F2850C50F6EEF6E4CE1F592221,,0.25,40,SiO2; TiO2; Al2O3; Fe2O3; FeO; MnO; MgO; CaO; Na2O; K2O; P2O5; Rb; Y; Zr; Nb; Ba; La; Ce; Pr; Nd; Sm; Eu; Gd; Tb; Dy; Ho; Er; Tm; Yb; Lu; Hf; Ta; Ga; A/CNK; A/NK; Fe*; K2O/Na2O; Zr/Hf; Eu/Eu*; (La/Yb)N,20260992,20260992,0
R1680,3,validation,GG0099,RCB0060,S,True,A2CFC6311C185EAA2F17BA13E733D522713F64F2850C50F6EEF6E4CE1F592221,,0.025,40,SiO2; TiO2; Al2O3; Fe2O3; FeO; MnO; MgO; CaO; Na2O; K2O; P2O5; Rb; Y; Zr; Nb; Ba; La; Ce; Pr; Nd; Sm; Eu; Gd; Tb; Dy; Ho; Er; Tm; Yb; Lu; Hf; Ta; Ga; A/CNK; A/NK; Fe*; K2O/Na2O; Zr/Hf; Eu/Eu*; (La/Yb)N,20260992,20260992,0
R1681,3,validation,GG0099,RCB0060,S,True,A2CFC6311C185EAA2F17BA13E733D522713F64F2850C50F6EEF6E4CE1F592221,,0.025,40,SiO2; TiO2; Al2O3; Fe2O3; FeO; MnO; MgO; CaO; Na2O; K2O; P2O5; Rb; Y; Zr; Nb; Ba; La; Ce; Pr; Nd; Sm; Eu; Gd; Tb; Dy; Ho; Er; Tm; Yb; Lu; Hf; Ta; Ga; A/CNK; A/NK; Fe*; K2O/Na2O; Zr/Hf; Eu/Eu*; (La/Yb)N,20260992,20260992,0
R1682,3,validation,GG0099,RCB0060,S,True,A2CFC6311C185EAA2F17BA13E733D522713F64F2850C50F6EEF6E4CE1F592221,,0.025,40,SiO2; TiO2; Al2O3; Fe2O3; FeO; MnO; MgO; CaO; Na2O; K2O; P2O5; Rb; Y; Zr; Nb; Ba; La; Ce; Pr; Nd; Sm; Eu; Gd; Tb; Dy; Ho; Er; Tm; Yb; Lu; Hf; Ta; Ga; A/CNK; A/NK; Fe*; K2O/Na2O; Zr/Hf; Eu/Eu*; (La/Yb)N,20260992,20260992,0
R1683,3,validation,GG0099,RCB0060,S,True,A2CFC6311C185EAA2F17BA13E733D522713F64F2850C50F6EEF6E4CE1F592221,,0.025,40,SiO2; TiO2; Al2O3; Fe2O3; FeO; MnO; MgO; CaO; Na2O; K2O; P2O5; Rb; Y; Zr; Nb; Ba; La; Ce; Pr; Nd; Sm; Eu; Gd; Tb; Dy; Ho; Er; Tm; Yb; Lu; Hf; Ta; Ga; A/CNK; A/NK; Fe*; K2O/Na2O; Zr/Hf; Eu/Eu*; (La/Yb)N,20260992,20260992,0
R1684,3,validation,GG0099,RCB0060,S,True,A2CFC6311C185EAA2F17BA13E733D522713F64F2850C50F6EEF6E4CE1F592221,,0.025,40,SiO2; TiO2; Al2O3; Fe2O3; FeO; MnO; MgO; CaO; Na2O; K2O; P2O5; Rb; Y; Zr; Nb; Ba; La; Ce; Pr; Nd; Sm; Eu; Gd; Tb; Dy; Ho; Er; Tm; Yb; Lu; Hf; Ta; Ga; A/CNK; A/NK; Fe*; K2O/Na2O; Zr/Hf; Eu/Eu*; (La/Yb)N,20260992,20260992,0
R1685,3,validation,GG0099,RCB0060,S,True,A2CFC6311C185EAA2F17BA13E733D522713F64F2850C50F6EEF6E4CE1F592221,,0.025,40,SiO2; TiO2; Al2O3; Fe2O3; FeO; MnO; MgO; CaO; Na2O; K2O; P2O5; Rb; Y; Zr; Nb; Ba; La; Ce; Pr; Nd; Sm; Eu; Gd; Tb; Dy; Ho; Er; Tm; Yb; Lu; Hf; Ta; Ga; A/CNK; A/NK; Fe*; K2O/Na2O; Zr/Hf; Eu/Eu*; (La/Yb)N,20260992,20260992,0
R1686,3,validation,GG0099,RCB0060,S,True,A2CFC6311C185EAA2F17BA13E733D522713F64F2850C50F6EEF6E4CE1F592221,,0.025,40,SiO2; TiO2; Al2O3; Fe2O3; FeO; MnO; MgO; CaO; Na2O; K2O; P2O5; Rb; Y; Zr; Nb; Ba; La; Ce; Pr; Nd; Sm; Eu; Gd; Tb; Dy; Ho; Er; Tm; Yb; Lu; Hf; Ta; Ga; A/CNK; A/NK; Fe*; K2O/Na2O; Zr/Hf; Eu/Eu*; (La/Yb)N,20260992,20260992,0
R2240,3,validation,GG0118,RCB0064,S,True,A2CFC6311C185EAA2F17BA13E733D522713F64F2850C50F6EEF6E4CE1F592221,,0.075,40,SiO2; TiO2; Al2O3; Fe2O3; FeO; MnO; MgO; CaO; Na2O; K2O; P2O5; Rb; Y; Zr; Nb; Ba; La; Ce; Pr; Nd; Sm; Eu; Gd; Tb; Dy; Ho; Er; Tm; Yb; Lu; Hf; Ta; Ga; A/CNK; A/NK; Fe*; K2O/Na2O; Zr/Hf; Eu/Eu*; (La/Yb)N,20260992,20260992,0
R2241,3,validation,GG0118,RCB0064,S,True,A2CFC6311C185EAA2F17BA13E733D522713F64F2850C50F6EEF6E4CE1F592221,,0.075,40,SiO2; TiO2; Al2O3; Fe2O3; FeO; MnO; MgO; CaO; Na2O; K2O; P2O5; Rb; Y; Zr; Nb; Ba; La; Ce; Pr; Nd; Sm; Eu; Gd; Tb; Dy; Ho; Er; Tm; Yb; Lu; Hf; Ta; Ga; A/CNK; A/NK; Fe*; K2O/Na2O; Zr/Hf; Eu/Eu*; (La/Yb)N,20260992,20260992,0
R2242,3,validation,GG0118,RCB0064,S,True,A2CFC6311C185EAA2F17BA13E733D522713F64F2850C50F6EEF6E4CE1F592221,,0.075,40,SiO2; TiO2; Al2O3; Fe2O3; FeO; MnO; MgO; CaO; Na2O; K2O; P2O5; Rb; Y; Zr; Nb; Ba; La; Ce; Pr; Nd; Sm; Eu; Gd; Tb; Dy; Ho; Er; Tm; Yb; Lu; Hf; Ta; Ga; A/CNK; A/NK; Fe*; K2O/Na2O; Zr/Hf; Eu/Eu*; (La/Yb)N,20260992,20260992,0
R2243,3,validation,GG0118,RCB0064,S,True,A2CFC6311C185EAA2F17BA13E733D522713F64F2850C50F6EEF6E4CE1F592221,,0.075,40,SiO2; TiO2; Al2O3; Fe2O3; FeO; MnO; MgO; CaO; Na2O; K2O; P2O5; Rb; Y; Zr; Nb; Ba; La; Ce; Pr; Nd; Sm; Eu; Gd; Tb; Dy; Ho; Er; Tm; Yb; Lu; Hf; Ta; Ga; A/CNK; A/NK; Fe*; K2O/Na2O; Zr/Hf; Eu/Eu*; (La/Yb)N,20260992,20260992,0
R2244,3,validation,GG0118,RCB0064,S,True,A2CFC6311C185EAA2F17BA13E733D522713F64F2850C50F6EEF6E4CE1F592221,,0.075,40,SiO2; TiO2; Al2O3; Fe2O3; FeO; MnO; MgO; CaO; Na2O; K2O; P2O5; Rb; Y; Zr; Nb; Ba; La; Ce; Pr; Nd; Sm; Eu; Gd; Tb; Dy; Ho; Er; Tm; Yb; Lu; Hf; Ta; Ga; A/CNK; A/NK; Fe*; K2O/Na2O; Zr/Hf; Eu/Eu*; (La/Yb)N,20260992,20260992,0
R2245,3,validation,GG0118,RCB0064,S,True,A2CFC6311C185EAA2F17BA13E733D522713F64F2850C50F6EEF6E4CE1F592221,,0.075,40,SiO2; TiO2; Al2O3; Fe2O3; FeO; MnO; MgO; CaO; Na2O; K2O; P2O5; Rb; Y; Zr; Nb; Ba; La; Ce; Pr; Nd; Sm; Eu; Gd; Tb; Dy; Ho; Er; Tm; Yb; Lu; Hf; Ta; Ga; A/CNK; A/NK; Fe*; K2O/Na2O; Zr/Hf; Eu/Eu*; (La/Yb)N,20260992,20260992,0
R2246,3,validation,GG0118,RCB0064,S,True,A2CFC6311C185EAA2F17BA13E733D522713F64F2850C50F6EEF6E4CE1F592221,,0.075,40,SiO2; TiO2; Al2O3; Fe2O3; FeO; MnO; MgO; CaO; Na2O; K2O; P2O5; Rb; Y; Zr; Nb; Ba; La; Ce; Pr; Nd; Sm; Eu; Gd; Tb; Dy; Ho; Er; Tm; Yb; Lu; Hf; Ta; Ga; A/CNK; A/NK; Fe*; K2O/Na2O; Zr/Hf; Eu/Eu*; (La/Yb)N,20260992,20260992,0
R2247,3,validation,GG0118,RCB0064,S,True,A2CFC6311C185EAA2F17BA13E733D522713F64F2850C50F6EEF6E4CE1F592221,,0.075,40,SiO2; TiO2; Al2O3; Fe2O3; FeO; MnO; MgO; CaO; Na2O; K2O; P2O5; Rb; Y; Zr; Nb; Ba; La; Ce; Pr; Nd; Sm; Eu; Gd; Tb; Dy; Ho; Er; Tm; Yb; Lu; Hf; Ta; Ga; A/CNK; A/NK; Fe*; K2O/Na2O; Zr/Hf; Eu/Eu*; (La/Yb)N,20260992,20260992,0
R2248,3,validation,GG0118,RCB0064,S,True,A2CFC6311C185EAA2F17BA13E733D522713F64F2850C50F6EEF6E4CE1F592221,,0.075,40,SiO2; TiO2; Al2O3; Fe2O3; FeO; MnO; MgO; CaO; Na2O; K2O; P2O5; Rb; Y; Zr; Nb; Ba; La; Ce; Pr; Nd; Sm; Eu; Gd; Tb; Dy; Ho; Er; Tm; Yb; Lu; Hf; Ta; Ga; A/CNK; A/NK; Fe*; K2O/Na2O; Zr/Hf; Eu/Eu*; (La/Yb)N,20260992,20260992,0
R2249,3,validation,GG0118,RCB0064,S,True,A2CFC6311C185EAA2F17BA13E733D522713F64F2850C50F6EEF6E4CE1F592221,,0.075,40,SiO2; TiO2; Al2O3; Fe2O3; FeO; MnO; MgO; CaO; Na2O; K2O; P2O5; Rb; Y; Zr; Nb; Ba; La; Ce; Pr; Nd; Sm; Eu; Gd; Tb; Dy; Ho; Er; Tm; Yb; Lu; Hf; Ta; Ga; A/CNK; A/NK; Fe*; K2O/Na2O; Zr/Hf; Eu/Eu*; (La/Yb)N,20260992,20260992,0
R2250,3,validation,GG0118,RCB0064,S,True,A2CFC6311C185EAA2F17BA13E733D522713F64F2850C50F6EEF6E4CE1F592221,,0.075,40,SiO2; TiO2; Al2O3; Fe2O3; FeO; MnO; MgO; CaO; Na2O; K2O; P2O5; Rb; Y; Zr; Nb; Ba; La; Ce; Pr; Nd; Sm; Eu; Gd; Tb; Dy; Ho; Er; Tm; Yb; Lu; Hf; Ta; Ga; A/CNK; A/NK; Fe*; K2O/Na2O; Zr/Hf; Eu/Eu*; (La/Yb)N,20260992,20260992,0
R2251,3,validation,GG0118,RCB0064,S,True,A2CFC6311C185EAA2F17BA13E733D522713F64F2850C50F6EEF6E4CE1F592221,,0.075,40,SiO2; TiO2; Al2O3; Fe2O3; FeO; MnO; MgO; CaO; Na2O; K2O; P2O5; Rb; Y; Zr; Nb; Ba; La; Ce; Pr; Nd; Sm; Eu; Gd; Tb; Dy; Ho; Er; Tm; Yb; Lu; Hf; Ta; Ga; A/CNK; A/NK; Fe*; K2O/Na2O; Zr/Hf; Eu/Eu*; (La/Yb)N,20260992,20260992,0
R2252,3,validation,GG0118,RCB0064,S,True,A2CFC6311C185EAA2F17BA13E733D522713F64F2850C50F6EEF6E4CE1F592221,,0.075,40,SiO2; TiO2; Al2O3; Fe2O3; FeO; MnO; MgO; CaO; Na2O; K2O; P2O5; Rb; Y; Zr; Nb; Ba; La; Ce; Pr; Nd; Sm; Eu; Gd; Tb; Dy; Ho; Er; Tm; Yb; Lu; Hf; Ta; Ga; A/CNK; A/NK; Fe*; K2O/Na2O; Zr/Hf; Eu/Eu*; (La/Yb)N,20260992,20260992,0
R2253,3,validation,GG0118,RCB0064,S,True,A2CFC6311C185EAA2F17BA13E733D522713F64F2850C50F6EEF6E4CE1F592221,,0.1,40,SiO2; TiO2; Al2O3; Fe2O3; FeO; MnO; MgO; CaO; Na2O; K2O; P2O5; Rb; Y; Zr; Nb; Ba; La; Ce; Pr; Nd; Sm; Eu; Gd; Tb; Dy; Ho; Er; Tm; Yb; Lu; Hf; Ta; Ga; A/CNK; A/NK; Fe*; K2O/Na2O; Zr/Hf; Eu/Eu*; (La/Yb)N,20260992,20260992,0
R2254,3,validation,GG0118,RCB0064,S,True,A2CFC6311C185EAA2F17BA13E733D522713F64F2850C50F6EEF6E4CE1F592221,,0.0,40,SiO2; TiO2; Al2O3; Fe2O3; FeO; MnO; MgO; CaO; Na2O; K2O; P2O5; Rb; Y; Zr; Nb; Ba; La; Ce; Pr; Nd; Sm; Eu; Gd; Tb; Dy; Ho; Er; Tm; Yb; Lu; Hf; Ta; Ga; A/CNK; A/NK; Fe*; K2O/Na2O; Zr/Hf; Eu/Eu*; (La/Yb)N,20260992,20260992,0
R2255,3,validation,GG0118,RCB0064,S,True,A2CFC6311C185EAA2F17BA13E733D522713F64F2850C50F6EEF6E4CE1F592221,,0.0,40,SiO2; TiO2; Al2O3; Fe2O3; FeO; MnO; MgO; CaO; Na2O; K2O; P2O5; Rb; Y; Zr; Nb; Ba; La; Ce; Pr; Nd; Sm; Eu; Gd; Tb; Dy; Ho; Er; Tm; Yb; Lu; Hf; Ta; Ga; A/CNK; A/NK; Fe*; K2O/Na2O; Zr/Hf; Eu/Eu*; (La/Yb)N,20260992,20260992,0
R2256,3,validation,GG0118,RCB0064,S,True,A2CFC6311C185EAA2F17BA13E733D522713F64F2850C50F6EEF6E4CE1F592221,,0.0,40,SiO2; TiO2; Al2O3; Fe2O3; FeO; MnO; MgO; CaO; Na2O; K2O; P2O5; Rb; Y; Zr; Nb; Ba; La; Ce; Pr; Nd; Sm; Eu; Gd; Tb; Dy; Ho; Er; Tm; Yb; Lu; Hf; Ta; Ga; A/CNK; A/NK; Fe*; K2O/Na2O; Zr/Hf; Eu/Eu*; (La/Yb)N,20260992,20260992,0
R2257,3,validation,GG0118,RCB0064,S,True,A2CFC6311C185EAA2F17BA13E733D522713F64F2850C50F6EEF6E4CE1F592221,,0.0,40,SiO2; TiO2; Al2O3; Fe2O3; FeO; MnO; MgO; CaO; Na2O; K2O; P2O5; Rb; Y; Zr; Nb; Ba; La; Ce; Pr; Nd; Sm; Eu; Gd; Tb; Dy; Ho; Er; Tm; Yb; Lu; Hf; Ta; Ga; A/CNK; A/NK; Fe*; K2O/Na2O; Zr/Hf; Eu/Eu*; (La/Yb)N,20260992,20260992,0
R2258,3,validation,GG0118,RCB0064,S,True,A2CFC6311C185EAA2F17BA13E733D522713F64F2850C50F6EEF6E4CE1F592221,,0.0,40,SiO2; TiO2; Al2O3; Fe2O3; FeO; MnO; MgO; CaO; Na2O; K2O; P2O5; Rb; Y; Zr; Nb; Ba; La; Ce; Pr; Nd; Sm; Eu; Gd; Tb; Dy; Ho; Er; Tm; Yb; Lu; Hf; Ta; Ga; A/CNK; A/NK; Fe*; K2O/Na2O; Zr/Hf; Eu/Eu*; (La/Yb)N,20260992,20260992,0
R2259,3,validation,GG0118,RCB0064,S,True,A2CFC6311C185EAA2F17BA13E733D522713F64F2850C50F6EEF6E4CE1F592221,,0.0,40,SiO2; TiO2; Al2O3; Fe2O3; FeO; MnO; MgO; CaO; Na2O; K2O; P2O5; Rb; Y; Zr; Nb; Ba; La; Ce; Pr; Nd; Sm; Eu; Gd; Tb; Dy; Ho; Er; Tm; Yb; Lu; Hf; Ta; Ga; A/CNK; A/NK; Fe*; K2O/Na2O; Zr/Hf; Eu/Eu*; (La/Yb)N,20260992,20260992,0
R2260,3,validation,GG0118,RCB0064,S,True,A2CFC6311C185EAA2F17BA13E733D522713F64F2850C50F6EEF6E4CE1F592221,,0.0,40,SiO2; TiO2; Al2O3; Fe2O3; FeO; MnO; MgO; CaO; Na2O; K2O; P2O5; Rb; Y; Zr; Nb; Ba; La; Ce; Pr; Nd; Sm; Eu; Gd; Tb; Dy; Ho; Er; Tm; Yb; Lu; Hf; Ta; Ga; A/CNK; A/NK; Fe*; K2O/Na2O; Zr/Hf; Eu/Eu*; (La/Yb)N,20260992,20260992,0
R2261,3,validation,GG0118,RCB0064,S,True,A2CFC6311C185EAA2F17BA13E733D522713F64F2850C50F6EEF6E4CE1F592221,,0.0,40,SiO2; TiO2; Al2O3; Fe2O3; FeO; MnO; MgO; CaO; Na2O; K2O; P2O5; Rb; Y; Zr; Nb; Ba; La; Ce; Pr; Nd; Sm; Eu; Gd; Tb; Dy; Ho; Er; Tm; Yb; Lu; Hf; Ta; Ga; A/CNK; A/NK; Fe*; K2O/Na2O; Zr/Hf; Eu/Eu*; (La/Yb)N,20260992,20260992,0
R2262,3,validation,GG0118,RCB0064,S,True,A2CFC6311C185EAA2F17BA13E733D522713F64F2850C50F6EEF6E4CE1F592221,,0.0,40,SiO2; TiO2; Al2O3; Fe2O3; FeO; MnO; MgO; CaO; Na2O; K2O; P2O5; Rb; Y; Zr; Nb; Ba; La; Ce; Pr; Nd; Sm; Eu; Gd; Tb; Dy; Ho; Er; Tm; Yb; Lu; Hf; Ta; Ga; A/CNK; A/NK; Fe*; K2O/Na2O; Zr/Hf; Eu/Eu*; (La/Yb)N,20260992,20260992,0
R2263,3,validation,GG0118,RCB0064,S,True,A2CFC6311C185EAA2F17BA13E733D522713F64F2850C50F6EEF6E4CE1F592221,,0.0,40,SiO2; TiO2; Al2O3; Fe2O3; FeO; MnO; MgO; CaO; Na2O; K2O; P2O5; Rb; Y; Zr; Nb; Ba; La; Ce; Pr; Nd; Sm; Eu; Gd; Tb; Dy; Ho; Er; Tm; Yb; Lu; Hf; Ta; Ga; A/CNK; A/NK; Fe*; K2O/Na2O; Zr/Hf; Eu/Eu*; (La/Yb)N,20260992,20260992,0
R2264,3,validation,GG0118,RCB0064,S,True,A2CFC6311C185EAA2F17BA13E733D522713F64F2850C50F6EEF6E4CE1F592221,,0.0,40,SiO2; TiO2; Al2O3; Fe2O3; FeO; MnO; MgO; CaO; Na2O; K2O; P2O5; Rb; Y; Zr; Nb; Ba; La; Ce; Pr; Nd; Sm; Eu; Gd; Tb; Dy; Ho; Er; Tm; Yb; Lu; Hf; Ta; Ga; A/CNK; A/NK; Fe*; K2O/Na2O; Zr/Hf; Eu/Eu*; (La/Yb)N,20260992,20260992,0
R2265,3,validation,GG0118,RCB0064,S,True,A2CFC6311C185EAA2F17BA13E733D522713F64F2850C50F6EEF6E4CE1F592221,,0.0,40,SiO2; TiO2; Al2O3; Fe2O3; FeO; MnO; MgO; CaO; Na2O; K2O; P2O5; Rb; Y; Zr; Nb; Ba; La; Ce; Pr; Nd; Sm; Eu; Gd; Tb; Dy; Ho; Er; Tm; Yb; Lu; Hf; Ta; Ga; A/CNK; A/NK; Fe*; K2O/Na2O; Zr/Hf; Eu/Eu*; (La/Yb)N,20260992,20260992,0
R2266,3,validation,GG0118,RCB0064,S,True,A2CFC6311C185EAA2F17BA13E733D522713F64F2850C50F6EEF6E4CE1F592221,,0.0,40,SiO2; TiO2; Al2O3; Fe2O3; FeO; MnO; MgO; CaO; Na2O; K2O; P2O5; Rb; Y; Zr; Nb; Ba; La; Ce; Pr; Nd; Sm; Eu; Gd; Tb; Dy; Ho; Er; Tm; Yb; Lu; Hf; Ta; Ga; A/CNK; A/NK; Fe*; K2O/Na2O; Zr/Hf; Eu/Eu*; (La/Yb)N,20260992,20260992,0
R2267,3,validation,GG0118,RCB0064,S,True,A2CFC6311C185EAA2F17BA13E733D522713F64F2850C50F6EEF6E4CE1F592221,,0.0,40,SiO2; TiO2; Al2O3; Fe2O3; FeO; MnO; MgO; CaO; Na2O; K2O; P2O5; Rb; Y; Zr; Nb; Ba; La; Ce; Pr; Nd; Sm; Eu; Gd; Tb; Dy; Ho; Er; Tm; Yb; Lu; Hf; Ta; Ga; A/CNK; A/NK; Fe*; K2O/Na2O; Zr/Hf; Eu/Eu*; (La/Yb)N,20260992,20260992,0
R2268,3,validation,GG0118,RCB0064,S,True,A2CFC6311C185EAA2F17BA13E733D522713F64F2850C50F6EEF6E4CE1F592221,,0.0,40,SiO2; TiO2; Al2O3; Fe2O3; FeO; MnO; MgO; CaO; Na2O; K2O; P2O5; Rb; Y; Zr; Nb; Ba; La; Ce; Pr; Nd; Sm; Eu; Gd; Tb; Dy; Ho; Er; Tm; Yb; Lu; Hf; Ta; Ga; A/CNK; A/NK; Fe*; K2O/Na2O; Zr/Hf; Eu/Eu*; (La/Yb)N,20260992,20260992,0
R2269,3,validation,GG0118,RCB0064,S,True,A2CFC6311C185EAA2F17BA13E733D522713F64F2850C50F6EEF6E4CE1F592221,,0.025,40,SiO2; TiO2; Al2O3; Fe2O3; FeO; MnO; MgO; CaO; Na2O; K2O; P2O5; Rb; Y; Zr; Nb; Ba; La; Ce; Pr; Nd; Sm; Eu; Gd; Tb; Dy; Ho; Er; Tm; Yb; Lu; Hf; Ta; Ga; A/CNK; A/NK; Fe*; K2O/Na2O; Zr/Hf; Eu/Eu*; (La/Yb)N,20260992,20260992,0
R2270,3,validation,GG0118,RCB0064,S,True,A2CFC6311C185EAA2F17BA13E733D522713F64F2850C50F6EEF6E4CE1F592221,,0.025,40,SiO2; TiO2; Al2O3; Fe2O3; FeO; MnO; MgO; CaO; Na2O; K2O; P2O5; Rb; Y; Zr; Nb; Ba; La; Ce; Pr; Nd; Sm; Eu; Gd; Tb; Dy; Ho; Er; Tm; Yb; Lu; Hf; Ta; Ga; A/CNK; A/NK; Fe*; K2O/Na2O; Zr/Hf; Eu/Eu*; (La/Yb)N,20260992,20260992,0
R2271,3,validation,GG0118,RCB0064,S,True,A2CFC6311C185EAA2F17BA13E733D522713F64F2850C50F6EEF6E4CE1F592221,,0.025,40,SiO2; TiO2; Al2O3; Fe2O3; FeO; MnO; MgO; CaO; Na2O; K2O; P2O5; Rb; Y; Zr; Nb; Ba; La; Ce; Pr; Nd; Sm; Eu; Gd; Tb; Dy; Ho; Er; Tm; Yb; Lu; Hf; Ta; Ga; A/CNK; A/NK; Fe*; K2O/Na2O; Zr/Hf; Eu/Eu*; (La/Yb)N,20260992,20260992,0
R2272,3,validation,GG0118,RCB0064,S,True,A2CFC6311C185EAA2F17BA13E733D522713F64F2850C50F6EEF6E4CE1F592221,,0.025,40,SiO2; TiO2; Al2O3; Fe2O3; FeO; MnO; MgO; CaO; Na2O; K2O; P2O5; Rb; Y; Zr; Nb; Ba; La; Ce; Pr; Nd; Sm; Eu; Gd; Tb; Dy; Ho; Er; Tm; Yb; Lu; Hf; Ta; Ga; A/CNK; A/NK; Fe*; K2O/Na2O; Zr/Hf; Eu/Eu*; (La/Yb)N,20260992,20260992,0
R2273,3,validation,GG0118,RCB0064,S,True,A2CFC6311C185EAA2F17BA13E733D522713F64F2850C50F6EEF6E4CE1F592221,,0.025,40,SiO2; TiO2; Al2O3; Fe2O3; FeO; MnO; MgO; CaO; Na2O; K2O; P2O5; Rb; Y; Zr; Nb; Ba; La; Ce; Pr; Nd; Sm; Eu; Gd; Tb; Dy; Ho; Er; Tm; Yb; Lu; Hf; Ta; Ga; A/CNK; A/NK; Fe*; K2O/Na2O; Zr/Hf; Eu/Eu*; (La/Yb)N,20260992,20260992,0
R2274,3,validation,GG0118,RCB0064,S,True,A2CFC6311C185EAA2F17BA13E733D522713F64F2850C50F6EEF6E4CE1F592221,,0.025,40,SiO2; TiO2; Al2O3; Fe2O3; FeO; MnO; MgO; CaO; Na2O; K2O; P2O5; Rb; Y; Zr; Nb; Ba; La; Ce; Pr; Nd; Sm; Eu; Gd; Tb; Dy; Ho; Er; Tm; Yb; Lu; Hf; Ta; Ga; A/CNK; A/NK; Fe*; K2O/Na2O; Zr/Hf; Eu/Eu*; (La/Yb)N,20260992,20260992,0
R2275,3,validation,GG0118,RCB0064,S,True,A2CFC6311C185EAA2F17BA13E733D522713F64F2850C50F6EEF6E4CE1F592221,,0.025,40,SiO2; TiO2; Al2O3; Fe2O3; FeO; MnO; MgO; CaO; Na2O; K2O; P2O5; Rb; Y; Zr; Nb; Ba; La; Ce; Pr; Nd; Sm; Eu; Gd; Tb; Dy; Ho; Er; Tm; Yb; Lu; Hf; Ta; Ga; A/CNK; A/NK; Fe*; K2O/Na2O; Zr/Hf; Eu/Eu*; (La/Yb)N,20260992,20260992,0
R2276,3,validation,GG0118,RCB0064,S,True,A2CFC6311C185EAA2F17BA13E733D522713F64F2850C50F6EEF6E4CE1F592221,,0.025,40,SiO2; TiO2; Al2O3; Fe2O3; FeO; MnO; MgO; CaO; Na2O; K2O; P2O5; Rb; Y; Zr; Nb; Ba; La; Ce; Pr; Nd; Sm; Eu; Gd; Tb; Dy; Ho; Er; Tm; Yb; Lu; Hf; Ta; Ga; A/CNK; A/NK; Fe*; K2O/Na2O; Zr/Hf; Eu/Eu*; (La/Yb)N,20260992,20260992,0
R2277,3,validation,GG0118,RCB0064,S,True,A2CFC6311C185EAA2F17BA13E733D522713F64F2850C50F6EEF6E4CE1F592221,,0.025,40,SiO2; TiO2; Al2O3; Fe2O3; FeO; MnO; MgO; CaO; Na2O; K2O; P2O5; Rb; Y; Zr; Nb; Ba; La; Ce; Pr; Nd; Sm; Eu; Gd; Tb; Dy; Ho; Er; Tm; Yb; Lu; Hf; Ta; Ga; A/CNK; A/NK; Fe*; K2O/Na2O; Zr/Hf; Eu/Eu*; (La/Yb)N,20260992,20260992,0
R2278,3,validation,GG0118,RCB0064,S,True,A2CFC6311C185EAA2F17BA13E733D522713F64F2850C50F6EEF6E4CE1F592221,,0.025,40,SiO2; TiO2; Al2O3; Fe2O3; FeO; MnO; MgO; CaO; Na2O; K2O; P2O5; Rb; Y; Zr; Nb; Ba; La; Ce; Pr; Nd; Sm; Eu; Gd; Tb; Dy; Ho; Er; Tm; Yb; Lu; Hf; Ta; Ga; A/CNK; A/NK; Fe*; K2O/Na2O; Zr/Hf; Eu/Eu*; (La/Yb)N,20260992,20260992,0
R2279,3,validation,GG0118,RCB0064,S,True,A2CFC6311C185EAA2F17BA13E733D522713F64F2850C50F6EEF6E4CE1F592221,,0.025,40,SiO2; TiO2; Al2O3; Fe2O3; FeO; MnO; MgO; CaO; Na2O; K2O; P2O5; Rb; Y; Zr; Nb; Ba; La; Ce; Pr; Nd; Sm; Eu; Gd; Tb; Dy; Ho; Er; Tm; Yb; Lu; Hf; Ta; Ga; A/CNK; A/NK; Fe*; K2O/Na2O; Zr/Hf; Eu/Eu*; (La/Yb)N,20260992,20260992,0
R2280,3,validation,GG0118,RCB0064,S,True,A2CFC6311C185EAA2F17BA13E733D522713F64F2850C50F6EEF6E4CE1F592221,,0.025,40,SiO2; TiO2; Al2O3; Fe2O3; FeO; MnO; MgO; CaO; Na2O; K2O; P2O5; Rb; Y; Zr; Nb; Ba; La; Ce; Pr; Nd; Sm; Eu; Gd; Tb; Dy; Ho; Er; Tm; Yb; Lu; Hf; Ta; Ga; A/CNK; A/NK; Fe*; K2O/Na2O; Zr/Hf; Eu/Eu*; (La/Yb)N,20260992,20260992,0
R2281,3,validation,GG0118,RCB0064,S,True,A2CFC6311C185EAA2F17BA13E733D522713F64F2850C50F6EEF6E4CE1F592221,,0.025,40,SiO2; TiO2; Al2O3; Fe2O3; FeO; MnO; MgO; CaO; Na2O; K2O; P2O5; Rb; Y; Zr; Nb; Ba; La; Ce; Pr; Nd; Sm; Eu; Gd; Tb; Dy; Ho; Er; Tm; Yb; Lu; Hf; Ta; Ga; A/CNK; A/NK; Fe*; K2O/Na2O; Zr/Hf; Eu/Eu*; (La/Yb)N,20260992,20260992,0
R2282,3,validation,GG0118,RCB0064,S,True,A2CFC6311C185EAA2F17BA13E733D522713F64F2850C50F6EEF6E4CE1F592221,,0.025,40,SiO2; TiO2; Al2O3; Fe2O3; FeO; MnO; MgO; CaO; Na2O; K2O; P2O5; Rb; Y; Zr; Nb; Ba; La; Ce; Pr; Nd; Sm; Eu; Gd; Tb; Dy; Ho; Er; Tm; Yb; Lu; Hf; Ta; Ga; A/CNK; A/NK; Fe*; K2O/Na2O; Zr/Hf; Eu/Eu*; (La/Yb)N,20260992,20260992,0
R2283,3,validation,GG0118,RCB0064,S,True,A2CFC6311C185EAA2F17BA13E733D522713F64F2850C50F6EEF6E4CE1F592221,,0.025,40,SiO2; TiO2; Al2O3; Fe2O3; FeO; MnO; MgO; CaO; Na2O; K2O; P2O5; Rb; Y; Zr; Nb; Ba; La; Ce; Pr; Nd; Sm; Eu; Gd; Tb; Dy; Ho; Er; Tm; Yb; Lu; Hf; Ta; Ga; A/CNK; A/NK; Fe*; K2O/Na2O; Zr/Hf; Eu/Eu*; (La/Yb)N,20260992,20260992,0
R2284,3,validation,GG0118,RCB0064,S,True,A2CFC6311C185EAA2F17BA13E733D522713F64F2850C50F6EEF6E4CE1F592221,,0.025,40,SiO2; TiO2; Al2O3; Fe2O3; FeO; MnO; MgO; CaO; Na2O; K2O; P2O5; Rb; Y; Zr; Nb; Ba; La; Ce; Pr; Nd; Sm; Eu; Gd; Tb; Dy; Ho; Er; Tm; Yb; Lu; Hf; Ta; Ga; A/CNK; A/NK; Fe*; K2O/Na2O; Zr/Hf; Eu/Eu*; (La/Yb)N,20260992,20260992,0
R2285,3,validation,GG0118,RCB0064,S,True,A2CFC6311C185EAA2F17BA13E733D522713F64F2850C50F6EEF6E4CE1F592221,,0.025,40,SiO2; TiO2; Al2O3; Fe2O3; FeO; MnO; MgO; CaO; Na2O; K2O; P2O5; Rb; Y; Zr; Nb; Ba; La; Ce; Pr; Nd; Sm; Eu; Gd; Tb; Dy; Ho; Er; Tm; Yb; Lu; Hf; Ta; Ga; A/CNK; A/NK; Fe*; K2O/Na2O; Zr/Hf; Eu/Eu*; (La/Yb)N,20260992,20260992,0
R2286,3,validation,GG0118,RCB0064,S,True,A2CFC6311C185EAA2F17BA13E733D522713F64F2850C50F6EEF6E4CE1F592221,,0.025,40,SiO2; TiO2; Al2O3; Fe2O3; FeO; MnO; MgO; CaO; Na2O; K2O; P2O5; Rb; Y; Zr; Nb; Ba; La; Ce; Pr; Nd; Sm; Eu; Gd; Tb; Dy; Ho; Er; Tm; Yb; Lu; Hf; Ta; Ga; A/CNK; A/NK; Fe*; K2O/Na2O; Zr/Hf; Eu/Eu*; (La/Yb)N,20260992,20260992,0
R2287,3,validation,GG0118,RCB0064,S,True,A2CFC6311C185EAA2F17BA13E733D522713F64F2850C50F6EEF6E4CE1F592221,,0.025,40,SiO2; TiO2; Al2O3; Fe2O3; FeO; MnO; MgO; CaO; Na2O; K2O; P2O5; Rb; Y; Zr; Nb; Ba; La; Ce; Pr; Nd; Sm; Eu; Gd; Tb; Dy; Ho; Er; Tm; Yb; Lu; Hf; Ta; Ga; A/CNK; A/NK; Fe*; K2O/Na2O; Zr/Hf; Eu/Eu*; (La/Yb)N,20260992,20260992,0
R2288,3,validation,GG0118,RCB0064,S,True,A2CFC6311C185EAA2F17BA13E733D522713F64F2850C50F6EEF6E4CE1F592221,,0.025,40,SiO2; TiO2; Al2O3; Fe2O3; FeO; MnO; MgO; CaO; Na2O; K2O; P2O5; Rb; Y; Zr; Nb; Ba; La; Ce; Pr; Nd; Sm; Eu; Gd; Tb; Dy; Ho; Er; Tm; Yb; Lu; Hf; Ta; Ga; A/CNK; A/NK; Fe*; K2O/Na2O; Zr/Hf; Eu/Eu*; (La/Yb)N,20260992,20260992,0
R2289,3,validation,GG0118,RCB0064,S,True,A2CFC6311C185EAA2F17BA13E733D522713F64F2850C50F6EEF6E4CE1F592221,,0.025,40,SiO2; TiO2; Al2O3; Fe2O3; FeO; MnO; MgO; CaO; Na2O; K2O; P2O5; Rb; Y; Zr; Nb; Ba; La; Ce; Pr; Nd; Sm; Eu; Gd; Tb; Dy; Ho; Er; Tm; Yb; Lu; Hf; Ta; Ga; A/CNK; A/NK; Fe*; K2O/Na2O; Zr/Hf; Eu/Eu*; (La/Yb)N,20260992,20260992,0
R2290,3,validation,GG0118,RCB0064,S,True,A2CFC6311C185EAA2F17BA13E733D522713F64F2850C50F6EEF6E4CE1F592221,,0.025,40,SiO2; TiO2; Al2O3; Fe2O3; FeO; MnO; MgO; CaO; Na2O; K2O; P2O5; Rb; Y; Zr; Nb; Ba; La; Ce; Pr; Nd; Sm; Eu; Gd; Tb; Dy; Ho; Er; Tm; Yb; Lu; Hf; Ta; Ga; A/CNK; A/NK; Fe*; K2O/Na2O; Zr/Hf; Eu/Eu*; (La/Yb)N,20260992,20260992,0
R2291,3,validation,GG0118,RCB0064,S,True,A2CFC6311C185EAA2F17BA13E733D522713F64F2850C50F6EEF6E4CE1F592221,,0.025,40,SiO2; TiO2; Al2O3; Fe2O3; FeO; MnO; MgO; CaO; Na2O; K2O; P2O5; Rb; Y; Zr; Nb; Ba; La; Ce; Pr; Nd; Sm; Eu; Gd; Tb; Dy; Ho; Er; Tm; Yb; Lu; Hf; Ta; Ga; A/CNK; A/NK; Fe*; K2O/Na2O; Zr/Hf; Eu/Eu*; (La/Yb)N,20260992,20260992,0
R2292,3,validation,GG0118,RCB0064,S,True,A2CFC6311C185EAA2F17BA13E733D522713F64F2850C50F6EEF6E4CE1F592221,,0.025,40,SiO2; TiO2; Al2O3; Fe2O3; FeO; MnO; MgO; CaO; Na2O; K2O; P2O5; Rb; Y; Zr; Nb; Ba; La; Ce; Pr; Nd; Sm; Eu; Gd; Tb; Dy; Ho; Er; Tm; Yb; Lu; Hf; Ta; Ga; A/CNK; A/NK; Fe*; K2O/Na2O; Zr/Hf; Eu/Eu*; (La/Yb)N,20260992,20260992,0
R2293,3,validation,GG0118,RCB0064,S,True,A2CFC6311C185EAA2F17BA13E733D522713F64F2850C50F6EEF6E4CE1F592221,,0.025,40,SiO2; TiO2; Al2O3; Fe2O3; FeO; MnO; MgO; CaO; Na2O; K2O; P2O5; Rb; Y; Zr; Nb; Ba; La; Ce; Pr; Nd; Sm; Eu; Gd; Tb; Dy; Ho; Er; Tm; Yb; Lu; Hf; Ta; Ga; A/CNK; A/NK; Fe*; K2O/Na2O; Zr/Hf; Eu/Eu*; (La/Yb)N,20260992,20260992,0
R2294,3,validation,GG0118,RCB0064,S,True,A2CFC6311C185EAA2F17BA13E733D522713F64F2850C50F6EEF6E4CE1F592221,,0.025,40,SiO2; TiO2; Al2O3; Fe2O3; FeO; MnO; MgO; CaO; Na2O; K2O; P2O5; Rb; Y; Zr; Nb; Ba; La; Ce; Pr; Nd; Sm; Eu; Gd; Tb; Dy; Ho; Er; Tm; Yb; Lu; Hf; Ta; Ga; A/CNK; A/NK; Fe*; K2O/Na2O; Zr/Hf; Eu/Eu*; (La/Yb)N,20260992,20260992,0
R2295,3,validation,GG0118,RCB0064,S,True,A2CFC6311C185EAA2F17BA13E733D522713F64F2850C50F6EEF6E4CE1F592221,,0.025,40,SiO2; TiO2; Al2O3; Fe2O3; FeO; MnO; MgO; CaO; Na2O; K2O; P2O5; Rb; Y; Zr; Nb; Ba; La; Ce; Pr; Nd; Sm; Eu; Gd; Tb; Dy; Ho; Er; Tm; Yb; Lu; Hf; Ta; Ga; A/CNK; A/NK; Fe*; K2O/Na2O; Zr/Hf; Eu/Eu*; (La/Yb)N,20260992,20260992,0
R2296,3,validation,GG0118,RCB0064,S,True,A2CFC6311C185EAA2F17BA13E733D522713F64F2850C50F6EEF6E4CE1F592221,,0.025,40,SiO2; TiO2; Al2O3; Fe2O3; FeO; MnO; MgO; CaO; Na2O; K2O; P2O5; Rb; Y; Zr; Nb; Ba; La; Ce; Pr; Nd; Sm; Eu; Gd; Tb; Dy; Ho; Er; Tm; Yb; Lu; Hf; Ta; Ga; A/CNK; A/NK; Fe*; K2O/Na2O; Zr/Hf; Eu/Eu*; (La/Yb)N,20260992,20260992,0
R2297,3,validation,GG0118,RCB0064,S,True,A2CFC6311C185EAA2F17BA13E733D522713F64F2850C50F6EEF6E4CE1F592221,,0.025,40,SiO2; TiO2; Al2O3; Fe2O3; FeO; MnO; MgO; CaO; Na2O; K2O; P2O5; Rb; Y; Zr; Nb; Ba; La; Ce; Pr; Nd; Sm; Eu; Gd; Tb; Dy; Ho; Er; Tm; Yb; Lu; Hf; Ta; Ga; A/CNK; A/NK; Fe*; K2O/Na2O; Zr/Hf; Eu/Eu*; (La/Yb)N,20260992,20260992,0
R2298,3,validation,GG0118,RCB0064,S,True,A2CFC6311C185EAA2F17BA13E733D522713F64F2850C50F6EEF6E4CE1F592221,,0.025,40,SiO2; TiO2; Al2O3; Fe2O3; FeO; MnO; MgO; CaO; Na2O; K2O; P2O5; Rb; Y; Zr; Nb; Ba; La; Ce; Pr; Nd; Sm; Eu; Gd; Tb; Dy; Ho; Er; Tm; Yb; Lu; Hf; Ta; Ga; A/CNK; A/NK; Fe*; K2O/Na2O; Zr/Hf; Eu/Eu*; (La/Yb)N,20260992,20260992,0
R2299,3,validation,GG0118,RCB0064,S,True,A2CFC6311C185EAA2F17BA13E733D522713F64F2850C50F6EEF6E4CE1F592221,,0.025,40,SiO2; TiO2; Al2O3; Fe2O3; FeO; MnO; MgO; CaO; Na2O; K2O; P2O5; Rb; Y; Zr; Nb; Ba; La; Ce; Pr; Nd; Sm; Eu; Gd; Tb; Dy; Ho; Er; Tm; Yb; Lu; Hf; Ta; Ga; A/CNK; A/NK; Fe*; K2O/Na2O; Zr/Hf; Eu/Eu*; (La/Yb)N,20260992,20260992,0
R2300,3,validation,GG0118,RCB0064,S,True,A2CFC6311C185EAA2F17BA13E733D522713F64F2850C50F6EEF6E4CE1F592221,,0.025,40,SiO2; TiO2; Al2O3; Fe2O3; FeO; MnO; MgO; CaO; Na2O; K2O; P2O5; Rb; Y; Zr; Nb; Ba; La; Ce; Pr; Nd; Sm; Eu; Gd; Tb; Dy; Ho; Er; Tm; Yb; Lu; Hf; Ta; Ga; A/CNK; A/NK; Fe*; K2O/Na2O; Zr/Hf; Eu/Eu*; (La/Yb)N,20260992,20260992,0
R2301,3,validation,GG0118,RCB0064,S,True,A2CFC6311C185EAA2F17BA13E733D522713F64F2850C50F6EEF6E4CE1F592221,,0.025,40,SiO2; TiO2; Al2O3; Fe2O3; FeO; MnO; MgO; CaO; Na2O; K2O; P2O5; Rb; Y; Zr; Nb; Ba; La; Ce; Pr; Nd; Sm; Eu; Gd; Tb; Dy; Ho; Er; Tm; Yb; Lu; Hf; Ta; Ga; A/CNK; A/NK; Fe*; K2O/Na2O; Zr/Hf; Eu/Eu*; (La/Yb)N,20260992,20260992,0
R2302,3,validation,GG0118,RCB0064,S,True,A2CFC6311C185EAA2F17BA13E733D522713F64F2850C50F6EEF6E4CE1F592221,,0.025,40,SiO2; TiO2; Al2O3; Fe2O3; FeO; MnO; MgO; CaO; Na2O; K2O; P2O5; Rb; Y; Zr; Nb; Ba; La; Ce; Pr; Nd; Sm; Eu; Gd; Tb; Dy; Ho; Er; Tm; Yb; Lu; Hf; Ta; Ga; A/CNK; A/NK; Fe*; K2O/Na2O; Zr/Hf; Eu/Eu*; (La/Yb)N,20260992,20260992,0
R2303,3,validation,GG0118,RCB0064,S,True,A2CFC6311C185EAA2F17BA13E733D522713F64F2850C50F6EEF6E4CE1F592221,,0.025,40,SiO2; TiO2; Al2O3; Fe2O3; FeO; MnO; MgO; CaO; Na2O; K2O; P2O5; Rb; Y; Zr; Nb; Ba; La; Ce; Pr; Nd; Sm; Eu; Gd; Tb; Dy; Ho; Er; Tm; Yb; Lu; Hf; Ta; Ga; A/CNK; A/NK; Fe*; K2O/Na2O; Zr/Hf; Eu/Eu*; (La/Yb)N,20260992,20260992,0
R2304,3,validation,GG0118,RCB0064,S,True,A2CFC6311C185EAA2F17BA13E733D522713F64F2850C50F6EEF6E4CE1F592221,,0.025,40,SiO2; TiO2; Al2O3; Fe2O3; FeO; MnO; MgO; CaO; Na2O; K2O; P2O5; Rb; Y; Zr; Nb; Ba; La; Ce; Pr; Nd; Sm; Eu; Gd; Tb; Dy; Ho; Er; Tm; Yb; Lu; Hf; Ta; Ga; A/CNK; A/NK; Fe*; K2O/Na2O; Zr/Hf; Eu/Eu*; (La/Yb)N,20260992,20260992,0
R2305,3,validation,GG0040,RCB0032,S,True,A2CFC6311C185EAA2F17BA13E733D522713F64F2850C50F6EEF6E4CE1F592221,,0.05,40,SiO2; TiO2; Al2O3; Fe2O3; FeO; MnO; MgO; CaO; Na2O; K2O; P2O5; Rb; Y; Zr; Nb; Ba; La; Ce; Pr; Nd; Sm; Eu; Gd; Tb; Dy; Ho; Er; Tm; Yb; Lu; Hf; Ta; Ga; A/CNK; A/NK; Fe*; K2O/Na2O; Zr/Hf; Eu/Eu*; (La/Yb)N,20260992,20260992,0
R2306,3,validation,GG0040,RCB0032,S,True,A2CFC6311C185EAA2F17BA13E733D522713F64F2850C50F6EEF6E4CE1F592221,,0.05,40,SiO2; TiO2; Al2O3; Fe2O3; FeO; MnO; MgO; CaO; Na2O; K2O; P2O5; Rb; Y; Zr; Nb; Ba; La; Ce; Pr; Nd; Sm; Eu; Gd; Tb; Dy; Ho; Er; Tm; Yb; Lu; Hf; Ta; Ga; A/CNK; A/NK; Fe*; K2O/Na2O; Zr/Hf; Eu/Eu*; (La/Yb)N,20260992,20260992,0
R2307,3,validation,GG0040,RCB0032,S,True,A2CFC6311C185EAA2F17BA13E733D522713F64F2850C50F6EEF6E4CE1F592221,,0.05,40,SiO2; TiO2; Al2O3; Fe2O3; FeO; MnO; MgO; CaO; Na2O; K2O; P2O5; Rb; Y; Zr; Nb; Ba; La; Ce; Pr; Nd; Sm; Eu; Gd; Tb; Dy; Ho; Er; Tm; Yb; Lu; Hf; Ta; Ga; A/CNK; A/NK; Fe*; K2O/Na2O; Zr/Hf; Eu/Eu*; (La/Yb)N,20260992,20260992,0
R2308,3,validation,GG0040,RCB0032,S,True,A2CFC6311C185EAA2F17BA13E733D522713F64F2850C50F6EEF6E4CE1F592221,,0.05,40,SiO2; TiO2; Al2O3; Fe2O3; FeO; MnO; MgO; CaO; Na2O; K2O; P2O5; Rb; Y; Zr; Nb; Ba; La; Ce; Pr; Nd; Sm; Eu; Gd; Tb; Dy; Ho; Er; Tm; Yb; Lu; Hf; Ta; Ga; A/CNK; A/NK; Fe*; K2O/Na2O; Zr/Hf; Eu/Eu*; (La/Yb)N,20260992,20260992,0
R2309,3,validation,GG0040,RCB0032,S,True,A2CFC6311C185EAA2F17BA13E733D522713F64F2850C50F6EEF6E4CE1F592221,,0.05,40,SiO2; TiO2; Al2O3; Fe2O3; FeO; MnO; MgO; CaO; Na2O; K2O; P2O5; Rb; Y; Zr; Nb; Ba; La; Ce; Pr; Nd; Sm; Eu; Gd; Tb; Dy; Ho; Er; Tm; Yb; Lu; Hf; Ta; Ga; A/CNK; A/NK; Fe*; K2O/Na2O; Zr/Hf; Eu/Eu*; (La/Yb)N,20260992,20260992,0
R2310,3,validation,GG0040,RCB0032,S,True,A2CFC6311C185EAA2F17BA13E733D522713F64F2850C50F6EEF6E4CE1F592221,,0.05,40,SiO2; TiO2; Al2O3; Fe2O3; FeO; MnO; MgO; CaO; Na2O; K2O; P2O5; Rb; Y; Zr; Nb; Ba; La; Ce; Pr; Nd; Sm; Eu; Gd; Tb; Dy; Ho; Er; Tm; Yb; Lu; Hf; Ta; Ga; A/CNK; A/NK; Fe*; K2O/Na2O; Zr/Hf; Eu/Eu*; (La/Yb)N,20260992,20260992,0
R2311,3,validation,GG0040,RCB0032,S,True,A2CFC6311C185EAA2F17BA13E733D522713F64F2850C50F6EEF6E4CE1F592221,,0.05,40,SiO2; TiO2; Al2O3; Fe2O3; FeO; MnO; MgO; CaO; Na2O; K2O; P2O5; Rb; Y; Zr; Nb; Ba; La; Ce; Pr; Nd; Sm; Eu; Gd; Tb; Dy; Ho; Er; Tm; Yb; Lu; Hf; Ta; Ga; A/CNK; A/NK; Fe*; K2O/Na2O; Zr/Hf; Eu/Eu*; (La/Yb)N,20260992,20260992,0
R2312,3,validation,GG0040,RCB0032,S,True,A2CFC6311C185EAA2F17BA13E733D522713F64F2850C50F6EEF6E4CE1F592221,,0.05,40,SiO2; TiO2; Al2O3; Fe2O3; FeO; MnO; MgO; CaO; Na2O; K2O; P2O5; Rb; Y; Zr; Nb; Ba; La; Ce; Pr; Nd; Sm; Eu; Gd; Tb; Dy; Ho; Er; Tm; Yb; Lu; Hf; Ta; Ga; A/CNK; A/NK; Fe*; K2O/Na2O; Zr/Hf; Eu/Eu*; (La/Yb)N,20260992,20260992,0
R2313,3,validation,GG0040,RCB0032,S,True,A2CFC6311C185EAA2F17BA13E733D522713F64F2850C50F6EEF6E4CE1F592221,,0.05,40,SiO2; TiO2; Al2O3; Fe2O3; FeO; MnO; MgO; CaO; Na2O; K2O; P2O5; Rb; Y; Zr; Nb; Ba; La; Ce; Pr; Nd; Sm; Eu; Gd; Tb; Dy; Ho; Er; Tm; Yb; Lu; Hf; Ta; Ga; A/CNK; A/NK; Fe*; K2O/Na2O; Zr/Hf; Eu/Eu*; (La/Yb)N,20260992,20260992,0
R2314,3,validation,GG0040,RCB0032,S,True,A2CFC6311C185EAA2F17BA13E733D522713F64F2850C50F6EEF6E4CE1F592221,,0.05,40,SiO2; TiO2; Al2O3; Fe2O3; FeO; MnO; MgO; CaO; Na2O; K2O; P2O5; Rb; Y; Zr; Nb; Ba; La; Ce; Pr; Nd; Sm; Eu; Gd; Tb; Dy; Ho; Er; Tm; Yb; Lu; Hf; Ta; Ga; A/CNK; A/NK; Fe*; K2O/Na2O; Zr/Hf; Eu/Eu*; (La/Yb)N,20260992,20260992,0
R2315,3,validation,GG0040,RCB0032,S,True,A2CFC6311C185EAA2F17BA13E733D522713F64F2850C50F6EEF6E4CE1F592221,,0.05,40,SiO2; TiO2; Al2O3; Fe2O3; FeO; MnO; MgO; CaO; Na2O; K2O; P2O5; Rb; Y; Zr; Nb; Ba; La; Ce; Pr; Nd; Sm; Eu; Gd; Tb; Dy; Ho; Er; Tm; Yb; Lu; Hf; Ta; Ga; A/CNK; A/NK; Fe*; K2O/Na2O; Zr/Hf; Eu/Eu*; (La/Yb)N,20260992,20260992,0
R2316,3,validation,GG0040,RCB0032,S,True,A2CFC6311C185EAA2F17BA13E733D522713F64F2850C50F6EEF6E4CE1F592221,,0.05,40,SiO2; TiO2; Al2O3; Fe2O3; FeO; MnO; MgO; CaO; Na2O; K2O; P2O5; Rb; Y; Zr; Nb; Ba; La; Ce; Pr; Nd; Sm; Eu; Gd; Tb; Dy; Ho; Er; Tm; Yb; Lu; Hf; Ta; Ga; A/CNK; A/NK; Fe*; K2O/Na2O; Zr/Hf; Eu/Eu*; (La/Yb)N,20260992,20260992,0
R2317,3,validation,GG0040,RCB0032,S,True,A2CFC6311C185EAA2F17BA13E733D522713F64F2850C50F6EEF6E4CE1F592221,,0.05,40,SiO2; TiO2; Al2O3; Fe2O3; FeO; MnO; MgO; CaO; Na2O; K2O; P2O5; Rb; Y; Zr; Nb; Ba; La; Ce; Pr; Nd; Sm; Eu; Gd; Tb; Dy; Ho; Er; Tm; Yb; Lu; Hf; Ta; Ga; A/CNK; A/NK; Fe*; K2O/Na2O; Zr/Hf; Eu/Eu*; (La/Yb)N,20260992,20260992,0
R2318,3,validation,GG0040,RCB0032,S,True,A2CFC6311C185EAA2F17BA13E733D522713F64F2850C50F6EEF6E4CE1F592221,,0.05,40,SiO2; TiO2; Al2O3; Fe2O3; FeO; MnO; MgO; CaO; Na2O; K2O; P2O5; Rb; Y; Zr; Nb; Ba; La; Ce; Pr; Nd; Sm; Eu; Gd; Tb; Dy; Ho; Er; Tm; Yb; Lu; Hf; Ta; Ga; A/CNK; A/NK; Fe*; K2O/Na2O; Zr/Hf; Eu/Eu*; (La/Yb)N,20260992,20260992,0
R2319,3,validation,GG0040,RCB0032,S,True,A2CFC6311C185EAA2F17BA13E733D522713F64F2850C50F6EEF6E4CE1F592221,,0.05,40,SiO2; TiO2; Al2O3; Fe2O3; FeO; MnO; MgO; CaO; Na2O; K2O; P2O5; Rb; Y; Zr; Nb; Ba; La; Ce; Pr; Nd; Sm; Eu; Gd; Tb; Dy; Ho; Er; Tm; Yb; Lu; Hf; Ta; Ga; A/CNK; A/NK; Fe*; K2O/Na2O; Zr/Hf; Eu/Eu*; (La/Yb)N,20260992,20260992,0
R2320,3,validation,GG0040,RCB0032,S,True,A2CFC6311C185EAA2F17BA13E733D522713F64F2850C50F6EEF6E4CE1F592221,,0.05,40,SiO2; TiO2; Al2O3; Fe2O3; FeO; MnO; MgO; CaO; Na2O; K2O; P2O5; Rb; Y; Zr; Nb; Ba; La; Ce; Pr; Nd; Sm; Eu; Gd; Tb; Dy; Ho; Er; Tm; Yb; Lu; Hf; Ta; Ga; A/CNK; A/NK; Fe*; K2O/Na2O; Zr/Hf; Eu/Eu*; (La/Yb)N,20260992,20260992,0
R2321,3,validation,GG0040,RCB0032,S,True,A2CFC6311C185EAA2F17BA13E733D522713F64F2850C50F6EEF6E4CE1F592221,,0.05,40,SiO2; TiO2; Al2O3; Fe2O3; FeO; MnO; MgO; CaO; Na2O; K2O; P2O5; Rb; Y; Zr; Nb; Ba; La; Ce; Pr; Nd; Sm; Eu; Gd; Tb; Dy; Ho; Er; Tm; Yb; Lu; Hf; Ta; Ga; A/CNK; A/NK; Fe*; K2O/Na2O; Zr/Hf; Eu/Eu*; (La/Yb)N,20260992,20260992,0
R2322,3,validation,GG0040,RCB0032,S,True,A2CFC6311C185EAA2F17BA13E733D522713F64F2850C50F6EEF6E4CE1F592221,,0.05,40,SiO2; TiO2; Al2O3; Fe2O3; FeO; MnO; MgO; CaO; Na2O; K2O; P2O5; Rb; Y; Zr; Nb; Ba; La; Ce; Pr; Nd; Sm; Eu; Gd; Tb; Dy; Ho; Er; Tm; Yb; Lu; Hf; Ta; Ga; A/CNK; A/NK; Fe*; K2O/Na2O; Zr/Hf; Eu/Eu*; (La/Yb)N,20260992,20260992,0
R2323,3,validation,GG0040,RCB0032,S,True,A2CFC6311C185EAA2F17BA13E733D522713F64F2850C50F6EEF6E4CE1F592221,,0.0,40,SiO2; TiO2; Al2O3; Fe2O3; FeO; MnO; MgO; CaO; Na2O; K2O; P2O5; Rb; Y; Zr; Nb; Ba; La; Ce; Pr; Nd; Sm; Eu; Gd; Tb; Dy; Ho; Er; Tm; Yb; Lu; Hf; Ta; Ga; A/CNK; A/NK; Fe*; K2O/Na2O; Zr/Hf; Eu/Eu*; (La/Yb)N,20260992,20260992,0
R2324,3,validation,GG0040,RCB0032,S,True,A2CFC6311C185EAA2F17BA13E733D522713F64F2850C50F6EEF6E4CE1F592221,,0.0,40,SiO2; TiO2; Al2O3; Fe2O3; FeO; MnO; MgO; CaO; Na2O; K2O; P2O5; Rb; Y; Zr; Nb; Ba; La; Ce; Pr; Nd; Sm; Eu; Gd; Tb; Dy; Ho; Er; Tm; Yb; Lu; Hf; Ta; Ga; A/CNK; A/NK; Fe*; K2O/Na2O; Zr/Hf; Eu/Eu*; (La/Yb)N,20260992,20260992,0
R2325,3,validation,GG0040,RCB0032,S,True,A2CFC6311C185EAA2F17BA13E733D522713F64F2850C50F6EEF6E4CE1F592221,,0.0,40,SiO2; TiO2; Al2O3; Fe2O3; FeO; MnO; MgO; CaO; Na2O; K2O; P2O5; Rb; Y; Zr; Nb; Ba; La; Ce; Pr; Nd; Sm; Eu; Gd; Tb; Dy; Ho; Er; Tm; Yb; Lu; Hf; Ta; Ga; A/CNK; A/NK; Fe*; K2O/Na2O; Zr/Hf; Eu/Eu*; (La/Yb)N,20260992,20260992,0
R2326,3,validation,GG0040,RCB0032,S,True,A2CFC6311C185EAA2F17BA13E733D522713F64F2850C50F6EEF6E4CE1F592221,,0.0,40,SiO2; TiO2; Al2O3; Fe2O3; FeO; MnO; MgO; CaO; Na2O; K2O; P2O5; Rb; Y; Zr; Nb; Ba; La; Ce; Pr; Nd; Sm; Eu; Gd; Tb; Dy; Ho; Er; Tm; Yb; Lu; Hf; Ta; Ga; A/CNK; A/NK; Fe*; K2O/Na2O; Zr/Hf; Eu/Eu*; (La/Yb)N,20260992,20260992,0
R2327,3,validation,GG0040,RCB0032,S,True,A2CFC6311C185EAA2F17BA13E733D522713F64F2850C50F6EEF6E4CE1F592221,,0.0,40,SiO2; TiO2; Al2O3; Fe2O3; FeO; MnO; MgO; CaO; Na2O; K2O; P2O5; Rb; Y; Zr; Nb; Ba; La; Ce; Pr; Nd; Sm; Eu; Gd; Tb; Dy; Ho; Er; Tm; Yb; Lu; Hf; Ta; Ga; A/CNK; A/NK; Fe*; K2O/Na2O; Zr/Hf; Eu/Eu*; (La/Yb)N,20260992,20260992,0
R2328,3,validation,GG0040,RCB0032,S,True,A2CFC6311C185EAA2F17BA13E733D522713F64F2850C50F6EEF6E4CE1F592221,,0.0,40,SiO2; TiO2; Al2O3; Fe2O3; FeO; MnO; MgO; CaO; Na2O; K2O; P2O5; Rb; Y; Zr; Nb; Ba; La; Ce; Pr; Nd; Sm; Eu; Gd; Tb; Dy; Ho; Er; Tm; Yb; Lu; Hf; Ta; Ga; A/CNK; A/NK; Fe*; K2O/Na2O; Zr/Hf; Eu/Eu*; (La/Yb)N,20260992,20260992,0
R2329,3,validation,GG0040,RCB0032,S,True,A2CFC6311C185EAA2F17BA13E733D522713F64F2850C50F6EEF6E4CE1F592221,,0.0,40,SiO2; TiO2; Al2O3; Fe2O3; FeO; MnO; MgO; CaO; Na2O; K2O; P2O5; Rb; Y; Zr; Nb; Ba; La; Ce; Pr; Nd; Sm; Eu; Gd; Tb; Dy; Ho; Er; Tm; Yb; Lu; Hf; Ta; Ga; A/CNK; A/NK; Fe*; K2O/Na2O; Zr/Hf; Eu/Eu*; (La/Yb)N,20260992,20260992,0
R2330,3,validation,GG0040,RCB0032,S,True,A2CFC6311C185EAA2F17BA13E733D522713F64F2850C50F6EEF6E4CE1F592221,,0.0,40,SiO2; TiO2; Al2O3; Fe2O3; FeO; MnO; MgO; CaO; Na2O; K2O; P2O5; Rb; Y; Zr; Nb; Ba; La; Ce; Pr; Nd; Sm; Eu; Gd; Tb; Dy; Ho; Er; Tm; Yb; Lu; Hf; Ta; Ga; A/CNK; A/NK; Fe*; K2O/Na2O; Zr/Hf; Eu/Eu*; (La/Yb)N,20260992,20260992,0
R2331,3,validation,GG0040,RCB0032,S,True,A2CFC6311C185EAA2F17BA13E733D522713F64F2850C50F6EEF6E4CE1F592221,,0.0,40,SiO2; TiO2; Al2O3; Fe2O3; FeO; MnO; MgO; CaO; Na2O; K2O; P2O5; Rb; Y; Zr; Nb; Ba; La; Ce; Pr; Nd; Sm; Eu; Gd; Tb; Dy; Ho; Er; Tm; Yb; Lu; Hf; Ta; Ga; A/CNK; A/NK; Fe*; K2O/Na2O; Zr/Hf; Eu/Eu*; (La/Yb)N,20260992,20260992,0
R2332,3,validation,GG0040,RCB0032,S,True,A2CFC6311C185EAA2F17BA13E733D522713F64F2850C50F6EEF6E4CE1F592221,,0.0,40,SiO2; TiO2; Al2O3; Fe2O3; FeO; MnO; MgO; CaO; Na2O; K2O; P2O5; Rb; Y; Zr; Nb; Ba; La; Ce; Pr; Nd; Sm; Eu; Gd; Tb; Dy; Ho; Er; Tm; Yb; Lu; Hf; Ta; Ga; A/CNK; A/NK; Fe*; K2O/Na2O; Zr/Hf; Eu/Eu*; (La/Yb)N,20260992,20260992,0
R2333,3,validation,GG0040,RCB0032,S,True,A2CFC6311C185EAA2F17BA13E733D522713F64F2850C50F6EEF6E4CE1F592221,,0.0,40,SiO2; TiO2; Al2O3; Fe2O3; FeO; MnO; MgO; CaO; Na2O; K2O; P2O5; Rb; Y; Zr; Nb; Ba; La; Ce; Pr; Nd; Sm; Eu; Gd; Tb; Dy; Ho; Er; Tm; Yb; Lu; Hf; Ta; Ga; A/CNK; A/NK; Fe*; K2O/Na2O; Zr/Hf; Eu/Eu*; (La/Yb)N,20260992,20260992,0
R2334,3,validation,GG0040,RCB0032,S,True,A2CFC6311C185EAA2F17BA13E733D522713F64F2850C50F6EEF6E4CE1F592221,,0.0,40,SiO2; TiO2; Al2O3; Fe2O3; FeO; MnO; MgO; CaO; Na2O; K2O; P2O5; Rb; Y; Zr; Nb; Ba; La; Ce; Pr; Nd; Sm; Eu; Gd; Tb; Dy; Ho; Er; Tm; Yb; Lu; Hf; Ta; Ga; A/CNK; A/NK; Fe*; K2O/Na2O; Zr/Hf; Eu/Eu*; (La/Yb)N,20260992,20260992,0
R2335,3,validation,GG0040,RCB0032,S,True,A2CFC6311C185EAA2F17BA13E733D522713F64F2850C50F6EEF6E4CE1F592221,,0.0,40,SiO2; TiO2; Al2O3; Fe2O3; FeO; MnO; MgO; CaO; Na2O; K2O; P2O5; Rb; Y; Zr; Nb; Ba; La; Ce; Pr; Nd; Sm; Eu; Gd; Tb; Dy; Ho; Er; Tm; Yb; Lu; Hf; Ta; Ga; A/CNK; A/NK; Fe*; K2O/Na2O; Zr/Hf; Eu/Eu*; (La/Yb)N,20260992,20260992,0
R2336,3,validation,GG0040,RCB0032,S,True,A2CFC6311C185EAA2F17BA13E733D522713F64F2850C50F6EEF6E4CE1F592221,,0.0,40,SiO2; TiO2; Al2O3; Fe2O3; FeO; MnO; MgO; CaO; Na2O; K2O; P2O5; Rb; Y; Zr; Nb; Ba; La; Ce; Pr; Nd; Sm; Eu; Gd; Tb; Dy; Ho; Er; Tm; Yb; Lu; Hf; Ta; Ga; A/CNK; A/NK; Fe*; K2O/Na2O; Zr/Hf; Eu/Eu*; (La/Yb)N,20260992,20260992,0
R2337,3,validation,GG0040,RCB0032,S,True,A2CFC6311C185EAA2F17BA13E733D522713F64F2850C50F6EEF6E4CE1F592221,,0.0,40,SiO2; TiO2; Al2O3; Fe2O3; FeO; MnO; MgO; CaO; Na2O; K2O; P2O5; Rb; Y; Zr; Nb; Ba; La; Ce; Pr; Nd; Sm; Eu; Gd; Tb; Dy; Ho; Er; Tm; Yb; Lu; Hf; Ta; Ga; A/CNK; A/NK; Fe*; K2O/Na2O; Zr/Hf; Eu/Eu*; (La/Yb)N,20260992,20260992,0
R2433,3,validation,GG0121,RCB0065,S,True,A2CFC6311C185EAA2F17BA13E733D522713F64F2850C50F6EEF6E4CE1F592221,,0.025,40,SiO2; TiO2; Al2O3; Fe2O3; FeO; MnO; MgO; CaO; Na2O; K2O; P2O5; Rb; Y; Zr; Nb; Ba; La; Ce; Pr; Nd; Sm; Eu; Gd; Tb; Dy; Ho; Er; Tm; Yb; Lu; Hf; Ta; Ga; A/CNK; A/NK; Fe*; K2O/Na2O; Zr/Hf; Eu/Eu*; (La/Yb)N,20260992,20260992,0
R2434,3,validation,GG0121,RCB0065,S,True,A2CFC6311C185EAA2F17BA13E733D522713F64F2850C50F6EEF6E4CE1F592221,,0.025,40,SiO2; TiO2; Al2O3; Fe2O3; FeO; MnO; MgO; CaO; Na2O; K2O; P2O5; Rb; Y; Zr; Nb; Ba; La; Ce; Pr; Nd; Sm; Eu; Gd; Tb; Dy; Ho; Er; Tm; Yb; Lu; Hf; Ta; Ga; A/CNK; A/NK; Fe*; K2O/Na2O; Zr/Hf; Eu/Eu*; (La/Yb)N,20260992,20260992,0
R2435,3,validation,GG0121,RCB0065,S,True,A2CFC6311C185EAA2F17BA13E733D522713F64F2850C50F6EEF6E4CE1F592221,,0.025,40,SiO2; TiO2; Al2O3; Fe2O3; FeO; MnO; MgO; CaO; Na2O; K2O; P2O5; Rb; Y; Zr; Nb; Ba; La; Ce; Pr; Nd; Sm; Eu; Gd; Tb; Dy; Ho; Er; Tm; Yb; Lu; Hf; Ta; Ga; A/CNK; A/NK; Fe*; K2O/Na2O; Zr/Hf; Eu/Eu*; (La/Yb)N,20260992,20260992,0
R2436,3,validation,GG0121,RCB0065,S,True,A2CFC6311C185EAA2F17BA13E733D522713F64F2850C50F6EEF6E4CE1F592221,,0.025,40,SiO2; TiO2; Al2O3; Fe2O3; FeO; MnO; MgO; CaO; Na2O; K2O; P2O5; Rb; Y; Zr; Nb; Ba; La; Ce; Pr; Nd; Sm; Eu; Gd; Tb; Dy; Ho; Er; Tm; Yb; Lu; Hf; Ta; Ga; A/CNK; A/NK; Fe*; K2O/Na2O; Zr/Hf; Eu/Eu*; (La/Yb)N,20260992,20260992,0
R2437,3,validation,GG0121,RCB0065,S,True,A2CFC6311C185EAA2F17BA13E733D522713F64F2850C50F6EEF6E4CE1F592221,,0.025,40,SiO2; TiO2; Al2O3; Fe2O3; FeO; MnO; MgO; CaO; Na2O; K2O; P2O5; Rb; Y; Zr; Nb; Ba; La; Ce; Pr; Nd; Sm; Eu; Gd; Tb; Dy; Ho; Er; Tm; Yb; Lu; Hf; Ta; Ga; A/CNK; A/NK; Fe*; K2O/Na2O; Zr/Hf; Eu/Eu*; (La/Yb)N,20260992,20260992,0
R2438,3,validation,GG0121,RCB0065,S,True,A2CFC6311C185EAA2F17BA13E733D522713F64F2850C50F6EEF6E4CE1F592221,,0.025,40,SiO2; TiO2; Al2O3; Fe2O3; FeO; MnO; MgO; CaO; Na2O; K2O; P2O5; Rb; Y; Zr; Nb; Ba; La; Ce; Pr; Nd; Sm; Eu; Gd; Tb; Dy; Ho; Er; Tm; Yb; Lu; Hf; Ta; Ga; A/CNK; A/NK; Fe*; K2O/Na2O; Zr/Hf; Eu/Eu*; (La/Yb)N,20260992,20260992,0
R2730,3,validation,GG0126,RCB0069,A,True,A2CFC6311C185EAA2F17BA13E733D522713F64F2850C50F6EEF6E4CE1F592221,,0.05,40,SiO2; TiO2; Al2O3; Fe2O3; FeO; MnO; MgO; CaO; Na2O; K2O; P2O5; Rb; Y; Zr; Nb; Ba; La; Ce; Pr; Nd; Sm; Eu; Gd; Tb; Dy; Ho; Er; Tm; Yb; Lu; Hf; Ta; Ga; A/CNK; A/NK; Fe*; K2O/Na2O; Zr/Hf; Eu/Eu*; (La/Yb)N,20260992,20260992,0
R2731,3,validation,GG0126,RCB0069,A,True,A2CFC6311C185EAA2F17BA13E733D522713F64F2850C50F6EEF6E4CE1F592221,,0.05,40,SiO2; TiO2; Al2O3; Fe2O3; FeO; MnO; MgO; CaO; Na2O; K2O; P2O5; Rb; Y; Zr; Nb; Ba; La; Ce; Pr; Nd; Sm; Eu; Gd; Tb; Dy; Ho; Er; Tm; Yb; Lu; Hf; Ta; Ga; A/CNK; A/NK; Fe*; K2O/Na2O; Zr/Hf; Eu/Eu*; (La/Yb)N,20260992,20260992,0
R2732,3,validation,GG0126,RCB0069,A,True,A2CFC6311C185EAA2F17BA13E733D522713F64F2850C50F6EEF6E4CE1F592221,,0.075,40,SiO2; TiO2; Al2O3; Fe2O3; FeO; MnO; MgO; CaO; Na2O; K2O; P2O5; Rb; Y; Zr; Nb; Ba; La; Ce; Pr; Nd; Sm; Eu; Gd; Tb; Dy; Ho; Er; Tm; Yb; Lu; Hf; Ta; Ga; A/CNK; A/NK; Fe*; K2O/Na2O; Zr/Hf; Eu/Eu*; (La/Yb)N,20260992,20260992,0
R2733,3,validation,GG0126,RCB0069,A,True,A2CFC6311C185EAA2F17BA13E733D522713F64F2850C50F6EEF6E4CE1F592221,,0.075,40,SiO2; TiO2; Al2O3; Fe2O3; FeO; MnO; MgO; CaO; Na2O; K2O; P2O5; Rb; Y; Zr; Nb; Ba; La; Ce; Pr; Nd; Sm; Eu; Gd; Tb; Dy; Ho; Er; Tm; Yb; Lu; Hf; Ta; Ga; A/CNK; A/NK; Fe*; K2O/Na2O; Zr/Hf; Eu/Eu*; (La/Yb)N,20260992,20260992,0
R2734,3,validation,GG0126,RCB0069,A,True,A2CFC6311C185EAA2F17BA13E733D522713F64F2850C50F6EEF6E4CE1F592221,,0.075,40,SiO2; TiO2; Al2O3; Fe2O3; FeO; MnO; MgO; CaO; Na2O; K2O; P2O5; Rb; Y; Zr; Nb; Ba; La; Ce; Pr; Nd; Sm; Eu; Gd; Tb; Dy; Ho; Er; Tm; Yb; Lu; Hf; Ta; Ga; A/CNK; A/NK; Fe*; K2O/Na2O; Zr/Hf; Eu/Eu*; (La/Yb)N,20260992,20260992,0
R2735,3,validation,GG0126,RCB0069,A,True,A2CFC6311C185EAA2F17BA13E733D522713F64F2850C50F6EEF6E4CE1F592221,,0.05,40,SiO2; TiO2; Al2O3; Fe2O3; FeO; MnO; MgO; CaO; Na2O; K2O; P2O5; Rb; Y; Zr; Nb; Ba; La; Ce; Pr; Nd; Sm; Eu; Gd; Tb; Dy; Ho; Er; Tm; Yb; Lu; Hf; Ta; Ga; A/CNK; A/NK; Fe*; K2O/Na2O; Zr/Hf; Eu/Eu*; (La/Yb)N,20260992,20260992,0
R2736,3,validation,GG0126,RCB0069,A,True,A2CFC6311C185EAA2F17BA13E733D522713F64F2850C50F6EEF6E4CE1F592221,,0.05,40,SiO2; TiO2; Al2O3; Fe2O3; FeO; MnO; MgO; CaO; Na2O; K2O; P2O5; Rb; Y; Zr; Nb; Ba; La; Ce; Pr; Nd; Sm; Eu; Gd; Tb; Dy; Ho; Er; Tm; Yb; Lu; Hf; Ta; Ga; A/CNK; A/NK; Fe*; K2O/Na2O; Zr/Hf; Eu/Eu*; (La/Yb)N,20260992,20260992,0
R2737,3,validation,GG0126,RCB0069,A,True,A2CFC6311C185EAA2F17BA13E733D522713F64F2850C50F6EEF6E4CE1F592221,,0.05,40,SiO2; TiO2; Al2O3; Fe2O3; FeO; MnO; MgO; CaO; Na2O; K2O; P2O5; Rb; Y; Zr; Nb; Ba; La; Ce; Pr; Nd; Sm; Eu; Gd; Tb; Dy; Ho; Er; Tm; Yb; Lu; Hf; Ta; Ga; A/CNK; A/NK; Fe*; K2O/Na2O; Zr/Hf; Eu/Eu*; (La/Yb)N,20260992,20260992,0
R2738,3,validation,GG0126,RCB0069,A,True,A2CFC6311C185EAA2F17BA13E733D522713F64F2850C50F6EEF6E4CE1F592221,,0.05,40,SiO2; TiO2; Al2O3; Fe2O3; FeO; MnO; MgO; CaO; Na2O; K2O; P2O5; Rb; Y; Zr; Nb; Ba; La; Ce; Pr; Nd; Sm; Eu; Gd; Tb; Dy; Ho; Er; Tm; Yb; Lu; Hf; Ta; Ga; A/CNK; A/NK; Fe*; K2O/Na2O; Zr/Hf; Eu/Eu*; (La/Yb)N,20260992,20260992,0
R2739,3,validation,GG0126,RCB0069,A,True,A2CFC6311C185EAA2F17BA13E733D522713F64F2850C50F6EEF6E4CE1F592221,,0.05,40,SiO2; TiO2; Al2O3; Fe2O3; FeO; MnO; MgO; CaO; Na2O; K2O; P2O5; Rb; Y; Zr; Nb; Ba; La; Ce; Pr; Nd; Sm; Eu; Gd; Tb; Dy; Ho; Er; Tm; Yb; Lu; Hf; Ta; Ga; A/CNK; A/NK; Fe*; K2O/Na2O; Zr/Hf; Eu/Eu*; (La/Yb)N,20260992,20260992,0
R2740,3,validation,GG0126,RCB0069,A,True,A2CFC6311C185EAA2F17BA13E733D522713F64F2850C50F6EEF6E4CE1F592221,,0.05,40,SiO2; TiO2; Al2O3; Fe2O3; FeO; MnO; MgO; CaO; Na2O; K2O; P2O5; Rb; Y; Zr; Nb; Ba; La; Ce; Pr; Nd; Sm; Eu; Gd; Tb; Dy; Ho; Er; Tm; Yb; Lu; Hf; Ta; Ga; A/CNK; A/NK; Fe*; K2O/Na2O; Zr/Hf; Eu/Eu*; (La/Yb)N,20260992,20260992,0
R2741,3,validation,GG0126,RCB0069,A,True,A2CFC6311C185EAA2F17BA13E733D522713F64F2850C50F6EEF6E4CE1F592221,,0.05,40,SiO2; TiO2; Al2O3; Fe2O3; FeO; MnO; MgO; CaO; Na2O; K2O; P2O5; Rb; Y; Zr; Nb; Ba; La; Ce; Pr; Nd; Sm; Eu; Gd; Tb; Dy; Ho; Er; Tm; Yb; Lu; Hf; Ta; Ga; A/CNK; A/NK; Fe*; K2O/Na2O; Zr/Hf; Eu/Eu*; (La/Yb)N,20260992,20260992,0
R2742,3,validation,GG0126,RCB0069,A,True,A2CFC6311C185EAA2F17BA13E733D522713F64F2850C50F6EEF6E4CE1F592221,,0.05,40,SiO2; TiO2; Al2O3; Fe2O3; FeO; MnO; MgO; CaO; Na2O; K2O; P2O5; Rb; Y; Zr; Nb; Ba; La; Ce; Pr; Nd; Sm; Eu; Gd; Tb; Dy; Ho; Er; Tm; Yb; Lu; Hf; Ta; Ga; A/CNK; A/NK; Fe*; K2O/Na2O; Zr/Hf; Eu/Eu*; (La/Yb)N,20260992,20260992,0
R2743,3,validation,GG0126,RCB0069,A,True,A2CFC6311C185EAA2F17BA13E733D522713F64F2850C50F6EEF6E4CE1F592221,,0.05,40,SiO2; TiO2; Al2O3; Fe2O3; FeO; MnO; MgO; CaO; Na2O; K2O; P2O5; Rb; Y; Zr; Nb; Ba; La; Ce; Pr; Nd; Sm; Eu; Gd; Tb; Dy; Ho; Er; Tm; Yb; Lu; Hf; Ta; Ga; A/CNK; A/NK; Fe*; K2O/Na2O; Zr/Hf; Eu/Eu*; (La/Yb)N,20260992,20260992,0
R2744,3,validation,GG0126,RCB0069,A,True,A2CFC6311C185EAA2F17BA13E733D522713F64F2850C50F6EEF6E4CE1F592221,,0.05,40,SiO2; TiO2; Al2O3; Fe2O3; FeO; MnO; MgO; CaO; Na2O; K2O; P2O5; Rb; Y; Zr; Nb; Ba; La; Ce; Pr; Nd; Sm; Eu; Gd; Tb; Dy; Ho; Er; Tm; Yb; Lu; Hf; Ta; Ga; A/CNK; A/NK; Fe*; K2O/Na2O; Zr/Hf; Eu/Eu*; (La/Yb)N,20260992,20260992,0
R2745,3,validation,GG0126,RCB0069,A,True,A2CFC6311C185EAA2F17BA13E733D522713F64F2850C50F6EEF6E4CE1F592221,,0.05,40,SiO2; TiO2; Al2O3; Fe2O3; FeO; MnO; MgO; CaO; Na2O; K2O; P2O5; Rb; Y; Zr; Nb; Ba; La; Ce; Pr; Nd; Sm; Eu; Gd; Tb; Dy; Ho; Er; Tm; Yb; Lu; Hf; Ta; Ga; A/CNK; A/NK; Fe*; K2O/Na2O; Zr/Hf; Eu/Eu*; (La/Yb)N,20260992,20260992,0
R2746,3,validation,GG0126,RCB0069,A,True,A2CFC6311C185EAA2F17BA13E733D522713F64F2850C50F6EEF6E4CE1F592221,,0.05,40,SiO2; TiO2; Al2O3; Fe2O3; FeO; MnO; MgO; CaO; Na2O; K2O; P2O5; Rb; Y; Zr; Nb; Ba; La; Ce; Pr; Nd; Sm; Eu; Gd; Tb; Dy; Ho; Er; Tm; Yb; Lu; Hf; Ta; Ga; A/CNK; A/NK; Fe*; K2O/Na2O; Zr/Hf; Eu/Eu*; (La/Yb)N,20260992,20260992,0
R2747,3,validation,GG0126,RCB0069,A,True,A2CFC6311C185EAA2F17BA13E733D522713F64F2850C50F6EEF6E4CE1F592221,,0.05,40,SiO2; TiO2; Al2O3; Fe2O3; FeO; MnO; MgO; CaO; Na2O; K2O; P2O5; Rb; Y; Zr; Nb; Ba; La; Ce; Pr; Nd; Sm; Eu; Gd; Tb; Dy; Ho; Er; Tm; Yb; Lu; Hf; Ta; Ga; A/CNK; A/NK; Fe*; K2O/Na2O; Zr/Hf; Eu/Eu*; (La/Yb)N,20260992,20260992,0
R2748,3,validation,GG0126,RCB0069,A,True,A2CFC6311C185EAA2F17BA13E733D522713F64F2850C50F6EEF6E4CE1F592221,,0.05,40,SiO2; TiO2; Al2O3; Fe2O3; FeO; MnO; MgO; CaO; Na2O; K2O; P2O5; Rb; Y; Zr; Nb; Ba; La; Ce; Pr; Nd; Sm; Eu; Gd; Tb; Dy; Ho; Er; Tm; Yb; Lu; Hf; Ta; Ga; A/CNK; A/NK; Fe*; K2O/Na2O; Zr/Hf; Eu/Eu*; (La/Yb)N,20260992,20260992,0
R2749,3,validation,GG0126,RCB0069,A,True,A2CFC6311C185EAA2F17BA13E733D522713F64F2850C50F6EEF6E4CE1F592221,,0.05,40,SiO2; TiO2; Al2O3; Fe2O3; FeO; MnO; MgO; CaO; Na2O; K2O; P2O5; Rb; Y; Zr; Nb; Ba; La; Ce; Pr; Nd; Sm; Eu; Gd; Tb; Dy; Ho; Er; Tm; Yb; Lu; Hf; Ta; Ga; A/CNK; A/NK; Fe*; K2O/Na2O; Zr/Hf; Eu/Eu*; (La/Yb)N,20260992,20260992,0
R2750,3,validation,GG0126,RCB0069,A,True,A2CFC6311C185EAA2F17BA13E733D522713F64F2850C50F6EEF6E4CE1F592221,,0.1,40,SiO2; TiO2; Al2O3; Fe2O3; FeO; MnO; MgO; CaO; Na2O; K2O; P2O5; Rb; Y; Zr; Nb; Ba; La; Ce; Pr; Nd; Sm; Eu; Gd; Tb; Dy; Ho; Er; Tm; Yb; Lu; Hf; Ta; Ga; A/CNK; A/NK; Fe*; K2O/Na2O; Zr/Hf; Eu/Eu*; (La/Yb)N,20260992,20260992,0
R2751,3,validation,GG0126,RCB0069,A,True,A2CFC6311C185EAA2F17BA13E733D522713F64F2850C50F6EEF6E4CE1F592221,,0.075,40,SiO2; TiO2; Al2O3; Fe2O3; FeO; MnO; MgO; CaO; Na2O; K2O; P2O5; Rb; Y; Zr; Nb; Ba; La; Ce; Pr; Nd; Sm; Eu; Gd; Tb; Dy; Ho; Er; Tm; Yb; Lu; Hf; Ta; Ga; A/CNK; A/NK; Fe*; K2O/Na2O; Zr/Hf; Eu/Eu*; (La/Yb)N,20260992,20260992,0
R2752,3,validation,GG0126,RCB0069,A,True,A2CFC6311C185EAA2F17BA13E733D522713F64F2850C50F6EEF6E4CE1F592221,,0.025,40,SiO2; TiO2; Al2O3; Fe2O3; FeO; MnO; MgO; CaO; Na2O; K2O; P2O5; Rb; Y; Zr; Nb; Ba; La; Ce; Pr; Nd; Sm; Eu; Gd; Tb; Dy; Ho; Er; Tm; Yb; Lu; Hf; Ta; Ga; A/CNK; A/NK; Fe*; K2O/Na2O; Zr/Hf; Eu/Eu*; (La/Yb)N,20260992,20260992,0
R2753,3,validation,GG0126,RCB0069,A,True,A2CFC6311C185EAA2F17BA13E733D522713F64F2850C50F6EEF6E4CE1F592221,,0.025,40,SiO2; TiO2; Al2O3; Fe2O3; FeO; MnO; MgO; CaO; Na2O; K2O; P2O5; Rb; Y; Zr; Nb; Ba; La; Ce; Pr; Nd; Sm; Eu; Gd; Tb; Dy; Ho; Er; Tm; Yb; Lu; Hf; Ta; Ga; A/CNK; A/NK; Fe*; K2O/Na2O; Zr/Hf; Eu/Eu*; (La/Yb)N,20260992,20260992,0
R2754,3,validation,GG0126,RCB0069,A,True,A2CFC6311C185EAA2F17BA13E733D522713F64F2850C50F6EEF6E4CE1F592221,,0.0,40,SiO2; TiO2; Al2O3; Fe2O3; FeO; MnO; MgO; CaO; Na2O; K2O; P2O5; Rb; Y; Zr; Nb; Ba; La; Ce; Pr; Nd; Sm; Eu; Gd; Tb; Dy; Ho; Er; Tm; Yb; Lu; Hf; Ta; Ga; A/CNK; A/NK; Fe*; K2O/Na2O; Zr/Hf; Eu/Eu*; (La/Yb)N,20260992,20260992,0
R2755,3,validation,GG0126,RCB0069,A,True,A2CFC6311C185EAA2F17BA13E733D522713F64F2850C50F6EEF6E4CE1F592221,,0.05,40,SiO2; TiO2; Al2O3; Fe2O3; FeO; MnO; MgO; CaO; Na2O; K2O; P2O5; Rb; Y; Zr; Nb; Ba; La; Ce; Pr; Nd; Sm; Eu; Gd; Tb; Dy; Ho; Er; Tm; Yb; Lu; Hf; Ta; Ga; A/CNK; A/NK; Fe*; K2O/Na2O; Zr/Hf; Eu/Eu*; (La/Yb)N,20260992,20260992,0
R2756,3,validation,GG0126,RCB0069,A,True,A2CFC6311C185EAA2F17BA13E733D522713F64F2850C50F6EEF6E4CE1F592221,,0.05,40,SiO2; TiO2; Al2O3; Fe2O3; FeO; MnO; MgO; CaO; Na2O; K2O; P2O5; Rb; Y; Zr; Nb; Ba; La; Ce; Pr; Nd; Sm; Eu; Gd; Tb; Dy; Ho; Er; Tm; Yb; Lu; Hf; Ta; Ga; A/CNK; A/NK; Fe*; K2O/Na2O; Zr/Hf; Eu/Eu*; (La/Yb)N,20260992,20260992,0
R2757,3,validation,GG0126,RCB0069,A,True,A2CFC6311C185EAA2F17BA13E733D522713F64F2850C50F6EEF6E4CE1F592221,,0.075,40,SiO2; TiO2; Al2O3; Fe2O3; FeO; MnO; MgO; CaO; Na2O; K2O; P2O5; Rb; Y; Zr; Nb; Ba; La; Ce; Pr; Nd; Sm; Eu; Gd; Tb; Dy; Ho; Er; Tm; Yb; Lu; Hf; Ta; Ga; A/CNK; A/NK; Fe*; K2O/Na2O; Zr/Hf; Eu/Eu*; (La/Yb)N,20260992,20260992,0
R2758,3,validation,GG0126,RCB0069,A,True,A2CFC6311C185EAA2F17BA13E733D522713F64F2850C50F6EEF6E4CE1F592221,,0.05,40,SiO2; TiO2; Al2O3; Fe2O3; FeO; MnO; MgO; CaO; Na2O; K2O; P2O5; Rb; Y; Zr; Nb; Ba; La; Ce; Pr; Nd; Sm; Eu; Gd; Tb; Dy; Ho; Er; Tm; Yb; Lu; Hf; Ta; Ga; A/CNK; A/NK; Fe*; K2O/Na2O; Zr/Hf; Eu/Eu*; (La/Yb)N,20260992,20260992,0
R2759,3,validation,GG0126,RCB0069,A,True,A2CFC6311C185EAA2F17BA13E733D522713F64F2850C50F6EEF6E4CE1F592221,,0.05,40,SiO2; TiO2; Al2O3; Fe2O3; FeO; MnO; MgO; CaO; Na2O; K2O; P2O5; Rb; Y; Zr; Nb; Ba; La; Ce; Pr; Nd; Sm; Eu; Gd; Tb; Dy; Ho; Er; Tm; Yb; Lu; Hf; Ta; Ga; A/CNK; A/NK; Fe*; K2O/Na2O; Zr/Hf; Eu/Eu*; (La/Yb)N,20260992,20260992,0
R2760,3,validation,GG0126,RCB0069,A,True,A2CFC6311C185EAA2F17BA13E733D522713F64F2850C50F6EEF6E4CE1F592221,,0.075,40,SiO2; TiO2; Al2O3; Fe2O3; FeO; MnO; MgO; CaO; Na2O; K2O; P2O5; Rb; Y; Zr; Nb; Ba; La; Ce; Pr; Nd; Sm; Eu; Gd; Tb; Dy; Ho; Er; Tm; Yb; Lu; Hf; Ta; Ga; A/CNK; A/NK; Fe*; K2O/Na2O; Zr/Hf; Eu/Eu*; (La/Yb)N,20260992,20260992,0
R2761,3,validation,GG0126,RCB0069,A,True,A2CFC6311C185EAA2F17BA13E733D522713F64F2850C50F6EEF6E4CE1F592221,,0.075,40,SiO2; TiO2; Al2O3; Fe2O3; FeO; MnO; MgO; CaO; Na2O; K2O; P2O5; Rb; Y; Zr; Nb; Ba; La; Ce; Pr; Nd; Sm; Eu; Gd; Tb; Dy; Ho; Er; Tm; Yb; Lu; Hf; Ta; Ga; A/CNK; A/NK; Fe*; K2O/Na2O; Zr/Hf; Eu/Eu*; (La/Yb)N,20260992,20260992,0
R2762,3,validation,GG0126,RCB0069,A,True,A2CFC6311C185EAA2F17BA13E733D522713F64F2850C50F6EEF6E4CE1F592221,,0.0,40,SiO2; TiO2; Al2O3; Fe2O3; FeO; MnO; MgO; CaO; Na2O; K2O; P2O5; Rb; Y; Zr; Nb; Ba; La; Ce; Pr; Nd; Sm; Eu; Gd; Tb; Dy; Ho; Er; Tm; Yb; Lu; Hf; Ta; Ga; A/CNK; A/NK; Fe*; K2O/Na2O; Zr/Hf; Eu/Eu*; (La/Yb)N,20260992,20260992,0
R2763,3,validation,GG0126,RCB0069,A,True,A2CFC6311C185EAA2F17BA13E733D522713F64F2850C50F6EEF6E4CE1F592221,,0.0,40,SiO2; TiO2; Al2O3; Fe2O3; FeO; MnO; MgO; CaO; Na2O; K2O; P2O5; Rb; Y; Zr; Nb; Ba; La; Ce; Pr; Nd; Sm; Eu; Gd; Tb; Dy; Ho; Er; Tm; Yb; Lu; Hf; Ta; Ga; A/CNK; A/NK; Fe*; K2O/Na2O; Zr/Hf; Eu/Eu*; (La/Yb)N,20260992,20260992,0
R2764,3,validation,GG0126,RCB0069,A,True,A2CFC6311C185EAA2F17BA13E733D522713F64F2850C50F6EEF6E4CE1F592221,,0.05,40,SiO2; TiO2; Al2O3; Fe2O3; FeO; MnO; MgO; CaO; Na2O; K2O; P2O5; Rb; Y; Zr; Nb; Ba; La; Ce; Pr; Nd; Sm; Eu; Gd; Tb; Dy; Ho; Er; Tm; Yb; Lu; Hf; Ta; Ga; A/CNK; A/NK; Fe*; K2O/Na2O; Zr/Hf; Eu/Eu*; (La/Yb)N,20260992,20260992,0
R2765,3,validation,GG0126,RCB0069,A,True,A2CFC6311C185EAA2F17BA13E733D522713F64F2850C50F6EEF6E4CE1F592221,,0.05,40,SiO2; TiO2; Al2O3; Fe2O3; FeO; MnO; MgO; CaO; Na2O; K2O; P2O5; Rb; Y; Zr; Nb; Ba; La; Ce; Pr; Nd; Sm; Eu; Gd; Tb; Dy; Ho; Er; Tm; Yb; Lu; Hf; Ta; Ga; A/CNK; A/NK; Fe*; K2O/Na2O; Zr/Hf; Eu/Eu*; (La/Yb)N,20260992,20260992,0
R2766,3,validation,GG0126,RCB0069,A,True,A2CFC6311C185EAA2F17BA13E733D522713F64F2850C50F6EEF6E4CE1F592221,,0.075,40,SiO2; TiO2; Al2O3; Fe2O3; FeO; MnO; MgO; CaO; Na2O; K2O; P2O5; Rb; Y; Zr; Nb; Ba; La; Ce; Pr; Nd; Sm; Eu; Gd; Tb; Dy; Ho; Er; Tm; Yb; Lu; Hf; Ta; Ga; A/CNK; A/NK; Fe*; K2O/Na2O; Zr/Hf; Eu/Eu*; (La/Yb)N,20260992,20260992,0
R2767,3,validation,GG0126,RCB0069,A,True,A2CFC6311C185EAA2F17BA13E733D522713F64F2850C50F6EEF6E4CE1F592221,,0.075,40,SiO2; TiO2; Al2O3; Fe2O3; FeO; MnO; MgO; CaO; Na2O; K2O; P2O5; Rb; Y; Zr; Nb; Ba; La; Ce; Pr; Nd; Sm; Eu; Gd; Tb; Dy; Ho; Er; Tm; Yb; Lu; Hf; Ta; Ga; A/CNK; A/NK; Fe*; K2O/Na2O; Zr/Hf; Eu/Eu*; (La/Yb)N,20260992,20260992,0
R2768,3,validation,GG0126,RCB0069,A,True,A2CFC6311C185EAA2F17BA13E733D522713F64F2850C50F6EEF6E4CE1F592221,,0.05,40,SiO2; TiO2; Al2O3; Fe2O3; FeO; MnO; MgO; CaO; Na2O; K2O; P2O5; Rb; Y; Zr; Nb; Ba; La; Ce; Pr; Nd; Sm; Eu; Gd; Tb; Dy; Ho; Er; Tm; Yb; Lu; Hf; Ta; Ga; A/CNK; A/NK; Fe*; K2O/Na2O; Zr/Hf; Eu/Eu*; (La/Yb)N,20260992,20260992,0
R2769,3,validation,GG0126,RCB0069,A,True,A2CFC6311C185EAA2F17BA13E733D522713F64F2850C50F6EEF6E4CE1F592221,,0.05,40,SiO2; TiO2; Al2O3; Fe2O3; FeO; MnO; MgO; CaO; Na2O; K2O; P2O5; Rb; Y; Zr; Nb; Ba; La; Ce; Pr; Nd; Sm; Eu; Gd; Tb; Dy; Ho; Er; Tm; Yb; Lu; Hf; Ta; Ga; A/CNK; A/NK; Fe*; K2O/Na2O; Zr/Hf; Eu/Eu*; (La/Yb)N,20260992,20260992,0
R2770,3,validation,GG0126,RCB0069,A,True,A2CFC6311C185EAA2F17BA13E733D522713F64F2850C50F6EEF6E4CE1F592221,,0.05,40,SiO2; TiO2; Al2O3; Fe2O3; FeO; MnO; MgO; CaO; Na2O; K2O; P2O5; Rb; Y; Zr; Nb; Ba; La; Ce; Pr; Nd; Sm; Eu; Gd; Tb; Dy; Ho; Er; Tm; Yb; Lu; Hf; Ta; Ga; A/CNK; A/NK; Fe*; K2O/Na2O; Zr/Hf; Eu/Eu*; (La/Yb)N,20260992,20260992,0
R2771,3,validation,GG0126,RCB0069,A,True,A2CFC6311C185EAA2F17BA13E733D522713F64F2850C50F6EEF6E4CE1F592221,,0.05,40,SiO2; TiO2; Al2O3; Fe2O3; FeO; MnO; MgO; CaO; Na2O; K2O; P2O5; Rb; Y; Zr; Nb; Ba; La; Ce; Pr; Nd; Sm; Eu; Gd; Tb; Dy; Ho; Er; Tm; Yb; Lu; Hf; Ta; Ga; A/CNK; A/NK; Fe*; K2O/Na2O; Zr/Hf; Eu/Eu*; (La/Yb)N,20260992,20260992,0
R2772,3,validation,GG0126,RCB0069,A,True,A2CFC6311C185EAA2F17BA13E733D522713F64F2850C50F6EEF6E4CE1F592221,,0.05,40,SiO2; TiO2; Al2O3; Fe2O3; FeO; MnO; MgO; CaO; Na2O; K2O; P2O5; Rb; Y; Zr; Nb; Ba; La; Ce; Pr; Nd; Sm; Eu; Gd; Tb; Dy; Ho; Er; Tm; Yb; Lu; Hf; Ta; Ga; A/CNK; A/NK; Fe*; K2O/Na2O; Zr/Hf; Eu/Eu*; (La/Yb)N,20260992,20260992,0
R2773,3,validation,GG0126,RCB0069,A,True,A2CFC6311C185EAA2F17BA13E733D522713F64F2850C50F6EEF6E4CE1F592221,,0.05,40,SiO2; TiO2; Al2O3; Fe2O3; FeO; MnO; MgO; CaO; Na2O; K2O; P2O5; Rb; Y; Zr; Nb; Ba; La; Ce; Pr; Nd; Sm; Eu; Gd; Tb; Dy; Ho; Er; Tm; Yb; Lu; Hf; Ta; Ga; A/CNK; A/NK; Fe*; K2O/Na2O; Zr/Hf; Eu/Eu*; (La/Yb)N,20260992,20260992,0
R2774,3,validation,GG0126,RCB0069,A,True,A2CFC6311C185EAA2F17BA13E733D522713F64F2850C50F6EEF6E4CE1F592221,,0.05,40,SiO2; TiO2; Al2O3; Fe2O3; FeO; MnO; MgO; CaO; Na2O; K2O; P2O5; Rb; Y; Zr; Nb; Ba; La; Ce; Pr; Nd; Sm; Eu; Gd; Tb; Dy; Ho; Er; Tm; Yb; Lu; Hf; Ta; Ga; A/CNK; A/NK; Fe*; K2O/Na2O; Zr/Hf; Eu/Eu*; (La/Yb)N,20260992,20260992,0
R2775,3,validation,GG0126,RCB0069,A,True,A2CFC6311C185EAA2F17BA13E733D522713F64F2850C50F6EEF6E4CE1F592221,,0.05,40,SiO2; TiO2; Al2O3; Fe2O3; FeO; MnO; MgO; CaO; Na2O; K2O; P2O5; Rb; Y; Zr; Nb; Ba; La; Ce; Pr; Nd; Sm; Eu; Gd; Tb; Dy; Ho; Er; Tm; Yb; Lu; Hf; Ta; Ga; A/CNK; A/NK; Fe*; K2O/Na2O; Zr/Hf; Eu/Eu*; (La/Yb)N,20260992,20260992,0
R2776,3,validation,GG0126,RCB0069,A,True,A2CFC6311C185EAA2F17BA13E733D522713F64F2850C50F6EEF6E4CE1F592221,,0.05,40,SiO2; TiO2; Al2O3; Fe2O3; FeO; MnO; MgO; CaO; Na2O; K2O; P2O5; Rb; Y; Zr; Nb; Ba; La; Ce; Pr; Nd; Sm; Eu; Gd; Tb; Dy; Ho; Er; Tm; Yb; Lu; Hf; Ta; Ga; A/CNK; A/NK; Fe*; K2O/Na2O; Zr/Hf; Eu/Eu*; (La/Yb)N,20260992,20260992,0
R2777,3,validation,GG0126,RCB0069,A,True,A2CFC6311C185EAA2F17BA13E733D522713F64F2850C50F6EEF6E4CE1F592221,,0.05,40,SiO2; TiO2; Al2O3; Fe2O3; FeO; MnO; MgO; CaO; Na2O; K2O; P2O5; Rb; Y; Zr; Nb; Ba; La; Ce; Pr; Nd; Sm; Eu; Gd; Tb; Dy; Ho; Er; Tm; Yb; Lu; Hf; Ta; Ga; A/CNK; A/NK; Fe*; K2O/Na2O; Zr/Hf; Eu/Eu*; (La/Yb)N,20260992,20260992,0
R2778,3,validation,GG0126,RCB0069,A,True,A2CFC6311C185EAA2F17BA13E733D522713F64F2850C50F6EEF6E4CE1F592221,,0.0,40,SiO2; TiO2; Al2O3; Fe2O3; FeO; MnO; MgO; CaO; Na2O; K2O; P2O5; Rb; Y; Zr; Nb; Ba; La; Ce; Pr; Nd; Sm; Eu; Gd; Tb; Dy; Ho; Er; Tm; Yb; Lu; Hf; Ta; Ga; A/CNK; A/NK; Fe*; K2O/Na2O; Zr/Hf; Eu/Eu*; (La/Yb)N,20260992,20260992,0
R2779,3,validation,GG0126,RCB0069,A,True,A2CFC6311C185EAA2F17BA13E733D522713F64F2850C50F6EEF6E4CE1F592221,,0.0,40,SiO2; TiO2; Al2O3; Fe2O3; FeO; MnO; MgO; CaO; Na2O; K2O; P2O5; Rb; Y; Zr; Nb; Ba; La; Ce; Pr; Nd; Sm; Eu; Gd; Tb; Dy; Ho; Er; Tm; Yb; Lu; Hf; Ta; Ga; A/CNK; A/NK; Fe*; K2O/Na2O; Zr/Hf; Eu/Eu*; (La/Yb)N,20260992,20260992,0
R2780,3,validation,GG0126,RCB0069,A,True,A2CFC6311C185EAA2F17BA13E733D522713F64F2850C50F6EEF6E4CE1F592221,,0.0,40,SiO2; TiO2; Al2O3; Fe2O3; FeO; MnO; MgO; CaO; Na2O; K2O; P2O5; Rb; Y; Zr; Nb; Ba; La; Ce; Pr; Nd; Sm; Eu; Gd; Tb; Dy; Ho; Er; Tm; Yb; Lu; Hf; Ta; Ga; A/CNK; A/NK; Fe*; K2O/Na2O; Zr/Hf; Eu/Eu*; (La/Yb)N,20260992,20260992,0
R2781,3,validation,GG0126,RCB0069,A,True,A2CFC6311C185EAA2F17BA13E733D522713F64F2850C50F6EEF6E4CE1F592221,,0.0,40,SiO2; TiO2; Al2O3; Fe2O3; FeO; MnO; MgO; CaO; Na2O; K2O; P2O5; Rb; Y; Zr; Nb; Ba; La; Ce; Pr; Nd; Sm; Eu; Gd; Tb; Dy; Ho; Er; Tm; Yb; Lu; Hf; Ta; Ga; A/CNK; A/NK; Fe*; K2O/Na2O; Zr/Hf; Eu/Eu*; (La/Yb)N,20260992,20260992,0
R2782,3,validation,GG0126,RCB0069,A,True,A2CFC6311C185EAA2F17BA13E733D522713F64F2850C50F6EEF6E4CE1F592221,,0.0,40,SiO2; TiO2; Al2O3; Fe2O3; FeO; MnO; MgO; CaO; Na2O; K2O; P2O5; Rb; Y; Zr; Nb; Ba; La; Ce; Pr; Nd; Sm; Eu; Gd; Tb; Dy; Ho; Er; Tm; Yb; Lu; Hf; Ta; Ga; A/CNK; A/NK; Fe*; K2O/Na2O; Zr/Hf; Eu/Eu*; (La/Yb)N,20260992,20260992,0
R2783,3,validation,GG0017,RCB0007,A,True,A2CFC6311C185EAA2F17BA13E733D522713F64F2850C50F6EEF6E4CE1F592221,,0.225,40,SiO2; TiO2; Al2O3; Fe2O3; FeO; MnO; MgO; CaO; Na2O; K2O; P2O5; Rb; Y; Zr; Nb; Ba; La; Ce; Pr; Nd; Sm; Eu; Gd; Tb; Dy; Ho; Er; Tm; Yb; Lu; Hf; Ta; Ga; A/CNK; A/NK; Fe*; K2O/Na2O; Zr/Hf; Eu/Eu*; (La/Yb)N,20260992,20260992,0
R2784,3,validation,GG0017,RCB0007,A,False,A2CFC6311C185EAA2F17BA13E733D522713F64F2850C50F6EEF6E4CE1F592221,row_missingness_at_or_above_threshold,0.625,40,SiO2; TiO2; Al2O3; Fe2O3; FeO; MnO; MgO; CaO; Na2O; K2O; P2O5; Rb; Y; Zr; Nb; Ba; La; Ce; Pr; Nd; Sm; Eu; Gd; Tb; Dy; Ho; Er; Tm; Yb; Lu; Hf; Ta; Ga; A/CNK; A/NK; Fe*; K2O/Na2O; Zr/Hf; Eu/Eu*; (La/Yb)N,20260992,20260992,0
R2785,3,validation,GG0017,RCB0007,A,True,A2CFC6311C185EAA2F17BA13E733D522713F64F2850C50F6EEF6E4CE1F592221,,0.225,40,SiO2; TiO2; Al2O3; Fe2O3; FeO; MnO; MgO; CaO; Na2O; K2O; P2O5; Rb; Y; Zr; Nb; Ba; La; Ce; Pr; Nd; Sm; Eu; Gd; Tb; Dy; Ho; Er; Tm; Yb; Lu; Hf; Ta; Ga; A/CNK; A/NK; Fe*; K2O/Na2O; Zr/Hf; Eu/Eu*; (La/Yb)N,20260992,20260992,0
R2786,3,validation,GG0017,RCB0007,A,True,A2CFC6311C185EAA2F17BA13E733D522713F64F2850C50F6EEF6E4CE1F592221,,0.225,40,SiO2; TiO2; Al2O3; Fe2O3; FeO; MnO; MgO; CaO; Na2O; K2O; P2O5; Rb; Y; Zr; Nb; Ba; La; Ce; Pr; Nd; Sm; Eu; Gd; Tb; Dy; Ho; Er; Tm; Yb; Lu; Hf; Ta; Ga; A/CNK; A/NK; Fe*; K2O/Na2O; Zr/Hf; Eu/Eu*; (La/Yb)N,20260992,20260992,0
R2787,3,validation,GG0017,RCB0007,A,True,A2CFC6311C185EAA2F17BA13E733D522713F64F2850C50F6EEF6E4CE1F592221,,0.225,40,SiO2; TiO2; Al2O3; Fe2O3; FeO; MnO; MgO; CaO; Na2O; K2O; P2O5; Rb; Y; Zr; Nb; Ba; La; Ce; Pr; Nd; Sm; Eu; Gd; Tb; Dy; Ho; Er; Tm; Yb; Lu; Hf; Ta; Ga; A/CNK; A/NK; Fe*; K2O/Na2O; Zr/Hf; Eu/Eu*; (La/Yb)N,20260992,20260992,0
R2788,3,validation,GG0017,RCB0007,A,True,A2CFC6311C185EAA2F17BA13E733D522713F64F2850C50F6EEF6E4CE1F592221,,0.225,40,SiO2; TiO2; Al2O3; Fe2O3; FeO; MnO; MgO; CaO; Na2O; K2O; P2O5; Rb; Y; Zr; Nb; Ba; La; Ce; Pr; Nd; Sm; Eu; Gd; Tb; Dy; Ho; Er; Tm; Yb; Lu; Hf; Ta; Ga; A/CNK; A/NK; Fe*; K2O/Na2O; Zr/Hf; Eu/Eu*; (La/Yb)N,20260992,20260992,0
R2789,3,validation,GG0017,RCB0007,A,True,A2CFC6311C185EAA2F17BA13E733D522713F64F2850C50F6EEF6E4CE1F592221,,0.225,40,SiO2; TiO2; Al2O3; Fe2O3; FeO; MnO; MgO; CaO; Na2O; K2O; P2O5; Rb; Y; Zr; Nb; Ba; La; Ce; Pr; Nd; Sm; Eu; Gd; Tb; Dy; Ho; Er; Tm; Yb; Lu; Hf; Ta; Ga; A/CNK; A/NK; Fe*; K2O/Na2O; Zr/Hf; Eu/Eu*; (La/Yb)N,20260992,20260992,0
R2790,3,validation,GG0017,RCB0007,A,False,A2CFC6311C185EAA2F17BA13E733D522713F64F2850C50F6EEF6E4CE1F592221,row_missingness_at_or_above_threshold,0.625,40,SiO2; TiO2; Al2O3; Fe2O3; FeO; MnO; MgO; CaO; Na2O; K2O; P2O5; Rb; Y; Zr; Nb; Ba; La; Ce; Pr; Nd; Sm; Eu; Gd; Tb; Dy; Ho; Er; Tm; Yb; Lu; Hf; Ta; Ga; A/CNK; A/NK; Fe*; K2O/Na2O; Zr/Hf; Eu/Eu*; (La/Yb)N,20260992,20260992,0
R2791,3,validation,GG0017,RCB0007,A,True,A2CFC6311C185EAA2F17BA13E733D522713F64F2850C50F6EEF6E4CE1F592221,,0.225,40,SiO2; TiO2; Al2O3; Fe2O3; FeO; MnO; MgO; CaO; Na2O; K2O; P2O5; Rb; Y; Zr; Nb; Ba; La; Ce; Pr; Nd; Sm; Eu; Gd; Tb; Dy; Ho; Er; Tm; Yb; Lu; Hf; Ta; Ga; A/CNK; A/NK; Fe*; K2O/Na2O; Zr/Hf; Eu/Eu*; (La/Yb)N,20260992,20260992,0
R2792,3,validation,GG0017,RCB0007,A,False,A2CFC6311C185EAA2F17BA13E733D522713F64F2850C50F6EEF6E4CE1F592221,row_missingness_at_or_above_threshold,0.625,40,SiO2; TiO2; Al2O3; Fe2O3; FeO; MnO; MgO; CaO; Na2O; K2O; P2O5; Rb; Y; Zr; Nb; Ba; La; Ce; Pr; Nd; Sm; Eu; Gd; Tb; Dy; Ho; Er; Tm; Yb; Lu; Hf; Ta; Ga; A/CNK; A/NK; Fe*; K2O/Na2O; Zr/Hf; Eu/Eu*; (La/Yb)N,20260992,20260992,0
R2793,3,validation,GG0017,RCB0007,A,False,A2CFC6311C185EAA2F17BA13E733D522713F64F2850C50F6EEF6E4CE1F592221,row_missingness_at_or_above_threshold,0.625,40,SiO2; TiO2; Al2O3; Fe2O3; FeO; MnO; MgO; CaO; Na2O; K2O; P2O5; Rb; Y; Zr; Nb; Ba; La; Ce; Pr; Nd; Sm; Eu; Gd; Tb; Dy; Ho; Er; Tm; Yb; Lu; Hf; Ta; Ga; A/CNK; A/NK; Fe*; K2O/Na2O; Zr/Hf; Eu/Eu*; (La/Yb)N,20260992,20260992,0
R2794,3,validation,GG0017,RCB0007,A,False,A2CFC6311C185EAA2F17BA13E733D522713F64F2850C50F6EEF6E4CE1F592221,row_missingness_at_or_above_threshold,0.625,40,SiO2; TiO2; Al2O3; Fe2O3; FeO; MnO; MgO; CaO; Na2O; K2O; P2O5; Rb; Y; Zr; Nb; Ba; La; Ce; Pr; Nd; Sm; Eu; Gd; Tb; Dy; Ho; Er; Tm; Yb; Lu; Hf; Ta; Ga; A/CNK; A/NK; Fe*; K2O/Na2O; Zr/Hf; Eu/Eu*; (La/Yb)N,20260992,20260992,0
R2795,3,validation,GG0017,RCB0007,A,False,A2CFC6311C185EAA2F17BA13E733D522713F64F2850C50F6EEF6E4CE1F592221,row_missingness_at_or_above_threshold,0.6,40,SiO2; TiO2; Al2O3; Fe2O3; FeO; MnO; MgO; CaO; Na2O; K2O; P2O5; Rb; Y; Zr; Nb; Ba; La; Ce; Pr; Nd; Sm; Eu; Gd; Tb; Dy; Ho; Er; Tm; Yb; Lu; Hf; Ta; Ga; A/CNK; A/NK; Fe*; K2O/Na2O; Zr/Hf; Eu/Eu*; (La/Yb)N,20260992,20260992,0
R2796,3,validation,GG0017,RCB0007,A,False,A2CFC6311C185EAA2F17BA13E733D522713F64F2850C50F6EEF6E4CE1F592221,row_missingness_at_or_above_threshold,1.0,40,SiO2; TiO2; Al2O3; Fe2O3; FeO; MnO; MgO; CaO; Na2O; K2O; P2O5; Rb; Y; Zr; Nb; Ba; La; Ce; Pr; Nd; Sm; Eu; Gd; Tb; Dy; Ho; Er; Tm; Yb; Lu; Hf; Ta; Ga; A/CNK; A/NK; Fe*; K2O/Na2O; Zr/Hf; Eu/Eu*; (La/Yb)N,20260992,20260992,0
R2797,3,validation,GG0017,RCB0007,A,True,A2CFC6311C185EAA2F17BA13E733D522713F64F2850C50F6EEF6E4CE1F592221,,0.225,40,SiO2; TiO2; Al2O3; Fe2O3; FeO; MnO; MgO; CaO; Na2O; K2O; P2O5; Rb; Y; Zr; Nb; Ba; La; Ce; Pr; Nd; Sm; Eu; Gd; Tb; Dy; Ho; Er; Tm; Yb; Lu; Hf; Ta; Ga; A/CNK; A/NK; Fe*; K2O/Na2O; Zr/Hf; Eu/Eu*; (La/Yb)N,20260992,20260992,0
R2798,3,validation,GG0017,RCB0007,A,False,A2CFC6311C185EAA2F17BA13E733D522713F64F2850C50F6EEF6E4CE1F592221,row_missingness_at_or_above_threshold,0.675,40,SiO2; TiO2; Al2O3; Fe2O3; FeO; MnO; MgO; CaO; Na2O; K2O; P2O5; Rb; Y; Zr; Nb; Ba; La; Ce; Pr; Nd; Sm; Eu; Gd; Tb; Dy; Ho; Er; Tm; Yb; Lu; Hf; Ta; Ga; A/CNK; A/NK; Fe*; K2O/Na2O; Zr/Hf; Eu/Eu*; (La/Yb)N,20260992,20260992,0
R2799,3,validation,GG0017,RCB0007,A,False,A2CFC6311C185EAA2F17BA13E733D522713F64F2850C50F6EEF6E4CE1F592221,row_missingness_at_or_above_threshold,1.0,40,SiO2; TiO2; Al2O3; Fe2O3; FeO; MnO; MgO; CaO; Na2O; K2O; P2O5; Rb; Y; Zr; Nb; Ba; La; Ce; Pr; Nd; Sm; Eu; Gd; Tb; Dy; Ho; Er; Tm; Yb; Lu; Hf; Ta; Ga; A/CNK; A/NK; Fe*; K2O/Na2O; Zr/Hf; Eu/Eu*; (La/Yb)N,20260992,20260992,0
R2800,3,validation,GG0017,RCB0007,A,False,A2CFC6311C185EAA2F17BA13E733D522713F64F2850C50F6EEF6E4CE1F592221,row_missingness_at_or_above_threshold,0.625,40,SiO2; TiO2; Al2O3; Fe2O3; FeO; MnO; MgO; CaO; Na2O; K2O; P2O5; Rb; Y; Zr; Nb; Ba; La; Ce; Pr; Nd; Sm; Eu; Gd; Tb; Dy; Ho; Er; Tm; Yb; Lu; Hf; Ta; Ga; A/CNK; A/NK; Fe*; K2O/Na2O; Zr/Hf; Eu/Eu*; (La/Yb)N,20260992,20260992,0
R2801,3,validation,GG0017,RCB0007,A,False,A2CFC6311C185EAA2F17BA13E733D522713F64F2850C50F6EEF6E4CE1F592221,row_missingness_at_or_above_threshold,0.625,40,SiO2; TiO2; Al2O3; Fe2O3; FeO; MnO; MgO; CaO; Na2O; K2O; P2O5; Rb; Y; Zr; Nb; Ba; La; Ce; Pr; Nd; Sm; Eu; Gd; Tb; Dy; Ho; Er; Tm; Yb; Lu; Hf; Ta; Ga; A/CNK; A/NK; Fe*; K2O/Na2O; Zr/Hf; Eu/Eu*; (La/Yb)N,20260992,20260992,0
R2802,3,validation,GG0017,RCB0007,A,False,A2CFC6311C185EAA2F17BA13E733D522713F64F2850C50F6EEF6E4CE1F592221,row_missingness_at_or_above_threshold,0.625,40,SiO2; TiO2; Al2O3; Fe2O3; FeO; MnO; MgO; CaO; Na2O; K2O; P2O5; Rb; Y; Zr; Nb; Ba; La; Ce; Pr; Nd; Sm; Eu; Gd; Tb; Dy; Ho; Er; Tm; Yb; Lu; Hf; Ta; Ga; A/CNK; A/NK; Fe*; K2O/Na2O; Zr/Hf; Eu/Eu*; (La/Yb)N,20260992,20260992,0
R2803,3,validation,GG0017,RCB0007,A,False,A2CFC6311C185EAA2F17BA13E733D522713F64F2850C50F6EEF6E4CE1F592221,row_missingness_at_or_above_threshold,0.625,40,SiO2; TiO2; Al2O3; Fe2O3; FeO; MnO; MgO; CaO; Na2O; K2O; P2O5; Rb; Y; Zr; Nb; Ba; La; Ce; Pr; Nd; Sm; Eu; Gd; Tb; Dy; Ho; Er; Tm; Yb; Lu; Hf; Ta; Ga; A/CNK; A/NK; Fe*; K2O/Na2O; Zr/Hf; Eu/Eu*; (La/Yb)N,20260992,20260992,0
R2804,3,validation,GG0006,RCB0006,S,True,A2CFC6311C185EAA2F17BA13E733D522713F64F2850C50F6EEF6E4CE1F592221,,0.2,40,SiO2; TiO2; Al2O3; Fe2O3; FeO; MnO; MgO; CaO; Na2O; K2O; P2O5; Rb; Y; Zr; Nb; Ba; La; Ce; Pr; Nd; Sm; Eu; Gd; Tb; Dy; Ho; Er; Tm; Yb; Lu; Hf; Ta; Ga; A/CNK; A/NK; Fe*; K2O/Na2O; Zr/Hf; Eu/Eu*; (La/Yb)N,20260992,20260992,0
R2805,3,validation,GG0006,RCB0006,S,True,A2CFC6311C185EAA2F17BA13E733D522713F64F2850C50F6EEF6E4CE1F592221,,0.2,40,SiO2; TiO2; Al2O3; Fe2O3; FeO; MnO; MgO; CaO; Na2O; K2O; P2O5; Rb; Y; Zr; Nb; Ba; La; Ce; Pr; Nd; Sm; Eu; Gd; Tb; Dy; Ho; Er; Tm; Yb; Lu; Hf; Ta; Ga; A/CNK; A/NK; Fe*; K2O/Na2O; Zr/Hf; Eu/Eu*; (La/Yb)N,20260992,20260992,0
R2806,3,validation,GG0006,RCB0006,S,True,A2CFC6311C185EAA2F17BA13E733D522713F64F2850C50F6EEF6E4CE1F592221,,0.2,40,SiO2; TiO2; Al2O3; Fe2O3; FeO; MnO; MgO; CaO; Na2O; K2O; P2O5; Rb; Y; Zr; Nb; Ba; La; Ce; Pr; Nd; Sm; Eu; Gd; Tb; Dy; Ho; Er; Tm; Yb; Lu; Hf; Ta; Ga; A/CNK; A/NK; Fe*; K2O/Na2O; Zr/Hf; Eu/Eu*; (La/Yb)N,20260992,20260992,0
R2807,3,validation,GG0006,RCB0006,S,True,A2CFC6311C185EAA2F17BA13E733D522713F64F2850C50F6EEF6E4CE1F592221,,0.2,40,SiO2; TiO2; Al2O3; Fe2O3; FeO; MnO; MgO; CaO; Na2O; K2O; P2O5; Rb; Y; Zr; Nb; Ba; La; Ce; Pr; Nd; Sm; Eu; Gd; Tb; Dy; Ho; Er; Tm; Yb; Lu; Hf; Ta; Ga; A/CNK; A/NK; Fe*; K2O/Na2O; Zr/Hf; Eu/Eu*; (La/Yb)N,20260992,20260992,0
R2808,3,validation,GG0006,RCB0006,S,True,A2CFC6311C185EAA2F17BA13E733D522713F64F2850C50F6EEF6E4CE1F592221,,0.2,40,SiO2; TiO2; Al2O3; Fe2O3; FeO; MnO; MgO; CaO; Na2O; K2O; P2O5; Rb; Y; Zr; Nb; Ba; La; Ce; Pr; Nd; Sm; Eu; Gd; Tb; Dy; Ho; Er; Tm; Yb; Lu; Hf; Ta; Ga; A/CNK; A/NK; Fe*; K2O/Na2O; Zr/Hf; Eu/Eu*; (La/Yb)N,20260992,20260992,0
R2809,3,validation,GG0006,RCB0006,S,True,A2CFC6311C185EAA2F17BA13E733D522713F64F2850C50F6EEF6E4CE1F592221,,0.2,40,SiO2; TiO2; Al2O3; Fe2O3; FeO; MnO; MgO; CaO; Na2O; K2O; P2O5; Rb; Y; Zr; Nb; Ba; La; Ce; Pr; Nd; Sm; Eu; Gd; Tb; Dy; Ho; Er; Tm; Yb; Lu; Hf; Ta; Ga; A/CNK; A/NK; Fe*; K2O/Na2O; Zr/Hf; Eu/Eu*; (La/Yb)N,20260992,20260992,0
R2810,3,validation,GG0006,RCB0006,S,True,A2CFC6311C185EAA2F17BA13E733D522713F64F2850C50F6EEF6E4CE1F592221,,0.2,40,SiO2; TiO2; Al2O3; Fe2O3; FeO; MnO; MgO; CaO; Na2O; K2O; P2O5; Rb; Y; Zr; Nb; Ba; La; Ce; Pr; Nd; Sm; Eu; Gd; Tb; Dy; Ho; Er; Tm; Yb; Lu; Hf; Ta; Ga; A/CNK; A/NK; Fe*; K2O/Na2O; Zr/Hf; Eu/Eu*; (La/Yb)N,20260992,20260992,0
R2811,3,validation,GG0006,RCB0006,S,True,A2CFC6311C185EAA2F17BA13E733D522713F64F2850C50F6EEF6E4CE1F592221,,0.2,40,SiO2; TiO2; Al2O3; Fe2O3; FeO; MnO; MgO; CaO; Na2O; K2O; P2O5; Rb; Y; Zr; Nb; Ba; La; Ce; Pr; Nd; Sm; Eu; Gd; Tb; Dy; Ho; Er; Tm; Yb; Lu; Hf; Ta; Ga; A/CNK; A/NK; Fe*; K2O/Na2O; Zr/Hf; Eu/Eu*; (La/Yb)N,20260992,20260992,0
R2812,3,validation,GG0006,RCB0006,S,True,A2CFC6311C185EAA2F17BA13E733D522713F64F2850C50F6EEF6E4CE1F592221,,0.2,40,SiO2; TiO2; Al2O3; Fe2O3; FeO; MnO; MgO; CaO; Na2O; K2O; P2O5; Rb; Y; Zr; Nb; Ba; La; Ce; Pr; Nd; Sm; Eu; Gd; Tb; Dy; Ho; Er; Tm; Yb; Lu; Hf; Ta; Ga; A/CNK; A/NK; Fe*; K2O/Na2O; Zr/Hf; Eu/Eu*; (La/Yb)N,20260992,20260992,0
R2813,3,validation,GG0006,RCB0006,S,True,A2CFC6311C185EAA2F17BA13E733D522713F64F2850C50F6EEF6E4CE1F592221,,0.2,40,SiO2; TiO2; Al2O3; Fe2O3; FeO; MnO; MgO; CaO; Na2O; K2O; P2O5; Rb; Y; Zr; Nb; Ba; La; Ce; Pr; Nd; Sm; Eu; Gd; Tb; Dy; Ho; Er; Tm; Yb; Lu; Hf; Ta; Ga; A/CNK; A/NK; Fe*; K2O/Na2O; Zr/Hf; Eu/Eu*; (La/Yb)N,20260992,20260992,0
R0262,4,validation,GG0051,RCB0038,S,True,A2CFC6311C185EAA2F17BA13E733D522713F64F2850C50F6EEF6E4CE1F592221,,0.0,41,SiO2; TiO2; Al2O3; Fe2O3; FeO; MnO; MgO; CaO; Na2O; K2O; P2O5; Rb; Sr; Y; Zr; Nb; Ba; La; Ce; Pr; Nd; Sm; Eu; Gd; Tb; Dy; Ho; Er; Tm; Yb; Lu; Hf; Ta; A/CNK; A/NK; Fe*; K2O/Na2O; Rb/Sr; Zr/Hf; Eu/Eu*; (La/Yb)N,20260992,20260992,0
R0263,4,validation,GG0051,RCB0038,S,True,A2CFC6311C185EAA2F17BA13E733D522713F64F2850C50F6EEF6E4CE1F592221,,0.0,41,SiO2; TiO2; Al2O3; Fe2O3; FeO; MnO; MgO; CaO; Na2O; K2O; P2O5; Rb; Sr; Y; Zr; Nb; Ba; La; Ce; Pr; Nd; Sm; Eu; Gd; Tb; Dy; Ho; Er; Tm; Yb; Lu; Hf; Ta; A/CNK; A/NK; Fe*; K2O/Na2O; Rb/Sr; Zr/Hf; Eu/Eu*; (La/Yb)N,20260992,20260992,0
R0264,4,validation,GG0051,RCB0038,S,True,A2CFC6311C185EAA2F17BA13E733D522713F64F2850C50F6EEF6E4CE1F592221,,0.0,41,SiO2; TiO2; Al2O3; Fe2O3; FeO; MnO; MgO; CaO; Na2O; K2O; P2O5; Rb; Sr; Y; Zr; Nb; Ba; La; Ce; Pr; Nd; Sm; Eu; Gd; Tb; Dy; Ho; Er; Tm; Yb; Lu; Hf; Ta; A/CNK; A/NK; Fe*; K2O/Na2O; Rb/Sr; Zr/Hf; Eu/Eu*; (La/Yb)N,20260992,20260992,0
R0265,4,validation,GG0051,RCB0038,S,True,A2CFC6311C185EAA2F17BA13E733D522713F64F2850C50F6EEF6E4CE1F592221,,0.0,41,SiO2; TiO2; Al2O3; Fe2O3; FeO; MnO; MgO; CaO; Na2O; K2O; P2O5; Rb; Sr; Y; Zr; Nb; Ba; La; Ce; Pr; Nd; Sm; Eu; Gd; Tb; Dy; Ho; Er; Tm; Yb; Lu; Hf; Ta; A/CNK; A/NK; Fe*; K2O/Na2O; Rb/Sr; Zr/Hf; Eu/Eu*; (La/Yb)N,20260992,20260992,0
R0266,4,validation,GG0051,RCB0038,S,True,A2CFC6311C185EAA2F17BA13E733D522713F64F2850C50F6EEF6E4CE1F592221,,0.0,41,SiO2; TiO2; Al2O3; Fe2O3; FeO; MnO; MgO; CaO; Na2O; K2O; P2O5; Rb; Sr; Y; Zr; Nb; Ba; La; Ce; Pr; Nd; Sm; Eu; Gd; Tb; Dy; Ho; Er; Tm; Yb; Lu; Hf; Ta; A/CNK; A/NK; Fe*; K2O/Na2O; Rb/Sr; Zr/Hf; Eu/Eu*; (La/Yb)N,20260992,20260992,0
R0429,4,validation,GG0056,RCB0041,S,True,A2CFC6311C185EAA2F17BA13E733D522713F64F2850C50F6EEF6E4CE1F592221,,0.07317073170731707,41,SiO2; TiO2; Al2O3; Fe2O3; FeO; MnO; MgO; CaO; Na2O; K2O; P2O5; Rb; Sr; Y; Zr; Nb; Ba; La; Ce; Pr; Nd; Sm; Eu; Gd; Tb; Dy; Ho; Er; Tm; Yb; Lu; Hf; Ta; A/CNK; A/NK; Fe*; K2O/Na2O; Rb/Sr; Zr/Hf; Eu/Eu*; (La/Yb)N,20260992,20260992,0
R0430,4,validation,GG0056,RCB0041,S,True,A2CFC6311C185EAA2F17BA13E733D522713F64F2850C50F6EEF6E4CE1F592221,,0.07317073170731707,41,SiO2; TiO2; Al2O3; Fe2O3; FeO; MnO; MgO; CaO; Na2O; K2O; P2O5; Rb; Sr; Y; Zr; Nb; Ba; La; Ce; Pr; Nd; Sm; Eu; Gd; Tb; Dy; Ho; Er; Tm; Yb; Lu; Hf; Ta; A/CNK; A/NK; Fe*; K2O/Na2O; Rb/Sr; Zr/Hf; Eu/Eu*; (La/Yb)N,20260992,20260992,0
R0431,4,validation,GG0056,RCB0041,S,True,A2CFC6311C185EAA2F17BA13E733D522713F64F2850C50F6EEF6E4CE1F592221,,0.07317073170731707,41,SiO2; TiO2; Al2O3; Fe2O3; FeO; MnO; MgO; CaO; Na2O; K2O; P2O5; Rb; Sr; Y; Zr; Nb; Ba; La; Ce; Pr; Nd; Sm; Eu; Gd; Tb; Dy; Ho; Er; Tm; Yb; Lu; Hf; Ta; A/CNK; A/NK; Fe*; K2O/Na2O; Rb/Sr; Zr/Hf; Eu/Eu*; (La/Yb)N,20260992,20260992,0
R0432,4,validation,GG0056,RCB0041,S,True,A2CFC6311C185EAA2F17BA13E733D522713F64F2850C50F6EEF6E4CE1F592221,,0.07317073170731707,41,SiO2; TiO2; Al2O3; Fe2O3; FeO; MnO; MgO; CaO; Na2O; K2O; P2O5; Rb; Sr; Y; Zr; Nb; Ba; La; Ce; Pr; Nd; Sm; Eu; Gd; Tb; Dy; Ho; Er; Tm; Yb; Lu; Hf; Ta; A/CNK; A/NK; Fe*; K2O/Na2O; Rb/Sr; Zr/Hf; Eu/Eu*; (La/Yb)N,20260992,20260992,0
R0433,4,validation,GG0056,RCB0041,S,True,A2CFC6311C185EAA2F17BA13E733D522713F64F2850C50F6EEF6E4CE1F592221,,0.07317073170731707,41,SiO2; TiO2; Al2O3; Fe2O3; FeO; MnO; MgO; CaO; Na2O; K2O; P2O5; Rb; Sr; Y; Zr; Nb; Ba; La; Ce; Pr; Nd; Sm; Eu; Gd; Tb; Dy; Ho; Er; Tm; Yb; Lu; Hf; Ta; A/CNK; A/NK; Fe*; K2O/Na2O; Rb/Sr; Zr/Hf; Eu/Eu*; (La/Yb)N,20260992,20260992,0
R0434,4,validation,GG0056,RCB0041,S,True,A2CFC6311C185EAA2F17BA13E733D522713F64F2850C50F6EEF6E4CE1F592221,,0.07317073170731707,41,SiO2; TiO2; Al2O3; Fe2O3; FeO; MnO; MgO; CaO; Na2O; K2O; P2O5; Rb; Sr; Y; Zr; Nb; Ba; La; Ce; Pr; Nd; Sm; Eu; Gd; Tb; Dy; Ho; Er; Tm; Yb; Lu; Hf; Ta; A/CNK; A/NK; Fe*; K2O/Na2O; Rb/Sr; Zr/Hf; Eu/Eu*; (La/Yb)N,20260992,20260992,0
R0435,4,validation,GG0056,RCB0041,S,True,A2CFC6311C185EAA2F17BA13E733D522713F64F2850C50F6EEF6E4CE1F592221,,0.07317073170731707,41,SiO2; TiO2; Al2O3; Fe2O3; FeO; MnO; MgO; CaO; Na2O; K2O; P2O5; Rb; Sr; Y; Zr; Nb; Ba; La; Ce; Pr; Nd; Sm; Eu; Gd; Tb; Dy; Ho; Er; Tm; Yb; Lu; Hf; Ta; A/CNK; A/NK; Fe*; K2O/Na2O; Rb/Sr; Zr/Hf; Eu/Eu*; (La/Yb)N,20260992,20260992,0
R0436,4,validation,GG0056,RCB0041,S,True,A2CFC6311C185EAA2F17BA13E733D522713F64F2850C50F6EEF6E4CE1F592221,,0.07317073170731707,41,SiO2; TiO2; Al2O3; Fe2O3; FeO; MnO; MgO; CaO; Na2O; K2O; P2O5; Rb; Sr; Y; Zr; Nb; Ba; La; Ce; Pr; Nd; Sm; Eu; Gd; Tb; Dy; Ho; Er; Tm; Yb; Lu; Hf; Ta; A/CNK; A/NK; Fe*; K2O/Na2O; Rb/Sr; Zr/Hf; Eu/Eu*; (La/Yb)N,20260992,20260992,0
R0536,4,validation,GG0028,RCB0023,S,True,A2CFC6311C185EAA2F17BA13E733D522713F64F2850C50F6EEF6E4CE1F592221,,0.04878048780487805,41,SiO2; TiO2; Al2O3; Fe2O3; FeO; MnO; MgO; CaO; Na2O; K2O; P2O5; Rb; Sr; Y; Zr; Nb; Ba; La; Ce; Pr; Nd; Sm; Eu; Gd; Tb; Dy; Ho; Er; Tm; Yb; Lu; Hf; Ta; A/CNK; A/NK; Fe*; K2O/Na2O; Rb/Sr; Zr/Hf; Eu/Eu*; (La/Yb)N,20260992,20260992,0
R0537,4,validation,GG0028,RCB0023,S,True,A2CFC6311C185EAA2F17BA13E733D522713F64F2850C50F6EEF6E4CE1F592221,,0.04878048780487805,41,SiO2; TiO2; Al2O3; Fe2O3; FeO; MnO; MgO; CaO; Na2O; K2O; P2O5; Rb; Sr; Y; Zr; Nb; Ba; La; Ce; Pr; Nd; Sm; Eu; Gd; Tb; Dy; Ho; Er; Tm; Yb; Lu; Hf; Ta; A/CNK; A/NK; Fe*; K2O/Na2O; Rb/Sr; Zr/Hf; Eu/Eu*; (La/Yb)N,20260992,20260992,0
R0538,4,validation,GG0028,RCB0023,S,True,A2CFC6311C185EAA2F17BA13E733D522713F64F2850C50F6EEF6E4CE1F592221,,0.04878048780487805,41,SiO2; TiO2; Al2O3; Fe2O3; FeO; MnO; MgO; CaO; Na2O; K2O; P2O5; Rb; Sr; Y; Zr; Nb; Ba; La; Ce; Pr; Nd; Sm; Eu; Gd; Tb; Dy; Ho; Er; Tm; Yb; Lu; Hf; Ta; A/CNK; A/NK; Fe*; K2O/Na2O; Rb/Sr; Zr/Hf; Eu/Eu*; (La/Yb)N,20260992,20260992,0
R0539,4,validation,GG0028,RCB0023,S,True,A2CFC6311C185EAA2F17BA13E733D522713F64F2850C50F6EEF6E4CE1F592221,,0.04878048780487805,41,SiO2; TiO2; Al2O3; Fe2O3; FeO; MnO; MgO; CaO; Na2O; K2O; P2O5; Rb; Sr; Y; Zr; Nb; Ba; La; Ce; Pr; Nd; Sm; Eu; Gd; Tb; Dy; Ho; Er; Tm; Yb; Lu; Hf; Ta; A/CNK; A/NK; Fe*; K2O/Na2O; Rb/Sr; Zr/Hf; Eu/Eu*; (La/Yb)N,20260992,20260992,0
R0540,4,validation,GG0028,RCB0023,S,True,A2CFC6311C185EAA2F17BA13E733D522713F64F2850C50F6EEF6E4CE1F592221,,0.04878048780487805,41,SiO2; TiO2; Al2O3; Fe2O3; FeO; MnO; MgO; CaO; Na2O; K2O; P2O5; Rb; Sr; Y; Zr; Nb; Ba; La; Ce; Pr; Nd; Sm; Eu; Gd; Tb; Dy; Ho; Er; Tm; Yb; Lu; Hf; Ta; A/CNK; A/NK; Fe*; K2O/Na2O; Rb/Sr; Zr/Hf; Eu/Eu*; (La/Yb)N,20260992,20260992,0
R0702,4,validation,GG0012,RCB0012,S,False,A2CFC6311C185EAA2F17BA13E733D522713F64F2850C50F6EEF6E4CE1F592221,row_missingness_at_or_above_threshold,0.6341463414634146,41,SiO2; TiO2; Al2O3; Fe2O3; FeO; MnO; MgO; CaO; Na2O; K2O; P2O5; Rb; Sr; Y; Zr; Nb; Ba; La; Ce; Pr; Nd; Sm; Eu; Gd; Tb; Dy; Ho; Er; Tm; Yb; Lu; Hf; Ta; A/CNK; A/NK; Fe*; K2O/Na2O; Rb/Sr; Zr/Hf; Eu/Eu*; (La/Yb)N,20260992,20260992,0
R0703,4,validation,GG0012,RCB0012,S,True,A2CFC6311C185EAA2F17BA13E733D522713F64F2850C50F6EEF6E4CE1F592221,,0.21951219512195122,41,SiO2; TiO2; Al2O3; Fe2O3; FeO; MnO; MgO; CaO; Na2O; K2O; P2O5; Rb; Sr; Y; Zr; Nb; Ba; La; Ce; Pr; Nd; Sm; Eu; Gd; Tb; Dy; Ho; Er; Tm; Yb; Lu; Hf; Ta; A/CNK; A/NK; Fe*; K2O/Na2O; Rb/Sr; Zr/Hf; Eu/Eu*; (La/Yb)N,20260992,20260992,0
R0704,4,validation,GG0012,RCB0012,S,True,A2CFC6311C185EAA2F17BA13E733D522713F64F2850C50F6EEF6E4CE1F592221,,0.21951219512195122,41,SiO2; TiO2; Al2O3; Fe2O3; FeO; MnO; MgO; CaO; Na2O; K2O; P2O5; Rb; Sr; Y; Zr; Nb; Ba; La; Ce; Pr; Nd; Sm; Eu; Gd; Tb; Dy; Ho; Er; Tm; Yb; Lu; Hf; Ta; A/CNK; A/NK; Fe*; K2O/Na2O; Rb/Sr; Zr/Hf; Eu/Eu*; (La/Yb)N,20260992,20260992,0
R0705,4,validation,GG0012,RCB0012,S,False,A2CFC6311C185EAA2F17BA13E733D522713F64F2850C50F6EEF6E4CE1F592221,row_missingness_at_or_above_threshold,0.6341463414634146,41,SiO2; TiO2; Al2O3; Fe2O3; FeO; MnO; MgO; CaO; Na2O; K2O; P2O5; Rb; Sr; Y; Zr; Nb; Ba; La; Ce; Pr; Nd; Sm; Eu; Gd; Tb; Dy; Ho; Er; Tm; Yb; Lu; Hf; Ta; A/CNK; A/NK; Fe*; K2O/Na2O; Rb/Sr; Zr/Hf; Eu/Eu*; (La/Yb)N,20260992,20260992,0
R0706,4,validation,GG0012,RCB0012,S,True,A2CFC6311C185EAA2F17BA13E733D522713F64F2850C50F6EEF6E4CE1F592221,,0.21951219512195122,41,SiO2; TiO2; Al2O3; Fe2O3; FeO; MnO; MgO; CaO; Na2O; K2O; P2O5; Rb; Sr; Y; Zr; Nb; Ba; La; Ce; Pr; Nd; Sm; Eu; Gd; Tb; Dy; Ho; Er; Tm; Yb; Lu; Hf; Ta; A/CNK; A/NK; Fe*; K2O/Na2O; Rb/Sr; Zr/Hf; Eu/Eu*; (La/Yb)N,20260992,20260992,0
R0707,4,validation,GG0012,RCB0012,S,True,A2CFC6311C185EAA2F17BA13E733D522713F64F2850C50F6EEF6E4CE1F592221,,0.21951219512195122,41,SiO2; TiO2; Al2O3; Fe2O3; FeO; MnO; MgO; CaO; Na2O; K2O; P2O5; Rb; Sr; Y; Zr; Nb; Ba; La; Ce; Pr; Nd; Sm; Eu; Gd; Tb; Dy; Ho; Er; Tm; Yb; Lu; Hf; Ta; A/CNK; A/NK; Fe*; K2O/Na2O; Rb/Sr; Zr/Hf; Eu/Eu*; (La/Yb)N,20260992,20260992,0
R0708,4,validation,GG0012,RCB0012,S,True,A2CFC6311C185EAA2F17BA13E733D522713F64F2850C50F6EEF6E4CE1F592221,,0.024390243902439025,41,SiO2; TiO2; Al2O3; Fe2O3; FeO; MnO; MgO; CaO; Na2O; K2O; P2O5; Rb; Sr; Y; Zr; Nb; Ba; La; Ce; Pr; Nd; Sm; Eu; Gd; Tb; Dy; Ho; Er; Tm; Yb; Lu; Hf; Ta; A/CNK; A/NK; Fe*; K2O/Na2O; Rb/Sr; Zr/Hf; Eu/Eu*; (La/Yb)N,20260992,20260992,0
R0709,4,validation,GG0012,RCB0012,S,True,A2CFC6311C185EAA2F17BA13E733D522713F64F2850C50F6EEF6E4CE1F592221,,0.21951219512195122,41,SiO2; TiO2; Al2O3; Fe2O3; FeO; MnO; MgO; CaO; Na2O; K2O; P2O5; Rb; Sr; Y; Zr; Nb; Ba; La; Ce; Pr; Nd; Sm; Eu; Gd; Tb; Dy; Ho; Er; Tm; Yb; Lu; Hf; Ta; A/CNK; A/NK; Fe*; K2O/Na2O; Rb/Sr; Zr/Hf; Eu/Eu*; (La/Yb)N,20260992,20260992,0
R0710,4,validation,GG0012,RCB0012,S,False,A2CFC6311C185EAA2F17BA13E733D522713F64F2850C50F6EEF6E4CE1F592221,row_missingness_at_or_above_threshold,0.6341463414634146,41,SiO2; TiO2; Al2O3; Fe2O3; FeO; MnO; MgO; CaO; Na2O; K2O; P2O5; Rb; Sr; Y; Zr; Nb; Ba; La; Ce; Pr; Nd; Sm; Eu; Gd; Tb; Dy; Ho; Er; Tm; Yb; Lu; Hf; Ta; A/CNK; A/NK; Fe*; K2O/Na2O; Rb/Sr; Zr/Hf; Eu/Eu*; (La/Yb)N,20260992,20260992,0
R0711,4,validation,GG0012,RCB0012,S,True,A2CFC6311C185EAA2F17BA13E733D522713F64F2850C50F6EEF6E4CE1F592221,,0.024390243902439025,41,SiO2; TiO2; Al2O3; Fe2O3; FeO; MnO; MgO; CaO; Na2O; K2O; P2O5; Rb; Sr; Y; Zr; Nb; Ba; La; Ce; Pr; Nd; Sm; Eu; Gd; Tb; Dy; Ho; Er; Tm; Yb; Lu; Hf; Ta; A/CNK; A/NK; Fe*; K2O/Na2O; Rb/Sr; Zr/Hf; Eu/Eu*; (La/Yb)N,20260992,20260992,0
R0712,4,validation,GG0012,RCB0012,S,True,A2CFC6311C185EAA2F17BA13E733D522713F64F2850C50F6EEF6E4CE1F592221,,0.024390243902439025,41,SiO2; TiO2; Al2O3; Fe2O3; FeO; MnO; MgO; CaO; Na2O; K2O; P2O5; Rb; Sr; Y; Zr; Nb; Ba; La; Ce; Pr; Nd; Sm; Eu; Gd; Tb; Dy; Ho; Er; Tm; Yb; Lu; Hf; Ta; A/CNK; A/NK; Fe*; K2O/Na2O; Rb/Sr; Zr/Hf; Eu/Eu*; (La/Yb)N,20260992,20260992,0
R0713,4,validation,GG0012,RCB0012,S,True,A2CFC6311C185EAA2F17BA13E733D522713F64F2850C50F6EEF6E4CE1F592221,,0.024390243902439025,41,SiO2; TiO2; Al2O3; Fe2O3; FeO; MnO; MgO; CaO; Na2O; K2O; P2O5; Rb; Sr; Y; Zr; Nb; Ba; La; Ce; Pr; Nd; Sm; Eu; Gd; Tb; Dy; Ho; Er; Tm; Yb; Lu; Hf; Ta; A/CNK; A/NK; Fe*; K2O/Na2O; Rb/Sr; Zr/Hf; Eu/Eu*; (La/Yb)N,20260992,20260992,0
R0714,4,validation,GG0012,RCB0012,S,True,A2CFC6311C185EAA2F17BA13E733D522713F64F2850C50F6EEF6E4CE1F592221,,0.21951219512195122,41,SiO2; TiO2; Al2O3; Fe2O3; FeO; MnO; MgO; CaO; Na2O; K2O; P2O5; Rb; Sr; Y; Zr; Nb; Ba; La; Ce; Pr; Nd; Sm; Eu; Gd; Tb; Dy; Ho; Er; Tm; Yb; Lu; Hf; Ta; A/CNK; A/NK; Fe*; K2O/Na2O; Rb/Sr; Zr/Hf; Eu/Eu*; (La/Yb)N,20260992,20260992,0
R0715,4,validation,GG0012,RCB0012,S,True,A2CFC6311C185EAA2F17BA13E733D522713F64F2850C50F6EEF6E4CE1F592221,,0.24390243902439024,41,SiO2; TiO2; Al2O3; Fe2O3; FeO; MnO; MgO; CaO; Na2O; K2O; P2O5; Rb; Sr; Y; Zr; Nb; Ba; La; Ce; Pr; Nd; Sm; Eu; Gd; Tb; Dy; Ho; Er; Tm; Yb; Lu; Hf; Ta; A/CNK; A/NK; Fe*; K2O/Na2O; Rb/Sr; Zr/Hf; Eu/Eu*; (La/Yb)N,20260992,20260992,0
R0758,4,validation,GG0012,RCB0012,S,True,A2CFC6311C185EAA2F17BA13E733D522713F64F2850C50F6EEF6E4CE1F592221,,0.0,41,SiO2; TiO2; Al2O3; Fe2O3; FeO; MnO; MgO; CaO; Na2O; K2O; P2O5; Rb; Sr; Y; Zr; Nb; Ba; La; Ce; Pr; Nd; Sm; Eu; Gd; Tb; Dy; Ho; Er; Tm; Yb; Lu; Hf; Ta; A/CNK; A/NK; Fe*; K2O/Na2O; Rb/Sr; Zr/Hf; Eu/Eu*; (La/Yb)N,20260992,20260992,0
R0759,4,validation,GG0012,RCB0012,S,True,A2CFC6311C185EAA2F17BA13E733D522713F64F2850C50F6EEF6E4CE1F592221,,0.0,41,SiO2; TiO2; Al2O3; Fe2O3; FeO; MnO; MgO; CaO; Na2O; K2O; P2O5; Rb; Sr; Y; Zr; Nb; Ba; La; Ce; Pr; Nd; Sm; Eu; Gd; Tb; Dy; Ho; Er; Tm; Yb; Lu; Hf; Ta; A/CNK; A/NK; Fe*; K2O/Na2O; Rb/Sr; Zr/Hf; Eu/Eu*; (La/Yb)N,20260992,20260992,0
R0760,4,validation,GG0012,RCB0012,S,True,A2CFC6311C185EAA2F17BA13E733D522713F64F2850C50F6EEF6E4CE1F592221,,0.0,41,SiO2; TiO2; Al2O3; Fe2O3; FeO; MnO; MgO; CaO; Na2O; K2O; P2O5; Rb; Sr; Y; Zr; Nb; Ba; La; Ce; Pr; Nd; Sm; Eu; Gd; Tb; Dy; Ho; Er; Tm; Yb; Lu; Hf; Ta; A/CNK; A/NK; Fe*; K2O/Na2O; Rb/Sr; Zr/Hf; Eu/Eu*; (La/Yb)N,20260992,20260992,0
R0761,4,validation,GG0012,RCB0012,S,True,A2CFC6311C185EAA2F17BA13E733D522713F64F2850C50F6EEF6E4CE1F592221,,0.0,41,SiO2; TiO2; Al2O3; Fe2O3; FeO; MnO; MgO; CaO; Na2O; K2O; P2O5; Rb; Sr; Y; Zr; Nb; Ba; La; Ce; Pr; Nd; Sm; Eu; Gd; Tb; Dy; Ho; Er; Tm; Yb; Lu; Hf; Ta; A/CNK; A/NK; Fe*; K2O/Na2O; Rb/Sr; Zr/Hf; Eu/Eu*; (La/Yb)N,20260992,20260992,0
R0762,4,validation,GG0012,RCB0012,S,True,A2CFC6311C185EAA2F17BA13E733D522713F64F2850C50F6EEF6E4CE1F592221,,0.0,41,SiO2; TiO2; Al2O3; Fe2O3; FeO; MnO; MgO; CaO; Na2O; K2O; P2O5; Rb; Sr; Y; Zr; Nb; Ba; La; Ce; Pr; Nd; Sm; Eu; Gd; Tb; Dy; Ho; Er; Tm; Yb; Lu; Hf; Ta; A/CNK; A/NK; Fe*; K2O/Na2O; Rb/Sr; Zr/Hf; Eu/Eu*; (La/Yb)N,20260992,20260992,0
R0763,4,validation,GG0012,RCB0012,S,True,A2CFC6311C185EAA2F17BA13E733D522713F64F2850C50F6EEF6E4CE1F592221,,0.0,41,SiO2; TiO2; Al2O3; Fe2O3; FeO; MnO; MgO; CaO; Na2O; K2O; P2O5; Rb; Sr; Y; Zr; Nb; Ba; La; Ce; Pr; Nd; Sm; Eu; Gd; Tb; Dy; Ho; Er; Tm; Yb; Lu; Hf; Ta; A/CNK; A/NK; Fe*; K2O/Na2O; Rb/Sr; Zr/Hf; Eu/Eu*; (La/Yb)N,20260992,20260992,0
R0764,4,validation,GG0012,RCB0012,S,True,A2CFC6311C185EAA2F17BA13E733D522713F64F2850C50F6EEF6E4CE1F592221,,0.0,41,SiO2; TiO2; Al2O3; Fe2O3; FeO; MnO; MgO; CaO; Na2O; K2O; P2O5; Rb; Sr; Y; Zr; Nb; Ba; La; Ce; Pr; Nd; Sm; Eu; Gd; Tb; Dy; Ho; Er; Tm; Yb; Lu; Hf; Ta; A/CNK; A/NK; Fe*; K2O/Na2O; Rb/Sr; Zr/Hf; Eu/Eu*; (La/Yb)N,20260992,20260992,0
R0765,4,validation,GG0012,RCB0012,S,True,A2CFC6311C185EAA2F17BA13E733D522713F64F2850C50F6EEF6E4CE1F592221,,0.04878048780487805,41,SiO2; TiO2; Al2O3; Fe2O3; FeO; MnO; MgO; CaO; Na2O; K2O; P2O5; Rb; Sr; Y; Zr; Nb; Ba; La; Ce; Pr; Nd; Sm; Eu; Gd; Tb; Dy; Ho; Er; Tm; Yb; Lu; Hf; Ta; A/CNK; A/NK; Fe*; K2O/Na2O; Rb/Sr; Zr/Hf; Eu/Eu*; (La/Yb)N,20260992,20260992,0
R0766,4,validation,GG0012,RCB0012,S,True,A2CFC6311C185EAA2F17BA13E733D522713F64F2850C50F6EEF6E4CE1F592221,,0.04878048780487805,41,SiO2; TiO2; Al2O3; Fe2O3; FeO; MnO; MgO; CaO; Na2O; K2O; P2O5; Rb; Sr; Y; Zr; Nb; Ba; La; Ce; Pr; Nd; Sm; Eu; Gd; Tb; Dy; Ho; Er; Tm; Yb; Lu; Hf; Ta; A/CNK; A/NK; Fe*; K2O/Na2O; Rb/Sr; Zr/Hf; Eu/Eu*; (La/Yb)N,20260992,20260992,0
R0767,4,validation,GG0012,RCB0012,S,True,A2CFC6311C185EAA2F17BA13E733D522713F64F2850C50F6EEF6E4CE1F592221,,0.04878048780487805,41,SiO2; TiO2; Al2O3; Fe2O3; FeO; MnO; MgO; CaO; Na2O; K2O; P2O5; Rb; Sr; Y; Zr; Nb; Ba; La; Ce; Pr; Nd; Sm; Eu; Gd; Tb; Dy; Ho; Er; Tm; Yb; Lu; Hf; Ta; A/CNK; A/NK; Fe*; K2O/Na2O; Rb/Sr; Zr/Hf; Eu/Eu*; (La/Yb)N,20260992,20260992,0
R0768,4,validation,GG0012,RCB0012,S,True,A2CFC6311C185EAA2F17BA13E733D522713F64F2850C50F6EEF6E4CE1F592221,,0.04878048780487805,41,SiO2; TiO2; Al2O3; Fe2O3; FeO; MnO; MgO; CaO; Na2O; K2O; P2O5; Rb; Sr; Y; Zr; Nb; Ba; La; Ce; Pr; Nd; Sm; Eu; Gd; Tb; Dy; Ho; Er; Tm; Yb; Lu; Hf; Ta; A/CNK; A/NK; Fe*; K2O/Na2O; Rb/Sr; Zr/Hf; Eu/Eu*; (La/Yb)N,20260992,20260992,0
R0769,4,validation,GG0012,RCB0012,S,True,A2CFC6311C185EAA2F17BA13E733D522713F64F2850C50F6EEF6E4CE1F592221,,0.04878048780487805,41,SiO2; TiO2; Al2O3; Fe2O3; FeO; MnO; MgO; CaO; Na2O; K2O; P2O5; Rb; Sr; Y; Zr; Nb; Ba; La; Ce; Pr; Nd; Sm; Eu; Gd; Tb; Dy; Ho; Er; Tm; Yb; Lu; Hf; Ta; A/CNK; A/NK; Fe*; K2O/Na2O; Rb/Sr; Zr/Hf; Eu/Eu*; (La/Yb)N,20260992,20260992,0
R0770,4,validation,GG0012,RCB0012,S,True,A2CFC6311C185EAA2F17BA13E733D522713F64F2850C50F6EEF6E4CE1F592221,,0.04878048780487805,41,SiO2; TiO2; Al2O3; Fe2O3; FeO; MnO; MgO; CaO; Na2O; K2O; P2O5; Rb; Sr; Y; Zr; Nb; Ba; La; Ce; Pr; Nd; Sm; Eu; Gd; Tb; Dy; Ho; Er; Tm; Yb; Lu; Hf; Ta; A/CNK; A/NK; Fe*; K2O/Na2O; Rb/Sr; Zr/Hf; Eu/Eu*; (La/Yb)N,20260992,20260992,0
R0771,4,validation,GG0012,RCB0012,S,True,A2CFC6311C185EAA2F17BA13E733D522713F64F2850C50F6EEF6E4CE1F592221,,0.04878048780487805,41,SiO2; TiO2; Al2O3; Fe2O3; FeO; MnO; MgO; CaO; Na2O; K2O; P2O5; Rb; Sr; Y; Zr; Nb; Ba; La; Ce; Pr; Nd; Sm; Eu; Gd; Tb; Dy; Ho; Er; Tm; Yb; Lu; Hf; Ta; A/CNK; A/NK; Fe*; K2O/Na2O; Rb/Sr; Zr/Hf; Eu/Eu*; (La/Yb)N,20260992,20260992,0
R0772,4,validation,GG0012,RCB0012,S,True,A2CFC6311C185EAA2F17BA13E733D522713F64F2850C50F6EEF6E4CE1F592221,,0.04878048780487805,41,SiO2; TiO2; Al2O3; Fe2O3; FeO; MnO; MgO; CaO; Na2O; K2O; P2O5; Rb; Sr; Y; Zr; Nb; Ba; La; Ce; Pr; Nd; Sm; Eu; Gd; Tb; Dy; Ho; Er; Tm; Yb; Lu; Hf; Ta; A/CNK; A/NK; Fe*; K2O/Na2O; Rb/Sr; Zr/Hf; Eu/Eu*; (La/Yb)N,20260992,20260992,0
R0773,4,validation,GG0012,RCB0012,S,True,A2CFC6311C185EAA2F17BA13E733D522713F64F2850C50F6EEF6E4CE1F592221,,0.04878048780487805,41,SiO2; TiO2; Al2O3; Fe2O3; FeO; MnO; MgO; CaO; Na2O; K2O; P2O5; Rb; Sr; Y; Zr; Nb; Ba; La; Ce; Pr; Nd; Sm; Eu; Gd; Tb; Dy; Ho; Er; Tm; Yb; Lu; Hf; Ta; A/CNK; A/NK; Fe*; K2O/Na2O; Rb/Sr; Zr/Hf; Eu/Eu*; (La/Yb)N,20260992,20260992,0
R0774,4,validation,GG0012,RCB0012,S,True,A2CFC6311C185EAA2F17BA13E733D522713F64F2850C50F6EEF6E4CE1F592221,,0.04878048780487805,41,SiO2; TiO2; Al2O3; Fe2O3; FeO; MnO; MgO; CaO; Na2O; K2O; P2O5; Rb; Sr; Y; Zr; Nb; Ba; La; Ce; Pr; Nd; Sm; Eu; Gd; Tb; Dy; Ho; Er; Tm; Yb; Lu; Hf; Ta; A/CNK; A/NK; Fe*; K2O/Na2O; Rb/Sr; Zr/Hf; Eu/Eu*; (La/Yb)N,20260992,20260992,0
R0786,4,validation,GG0061,RCB0044,S,False,A2CFC6311C185EAA2F17BA13E733D522713F64F2850C50F6EEF6E4CE1F592221,row_missingness_at_or_above_threshold,0.5609756097560976,41,SiO2; TiO2; Al2O3; Fe2O3; FeO; MnO; MgO; CaO; Na2O; K2O; P2O5; Rb; Sr; Y; Zr; Nb; Ba; La; Ce; Pr; Nd; Sm; Eu; Gd; Tb; Dy; Ho; Er; Tm; Yb; Lu; Hf; Ta; A/CNK; A/NK; Fe*; K2O/Na2O; Rb/Sr; Zr/Hf; Eu/Eu*; (La/Yb)N,20260992,20260992,0
R0787,4,validation,GG0061,RCB0044,S,False,A2CFC6311C185EAA2F17BA13E733D522713F64F2850C50F6EEF6E4CE1F592221,row_missingness_at_or_above_threshold,0.5609756097560976,41,SiO2; TiO2; Al2O3; Fe2O3; FeO; MnO; MgO; CaO; Na2O; K2O; P2O5; Rb; Sr; Y; Zr; Nb; Ba; La; Ce; Pr; Nd; Sm; Eu; Gd; Tb; Dy; Ho; Er; Tm; Yb; Lu; Hf; Ta; A/CNK; A/NK; Fe*; K2O/Na2O; Rb/Sr; Zr/Hf; Eu/Eu*; (La/Yb)N,20260992,20260992,0
R0788,4,validation,GG0061,RCB0044,S,False,A2CFC6311C185EAA2F17BA13E733D522713F64F2850C50F6EEF6E4CE1F592221,row_missingness_at_or_above_threshold,0.5609756097560976,41,SiO2; TiO2; Al2O3; Fe2O3; FeO; MnO; MgO; CaO; Na2O; K2O; P2O5; Rb; Sr; Y; Zr; Nb; Ba; La; Ce; Pr; Nd; Sm; Eu; Gd; Tb; Dy; Ho; Er; Tm; Yb; Lu; Hf; Ta; A/CNK; A/NK; Fe*; K2O/Na2O; Rb/Sr; Zr/Hf; Eu/Eu*; (La/Yb)N,20260992,20260992,0
R0789,4,validation,GG0061,RCB0044,S,False,A2CFC6311C185EAA2F17BA13E733D522713F64F2850C50F6EEF6E4CE1F592221,row_missingness_at_or_above_threshold,0.5609756097560976,41,SiO2; TiO2; Al2O3; Fe2O3; FeO; MnO; MgO; CaO; Na2O; K2O; P2O5; Rb; Sr; Y; Zr; Nb; Ba; La; Ce; Pr; Nd; Sm; Eu; Gd; Tb; Dy; Ho; Er; Tm; Yb; Lu; Hf; Ta; A/CNK; A/NK; Fe*; K2O/Na2O; Rb/Sr; Zr/Hf; Eu/Eu*; (La/Yb)N,20260992,20260992,0
R0790,4,validation,GG0061,RCB0044,S,False,A2CFC6311C185EAA2F17BA13E733D522713F64F2850C50F6EEF6E4CE1F592221,row_missingness_at_or_above_threshold,0.5609756097560976,41,SiO2; TiO2; Al2O3; Fe2O3; FeO; MnO; MgO; CaO; Na2O; K2O; P2O5; Rb; Sr; Y; Zr; Nb; Ba; La; Ce; Pr; Nd; Sm; Eu; Gd; Tb; Dy; Ho; Er; Tm; Yb; Lu; Hf; Ta; A/CNK; A/NK; Fe*; K2O/Na2O; Rb/Sr; Zr/Hf; Eu/Eu*; (La/Yb)N,20260992,20260992,0
R0791,4,validation,GG0061,RCB0044,S,False,A2CFC6311C185EAA2F17BA13E733D522713F64F2850C50F6EEF6E4CE1F592221,row_missingness_at_or_above_threshold,0.6341463414634146,41,SiO2; TiO2; Al2O3; Fe2O3; FeO; MnO; MgO; CaO; Na2O; K2O; P2O5; Rb; Sr; Y; Zr; Nb; Ba; La; Ce; Pr; Nd; Sm; Eu; Gd; Tb; Dy; Ho; Er; Tm; Yb; Lu; Hf; Ta; A/CNK; A/NK; Fe*; K2O/Na2O; Rb/Sr; Zr/Hf; Eu/Eu*; (La/Yb)N,20260992,20260992,0
R0792,4,validation,GG0061,RCB0044,S,False,A2CFC6311C185EAA2F17BA13E733D522713F64F2850C50F6EEF6E4CE1F592221,row_missingness_at_or_above_threshold,0.6341463414634146,41,SiO2; TiO2; Al2O3; Fe2O3; FeO; MnO; MgO; CaO; Na2O; K2O; P2O5; Rb; Sr; Y; Zr; Nb; Ba; La; Ce; Pr; Nd; Sm; Eu; Gd; Tb; Dy; Ho; Er; Tm; Yb; Lu; Hf; Ta; A/CNK; A/NK; Fe*; K2O/Na2O; Rb/Sr; Zr/Hf; Eu/Eu*; (La/Yb)N,20260992,20260992,0
R0793,4,validation,GG0061,RCB0044,S,False,A2CFC6311C185EAA2F17BA13E733D522713F64F2850C50F6EEF6E4CE1F592221,row_missingness_at_or_above_threshold,0.6341463414634146,41,SiO2; TiO2; Al2O3; Fe2O3; FeO; MnO; MgO; CaO; Na2O; K2O; P2O5; Rb; Sr; Y; Zr; Nb; Ba; La; Ce; Pr; Nd; Sm; Eu; Gd; Tb; Dy; Ho; Er; Tm; Yb; Lu; Hf; Ta; A/CNK; A/NK; Fe*; K2O/Na2O; Rb/Sr; Zr/Hf; Eu/Eu*; (La/Yb)N,20260992,20260992,0
R0794,4,validation,GG0061,RCB0044,S,False,A2CFC6311C185EAA2F17BA13E733D522713F64F2850C50F6EEF6E4CE1F592221,row_missingness_at_or_above_threshold,0.6341463414634146,41,SiO2; TiO2; Al2O3; Fe2O3; FeO; MnO; MgO; CaO; Na2O; K2O; P2O5; Rb; Sr; Y; Zr; Nb; Ba; La; Ce; Pr; Nd; Sm; Eu; Gd; Tb; Dy; Ho; Er; Tm; Yb; Lu; Hf; Ta; A/CNK; A/NK; Fe*; K2O/Na2O; Rb/Sr; Zr/Hf; Eu/Eu*; (La/Yb)N,20260992,20260992,0
R0795,4,validation,GG0061,RCB0044,S,False,A2CFC6311C185EAA2F17BA13E733D522713F64F2850C50F6EEF6E4CE1F592221,row_missingness_at_or_above_threshold,0.6341463414634146,41,SiO2; TiO2; Al2O3; Fe2O3; FeO; MnO; MgO; CaO; Na2O; K2O; P2O5; Rb; Sr; Y; Zr; Nb; Ba; La; Ce; Pr; Nd; Sm; Eu; Gd; Tb; Dy; Ho; Er; Tm; Yb; Lu; Hf; Ta; A/CNK; A/NK; Fe*; K2O/Na2O; Rb/Sr; Zr/Hf; Eu/Eu*; (La/Yb)N,20260992,20260992,0
R0894,4,validation,GG0016,RCB0015,A,True,A2CFC6311C185EAA2F17BA13E733D522713F64F2850C50F6EEF6E4CE1F592221,,0.0,41,SiO2; TiO2; Al2O3; Fe2O3; FeO; MnO; MgO; CaO; Na2O; K2O; P2O5; Rb; Sr; Y; Zr; Nb; Ba; La; Ce; Pr; Nd; Sm; Eu; Gd; Tb; Dy; Ho; Er; Tm; Yb; Lu; Hf; Ta; A/CNK; A/NK; Fe*; K2O/Na2O; Rb/Sr; Zr/Hf; Eu/Eu*; (La/Yb)N,20260992,20260992,0
R0895,4,validation,GG0016,RCB0015,A,True,A2CFC6311C185EAA2F17BA13E733D522713F64F2850C50F6EEF6E4CE1F592221,,0.0,41,SiO2; TiO2; Al2O3; Fe2O3; FeO; MnO; MgO; CaO; Na2O; K2O; P2O5; Rb; Sr; Y; Zr; Nb; Ba; La; Ce; Pr; Nd; Sm; Eu; Gd; Tb; Dy; Ho; Er; Tm; Yb; Lu; Hf; Ta; A/CNK; A/NK; Fe*; K2O/Na2O; Rb/Sr; Zr/Hf; Eu/Eu*; (La/Yb)N,20260992,20260992,0
R0896,4,validation,GG0016,RCB0015,A,True,A2CFC6311C185EAA2F17BA13E733D522713F64F2850C50F6EEF6E4CE1F592221,,0.0,41,SiO2; TiO2; Al2O3; Fe2O3; FeO; MnO; MgO; CaO; Na2O; K2O; P2O5; Rb; Sr; Y; Zr; Nb; Ba; La; Ce; Pr; Nd; Sm; Eu; Gd; Tb; Dy; Ho; Er; Tm; Yb; Lu; Hf; Ta; A/CNK; A/NK; Fe*; K2O/Na2O; Rb/Sr; Zr/Hf; Eu/Eu*; (La/Yb)N,20260992,20260992,0
R0897,4,validation,GG0016,RCB0015,A,True,A2CFC6311C185EAA2F17BA13E733D522713F64F2850C50F6EEF6E4CE1F592221,,0.0,41,SiO2; TiO2; Al2O3; Fe2O3; FeO; MnO; MgO; CaO; Na2O; K2O; P2O5; Rb; Sr; Y; Zr; Nb; Ba; La; Ce; Pr; Nd; Sm; Eu; Gd; Tb; Dy; Ho; Er; Tm; Yb; Lu; Hf; Ta; A/CNK; A/NK; Fe*; K2O/Na2O; Rb/Sr; Zr/Hf; Eu/Eu*; (La/Yb)N,20260992,20260992,0
R0898,4,validation,GG0016,RCB0015,A,True,A2CFC6311C185EAA2F17BA13E733D522713F64F2850C50F6EEF6E4CE1F592221,,0.0,41,SiO2; TiO2; Al2O3; Fe2O3; FeO; MnO; MgO; CaO; Na2O; K2O; P2O5; Rb; Sr; Y; Zr; Nb; Ba; La; Ce; Pr; Nd; Sm; Eu; Gd; Tb; Dy; Ho; Er; Tm; Yb; Lu; Hf; Ta; A/CNK; A/NK; Fe*; K2O/Na2O; Rb/Sr; Zr/Hf; Eu/Eu*; (La/Yb)N,20260992,20260992,0
R0899,4,validation,GG0016,RCB0015,A,True,A2CFC6311C185EAA2F17BA13E733D522713F64F2850C50F6EEF6E4CE1F592221,,0.0,41,SiO2; TiO2; Al2O3; Fe2O3; FeO; MnO; MgO; CaO; Na2O; K2O; P2O5; Rb; Sr; Y; Zr; Nb; Ba; La; Ce; Pr; Nd; Sm; Eu; Gd; Tb; Dy; Ho; Er; Tm; Yb; Lu; Hf; Ta; A/CNK; A/NK; Fe*; K2O/Na2O; Rb/Sr; Zr/Hf; Eu/Eu*; (La/Yb)N,20260992,20260992,0
R0900,4,validation,GG0016,RCB0015,A,True,A2CFC6311C185EAA2F17BA13E733D522713F64F2850C50F6EEF6E4CE1F592221,,0.0,41,SiO2; TiO2; Al2O3; Fe2O3; FeO; MnO; MgO; CaO; Na2O; K2O; P2O5; Rb; Sr; Y; Zr; Nb; Ba; La; Ce; Pr; Nd; Sm; Eu; Gd; Tb; Dy; Ho; Er; Tm; Yb; Lu; Hf; Ta; A/CNK; A/NK; Fe*; K2O/Na2O; Rb/Sr; Zr/Hf; Eu/Eu*; (La/Yb)N,20260992,20260992,0
R1159,4,validation,GG0077,RCB0052,S,True,A2CFC6311C185EAA2F17BA13E733D522713F64F2850C50F6EEF6E4CE1F592221,,0.0,41,SiO2; TiO2; Al2O3; Fe2O3; FeO; MnO; MgO; CaO; Na2O; K2O; P2O5; Rb; Sr; Y; Zr; Nb; Ba; La; Ce; Pr; Nd; Sm; Eu; Gd; Tb; Dy; Ho; Er; Tm; Yb; Lu; Hf; Ta; A/CNK; A/NK; Fe*; K2O/Na2O; Rb/Sr; Zr/Hf; Eu/Eu*; (La/Yb)N,20260992,20260992,0
R1160,4,validation,GG0077,RCB0052,S,True,A2CFC6311C185EAA2F17BA13E733D522713F64F2850C50F6EEF6E4CE1F592221,,0.0,41,SiO2; TiO2; Al2O3; Fe2O3; FeO; MnO; MgO; CaO; Na2O; K2O; P2O5; Rb; Sr; Y; Zr; Nb; Ba; La; Ce; Pr; Nd; Sm; Eu; Gd; Tb; Dy; Ho; Er; Tm; Yb; Lu; Hf; Ta; A/CNK; A/NK; Fe*; K2O/Na2O; Rb/Sr; Zr/Hf; Eu/Eu*; (La/Yb)N,20260992,20260992,0
R1161,4,validation,GG0077,RCB0052,S,True,A2CFC6311C185EAA2F17BA13E733D522713F64F2850C50F6EEF6E4CE1F592221,,0.0,41,SiO2; TiO2; Al2O3; Fe2O3; FeO; MnO; MgO; CaO; Na2O; K2O; P2O5; Rb; Sr; Y; Zr; Nb; Ba; La; Ce; Pr; Nd; Sm; Eu; Gd; Tb; Dy; Ho; Er; Tm; Yb; Lu; Hf; Ta; A/CNK; A/NK; Fe*; K2O/Na2O; Rb/Sr; Zr/Hf; Eu/Eu*; (La/Yb)N,20260992,20260992,0
R1162,4,validation,GG0077,RCB0052,S,True,A2CFC6311C185EAA2F17BA13E733D522713F64F2850C50F6EEF6E4CE1F592221,,0.0,41,SiO2; TiO2; Al2O3; Fe2O3; FeO; MnO; MgO; CaO; Na2O; K2O; P2O5; Rb; Sr; Y; Zr; Nb; Ba; La; Ce; Pr; Nd; Sm; Eu; Gd; Tb; Dy; Ho; Er; Tm; Yb; Lu; Hf; Ta; A/CNK; A/NK; Fe*; K2O/Na2O; Rb/Sr; Zr/Hf; Eu/Eu*; (La/Yb)N,20260992,20260992,0
R1163,4,validation,GG0077,RCB0052,S,True,A2CFC6311C185EAA2F17BA13E733D522713F64F2850C50F6EEF6E4CE1F592221,,0.0,41,SiO2; TiO2; Al2O3; Fe2O3; FeO; MnO; MgO; CaO; Na2O; K2O; P2O5; Rb; Sr; Y; Zr; Nb; Ba; La; Ce; Pr; Nd; Sm; Eu; Gd; Tb; Dy; Ho; Er; Tm; Yb; Lu; Hf; Ta; A/CNK; A/NK; Fe*; K2O/Na2O; Rb/Sr; Zr/Hf; Eu/Eu*; (La/Yb)N,20260992,20260992,0
R1164,4,validation,GG0077,RCB0052,S,True,A2CFC6311C185EAA2F17BA13E733D522713F64F2850C50F6EEF6E4CE1F592221,,0.0,41,SiO2; TiO2; Al2O3; Fe2O3; FeO; MnO; MgO; CaO; Na2O; K2O; P2O5; Rb; Sr; Y; Zr; Nb; Ba; La; Ce; Pr; Nd; Sm; Eu; Gd; Tb; Dy; Ho; Er; Tm; Yb; Lu; Hf; Ta; A/CNK; A/NK; Fe*; K2O/Na2O; Rb/Sr; Zr/Hf; Eu/Eu*; (La/Yb)N,20260992,20260992,0
R1165,4,validation,GG0077,RCB0052,S,True,A2CFC6311C185EAA2F17BA13E733D522713F64F2850C50F6EEF6E4CE1F592221,,0.0,41,SiO2; TiO2; Al2O3; Fe2O3; FeO; MnO; MgO; CaO; Na2O; K2O; P2O5; Rb; Sr; Y; Zr; Nb; Ba; La; Ce; Pr; Nd; Sm; Eu; Gd; Tb; Dy; Ho; Er; Tm; Yb; Lu; Hf; Ta; A/CNK; A/NK; Fe*; K2O/Na2O; Rb/Sr; Zr/Hf; Eu/Eu*; (La/Yb)N,20260992,20260992,0
R1166,4,validation,GG0077,RCB0052,S,True,A2CFC6311C185EAA2F17BA13E733D522713F64F2850C50F6EEF6E4CE1F592221,,0.0,41,SiO2; TiO2; Al2O3; Fe2O3; FeO; MnO; MgO; CaO; Na2O; K2O; P2O5; Rb; Sr; Y; Zr; Nb; Ba; La; Ce; Pr; Nd; Sm; Eu; Gd; Tb; Dy; Ho; Er; Tm; Yb; Lu; Hf; Ta; A/CNK; A/NK; Fe*; K2O/Na2O; Rb/Sr; Zr/Hf; Eu/Eu*; (La/Yb)N,20260992,20260992,0
R1167,4,validation,GG0077,RCB0052,S,True,A2CFC6311C185EAA2F17BA13E733D522713F64F2850C50F6EEF6E4CE1F592221,,0.0,41,SiO2; TiO2; Al2O3; Fe2O3; FeO; MnO; MgO; CaO; Na2O; K2O; P2O5; Rb; Sr; Y; Zr; Nb; Ba; La; Ce; Pr; Nd; Sm; Eu; Gd; Tb; Dy; Ho; Er; Tm; Yb; Lu; Hf; Ta; A/CNK; A/NK; Fe*; K2O/Na2O; Rb/Sr; Zr/Hf; Eu/Eu*; (La/Yb)N,20260992,20260992,0
R1168,4,validation,GG0077,RCB0052,S,True,A2CFC6311C185EAA2F17BA13E733D522713F64F2850C50F6EEF6E4CE1F592221,,0.0,41,SiO2; TiO2; Al2O3; Fe2O3; FeO; MnO; MgO; CaO; Na2O; K2O; P2O5; Rb; Sr; Y; Zr; Nb; Ba; La; Ce; Pr; Nd; Sm; Eu; Gd; Tb; Dy; Ho; Er; Tm; Yb; Lu; Hf; Ta; A/CNK; A/NK; Fe*; K2O/Na2O; Rb/Sr; Zr/Hf; Eu/Eu*; (La/Yb)N,20260992,20260992,0
R1169,4,validation,GG0077,RCB0052,S,True,A2CFC6311C185EAA2F17BA13E733D522713F64F2850C50F6EEF6E4CE1F592221,,0.0,41,SiO2; TiO2; Al2O3; Fe2O3; FeO; MnO; MgO; CaO; Na2O; K2O; P2O5; Rb; Sr; Y; Zr; Nb; Ba; La; Ce; Pr; Nd; Sm; Eu; Gd; Tb; Dy; Ho; Er; Tm; Yb; Lu; Hf; Ta; A/CNK; A/NK; Fe*; K2O/Na2O; Rb/Sr; Zr/Hf; Eu/Eu*; (La/Yb)N,20260992,20260992,0
R1170,4,validation,GG0077,RCB0052,S,True,A2CFC6311C185EAA2F17BA13E733D522713F64F2850C50F6EEF6E4CE1F592221,,0.0,41,SiO2; TiO2; Al2O3; Fe2O3; FeO; MnO; MgO; CaO; Na2O; K2O; P2O5; Rb; Sr; Y; Zr; Nb; Ba; La; Ce; Pr; Nd; Sm; Eu; Gd; Tb; Dy; Ho; Er; Tm; Yb; Lu; Hf; Ta; A/CNK; A/NK; Fe*; K2O/Na2O; Rb/Sr; Zr/Hf; Eu/Eu*; (La/Yb)N,20260992,20260992,0
R1171,4,validation,GG0077,RCB0052,S,True,A2CFC6311C185EAA2F17BA13E733D522713F64F2850C50F6EEF6E4CE1F592221,,0.0,41,SiO2; TiO2; Al2O3; Fe2O3; FeO; MnO; MgO; CaO; Na2O; K2O; P2O5; Rb; Sr; Y; Zr; Nb; Ba; La; Ce; Pr; Nd; Sm; Eu; Gd; Tb; Dy; Ho; Er; Tm; Yb; Lu; Hf; Ta; A/CNK; A/NK; Fe*; K2O/Na2O; Rb/Sr; Zr/Hf; Eu/Eu*; (La/Yb)N,20260992,20260992,0
R1172,4,validation,GG0077,RCB0052,S,True,A2CFC6311C185EAA2F17BA13E733D522713F64F2850C50F6EEF6E4CE1F592221,,0.0,41,SiO2; TiO2; Al2O3; Fe2O3; FeO; MnO; MgO; CaO; Na2O; K2O; P2O5; Rb; Sr; Y; Zr; Nb; Ba; La; Ce; Pr; Nd; Sm; Eu; Gd; Tb; Dy; Ho; Er; Tm; Yb; Lu; Hf; Ta; A/CNK; A/NK; Fe*; K2O/Na2O; Rb/Sr; Zr/Hf; Eu/Eu*; (La/Yb)N,20260992,20260992,0
R1173,4,validation,GG0077,RCB0052,S,True,A2CFC6311C185EAA2F17BA13E733D522713F64F2850C50F6EEF6E4CE1F592221,,0.0,41,SiO2; TiO2; Al2O3; Fe2O3; FeO; MnO; MgO; CaO; Na2O; K2O; P2O5; Rb; Sr; Y; Zr; Nb; Ba; La; Ce; Pr; Nd; Sm; Eu; Gd; Tb; Dy; Ho; Er; Tm; Yb; Lu; Hf; Ta; A/CNK; A/NK; Fe*; K2O/Na2O; Rb/Sr; Zr/Hf; Eu/Eu*; (La/Yb)N,20260992,20260992,0
R1740,4,validation,GG0037,RCB0029,A,True,A2CFC6311C185EAA2F17BA13E733D522713F64F2850C50F6EEF6E4CE1F592221,,0.04878048780487805,41,SiO2; TiO2; Al2O3; Fe2O3; FeO; MnO; MgO; CaO; Na2O; K2O; P2O5; Rb; Sr; Y; Zr; Nb; Ba; La; Ce; Pr; Nd; Sm; Eu; Gd; Tb; Dy; Ho; Er; Tm; Yb; Lu; Hf; Ta; A/CNK; A/NK; Fe*; K2O/Na2O; Rb/Sr; Zr/Hf; Eu/Eu*; (La/Yb)N,20260992,20260992,0
R1741,4,validation,GG0037,RCB0029,A,True,A2CFC6311C185EAA2F17BA13E733D522713F64F2850C50F6EEF6E4CE1F592221,,0.07317073170731707,41,SiO2; TiO2; Al2O3; Fe2O3; FeO; MnO; MgO; CaO; Na2O; K2O; P2O5; Rb; Sr; Y; Zr; Nb; Ba; La; Ce; Pr; Nd; Sm; Eu; Gd; Tb; Dy; Ho; Er; Tm; Yb; Lu; Hf; Ta; A/CNK; A/NK; Fe*; K2O/Na2O; Rb/Sr; Zr/Hf; Eu/Eu*; (La/Yb)N,20260992,20260992,0
R1742,4,validation,GG0037,RCB0029,A,True,A2CFC6311C185EAA2F17BA13E733D522713F64F2850C50F6EEF6E4CE1F592221,,0.07317073170731707,41,SiO2; TiO2; Al2O3; Fe2O3; FeO; MnO; MgO; CaO; Na2O; K2O; P2O5; Rb; Sr; Y; Zr; Nb; Ba; La; Ce; Pr; Nd; Sm; Eu; Gd; Tb; Dy; Ho; Er; Tm; Yb; Lu; Hf; Ta; A/CNK; A/NK; Fe*; K2O/Na2O; Rb/Sr; Zr/Hf; Eu/Eu*; (La/Yb)N,20260992,20260992,0
R1743,4,validation,GG0037,RCB0029,A,True,A2CFC6311C185EAA2F17BA13E733D522713F64F2850C50F6EEF6E4CE1F592221,,0.07317073170731707,41,SiO2; TiO2; Al2O3; Fe2O3; FeO; MnO; MgO; CaO; Na2O; K2O; P2O5; Rb; Sr; Y; Zr; Nb; Ba; La; Ce; Pr; Nd; Sm; Eu; Gd; Tb; Dy; Ho; Er; Tm; Yb; Lu; Hf; Ta; A/CNK; A/NK; Fe*; K2O/Na2O; Rb/Sr; Zr/Hf; Eu/Eu*; (La/Yb)N,20260992,20260992,0
R1744,4,validation,GG0037,RCB0029,A,True,A2CFC6311C185EAA2F17BA13E733D522713F64F2850C50F6EEF6E4CE1F592221,,0.07317073170731707,41,SiO2; TiO2; Al2O3; Fe2O3; FeO; MnO; MgO; CaO; Na2O; K2O; P2O5; Rb; Sr; Y; Zr; Nb; Ba; La; Ce; Pr; Nd; Sm; Eu; Gd; Tb; Dy; Ho; Er; Tm; Yb; Lu; Hf; Ta; A/CNK; A/NK; Fe*; K2O/Na2O; Rb/Sr; Zr/Hf; Eu/Eu*; (La/Yb)N,20260992,20260992,0
R1745,4,validation,GG0037,RCB0029,A,True,A2CFC6311C185EAA2F17BA13E733D522713F64F2850C50F6EEF6E4CE1F592221,,0.07317073170731707,41,SiO2; TiO2; Al2O3; Fe2O3; FeO; MnO; MgO; CaO; Na2O; K2O; P2O5; Rb; Sr; Y; Zr; Nb; Ba; La; Ce; Pr; Nd; Sm; Eu; Gd; Tb; Dy; Ho; Er; Tm; Yb; Lu; Hf; Ta; A/CNK; A/NK; Fe*; K2O/Na2O; Rb/Sr; Zr/Hf; Eu/Eu*; (La/Yb)N,20260992,20260992,0
R1970,4,validation,GG0005,RCB0005,S,True,A2CFC6311C185EAA2F17BA13E733D522713F64F2850C50F6EEF6E4CE1F592221,,0.04878048780487805,41,SiO2; TiO2; Al2O3; Fe2O3; FeO; MnO; MgO; CaO; Na2O; K2O; P2O5; Rb; Sr; Y; Zr; Nb; Ba; La; Ce; Pr; Nd; Sm; Eu; Gd; Tb; Dy; Ho; Er; Tm; Yb; Lu; Hf; Ta; A/CNK; A/NK; Fe*; K2O/Na2O; Rb/Sr; Zr/Hf; Eu/Eu*; (La/Yb)N,20260992,20260992,0
R1971,4,validation,GG0005,RCB0005,S,True,A2CFC6311C185EAA2F17BA13E733D522713F64F2850C50F6EEF6E4CE1F592221,,0.04878048780487805,41,SiO2; TiO2; Al2O3; Fe2O3; FeO; MnO; MgO; CaO; Na2O; K2O; P2O5; Rb; Sr; Y; Zr; Nb; Ba; La; Ce; Pr; Nd; Sm; Eu; Gd; Tb; Dy; Ho; Er; Tm; Yb; Lu; Hf; Ta; A/CNK; A/NK; Fe*; K2O/Na2O; Rb/Sr; Zr/Hf; Eu/Eu*; (La/Yb)N,20260992,20260992,0
R1972,4,validation,GG0005,RCB0005,S,True,A2CFC6311C185EAA2F17BA13E733D522713F64F2850C50F6EEF6E4CE1F592221,,0.04878048780487805,41,SiO2; TiO2; Al2O3; Fe2O3; FeO; MnO; MgO; CaO; Na2O; K2O; P2O5; Rb; Sr; Y; Zr; Nb; Ba; La; Ce; Pr; Nd; Sm; Eu; Gd; Tb; Dy; Ho; Er; Tm; Yb; Lu; Hf; Ta; A/CNK; A/NK; Fe*; K2O/Na2O; Rb/Sr; Zr/Hf; Eu/Eu*; (La/Yb)N,20260992,20260992,0
R1973,4,validation,GG0005,RCB0005,S,True,A2CFC6311C185EAA2F17BA13E733D522713F64F2850C50F6EEF6E4CE1F592221,,0.04878048780487805,41,SiO2; TiO2; Al2O3; Fe2O3; FeO; MnO; MgO; CaO; Na2O; K2O; P2O5; Rb; Sr; Y; Zr; Nb; Ba; La; Ce; Pr; Nd; Sm; Eu; Gd; Tb; Dy; Ho; Er; Tm; Yb; Lu; Hf; Ta; A/CNK; A/NK; Fe*; K2O/Na2O; Rb/Sr; Zr/Hf; Eu/Eu*; (La/Yb)N,20260992,20260992,0
R1974,4,validation,GG0005,RCB0005,S,True,A2CFC6311C185EAA2F17BA13E733D522713F64F2850C50F6EEF6E4CE1F592221,,0.04878048780487805,41,SiO2; TiO2; Al2O3; Fe2O3; FeO; MnO; MgO; CaO; Na2O; K2O; P2O5; Rb; Sr; Y; Zr; Nb; Ba; La; Ce; Pr; Nd; Sm; Eu; Gd; Tb; Dy; Ho; Er; Tm; Yb; Lu; Hf; Ta; A/CNK; A/NK; Fe*; K2O/Na2O; Rb/Sr; Zr/Hf; Eu/Eu*; (La/Yb)N,20260992,20260992,0
R1975,4,validation,GG0005,RCB0005,S,True,A2CFC6311C185EAA2F17BA13E733D522713F64F2850C50F6EEF6E4CE1F592221,,0.04878048780487805,41,SiO2; TiO2; Al2O3; Fe2O3; FeO; MnO; MgO; CaO; Na2O; K2O; P2O5; Rb; Sr; Y; Zr; Nb; Ba; La; Ce; Pr; Nd; Sm; Eu; Gd; Tb; Dy; Ho; Er; Tm; Yb; Lu; Hf; Ta; A/CNK; A/NK; Fe*; K2O/Na2O; Rb/Sr; Zr/Hf; Eu/Eu*; (La/Yb)N,20260992,20260992,0
R1976,4,validation,GG0005,RCB0005,S,True,A2CFC6311C185EAA2F17BA13E733D522713F64F2850C50F6EEF6E4CE1F592221,,0.04878048780487805,41,SiO2; TiO2; Al2O3; Fe2O3; FeO; MnO; MgO; CaO; Na2O; K2O; P2O5; Rb; Sr; Y; Zr; Nb; Ba; La; Ce; Pr; Nd; Sm; Eu; Gd; Tb; Dy; Ho; Er; Tm; Yb; Lu; Hf; Ta; A/CNK; A/NK; Fe*; K2O/Na2O; Rb/Sr; Zr/Hf; Eu/Eu*; (La/Yb)N,20260992,20260992,0
R1977,4,validation,GG0005,RCB0005,S,True,A2CFC6311C185EAA2F17BA13E733D522713F64F2850C50F6EEF6E4CE1F592221,,0.04878048780487805,41,SiO2; TiO2; Al2O3; Fe2O3; FeO; MnO; MgO; CaO; Na2O; K2O; P2O5; Rb; Sr; Y; Zr; Nb; Ba; La; Ce; Pr; Nd; Sm; Eu; Gd; Tb; Dy; Ho; Er; Tm; Yb; Lu; Hf; Ta; A/CNK; A/NK; Fe*; K2O/Na2O; Rb/Sr; Zr/Hf; Eu/Eu*; (La/Yb)N,20260992,20260992,0
R1978,4,validation,GG0005,RCB0005,S,True,A2CFC6311C185EAA2F17BA13E733D522713F64F2850C50F6EEF6E4CE1F592221,,0.04878048780487805,41,SiO2; TiO2; Al2O3; Fe2O3; FeO; MnO; MgO; CaO; Na2O; K2O; P2O5; Rb; Sr; Y; Zr; Nb; Ba; La; Ce; Pr; Nd; Sm; Eu; Gd; Tb; Dy; Ho; Er; Tm; Yb; Lu; Hf; Ta; A/CNK; A/NK; Fe*; K2O/Na2O; Rb/Sr; Zr/Hf; Eu/Eu*; (La/Yb)N,20260992,20260992,0
R1979,4,validation,GG0005,RCB0005,S,True,A2CFC6311C185EAA2F17BA13E733D522713F64F2850C50F6EEF6E4CE1F592221,,0.04878048780487805,41,SiO2; TiO2; Al2O3; Fe2O3; FeO; MnO; MgO; CaO; Na2O; K2O; P2O5; Rb; Sr; Y; Zr; Nb; Ba; La; Ce; Pr; Nd; Sm; Eu; Gd; Tb; Dy; Ho; Er; Tm; Yb; Lu; Hf; Ta; A/CNK; A/NK; Fe*; K2O/Na2O; Rb/Sr; Zr/Hf; Eu/Eu*; (La/Yb)N,20260992,20260992,0
R1980,4,validation,GG0005,RCB0005,S,True,A2CFC6311C185EAA2F17BA13E733D522713F64F2850C50F6EEF6E4CE1F592221,,0.04878048780487805,41,SiO2; TiO2; Al2O3; Fe2O3; FeO; MnO; MgO; CaO; Na2O; K2O; P2O5; Rb; Sr; Y; Zr; Nb; Ba; La; Ce; Pr; Nd; Sm; Eu; Gd; Tb; Dy; Ho; Er; Tm; Yb; Lu; Hf; Ta; A/CNK; A/NK; Fe*; K2O/Na2O; Rb/Sr; Zr/Hf; Eu/Eu*; (La/Yb)N,20260992,20260992,0
R1981,4,validation,GG0005,RCB0005,S,True,A2CFC6311C185EAA2F17BA13E733D522713F64F2850C50F6EEF6E4CE1F592221,,0.04878048780487805,41,SiO2; TiO2; Al2O3; Fe2O3; FeO; MnO; MgO; CaO; Na2O; K2O; P2O5; Rb; Sr; Y; Zr; Nb; Ba; La; Ce; Pr; Nd; Sm; Eu; Gd; Tb; Dy; Ho; Er; Tm; Yb; Lu; Hf; Ta; A/CNK; A/NK; Fe*; K2O/Na2O; Rb/Sr; Zr/Hf; Eu/Eu*; (La/Yb)N,20260992,20260992,0
R1982,4,validation,GG0005,RCB0005,S,True,A2CFC6311C185EAA2F17BA13E733D522713F64F2850C50F6EEF6E4CE1F592221,,0.04878048780487805,41,SiO2; TiO2; Al2O3; Fe2O3; FeO; MnO; MgO; CaO; Na2O; K2O; P2O5; Rb; Sr; Y; Zr; Nb; Ba; La; Ce; Pr; Nd; Sm; Eu; Gd; Tb; Dy; Ho; Er; Tm; Yb; Lu; Hf; Ta; A/CNK; A/NK; Fe*; K2O/Na2O; Rb/Sr; Zr/Hf; Eu/Eu*; (La/Yb)N,20260992,20260992,0
R1983,4,validation,GG0005,RCB0005,S,True,A2CFC6311C185EAA2F17BA13E733D522713F64F2850C50F6EEF6E4CE1F592221,,0.04878048780487805,41,SiO2; TiO2; Al2O3; Fe2O3; FeO; MnO; MgO; CaO; Na2O; K2O; P2O5; Rb; Sr; Y; Zr; Nb; Ba; La; Ce; Pr; Nd; Sm; Eu; Gd; Tb; Dy; Ho; Er; Tm; Yb; Lu; Hf; Ta; A/CNK; A/NK; Fe*; K2O/Na2O; Rb/Sr; Zr/Hf; Eu/Eu*; (La/Yb)N,20260992,20260992,0
R1984,4,validation,GG0005,RCB0005,S,True,A2CFC6311C185EAA2F17BA13E733D522713F64F2850C50F6EEF6E4CE1F592221,,0.04878048780487805,41,SiO2; TiO2; Al2O3; Fe2O3; FeO; MnO; MgO; CaO; Na2O; K2O; P2O5; Rb; Sr; Y; Zr; Nb; Ba; La; Ce; Pr; Nd; Sm; Eu; Gd; Tb; Dy; Ho; Er; Tm; Yb; Lu; Hf; Ta; A/CNK; A/NK; Fe*; K2O/Na2O; Rb/Sr; Zr/Hf; Eu/Eu*; (La/Yb)N,20260992,20260992,0
R1985,4,validation,GG0005,RCB0005,S,True,A2CFC6311C185EAA2F17BA13E733D522713F64F2850C50F6EEF6E4CE1F592221,,0.04878048780487805,41,SiO2; TiO2; Al2O3; Fe2O3; FeO; MnO; MgO; CaO; Na2O; K2O; P2O5; Rb; Sr; Y; Zr; Nb; Ba; La; Ce; Pr; Nd; Sm; Eu; Gd; Tb; Dy; Ho; Er; Tm; Yb; Lu; Hf; Ta; A/CNK; A/NK; Fe*; K2O/Na2O; Rb/Sr; Zr/Hf; Eu/Eu*; (La/Yb)N,20260992,20260992,0
R1986,4,validation,GG0005,RCB0005,S,True,A2CFC6311C185EAA2F17BA13E733D522713F64F2850C50F6EEF6E4CE1F592221,,0.04878048780487805,41,SiO2; TiO2; Al2O3; Fe2O3; FeO; MnO; MgO; CaO; Na2O; K2O; P2O5; Rb; Sr; Y; Zr; Nb; Ba; La; Ce; Pr; Nd; Sm; Eu; Gd; Tb; Dy; Ho; Er; Tm; Yb; Lu; Hf; Ta; A/CNK; A/NK; Fe*; K2O/Na2O; Rb/Sr; Zr/Hf; Eu/Eu*; (La/Yb)N,20260992,20260992,0
R1987,4,validation,GG0005,RCB0005,S,True,A2CFC6311C185EAA2F17BA13E733D522713F64F2850C50F6EEF6E4CE1F592221,,0.04878048780487805,41,SiO2; TiO2; Al2O3; Fe2O3; FeO; MnO; MgO; CaO; Na2O; K2O; P2O5; Rb; Sr; Y; Zr; Nb; Ba; La; Ce; Pr; Nd; Sm; Eu; Gd; Tb; Dy; Ho; Er; Tm; Yb; Lu; Hf; Ta; A/CNK; A/NK; Fe*; K2O/Na2O; Rb/Sr; Zr/Hf; Eu/Eu*; (La/Yb)N,20260992,20260992,0
R1988,4,validation,GG0005,RCB0005,S,True,A2CFC6311C185EAA2F17BA13E733D522713F64F2850C50F6EEF6E4CE1F592221,,0.04878048780487805,41,SiO2; TiO2; Al2O3; Fe2O3; FeO; MnO; MgO; CaO; Na2O; K2O; P2O5; Rb; Sr; Y; Zr; Nb; Ba; La; Ce; Pr; Nd; Sm; Eu; Gd; Tb; Dy; Ho; Er; Tm; Yb; Lu; Hf; Ta; A/CNK; A/NK; Fe*; K2O/Na2O; Rb/Sr; Zr/Hf; Eu/Eu*; (La/Yb)N,20260992,20260992,0
R1989,4,validation,GG0005,RCB0005,S,True,A2CFC6311C185EAA2F17BA13E733D522713F64F2850C50F6EEF6E4CE1F592221,,0.04878048780487805,41,SiO2; TiO2; Al2O3; Fe2O3; FeO; MnO; MgO; CaO; Na2O; K2O; P2O5; Rb; Sr; Y; Zr; Nb; Ba; La; Ce; Pr; Nd; Sm; Eu; Gd; Tb; Dy; Ho; Er; Tm; Yb; Lu; Hf; Ta; A/CNK; A/NK; Fe*; K2O/Na2O; Rb/Sr; Zr/Hf; Eu/Eu*; (La/Yb)N,20260992,20260992,0
R1990,4,validation,GG0005,RCB0005,S,True,A2CFC6311C185EAA2F17BA13E733D522713F64F2850C50F6EEF6E4CE1F592221,,0.04878048780487805,41,SiO2; TiO2; Al2O3; Fe2O3; FeO; MnO; MgO; CaO; Na2O; K2O; P2O5; Rb; Sr; Y; Zr; Nb; Ba; La; Ce; Pr; Nd; Sm; Eu; Gd; Tb; Dy; Ho; Er; Tm; Yb; Lu; Hf; Ta; A/CNK; A/NK; Fe*; K2O/Na2O; Rb/Sr; Zr/Hf; Eu/Eu*; (La/Yb)N,20260992,20260992,0
R1991,4,validation,GG0005,RCB0005,S,True,A2CFC6311C185EAA2F17BA13E733D522713F64F2850C50F6EEF6E4CE1F592221,,0.04878048780487805,41,SiO2; TiO2; Al2O3; Fe2O3; FeO; MnO; MgO; CaO; Na2O; K2O; P2O5; Rb; Sr; Y; Zr; Nb; Ba; La; Ce; Pr; Nd; Sm; Eu; Gd; Tb; Dy; Ho; Er; Tm; Yb; Lu; Hf; Ta; A/CNK; A/NK; Fe*; K2O/Na2O; Rb/Sr; Zr/Hf; Eu/Eu*; (La/Yb)N,20260992,20260992,0
R1992,4,validation,GG0005,RCB0005,S,True,A2CFC6311C185EAA2F17BA13E733D522713F64F2850C50F6EEF6E4CE1F592221,,0.04878048780487805,41,SiO2; TiO2; Al2O3; Fe2O3; FeO; MnO; MgO; CaO; Na2O; K2O; P2O5; Rb; Sr; Y; Zr; Nb; Ba; La; Ce; Pr; Nd; Sm; Eu; Gd; Tb; Dy; Ho; Er; Tm; Yb; Lu; Hf; Ta; A/CNK; A/NK; Fe*; K2O/Na2O; Rb/Sr; Zr/Hf; Eu/Eu*; (La/Yb)N,20260992,20260992,0
R1993,4,validation,GG0005,RCB0005,S,True,A2CFC6311C185EAA2F17BA13E733D522713F64F2850C50F6EEF6E4CE1F592221,,0.04878048780487805,41,SiO2; TiO2; Al2O3; Fe2O3; FeO; MnO; MgO; CaO; Na2O; K2O; P2O5; Rb; Sr; Y; Zr; Nb; Ba; La; Ce; Pr; Nd; Sm; Eu; Gd; Tb; Dy; Ho; Er; Tm; Yb; Lu; Hf; Ta; A/CNK; A/NK; Fe*; K2O/Na2O; Rb/Sr; Zr/Hf; Eu/Eu*; (La/Yb)N,20260992,20260992,0
R1994,4,validation,GG0005,RCB0005,S,True,A2CFC6311C185EAA2F17BA13E733D522713F64F2850C50F6EEF6E4CE1F592221,,0.04878048780487805,41,SiO2; TiO2; Al2O3; Fe2O3; FeO; MnO; MgO; CaO; Na2O; K2O; P2O5; Rb; Sr; Y; Zr; Nb; Ba; La; Ce; Pr; Nd; Sm; Eu; Gd; Tb; Dy; Ho; Er; Tm; Yb; Lu; Hf; Ta; A/CNK; A/NK; Fe*; K2O/Na2O; Rb/Sr; Zr/Hf; Eu/Eu*; (La/Yb)N,20260992,20260992,0
R1995,4,validation,GG0005,RCB0005,S,True,A2CFC6311C185EAA2F17BA13E733D522713F64F2850C50F6EEF6E4CE1F592221,,0.04878048780487805,41,SiO2; TiO2; Al2O3; Fe2O3; FeO; MnO; MgO; CaO; Na2O; K2O; P2O5; Rb; Sr; Y; Zr; Nb; Ba; La; Ce; Pr; Nd; Sm; Eu; Gd; Tb; Dy; Ho; Er; Tm; Yb; Lu; Hf; Ta; A/CNK; A/NK; Fe*; K2O/Na2O; Rb/Sr; Zr/Hf; Eu/Eu*; (La/Yb)N,20260992,20260992,0
R1996,4,validation,GG0005,RCB0005,S,True,A2CFC6311C185EAA2F17BA13E733D522713F64F2850C50F6EEF6E4CE1F592221,,0.04878048780487805,41,SiO2; TiO2; Al2O3; Fe2O3; FeO; MnO; MgO; CaO; Na2O; K2O; P2O5; Rb; Sr; Y; Zr; Nb; Ba; La; Ce; Pr; Nd; Sm; Eu; Gd; Tb; Dy; Ho; Er; Tm; Yb; Lu; Hf; Ta; A/CNK; A/NK; Fe*; K2O/Na2O; Rb/Sr; Zr/Hf; Eu/Eu*; (La/Yb)N,20260992,20260992,0
R1997,4,validation,GG0005,RCB0005,S,True,A2CFC6311C185EAA2F17BA13E733D522713F64F2850C50F6EEF6E4CE1F592221,,0.04878048780487805,41,SiO2; TiO2; Al2O3; Fe2O3; FeO; MnO; MgO; CaO; Na2O; K2O; P2O5; Rb; Sr; Y; Zr; Nb; Ba; La; Ce; Pr; Nd; Sm; Eu; Gd; Tb; Dy; Ho; Er; Tm; Yb; Lu; Hf; Ta; A/CNK; A/NK; Fe*; K2O/Na2O; Rb/Sr; Zr/Hf; Eu/Eu*; (La/Yb)N,20260992,20260992,0
R1998,4,validation,GG0005,RCB0005,S,True,A2CFC6311C185EAA2F17BA13E733D522713F64F2850C50F6EEF6E4CE1F592221,,0.04878048780487805,41,SiO2; TiO2; Al2O3; Fe2O3; FeO; MnO; MgO; CaO; Na2O; K2O; P2O5; Rb; Sr; Y; Zr; Nb; Ba; La; Ce; Pr; Nd; Sm; Eu; Gd; Tb; Dy; Ho; Er; Tm; Yb; Lu; Hf; Ta; A/CNK; A/NK; Fe*; K2O/Na2O; Rb/Sr; Zr/Hf; Eu/Eu*; (La/Yb)N,20260992,20260992,0
R1999,4,validation,GG0005,RCB0005,S,True,A2CFC6311C185EAA2F17BA13E733D522713F64F2850C50F6EEF6E4CE1F592221,,0.04878048780487805,41,SiO2; TiO2; Al2O3; Fe2O3; FeO; MnO; MgO; CaO; Na2O; K2O; P2O5; Rb; Sr; Y; Zr; Nb; Ba; La; Ce; Pr; Nd; Sm; Eu; Gd; Tb; Dy; Ho; Er; Tm; Yb; Lu; Hf; Ta; A/CNK; A/NK; Fe*; K2O/Na2O; Rb/Sr; Zr/Hf; Eu/Eu*; (La/Yb)N,20260992,20260992,0
R2000,4,validation,GG0005,RCB0005,S,True,A2CFC6311C185EAA2F17BA13E733D522713F64F2850C50F6EEF6E4CE1F592221,,0.04878048780487805,41,SiO2; TiO2; Al2O3; Fe2O3; FeO; MnO; MgO; CaO; Na2O; K2O; P2O5; Rb; Sr; Y; Zr; Nb; Ba; La; Ce; Pr; Nd; Sm; Eu; Gd; Tb; Dy; Ho; Er; Tm; Yb; Lu; Hf; Ta; A/CNK; A/NK; Fe*; K2O/Na2O; Rb/Sr; Zr/Hf; Eu/Eu*; (La/Yb)N,20260992,20260992,0
R2001,4,validation,GG0005,RCB0005,S,True,A2CFC6311C185EAA2F17BA13E733D522713F64F2850C50F6EEF6E4CE1F592221,,0.04878048780487805,41,SiO2; TiO2; Al2O3; Fe2O3; FeO; MnO; MgO; CaO; Na2O; K2O; P2O5; Rb; Sr; Y; Zr; Nb; Ba; La; Ce; Pr; Nd; Sm; Eu; Gd; Tb; Dy; Ho; Er; Tm; Yb; Lu; Hf; Ta; A/CNK; A/NK; Fe*; K2O/Na2O; Rb/Sr; Zr/Hf; Eu/Eu*; (La/Yb)N,20260992,20260992,0
R2002,4,validation,GG0005,RCB0005,S,True,A2CFC6311C185EAA2F17BA13E733D522713F64F2850C50F6EEF6E4CE1F592221,,0.04878048780487805,41,SiO2; TiO2; Al2O3; Fe2O3; FeO; MnO; MgO; CaO; Na2O; K2O; P2O5; Rb; Sr; Y; Zr; Nb; Ba; La; Ce; Pr; Nd; Sm; Eu; Gd; Tb; Dy; Ho; Er; Tm; Yb; Lu; Hf; Ta; A/CNK; A/NK; Fe*; K2O/Na2O; Rb/Sr; Zr/Hf; Eu/Eu*; (La/Yb)N,20260992,20260992,0
R2003,4,validation,GG0005,RCB0005,S,True,A2CFC6311C185EAA2F17BA13E733D522713F64F2850C50F6EEF6E4CE1F592221,,0.04878048780487805,41,SiO2; TiO2; Al2O3; Fe2O3; FeO; MnO; MgO; CaO; Na2O; K2O; P2O5; Rb; Sr; Y; Zr; Nb; Ba; La; Ce; Pr; Nd; Sm; Eu; Gd; Tb; Dy; Ho; Er; Tm; Yb; Lu; Hf; Ta; A/CNK; A/NK; Fe*; K2O/Na2O; Rb/Sr; Zr/Hf; Eu/Eu*; (La/Yb)N,20260992,20260992,0
R2004,4,validation,GG0005,RCB0005,S,True,A2CFC6311C185EAA2F17BA13E733D522713F64F2850C50F6EEF6E4CE1F592221,,0.04878048780487805,41,SiO2; TiO2; Al2O3; Fe2O3; FeO; MnO; MgO; CaO; Na2O; K2O; P2O5; Rb; Sr; Y; Zr; Nb; Ba; La; Ce; Pr; Nd; Sm; Eu; Gd; Tb; Dy; Ho; Er; Tm; Yb; Lu; Hf; Ta; A/CNK; A/NK; Fe*; K2O/Na2O; Rb/Sr; Zr/Hf; Eu/Eu*; (La/Yb)N,20260992,20260992,0
R2005,4,validation,GG0005,RCB0005,S,True,A2CFC6311C185EAA2F17BA13E733D522713F64F2850C50F6EEF6E4CE1F592221,,0.04878048780487805,41,SiO2; TiO2; Al2O3; Fe2O3; FeO; MnO; MgO; CaO; Na2O; K2O; P2O5; Rb; Sr; Y; Zr; Nb; Ba; La; Ce; Pr; Nd; Sm; Eu; Gd; Tb; Dy; Ho; Er; Tm; Yb; Lu; Hf; Ta; A/CNK; A/NK; Fe*; K2O/Na2O; Rb/Sr; Zr/Hf; Eu/Eu*; (La/Yb)N,20260992,20260992,0
R2006,4,validation,GG0005,RCB0005,S,True,A2CFC6311C185EAA2F17BA13E733D522713F64F2850C50F6EEF6E4CE1F592221,,0.04878048780487805,41,SiO2; TiO2; Al2O3; Fe2O3; FeO; MnO; MgO; CaO; Na2O; K2O; P2O5; Rb; Sr; Y; Zr; Nb; Ba; La; Ce; Pr; Nd; Sm; Eu; Gd; Tb; Dy; Ho; Er; Tm; Yb; Lu; Hf; Ta; A/CNK; A/NK; Fe*; K2O/Na2O; Rb/Sr; Zr/Hf; Eu/Eu*; (La/Yb)N,20260992,20260992,0
R2007,4,validation,GG0005,RCB0005,S,True,A2CFC6311C185EAA2F17BA13E733D522713F64F2850C50F6EEF6E4CE1F592221,,0.07317073170731707,41,SiO2; TiO2; Al2O3; Fe2O3; FeO; MnO; MgO; CaO; Na2O; K2O; P2O5; Rb; Sr; Y; Zr; Nb; Ba; La; Ce; Pr; Nd; Sm; Eu; Gd; Tb; Dy; Ho; Er; Tm; Yb; Lu; Hf; Ta; A/CNK; A/NK; Fe*; K2O/Na2O; Rb/Sr; Zr/Hf; Eu/Eu*; (La/Yb)N,20260992,20260992,0
R2008,4,validation,GG0005,RCB0005,S,True,A2CFC6311C185EAA2F17BA13E733D522713F64F2850C50F6EEF6E4CE1F592221,,0.04878048780487805,41,SiO2; TiO2; Al2O3; Fe2O3; FeO; MnO; MgO; CaO; Na2O; K2O; P2O5; Rb; Sr; Y; Zr; Nb; Ba; La; Ce; Pr; Nd; Sm; Eu; Gd; Tb; Dy; Ho; Er; Tm; Yb; Lu; Hf; Ta; A/CNK; A/NK; Fe*; K2O/Na2O; Rb/Sr; Zr/Hf; Eu/Eu*; (La/Yb)N,20260992,20260992,0
R2009,4,validation,GG0005,RCB0005,S,True,A2CFC6311C185EAA2F17BA13E733D522713F64F2850C50F6EEF6E4CE1F592221,,0.04878048780487805,41,SiO2; TiO2; Al2O3; Fe2O3; FeO; MnO; MgO; CaO; Na2O; K2O; P2O5; Rb; Sr; Y; Zr; Nb; Ba; La; Ce; Pr; Nd; Sm; Eu; Gd; Tb; Dy; Ho; Er; Tm; Yb; Lu; Hf; Ta; A/CNK; A/NK; Fe*; K2O/Na2O; Rb/Sr; Zr/Hf; Eu/Eu*; (La/Yb)N,20260992,20260992,0
R2010,4,validation,GG0005,RCB0005,S,True,A2CFC6311C185EAA2F17BA13E733D522713F64F2850C50F6EEF6E4CE1F592221,,0.04878048780487805,41,SiO2; TiO2; Al2O3; Fe2O3; FeO; MnO; MgO; CaO; Na2O; K2O; P2O5; Rb; Sr; Y; Zr; Nb; Ba; La; Ce; Pr; Nd; Sm; Eu; Gd; Tb; Dy; Ho; Er; Tm; Yb; Lu; Hf; Ta; A/CNK; A/NK; Fe*; K2O/Na2O; Rb/Sr; Zr/Hf; Eu/Eu*; (La/Yb)N,20260992,20260992,0
R2011,4,validation,GG0005,RCB0005,S,True,A2CFC6311C185EAA2F17BA13E733D522713F64F2850C50F6EEF6E4CE1F592221,,0.04878048780487805,41,SiO2; TiO2; Al2O3; Fe2O3; FeO; MnO; MgO; CaO; Na2O; K2O; P2O5; Rb; Sr; Y; Zr; Nb; Ba; La; Ce; Pr; Nd; Sm; Eu; Gd; Tb; Dy; Ho; Er; Tm; Yb; Lu; Hf; Ta; A/CNK; A/NK; Fe*; K2O/Na2O; Rb/Sr; Zr/Hf; Eu/Eu*; (La/Yb)N,20260992,20260992,0
R2012,4,validation,GG0005,RCB0005,S,True,A2CFC6311C185EAA2F17BA13E733D522713F64F2850C50F6EEF6E4CE1F592221,,0.04878048780487805,41,SiO2; TiO2; Al2O3; Fe2O3; FeO; MnO; MgO; CaO; Na2O; K2O; P2O5; Rb; Sr; Y; Zr; Nb; Ba; La; Ce; Pr; Nd; Sm; Eu; Gd; Tb; Dy; Ho; Er; Tm; Yb; Lu; Hf; Ta; A/CNK; A/NK; Fe*; K2O/Na2O; Rb/Sr; Zr/Hf; Eu/Eu*; (La/Yb)N,20260992,20260992,0
R2013,4,validation,GG0005,RCB0005,S,True,A2CFC6311C185EAA2F17BA13E733D522713F64F2850C50F6EEF6E4CE1F592221,,0.04878048780487805,41,SiO2; TiO2; Al2O3; Fe2O3; FeO; MnO; MgO; CaO; Na2O; K2O; P2O5; Rb; Sr; Y; Zr; Nb; Ba; La; Ce; Pr; Nd; Sm; Eu; Gd; Tb; Dy; Ho; Er; Tm; Yb; Lu; Hf; Ta; A/CNK; A/NK; Fe*; K2O/Na2O; Rb/Sr; Zr/Hf; Eu/Eu*; (La/Yb)N,20260992,20260992,0
R2014,4,validation,GG0005,RCB0005,S,True,A2CFC6311C185EAA2F17BA13E733D522713F64F2850C50F6EEF6E4CE1F592221,,0.04878048780487805,41,SiO2; TiO2; Al2O3; Fe2O3; FeO; MnO; MgO; CaO; Na2O; K2O; P2O5; Rb; Sr; Y; Zr; Nb; Ba; La; Ce; Pr; Nd; Sm; Eu; Gd; Tb; Dy; Ho; Er; Tm; Yb; Lu; Hf; Ta; A/CNK; A/NK; Fe*; K2O/Na2O; Rb/Sr; Zr/Hf; Eu/Eu*; (La/Yb)N,20260992,20260992,0
R2015,4,validation,GG0005,RCB0005,S,True,A2CFC6311C185EAA2F17BA13E733D522713F64F2850C50F6EEF6E4CE1F592221,,0.04878048780487805,41,SiO2; TiO2; Al2O3; Fe2O3; FeO; MnO; MgO; CaO; Na2O; K2O; P2O5; Rb; Sr; Y; Zr; Nb; Ba; La; Ce; Pr; Nd; Sm; Eu; Gd; Tb; Dy; Ho; Er; Tm; Yb; Lu; Hf; Ta; A/CNK; A/NK; Fe*; K2O/Na2O; Rb/Sr; Zr/Hf; Eu/Eu*; (La/Yb)N,20260992,20260992,0
R2016,4,validation,GG0005,RCB0005,S,True,A2CFC6311C185EAA2F17BA13E733D522713F64F2850C50F6EEF6E4CE1F592221,,0.04878048780487805,41,SiO2; TiO2; Al2O3; Fe2O3; FeO; MnO; MgO; CaO; Na2O; K2O; P2O5; Rb; Sr; Y; Zr; Nb; Ba; La; Ce; Pr; Nd; Sm; Eu; Gd; Tb; Dy; Ho; Er; Tm; Yb; Lu; Hf; Ta; A/CNK; A/NK; Fe*; K2O/Na2O; Rb/Sr; Zr/Hf; Eu/Eu*; (La/Yb)N,20260992,20260992,0
R2017,4,validation,GG0005,RCB0005,S,True,A2CFC6311C185EAA2F17BA13E733D522713F64F2850C50F6EEF6E4CE1F592221,,0.04878048780487805,41,SiO2; TiO2; Al2O3; Fe2O3; FeO; MnO; MgO; CaO; Na2O; K2O; P2O5; Rb; Sr; Y; Zr; Nb; Ba; La; Ce; Pr; Nd; Sm; Eu; Gd; Tb; Dy; Ho; Er; Tm; Yb; Lu; Hf; Ta; A/CNK; A/NK; Fe*; K2O/Na2O; Rb/Sr; Zr/Hf; Eu/Eu*; (La/Yb)N,20260992,20260992,0
R2018,4,validation,GG0005,RCB0005,S,True,A2CFC6311C185EAA2F17BA13E733D522713F64F2850C50F6EEF6E4CE1F592221,,0.04878048780487805,41,SiO2; TiO2; Al2O3; Fe2O3; FeO; MnO; MgO; CaO; Na2O; K2O; P2O5; Rb; Sr; Y; Zr; Nb; Ba; La; Ce; Pr; Nd; Sm; Eu; Gd; Tb; Dy; Ho; Er; Tm; Yb; Lu; Hf; Ta; A/CNK; A/NK; Fe*; K2O/Na2O; Rb/Sr; Zr/Hf; Eu/Eu*; (La/Yb)N,20260992,20260992,0
R2019,4,validation,GG0005,RCB0005,S,True,A2CFC6311C185EAA2F17BA13E733D522713F64F2850C50F6EEF6E4CE1F592221,,0.04878048780487805,41,SiO2; TiO2; Al2O3; Fe2O3; FeO; MnO; MgO; CaO; Na2O; K2O; P2O5; Rb; Sr; Y; Zr; Nb; Ba; La; Ce; Pr; Nd; Sm; Eu; Gd; Tb; Dy; Ho; Er; Tm; Yb; Lu; Hf; Ta; A/CNK; A/NK; Fe*; K2O/Na2O; Rb/Sr; Zr/Hf; Eu/Eu*; (La/Yb)N,20260992,20260992,0
R2020,4,validation,GG0005,RCB0005,S,True,A2CFC6311C185EAA2F17BA13E733D522713F64F2850C50F6EEF6E4CE1F592221,,0.04878048780487805,41,SiO2; TiO2; Al2O3; Fe2O3; FeO; MnO; MgO; CaO; Na2O; K2O; P2O5; Rb; Sr; Y; Zr; Nb; Ba; La; Ce; Pr; Nd; Sm; Eu; Gd; Tb; Dy; Ho; Er; Tm; Yb; Lu; Hf; Ta; A/CNK; A/NK; Fe*; K2O/Na2O; Rb/Sr; Zr/Hf; Eu/Eu*; (La/Yb)N,20260992,20260992,0
R2021,4,validation,GG0005,RCB0005,S,True,A2CFC6311C185EAA2F17BA13E733D522713F64F2850C50F6EEF6E4CE1F592221,,0.04878048780487805,41,SiO2; TiO2; Al2O3; Fe2O3; FeO; MnO; MgO; CaO; Na2O; K2O; P2O5; Rb; Sr; Y; Zr; Nb; Ba; La; Ce; Pr; Nd; Sm; Eu; Gd; Tb; Dy; Ho; Er; Tm; Yb; Lu; Hf; Ta; A/CNK; A/NK; Fe*; K2O/Na2O; Rb/Sr; Zr/Hf; Eu/Eu*; (La/Yb)N,20260992,20260992,0
R2022,4,validation,GG0005,RCB0005,S,True,A2CFC6311C185EAA2F17BA13E733D522713F64F2850C50F6EEF6E4CE1F592221,,0.04878048780487805,41,SiO2; TiO2; Al2O3; Fe2O3; FeO; MnO; MgO; CaO; Na2O; K2O; P2O5; Rb; Sr; Y; Zr; Nb; Ba; La; Ce; Pr; Nd; Sm; Eu; Gd; Tb; Dy; Ho; Er; Tm; Yb; Lu; Hf; Ta; A/CNK; A/NK; Fe*; K2O/Na2O; Rb/Sr; Zr/Hf; Eu/Eu*; (La/Yb)N,20260992,20260992,0
R2023,4,validation,GG0005,RCB0005,S,True,A2CFC6311C185EAA2F17BA13E733D522713F64F2850C50F6EEF6E4CE1F592221,,0.04878048780487805,41,SiO2; TiO2; Al2O3; Fe2O3; FeO; MnO; MgO; CaO; Na2O; K2O; P2O5; Rb; Sr; Y; Zr; Nb; Ba; La; Ce; Pr; Nd; Sm; Eu; Gd; Tb; Dy; Ho; Er; Tm; Yb; Lu; Hf; Ta; A/CNK; A/NK; Fe*; K2O/Na2O; Rb/Sr; Zr/Hf; Eu/Eu*; (La/Yb)N,20260992,20260992,0
R2024,4,validation,GG0005,RCB0005,S,True,A2CFC6311C185EAA2F17BA13E733D522713F64F2850C50F6EEF6E4CE1F592221,,0.04878048780487805,41,SiO2; TiO2; Al2O3; Fe2O3; FeO; MnO; MgO; CaO; Na2O; K2O; P2O5; Rb; Sr; Y; Zr; Nb; Ba; La; Ce; Pr; Nd; Sm; Eu; Gd; Tb; Dy; Ho; Er; Tm; Yb; Lu; Hf; Ta; A/CNK; A/NK; Fe*; K2O/Na2O; Rb/Sr; Zr/Hf; Eu/Eu*; (La/Yb)N,20260992,20260992,0
R2025,4,validation,GG0009,RCB0009,I,True,A2CFC6311C185EAA2F17BA13E733D522713F64F2850C50F6EEF6E4CE1F592221,,0.0975609756097561,41,SiO2; TiO2; Al2O3; Fe2O3; FeO; MnO; MgO; CaO; Na2O; K2O; P2O5; Rb; Sr; Y; Zr; Nb; Ba; La; Ce; Pr; Nd; Sm; Eu; Gd; Tb; Dy; Ho; Er; Tm; Yb; Lu; Hf; Ta; A/CNK; A/NK; Fe*; K2O/Na2O; Rb/Sr; Zr/Hf; Eu/Eu*; (La/Yb)N,20260992,20260992,0
R2026,4,validation,GG0009,RCB0009,I,True,A2CFC6311C185EAA2F17BA13E733D522713F64F2850C50F6EEF6E4CE1F592221,,0.0975609756097561,41,SiO2; TiO2; Al2O3; Fe2O3; FeO; MnO; MgO; CaO; Na2O; K2O; P2O5; Rb; Sr; Y; Zr; Nb; Ba; La; Ce; Pr; Nd; Sm; Eu; Gd; Tb; Dy; Ho; Er; Tm; Yb; Lu; Hf; Ta; A/CNK; A/NK; Fe*; K2O/Na2O; Rb/Sr; Zr/Hf; Eu/Eu*; (La/Yb)N,20260992,20260992,0
R2027,4,validation,GG0009,RCB0009,I,True,A2CFC6311C185EAA2F17BA13E733D522713F64F2850C50F6EEF6E4CE1F592221,,0.0975609756097561,41,SiO2; TiO2; Al2O3; Fe2O3; FeO; MnO; MgO; CaO; Na2O; K2O; P2O5; Rb; Sr; Y; Zr; Nb; Ba; La; Ce; Pr; Nd; Sm; Eu; Gd; Tb; Dy; Ho; Er; Tm; Yb; Lu; Hf; Ta; A/CNK; A/NK; Fe*; K2O/Na2O; Rb/Sr; Zr/Hf; Eu/Eu*; (La/Yb)N,20260992,20260992,0
R2028,4,validation,GG0009,RCB0009,I,True,A2CFC6311C185EAA2F17BA13E733D522713F64F2850C50F6EEF6E4CE1F592221,,0.0975609756097561,41,SiO2; TiO2; Al2O3; Fe2O3; FeO; MnO; MgO; CaO; Na2O; K2O; P2O5; Rb; Sr; Y; Zr; Nb; Ba; La; Ce; Pr; Nd; Sm; Eu; Gd; Tb; Dy; Ho; Er; Tm; Yb; Lu; Hf; Ta; A/CNK; A/NK; Fe*; K2O/Na2O; Rb/Sr; Zr/Hf; Eu/Eu*; (La/Yb)N,20260992,20260992,0
R2029,4,validation,GG0009,RCB0009,I,True,A2CFC6311C185EAA2F17BA13E733D522713F64F2850C50F6EEF6E4CE1F592221,,0.0975609756097561,41,SiO2; TiO2; Al2O3; Fe2O3; FeO; MnO; MgO; CaO; Na2O; K2O; P2O5; Rb; Sr; Y; Zr; Nb; Ba; La; Ce; Pr; Nd; Sm; Eu; Gd; Tb; Dy; Ho; Er; Tm; Yb; Lu; Hf; Ta; A/CNK; A/NK; Fe*; K2O/Na2O; Rb/Sr; Zr/Hf; Eu/Eu*; (La/Yb)N,20260992,20260992,0
R2030,4,validation,GG0009,RCB0009,I,True,A2CFC6311C185EAA2F17BA13E733D522713F64F2850C50F6EEF6E4CE1F592221,,0.0975609756097561,41,SiO2; TiO2; Al2O3; Fe2O3; FeO; MnO; MgO; CaO; Na2O; K2O; P2O5; Rb; Sr; Y; Zr; Nb; Ba; La; Ce; Pr; Nd; Sm; Eu; Gd; Tb; Dy; Ho; Er; Tm; Yb; Lu; Hf; Ta; A/CNK; A/NK; Fe*; K2O/Na2O; Rb/Sr; Zr/Hf; Eu/Eu*; (La/Yb)N,20260992,20260992,0
R2031,4,validation,GG0009,RCB0009,I,True,A2CFC6311C185EAA2F17BA13E733D522713F64F2850C50F6EEF6E4CE1F592221,,0.0975609756097561,41,SiO2; TiO2; Al2O3; Fe2O3; FeO; MnO; MgO; CaO; Na2O; K2O; P2O5; Rb; Sr; Y; Zr; Nb; Ba; La; Ce; Pr; Nd; Sm; Eu; Gd; Tb; Dy; Ho; Er; Tm; Yb; Lu; Hf; Ta; A/CNK; A/NK; Fe*; K2O/Na2O; Rb/Sr; Zr/Hf; Eu/Eu*; (La/Yb)N,20260992,20260992,0
R2032,4,validation,GG0009,RCB0009,I,True,A2CFC6311C185EAA2F17BA13E733D522713F64F2850C50F6EEF6E4CE1F592221,,0.0975609756097561,41,SiO2; TiO2; Al2O3; Fe2O3; FeO; MnO; MgO; CaO; Na2O; K2O; P2O5; Rb; Sr; Y; Zr; Nb; Ba; La; Ce; Pr; Nd; Sm; Eu; Gd; Tb; Dy; Ho; Er; Tm; Yb; Lu; Hf; Ta; A/CNK; A/NK; Fe*; K2O/Na2O; Rb/Sr; Zr/Hf; Eu/Eu*; (La/Yb)N,20260992,20260992,0
R2033,4,validation,GG0009,RCB0009,I,True,A2CFC6311C185EAA2F17BA13E733D522713F64F2850C50F6EEF6E4CE1F592221,,0.04878048780487805,41,SiO2; TiO2; Al2O3; Fe2O3; FeO; MnO; MgO; CaO; Na2O; K2O; P2O5; Rb; Sr; Y; Zr; Nb; Ba; La; Ce; Pr; Nd; Sm; Eu; Gd; Tb; Dy; Ho; Er; Tm; Yb; Lu; Hf; Ta; A/CNK; A/NK; Fe*; K2O/Na2O; Rb/Sr; Zr/Hf; Eu/Eu*; (La/Yb)N,20260992,20260992,0
R2034,4,validation,GG0009,RCB0009,I,True,A2CFC6311C185EAA2F17BA13E733D522713F64F2850C50F6EEF6E4CE1F592221,,0.04878048780487805,41,SiO2; TiO2; Al2O3; Fe2O3; FeO; MnO; MgO; CaO; Na2O; K2O; P2O5; Rb; Sr; Y; Zr; Nb; Ba; La; Ce; Pr; Nd; Sm; Eu; Gd; Tb; Dy; Ho; Er; Tm; Yb; Lu; Hf; Ta; A/CNK; A/NK; Fe*; K2O/Na2O; Rb/Sr; Zr/Hf; Eu/Eu*; (La/Yb)N,20260992,20260992,0
R2035,4,validation,GG0009,RCB0009,I,True,A2CFC6311C185EAA2F17BA13E733D522713F64F2850C50F6EEF6E4CE1F592221,,0.04878048780487805,41,SiO2; TiO2; Al2O3; Fe2O3; FeO; MnO; MgO; CaO; Na2O; K2O; P2O5; Rb; Sr; Y; Zr; Nb; Ba; La; Ce; Pr; Nd; Sm; Eu; Gd; Tb; Dy; Ho; Er; Tm; Yb; Lu; Hf; Ta; A/CNK; A/NK; Fe*; K2O/Na2O; Rb/Sr; Zr/Hf; Eu/Eu*; (La/Yb)N,20260992,20260992,0
R2036,4,validation,GG0009,RCB0009,I,True,A2CFC6311C185EAA2F17BA13E733D522713F64F2850C50F6EEF6E4CE1F592221,,0.04878048780487805,41,SiO2; TiO2; Al2O3; Fe2O3; FeO; MnO; MgO; CaO; Na2O; K2O; P2O5; Rb; Sr; Y; Zr; Nb; Ba; La; Ce; Pr; Nd; Sm; Eu; Gd; Tb; Dy; Ho; Er; Tm; Yb; Lu; Hf; Ta; A/CNK; A/NK; Fe*; K2O/Na2O; Rb/Sr; Zr/Hf; Eu/Eu*; (La/Yb)N,20260992,20260992,0
R2037,4,validation,GG0009,RCB0009,I,True,A2CFC6311C185EAA2F17BA13E733D522713F64F2850C50F6EEF6E4CE1F592221,,0.04878048780487805,41,SiO2; TiO2; Al2O3; Fe2O3; FeO; MnO; MgO; CaO; Na2O; K2O; P2O5; Rb; Sr; Y; Zr; Nb; Ba; La; Ce; Pr; Nd; Sm; Eu; Gd; Tb; Dy; Ho; Er; Tm; Yb; Lu; Hf; Ta; A/CNK; A/NK; Fe*; K2O/Na2O; Rb/Sr; Zr/Hf; Eu/Eu*; (La/Yb)N,20260992,20260992,0
R2038,4,validation,GG0009,RCB0009,I,True,A2CFC6311C185EAA2F17BA13E733D522713F64F2850C50F6EEF6E4CE1F592221,,0.04878048780487805,41,SiO2; TiO2; Al2O3; Fe2O3; FeO; MnO; MgO; CaO; Na2O; K2O; P2O5; Rb; Sr; Y; Zr; Nb; Ba; La; Ce; Pr; Nd; Sm; Eu; Gd; Tb; Dy; Ho; Er; Tm; Yb; Lu; Hf; Ta; A/CNK; A/NK; Fe*; K2O/Na2O; Rb/Sr; Zr/Hf; Eu/Eu*; (La/Yb)N,20260992,20260992,0
R2039,4,validation,GG0009,RCB0009,I,True,A2CFC6311C185EAA2F17BA13E733D522713F64F2850C50F6EEF6E4CE1F592221,,0.04878048780487805,41,SiO2; TiO2; Al2O3; Fe2O3; FeO; MnO; MgO; CaO; Na2O; K2O; P2O5; Rb; Sr; Y; Zr; Nb; Ba; La; Ce; Pr; Nd; Sm; Eu; Gd; Tb; Dy; Ho; Er; Tm; Yb; Lu; Hf; Ta; A/CNK; A/NK; Fe*; K2O/Na2O; Rb/Sr; Zr/Hf; Eu/Eu*; (La/Yb)N,20260992,20260992,0
R2040,4,validation,GG0009,RCB0009,I,True,A2CFC6311C185EAA2F17BA13E733D522713F64F2850C50F6EEF6E4CE1F592221,,0.04878048780487805,41,SiO2; TiO2; Al2O3; Fe2O3; FeO; MnO; MgO; CaO; Na2O; K2O; P2O5; Rb; Sr; Y; Zr; Nb; Ba; La; Ce; Pr; Nd; Sm; Eu; Gd; Tb; Dy; Ho; Er; Tm; Yb; Lu; Hf; Ta; A/CNK; A/NK; Fe*; K2O/Na2O; Rb/Sr; Zr/Hf; Eu/Eu*; (La/Yb)N,20260992,20260992,0
R2041,4,validation,GG0009,RCB0009,I,True,A2CFC6311C185EAA2F17BA13E733D522713F64F2850C50F6EEF6E4CE1F592221,,0.04878048780487805,41,SiO2; TiO2; Al2O3; Fe2O3; FeO; MnO; MgO; CaO; Na2O; K2O; P2O5; Rb; Sr; Y; Zr; Nb; Ba; La; Ce; Pr; Nd; Sm; Eu; Gd; Tb; Dy; Ho; Er; Tm; Yb; Lu; Hf; Ta; A/CNK; A/NK; Fe*; K2O/Na2O; Rb/Sr; Zr/Hf; Eu/Eu*; (La/Yb)N,20260992,20260992,0
R2042,4,validation,GG0009,RCB0009,I,True,A2CFC6311C185EAA2F17BA13E733D522713F64F2850C50F6EEF6E4CE1F592221,,0.04878048780487805,41,SiO2; TiO2; Al2O3; Fe2O3; FeO; MnO; MgO; CaO; Na2O; K2O; P2O5; Rb; Sr; Y; Zr; Nb; Ba; La; Ce; Pr; Nd; Sm; Eu; Gd; Tb; Dy; Ho; Er; Tm; Yb; Lu; Hf; Ta; A/CNK; A/NK; Fe*; K2O/Na2O; Rb/Sr; Zr/Hf; Eu/Eu*; (La/Yb)N,20260992,20260992,0
R2043,4,validation,GG0009,RCB0009,I,True,A2CFC6311C185EAA2F17BA13E733D522713F64F2850C50F6EEF6E4CE1F592221,,0.04878048780487805,41,SiO2; TiO2; Al2O3; Fe2O3; FeO; MnO; MgO; CaO; Na2O; K2O; P2O5; Rb; Sr; Y; Zr; Nb; Ba; La; Ce; Pr; Nd; Sm; Eu; Gd; Tb; Dy; Ho; Er; Tm; Yb; Lu; Hf; Ta; A/CNK; A/NK; Fe*; K2O/Na2O; Rb/Sr; Zr/Hf; Eu/Eu*; (La/Yb)N,20260992,20260992,0
R2044,4,validation,GG0009,RCB0009,I,True,A2CFC6311C185EAA2F17BA13E733D522713F64F2850C50F6EEF6E4CE1F592221,,0.04878048780487805,41,SiO2; TiO2; Al2O3; Fe2O3; FeO; MnO; MgO; CaO; Na2O; K2O; P2O5; Rb; Sr; Y; Zr; Nb; Ba; La; Ce; Pr; Nd; Sm; Eu; Gd; Tb; Dy; Ho; Er; Tm; Yb; Lu; Hf; Ta; A/CNK; A/NK; Fe*; K2O/Na2O; Rb/Sr; Zr/Hf; Eu/Eu*; (La/Yb)N,20260992,20260992,0
R2045,4,validation,GG0009,RCB0009,I,True,A2CFC6311C185EAA2F17BA13E733D522713F64F2850C50F6EEF6E4CE1F592221,,0.04878048780487805,41,SiO2; TiO2; Al2O3; Fe2O3; FeO; MnO; MgO; CaO; Na2O; K2O; P2O5; Rb; Sr; Y; Zr; Nb; Ba; La; Ce; Pr; Nd; Sm; Eu; Gd; Tb; Dy; Ho; Er; Tm; Yb; Lu; Hf; Ta; A/CNK; A/NK; Fe*; K2O/Na2O; Rb/Sr; Zr/Hf; Eu/Eu*; (La/Yb)N,20260992,20260992,0
R2046,4,validation,GG0009,RCB0009,I,True,A2CFC6311C185EAA2F17BA13E733D522713F64F2850C50F6EEF6E4CE1F592221,,0.0975609756097561,41,SiO2; TiO2; Al2O3; Fe2O3; FeO; MnO; MgO; CaO; Na2O; K2O; P2O5; Rb; Sr; Y; Zr; Nb; Ba; La; Ce; Pr; Nd; Sm; Eu; Gd; Tb; Dy; Ho; Er; Tm; Yb; Lu; Hf; Ta; A/CNK; A/NK; Fe*; K2O/Na2O; Rb/Sr; Zr/Hf; Eu/Eu*; (La/Yb)N,20260992,20260992,0
R2047,4,validation,GG0009,RCB0009,I,True,A2CFC6311C185EAA2F17BA13E733D522713F64F2850C50F6EEF6E4CE1F592221,,0.0975609756097561,41,SiO2; TiO2; Al2O3; Fe2O3; FeO; MnO; MgO; CaO; Na2O; K2O; P2O5; Rb; Sr; Y; Zr; Nb; Ba; La; Ce; Pr; Nd; Sm; Eu; Gd; Tb; Dy; Ho; Er; Tm; Yb; Lu; Hf; Ta; A/CNK; A/NK; Fe*; K2O/Na2O; Rb/Sr; Zr/Hf; Eu/Eu*; (La/Yb)N,20260992,20260992,0
R2048,4,validation,GG0009,RCB0009,I,True,A2CFC6311C185EAA2F17BA13E733D522713F64F2850C50F6EEF6E4CE1F592221,,0.0975609756097561,41,SiO2; TiO2; Al2O3; Fe2O3; FeO; MnO; MgO; CaO; Na2O; K2O; P2O5; Rb; Sr; Y; Zr; Nb; Ba; La; Ce; Pr; Nd; Sm; Eu; Gd; Tb; Dy; Ho; Er; Tm; Yb; Lu; Hf; Ta; A/CNK; A/NK; Fe*; K2O/Na2O; Rb/Sr; Zr/Hf; Eu/Eu*; (La/Yb)N,20260992,20260992,0
R2049,4,validation,GG0009,RCB0009,I,True,A2CFC6311C185EAA2F17BA13E733D522713F64F2850C50F6EEF6E4CE1F592221,,0.17073170731707318,41,SiO2; TiO2; Al2O3; Fe2O3; FeO; MnO; MgO; CaO; Na2O; K2O; P2O5; Rb; Sr; Y; Zr; Nb; Ba; La; Ce; Pr; Nd; Sm; Eu; Gd; Tb; Dy; Ho; Er; Tm; Yb; Lu; Hf; Ta; A/CNK; A/NK; Fe*; K2O/Na2O; Rb/Sr; Zr/Hf; Eu/Eu*; (La/Yb)N,20260992,20260992,0
R2050,4,validation,GG0009,RCB0009,I,True,A2CFC6311C185EAA2F17BA13E733D522713F64F2850C50F6EEF6E4CE1F592221,,0.17073170731707318,41,SiO2; TiO2; Al2O3; Fe2O3; FeO; MnO; MgO; CaO; Na2O; K2O; P2O5; Rb; Sr; Y; Zr; Nb; Ba; La; Ce; Pr; Nd; Sm; Eu; Gd; Tb; Dy; Ho; Er; Tm; Yb; Lu; Hf; Ta; A/CNK; A/NK; Fe*; K2O/Na2O; Rb/Sr; Zr/Hf; Eu/Eu*; (La/Yb)N,20260992,20260992,0
R2051,4,validation,GG0009,RCB0009,I,True,A2CFC6311C185EAA2F17BA13E733D522713F64F2850C50F6EEF6E4CE1F592221,,0.17073170731707318,41,SiO2; TiO2; Al2O3; Fe2O3; FeO; MnO; MgO; CaO; Na2O; K2O; P2O5; Rb; Sr; Y; Zr; Nb; Ba; La; Ce; Pr; Nd; Sm; Eu; Gd; Tb; Dy; Ho; Er; Tm; Yb; Lu; Hf; Ta; A/CNK; A/NK; Fe*; K2O/Na2O; Rb/Sr; Zr/Hf; Eu/Eu*; (La/Yb)N,20260992,20260992,0
R2052,4,validation,GG0009,RCB0009,I,True,A2CFC6311C185EAA2F17BA13E733D522713F64F2850C50F6EEF6E4CE1F592221,,0.17073170731707318,41,SiO2; TiO2; Al2O3; Fe2O3; FeO; MnO; MgO; CaO; Na2O; K2O; P2O5; Rb; Sr; Y; Zr; Nb; Ba; La; Ce; Pr; Nd; Sm; Eu; Gd; Tb; Dy; Ho; Er; Tm; Yb; Lu; Hf; Ta; A/CNK; A/NK; Fe*; K2O/Na2O; Rb/Sr; Zr/Hf; Eu/Eu*; (La/Yb)N,20260992,20260992,0
R2053,4,validation,GG0009,RCB0009,I,True,A2CFC6311C185EAA2F17BA13E733D522713F64F2850C50F6EEF6E4CE1F592221,,0.17073170731707318,41,SiO2; TiO2; Al2O3; Fe2O3; FeO; MnO; MgO; CaO; Na2O; K2O; P2O5; Rb; Sr; Y; Zr; Nb; Ba; La; Ce; Pr; Nd; Sm; Eu; Gd; Tb; Dy; Ho; Er; Tm; Yb; Lu; Hf; Ta; A/CNK; A/NK; Fe*; K2O/Na2O; Rb/Sr; Zr/Hf; Eu/Eu*; (La/Yb)N,20260992,20260992,0
R2054,4,validation,GG0009,RCB0009,I,True,A2CFC6311C185EAA2F17BA13E733D522713F64F2850C50F6EEF6E4CE1F592221,,0.17073170731707318,41,SiO2; TiO2; Al2O3; Fe2O3; FeO; MnO; MgO; CaO; Na2O; K2O; P2O5; Rb; Sr; Y; Zr; Nb; Ba; La; Ce; Pr; Nd; Sm; Eu; Gd; Tb; Dy; Ho; Er; Tm; Yb; Lu; Hf; Ta; A/CNK; A/NK; Fe*; K2O/Na2O; Rb/Sr; Zr/Hf; Eu/Eu*; (La/Yb)N,20260992,20260992,0
R2055,4,validation,GG0009,RCB0009,I,True,A2CFC6311C185EAA2F17BA13E733D522713F64F2850C50F6EEF6E4CE1F592221,,0.17073170731707318,41,SiO2; TiO2; Al2O3; Fe2O3; FeO; MnO; MgO; CaO; Na2O; K2O; P2O5; Rb; Sr; Y; Zr; Nb; Ba; La; Ce; Pr; Nd; Sm; Eu; Gd; Tb; Dy; Ho; Er; Tm; Yb; Lu; Hf; Ta; A/CNK; A/NK; Fe*; K2O/Na2O; Rb/Sr; Zr/Hf; Eu/Eu*; (La/Yb)N,20260992,20260992,0
R2056,4,validation,GG0009,RCB0009,I,True,A2CFC6311C185EAA2F17BA13E733D522713F64F2850C50F6EEF6E4CE1F592221,,0.17073170731707318,41,SiO2; TiO2; Al2O3; Fe2O3; FeO; MnO; MgO; CaO; Na2O; K2O; P2O5; Rb; Sr; Y; Zr; Nb; Ba; La; Ce; Pr; Nd; Sm; Eu; Gd; Tb; Dy; Ho; Er; Tm; Yb; Lu; Hf; Ta; A/CNK; A/NK; Fe*; K2O/Na2O; Rb/Sr; Zr/Hf; Eu/Eu*; (La/Yb)N,20260992,20260992,0
R2057,4,validation,GG0009,RCB0009,I,True,A2CFC6311C185EAA2F17BA13E733D522713F64F2850C50F6EEF6E4CE1F592221,,0.0975609756097561,41,SiO2; TiO2; Al2O3; Fe2O3; FeO; MnO; MgO; CaO; Na2O; K2O; P2O5; Rb; Sr; Y; Zr; Nb; Ba; La; Ce; Pr; Nd; Sm; Eu; Gd; Tb; Dy; Ho; Er; Tm; Yb; Lu; Hf; Ta; A/CNK; A/NK; Fe*; K2O/Na2O; Rb/Sr; Zr/Hf; Eu/Eu*; (La/Yb)N,20260992,20260992,0
R2058,4,validation,GG0009,RCB0009,I,True,A2CFC6311C185EAA2F17BA13E733D522713F64F2850C50F6EEF6E4CE1F592221,,0.0975609756097561,41,SiO2; TiO2; Al2O3; Fe2O3; FeO; MnO; MgO; CaO; Na2O; K2O; P2O5; Rb; Sr; Y; Zr; Nb; Ba; La; Ce; Pr; Nd; Sm; Eu; Gd; Tb; Dy; Ho; Er; Tm; Yb; Lu; Hf; Ta; A/CNK; A/NK; Fe*; K2O/Na2O; Rb/Sr; Zr/Hf; Eu/Eu*; (La/Yb)N,20260992,20260992,0
R2059,4,validation,GG0009,RCB0009,I,True,A2CFC6311C185EAA2F17BA13E733D522713F64F2850C50F6EEF6E4CE1F592221,,0.0975609756097561,41,SiO2; TiO2; Al2O3; Fe2O3; FeO; MnO; MgO; CaO; Na2O; K2O; P2O5; Rb; Sr; Y; Zr; Nb; Ba; La; Ce; Pr; Nd; Sm; Eu; Gd; Tb; Dy; Ho; Er; Tm; Yb; Lu; Hf; Ta; A/CNK; A/NK; Fe*; K2O/Na2O; Rb/Sr; Zr/Hf; Eu/Eu*; (La/Yb)N,20260992,20260992,0
R2060,4,validation,GG0009,RCB0009,I,True,A2CFC6311C185EAA2F17BA13E733D522713F64F2850C50F6EEF6E4CE1F592221,,0.0975609756097561,41,SiO2; TiO2; Al2O3; Fe2O3; FeO; MnO; MgO; CaO; Na2O; K2O; P2O5; Rb; Sr; Y; Zr; Nb; Ba; La; Ce; Pr; Nd; Sm; Eu; Gd; Tb; Dy; Ho; Er; Tm; Yb; Lu; Hf; Ta; A/CNK; A/NK; Fe*; K2O/Na2O; Rb/Sr; Zr/Hf; Eu/Eu*; (La/Yb)N,20260992,20260992,0
R2061,4,validation,GG0009,RCB0009,I,True,A2CFC6311C185EAA2F17BA13E733D522713F64F2850C50F6EEF6E4CE1F592221,,0.0975609756097561,41,SiO2; TiO2; Al2O3; Fe2O3; FeO; MnO; MgO; CaO; Na2O; K2O; P2O5; Rb; Sr; Y; Zr; Nb; Ba; La; Ce; Pr; Nd; Sm; Eu; Gd; Tb; Dy; Ho; Er; Tm; Yb; Lu; Hf; Ta; A/CNK; A/NK; Fe*; K2O/Na2O; Rb/Sr; Zr/Hf; Eu/Eu*; (La/Yb)N,20260992,20260992,0
R2062,4,validation,GG0009,RCB0009,I,True,A2CFC6311C185EAA2F17BA13E733D522713F64F2850C50F6EEF6E4CE1F592221,,0.0975609756097561,41,SiO2; TiO2; Al2O3; Fe2O3; FeO; MnO; MgO; CaO; Na2O; K2O; P2O5; Rb; Sr; Y; Zr; Nb; Ba; La; Ce; Pr; Nd; Sm; Eu; Gd; Tb; Dy; Ho; Er; Tm; Yb; Lu; Hf; Ta; A/CNK; A/NK; Fe*; K2O/Na2O; Rb/Sr; Zr/Hf; Eu/Eu*; (La/Yb)N,20260992,20260992,0
R2063,4,validation,GG0009,RCB0009,I,True,A2CFC6311C185EAA2F17BA13E733D522713F64F2850C50F6EEF6E4CE1F592221,,0.0975609756097561,41,SiO2; TiO2; Al2O3; Fe2O3; FeO; MnO; MgO; CaO; Na2O; K2O; P2O5; Rb; Sr; Y; Zr; Nb; Ba; La; Ce; Pr; Nd; Sm; Eu; Gd; Tb; Dy; Ho; Er; Tm; Yb; Lu; Hf; Ta; A/CNK; A/NK; Fe*; K2O/Na2O; Rb/Sr; Zr/Hf; Eu/Eu*; (La/Yb)N,20260992,20260992,0
R2064,4,validation,GG0009,RCB0009,I,True,A2CFC6311C185EAA2F17BA13E733D522713F64F2850C50F6EEF6E4CE1F592221,,0.0975609756097561,41,SiO2; TiO2; Al2O3; Fe2O3; FeO; MnO; MgO; CaO; Na2O; K2O; P2O5; Rb; Sr; Y; Zr; Nb; Ba; La; Ce; Pr; Nd; Sm; Eu; Gd; Tb; Dy; Ho; Er; Tm; Yb; Lu; Hf; Ta; A/CNK; A/NK; Fe*; K2O/Na2O; Rb/Sr; Zr/Hf; Eu/Eu*; (La/Yb)N,20260992,20260992,0
R2065,4,validation,GG0009,RCB0009,I,True,A2CFC6311C185EAA2F17BA13E733D522713F64F2850C50F6EEF6E4CE1F592221,,0.0975609756097561,41,SiO2; TiO2; Al2O3; Fe2O3; FeO; MnO; MgO; CaO; Na2O; K2O; P2O5; Rb; Sr; Y; Zr; Nb; Ba; La; Ce; Pr; Nd; Sm; Eu; Gd; Tb; Dy; Ho; Er; Tm; Yb; Lu; Hf; Ta; A/CNK; A/NK; Fe*; K2O/Na2O; Rb/Sr; Zr/Hf; Eu/Eu*; (La/Yb)N,20260992,20260992,0
R2066,4,validation,GG0009,RCB0009,I,True,A2CFC6311C185EAA2F17BA13E733D522713F64F2850C50F6EEF6E4CE1F592221,,0.0975609756097561,41,SiO2; TiO2; Al2O3; Fe2O3; FeO; MnO; MgO; CaO; Na2O; K2O; P2O5; Rb; Sr; Y; Zr; Nb; Ba; La; Ce; Pr; Nd; Sm; Eu; Gd; Tb; Dy; Ho; Er; Tm; Yb; Lu; Hf; Ta; A/CNK; A/NK; Fe*; K2O/Na2O; Rb/Sr; Zr/Hf; Eu/Eu*; (La/Yb)N,20260992,20260992,0
R2067,4,validation,GG0009,RCB0009,I,True,A2CFC6311C185EAA2F17BA13E733D522713F64F2850C50F6EEF6E4CE1F592221,,0.0975609756097561,41,SiO2; TiO2; Al2O3; Fe2O3; FeO; MnO; MgO; CaO; Na2O; K2O; P2O5; Rb; Sr; Y; Zr; Nb; Ba; La; Ce; Pr; Nd; Sm; Eu; Gd; Tb; Dy; Ho; Er; Tm; Yb; Lu; Hf; Ta; A/CNK; A/NK; Fe*; K2O/Na2O; Rb/Sr; Zr/Hf; Eu/Eu*; (La/Yb)N,20260992,20260992,0
R2068,4,validation,GG0009,RCB0009,I,True,A2CFC6311C185EAA2F17BA13E733D522713F64F2850C50F6EEF6E4CE1F592221,,0.0975609756097561,41,SiO2; TiO2; Al2O3; Fe2O3; FeO; MnO; MgO; CaO; Na2O; K2O; P2O5; Rb; Sr; Y; Zr; Nb; Ba; La; Ce; Pr; Nd; Sm; Eu; Gd; Tb; Dy; Ho; Er; Tm; Yb; Lu; Hf; Ta; A/CNK; A/NK; Fe*; K2O/Na2O; Rb/Sr; Zr/Hf; Eu/Eu*; (La/Yb)N,20260992,20260992,0
R2069,4,validation,GG0009,RCB0009,I,True,A2CFC6311C185EAA2F17BA13E733D522713F64F2850C50F6EEF6E4CE1F592221,,0.0975609756097561,41,SiO2; TiO2; Al2O3; Fe2O3; FeO; MnO; MgO; CaO; Na2O; K2O; P2O5; Rb; Sr; Y; Zr; Nb; Ba; La; Ce; Pr; Nd; Sm; Eu; Gd; Tb; Dy; Ho; Er; Tm; Yb; Lu; Hf; Ta; A/CNK; A/NK; Fe*; K2O/Na2O; Rb/Sr; Zr/Hf; Eu/Eu*; (La/Yb)N,20260992,20260992,0
R2070,4,validation,GG0009,RCB0009,I,True,A2CFC6311C185EAA2F17BA13E733D522713F64F2850C50F6EEF6E4CE1F592221,,0.0975609756097561,41,SiO2; TiO2; Al2O3; Fe2O3; FeO; MnO; MgO; CaO; Na2O; K2O; P2O5; Rb; Sr; Y; Zr; Nb; Ba; La; Ce; Pr; Nd; Sm; Eu; Gd; Tb; Dy; Ho; Er; Tm; Yb; Lu; Hf; Ta; A/CNK; A/NK; Fe*; K2O/Na2O; Rb/Sr; Zr/Hf; Eu/Eu*; (La/Yb)N,20260992,20260992,0
R2071,4,validation,GG0009,RCB0009,I,True,A2CFC6311C185EAA2F17BA13E733D522713F64F2850C50F6EEF6E4CE1F592221,,0.0975609756097561,41,SiO2; TiO2; Al2O3; Fe2O3; FeO; MnO; MgO; CaO; Na2O; K2O; P2O5; Rb; Sr; Y; Zr; Nb; Ba; La; Ce; Pr; Nd; Sm; Eu; Gd; Tb; Dy; Ho; Er; Tm; Yb; Lu; Hf; Ta; A/CNK; A/NK; Fe*; K2O/Na2O; Rb/Sr; Zr/Hf; Eu/Eu*; (La/Yb)N,20260992,20260992,0
R2072,4,validation,GG0009,RCB0009,I,True,A2CFC6311C185EAA2F17BA13E733D522713F64F2850C50F6EEF6E4CE1F592221,,0.0975609756097561,41,SiO2; TiO2; Al2O3; Fe2O3; FeO; MnO; MgO; CaO; Na2O; K2O; P2O5; Rb; Sr; Y; Zr; Nb; Ba; La; Ce; Pr; Nd; Sm; Eu; Gd; Tb; Dy; Ho; Er; Tm; Yb; Lu; Hf; Ta; A/CNK; A/NK; Fe*; K2O/Na2O; Rb/Sr; Zr/Hf; Eu/Eu*; (La/Yb)N,20260992,20260992,0
R2073,4,validation,GG0009,RCB0009,I,True,A2CFC6311C185EAA2F17BA13E733D522713F64F2850C50F6EEF6E4CE1F592221,,0.0975609756097561,41,SiO2; TiO2; Al2O3; Fe2O3; FeO; MnO; MgO; CaO; Na2O; K2O; P2O5; Rb; Sr; Y; Zr; Nb; Ba; La; Ce; Pr; Nd; Sm; Eu; Gd; Tb; Dy; Ho; Er; Tm; Yb; Lu; Hf; Ta; A/CNK; A/NK; Fe*; K2O/Na2O; Rb/Sr; Zr/Hf; Eu/Eu*; (La/Yb)N,20260992,20260992,0
R2074,4,validation,GG0009,RCB0009,I,True,A2CFC6311C185EAA2F17BA13E733D522713F64F2850C50F6EEF6E4CE1F592221,,0.0975609756097561,41,SiO2; TiO2; Al2O3; Fe2O3; FeO; MnO; MgO; CaO; Na2O; K2O; P2O5; Rb; Sr; Y; Zr; Nb; Ba; La; Ce; Pr; Nd; Sm; Eu; Gd; Tb; Dy; Ho; Er; Tm; Yb; Lu; Hf; Ta; A/CNK; A/NK; Fe*; K2O/Na2O; Rb/Sr; Zr/Hf; Eu/Eu*; (La/Yb)N,20260992,20260992,0
R2075,4,validation,GG0009,RCB0009,I,True,A2CFC6311C185EAA2F17BA13E733D522713F64F2850C50F6EEF6E4CE1F592221,,0.0975609756097561,41,SiO2; TiO2; Al2O3; Fe2O3; FeO; MnO; MgO; CaO; Na2O; K2O; P2O5; Rb; Sr; Y; Zr; Nb; Ba; La; Ce; Pr; Nd; Sm; Eu; Gd; Tb; Dy; Ho; Er; Tm; Yb; Lu; Hf; Ta; A/CNK; A/NK; Fe*; K2O/Na2O; Rb/Sr; Zr/Hf; Eu/Eu*; (La/Yb)N,20260992,20260992,0
R2076,4,validation,GG0009,RCB0009,I,True,A2CFC6311C185EAA2F17BA13E733D522713F64F2850C50F6EEF6E4CE1F592221,,0.0975609756097561,41,SiO2; TiO2; Al2O3; Fe2O3; FeO; MnO; MgO; CaO; Na2O; K2O; P2O5; Rb; Sr; Y; Zr; Nb; Ba; La; Ce; Pr; Nd; Sm; Eu; Gd; Tb; Dy; Ho; Er; Tm; Yb; Lu; Hf; Ta; A/CNK; A/NK; Fe*; K2O/Na2O; Rb/Sr; Zr/Hf; Eu/Eu*; (La/Yb)N,20260992,20260992,0
R2077,4,validation,GG0009,RCB0009,I,True,A2CFC6311C185EAA2F17BA13E733D522713F64F2850C50F6EEF6E4CE1F592221,,0.0975609756097561,41,SiO2; TiO2; Al2O3; Fe2O3; FeO; MnO; MgO; CaO; Na2O; K2O; P2O5; Rb; Sr; Y; Zr; Nb; Ba; La; Ce; Pr; Nd; Sm; Eu; Gd; Tb; Dy; Ho; Er; Tm; Yb; Lu; Hf; Ta; A/CNK; A/NK; Fe*; K2O/Na2O; Rb/Sr; Zr/Hf; Eu/Eu*; (La/Yb)N,20260992,20260992,0
R2078,4,validation,GG0009,RCB0009,I,True,A2CFC6311C185EAA2F17BA13E733D522713F64F2850C50F6EEF6E4CE1F592221,,0.0975609756097561,41,SiO2; TiO2; Al2O3; Fe2O3; FeO; MnO; MgO; CaO; Na2O; K2O; P2O5; Rb; Sr; Y; Zr; Nb; Ba; La; Ce; Pr; Nd; Sm; Eu; Gd; Tb; Dy; Ho; Er; Tm; Yb; Lu; Hf; Ta; A/CNK; A/NK; Fe*; K2O/Na2O; Rb/Sr; Zr/Hf; Eu/Eu*; (La/Yb)N,20260992,20260992,0
R2079,4,validation,GG0009,RCB0009,I,True,A2CFC6311C185EAA2F17BA13E733D522713F64F2850C50F6EEF6E4CE1F592221,,0.0975609756097561,41,SiO2; TiO2; Al2O3; Fe2O3; FeO; MnO; MgO; CaO; Na2O; K2O; P2O5; Rb; Sr; Y; Zr; Nb; Ba; La; Ce; Pr; Nd; Sm; Eu; Gd; Tb; Dy; Ho; Er; Tm; Yb; Lu; Hf; Ta; A/CNK; A/NK; Fe*; K2O/Na2O; Rb/Sr; Zr/Hf; Eu/Eu*; (La/Yb)N,20260992,20260992,0
R2338,4,validation,GG0004,RCB0004,I,False,A2CFC6311C185EAA2F17BA13E733D522713F64F2850C50F6EEF6E4CE1F592221,row_missingness_at_or_above_threshold,0.6341463414634146,41,SiO2; TiO2; Al2O3; Fe2O3; FeO; MnO; MgO; CaO; Na2O; K2O; P2O5; Rb; Sr; Y; Zr; Nb; Ba; La; Ce; Pr; Nd; Sm; Eu; Gd; Tb; Dy; Ho; Er; Tm; Yb; Lu; Hf; Ta; A/CNK; A/NK; Fe*; K2O/Na2O; Rb/Sr; Zr/Hf; Eu/Eu*; (La/Yb)N,20260992,20260992,0
R2339,4,validation,GG0004,RCB0004,I,False,A2CFC6311C185EAA2F17BA13E733D522713F64F2850C50F6EEF6E4CE1F592221,row_missingness_at_or_above_threshold,0.7317073170731707,41,SiO2; TiO2; Al2O3; Fe2O3; FeO; MnO; MgO; CaO; Na2O; K2O; P2O5; Rb; Sr; Y; Zr; Nb; Ba; La; Ce; Pr; Nd; Sm; Eu; Gd; Tb; Dy; Ho; Er; Tm; Yb; Lu; Hf; Ta; A/CNK; A/NK; Fe*; K2O/Na2O; Rb/Sr; Zr/Hf; Eu/Eu*; (La/Yb)N,20260992,20260992,0
R2340,4,validation,GG0004,RCB0004,I,False,A2CFC6311C185EAA2F17BA13E733D522713F64F2850C50F6EEF6E4CE1F592221,row_missingness_at_or_above_threshold,0.7317073170731707,41,SiO2; TiO2; Al2O3; Fe2O3; FeO; MnO; MgO; CaO; Na2O; K2O; P2O5; Rb; Sr; Y; Zr; Nb; Ba; La; Ce; Pr; Nd; Sm; Eu; Gd; Tb; Dy; Ho; Er; Tm; Yb; Lu; Hf; Ta; A/CNK; A/NK; Fe*; K2O/Na2O; Rb/Sr; Zr/Hf; Eu/Eu*; (La/Yb)N,20260992,20260992,0
R2341,4,validation,GG0004,RCB0004,I,False,A2CFC6311C185EAA2F17BA13E733D522713F64F2850C50F6EEF6E4CE1F592221,row_missingness_at_or_above_threshold,0.6341463414634146,41,SiO2; TiO2; Al2O3; Fe2O3; FeO; MnO; MgO; CaO; Na2O; K2O; P2O5; Rb; Sr; Y; Zr; Nb; Ba; La; Ce; Pr; Nd; Sm; Eu; Gd; Tb; Dy; Ho; Er; Tm; Yb; Lu; Hf; Ta; A/CNK; A/NK; Fe*; K2O/Na2O; Rb/Sr; Zr/Hf; Eu/Eu*; (La/Yb)N,20260992,20260992,0
R2342,4,validation,GG0004,RCB0004,I,False,A2CFC6311C185EAA2F17BA13E733D522713F64F2850C50F6EEF6E4CE1F592221,row_missingness_at_or_above_threshold,0.6341463414634146,41,SiO2; TiO2; Al2O3; Fe2O3; FeO; MnO; MgO; CaO; Na2O; K2O; P2O5; Rb; Sr; Y; Zr; Nb; Ba; La; Ce; Pr; Nd; Sm; Eu; Gd; Tb; Dy; Ho; Er; Tm; Yb; Lu; Hf; Ta; A/CNK; A/NK; Fe*; K2O/Na2O; Rb/Sr; Zr/Hf; Eu/Eu*; (La/Yb)N,20260992,20260992,0
R2343,4,validation,GG0004,RCB0004,I,False,A2CFC6311C185EAA2F17BA13E733D522713F64F2850C50F6EEF6E4CE1F592221,row_missingness_at_or_above_threshold,0.7317073170731707,41,SiO2; TiO2; Al2O3; Fe2O3; FeO; MnO; MgO; CaO; Na2O; K2O; P2O5; Rb; Sr; Y; Zr; Nb; Ba; La; Ce; Pr; Nd; Sm; Eu; Gd; Tb; Dy; Ho; Er; Tm; Yb; Lu; Hf; Ta; A/CNK; A/NK; Fe*; K2O/Na2O; Rb/Sr; Zr/Hf; Eu/Eu*; (La/Yb)N,20260992,20260992,0
R2344,4,validation,GG0004,RCB0004,I,False,A2CFC6311C185EAA2F17BA13E733D522713F64F2850C50F6EEF6E4CE1F592221,row_missingness_at_or_above_threshold,0.7317073170731707,41,SiO2; TiO2; Al2O3; Fe2O3; FeO; MnO; MgO; CaO; Na2O; K2O; P2O5; Rb; Sr; Y; Zr; Nb; Ba; La; Ce; Pr; Nd; Sm; Eu; Gd; Tb; Dy; Ho; Er; Tm; Yb; Lu; Hf; Ta; A/CNK; A/NK; Fe*; K2O/Na2O; Rb/Sr; Zr/Hf; Eu/Eu*; (La/Yb)N,20260992,20260992,0
R2345,4,validation,GG0004,RCB0004,I,False,A2CFC6311C185EAA2F17BA13E733D522713F64F2850C50F6EEF6E4CE1F592221,row_missingness_at_or_above_threshold,0.7317073170731707,41,SiO2; TiO2; Al2O3; Fe2O3; FeO; MnO; MgO; CaO; Na2O; K2O; P2O5; Rb; Sr; Y; Zr; Nb; Ba; La; Ce; Pr; Nd; Sm; Eu; Gd; Tb; Dy; Ho; Er; Tm; Yb; Lu; Hf; Ta; A/CNK; A/NK; Fe*; K2O/Na2O; Rb/Sr; Zr/Hf; Eu/Eu*; (La/Yb)N,20260992,20260992,0
R2346,4,validation,GG0004,RCB0004,I,False,A2CFC6311C185EAA2F17BA13E733D522713F64F2850C50F6EEF6E4CE1F592221,row_missingness_at_or_above_threshold,0.6341463414634146,41,SiO2; TiO2; Al2O3; Fe2O3; FeO; MnO; MgO; CaO; Na2O; K2O; P2O5; Rb; Sr; Y; Zr; Nb; Ba; La; Ce; Pr; Nd; Sm; Eu; Gd; Tb; Dy; Ho; Er; Tm; Yb; Lu; Hf; Ta; A/CNK; A/NK; Fe*; K2O/Na2O; Rb/Sr; Zr/Hf; Eu/Eu*; (La/Yb)N,20260992,20260992,0
R2347,4,validation,GG0004,RCB0004,I,False,A2CFC6311C185EAA2F17BA13E733D522713F64F2850C50F6EEF6E4CE1F592221,row_missingness_at_or_above_threshold,0.6341463414634146,41,SiO2; TiO2; Al2O3; Fe2O3; FeO; MnO; MgO; CaO; Na2O; K2O; P2O5; Rb; Sr; Y; Zr; Nb; Ba; La; Ce; Pr; Nd; Sm; Eu; Gd; Tb; Dy; Ho; Er; Tm; Yb; Lu; Hf; Ta; A/CNK; A/NK; Fe*; K2O/Na2O; Rb/Sr; Zr/Hf; Eu/Eu*; (La/Yb)N,20260992,20260992,0
R2348,4,validation,GG0004,RCB0004,I,False,A2CFC6311C185EAA2F17BA13E733D522713F64F2850C50F6EEF6E4CE1F592221,row_missingness_at_or_above_threshold,0.7317073170731707,41,SiO2; TiO2; Al2O3; Fe2O3; FeO; MnO; MgO; CaO; Na2O; K2O; P2O5; Rb; Sr; Y; Zr; Nb; Ba; La; Ce; Pr; Nd; Sm; Eu; Gd; Tb; Dy; Ho; Er; Tm; Yb; Lu; Hf; Ta; A/CNK; A/NK; Fe*; K2O/Na2O; Rb/Sr; Zr/Hf; Eu/Eu*; (La/Yb)N,20260992,20260992,0
R2349,4,validation,GG0004,RCB0004,I,False,A2CFC6311C185EAA2F17BA13E733D522713F64F2850C50F6EEF6E4CE1F592221,row_missingness_at_or_above_threshold,0.7317073170731707,41,SiO2; TiO2; Al2O3; Fe2O3; FeO; MnO; MgO; CaO; Na2O; K2O; P2O5; Rb; Sr; Y; Zr; Nb; Ba; La; Ce; Pr; Nd; Sm; Eu; Gd; Tb; Dy; Ho; Er; Tm; Yb; Lu; Hf; Ta; A/CNK; A/NK; Fe*; K2O/Na2O; Rb/Sr; Zr/Hf; Eu/Eu*; (La/Yb)N,20260992,20260992,0
R2350,4,validation,GG0004,RCB0004,I,False,A2CFC6311C185EAA2F17BA13E733D522713F64F2850C50F6EEF6E4CE1F592221,row_missingness_at_or_above_threshold,0.7317073170731707,41,SiO2; TiO2; Al2O3; Fe2O3; FeO; MnO; MgO; CaO; Na2O; K2O; P2O5; Rb; Sr; Y; Zr; Nb; Ba; La; Ce; Pr; Nd; Sm; Eu; Gd; Tb; Dy; Ho; Er; Tm; Yb; Lu; Hf; Ta; A/CNK; A/NK; Fe*; K2O/Na2O; Rb/Sr; Zr/Hf; Eu/Eu*; (La/Yb)N,20260992,20260992,0
R2351,4,validation,GG0004,RCB0004,I,False,A2CFC6311C185EAA2F17BA13E733D522713F64F2850C50F6EEF6E4CE1F592221,row_missingness_at_or_above_threshold,0.6341463414634146,41,SiO2; TiO2; Al2O3; Fe2O3; FeO; MnO; MgO; CaO; Na2O; K2O; P2O5; Rb; Sr; Y; Zr; Nb; Ba; La; Ce; Pr; Nd; Sm; Eu; Gd; Tb; Dy; Ho; Er; Tm; Yb; Lu; Hf; Ta; A/CNK; A/NK; Fe*; K2O/Na2O; Rb/Sr; Zr/Hf; Eu/Eu*; (La/Yb)N,20260992,20260992,0
R2352,4,validation,GG0004,RCB0004,I,False,A2CFC6311C185EAA2F17BA13E733D522713F64F2850C50F6EEF6E4CE1F592221,row_missingness_at_or_above_threshold,0.7317073170731707,41,SiO2; TiO2; Al2O3; Fe2O3; FeO; MnO; MgO; CaO; Na2O; K2O; P2O5; Rb; Sr; Y; Zr; Nb; Ba; La; Ce; Pr; Nd; Sm; Eu; Gd; Tb; Dy; Ho; Er; Tm; Yb; Lu; Hf; Ta; A/CNK; A/NK; Fe*; K2O/Na2O; Rb/Sr; Zr/Hf; Eu/Eu*; (La/Yb)N,20260992,20260992,0
R2353,4,validation,GG0004,RCB0004,I,False,A2CFC6311C185EAA2F17BA13E733D522713F64F2850C50F6EEF6E4CE1F592221,row_missingness_at_or_above_threshold,0.7317073170731707,41,SiO2; TiO2; Al2O3; Fe2O3; FeO; MnO; MgO; CaO; Na2O; K2O; P2O5; Rb; Sr; Y; Zr; Nb; Ba; La; Ce; Pr; Nd; Sm; Eu; Gd; Tb; Dy; Ho; Er; Tm; Yb; Lu; Hf; Ta; A/CNK; A/NK; Fe*; K2O/Na2O; Rb/Sr; Zr/Hf; Eu/Eu*; (La/Yb)N,20260992,20260992,0
R2354,4,validation,GG0004,RCB0004,I,False,A2CFC6311C185EAA2F17BA13E733D522713F64F2850C50F6EEF6E4CE1F592221,row_missingness_at_or_above_threshold,0.7317073170731707,41,SiO2; TiO2; Al2O3; Fe2O3; FeO; MnO; MgO; CaO; Na2O; K2O; P2O5; Rb; Sr; Y; Zr; Nb; Ba; La; Ce; Pr; Nd; Sm; Eu; Gd; Tb; Dy; Ho; Er; Tm; Yb; Lu; Hf; Ta; A/CNK; A/NK; Fe*; K2O/Na2O; Rb/Sr; Zr/Hf; Eu/Eu*; (La/Yb)N,20260992,20260992,0
R2355,4,validation,GG0004,RCB0004,I,False,A2CFC6311C185EAA2F17BA13E733D522713F64F2850C50F6EEF6E4CE1F592221,row_missingness_at_or_above_threshold,0.7317073170731707,41,SiO2; TiO2; Al2O3; Fe2O3; FeO; MnO; MgO; CaO; Na2O; K2O; P2O5; Rb; Sr; Y; Zr; Nb; Ba; La; Ce; Pr; Nd; Sm; Eu; Gd; Tb; Dy; Ho; Er; Tm; Yb; Lu; Hf; Ta; A/CNK; A/NK; Fe*; K2O/Na2O; Rb/Sr; Zr/Hf; Eu/Eu*; (La/Yb)N,20260992,20260992,0
R2356,4,validation,GG0004,RCB0004,I,False,A2CFC6311C185EAA2F17BA13E733D522713F64F2850C50F6EEF6E4CE1F592221,row_missingness_at_or_above_threshold,0.7317073170731707,41,SiO2; TiO2; Al2O3; Fe2O3; FeO; MnO; MgO; CaO; Na2O; K2O; P2O5; Rb; Sr; Y; Zr; Nb; Ba; La; Ce; Pr; Nd; Sm; Eu; Gd; Tb; Dy; Ho; Er; Tm; Yb; Lu; Hf; Ta; A/CNK; A/NK; Fe*; K2O/Na2O; Rb/Sr; Zr/Hf; Eu/Eu*; (La/Yb)N,20260992,20260992,0
R2357,4,validation,GG0004,RCB0004,I,False,A2CFC6311C185EAA2F17BA13E733D522713F64F2850C50F6EEF6E4CE1F592221,row_missingness_at_or_above_threshold,0.7317073170731707,41,SiO2; TiO2; Al2O3; Fe2O3; FeO; MnO; MgO; CaO; Na2O; K2O; P2O5; Rb; Sr; Y; Zr; Nb; Ba; La; Ce; Pr; Nd; Sm; Eu; Gd; Tb; Dy; Ho; Er; Tm; Yb; Lu; Hf; Ta; A/CNK; A/NK; Fe*; K2O/Na2O; Rb/Sr; Zr/Hf; Eu/Eu*; (La/Yb)N,20260992,20260992,0
R2358,4,validation,GG0004,RCB0004,I,True,A2CFC6311C185EAA2F17BA13E733D522713F64F2850C50F6EEF6E4CE1F592221,,0.14634146341463414,41,SiO2; TiO2; Al2O3; Fe2O3; FeO; MnO; MgO; CaO; Na2O; K2O; P2O5; Rb; Sr; Y; Zr; Nb; Ba; La; Ce; Pr; Nd; Sm; Eu; Gd; Tb; Dy; Ho; Er; Tm; Yb; Lu; Hf; Ta; A/CNK; A/NK; Fe*; K2O/Na2O; Rb/Sr; Zr/Hf; Eu/Eu*; (La/Yb)N,20260992,20260992,0
R2359,4,validation,GG0004,RCB0004,I,True,A2CFC6311C185EAA2F17BA13E733D522713F64F2850C50F6EEF6E4CE1F592221,,0.14634146341463414,41,SiO2; TiO2; Al2O3; Fe2O3; FeO; MnO; MgO; CaO; Na2O; K2O; P2O5; Rb; Sr; Y; Zr; Nb; Ba; La; Ce; Pr; Nd; Sm; Eu; Gd; Tb; Dy; Ho; Er; Tm; Yb; Lu; Hf; Ta; A/CNK; A/NK; Fe*; K2O/Na2O; Rb/Sr; Zr/Hf; Eu/Eu*; (La/Yb)N,20260992,20260992,0
R2360,4,validation,GG0004,RCB0004,I,True,A2CFC6311C185EAA2F17BA13E733D522713F64F2850C50F6EEF6E4CE1F592221,,0.14634146341463414,41,SiO2; TiO2; Al2O3; Fe2O3; FeO; MnO; MgO; CaO; Na2O; K2O; P2O5; Rb; Sr; Y; Zr; Nb; Ba; La; Ce; Pr; Nd; Sm; Eu; Gd; Tb; Dy; Ho; Er; Tm; Yb; Lu; Hf; Ta; A/CNK; A/NK; Fe*; K2O/Na2O; Rb/Sr; Zr/Hf; Eu/Eu*; (La/Yb)N,20260992,20260992,0
R2361,4,validation,GG0004,RCB0004,I,True,A2CFC6311C185EAA2F17BA13E733D522713F64F2850C50F6EEF6E4CE1F592221,,0.14634146341463414,41,SiO2; TiO2; Al2O3; Fe2O3; FeO; MnO; MgO; CaO; Na2O; K2O; P2O5; Rb; Sr; Y; Zr; Nb; Ba; La; Ce; Pr; Nd; Sm; Eu; Gd; Tb; Dy; Ho; Er; Tm; Yb; Lu; Hf; Ta; A/CNK; A/NK; Fe*; K2O/Na2O; Rb/Sr; Zr/Hf; Eu/Eu*; (La/Yb)N,20260992,20260992,0
R2362,4,validation,GG0004,RCB0004,I,True,A2CFC6311C185EAA2F17BA13E733D522713F64F2850C50F6EEF6E4CE1F592221,,0.14634146341463414,41,SiO2; TiO2; Al2O3; Fe2O3; FeO; MnO; MgO; CaO; Na2O; K2O; P2O5; Rb; Sr; Y; Zr; Nb; Ba; La; Ce; Pr; Nd; Sm; Eu; Gd; Tb; Dy; Ho; Er; Tm; Yb; Lu; Hf; Ta; A/CNK; A/NK; Fe*; K2O/Na2O; Rb/Sr; Zr/Hf; Eu/Eu*; (La/Yb)N,20260992,20260992,0
R2363,4,validation,GG0004,RCB0004,I,True,A2CFC6311C185EAA2F17BA13E733D522713F64F2850C50F6EEF6E4CE1F592221,,0.14634146341463414,41,SiO2; TiO2; Al2O3; Fe2O3; FeO; MnO; MgO; CaO; Na2O; K2O; P2O5; Rb; Sr; Y; Zr; Nb; Ba; La; Ce; Pr; Nd; Sm; Eu; Gd; Tb; Dy; Ho; Er; Tm; Yb; Lu; Hf; Ta; A/CNK; A/NK; Fe*; K2O/Na2O; Rb/Sr; Zr/Hf; Eu/Eu*; (La/Yb)N,20260992,20260992,0
R2364,4,validation,GG0004,RCB0004,I,True,A2CFC6311C185EAA2F17BA13E733D522713F64F2850C50F6EEF6E4CE1F592221,,0.14634146341463414,41,SiO2; TiO2; Al2O3; Fe2O3; FeO; MnO; MgO; CaO; Na2O; K2O; P2O5; Rb; Sr; Y; Zr; Nb; Ba; La; Ce; Pr; Nd; Sm; Eu; Gd; Tb; Dy; Ho; Er; Tm; Yb; Lu; Hf; Ta; A/CNK; A/NK; Fe*; K2O/Na2O; Rb/Sr; Zr/Hf; Eu/Eu*; (La/Yb)N,20260992,20260992,0
R2365,4,validation,GG0004,RCB0004,I,True,A2CFC6311C185EAA2F17BA13E733D522713F64F2850C50F6EEF6E4CE1F592221,,0.07317073170731707,41,SiO2; TiO2; Al2O3; Fe2O3; FeO; MnO; MgO; CaO; Na2O; K2O; P2O5; Rb; Sr; Y; Zr; Nb; Ba; La; Ce; Pr; Nd; Sm; Eu; Gd; Tb; Dy; Ho; Er; Tm; Yb; Lu; Hf; Ta; A/CNK; A/NK; Fe*; K2O/Na2O; Rb/Sr; Zr/Hf; Eu/Eu*; (La/Yb)N,20260992,20260992,0
R2366,4,validation,GG0004,RCB0004,I,True,A2CFC6311C185EAA2F17BA13E733D522713F64F2850C50F6EEF6E4CE1F592221,,0.07317073170731707,41,SiO2; TiO2; Al2O3; Fe2O3; FeO; MnO; MgO; CaO; Na2O; K2O; P2O5; Rb; Sr; Y; Zr; Nb; Ba; La; Ce; Pr; Nd; Sm; Eu; Gd; Tb; Dy; Ho; Er; Tm; Yb; Lu; Hf; Ta; A/CNK; A/NK; Fe*; K2O/Na2O; Rb/Sr; Zr/Hf; Eu/Eu*; (La/Yb)N,20260992,20260992,0
R2367,4,validation,GG0004,RCB0004,I,True,A2CFC6311C185EAA2F17BA13E733D522713F64F2850C50F6EEF6E4CE1F592221,,0.07317073170731707,41,SiO2; TiO2; Al2O3; Fe2O3; FeO; MnO; MgO; CaO; Na2O; K2O; P2O5; Rb; Sr; Y; Zr; Nb; Ba; La; Ce; Pr; Nd; Sm; Eu; Gd; Tb; Dy; Ho; Er; Tm; Yb; Lu; Hf; Ta; A/CNK; A/NK; Fe*; K2O/Na2O; Rb/Sr; Zr/Hf; Eu/Eu*; (La/Yb)N,20260992,20260992,0
R2368,4,validation,GG0004,RCB0004,I,True,A2CFC6311C185EAA2F17BA13E733D522713F64F2850C50F6EEF6E4CE1F592221,,0.07317073170731707,41,SiO2; TiO2; Al2O3; Fe2O3; FeO; MnO; MgO; CaO; Na2O; K2O; P2O5; Rb; Sr; Y; Zr; Nb; Ba; La; Ce; Pr; Nd; Sm; Eu; Gd; Tb; Dy; Ho; Er; Tm; Yb; Lu; Hf; Ta; A/CNK; A/NK; Fe*; K2O/Na2O; Rb/Sr; Zr/Hf; Eu/Eu*; (La/Yb)N,20260992,20260992,0
R2369,4,validation,GG0004,RCB0004,I,True,A2CFC6311C185EAA2F17BA13E733D522713F64F2850C50F6EEF6E4CE1F592221,,0.07317073170731707,41,SiO2; TiO2; Al2O3; Fe2O3; FeO; MnO; MgO; CaO; Na2O; K2O; P2O5; Rb; Sr; Y; Zr; Nb; Ba; La; Ce; Pr; Nd; Sm; Eu; Gd; Tb; Dy; Ho; Er; Tm; Yb; Lu; Hf; Ta; A/CNK; A/NK; Fe*; K2O/Na2O; Rb/Sr; Zr/Hf; Eu/Eu*; (La/Yb)N,20260992,20260992,0
R2370,4,validation,GG0004,RCB0004,I,True,A2CFC6311C185EAA2F17BA13E733D522713F64F2850C50F6EEF6E4CE1F592221,,0.07317073170731707,41,SiO2; TiO2; Al2O3; Fe2O3; FeO; MnO; MgO; CaO; Na2O; K2O; P2O5; Rb; Sr; Y; Zr; Nb; Ba; La; Ce; Pr; Nd; Sm; Eu; Gd; Tb; Dy; Ho; Er; Tm; Yb; Lu; Hf; Ta; A/CNK; A/NK; Fe*; K2O/Na2O; Rb/Sr; Zr/Hf; Eu/Eu*; (La/Yb)N,20260992,20260992,0
R2371,4,validation,GG0004,RCB0004,I,True,A2CFC6311C185EAA2F17BA13E733D522713F64F2850C50F6EEF6E4CE1F592221,,0.07317073170731707,41,SiO2; TiO2; Al2O3; Fe2O3; FeO; MnO; MgO; CaO; Na2O; K2O; P2O5; Rb; Sr; Y; Zr; Nb; Ba; La; Ce; Pr; Nd; Sm; Eu; Gd; Tb; Dy; Ho; Er; Tm; Yb; Lu; Hf; Ta; A/CNK; A/NK; Fe*; K2O/Na2O; Rb/Sr; Zr/Hf; Eu/Eu*; (La/Yb)N,20260992,20260992,0
R2372,4,validation,GG0004,RCB0004,I,True,A2CFC6311C185EAA2F17BA13E733D522713F64F2850C50F6EEF6E4CE1F592221,,0.07317073170731707,41,SiO2; TiO2; Al2O3; Fe2O3; FeO; MnO; MgO; CaO; Na2O; K2O; P2O5; Rb; Sr; Y; Zr; Nb; Ba; La; Ce; Pr; Nd; Sm; Eu; Gd; Tb; Dy; Ho; Er; Tm; Yb; Lu; Hf; Ta; A/CNK; A/NK; Fe*; K2O/Na2O; Rb/Sr; Zr/Hf; Eu/Eu*; (La/Yb)N,20260992,20260992,0
R2373,4,validation,GG0004,RCB0004,I,True,A2CFC6311C185EAA2F17BA13E733D522713F64F2850C50F6EEF6E4CE1F592221,,0.07317073170731707,41,SiO2; TiO2; Al2O3; Fe2O3; FeO; MnO; MgO; CaO; Na2O; K2O; P2O5; Rb; Sr; Y; Zr; Nb; Ba; La; Ce; Pr; Nd; Sm; Eu; Gd; Tb; Dy; Ho; Er; Tm; Yb; Lu; Hf; Ta; A/CNK; A/NK; Fe*; K2O/Na2O; Rb/Sr; Zr/Hf; Eu/Eu*; (La/Yb)N,20260992,20260992,0
R2374,4,validation,GG0004,RCB0004,I,True,A2CFC6311C185EAA2F17BA13E733D522713F64F2850C50F6EEF6E4CE1F592221,,0.07317073170731707,41,SiO2; TiO2; Al2O3; Fe2O3; FeO; MnO; MgO; CaO; Na2O; K2O; P2O5; Rb; Sr; Y; Zr; Nb; Ba; La; Ce; Pr; Nd; Sm; Eu; Gd; Tb; Dy; Ho; Er; Tm; Yb; Lu; Hf; Ta; A/CNK; A/NK; Fe*; K2O/Na2O; Rb/Sr; Zr/Hf; Eu/Eu*; (La/Yb)N,20260992,20260992,0
R2375,4,validation,GG0004,RCB0004,I,True,A2CFC6311C185EAA2F17BA13E733D522713F64F2850C50F6EEF6E4CE1F592221,,0.07317073170731707,41,SiO2; TiO2; Al2O3; Fe2O3; FeO; MnO; MgO; CaO; Na2O; K2O; P2O5; Rb; Sr; Y; Zr; Nb; Ba; La; Ce; Pr; Nd; Sm; Eu; Gd; Tb; Dy; Ho; Er; Tm; Yb; Lu; Hf; Ta; A/CNK; A/NK; Fe*; K2O/Na2O; Rb/Sr; Zr/Hf; Eu/Eu*; (La/Yb)N,20260992,20260992,0
R2376,4,validation,GG0004,RCB0004,I,True,A2CFC6311C185EAA2F17BA13E733D522713F64F2850C50F6EEF6E4CE1F592221,,0.07317073170731707,41,SiO2; TiO2; Al2O3; Fe2O3; FeO; MnO; MgO; CaO; Na2O; K2O; P2O5; Rb; Sr; Y; Zr; Nb; Ba; La; Ce; Pr; Nd; Sm; Eu; Gd; Tb; Dy; Ho; Er; Tm; Yb; Lu; Hf; Ta; A/CNK; A/NK; Fe*; K2O/Na2O; Rb/Sr; Zr/Hf; Eu/Eu*; (La/Yb)N,20260992,20260992,0
R2377,4,validation,GG0004,RCB0004,I,True,A2CFC6311C185EAA2F17BA13E733D522713F64F2850C50F6EEF6E4CE1F592221,,0.07317073170731707,41,SiO2; TiO2; Al2O3; Fe2O3; FeO; MnO; MgO; CaO; Na2O; K2O; P2O5; Rb; Sr; Y; Zr; Nb; Ba; La; Ce; Pr; Nd; Sm; Eu; Gd; Tb; Dy; Ho; Er; Tm; Yb; Lu; Hf; Ta; A/CNK; A/NK; Fe*; K2O/Na2O; Rb/Sr; Zr/Hf; Eu/Eu*; (La/Yb)N,20260992,20260992,0
R2378,4,validation,GG0004,RCB0004,I,True,A2CFC6311C185EAA2F17BA13E733D522713F64F2850C50F6EEF6E4CE1F592221,,0.07317073170731707,41,SiO2; TiO2; Al2O3; Fe2O3; FeO; MnO; MgO; CaO; Na2O; K2O; P2O5; Rb; Sr; Y; Zr; Nb; Ba; La; Ce; Pr; Nd; Sm; Eu; Gd; Tb; Dy; Ho; Er; Tm; Yb; Lu; Hf; Ta; A/CNK; A/NK; Fe*; K2O/Na2O; Rb/Sr; Zr/Hf; Eu/Eu*; (La/Yb)N,20260992,20260992,0
R2379,4,validation,GG0004,RCB0004,I,True,A2CFC6311C185EAA2F17BA13E733D522713F64F2850C50F6EEF6E4CE1F592221,,0.07317073170731707,41,SiO2; TiO2; Al2O3; Fe2O3; FeO; MnO; MgO; CaO; Na2O; K2O; P2O5; Rb; Sr; Y; Zr; Nb; Ba; La; Ce; Pr; Nd; Sm; Eu; Gd; Tb; Dy; Ho; Er; Tm; Yb; Lu; Hf; Ta; A/CNK; A/NK; Fe*; K2O/Na2O; Rb/Sr; Zr/Hf; Eu/Eu*; (La/Yb)N,20260992,20260992,0
R2380,4,validation,GG0004,RCB0004,I,True,A2CFC6311C185EAA2F17BA13E733D522713F64F2850C50F6EEF6E4CE1F592221,,0.07317073170731707,41,SiO2; TiO2; Al2O3; Fe2O3; FeO; MnO; MgO; CaO; Na2O; K2O; P2O5; Rb; Sr; Y; Zr; Nb; Ba; La; Ce; Pr; Nd; Sm; Eu; Gd; Tb; Dy; Ho; Er; Tm; Yb; Lu; Hf; Ta; A/CNK; A/NK; Fe*; K2O/Na2O; Rb/Sr; Zr/Hf; Eu/Eu*; (La/Yb)N,20260992,20260992,0
R2381,4,validation,GG0004,RCB0004,I,True,A2CFC6311C185EAA2F17BA13E733D522713F64F2850C50F6EEF6E4CE1F592221,,0.07317073170731707,41,SiO2; TiO2; Al2O3; Fe2O3; FeO; MnO; MgO; CaO; Na2O; K2O; P2O5; Rb; Sr; Y; Zr; Nb; Ba; La; Ce; Pr; Nd; Sm; Eu; Gd; Tb; Dy; Ho; Er; Tm; Yb; Lu; Hf; Ta; A/CNK; A/NK; Fe*; K2O/Na2O; Rb/Sr; Zr/Hf; Eu/Eu*; (La/Yb)N,20260992,20260992,0
R2382,4,validation,GG0004,RCB0004,I,True,A2CFC6311C185EAA2F17BA13E733D522713F64F2850C50F6EEF6E4CE1F592221,,0.07317073170731707,41,SiO2; TiO2; Al2O3; Fe2O3; FeO; MnO; MgO; CaO; Na2O; K2O; P2O5; Rb; Sr; Y; Zr; Nb; Ba; La; Ce; Pr; Nd; Sm; Eu; Gd; Tb; Dy; Ho; Er; Tm; Yb; Lu; Hf; Ta; A/CNK; A/NK; Fe*; K2O/Na2O; Rb/Sr; Zr/Hf; Eu/Eu*; (La/Yb)N,20260992,20260992,0
R2383,4,validation,GG0004,RCB0004,I,True,A2CFC6311C185EAA2F17BA13E733D522713F64F2850C50F6EEF6E4CE1F592221,,0.07317073170731707,41,SiO2; TiO2; Al2O3; Fe2O3; FeO; MnO; MgO; CaO; Na2O; K2O; P2O5; Rb; Sr; Y; Zr; Nb; Ba; La; Ce; Pr; Nd; Sm; Eu; Gd; Tb; Dy; Ho; Er; Tm; Yb; Lu; Hf; Ta; A/CNK; A/NK; Fe*; K2O/Na2O; Rb/Sr; Zr/Hf; Eu/Eu*; (La/Yb)N,20260992,20260992,0
R2384,4,validation,GG0004,RCB0004,I,True,A2CFC6311C185EAA2F17BA13E733D522713F64F2850C50F6EEF6E4CE1F592221,,0.07317073170731707,41,SiO2; TiO2; Al2O3; Fe2O3; FeO; MnO; MgO; CaO; Na2O; K2O; P2O5; Rb; Sr; Y; Zr; Nb; Ba; La; Ce; Pr; Nd; Sm; Eu; Gd; Tb; Dy; Ho; Er; Tm; Yb; Lu; Hf; Ta; A/CNK; A/NK; Fe*; K2O/Na2O; Rb/Sr; Zr/Hf; Eu/Eu*; (La/Yb)N,20260992,20260992,0
R2385,4,validation,GG0004,RCB0004,I,True,A2CFC6311C185EAA2F17BA13E733D522713F64F2850C50F6EEF6E4CE1F592221,,0.07317073170731707,41,SiO2; TiO2; Al2O3; Fe2O3; FeO; MnO; MgO; CaO; Na2O; K2O; P2O5; Rb; Sr; Y; Zr; Nb; Ba; La; Ce; Pr; Nd; Sm; Eu; Gd; Tb; Dy; Ho; Er; Tm; Yb; Lu; Hf; Ta; A/CNK; A/NK; Fe*; K2O/Na2O; Rb/Sr; Zr/Hf; Eu/Eu*; (La/Yb)N,20260992,20260992,0
R2386,4,validation,GG0004,RCB0004,I,True,A2CFC6311C185EAA2F17BA13E733D522713F64F2850C50F6EEF6E4CE1F592221,,0.17073170731707318,41,SiO2; TiO2; Al2O3; Fe2O3; FeO; MnO; MgO; CaO; Na2O; K2O; P2O5; Rb; Sr; Y; Zr; Nb; Ba; La; Ce; Pr; Nd; Sm; Eu; Gd; Tb; Dy; Ho; Er; Tm; Yb; Lu; Hf; Ta; A/CNK; A/NK; Fe*; K2O/Na2O; Rb/Sr; Zr/Hf; Eu/Eu*; (La/Yb)N,20260992,20260992,0
R2387,4,validation,GG0004,RCB0004,I,True,A2CFC6311C185EAA2F17BA13E733D522713F64F2850C50F6EEF6E4CE1F592221,,0.07317073170731707,41,SiO2; TiO2; Al2O3; Fe2O3; FeO; MnO; MgO; CaO; Na2O; K2O; P2O5; Rb; Sr; Y; Zr; Nb; Ba; La; Ce; Pr; Nd; Sm; Eu; Gd; Tb; Dy; Ho; Er; Tm; Yb; Lu; Hf; Ta; A/CNK; A/NK; Fe*; K2O/Na2O; Rb/Sr; Zr/Hf; Eu/Eu*; (La/Yb)N,20260992,20260992,0
R2388,4,validation,GG0004,RCB0004,I,True,A2CFC6311C185EAA2F17BA13E733D522713F64F2850C50F6EEF6E4CE1F592221,,0.07317073170731707,41,SiO2; TiO2; Al2O3; Fe2O3; FeO; MnO; MgO; CaO; Na2O; K2O; P2O5; Rb; Sr; Y; Zr; Nb; Ba; La; Ce; Pr; Nd; Sm; Eu; Gd; Tb; Dy; Ho; Er; Tm; Yb; Lu; Hf; Ta; A/CNK; A/NK; Fe*; K2O/Na2O; Rb/Sr; Zr/Hf; Eu/Eu*; (La/Yb)N,20260992,20260992,0
R2389,4,validation,GG0004,RCB0004,I,False,A2CFC6311C185EAA2F17BA13E733D522713F64F2850C50F6EEF6E4CE1F592221,row_missingness_at_or_above_threshold,0.5853658536585366,41,SiO2; TiO2; Al2O3; Fe2O3; FeO; MnO; MgO; CaO; Na2O; K2O; P2O5; Rb; Sr; Y; Zr; Nb; Ba; La; Ce; Pr; Nd; Sm; Eu; Gd; Tb; Dy; Ho; Er; Tm; Yb; Lu; Hf; Ta; A/CNK; A/NK; Fe*; K2O/Na2O; Rb/Sr; Zr/Hf; Eu/Eu*; (La/Yb)N,20260992,20260992,0
R2390,4,validation,GG0004,RCB0004,I,False,A2CFC6311C185EAA2F17BA13E733D522713F64F2850C50F6EEF6E4CE1F592221,row_missingness_at_or_above_threshold,0.6341463414634146,41,SiO2; TiO2; Al2O3; Fe2O3; FeO; MnO; MgO; CaO; Na2O; K2O; P2O5; Rb; Sr; Y; Zr; Nb; Ba; La; Ce; Pr; Nd; Sm; Eu; Gd; Tb; Dy; Ho; Er; Tm; Yb; Lu; Hf; Ta; A/CNK; A/NK; Fe*; K2O/Na2O; Rb/Sr; Zr/Hf; Eu/Eu*; (La/Yb)N,20260992,20260992,0
R2391,4,validation,GG0004,RCB0004,I,False,A2CFC6311C185EAA2F17BA13E733D522713F64F2850C50F6EEF6E4CE1F592221,row_missingness_at_or_above_threshold,0.6341463414634146,41,SiO2; TiO2; Al2O3; Fe2O3; FeO; MnO; MgO; CaO; Na2O; K2O; P2O5; Rb; Sr; Y; Zr; Nb; Ba; La; Ce; Pr; Nd; Sm; Eu; Gd; Tb; Dy; Ho; Er; Tm; Yb; Lu; Hf; Ta; A/CNK; A/NK; Fe*; K2O/Na2O; Rb/Sr; Zr/Hf; Eu/Eu*; (La/Yb)N,20260992,20260992,0
R2392,4,validation,GG0004,RCB0004,I,False,A2CFC6311C185EAA2F17BA13E733D522713F64F2850C50F6EEF6E4CE1F592221,row_missingness_at_or_above_threshold,0.6341463414634146,41,SiO2; TiO2; Al2O3; Fe2O3; FeO; MnO; MgO; CaO; Na2O; K2O; P2O5; Rb; Sr; Y; Zr; Nb; Ba; La; Ce; Pr; Nd; Sm; Eu; Gd; Tb; Dy; Ho; Er; Tm; Yb; Lu; Hf; Ta; A/CNK; A/NK; Fe*; K2O/Na2O; Rb/Sr; Zr/Hf; Eu/Eu*; (La/Yb)N,20260992,20260992,0
R2393,4,validation,GG0004,RCB0004,I,False,A2CFC6311C185EAA2F17BA13E733D522713F64F2850C50F6EEF6E4CE1F592221,row_missingness_at_or_above_threshold,0.6341463414634146,41,SiO2; TiO2; Al2O3; Fe2O3; FeO; MnO; MgO; CaO; Na2O; K2O; P2O5; Rb; Sr; Y; Zr; Nb; Ba; La; Ce; Pr; Nd; Sm; Eu; Gd; Tb; Dy; Ho; Er; Tm; Yb; Lu; Hf; Ta; A/CNK; A/NK; Fe*; K2O/Na2O; Rb/Sr; Zr/Hf; Eu/Eu*; (La/Yb)N,20260992,20260992,0
R2394,4,validation,GG0004,RCB0004,I,True,A2CFC6311C185EAA2F17BA13E733D522713F64F2850C50F6EEF6E4CE1F592221,,0.24390243902439024,41,SiO2; TiO2; Al2O3; Fe2O3; FeO; MnO; MgO; CaO; Na2O; K2O; P2O5; Rb; Sr; Y; Zr; Nb; Ba; La; Ce; Pr; Nd; Sm; Eu; Gd; Tb; Dy; Ho; Er; Tm; Yb; Lu; Hf; Ta; A/CNK; A/NK; Fe*; K2O/Na2O; Rb/Sr; Zr/Hf; Eu/Eu*; (La/Yb)N,20260992,20260992,0
R2395,4,validation,GG0004,RCB0004,I,True,A2CFC6311C185EAA2F17BA13E733D522713F64F2850C50F6EEF6E4CE1F592221,,0.24390243902439024,41,SiO2; TiO2; Al2O3; Fe2O3; FeO; MnO; MgO; CaO; Na2O; K2O; P2O5; Rb; Sr; Y; Zr; Nb; Ba; La; Ce; Pr; Nd; Sm; Eu; Gd; Tb; Dy; Ho; Er; Tm; Yb; Lu; Hf; Ta; A/CNK; A/NK; Fe*; K2O/Na2O; Rb/Sr; Zr/Hf; Eu/Eu*; (La/Yb)N,20260992,20260992,0
R2396,4,validation,GG0004,RCB0004,I,False,A2CFC6311C185EAA2F17BA13E733D522713F64F2850C50F6EEF6E4CE1F592221,row_missingness_at_or_above_threshold,0.6341463414634146,41,SiO2; TiO2; Al2O3; Fe2O3; FeO; MnO; MgO; CaO; Na2O; K2O; P2O5; Rb; Sr; Y; Zr; Nb; Ba; La; Ce; Pr; Nd; Sm; Eu; Gd; Tb; Dy; Ho; Er; Tm; Yb; Lu; Hf; Ta; A/CNK; A/NK; Fe*; K2O/Na2O; Rb/Sr; Zr/Hf; Eu/Eu*; (La/Yb)N,20260992,20260992,0
R2397,4,validation,GG0004,RCB0004,I,False,A2CFC6311C185EAA2F17BA13E733D522713F64F2850C50F6EEF6E4CE1F592221,row_missingness_at_or_above_threshold,0.6341463414634146,41,SiO2; TiO2; Al2O3; Fe2O3; FeO; MnO; MgO; CaO; Na2O; K2O; P2O5; Rb; Sr; Y; Zr; Nb; Ba; La; Ce; Pr; Nd; Sm; Eu; Gd; Tb; Dy; Ho; Er; Tm; Yb; Lu; Hf; Ta; A/CNK; A/NK; Fe*; K2O/Na2O; Rb/Sr; Zr/Hf; Eu/Eu*; (La/Yb)N,20260992,20260992,0
R2398,4,validation,GG0004,RCB0004,I,False,A2CFC6311C185EAA2F17BA13E733D522713F64F2850C50F6EEF6E4CE1F592221,row_missingness_at_or_above_threshold,0.6341463414634146,41,SiO2; TiO2; Al2O3; Fe2O3; FeO; MnO; MgO; CaO; Na2O; K2O; P2O5; Rb; Sr; Y; Zr; Nb; Ba; La; Ce; Pr; Nd; Sm; Eu; Gd; Tb; Dy; Ho; Er; Tm; Yb; Lu; Hf; Ta; A/CNK; A/NK; Fe*; K2O/Na2O; Rb/Sr; Zr/Hf; Eu/Eu*; (La/Yb)N,20260992,20260992,0
R2399,4,validation,GG0004,RCB0004,I,True,A2CFC6311C185EAA2F17BA13E733D522713F64F2850C50F6EEF6E4CE1F592221,,0.24390243902439024,41,SiO2; TiO2; Al2O3; Fe2O3; FeO; MnO; MgO; CaO; Na2O; K2O; P2O5; Rb; Sr; Y; Zr; Nb; Ba; La; Ce; Pr; Nd; Sm; Eu; Gd; Tb; Dy; Ho; Er; Tm; Yb; Lu; Hf; Ta; A/CNK; A/NK; Fe*; K2O/Na2O; Rb/Sr; Zr/Hf; Eu/Eu*; (La/Yb)N,20260992,20260992,0
R2400,4,validation,GG0004,RCB0004,I,False,A2CFC6311C185EAA2F17BA13E733D522713F64F2850C50F6EEF6E4CE1F592221,row_missingness_at_or_above_threshold,0.6341463414634146,41,SiO2; TiO2; Al2O3; Fe2O3; FeO; MnO; MgO; CaO; Na2O; K2O; P2O5; Rb; Sr; Y; Zr; Nb; Ba; La; Ce; Pr; Nd; Sm; Eu; Gd; Tb; Dy; Ho; Er; Tm; Yb; Lu; Hf; Ta; A/CNK; A/NK; Fe*; K2O/Na2O; Rb/Sr; Zr/Hf; Eu/Eu*; (La/Yb)N,20260992,20260992,0
R2401,4,validation,GG0004,RCB0004,I,False,A2CFC6311C185EAA2F17BA13E733D522713F64F2850C50F6EEF6E4CE1F592221,row_missingness_at_or_above_threshold,0.6341463414634146,41,SiO2; TiO2; Al2O3; Fe2O3; FeO; MnO; MgO; CaO; Na2O; K2O; P2O5; Rb; Sr; Y; Zr; Nb; Ba; La; Ce; Pr; Nd; Sm; Eu; Gd; Tb; Dy; Ho; Er; Tm; Yb; Lu; Hf; Ta; A/CNK; A/NK; Fe*; K2O/Na2O; Rb/Sr; Zr/Hf; Eu/Eu*; (La/Yb)N,20260992,20260992,0
R2402,4,validation,GG0004,RCB0004,I,False,A2CFC6311C185EAA2F17BA13E733D522713F64F2850C50F6EEF6E4CE1F592221,row_missingness_at_or_above_threshold,0.6341463414634146,41,SiO2; TiO2; Al2O3; Fe2O3; FeO; MnO; MgO; CaO; Na2O; K2O; P2O5; Rb; Sr; Y; Zr; Nb; Ba; La; Ce; Pr; Nd; Sm; Eu; Gd; Tb; Dy; Ho; Er; Tm; Yb; Lu; Hf; Ta; A/CNK; A/NK; Fe*; K2O/Na2O; Rb/Sr; Zr/Hf; Eu/Eu*; (La/Yb)N,20260992,20260992,0
R2403,4,validation,GG0004,RCB0004,I,False,A2CFC6311C185EAA2F17BA13E733D522713F64F2850C50F6EEF6E4CE1F592221,row_missingness_at_or_above_threshold,0.6341463414634146,41,SiO2; TiO2; Al2O3; Fe2O3; FeO; MnO; MgO; CaO; Na2O; K2O; P2O5; Rb; Sr; Y; Zr; Nb; Ba; La; Ce; Pr; Nd; Sm; Eu; Gd; Tb; Dy; Ho; Er; Tm; Yb; Lu; Hf; Ta; A/CNK; A/NK; Fe*; K2O/Na2O; Rb/Sr; Zr/Hf; Eu/Eu*; (La/Yb)N,20260992,20260992,0
R2404,4,validation,GG0004,RCB0004,I,False,A2CFC6311C185EAA2F17BA13E733D522713F64F2850C50F6EEF6E4CE1F592221,row_missingness_at_or_above_threshold,0.6341463414634146,41,SiO2; TiO2; Al2O3; Fe2O3; FeO; MnO; MgO; CaO; Na2O; K2O; P2O5; Rb; Sr; Y; Zr; Nb; Ba; La; Ce; Pr; Nd; Sm; Eu; Gd; Tb; Dy; Ho; Er; Tm; Yb; Lu; Hf; Ta; A/CNK; A/NK; Fe*; K2O/Na2O; Rb/Sr; Zr/Hf; Eu/Eu*; (La/Yb)N,20260992,20260992,0
R2466,4,validation,GG0123,RCB0067,S,True,A2CFC6311C185EAA2F17BA13E733D522713F64F2850C50F6EEF6E4CE1F592221,,0.4634146341463415,41,SiO2; TiO2; Al2O3; Fe2O3; FeO; MnO; MgO; CaO; Na2O; K2O; P2O5; Rb; Sr; Y; Zr; Nb; Ba; La; Ce; Pr; Nd; Sm; Eu; Gd; Tb; Dy; Ho; Er; Tm; Yb; Lu; Hf; Ta; A/CNK; A/NK; Fe*; K2O/Na2O; Rb/Sr; Zr/Hf; Eu/Eu*; (La/Yb)N,20260992,20260992,0
R2467,4,validation,GG0123,RCB0067,S,True,A2CFC6311C185EAA2F17BA13E733D522713F64F2850C50F6EEF6E4CE1F592221,,0.4634146341463415,41,SiO2; TiO2; Al2O3; Fe2O3; FeO; MnO; MgO; CaO; Na2O; K2O; P2O5; Rb; Sr; Y; Zr; Nb; Ba; La; Ce; Pr; Nd; Sm; Eu; Gd; Tb; Dy; Ho; Er; Tm; Yb; Lu; Hf; Ta; A/CNK; A/NK; Fe*; K2O/Na2O; Rb/Sr; Zr/Hf; Eu/Eu*; (La/Yb)N,20260992,20260992,0
R2468,4,validation,GG0123,RCB0067,S,True,A2CFC6311C185EAA2F17BA13E733D522713F64F2850C50F6EEF6E4CE1F592221,,0.4634146341463415,41,SiO2; TiO2; Al2O3; Fe2O3; FeO; MnO; MgO; CaO; Na2O; K2O; P2O5; Rb; Sr; Y; Zr; Nb; Ba; La; Ce; Pr; Nd; Sm; Eu; Gd; Tb; Dy; Ho; Er; Tm; Yb; Lu; Hf; Ta; A/CNK; A/NK; Fe*; K2O/Na2O; Rb/Sr; Zr/Hf; Eu/Eu*; (La/Yb)N,20260992,20260992,0
R2469,4,validation,GG0123,RCB0067,S,True,A2CFC6311C185EAA2F17BA13E733D522713F64F2850C50F6EEF6E4CE1F592221,,0.4634146341463415,41,SiO2; TiO2; Al2O3; Fe2O3; FeO; MnO; MgO; CaO; Na2O; K2O; P2O5; Rb; Sr; Y; Zr; Nb; Ba; La; Ce; Pr; Nd; Sm; Eu; Gd; Tb; Dy; Ho; Er; Tm; Yb; Lu; Hf; Ta; A/CNK; A/NK; Fe*; K2O/Na2O; Rb/Sr; Zr/Hf; Eu/Eu*; (La/Yb)N,20260992,20260992,0
R2470,4,validation,GG0123,RCB0067,S,True,A2CFC6311C185EAA2F17BA13E733D522713F64F2850C50F6EEF6E4CE1F592221,,0.4634146341463415,41,SiO2; TiO2; Al2O3; Fe2O3; FeO; MnO; MgO; CaO; Na2O; K2O; P2O5; Rb; Sr; Y; Zr; Nb; Ba; La; Ce; Pr; Nd; Sm; Eu; Gd; Tb; Dy; Ho; Er; Tm; Yb; Lu; Hf; Ta; A/CNK; A/NK; Fe*; K2O/Na2O; Rb/Sr; Zr/Hf; Eu/Eu*; (La/Yb)N,20260992,20260992,0
R2471,4,validation,GG0123,RCB0067,S,True,A2CFC6311C185EAA2F17BA13E733D522713F64F2850C50F6EEF6E4CE1F592221,,0.4634146341463415,41,SiO2; TiO2; Al2O3; Fe2O3; FeO; MnO; MgO; CaO; Na2O; K2O; P2O5; Rb; Sr; Y; Zr; Nb; Ba; La; Ce; Pr; Nd; Sm; Eu; Gd; Tb; Dy; Ho; Er; Tm; Yb; Lu; Hf; Ta; A/CNK; A/NK; Fe*; K2O/Na2O; Rb/Sr; Zr/Hf; Eu/Eu*; (La/Yb)N,20260992,20260992,0
R2472,4,validation,GG0123,RCB0067,S,True,A2CFC6311C185EAA2F17BA13E733D522713F64F2850C50F6EEF6E4CE1F592221,,0.4634146341463415,41,SiO2; TiO2; Al2O3; Fe2O3; FeO; MnO; MgO; CaO; Na2O; K2O; P2O5; Rb; Sr; Y; Zr; Nb; Ba; La; Ce; Pr; Nd; Sm; Eu; Gd; Tb; Dy; Ho; Er; Tm; Yb; Lu; Hf; Ta; A/CNK; A/NK; Fe*; K2O/Na2O; Rb/Sr; Zr/Hf; Eu/Eu*; (La/Yb)N,20260992,20260992,0
R2473,4,validation,GG0123,RCB0067,S,True,A2CFC6311C185EAA2F17BA13E733D522713F64F2850C50F6EEF6E4CE1F592221,,0.4634146341463415,41,SiO2; TiO2; Al2O3; Fe2O3; FeO; MnO; MgO; CaO; Na2O; K2O; P2O5; Rb; Sr; Y; Zr; Nb; Ba; La; Ce; Pr; Nd; Sm; Eu; Gd; Tb; Dy; Ho; Er; Tm; Yb; Lu; Hf; Ta; A/CNK; A/NK; Fe*; K2O/Na2O; Rb/Sr; Zr/Hf; Eu/Eu*; (La/Yb)N,20260992,20260992,0
R2474,4,validation,GG0123,RCB0067,S,True,A2CFC6311C185EAA2F17BA13E733D522713F64F2850C50F6EEF6E4CE1F592221,,0.4634146341463415,41,SiO2; TiO2; Al2O3; Fe2O3; FeO; MnO; MgO; CaO; Na2O; K2O; P2O5; Rb; Sr; Y; Zr; Nb; Ba; La; Ce; Pr; Nd; Sm; Eu; Gd; Tb; Dy; Ho; Er; Tm; Yb; Lu; Hf; Ta; A/CNK; A/NK; Fe*; K2O/Na2O; Rb/Sr; Zr/Hf; Eu/Eu*; (La/Yb)N,20260992,20260992,0
R2475,4,validation,GG0123,RCB0067,S,True,A2CFC6311C185EAA2F17BA13E733D522713F64F2850C50F6EEF6E4CE1F592221,,0.4634146341463415,41,SiO2; TiO2; Al2O3; Fe2O3; FeO; MnO; MgO; CaO; Na2O; K2O; P2O5; Rb; Sr; Y; Zr; Nb; Ba; La; Ce; Pr; Nd; Sm; Eu; Gd; Tb; Dy; Ho; Er; Tm; Yb; Lu; Hf; Ta; A/CNK; A/NK; Fe*; K2O/Na2O; Rb/Sr; Zr/Hf; Eu/Eu*; (La/Yb)N,20260992,20260992,0
R2476,4,validation,GG0123,RCB0067,S,True,A2CFC6311C185EAA2F17BA13E733D522713F64F2850C50F6EEF6E4CE1F592221,,0.4634146341463415,41,SiO2; TiO2; Al2O3; Fe2O3; FeO; MnO; MgO; CaO; Na2O; K2O; P2O5; Rb; Sr; Y; Zr; Nb; Ba; La; Ce; Pr; Nd; Sm; Eu; Gd; Tb; Dy; Ho; Er; Tm; Yb; Lu; Hf; Ta; A/CNK; A/NK; Fe*; K2O/Na2O; Rb/Sr; Zr/Hf; Eu/Eu*; (La/Yb)N,20260992,20260992,0
R2477,4,validation,GG0123,RCB0067,S,True,A2CFC6311C185EAA2F17BA13E733D522713F64F2850C50F6EEF6E4CE1F592221,,0.4634146341463415,41,SiO2; TiO2; Al2O3; Fe2O3; FeO; MnO; MgO; CaO; Na2O; K2O; P2O5; Rb; Sr; Y; Zr; Nb; Ba; La; Ce; Pr; Nd; Sm; Eu; Gd; Tb; Dy; Ho; Er; Tm; Yb; Lu; Hf; Ta; A/CNK; A/NK; Fe*; K2O/Na2O; Rb/Sr; Zr/Hf; Eu/Eu*; (La/Yb)N,20260992,20260992,0
R2478,4,validation,GG0123,RCB0067,S,True,A2CFC6311C185EAA2F17BA13E733D522713F64F2850C50F6EEF6E4CE1F592221,,0.4634146341463415,41,SiO2; TiO2; Al2O3; Fe2O3; FeO; MnO; MgO; CaO; Na2O; K2O; P2O5; Rb; Sr; Y; Zr; Nb; Ba; La; Ce; Pr; Nd; Sm; Eu; Gd; Tb; Dy; Ho; Er; Tm; Yb; Lu; Hf; Ta; A/CNK; A/NK; Fe*; K2O/Na2O; Rb/Sr; Zr/Hf; Eu/Eu*; (La/Yb)N,20260992,20260992,0
R2479,4,validation,GG0123,RCB0067,S,False,A2CFC6311C185EAA2F17BA13E733D522713F64F2850C50F6EEF6E4CE1F592221,row_missingness_at_or_above_threshold,0.7073170731707317,41,SiO2; TiO2; Al2O3; Fe2O3; FeO; MnO; MgO; CaO; Na2O; K2O; P2O5; Rb; Sr; Y; Zr; Nb; Ba; La; Ce; Pr; Nd; Sm; Eu; Gd; Tb; Dy; Ho; Er; Tm; Yb; Lu; Hf; Ta; A/CNK; A/NK; Fe*; K2O/Na2O; Rb/Sr; Zr/Hf; Eu/Eu*; (La/Yb)N,20260992,20260992,0
R2480,4,validation,GG0123,RCB0067,S,False,A2CFC6311C185EAA2F17BA13E733D522713F64F2850C50F6EEF6E4CE1F592221,row_missingness_at_or_above_threshold,0.7073170731707317,41,SiO2; TiO2; Al2O3; Fe2O3; FeO; MnO; MgO; CaO; Na2O; K2O; P2O5; Rb; Sr; Y; Zr; Nb; Ba; La; Ce; Pr; Nd; Sm; Eu; Gd; Tb; Dy; Ho; Er; Tm; Yb; Lu; Hf; Ta; A/CNK; A/NK; Fe*; K2O/Na2O; Rb/Sr; Zr/Hf; Eu/Eu*; (La/Yb)N,20260992,20260992,0
R2481,4,validation,GG0123,RCB0067,S,False,A2CFC6311C185EAA2F17BA13E733D522713F64F2850C50F6EEF6E4CE1F592221,row_missingness_at_or_above_threshold,0.7073170731707317,41,SiO2; TiO2; Al2O3; Fe2O3; FeO; MnO; MgO; CaO; Na2O; K2O; P2O5; Rb; Sr; Y; Zr; Nb; Ba; La; Ce; Pr; Nd; Sm; Eu; Gd; Tb; Dy; Ho; Er; Tm; Yb; Lu; Hf; Ta; A/CNK; A/NK; Fe*; K2O/Na2O; Rb/Sr; Zr/Hf; Eu/Eu*; (La/Yb)N,20260992,20260992,0
R2482,4,validation,GG0123,RCB0067,S,False,A2CFC6311C185EAA2F17BA13E733D522713F64F2850C50F6EEF6E4CE1F592221,row_missingness_at_or_above_threshold,0.7073170731707317,41,SiO2; TiO2; Al2O3; Fe2O3; FeO; MnO; MgO; CaO; Na2O; K2O; P2O5; Rb; Sr; Y; Zr; Nb; Ba; La; Ce; Pr; Nd; Sm; Eu; Gd; Tb; Dy; Ho; Er; Tm; Yb; Lu; Hf; Ta; A/CNK; A/NK; Fe*; K2O/Na2O; Rb/Sr; Zr/Hf; Eu/Eu*; (La/Yb)N,20260992,20260992,0
R2483,4,validation,GG0123,RCB0067,S,False,A2CFC6311C185EAA2F17BA13E733D522713F64F2850C50F6EEF6E4CE1F592221,row_missingness_at_or_above_threshold,0.6341463414634146,41,SiO2; TiO2; Al2O3; Fe2O3; FeO; MnO; MgO; CaO; Na2O; K2O; P2O5; Rb; Sr; Y; Zr; Nb; Ba; La; Ce; Pr; Nd; Sm; Eu; Gd; Tb; Dy; Ho; Er; Tm; Yb; Lu; Hf; Ta; A/CNK; A/NK; Fe*; K2O/Na2O; Rb/Sr; Zr/Hf; Eu/Eu*; (La/Yb)N,20260992,20260992,0
R2484,4,validation,GG0123,RCB0067,S,False,A2CFC6311C185EAA2F17BA13E733D522713F64F2850C50F6EEF6E4CE1F592221,row_missingness_at_or_above_threshold,0.6341463414634146,41,SiO2; TiO2; Al2O3; Fe2O3; FeO; MnO; MgO; CaO; Na2O; K2O; P2O5; Rb; Sr; Y; Zr; Nb; Ba; La; Ce; Pr; Nd; Sm; Eu; Gd; Tb; Dy; Ho; Er; Tm; Yb; Lu; Hf; Ta; A/CNK; A/NK; Fe*; K2O/Na2O; Rb/Sr; Zr/Hf; Eu/Eu*; (La/Yb)N,20260992,20260992,0
R2485,4,validation,GG0123,RCB0067,S,False,A2CFC6311C185EAA2F17BA13E733D522713F64F2850C50F6EEF6E4CE1F592221,row_missingness_at_or_above_threshold,0.6341463414634146,41,SiO2; TiO2; Al2O3; Fe2O3; FeO; MnO; MgO; CaO; Na2O; K2O; P2O5; Rb; Sr; Y; Zr; Nb; Ba; La; Ce; Pr; Nd; Sm; Eu; Gd; Tb; Dy; Ho; Er; Tm; Yb; Lu; Hf; Ta; A/CNK; A/NK; Fe*; K2O/Na2O; Rb/Sr; Zr/Hf; Eu/Eu*; (La/Yb)N,20260992,20260992,0
R2486,4,validation,GG0123,RCB0067,S,False,A2CFC6311C185EAA2F17BA13E733D522713F64F2850C50F6EEF6E4CE1F592221,row_missingness_at_or_above_threshold,0.6341463414634146,41,SiO2; TiO2; Al2O3; Fe2O3; FeO; MnO; MgO; CaO; Na2O; K2O; P2O5; Rb; Sr; Y; Zr; Nb; Ba; La; Ce; Pr; Nd; Sm; Eu; Gd; Tb; Dy; Ho; Er; Tm; Yb; Lu; Hf; Ta; A/CNK; A/NK; Fe*; K2O/Na2O; Rb/Sr; Zr/Hf; Eu/Eu*; (La/Yb)N,20260992,20260992,0
R2487,4,validation,GG0123,RCB0067,S,False,A2CFC6311C185EAA2F17BA13E733D522713F64F2850C50F6EEF6E4CE1F592221,row_missingness_at_or_above_threshold,0.6097560975609756,41,SiO2; TiO2; Al2O3; Fe2O3; FeO; MnO; MgO; CaO; Na2O; K2O; P2O5; Rb; Sr; Y; Zr; Nb; Ba; La; Ce; Pr; Nd; Sm; Eu; Gd; Tb; Dy; Ho; Er; Tm; Yb; Lu; Hf; Ta; A/CNK; A/NK; Fe*; K2O/Na2O; Rb/Sr; Zr/Hf; Eu/Eu*; (La/Yb)N,20260992,20260992,0
R2488,4,validation,GG0123,RCB0067,S,False,A2CFC6311C185EAA2F17BA13E733D522713F64F2850C50F6EEF6E4CE1F592221,row_missingness_at_or_above_threshold,0.6097560975609756,41,SiO2; TiO2; Al2O3; Fe2O3; FeO; MnO; MgO; CaO; Na2O; K2O; P2O5; Rb; Sr; Y; Zr; Nb; Ba; La; Ce; Pr; Nd; Sm; Eu; Gd; Tb; Dy; Ho; Er; Tm; Yb; Lu; Hf; Ta; A/CNK; A/NK; Fe*; K2O/Na2O; Rb/Sr; Zr/Hf; Eu/Eu*; (La/Yb)N,20260992,20260992,0
R2489,4,validation,GG0123,RCB0067,S,False,A2CFC6311C185EAA2F17BA13E733D522713F64F2850C50F6EEF6E4CE1F592221,row_missingness_at_or_above_threshold,0.6097560975609756,41,SiO2; TiO2; Al2O3; Fe2O3; FeO; MnO; MgO; CaO; Na2O; K2O; P2O5; Rb; Sr; Y; Zr; Nb; Ba; La; Ce; Pr; Nd; Sm; Eu; Gd; Tb; Dy; Ho; Er; Tm; Yb; Lu; Hf; Ta; A/CNK; A/NK; Fe*; K2O/Na2O; Rb/Sr; Zr/Hf; Eu/Eu*; (La/Yb)N,20260992,20260992,0
R2490,4,validation,GG0123,RCB0067,S,False,A2CFC6311C185EAA2F17BA13E733D522713F64F2850C50F6EEF6E4CE1F592221,row_missingness_at_or_above_threshold,0.6097560975609756,41,SiO2; TiO2; Al2O3; Fe2O3; FeO; MnO; MgO; CaO; Na2O; K2O; P2O5; Rb; Sr; Y; Zr; Nb; Ba; La; Ce; Pr; Nd; Sm; Eu; Gd; Tb; Dy; Ho; Er; Tm; Yb; Lu; Hf; Ta; A/CNK; A/NK; Fe*; K2O/Na2O; Rb/Sr; Zr/Hf; Eu/Eu*; (La/Yb)N,20260992,20260992,0
R2491,4,validation,GG0123,RCB0067,S,False,A2CFC6311C185EAA2F17BA13E733D522713F64F2850C50F6EEF6E4CE1F592221,row_missingness_at_or_above_threshold,0.6097560975609756,41,SiO2; TiO2; Al2O3; Fe2O3; FeO; MnO; MgO; CaO; Na2O; K2O; P2O5; Rb; Sr; Y; Zr; Nb; Ba; La; Ce; Pr; Nd; Sm; Eu; Gd; Tb; Dy; Ho; Er; Tm; Yb; Lu; Hf; Ta; A/CNK; A/NK; Fe*; K2O/Na2O; Rb/Sr; Zr/Hf; Eu/Eu*; (La/Yb)N,20260992,20260992,0
R2492,4,validation,GG0123,RCB0067,S,True,A2CFC6311C185EAA2F17BA13E733D522713F64F2850C50F6EEF6E4CE1F592221,,0.21951219512195122,41,SiO2; TiO2; Al2O3; Fe2O3; FeO; MnO; MgO; CaO; Na2O; K2O; P2O5; Rb; Sr; Y; Zr; Nb; Ba; La; Ce; Pr; Nd; Sm; Eu; Gd; Tb; Dy; Ho; Er; Tm; Yb; Lu; Hf; Ta; A/CNK; A/NK; Fe*; K2O/Na2O; Rb/Sr; Zr/Hf; Eu/Eu*; (La/Yb)N,20260992,20260992,0
R2493,4,validation,GG0123,RCB0067,S,True,A2CFC6311C185EAA2F17BA13E733D522713F64F2850C50F6EEF6E4CE1F592221,,0.21951219512195122,41,SiO2; TiO2; Al2O3; Fe2O3; FeO; MnO; MgO; CaO; Na2O; K2O; P2O5; Rb; Sr; Y; Zr; Nb; Ba; La; Ce; Pr; Nd; Sm; Eu; Gd; Tb; Dy; Ho; Er; Tm; Yb; Lu; Hf; Ta; A/CNK; A/NK; Fe*; K2O/Na2O; Rb/Sr; Zr/Hf; Eu/Eu*; (La/Yb)N,20260992,20260992,0
R2494,4,validation,GG0123,RCB0067,S,True,A2CFC6311C185EAA2F17BA13E733D522713F64F2850C50F6EEF6E4CE1F592221,,0.21951219512195122,41,SiO2; TiO2; Al2O3; Fe2O3; FeO; MnO; MgO; CaO; Na2O; K2O; P2O5; Rb; Sr; Y; Zr; Nb; Ba; La; Ce; Pr; Nd; Sm; Eu; Gd; Tb; Dy; Ho; Er; Tm; Yb; Lu; Hf; Ta; A/CNK; A/NK; Fe*; K2O/Na2O; Rb/Sr; Zr/Hf; Eu/Eu*; (La/Yb)N,20260992,20260992,0
R2495,4,validation,GG0123,RCB0067,S,True,A2CFC6311C185EAA2F17BA13E733D522713F64F2850C50F6EEF6E4CE1F592221,,0.21951219512195122,41,SiO2; TiO2; Al2O3; Fe2O3; FeO; MnO; MgO; CaO; Na2O; K2O; P2O5; Rb; Sr; Y; Zr; Nb; Ba; La; Ce; Pr; Nd; Sm; Eu; Gd; Tb; Dy; Ho; Er; Tm; Yb; Lu; Hf; Ta; A/CNK; A/NK; Fe*; K2O/Na2O; Rb/Sr; Zr/Hf; Eu/Eu*; (La/Yb)N,20260992,20260992,0
R2496,4,validation,GG0123,RCB0067,S,True,A2CFC6311C185EAA2F17BA13E733D522713F64F2850C50F6EEF6E4CE1F592221,,0.21951219512195122,41,SiO2; TiO2; Al2O3; Fe2O3; FeO; MnO; MgO; CaO; Na2O; K2O; P2O5; Rb; Sr; Y; Zr; Nb; Ba; La; Ce; Pr; Nd; Sm; Eu; Gd; Tb; Dy; Ho; Er; Tm; Yb; Lu; Hf; Ta; A/CNK; A/NK; Fe*; K2O/Na2O; Rb/Sr; Zr/Hf; Eu/Eu*; (La/Yb)N,20260992,20260992,0
R2497,4,validation,GG0123,RCB0067,S,True,A2CFC6311C185EAA2F17BA13E733D522713F64F2850C50F6EEF6E4CE1F592221,,0.21951219512195122,41,SiO2; TiO2; Al2O3; Fe2O3; FeO; MnO; MgO; CaO; Na2O; K2O; P2O5; Rb; Sr; Y; Zr; Nb; Ba; La; Ce; Pr; Nd; Sm; Eu; Gd; Tb; Dy; Ho; Er; Tm; Yb; Lu; Hf; Ta; A/CNK; A/NK; Fe*; K2O/Na2O; Rb/Sr; Zr/Hf; Eu/Eu*; (La/Yb)N,20260992,20260992,0
R2498,4,validation,GG0123,RCB0067,S,True,A2CFC6311C185EAA2F17BA13E733D522713F64F2850C50F6EEF6E4CE1F592221,,0.21951219512195122,41,SiO2; TiO2; Al2O3; Fe2O3; FeO; MnO; MgO; CaO; Na2O; K2O; P2O5; Rb; Sr; Y; Zr; Nb; Ba; La; Ce; Pr; Nd; Sm; Eu; Gd; Tb; Dy; Ho; Er; Tm; Yb; Lu; Hf; Ta; A/CNK; A/NK; Fe*; K2O/Na2O; Rb/Sr; Zr/Hf; Eu/Eu*; (La/Yb)N,20260992,20260992,0
R2499,4,validation,GG0123,RCB0067,S,True,A2CFC6311C185EAA2F17BA13E733D522713F64F2850C50F6EEF6E4CE1F592221,,0.21951219512195122,41,SiO2; TiO2; Al2O3; Fe2O3; FeO; MnO; MgO; CaO; Na2O; K2O; P2O5; Rb; Sr; Y; Zr; Nb; Ba; La; Ce; Pr; Nd; Sm; Eu; Gd; Tb; Dy; Ho; Er; Tm; Yb; Lu; Hf; Ta; A/CNK; A/NK; Fe*; K2O/Na2O; Rb/Sr; Zr/Hf; Eu/Eu*; (La/Yb)N,20260992,20260992,0
R2500,4,validation,GG0123,RCB0067,S,True,A2CFC6311C185EAA2F17BA13E733D522713F64F2850C50F6EEF6E4CE1F592221,,0.21951219512195122,41,SiO2; TiO2; Al2O3; Fe2O3; FeO; MnO; MgO; CaO; Na2O; K2O; P2O5; Rb; Sr; Y; Zr; Nb; Ba; La; Ce; Pr; Nd; Sm; Eu; Gd; Tb; Dy; Ho; Er; Tm; Yb; Lu; Hf; Ta; A/CNK; A/NK; Fe*; K2O/Na2O; Rb/Sr; Zr/Hf; Eu/Eu*; (La/Yb)N,20260992,20260992,0
R2501,4,validation,GG0123,RCB0067,S,True,A2CFC6311C185EAA2F17BA13E733D522713F64F2850C50F6EEF6E4CE1F592221,,0.21951219512195122,41,SiO2; TiO2; Al2O3; Fe2O3; FeO; MnO; MgO; CaO; Na2O; K2O; P2O5; Rb; Sr; Y; Zr; Nb; Ba; La; Ce; Pr; Nd; Sm; Eu; Gd; Tb; Dy; Ho; Er; Tm; Yb; Lu; Hf; Ta; A/CNK; A/NK; Fe*; K2O/Na2O; Rb/Sr; Zr/Hf; Eu/Eu*; (La/Yb)N,20260992,20260992,0
R2502,4,validation,GG0123,RCB0067,S,True,A2CFC6311C185EAA2F17BA13E733D522713F64F2850C50F6EEF6E4CE1F592221,,0.21951219512195122,41,SiO2; TiO2; Al2O3; Fe2O3; FeO; MnO; MgO; CaO; Na2O; K2O; P2O5; Rb; Sr; Y; Zr; Nb; Ba; La; Ce; Pr; Nd; Sm; Eu; Gd; Tb; Dy; Ho; Er; Tm; Yb; Lu; Hf; Ta; A/CNK; A/NK; Fe*; K2O/Na2O; Rb/Sr; Zr/Hf; Eu/Eu*; (La/Yb)N,20260992,20260992,0
R2503,4,validation,GG0123,RCB0067,S,True,A2CFC6311C185EAA2F17BA13E733D522713F64F2850C50F6EEF6E4CE1F592221,,0.21951219512195122,41,SiO2; TiO2; Al2O3; Fe2O3; FeO; MnO; MgO; CaO; Na2O; K2O; P2O5; Rb; Sr; Y; Zr; Nb; Ba; La; Ce; Pr; Nd; Sm; Eu; Gd; Tb; Dy; Ho; Er; Tm; Yb; Lu; Hf; Ta; A/CNK; A/NK; Fe*; K2O/Na2O; Rb/Sr; Zr/Hf; Eu/Eu*; (La/Yb)N,20260992,20260992,0
R2504,4,validation,GG0123,RCB0067,S,True,A2CFC6311C185EAA2F17BA13E733D522713F64F2850C50F6EEF6E4CE1F592221,,0.21951219512195122,41,SiO2; TiO2; Al2O3; Fe2O3; FeO; MnO; MgO; CaO; Na2O; K2O; P2O5; Rb; Sr; Y; Zr; Nb; Ba; La; Ce; Pr; Nd; Sm; Eu; Gd; Tb; Dy; Ho; Er; Tm; Yb; Lu; Hf; Ta; A/CNK; A/NK; Fe*; K2O/Na2O; Rb/Sr; Zr/Hf; Eu/Eu*; (La/Yb)N,20260992,20260992,0
R2505,4,validation,GG0123,RCB0067,S,True,A2CFC6311C185EAA2F17BA13E733D522713F64F2850C50F6EEF6E4CE1F592221,,0.21951219512195122,41,SiO2; TiO2; Al2O3; Fe2O3; FeO; MnO; MgO; CaO; Na2O; K2O; P2O5; Rb; Sr; Y; Zr; Nb; Ba; La; Ce; Pr; Nd; Sm; Eu; Gd; Tb; Dy; Ho; Er; Tm; Yb; Lu; Hf; Ta; A/CNK; A/NK; Fe*; K2O/Na2O; Rb/Sr; Zr/Hf; Eu/Eu*; (La/Yb)N,20260992,20260992,0
R2506,4,validation,GG0123,RCB0067,S,True,A2CFC6311C185EAA2F17BA13E733D522713F64F2850C50F6EEF6E4CE1F592221,,0.21951219512195122,41,SiO2; TiO2; Al2O3; Fe2O3; FeO; MnO; MgO; CaO; Na2O; K2O; P2O5; Rb; Sr; Y; Zr; Nb; Ba; La; Ce; Pr; Nd; Sm; Eu; Gd; Tb; Dy; Ho; Er; Tm; Yb; Lu; Hf; Ta; A/CNK; A/NK; Fe*; K2O/Na2O; Rb/Sr; Zr/Hf; Eu/Eu*; (La/Yb)N,20260992,20260992,0
R2521,4,validation,GG0008,RCB0008,I,True,A2CFC6311C185EAA2F17BA13E733D522713F64F2850C50F6EEF6E4CE1F592221,,0.0975609756097561,41,SiO2; TiO2; Al2O3; Fe2O3; FeO; MnO; MgO; CaO; Na2O; K2O; P2O5; Rb; Sr; Y; Zr; Nb; Ba; La; Ce; Pr; Nd; Sm; Eu; Gd; Tb; Dy; Ho; Er; Tm; Yb; Lu; Hf; Ta; A/CNK; A/NK; Fe*; K2O/Na2O; Rb/Sr; Zr/Hf; Eu/Eu*; (La/Yb)N,20260992,20260992,0
R2522,4,validation,GG0008,RCB0008,I,True,A2CFC6311C185EAA2F17BA13E733D522713F64F2850C50F6EEF6E4CE1F592221,,0.0975609756097561,41,SiO2; TiO2; Al2O3; Fe2O3; FeO; MnO; MgO; CaO; Na2O; K2O; P2O5; Rb; Sr; Y; Zr; Nb; Ba; La; Ce; Pr; Nd; Sm; Eu; Gd; Tb; Dy; Ho; Er; Tm; Yb; Lu; Hf; Ta; A/CNK; A/NK; Fe*; K2O/Na2O; Rb/Sr; Zr/Hf; Eu/Eu*; (La/Yb)N,20260992,20260992,0
R2523,4,validation,GG0008,RCB0008,I,True,A2CFC6311C185EAA2F17BA13E733D522713F64F2850C50F6EEF6E4CE1F592221,,0.0975609756097561,41,SiO2; TiO2; Al2O3; Fe2O3; FeO; MnO; MgO; CaO; Na2O; K2O; P2O5; Rb; Sr; Y; Zr; Nb; Ba; La; Ce; Pr; Nd; Sm; Eu; Gd; Tb; Dy; Ho; Er; Tm; Yb; Lu; Hf; Ta; A/CNK; A/NK; Fe*; K2O/Na2O; Rb/Sr; Zr/Hf; Eu/Eu*; (La/Yb)N,20260992,20260992,0
R2524,4,validation,GG0008,RCB0008,I,True,A2CFC6311C185EAA2F17BA13E733D522713F64F2850C50F6EEF6E4CE1F592221,,0.0975609756097561,41,SiO2; TiO2; Al2O3; Fe2O3; FeO; MnO; MgO; CaO; Na2O; K2O; P2O5; Rb; Sr; Y; Zr; Nb; Ba; La; Ce; Pr; Nd; Sm; Eu; Gd; Tb; Dy; Ho; Er; Tm; Yb; Lu; Hf; Ta; A/CNK; A/NK; Fe*; K2O/Na2O; Rb/Sr; Zr/Hf; Eu/Eu*; (La/Yb)N,20260992,20260992,0
R2525,4,validation,GG0008,RCB0008,I,True,A2CFC6311C185EAA2F17BA13E733D522713F64F2850C50F6EEF6E4CE1F592221,,0.0975609756097561,41,SiO2; TiO2; Al2O3; Fe2O3; FeO; MnO; MgO; CaO; Na2O; K2O; P2O5; Rb; Sr; Y; Zr; Nb; Ba; La; Ce; Pr; Nd; Sm; Eu; Gd; Tb; Dy; Ho; Er; Tm; Yb; Lu; Hf; Ta; A/CNK; A/NK; Fe*; K2O/Na2O; Rb/Sr; Zr/Hf; Eu/Eu*; (La/Yb)N,20260992,20260992,0
R2526,4,validation,GG0008,RCB0008,I,True,A2CFC6311C185EAA2F17BA13E733D522713F64F2850C50F6EEF6E4CE1F592221,,0.0975609756097561,41,SiO2; TiO2; Al2O3; Fe2O3; FeO; MnO; MgO; CaO; Na2O; K2O; P2O5; Rb; Sr; Y; Zr; Nb; Ba; La; Ce; Pr; Nd; Sm; Eu; Gd; Tb; Dy; Ho; Er; Tm; Yb; Lu; Hf; Ta; A/CNK; A/NK; Fe*; K2O/Na2O; Rb/Sr; Zr/Hf; Eu/Eu*; (La/Yb)N,20260992,20260992,0
R2527,4,validation,GG0008,RCB0008,I,True,A2CFC6311C185EAA2F17BA13E733D522713F64F2850C50F6EEF6E4CE1F592221,,0.0975609756097561,41,SiO2; TiO2; Al2O3; Fe2O3; FeO; MnO; MgO; CaO; Na2O; K2O; P2O5; Rb; Sr; Y; Zr; Nb; Ba; La; Ce; Pr; Nd; Sm; Eu; Gd; Tb; Dy; Ho; Er; Tm; Yb; Lu; Hf; Ta; A/CNK; A/NK; Fe*; K2O/Na2O; Rb/Sr; Zr/Hf; Eu/Eu*; (La/Yb)N,20260992,20260992,0
R2528,4,validation,GG0008,RCB0008,I,True,A2CFC6311C185EAA2F17BA13E733D522713F64F2850C50F6EEF6E4CE1F592221,,0.0975609756097561,41,SiO2; TiO2; Al2O3; Fe2O3; FeO; MnO; MgO; CaO; Na2O; K2O; P2O5; Rb; Sr; Y; Zr; Nb; Ba; La; Ce; Pr; Nd; Sm; Eu; Gd; Tb; Dy; Ho; Er; Tm; Yb; Lu; Hf; Ta; A/CNK; A/NK; Fe*; K2O/Na2O; Rb/Sr; Zr/Hf; Eu/Eu*; (La/Yb)N,20260992,20260992,0
R2529,4,validation,GG0008,RCB0008,I,True,A2CFC6311C185EAA2F17BA13E733D522713F64F2850C50F6EEF6E4CE1F592221,,0.0975609756097561,41,SiO2; TiO2; Al2O3; Fe2O3; FeO; MnO; MgO; CaO; Na2O; K2O; P2O5; Rb; Sr; Y; Zr; Nb; Ba; La; Ce; Pr; Nd; Sm; Eu; Gd; Tb; Dy; Ho; Er; Tm; Yb; Lu; Hf; Ta; A/CNK; A/NK; Fe*; K2O/Na2O; Rb/Sr; Zr/Hf; Eu/Eu*; (La/Yb)N,20260992,20260992,0
R2530,4,validation,GG0008,RCB0008,I,True,A2CFC6311C185EAA2F17BA13E733D522713F64F2850C50F6EEF6E4CE1F592221,,0.0975609756097561,41,SiO2; TiO2; Al2O3; Fe2O3; FeO; MnO; MgO; CaO; Na2O; K2O; P2O5; Rb; Sr; Y; Zr; Nb; Ba; La; Ce; Pr; Nd; Sm; Eu; Gd; Tb; Dy; Ho; Er; Tm; Yb; Lu; Hf; Ta; A/CNK; A/NK; Fe*; K2O/Na2O; Rb/Sr; Zr/Hf; Eu/Eu*; (La/Yb)N,20260992,20260992,0
R2531,4,validation,GG0008,RCB0008,I,True,A2CFC6311C185EAA2F17BA13E733D522713F64F2850C50F6EEF6E4CE1F592221,,0.0975609756097561,41,SiO2; TiO2; Al2O3; Fe2O3; FeO; MnO; MgO; CaO; Na2O; K2O; P2O5; Rb; Sr; Y; Zr; Nb; Ba; La; Ce; Pr; Nd; Sm; Eu; Gd; Tb; Dy; Ho; Er; Tm; Yb; Lu; Hf; Ta; A/CNK; A/NK; Fe*; K2O/Na2O; Rb/Sr; Zr/Hf; Eu/Eu*; (La/Yb)N,20260992,20260992,0
R2532,4,validation,GG0008,RCB0008,I,True,A2CFC6311C185EAA2F17BA13E733D522713F64F2850C50F6EEF6E4CE1F592221,,0.0975609756097561,41,SiO2; TiO2; Al2O3; Fe2O3; FeO; MnO; MgO; CaO; Na2O; K2O; P2O5; Rb; Sr; Y; Zr; Nb; Ba; La; Ce; Pr; Nd; Sm; Eu; Gd; Tb; Dy; Ho; Er; Tm; Yb; Lu; Hf; Ta; A/CNK; A/NK; Fe*; K2O/Na2O; Rb/Sr; Zr/Hf; Eu/Eu*; (La/Yb)N,20260992,20260992,0
R2533,4,validation,GG0008,RCB0008,I,True,A2CFC6311C185EAA2F17BA13E733D522713F64F2850C50F6EEF6E4CE1F592221,,0.0975609756097561,41,SiO2; TiO2; Al2O3; Fe2O3; FeO; MnO; MgO; CaO; Na2O; K2O; P2O5; Rb; Sr; Y; Zr; Nb; Ba; La; Ce; Pr; Nd; Sm; Eu; Gd; Tb; Dy; Ho; Er; Tm; Yb; Lu; Hf; Ta; A/CNK; A/NK; Fe*; K2O/Na2O; Rb/Sr; Zr/Hf; Eu/Eu*; (La/Yb)N,20260992,20260992,0
R2534,4,validation,GG0008,RCB0008,I,True,A2CFC6311C185EAA2F17BA13E733D522713F64F2850C50F6EEF6E4CE1F592221,,0.0975609756097561,41,SiO2; TiO2; Al2O3; Fe2O3; FeO; MnO; MgO; CaO; Na2O; K2O; P2O5; Rb; Sr; Y; Zr; Nb; Ba; La; Ce; Pr; Nd; Sm; Eu; Gd; Tb; Dy; Ho; Er; Tm; Yb; Lu; Hf; Ta; A/CNK; A/NK; Fe*; K2O/Na2O; Rb/Sr; Zr/Hf; Eu/Eu*; (La/Yb)N,20260992,20260992,0
R2535,4,validation,GG0008,RCB0008,I,True,A2CFC6311C185EAA2F17BA13E733D522713F64F2850C50F6EEF6E4CE1F592221,,0.0975609756097561,41,SiO2; TiO2; Al2O3; Fe2O3; FeO; MnO; MgO; CaO; Na2O; K2O; P2O5; Rb; Sr; Y; Zr; Nb; Ba; La; Ce; Pr; Nd; Sm; Eu; Gd; Tb; Dy; Ho; Er; Tm; Yb; Lu; Hf; Ta; A/CNK; A/NK; Fe*; K2O/Na2O; Rb/Sr; Zr/Hf; Eu/Eu*; (La/Yb)N,20260992,20260992,0
R2536,4,validation,GG0008,RCB0008,I,True,A2CFC6311C185EAA2F17BA13E733D522713F64F2850C50F6EEF6E4CE1F592221,,0.0975609756097561,41,SiO2; TiO2; Al2O3; Fe2O3; FeO; MnO; MgO; CaO; Na2O; K2O; P2O5; Rb; Sr; Y; Zr; Nb; Ba; La; Ce; Pr; Nd; Sm; Eu; Gd; Tb; Dy; Ho; Er; Tm; Yb; Lu; Hf; Ta; A/CNK; A/NK; Fe*; K2O/Na2O; Rb/Sr; Zr/Hf; Eu/Eu*; (La/Yb)N,20260992,20260992,0
R2537,4,validation,GG0008,RCB0008,I,True,A2CFC6311C185EAA2F17BA13E733D522713F64F2850C50F6EEF6E4CE1F592221,,0.0975609756097561,41,SiO2; TiO2; Al2O3; Fe2O3; FeO; MnO; MgO; CaO; Na2O; K2O; P2O5; Rb; Sr; Y; Zr; Nb; Ba; La; Ce; Pr; Nd; Sm; Eu; Gd; Tb; Dy; Ho; Er; Tm; Yb; Lu; Hf; Ta; A/CNK; A/NK; Fe*; K2O/Na2O; Rb/Sr; Zr/Hf; Eu/Eu*; (La/Yb)N,20260992,20260992,0
R2538,4,validation,GG0008,RCB0008,I,True,A2CFC6311C185EAA2F17BA13E733D522713F64F2850C50F6EEF6E4CE1F592221,,0.12195121951219512,41,SiO2; TiO2; Al2O3; Fe2O3; FeO; MnO; MgO; CaO; Na2O; K2O; P2O5; Rb; Sr; Y; Zr; Nb; Ba; La; Ce; Pr; Nd; Sm; Eu; Gd; Tb; Dy; Ho; Er; Tm; Yb; Lu; Hf; Ta; A/CNK; A/NK; Fe*; K2O/Na2O; Rb/Sr; Zr/Hf; Eu/Eu*; (La/Yb)N,20260992,20260992,0
R2539,4,validation,GG0008,RCB0008,I,True,A2CFC6311C185EAA2F17BA13E733D522713F64F2850C50F6EEF6E4CE1F592221,,0.0975609756097561,41,SiO2; TiO2; Al2O3; Fe2O3; FeO; MnO; MgO; CaO; Na2O; K2O; P2O5; Rb; Sr; Y; Zr; Nb; Ba; La; Ce; Pr; Nd; Sm; Eu; Gd; Tb; Dy; Ho; Er; Tm; Yb; Lu; Hf; Ta; A/CNK; A/NK; Fe*; K2O/Na2O; Rb/Sr; Zr/Hf; Eu/Eu*; (La/Yb)N,20260992,20260992,0
R2540,4,validation,GG0008,RCB0008,I,True,A2CFC6311C185EAA2F17BA13E733D522713F64F2850C50F6EEF6E4CE1F592221,,0.0975609756097561,41,SiO2; TiO2; Al2O3; Fe2O3; FeO; MnO; MgO; CaO; Na2O; K2O; P2O5; Rb; Sr; Y; Zr; Nb; Ba; La; Ce; Pr; Nd; Sm; Eu; Gd; Tb; Dy; Ho; Er; Tm; Yb; Lu; Hf; Ta; A/CNK; A/NK; Fe*; K2O/Na2O; Rb/Sr; Zr/Hf; Eu/Eu*; (La/Yb)N,20260992,20260992,0
R2541,4,validation,GG0008,RCB0008,I,False,A2CFC6311C185EAA2F17BA13E733D522713F64F2850C50F6EEF6E4CE1F592221,row_missingness_at_or_above_threshold,0.5853658536585366,41,SiO2; TiO2; Al2O3; Fe2O3; FeO; MnO; MgO; CaO; Na2O; K2O; P2O5; Rb; Sr; Y; Zr; Nb; Ba; La; Ce; Pr; Nd; Sm; Eu; Gd; Tb; Dy; Ho; Er; Tm; Yb; Lu; Hf; Ta; A/CNK; A/NK; Fe*; K2O/Na2O; Rb/Sr; Zr/Hf; Eu/Eu*; (La/Yb)N,20260992,20260992,0
R2542,4,validation,GG0008,RCB0008,I,False,A2CFC6311C185EAA2F17BA13E733D522713F64F2850C50F6EEF6E4CE1F592221,row_missingness_at_or_above_threshold,0.5853658536585366,41,SiO2; TiO2; Al2O3; Fe2O3; FeO; MnO; MgO; CaO; Na2O; K2O; P2O5; Rb; Sr; Y; Zr; Nb; Ba; La; Ce; Pr; Nd; Sm; Eu; Gd; Tb; Dy; Ho; Er; Tm; Yb; Lu; Hf; Ta; A/CNK; A/NK; Fe*; K2O/Na2O; Rb/Sr; Zr/Hf; Eu/Eu*; (La/Yb)N,20260992,20260992,0
R2543,4,validation,GG0008,RCB0008,I,True,A2CFC6311C185EAA2F17BA13E733D522713F64F2850C50F6EEF6E4CE1F592221,,0.0975609756097561,41,SiO2; TiO2; Al2O3; Fe2O3; FeO; MnO; MgO; CaO; Na2O; K2O; P2O5; Rb; Sr; Y; Zr; Nb; Ba; La; Ce; Pr; Nd; Sm; Eu; Gd; Tb; Dy; Ho; Er; Tm; Yb; Lu; Hf; Ta; A/CNK; A/NK; Fe*; K2O/Na2O; Rb/Sr; Zr/Hf; Eu/Eu*; (La/Yb)N,20260992,20260992,0
R2544,4,validation,GG0008,RCB0008,I,True,A2CFC6311C185EAA2F17BA13E733D522713F64F2850C50F6EEF6E4CE1F592221,,0.0975609756097561,41,SiO2; TiO2; Al2O3; Fe2O3; FeO; MnO; MgO; CaO; Na2O; K2O; P2O5; Rb; Sr; Y; Zr; Nb; Ba; La; Ce; Pr; Nd; Sm; Eu; Gd; Tb; Dy; Ho; Er; Tm; Yb; Lu; Hf; Ta; A/CNK; A/NK; Fe*; K2O/Na2O; Rb/Sr; Zr/Hf; Eu/Eu*; (La/Yb)N,20260992,20260992,0
R2545,4,validation,GG0008,RCB0008,I,True,A2CFC6311C185EAA2F17BA13E733D522713F64F2850C50F6EEF6E4CE1F592221,,0.0975609756097561,41,SiO2; TiO2; Al2O3; Fe2O3; FeO; MnO; MgO; CaO; Na2O; K2O; P2O5; Rb; Sr; Y; Zr; Nb; Ba; La; Ce; Pr; Nd; Sm; Eu; Gd; Tb; Dy; Ho; Er; Tm; Yb; Lu; Hf; Ta; A/CNK; A/NK; Fe*; K2O/Na2O; Rb/Sr; Zr/Hf; Eu/Eu*; (La/Yb)N,20260992,20260992,0
R2546,4,validation,GG0008,RCB0008,I,True,A2CFC6311C185EAA2F17BA13E733D522713F64F2850C50F6EEF6E4CE1F592221,,0.0975609756097561,41,SiO2; TiO2; Al2O3; Fe2O3; FeO; MnO; MgO; CaO; Na2O; K2O; P2O5; Rb; Sr; Y; Zr; Nb; Ba; La; Ce; Pr; Nd; Sm; Eu; Gd; Tb; Dy; Ho; Er; Tm; Yb; Lu; Hf; Ta; A/CNK; A/NK; Fe*; K2O/Na2O; Rb/Sr; Zr/Hf; Eu/Eu*; (La/Yb)N,20260992,20260992,0
R2547,4,validation,GG0008,RCB0008,I,True,A2CFC6311C185EAA2F17BA13E733D522713F64F2850C50F6EEF6E4CE1F592221,,0.0975609756097561,41,SiO2; TiO2; Al2O3; Fe2O3; FeO; MnO; MgO; CaO; Na2O; K2O; P2O5; Rb; Sr; Y; Zr; Nb; Ba; La; Ce; Pr; Nd; Sm; Eu; Gd; Tb; Dy; Ho; Er; Tm; Yb; Lu; Hf; Ta; A/CNK; A/NK; Fe*; K2O/Na2O; Rb/Sr; Zr/Hf; Eu/Eu*; (La/Yb)N,20260992,20260992,0
R2548,4,validation,GG0008,RCB0008,I,True,A2CFC6311C185EAA2F17BA13E733D522713F64F2850C50F6EEF6E4CE1F592221,,0.0975609756097561,41,SiO2; TiO2; Al2O3; Fe2O3; FeO; MnO; MgO; CaO; Na2O; K2O; P2O5; Rb; Sr; Y; Zr; Nb; Ba; La; Ce; Pr; Nd; Sm; Eu; Gd; Tb; Dy; Ho; Er; Tm; Yb; Lu; Hf; Ta; A/CNK; A/NK; Fe*; K2O/Na2O; Rb/Sr; Zr/Hf; Eu/Eu*; (La/Yb)N,20260992,20260992,0
R2549,4,validation,GG0008,RCB0008,I,True,A2CFC6311C185EAA2F17BA13E733D522713F64F2850C50F6EEF6E4CE1F592221,,0.0975609756097561,41,SiO2; TiO2; Al2O3; Fe2O3; FeO; MnO; MgO; CaO; Na2O; K2O; P2O5; Rb; Sr; Y; Zr; Nb; Ba; La; Ce; Pr; Nd; Sm; Eu; Gd; Tb; Dy; Ho; Er; Tm; Yb; Lu; Hf; Ta; A/CNK; A/NK; Fe*; K2O/Na2O; Rb/Sr; Zr/Hf; Eu/Eu*; (La/Yb)N,20260992,20260992,0
R2550,4,validation,GG0008,RCB0008,I,True,A2CFC6311C185EAA2F17BA13E733D522713F64F2850C50F6EEF6E4CE1F592221,,0.0975609756097561,41,SiO2; TiO2; Al2O3; Fe2O3; FeO; MnO; MgO; CaO; Na2O; K2O; P2O5; Rb; Sr; Y; Zr; Nb; Ba; La; Ce; Pr; Nd; Sm; Eu; Gd; Tb; Dy; Ho; Er; Tm; Yb; Lu; Hf; Ta; A/CNK; A/NK; Fe*; K2O/Na2O; Rb/Sr; Zr/Hf; Eu/Eu*; (La/Yb)N,20260992,20260992,0
R2551,4,validation,GG0008,RCB0008,I,True,A2CFC6311C185EAA2F17BA13E733D522713F64F2850C50F6EEF6E4CE1F592221,,0.0975609756097561,41,SiO2; TiO2; Al2O3; Fe2O3; FeO; MnO; MgO; CaO; Na2O; K2O; P2O5; Rb; Sr; Y; Zr; Nb; Ba; La; Ce; Pr; Nd; Sm; Eu; Gd; Tb; Dy; Ho; Er; Tm; Yb; Lu; Hf; Ta; A/CNK; A/NK; Fe*; K2O/Na2O; Rb/Sr; Zr/Hf; Eu/Eu*; (La/Yb)N,20260992,20260992,0
R2552,4,validation,GG0008,RCB0008,I,True,A2CFC6311C185EAA2F17BA13E733D522713F64F2850C50F6EEF6E4CE1F592221,,0.0975609756097561,41,SiO2; TiO2; Al2O3; Fe2O3; FeO; MnO; MgO; CaO; Na2O; K2O; P2O5; Rb; Sr; Y; Zr; Nb; Ba; La; Ce; Pr; Nd; Sm; Eu; Gd; Tb; Dy; Ho; Er; Tm; Yb; Lu; Hf; Ta; A/CNK; A/NK; Fe*; K2O/Na2O; Rb/Sr; Zr/Hf; Eu/Eu*; (La/Yb)N,20260992,20260992,0
R2553,4,validation,GG0008,RCB0008,I,True,A2CFC6311C185EAA2F17BA13E733D522713F64F2850C50F6EEF6E4CE1F592221,,0.0975609756097561,41,SiO2; TiO2; Al2O3; Fe2O3; FeO; MnO; MgO; CaO; Na2O; K2O; P2O5; Rb; Sr; Y; Zr; Nb; Ba; La; Ce; Pr; Nd; Sm; Eu; Gd; Tb; Dy; Ho; Er; Tm; Yb; Lu; Hf; Ta; A/CNK; A/NK; Fe*; K2O/Na2O; Rb/Sr; Zr/Hf; Eu/Eu*; (La/Yb)N,20260992,20260992,0
R2554,4,validation,GG0008,RCB0008,I,True,A2CFC6311C185EAA2F17BA13E733D522713F64F2850C50F6EEF6E4CE1F592221,,0.0975609756097561,41,SiO2; TiO2; Al2O3; Fe2O3; FeO; MnO; MgO; CaO; Na2O; K2O; P2O5; Rb; Sr; Y; Zr; Nb; Ba; La; Ce; Pr; Nd; Sm; Eu; Gd; Tb; Dy; Ho; Er; Tm; Yb; Lu; Hf; Ta; A/CNK; A/NK; Fe*; K2O/Na2O; Rb/Sr; Zr/Hf; Eu/Eu*; (La/Yb)N,20260992,20260992,0
R2555,4,validation,GG0008,RCB0008,I,True,A2CFC6311C185EAA2F17BA13E733D522713F64F2850C50F6EEF6E4CE1F592221,,0.0975609756097561,41,SiO2; TiO2; Al2O3; Fe2O3; FeO; MnO; MgO; CaO; Na2O; K2O; P2O5; Rb; Sr; Y; Zr; Nb; Ba; La; Ce; Pr; Nd; Sm; Eu; Gd; Tb; Dy; Ho; Er; Tm; Yb; Lu; Hf; Ta; A/CNK; A/NK; Fe*; K2O/Na2O; Rb/Sr; Zr/Hf; Eu/Eu*; (La/Yb)N,20260992,20260992,0
R2556,4,validation,GG0008,RCB0008,I,True,A2CFC6311C185EAA2F17BA13E733D522713F64F2850C50F6EEF6E4CE1F592221,,0.0975609756097561,41,SiO2; TiO2; Al2O3; Fe2O3; FeO; MnO; MgO; CaO; Na2O; K2O; P2O5; Rb; Sr; Y; Zr; Nb; Ba; La; Ce; Pr; Nd; Sm; Eu; Gd; Tb; Dy; Ho; Er; Tm; Yb; Lu; Hf; Ta; A/CNK; A/NK; Fe*; K2O/Na2O; Rb/Sr; Zr/Hf; Eu/Eu*; (La/Yb)N,20260992,20260992,0
R2557,4,validation,GG0008,RCB0008,I,True,A2CFC6311C185EAA2F17BA13E733D522713F64F2850C50F6EEF6E4CE1F592221,,0.0975609756097561,41,SiO2; TiO2; Al2O3; Fe2O3; FeO; MnO; MgO; CaO; Na2O; K2O; P2O5; Rb; Sr; Y; Zr; Nb; Ba; La; Ce; Pr; Nd; Sm; Eu; Gd; Tb; Dy; Ho; Er; Tm; Yb; Lu; Hf; Ta; A/CNK; A/NK; Fe*; K2O/Na2O; Rb/Sr; Zr/Hf; Eu/Eu*; (La/Yb)N,20260992,20260992,0
R2558,4,validation,GG0008,RCB0008,I,True,A2CFC6311C185EAA2F17BA13E733D522713F64F2850C50F6EEF6E4CE1F592221,,0.0975609756097561,41,SiO2; TiO2; Al2O3; Fe2O3; FeO; MnO; MgO; CaO; Na2O; K2O; P2O5; Rb; Sr; Y; Zr; Nb; Ba; La; Ce; Pr; Nd; Sm; Eu; Gd; Tb; Dy; Ho; Er; Tm; Yb; Lu; Hf; Ta; A/CNK; A/NK; Fe*; K2O/Na2O; Rb/Sr; Zr/Hf; Eu/Eu*; (La/Yb)N,20260992,20260992,0
R2559,4,validation,GG0008,RCB0008,I,True,A2CFC6311C185EAA2F17BA13E733D522713F64F2850C50F6EEF6E4CE1F592221,,0.0975609756097561,41,SiO2; TiO2; Al2O3; Fe2O3; FeO; MnO; MgO; CaO; Na2O; K2O; P2O5; Rb; Sr; Y; Zr; Nb; Ba; La; Ce; Pr; Nd; Sm; Eu; Gd; Tb; Dy; Ho; Er; Tm; Yb; Lu; Hf; Ta; A/CNK; A/NK; Fe*; K2O/Na2O; Rb/Sr; Zr/Hf; Eu/Eu*; (La/Yb)N,20260992,20260992,0
R2560,4,validation,GG0008,RCB0008,I,True,A2CFC6311C185EAA2F17BA13E733D522713F64F2850C50F6EEF6E4CE1F592221,,0.04878048780487805,41,SiO2; TiO2; Al2O3; Fe2O3; FeO; MnO; MgO; CaO; Na2O; K2O; P2O5; Rb; Sr; Y; Zr; Nb; Ba; La; Ce; Pr; Nd; Sm; Eu; Gd; Tb; Dy; Ho; Er; Tm; Yb; Lu; Hf; Ta; A/CNK; A/NK; Fe*; K2O/Na2O; Rb/Sr; Zr/Hf; Eu/Eu*; (La/Yb)N,20260992,20260992,0
R2561,4,validation,GG0008,RCB0008,I,True,A2CFC6311C185EAA2F17BA13E733D522713F64F2850C50F6EEF6E4CE1F592221,,0.04878048780487805,41,SiO2; TiO2; Al2O3; Fe2O3; FeO; MnO; MgO; CaO; Na2O; K2O; P2O5; Rb; Sr; Y; Zr; Nb; Ba; La; Ce; Pr; Nd; Sm; Eu; Gd; Tb; Dy; Ho; Er; Tm; Yb; Lu; Hf; Ta; A/CNK; A/NK; Fe*; K2O/Na2O; Rb/Sr; Zr/Hf; Eu/Eu*; (La/Yb)N,20260992,20260992,0
R2562,4,validation,GG0008,RCB0008,I,True,A2CFC6311C185EAA2F17BA13E733D522713F64F2850C50F6EEF6E4CE1F592221,,0.04878048780487805,41,SiO2; TiO2; Al2O3; Fe2O3; FeO; MnO; MgO; CaO; Na2O; K2O; P2O5; Rb; Sr; Y; Zr; Nb; Ba; La; Ce; Pr; Nd; Sm; Eu; Gd; Tb; Dy; Ho; Er; Tm; Yb; Lu; Hf; Ta; A/CNK; A/NK; Fe*; K2O/Na2O; Rb/Sr; Zr/Hf; Eu/Eu*; (La/Yb)N,20260992,20260992,0
R2563,4,validation,GG0008,RCB0008,I,True,A2CFC6311C185EAA2F17BA13E733D522713F64F2850C50F6EEF6E4CE1F592221,,0.04878048780487805,41,SiO2; TiO2; Al2O3; Fe2O3; FeO; MnO; MgO; CaO; Na2O; K2O; P2O5; Rb; Sr; Y; Zr; Nb; Ba; La; Ce; Pr; Nd; Sm; Eu; Gd; Tb; Dy; Ho; Er; Tm; Yb; Lu; Hf; Ta; A/CNK; A/NK; Fe*; K2O/Na2O; Rb/Sr; Zr/Hf; Eu/Eu*; (La/Yb)N,20260992,20260992,0
R2564,4,validation,GG0008,RCB0008,I,True,A2CFC6311C185EAA2F17BA13E733D522713F64F2850C50F6EEF6E4CE1F592221,,0.0975609756097561,41,SiO2; TiO2; Al2O3; Fe2O3; FeO; MnO; MgO; CaO; Na2O; K2O; P2O5; Rb; Sr; Y; Zr; Nb; Ba; La; Ce; Pr; Nd; Sm; Eu; Gd; Tb; Dy; Ho; Er; Tm; Yb; Lu; Hf; Ta; A/CNK; A/NK; Fe*; K2O/Na2O; Rb/Sr; Zr/Hf; Eu/Eu*; (La/Yb)N,20260992,20260992,0
R2565,4,validation,GG0008,RCB0008,I,True,A2CFC6311C185EAA2F17BA13E733D522713F64F2850C50F6EEF6E4CE1F592221,,0.0975609756097561,41,SiO2; TiO2; Al2O3; Fe2O3; FeO; MnO; MgO; CaO; Na2O; K2O; P2O5; Rb; Sr; Y; Zr; Nb; Ba; La; Ce; Pr; Nd; Sm; Eu; Gd; Tb; Dy; Ho; Er; Tm; Yb; Lu; Hf; Ta; A/CNK; A/NK; Fe*; K2O/Na2O; Rb/Sr; Zr/Hf; Eu/Eu*; (La/Yb)N,20260992,20260992,0
R2566,4,validation,GG0008,RCB0008,I,True,A2CFC6311C185EAA2F17BA13E733D522713F64F2850C50F6EEF6E4CE1F592221,,0.0975609756097561,41,SiO2; TiO2; Al2O3; Fe2O3; FeO; MnO; MgO; CaO; Na2O; K2O; P2O5; Rb; Sr; Y; Zr; Nb; Ba; La; Ce; Pr; Nd; Sm; Eu; Gd; Tb; Dy; Ho; Er; Tm; Yb; Lu; Hf; Ta; A/CNK; A/NK; Fe*; K2O/Na2O; Rb/Sr; Zr/Hf; Eu/Eu*; (La/Yb)N,20260992,20260992,0
R2567,4,validation,GG0008,RCB0008,I,True,A2CFC6311C185EAA2F17BA13E733D522713F64F2850C50F6EEF6E4CE1F592221,,0.0975609756097561,41,SiO2; TiO2; Al2O3; Fe2O3; FeO; MnO; MgO; CaO; Na2O; K2O; P2O5; Rb; Sr; Y; Zr; Nb; Ba; La; Ce; Pr; Nd; Sm; Eu; Gd; Tb; Dy; Ho; Er; Tm; Yb; Lu; Hf; Ta; A/CNK; A/NK; Fe*; K2O/Na2O; Rb/Sr; Zr/Hf; Eu/Eu*; (La/Yb)N,20260992,20260992,0
R2568,4,validation,GG0125,RCB0068,I,False,A2CFC6311C185EAA2F17BA13E733D522713F64F2850C50F6EEF6E4CE1F592221,row_missingness_at_or_above_threshold,0.6341463414634146,41,SiO2; TiO2; Al2O3; Fe2O3; FeO; MnO; MgO; CaO; Na2O; K2O; P2O5; Rb; Sr; Y; Zr; Nb; Ba; La; Ce; Pr; Nd; Sm; Eu; Gd; Tb; Dy; Ho; Er; Tm; Yb; Lu; Hf; Ta; A/CNK; A/NK; Fe*; K2O/Na2O; Rb/Sr; Zr/Hf; Eu/Eu*; (La/Yb)N,20260992,20260992,0
R2569,4,validation,GG0125,RCB0068,I,False,A2CFC6311C185EAA2F17BA13E733D522713F64F2850C50F6EEF6E4CE1F592221,row_missingness_at_or_above_threshold,0.6341463414634146,41,SiO2; TiO2; Al2O3; Fe2O3; FeO; MnO; MgO; CaO; Na2O; K2O; P2O5; Rb; Sr; Y; Zr; Nb; Ba; La; Ce; Pr; Nd; Sm; Eu; Gd; Tb; Dy; Ho; Er; Tm; Yb; Lu; Hf; Ta; A/CNK; A/NK; Fe*; K2O/Na2O; Rb/Sr; Zr/Hf; Eu/Eu*; (La/Yb)N,20260992,20260992,0
R2570,4,validation,GG0125,RCB0068,I,False,A2CFC6311C185EAA2F17BA13E733D522713F64F2850C50F6EEF6E4CE1F592221,row_missingness_at_or_above_threshold,0.6341463414634146,41,SiO2; TiO2; Al2O3; Fe2O3; FeO; MnO; MgO; CaO; Na2O; K2O; P2O5; Rb; Sr; Y; Zr; Nb; Ba; La; Ce; Pr; Nd; Sm; Eu; Gd; Tb; Dy; Ho; Er; Tm; Yb; Lu; Hf; Ta; A/CNK; A/NK; Fe*; K2O/Na2O; Rb/Sr; Zr/Hf; Eu/Eu*; (La/Yb)N,20260992,20260992,0
R2571,4,validation,GG0125,RCB0068,I,False,A2CFC6311C185EAA2F17BA13E733D522713F64F2850C50F6EEF6E4CE1F592221,row_missingness_at_or_above_threshold,0.6341463414634146,41,SiO2; TiO2; Al2O3; Fe2O3; FeO; MnO; MgO; CaO; Na2O; K2O; P2O5; Rb; Sr; Y; Zr; Nb; Ba; La; Ce; Pr; Nd; Sm; Eu; Gd; Tb; Dy; Ho; Er; Tm; Yb; Lu; Hf; Ta; A/CNK; A/NK; Fe*; K2O/Na2O; Rb/Sr; Zr/Hf; Eu/Eu*; (La/Yb)N,20260992,20260992,0
R2572,4,validation,GG0125,RCB0068,I,False,A2CFC6311C185EAA2F17BA13E733D522713F64F2850C50F6EEF6E4CE1F592221,row_missingness_at_or_above_threshold,0.6341463414634146,41,SiO2; TiO2; Al2O3; Fe2O3; FeO; MnO; MgO; CaO; Na2O; K2O; P2O5; Rb; Sr; Y; Zr; Nb; Ba; La; Ce; Pr; Nd; Sm; Eu; Gd; Tb; Dy; Ho; Er; Tm; Yb; Lu; Hf; Ta; A/CNK; A/NK; Fe*; K2O/Na2O; Rb/Sr; Zr/Hf; Eu/Eu*; (La/Yb)N,20260992,20260992,0
R2573,4,validation,GG0125,RCB0068,I,False,A2CFC6311C185EAA2F17BA13E733D522713F64F2850C50F6EEF6E4CE1F592221,row_missingness_at_or_above_threshold,0.6341463414634146,41,SiO2; TiO2; Al2O3; Fe2O3; FeO; MnO; MgO; CaO; Na2O; K2O; P2O5; Rb; Sr; Y; Zr; Nb; Ba; La; Ce; Pr; Nd; Sm; Eu; Gd; Tb; Dy; Ho; Er; Tm; Yb; Lu; Hf; Ta; A/CNK; A/NK; Fe*; K2O/Na2O; Rb/Sr; Zr/Hf; Eu/Eu*; (La/Yb)N,20260992,20260992,0
R2574,4,validation,GG0125,RCB0068,I,False,A2CFC6311C185EAA2F17BA13E733D522713F64F2850C50F6EEF6E4CE1F592221,row_missingness_at_or_above_threshold,0.6341463414634146,41,SiO2; TiO2; Al2O3; Fe2O3; FeO; MnO; MgO; CaO; Na2O; K2O; P2O5; Rb; Sr; Y; Zr; Nb; Ba; La; Ce; Pr; Nd; Sm; Eu; Gd; Tb; Dy; Ho; Er; Tm; Yb; Lu; Hf; Ta; A/CNK; A/NK; Fe*; K2O/Na2O; Rb/Sr; Zr/Hf; Eu/Eu*; (La/Yb)N,20260992,20260992,0
R2575,4,validation,GG0125,RCB0068,I,False,A2CFC6311C185EAA2F17BA13E733D522713F64F2850C50F6EEF6E4CE1F592221,row_missingness_at_or_above_threshold,0.6341463414634146,41,SiO2; TiO2; Al2O3; Fe2O3; FeO; MnO; MgO; CaO; Na2O; K2O; P2O5; Rb; Sr; Y; Zr; Nb; Ba; La; Ce; Pr; Nd; Sm; Eu; Gd; Tb; Dy; Ho; Er; Tm; Yb; Lu; Hf; Ta; A/CNK; A/NK; Fe*; K2O/Na2O; Rb/Sr; Zr/Hf; Eu/Eu*; (La/Yb)N,20260992,20260992,0
R2576,4,validation,GG0125,RCB0068,I,False,A2CFC6311C185EAA2F17BA13E733D522713F64F2850C50F6EEF6E4CE1F592221,row_missingness_at_or_above_threshold,0.6341463414634146,41,SiO2; TiO2; Al2O3; Fe2O3; FeO; MnO; MgO; CaO; Na2O; K2O; P2O5; Rb; Sr; Y; Zr; Nb; Ba; La; Ce; Pr; Nd; Sm; Eu; Gd; Tb; Dy; Ho; Er; Tm; Yb; Lu; Hf; Ta; A/CNK; A/NK; Fe*; K2O/Na2O; Rb/Sr; Zr/Hf; Eu/Eu*; (La/Yb)N,20260992,20260992,0
R2577,4,validation,GG0125,RCB0068,I,False,A2CFC6311C185EAA2F17BA13E733D522713F64F2850C50F6EEF6E4CE1F592221,row_missingness_at_or_above_threshold,0.6341463414634146,41,SiO2; TiO2; Al2O3; Fe2O3; FeO; MnO; MgO; CaO; Na2O; K2O; P2O5; Rb; Sr; Y; Zr; Nb; Ba; La; Ce; Pr; Nd; Sm; Eu; Gd; Tb; Dy; Ho; Er; Tm; Yb; Lu; Hf; Ta; A/CNK; A/NK; Fe*; K2O/Na2O; Rb/Sr; Zr/Hf; Eu/Eu*; (La/Yb)N,20260992,20260992,0
R2578,4,validation,GG0125,RCB0068,I,False,A2CFC6311C185EAA2F17BA13E733D522713F64F2850C50F6EEF6E4CE1F592221,row_missingness_at_or_above_threshold,0.6341463414634146,41,SiO2; TiO2; Al2O3; Fe2O3; FeO; MnO; MgO; CaO; Na2O; K2O; P2O5; Rb; Sr; Y; Zr; Nb; Ba; La; Ce; Pr; Nd; Sm; Eu; Gd; Tb; Dy; Ho; Er; Tm; Yb; Lu; Hf; Ta; A/CNK; A/NK; Fe*; K2O/Na2O; Rb/Sr; Zr/Hf; Eu/Eu*; (La/Yb)N,20260992,20260992,0
R2579,4,validation,GG0125,RCB0068,I,False,A2CFC6311C185EAA2F17BA13E733D522713F64F2850C50F6EEF6E4CE1F592221,row_missingness_at_or_above_threshold,0.6341463414634146,41,SiO2; TiO2; Al2O3; Fe2O3; FeO; MnO; MgO; CaO; Na2O; K2O; P2O5; Rb; Sr; Y; Zr; Nb; Ba; La; Ce; Pr; Nd; Sm; Eu; Gd; Tb; Dy; Ho; Er; Tm; Yb; Lu; Hf; Ta; A/CNK; A/NK; Fe*; K2O/Na2O; Rb/Sr; Zr/Hf; Eu/Eu*; (La/Yb)N,20260992,20260992,0
R2580,4,validation,GG0125,RCB0068,I,False,A2CFC6311C185EAA2F17BA13E733D522713F64F2850C50F6EEF6E4CE1F592221,row_missingness_at_or_above_threshold,0.6341463414634146,41,SiO2; TiO2; Al2O3; Fe2O3; FeO; MnO; MgO; CaO; Na2O; K2O; P2O5; Rb; Sr; Y; Zr; Nb; Ba; La; Ce; Pr; Nd; Sm; Eu; Gd; Tb; Dy; Ho; Er; Tm; Yb; Lu; Hf; Ta; A/CNK; A/NK; Fe*; K2O/Na2O; Rb/Sr; Zr/Hf; Eu/Eu*; (La/Yb)N,20260992,20260992,0
R2581,4,validation,GG0125,RCB0068,I,False,A2CFC6311C185EAA2F17BA13E733D522713F64F2850C50F6EEF6E4CE1F592221,row_missingness_at_or_above_threshold,0.9512195121951219,41,SiO2; TiO2; Al2O3; Fe2O3; FeO; MnO; MgO; CaO; Na2O; K2O; P2O5; Rb; Sr; Y; Zr; Nb; Ba; La; Ce; Pr; Nd; Sm; Eu; Gd; Tb; Dy; Ho; Er; Tm; Yb; Lu; Hf; Ta; A/CNK; A/NK; Fe*; K2O/Na2O; Rb/Sr; Zr/Hf; Eu/Eu*; (La/Yb)N,20260992,20260992,0
R2582,4,validation,GG0125,RCB0068,I,False,A2CFC6311C185EAA2F17BA13E733D522713F64F2850C50F6EEF6E4CE1F592221,row_missingness_at_or_above_threshold,0.9512195121951219,41,SiO2; TiO2; Al2O3; Fe2O3; FeO; MnO; MgO; CaO; Na2O; K2O; P2O5; Rb; Sr; Y; Zr; Nb; Ba; La; Ce; Pr; Nd; Sm; Eu; Gd; Tb; Dy; Ho; Er; Tm; Yb; Lu; Hf; Ta; A/CNK; A/NK; Fe*; K2O/Na2O; Rb/Sr; Zr/Hf; Eu/Eu*; (La/Yb)N,20260992,20260992,0
R2583,4,validation,GG0125,RCB0068,I,False,A2CFC6311C185EAA2F17BA13E733D522713F64F2850C50F6EEF6E4CE1F592221,row_missingness_at_or_above_threshold,0.9512195121951219,41,SiO2; TiO2; Al2O3; Fe2O3; FeO; MnO; MgO; CaO; Na2O; K2O; P2O5; Rb; Sr; Y; Zr; Nb; Ba; La; Ce; Pr; Nd; Sm; Eu; Gd; Tb; Dy; Ho; Er; Tm; Yb; Lu; Hf; Ta; A/CNK; A/NK; Fe*; K2O/Na2O; Rb/Sr; Zr/Hf; Eu/Eu*; (La/Yb)N,20260992,20260992,0
R2584,4,validation,GG0125,RCB0068,I,False,A2CFC6311C185EAA2F17BA13E733D522713F64F2850C50F6EEF6E4CE1F592221,row_missingness_at_or_above_threshold,0.9512195121951219,41,SiO2; TiO2; Al2O3; Fe2O3; FeO; MnO; MgO; CaO; Na2O; K2O; P2O5; Rb; Sr; Y; Zr; Nb; Ba; La; Ce; Pr; Nd; Sm; Eu; Gd; Tb; Dy; Ho; Er; Tm; Yb; Lu; Hf; Ta; A/CNK; A/NK; Fe*; K2O/Na2O; Rb/Sr; Zr/Hf; Eu/Eu*; (La/Yb)N,20260992,20260992,0
R2585,4,validation,GG0125,RCB0068,I,False,A2CFC6311C185EAA2F17BA13E733D522713F64F2850C50F6EEF6E4CE1F592221,row_missingness_at_or_above_threshold,0.9512195121951219,41,SiO2; TiO2; Al2O3; Fe2O3; FeO; MnO; MgO; CaO; Na2O; K2O; P2O5; Rb; Sr; Y; Zr; Nb; Ba; La; Ce; Pr; Nd; Sm; Eu; Gd; Tb; Dy; Ho; Er; Tm; Yb; Lu; Hf; Ta; A/CNK; A/NK; Fe*; K2O/Na2O; Rb/Sr; Zr/Hf; Eu/Eu*; (La/Yb)N,20260992,20260992,0
R2586,4,validation,GG0125,RCB0068,I,False,A2CFC6311C185EAA2F17BA13E733D522713F64F2850C50F6EEF6E4CE1F592221,row_missingness_at_or_above_threshold,0.9512195121951219,41,SiO2; TiO2; Al2O3; Fe2O3; FeO; MnO; MgO; CaO; Na2O; K2O; P2O5; Rb; Sr; Y; Zr; Nb; Ba; La; Ce; Pr; Nd; Sm; Eu; Gd; Tb; Dy; Ho; Er; Tm; Yb; Lu; Hf; Ta; A/CNK; A/NK; Fe*; K2O/Na2O; Rb/Sr; Zr/Hf; Eu/Eu*; (La/Yb)N,20260992,20260992,0
R2587,4,validation,GG0125,RCB0068,I,False,A2CFC6311C185EAA2F17BA13E733D522713F64F2850C50F6EEF6E4CE1F592221,row_missingness_at_or_above_threshold,0.9512195121951219,41,SiO2; TiO2; Al2O3; Fe2O3; FeO; MnO; MgO; CaO; Na2O; K2O; P2O5; Rb; Sr; Y; Zr; Nb; Ba; La; Ce; Pr; Nd; Sm; Eu; Gd; Tb; Dy; Ho; Er; Tm; Yb; Lu; Hf; Ta; A/CNK; A/NK; Fe*; K2O/Na2O; Rb/Sr; Zr/Hf; Eu/Eu*; (La/Yb)N,20260992,20260992,0
R2588,4,validation,GG0125,RCB0068,I,False,A2CFC6311C185EAA2F17BA13E733D522713F64F2850C50F6EEF6E4CE1F592221,row_missingness_at_or_above_threshold,0.9512195121951219,41,SiO2; TiO2; Al2O3; Fe2O3; FeO; MnO; MgO; CaO; Na2O; K2O; P2O5; Rb; Sr; Y; Zr; Nb; Ba; La; Ce; Pr; Nd; Sm; Eu; Gd; Tb; Dy; Ho; Er; Tm; Yb; Lu; Hf; Ta; A/CNK; A/NK; Fe*; K2O/Na2O; Rb/Sr; Zr/Hf; Eu/Eu*; (La/Yb)N,20260992,20260992,0
R2589,4,validation,GG0125,RCB0068,I,False,A2CFC6311C185EAA2F17BA13E733D522713F64F2850C50F6EEF6E4CE1F592221,row_missingness_at_or_above_threshold,0.9512195121951219,41,SiO2; TiO2; Al2O3; Fe2O3; FeO; MnO; MgO; CaO; Na2O; K2O; P2O5; Rb; Sr; Y; Zr; Nb; Ba; La; Ce; Pr; Nd; Sm; Eu; Gd; Tb; Dy; Ho; Er; Tm; Yb; Lu; Hf; Ta; A/CNK; A/NK; Fe*; K2O/Na2O; Rb/Sr; Zr/Hf; Eu/Eu*; (La/Yb)N,20260992,20260992,0
R2590,4,validation,GG0125,RCB0068,I,False,A2CFC6311C185EAA2F17BA13E733D522713F64F2850C50F6EEF6E4CE1F592221,row_missingness_at_or_above_threshold,0.9512195121951219,41,SiO2; TiO2; Al2O3; Fe2O3; FeO; MnO; MgO; CaO; Na2O; K2O; P2O5; Rb; Sr; Y; Zr; Nb; Ba; La; Ce; Pr; Nd; Sm; Eu; Gd; Tb; Dy; Ho; Er; Tm; Yb; Lu; Hf; Ta; A/CNK; A/NK; Fe*; K2O/Na2O; Rb/Sr; Zr/Hf; Eu/Eu*; (La/Yb)N,20260992,20260992,0
R2591,4,validation,GG0125,RCB0068,I,False,A2CFC6311C185EAA2F17BA13E733D522713F64F2850C50F6EEF6E4CE1F592221,row_missingness_at_or_above_threshold,0.9512195121951219,41,SiO2; TiO2; Al2O3; Fe2O3; FeO; MnO; MgO; CaO; Na2O; K2O; P2O5; Rb; Sr; Y; Zr; Nb; Ba; La; Ce; Pr; Nd; Sm; Eu; Gd; Tb; Dy; Ho; Er; Tm; Yb; Lu; Hf; Ta; A/CNK; A/NK; Fe*; K2O/Na2O; Rb/Sr; Zr/Hf; Eu/Eu*; (La/Yb)N,20260992,20260992,0
R2592,4,validation,GG0125,RCB0068,I,False,A2CFC6311C185EAA2F17BA13E733D522713F64F2850C50F6EEF6E4CE1F592221,row_missingness_at_or_above_threshold,0.9512195121951219,41,SiO2; TiO2; Al2O3; Fe2O3; FeO; MnO; MgO; CaO; Na2O; K2O; P2O5; Rb; Sr; Y; Zr; Nb; Ba; La; Ce; Pr; Nd; Sm; Eu; Gd; Tb; Dy; Ho; Er; Tm; Yb; Lu; Hf; Ta; A/CNK; A/NK; Fe*; K2O/Na2O; Rb/Sr; Zr/Hf; Eu/Eu*; (La/Yb)N,20260992,20260992,0
R2593,4,validation,GG0125,RCB0068,I,False,A2CFC6311C185EAA2F17BA13E733D522713F64F2850C50F6EEF6E4CE1F592221,row_missingness_at_or_above_threshold,0.5853658536585366,41,SiO2; TiO2; Al2O3; Fe2O3; FeO; MnO; MgO; CaO; Na2O; K2O; P2O5; Rb; Sr; Y; Zr; Nb; Ba; La; Ce; Pr; Nd; Sm; Eu; Gd; Tb; Dy; Ho; Er; Tm; Yb; Lu; Hf; Ta; A/CNK; A/NK; Fe*; K2O/Na2O; Rb/Sr; Zr/Hf; Eu/Eu*; (La/Yb)N,20260992,20260992,0
R2594,4,validation,GG0125,RCB0068,I,False,A2CFC6311C185EAA2F17BA13E733D522713F64F2850C50F6EEF6E4CE1F592221,row_missingness_at_or_above_threshold,0.5853658536585366,41,SiO2; TiO2; Al2O3; Fe2O3; FeO; MnO; MgO; CaO; Na2O; K2O; P2O5; Rb; Sr; Y; Zr; Nb; Ba; La; Ce; Pr; Nd; Sm; Eu; Gd; Tb; Dy; Ho; Er; Tm; Yb; Lu; Hf; Ta; A/CNK; A/NK; Fe*; K2O/Na2O; Rb/Sr; Zr/Hf; Eu/Eu*; (La/Yb)N,20260992,20260992,0
R2595,4,validation,GG0125,RCB0068,I,False,A2CFC6311C185EAA2F17BA13E733D522713F64F2850C50F6EEF6E4CE1F592221,row_missingness_at_or_above_threshold,0.5853658536585366,41,SiO2; TiO2; Al2O3; Fe2O3; FeO; MnO; MgO; CaO; Na2O; K2O; P2O5; Rb; Sr; Y; Zr; Nb; Ba; La; Ce; Pr; Nd; Sm; Eu; Gd; Tb; Dy; Ho; Er; Tm; Yb; Lu; Hf; Ta; A/CNK; A/NK; Fe*; K2O/Na2O; Rb/Sr; Zr/Hf; Eu/Eu*; (La/Yb)N,20260992,20260992,0
R2596,4,validation,GG0125,RCB0068,I,False,A2CFC6311C185EAA2F17BA13E733D522713F64F2850C50F6EEF6E4CE1F592221,row_missingness_at_or_above_threshold,0.5853658536585366,41,SiO2; TiO2; Al2O3; Fe2O3; FeO; MnO; MgO; CaO; Na2O; K2O; P2O5; Rb; Sr; Y; Zr; Nb; Ba; La; Ce; Pr; Nd; Sm; Eu; Gd; Tb; Dy; Ho; Er; Tm; Yb; Lu; Hf; Ta; A/CNK; A/NK; Fe*; K2O/Na2O; Rb/Sr; Zr/Hf; Eu/Eu*; (La/Yb)N,20260992,20260992,0
R2597,4,validation,GG0125,RCB0068,I,False,A2CFC6311C185EAA2F17BA13E733D522713F64F2850C50F6EEF6E4CE1F592221,row_missingness_at_or_above_threshold,0.5853658536585366,41,SiO2; TiO2; Al2O3; Fe2O3; FeO; MnO; MgO; CaO; Na2O; K2O; P2O5; Rb; Sr; Y; Zr; Nb; Ba; La; Ce; Pr; Nd; Sm; Eu; Gd; Tb; Dy; Ho; Er; Tm; Yb; Lu; Hf; Ta; A/CNK; A/NK; Fe*; K2O/Na2O; Rb/Sr; Zr/Hf; Eu/Eu*; (La/Yb)N,20260992,20260992,0
R2598,4,validation,GG0125,RCB0068,I,False,A2CFC6311C185EAA2F17BA13E733D522713F64F2850C50F6EEF6E4CE1F592221,row_missingness_at_or_above_threshold,0.5853658536585366,41,SiO2; TiO2; Al2O3; Fe2O3; FeO; MnO; MgO; CaO; Na2O; K2O; P2O5; Rb; Sr; Y; Zr; Nb; Ba; La; Ce; Pr; Nd; Sm; Eu; Gd; Tb; Dy; Ho; Er; Tm; Yb; Lu; Hf; Ta; A/CNK; A/NK; Fe*; K2O/Na2O; Rb/Sr; Zr/Hf; Eu/Eu*; (La/Yb)N,20260992,20260992,0
R2599,4,validation,GG0125,RCB0068,I,False,A2CFC6311C185EAA2F17BA13E733D522713F64F2850C50F6EEF6E4CE1F592221,row_missingness_at_or_above_threshold,0.5853658536585366,41,SiO2; TiO2; Al2O3; Fe2O3; FeO; MnO; MgO; CaO; Na2O; K2O; P2O5; Rb; Sr; Y; Zr; Nb; Ba; La; Ce; Pr; Nd; Sm; Eu; Gd; Tb; Dy; Ho; Er; Tm; Yb; Lu; Hf; Ta; A/CNK; A/NK; Fe*; K2O/Na2O; Rb/Sr; Zr/Hf; Eu/Eu*; (La/Yb)N,20260992,20260992,0
R2600,4,validation,GG0125,RCB0068,I,False,A2CFC6311C185EAA2F17BA13E733D522713F64F2850C50F6EEF6E4CE1F592221,row_missingness_at_or_above_threshold,0.5853658536585366,41,SiO2; TiO2; Al2O3; Fe2O3; FeO; MnO; MgO; CaO; Na2O; K2O; P2O5; Rb; Sr; Y; Zr; Nb; Ba; La; Ce; Pr; Nd; Sm; Eu; Gd; Tb; Dy; Ho; Er; Tm; Yb; Lu; Hf; Ta; A/CNK; A/NK; Fe*; K2O/Na2O; Rb/Sr; Zr/Hf; Eu/Eu*; (La/Yb)N,20260992,20260992,0
R2837,4,validation,GG0128,RCB0070,I,True,A2CFC6311C185EAA2F17BA13E733D522713F64F2850C50F6EEF6E4CE1F592221,,0.04878048780487805,41,SiO2; TiO2; Al2O3; Fe2O3; FeO; MnO; MgO; CaO; Na2O; K2O; P2O5; Rb; Sr; Y; Zr; Nb; Ba; La; Ce; Pr; Nd; Sm; Eu; Gd; Tb; Dy; Ho; Er; Tm; Yb; Lu; Hf; Ta; A/CNK; A/NK; Fe*; K2O/Na2O; Rb/Sr; Zr/Hf; Eu/Eu*; (La/Yb)N,20260992,20260992,0
R2838,4,validation,GG0128,RCB0070,I,True,A2CFC6311C185EAA2F17BA13E733D522713F64F2850C50F6EEF6E4CE1F592221,,0.04878048780487805,41,SiO2; TiO2; Al2O3; Fe2O3; FeO; MnO; MgO; CaO; Na2O; K2O; P2O5; Rb; Sr; Y; Zr; Nb; Ba; La; Ce; Pr; Nd; Sm; Eu; Gd; Tb; Dy; Ho; Er; Tm; Yb; Lu; Hf; Ta; A/CNK; A/NK; Fe*; K2O/Na2O; Rb/Sr; Zr/Hf; Eu/Eu*; (La/Yb)N,20260992,20260992,0
R2839,4,validation,GG0128,RCB0070,I,True,A2CFC6311C185EAA2F17BA13E733D522713F64F2850C50F6EEF6E4CE1F592221,,0.04878048780487805,41,SiO2; TiO2; Al2O3; Fe2O3; FeO; MnO; MgO; CaO; Na2O; K2O; P2O5; Rb; Sr; Y; Zr; Nb; Ba; La; Ce; Pr; Nd; Sm; Eu; Gd; Tb; Dy; Ho; Er; Tm; Yb; Lu; Hf; Ta; A/CNK; A/NK; Fe*; K2O/Na2O; Rb/Sr; Zr/Hf; Eu/Eu*; (La/Yb)N,20260992,20260992,0
R2840,4,validation,GG0128,RCB0070,I,True,A2CFC6311C185EAA2F17BA13E733D522713F64F2850C50F6EEF6E4CE1F592221,,0.04878048780487805,41,SiO2; TiO2; Al2O3; Fe2O3; FeO; MnO; MgO; CaO; Na2O; K2O; P2O5; Rb; Sr; Y; Zr; Nb; Ba; La; Ce; Pr; Nd; Sm; Eu; Gd; Tb; Dy; Ho; Er; Tm; Yb; Lu; Hf; Ta; A/CNK; A/NK; Fe*; K2O/Na2O; Rb/Sr; Zr/Hf; Eu/Eu*; (La/Yb)N,20260992,20260992,0
R2841,4,validation,GG0128,RCB0070,I,True,A2CFC6311C185EAA2F17BA13E733D522713F64F2850C50F6EEF6E4CE1F592221,,0.04878048780487805,41,SiO2; TiO2; Al2O3; Fe2O3; FeO; MnO; MgO; CaO; Na2O; K2O; P2O5; Rb; Sr; Y; Zr; Nb; Ba; La; Ce; Pr; Nd; Sm; Eu; Gd; Tb; Dy; Ho; Er; Tm; Yb; Lu; Hf; Ta; A/CNK; A/NK; Fe*; K2O/Na2O; Rb/Sr; Zr/Hf; Eu/Eu*; (La/Yb)N,20260992,20260992,0
