Record ID,Sample ID,Age reported (Ma),Granite type,Geological Group ID,Geological Group Name,Reference ID,Citation key,Geological group,Geological Group Name_S2,Province / Region,Parent Geological Unit or Included Subunit(s),Group Type,Grouping Rationale,Confidence Level,Number of Samples,Reference ID(s),Reference-connected block,Reference ID normalized
R0001,08BMS-1A,241 ± 7 Ma,S,GG0001,Baimianshi,REF0001,REF0001,GG0001,Baimianshi,Jiangxi,,Named pluton or intrusive unit,The linked references explicitly identify the Baimianshi; all associated records are assigned to that named geological unit.,High,7,REF0001,RCB0001,REF0001
R0002,08BMS-1B,241 ± 7 Ma,S,GG0001,Baimianshi,REF0001,REF0001,GG0001,Baimianshi,Jiangxi,,Named pluton or intrusive unit,The linked references explicitly identify the Baimianshi; all associated records are assigned to that named geological unit.,High,7,REF0001,RCB0001,REF0001
R0003,08BMS-7,241 ± 7 Ma,S,GG0001,Baimianshi,REF0001,REF0001,GG0001,Baimianshi,Jiangxi,,Named pluton or intrusive unit,The linked references explicitly identify the Baimianshi; all associated records are assigned to that named geological unit.,High,7,REF0001,RCB0001,REF0001
R0004,08BMS-8,241 ± 7 Ma,S,GG0001,Baimianshi,REF0001,REF0001,GG0001,Baimianshi,Jiangxi,,Named pluton or intrusive unit,The linked references explicitly identify the Baimianshi; all associated records are assigned to that named geological unit.,High,7,REF0001,RCB0001,REF0001
R0005,08BMS-9,241 ± 7 Ma,S,GG0001,Baimianshi,REF0001,REF0001,GG0001,Baimianshi,Jiangxi,,Named pluton or intrusive unit,The linked references explicitly identify the Baimianshi; all associated records are assigned to that named geological unit.,High,7,REF0001,RCB0001,REF0001
R0006,08BMS-11A,241 ± 7 Ma,S,GG0001,Baimianshi,REF0001,REF0001,GG0001,Baimianshi,Jiangxi,,Named pluton or intrusive unit,The linked references explicitly identify the Baimianshi; all associated records are assigned to that named geological unit.,High,7,REF0001,RCB0001,REF0001
R0007,08BMS-11B,241 ± 7 Ma,S,GG0001,Baimianshi,REF0001,REF0001,GG0001,Baimianshi,Jiangxi,,Named pluton or intrusive unit,The linked references explicitly identify the Baimianshi; all associated records are assigned to that named geological unit.,High,7,REF0001,RCB0001,REF0001
R0015,DW-1-1,403.4 ± 3.9 Ma; 406.1 ± 3.7 Ma; 405.5 ± 4.3 Ma; 406.5 ± 3.4 Ma,S,GG0021,Miao'ershan,REF0003,REF0003,GG0021,Miao'ershan,Hunan; Guangxi,,Composite or parent geological unit,Related subunits are consolidated under the named Miao'ershan parent unit so genetically and spatially related samples remain in one validation group.,Medium,140,REF0003; REF0004; REF0008; REF0036; REF0042; REF0043; REF0057; REF0058; REF0059; REF0206; REF0208; REF0209,RCB0010,REF0003; REF0004; REF0008; REF0036; REF0042; REF0043; REF0057; REF0058; REF0059; REF0206; REF0208; REF0209
R0016,DW-1-2,403.4 ± 3.9 Ma; 406.1 ± 3.7 Ma; 405.5 ± 4.3 Ma; 406.5 ± 3.4 Ma,S,GG0021,Miao'ershan,REF0003,REF0003,GG0021,Miao'ershan,Hunan; Guangxi,,Composite or parent geological unit,Related subunits are consolidated under the named Miao'ershan parent unit so genetically and spatially related samples remain in one validation group.,Medium,140,REF0003; REF0004; REF0008; REF0036; REF0042; REF0043; REF0057; REF0058; REF0059; REF0206; REF0208; REF0209,RCB0010,REF0003; REF0004; REF0008; REF0036; REF0042; REF0043; REF0057; REF0058; REF0059; REF0206; REF0208; REF0209
R0017,DW-1-3,403.4 ± 3.9 Ma; 406.1 ± 3.7 Ma; 405.5 ± 4.3 Ma; 406.5 ± 3.4 Ma,S,GG0021,Miao'ershan,REF0003,REF0003,GG0021,Miao'ershan,Hunan; Guangxi,,Composite or parent geological unit,Related subunits are consolidated under the named Miao'ershan parent unit so genetically and spatially related samples remain in one validation group.,Medium,140,REF0003; REF0004; REF0008; REF0036; REF0042; REF0043; REF0057; REF0058; REF0059; REF0206; REF0208; REF0209,RCB0010,REF0003; REF0004; REF0008; REF0036; REF0042; REF0043; REF0057; REF0058; REF0059; REF0206; REF0208; REF0209
R0018,DW-1-4,403.4 ± 3.9 Ma; 406.1 ± 3.7 Ma; 405.5 ± 4.3 Ma; 406.5 ± 3.4 Ma,S,GG0021,Miao'ershan,REF0003,REF0003,GG0021,Miao'ershan,Hunan; Guangxi,,Composite or parent geological unit,Related subunits are consolidated under the named Miao'ershan parent unit so genetically and spatially related samples remain in one validation group.,Medium,140,REF0003; REF0004; REF0008; REF0036; REF0042; REF0043; REF0057; REF0058; REF0059; REF0206; REF0208; REF0209,RCB0010,REF0003; REF0004; REF0008; REF0036; REF0042; REF0043; REF0057; REF0058; REF0059; REF0206; REF0208; REF0209
R0019,DW-2-1,403.4 ± 3.9 Ma; 406.1 ± 3.7 Ma; 405.5 ± 4.3 Ma; 406.5 ± 3.4 Ma,S,GG0021,Miao'ershan,REF0003,REF0003,GG0021,Miao'ershan,Hunan; Guangxi,,Composite or parent geological unit,Related subunits are consolidated under the named Miao'ershan parent unit so genetically and spatially related samples remain in one validation group.,Medium,140,REF0003; REF0004; REF0008; REF0036; REF0042; REF0043; REF0057; REF0058; REF0059; REF0206; REF0208; REF0209,RCB0010,REF0003; REF0004; REF0008; REF0036; REF0042; REF0043; REF0057; REF0058; REF0059; REF0206; REF0208; REF0209
R0020,DW-2-2,403.4 ± 3.9 Ma; 406.1 ± 3.7 Ma; 405.5 ± 4.3 Ma; 406.5 ± 3.4 Ma,S,GG0021,Miao'ershan,REF0003,REF0003,GG0021,Miao'ershan,Hunan; Guangxi,,Composite or parent geological unit,Related subunits are consolidated under the named Miao'ershan parent unit so genetically and spatially related samples remain in one validation group.,Medium,140,REF0003; REF0004; REF0008; REF0036; REF0042; REF0043; REF0057; REF0058; REF0059; REF0206; REF0208; REF0209,RCB0010,REF0003; REF0004; REF0008; REF0036; REF0042; REF0043; REF0057; REF0058; REF0059; REF0206; REF0208; REF0209
R0021,DW-2-3,403.4 ± 3.9 Ma; 406.1 ± 3.7 Ma; 405.5 ± 4.3 Ma; 406.5 ± 3.4 Ma,S,GG0021,Miao'ershan,REF0003,REF0003,GG0021,Miao'ershan,Hunan; Guangxi,,Composite or parent geological unit,Related subunits are consolidated under the named Miao'ershan parent unit so genetically and spatially related samples remain in one validation group.,Medium,140,REF0003; REF0004; REF0008; REF0036; REF0042; REF0043; REF0057; REF0058; REF0059; REF0206; REF0208; REF0209,RCB0010,REF0003; REF0004; REF0008; REF0036; REF0042; REF0043; REF0057; REF0058; REF0059; REF0206; REF0208; REF0209
R0022,YZT-1-1,403.4 ± 3.9 Ma; 406.1 ± 3.7 Ma; 405.5 ± 4.3 Ma; 406.5 ± 3.4 Ma,S,GG0021,Miao'ershan,REF0003,REF0003,GG0021,Miao'ershan,Hunan; Guangxi,,Composite or parent geological unit,Related subunits are consolidated under the named Miao'ershan parent unit so genetically and spatially related samples remain in one validation group.,Medium,140,REF0003; REF0004; REF0008; REF0036; REF0042; REF0043; REF0057; REF0058; REF0059; REF0206; REF0208; REF0209,RCB0010,REF0003; REF0004; REF0008; REF0036; REF0042; REF0043; REF0057; REF0058; REF0059; REF0206; REF0208; REF0209
R0023,YZT-1-2,403.4 ± 3.9 Ma; 406.1 ± 3.7 Ma; 405.5 ± 4.3 Ma; 406.5 ± 3.4 Ma,S,GG0021,Miao'ershan,REF0003,REF0003,GG0021,Miao'ershan,Hunan; Guangxi,,Composite or parent geological unit,Related subunits are consolidated under the named Miao'ershan parent unit so genetically and spatially related samples remain in one validation group.,Medium,140,REF0003; REF0004; REF0008; REF0036; REF0042; REF0043; REF0057; REF0058; REF0059; REF0206; REF0208; REF0209,RCB0010,REF0003; REF0004; REF0008; REF0036; REF0042; REF0043; REF0057; REF0058; REF0059; REF0206; REF0208; REF0209
R0024,YZT-1-3,403.4 ± 3.9 Ma; 406.1 ± 3.7 Ma; 405.5 ± 4.3 Ma; 406.5 ± 3.4 Ma,S,GG0021,Miao'ershan,REF0003,REF0003,GG0021,Miao'ershan,Hunan; Guangxi,,Composite or parent geological unit,Related subunits are consolidated under the named Miao'ershan parent unit so genetically and spatially related samples remain in one validation group.,Medium,140,REF0003; REF0004; REF0008; REF0036; REF0042; REF0043; REF0057; REF0058; REF0059; REF0206; REF0208; REF0209,RCB0010,REF0003; REF0004; REF0008; REF0036; REF0042; REF0043; REF0057; REF0058; REF0059; REF0206; REF0208; REF0209
R0025,SXD-1-1,403.4 ± 3.9 Ma; 406.1 ± 3.7 Ma; 405.5 ± 4.3 Ma; 406.5 ± 3.4 Ma,S,GG0021,Miao'ershan,REF0003,REF0003,GG0021,Miao'ershan,Hunan; Guangxi,,Composite or parent geological unit,Related subunits are consolidated under the named Miao'ershan parent unit so genetically and spatially related samples remain in one validation group.,Medium,140,REF0003; REF0004; REF0008; REF0036; REF0042; REF0043; REF0057; REF0058; REF0059; REF0206; REF0208; REF0209,RCB0010,REF0003; REF0004; REF0008; REF0036; REF0042; REF0043; REF0057; REF0058; REF0059; REF0206; REF0208; REF0209
R0026,SXD-1-2,403.4 ± 3.9 Ma; 406.1 ± 3.7 Ma; 405.5 ± 4.3 Ma; 406.5 ± 3.4 Ma,S,GG0021,Miao'ershan,REF0003,REF0003,GG0021,Miao'ershan,Hunan; Guangxi,,Composite or parent geological unit,Related subunits are consolidated under the named Miao'ershan parent unit so genetically and spatially related samples remain in one validation group.,Medium,140,REF0003; REF0004; REF0008; REF0036; REF0042; REF0043; REF0057; REF0058; REF0059; REF0206; REF0208; REF0209,RCB0010,REF0003; REF0004; REF0008; REF0036; REF0042; REF0043; REF0057; REF0058; REF0059; REF0206; REF0208; REF0209
R0027,SXD-1-3,403.4 ± 3.9 Ma; 406.1 ± 3.7 Ma; 405.5 ± 4.3 Ma; 406.5 ± 3.4 Ma,S,GG0021,Miao'ershan,REF0003,REF0003,GG0021,Miao'ershan,Hunan; Guangxi,,Composite or parent geological unit,Related subunits are consolidated under the named Miao'ershan parent unit so genetically and spatially related samples remain in one validation group.,Medium,140,REF0003; REF0004; REF0008; REF0036; REF0042; REF0043; REF0057; REF0058; REF0059; REF0206; REF0208; REF0209,RCB0010,REF0003; REF0004; REF0008; REF0036; REF0042; REF0043; REF0057; REF0058; REF0059; REF0206; REF0208; REF0209
R0028,SXD-1-4,403.4 ± 3.9 Ma; 406.1 ± 3.7 Ma; 405.5 ± 4.3 Ma; 406.5 ± 3.4 Ma,S,GG0021,Miao'ershan,REF0003,REF0003,GG0021,Miao'ershan,Hunan; Guangxi,,Composite or parent geological unit,Related subunits are consolidated under the named Miao'ershan parent unit so genetically and spatially related samples remain in one validation group.,Medium,140,REF0003; REF0004; REF0008; REF0036; REF0042; REF0043; REF0057; REF0058; REF0059; REF0206; REF0208; REF0209,RCB0010,REF0003; REF0004; REF0008; REF0036; REF0042; REF0043; REF0057; REF0058; REF0059; REF0206; REF0208; REF0209
R0029,ZJ-14-1,218.0 ± 1.4 Ma; 226.8 ± 5.7 Ma,S,GG0021,Miao'ershan,REF0004,REF0004,GG0021,Miao'ershan,Hunan; Guangxi,,Composite or parent geological unit,Related subunits are consolidated under the named Miao'ershan parent unit so genetically and spatially related samples remain in one validation group.,Medium,140,REF0003; REF0004; REF0008; REF0036; REF0042; REF0043; REF0057; REF0058; REF0059; REF0206; REF0208; REF0209,RCB0010,REF0003; REF0004; REF0008; REF0036; REF0042; REF0043; REF0057; REF0058; REF0059; REF0206; REF0208; REF0209
R0030,ZJ-14-2A,218.0 ± 1.4 Ma; 226.8 ± 5.7 Ma,S,GG0021,Miao'ershan,REF0004,REF0004,GG0021,Miao'ershan,Hunan; Guangxi,,Composite or parent geological unit,Related subunits are consolidated under the named Miao'ershan parent unit so genetically and spatially related samples remain in one validation group.,Medium,140,REF0003; REF0004; REF0008; REF0036; REF0042; REF0043; REF0057; REF0058; REF0059; REF0206; REF0208; REF0209,RCB0010,REF0003; REF0004; REF0008; REF0036; REF0042; REF0043; REF0057; REF0058; REF0059; REF0206; REF0208; REF0209
R0031,ZJ-14-2B,218.0 ± 1.4 Ma; 226.8 ± 5.7 Ma,S,GG0021,Miao'ershan,REF0004,REF0004,GG0021,Miao'ershan,Hunan; Guangxi,,Composite or parent geological unit,Related subunits are consolidated under the named Miao'ershan parent unit so genetically and spatially related samples remain in one validation group.,Medium,140,REF0003; REF0004; REF0008; REF0036; REF0042; REF0043; REF0057; REF0058; REF0059; REF0206; REF0208; REF0209,RCB0010,REF0003; REF0004; REF0008; REF0036; REF0042; REF0043; REF0057; REF0058; REF0059; REF0206; REF0208; REF0209
R0032,ZJ-14-3,218.0 ± 1.4 Ma; 226.8 ± 5.7 Ma,S,GG0021,Miao'ershan,REF0004,REF0004,GG0021,Miao'ershan,Hunan; Guangxi,,Composite or parent geological unit,Related subunits are consolidated under the named Miao'ershan parent unit so genetically and spatially related samples remain in one validation group.,Medium,140,REF0003; REF0004; REF0008; REF0036; REF0042; REF0043; REF0057; REF0058; REF0059; REF0206; REF0208; REF0209,RCB0010,REF0003; REF0004; REF0008; REF0036; REF0042; REF0043; REF0057; REF0058; REF0059; REF0206; REF0208; REF0209
R0033,ZJ-14-4,218.0 ± 1.4 Ma; 226.8 ± 5.7 Ma,S,GG0021,Miao'ershan,REF0004,REF0004,GG0021,Miao'ershan,Hunan; Guangxi,,Composite or parent geological unit,Related subunits are consolidated under the named Miao'ershan parent unit so genetically and spatially related samples remain in one validation group.,Medium,140,REF0003; REF0004; REF0008; REF0036; REF0042; REF0043; REF0057; REF0058; REF0059; REF0206; REF0208; REF0209,RCB0010,REF0003; REF0004; REF0008; REF0036; REF0042; REF0043; REF0057; REF0058; REF0059; REF0206; REF0208; REF0209
R0034,ZJ-14-5,218.0 ± 1.4 Ma; 226.8 ± 5.7 Ma,S,GG0021,Miao'ershan,REF0004,REF0004,GG0021,Miao'ershan,Hunan; Guangxi,,Composite or parent geological unit,Related subunits are consolidated under the named Miao'ershan parent unit so genetically and spatially related samples remain in one validation group.,Medium,140,REF0003; REF0004; REF0008; REF0036; REF0042; REF0043; REF0057; REF0058; REF0059; REF0206; REF0208; REF0209,RCB0010,REF0003; REF0004; REF0008; REF0036; REF0042; REF0043; REF0057; REF0058; REF0059; REF0206; REF0208; REF0209
R0035,ZY-14-6A,218.0 ± 1.4 Ma; 226.8 ± 5.7 Ma,S,GG0021,Miao'ershan,REF0004,REF0004,GG0021,Miao'ershan,Hunan; Guangxi,,Composite or parent geological unit,Related subunits are consolidated under the named Miao'ershan parent unit so genetically and spatially related samples remain in one validation group.,Medium,140,REF0003; REF0004; REF0008; REF0036; REF0042; REF0043; REF0057; REF0058; REF0059; REF0206; REF0208; REF0209,RCB0010,REF0003; REF0004; REF0008; REF0036; REF0042; REF0043; REF0057; REF0058; REF0059; REF0206; REF0208; REF0209
R0036,ZJ-14-6B,218.0 ± 1.4 Ma; 226.8 ± 5.7 Ma,S,GG0021,Miao'ershan,REF0004,REF0004,GG0021,Miao'ershan,Hunan; Guangxi,,Composite or parent geological unit,Related subunits are consolidated under the named Miao'ershan parent unit so genetically and spatially related samples remain in one validation group.,Medium,140,REF0003; REF0004; REF0008; REF0036; REF0042; REF0043; REF0057; REF0058; REF0059; REF0206; REF0208; REF0209,RCB0010,REF0003; REF0004; REF0008; REF0036; REF0042; REF0043; REF0057; REF0058; REF0059; REF0206; REF0208; REF0209
R0060,D0015,428.1 ± 3.6 Ma; 420.3 ± 3.4 Ma; 421.3 ± 3.2 Ma; 408.3 ± 3.5 Ma,S,GG0021,Miao'ershan,REF0008,REF0008,GG0021,Miao'ershan,Hunan; Guangxi,,Composite or parent geological unit,Related subunits are consolidated under the named Miao'ershan parent unit so genetically and spatially related samples remain in one validation group.,Medium,140,REF0003; REF0004; REF0008; REF0036; REF0042; REF0043; REF0057; REF0058; REF0059; REF0206; REF0208; REF0209,RCB0010,REF0003; REF0004; REF0008; REF0036; REF0042; REF0043; REF0057; REF0058; REF0059; REF0206; REF0208; REF0209
R0061,D0026,428.1 ± 3.6 Ma; 420.3 ± 3.4 Ma; 421.3 ± 3.2 Ma; 408.3 ± 3.5 Ma,S,GG0021,Miao'ershan,REF0008,REF0008,GG0021,Miao'ershan,Hunan; Guangxi,,Composite or parent geological unit,Related subunits are consolidated under the named Miao'ershan parent unit so genetically and spatially related samples remain in one validation group.,Medium,140,REF0003; REF0004; REF0008; REF0036; REF0042; REF0043; REF0057; REF0058; REF0059; REF0206; REF0208; REF0209,RCB0010,REF0003; REF0004; REF0008; REF0036; REF0042; REF0043; REF0057; REF0058; REF0059; REF0206; REF0208; REF0209
R0062,D0052,428.1 ± 3.6 Ma; 420.3 ± 3.4 Ma; 421.3 ± 3.2 Ma; 408.3 ± 3.5 Ma,S,GG0021,Miao'ershan,REF0008,REF0008,GG0021,Miao'ershan,Hunan; Guangxi,,Composite or parent geological unit,Related subunits are consolidated under the named Miao'ershan parent unit so genetically and spatially related samples remain in one validation group.,Medium,140,REF0003; REF0004; REF0008; REF0036; REF0042; REF0043; REF0057; REF0058; REF0059; REF0206; REF0208; REF0209,RCB0010,REF0003; REF0004; REF0008; REF0036; REF0042; REF0043; REF0057; REF0058; REF0059; REF0206; REF0208; REF0209
R0063,D0062,428.1 ± 3.6 Ma; 420.3 ± 3.4 Ma; 421.3 ± 3.2 Ma; 408.3 ± 3.5 Ma,S,GG0021,Miao'ershan,REF0008,REF0008,GG0021,Miao'ershan,Hunan; Guangxi,,Composite or parent geological unit,Related subunits are consolidated under the named Miao'ershan parent unit so genetically and spatially related samples remain in one validation group.,Medium,140,REF0003; REF0004; REF0008; REF0036; REF0042; REF0043; REF0057; REF0058; REF0059; REF0206; REF0208; REF0209,RCB0010,REF0003; REF0004; REF0008; REF0036; REF0042; REF0043; REF0057; REF0058; REF0059; REF0206; REF0208; REF0209
R0064,D0029,428.1 ± 3.6 Ma; 420.3 ± 3.4 Ma; 421.3 ± 3.2 Ma; 408.3 ± 3.5 Ma,S,GG0021,Miao'ershan,REF0008,REF0008,GG0021,Miao'ershan,Hunan; Guangxi,,Composite or parent geological unit,Related subunits are consolidated under the named Miao'ershan parent unit so genetically and spatially related samples remain in one validation group.,Medium,140,REF0003; REF0004; REF0008; REF0036; REF0042; REF0043; REF0057; REF0058; REF0059; REF0206; REF0208; REF0209,RCB0010,REF0003; REF0004; REF0008; REF0036; REF0042; REF0043; REF0057; REF0058; REF0059; REF0206; REF0208; REF0209
R0065,D0035,428.1 ± 3.6 Ma; 420.3 ± 3.4 Ma; 421.3 ± 3.2 Ma; 408.3 ± 3.5 Ma,S,GG0021,Miao'ershan,REF0008,REF0008,GG0021,Miao'ershan,Hunan; Guangxi,,Composite or parent geological unit,Related subunits are consolidated under the named Miao'ershan parent unit so genetically and spatially related samples remain in one validation group.,Medium,140,REF0003; REF0004; REF0008; REF0036; REF0042; REF0043; REF0057; REF0058; REF0059; REF0206; REF0208; REF0209,RCB0010,REF0003; REF0004; REF0008; REF0036; REF0042; REF0043; REF0057; REF0058; REF0059; REF0206; REF0208; REF0209
R0066,D0012,428.1 ± 3.6 Ma; 420.3 ± 3.4 Ma; 421.3 ± 3.2 Ma; 408.3 ± 3.5 Ma,S,GG0021,Miao'ershan,REF0008,REF0008,GG0021,Miao'ershan,Hunan; Guangxi,,Composite or parent geological unit,Related subunits are consolidated under the named Miao'ershan parent unit so genetically and spatially related samples remain in one validation group.,Medium,140,REF0003; REF0004; REF0008; REF0036; REF0042; REF0043; REF0057; REF0058; REF0059; REF0206; REF0208; REF0209,RCB0010,REF0003; REF0004; REF0008; REF0036; REF0042; REF0043; REF0057; REF0058; REF0059; REF0206; REF0208; REF0209
R0067,D0016,428.1 ± 3.6 Ma; 420.3 ± 3.4 Ma; 421.3 ± 3.2 Ma; 408.3 ± 3.5 Ma,S,GG0021,Miao'ershan,REF0008,REF0008,GG0021,Miao'ershan,Hunan; Guangxi,,Composite or parent geological unit,Related subunits are consolidated under the named Miao'ershan parent unit so genetically and spatially related samples remain in one validation group.,Medium,140,REF0003; REF0004; REF0008; REF0036; REF0042; REF0043; REF0057; REF0058; REF0059; REF0206; REF0208; REF0209,RCB0010,REF0003; REF0004; REF0008; REF0036; REF0042; REF0043; REF0057; REF0058; REF0059; REF0206; REF0208; REF0209
R0068,D0044,428.1 ± 3.6 Ma; 420.3 ± 3.4 Ma; 421.3 ± 3.2 Ma; 408.3 ± 3.5 Ma,S,GG0021,Miao'ershan,REF0008,REF0008,GG0021,Miao'ershan,Hunan; Guangxi,,Composite or parent geological unit,Related subunits are consolidated under the named Miao'ershan parent unit so genetically and spatially related samples remain in one validation group.,Medium,140,REF0003; REF0004; REF0008; REF0036; REF0042; REF0043; REF0057; REF0058; REF0059; REF0206; REF0208; REF0209,RCB0010,REF0003; REF0004; REF0008; REF0036; REF0042; REF0043; REF0057; REF0058; REF0059; REF0206; REF0208; REF0209
R0069,D0068,428.1 ± 3.6 Ma; 420.3 ± 3.4 Ma; 421.3 ± 3.2 Ma; 408.3 ± 3.5 Ma,S,GG0021,Miao'ershan,REF0008,REF0008,GG0021,Miao'ershan,Hunan; Guangxi,,Composite or parent geological unit,Related subunits are consolidated under the named Miao'ershan parent unit so genetically and spatially related samples remain in one validation group.,Medium,140,REF0003; REF0004; REF0008; REF0036; REF0042; REF0043; REF0057; REF0058; REF0059; REF0206; REF0208; REF0209,RCB0010,REF0003; REF0004; REF0008; REF0036; REF0042; REF0043; REF0057; REF0058; REF0059; REF0206; REF0208; REF0209
R0070,D0031,428.1 ± 3.6 Ma; 420.3 ± 3.4 Ma; 421.3 ± 3.2 Ma; 408.3 ± 3.5 Ma,S,GG0021,Miao'ershan,REF0008,REF0008,GG0021,Miao'ershan,Hunan; Guangxi,,Composite or parent geological unit,Related subunits are consolidated under the named Miao'ershan parent unit so genetically and spatially related samples remain in one validation group.,Medium,140,REF0003; REF0004; REF0008; REF0036; REF0042; REF0043; REF0057; REF0058; REF0059; REF0206; REF0208; REF0209,RCB0010,REF0003; REF0004; REF0008; REF0036; REF0042; REF0043; REF0057; REF0058; REF0059; REF0206; REF0208; REF0209
R0071,D0032,428.1 ± 3.6 Ma; 420.3 ± 3.4 Ma; 421.3 ± 3.2 Ma; 408.3 ± 3.5 Ma,S,GG0021,Miao'ershan,REF0008,REF0008,GG0021,Miao'ershan,Hunan; Guangxi,,Composite or parent geological unit,Related subunits are consolidated under the named Miao'ershan parent unit so genetically and spatially related samples remain in one validation group.,Medium,140,REF0003; REF0004; REF0008; REF0036; REF0042; REF0043; REF0057; REF0058; REF0059; REF0206; REF0208; REF0209,RCB0010,REF0003; REF0004; REF0008; REF0036; REF0042; REF0043; REF0057; REF0058; REF0059; REF0206; REF0208; REF0209
R0072,D0033,428.1 ± 3.6 Ma; 420.3 ± 3.4 Ma; 421.3 ± 3.2 Ma; 408.3 ± 3.5 Ma,S,GG0021,Miao'ershan,REF0008,REF0008,GG0021,Miao'ershan,Hunan; Guangxi,,Composite or parent geological unit,Related subunits are consolidated under the named Miao'ershan parent unit so genetically and spatially related samples remain in one validation group.,Medium,140,REF0003; REF0004; REF0008; REF0036; REF0042; REF0043; REF0057; REF0058; REF0059; REF0206; REF0208; REF0209,RCB0010,REF0003; REF0004; REF0008; REF0036; REF0042; REF0043; REF0057; REF0058; REF0059; REF0206; REF0208; REF0209
R0073,D0051,428.1 ± 3.6 Ma; 420.3 ± 3.4 Ma; 421.3 ± 3.2 Ma; 408.3 ± 3.5 Ma,S,GG0021,Miao'ershan,REF0008,REF0008,GG0021,Miao'ershan,Hunan; Guangxi,,Composite or parent geological unit,Related subunits are consolidated under the named Miao'ershan parent unit so genetically and spatially related samples remain in one validation group.,Medium,140,REF0003; REF0004; REF0008; REF0036; REF0042; REF0043; REF0057; REF0058; REF0059; REF0206; REF0208; REF0209,RCB0010,REF0003; REF0004; REF0008; REF0036; REF0042; REF0043; REF0057; REF0058; REF0059; REF0206; REF0208; REF0209
R0074,D0070,428.1 ± 3.6 Ma; 420.3 ± 3.4 Ma; 421.3 ± 3.2 Ma; 408.3 ± 3.5 Ma,S,GG0021,Miao'ershan,REF0008,REF0008,GG0021,Miao'ershan,Hunan; Guangxi,,Composite or parent geological unit,Related subunits are consolidated under the named Miao'ershan parent unit so genetically and spatially related samples remain in one validation group.,Medium,140,REF0003; REF0004; REF0008; REF0036; REF0042; REF0043; REF0057; REF0058; REF0059; REF0206; REF0208; REF0209,RCB0010,REF0003; REF0004; REF0008; REF0036; REF0042; REF0043; REF0057; REF0058; REF0059; REF0206; REF0208; REF0209
R0075,D0054,210.6 ± 1.6 Ma,S,GG0021,Miao'ershan,REF0008,REF0008,GG0021,Miao'ershan,Hunan; Guangxi,,Composite or parent geological unit,Related subunits are consolidated under the named Miao'ershan parent unit so genetically and spatially related samples remain in one validation group.,Medium,140,REF0003; REF0004; REF0008; REF0036; REF0042; REF0043; REF0057; REF0058; REF0059; REF0206; REF0208; REF0209,RCB0010,REF0003; REF0004; REF0008; REF0036; REF0042; REF0043; REF0057; REF0058; REF0059; REF0206; REF0208; REF0209
R0076,D0071,210.6 ± 1.6 Ma,S,GG0021,Miao'ershan,REF0008,REF0008,GG0021,Miao'ershan,Hunan; Guangxi,,Composite or parent geological unit,Related subunits are consolidated under the named Miao'ershan parent unit so genetically and spatially related samples remain in one validation group.,Medium,140,REF0003; REF0004; REF0008; REF0036; REF0042; REF0043; REF0057; REF0058; REF0059; REF0206; REF0208; REF0209,RCB0010,REF0003; REF0004; REF0008; REF0036; REF0042; REF0043; REF0057; REF0058; REF0059; REF0206; REF0208; REF0209
R0077,06DZS-08C,210.6 ± 1.6 Ma,S,GG0021,Miao'ershan,REF0008,REF0008,GG0021,Miao'ershan,Hunan; Guangxi,,Composite or parent geological unit,Related subunits are consolidated under the named Miao'ershan parent unit so genetically and spatially related samples remain in one validation group.,Medium,140,REF0003; REF0004; REF0008; REF0036; REF0042; REF0043; REF0057; REF0058; REF0059; REF0206; REF0208; REF0209,RCB0010,REF0003; REF0004; REF0008; REF0036; REF0042; REF0043; REF0057; REF0058; REF0059; REF0206; REF0208; REF0209
R0078,06DZS-09A,210.6 ± 1.6 Ma,S,GG0021,Miao'ershan,REF0008,REF0008,GG0021,Miao'ershan,Hunan; Guangxi,,Composite or parent geological unit,Related subunits are consolidated under the named Miao'ershan parent unit so genetically and spatially related samples remain in one validation group.,Medium,140,REF0003; REF0004; REF0008; REF0036; REF0042; REF0043; REF0057; REF0058; REF0059; REF0206; REF0208; REF0209,RCB0010,REF0003; REF0004; REF0008; REF0036; REF0042; REF0043; REF0057; REF0058; REF0059; REF0206; REF0208; REF0209
R0079,06DZS-09B,210.6 ± 1.6 Ma,S,GG0021,Miao'ershan,REF0008,REF0008,GG0021,Miao'ershan,Hunan; Guangxi,,Composite or parent geological unit,Related subunits are consolidated under the named Miao'ershan parent unit so genetically and spatially related samples remain in one validation group.,Medium,140,REF0003; REF0004; REF0008; REF0036; REF0042; REF0043; REF0057; REF0058; REF0059; REF0206; REF0208; REF0209,RCB0010,REF0003; REF0004; REF0008; REF0036; REF0042; REF0043; REF0057; REF0058; REF0059; REF0206; REF0208; REF0209
R0080,06DZS-10B,210.6 ± 1.6 Ma,S,GG0021,Miao'ershan,REF0008,REF0008,GG0021,Miao'ershan,Hunan; Guangxi,,Composite or parent geological unit,Related subunits are consolidated under the named Miao'ershan parent unit so genetically and spatially related samples remain in one validation group.,Medium,140,REF0003; REF0004; REF0008; REF0036; REF0042; REF0043; REF0057; REF0058; REF0059; REF0206; REF0208; REF0209,RCB0010,REF0003; REF0004; REF0008; REF0036; REF0042; REF0043; REF0057; REF0058; REF0059; REF0206; REF0208; REF0209
R0081,Y09,148.2 ± 1.9 Ma,S,GG0045,Chashan granite,REF0009,REF0009,GG0045,Chashan granite,Guangdong,,Granite body,The linked study explicitly identifies the Chashan granite; records are grouped at that named geological-unit level.,High,11,REF0009,RCB0034,REF0009
R0082,Y11,148.2 ± 1.9 Ma,S,GG0045,Chashan granite,REF0009,REF0009,GG0045,Chashan granite,Guangdong,,Granite body,The linked study explicitly identifies the Chashan granite; records are grouped at that named geological-unit level.,High,11,REF0009,RCB0034,REF0009
R0083,Y12,148.2 ± 1.9 Ma,S,GG0045,Chashan granite,REF0009,REF0009,GG0045,Chashan granite,Guangdong,,Granite body,The linked study explicitly identifies the Chashan granite; records are grouped at that named geological-unit level.,High,11,REF0009,RCB0034,REF0009
R0084,ZK47-1/6,148.2 ± 1.9 Ma,S,GG0045,Chashan granite,REF0009,REF0009,GG0045,Chashan granite,Guangdong,,Granite body,The linked study explicitly identifies the Chashan granite; records are grouped at that named geological-unit level.,High,11,REF0009,RCB0034,REF0009
R0085,ZK47-1/22,148.2 ± 1.9 Ma,S,GG0045,Chashan granite,REF0009,REF0009,GG0045,Chashan granite,Guangdong,,Granite body,The linked study explicitly identifies the Chashan granite; records are grouped at that named geological-unit level.,High,11,REF0009,RCB0034,REF0009
R0086,ZK47-1/25,148.2 ± 1.9 Ma,S,GG0045,Chashan granite,REF0009,REF0009,GG0045,Chashan granite,Guangdong,,Granite body,The linked study explicitly identifies the Chashan granite; records are grouped at that named geological-unit level.,High,11,REF0009,RCB0034,REF0009
R0087,ZK15-1/1,148.2 ± 1.9 Ma,S,GG0045,Chashan granite,REF0009,REF0009,GG0045,Chashan granite,Guangdong,,Granite body,The linked study explicitly identifies the Chashan granite; records are grouped at that named geological-unit level.,High,11,REF0009,RCB0034,REF0009
R0088,ZKJO-3/2,148.2 ± 1.9 Ma,S,GG0045,Chashan granite,REF0009,REF0009,GG0045,Chashan granite,Guangdong,,Granite body,The linked study explicitly identifies the Chashan granite; records are grouped at that named geological-unit level.,High,11,REF0009,RCB0034,REF0009
R0089,G13,148.2 ± 1.9 Ma,S,GG0045,Chashan granite,REF0009,REF0009,GG0045,Chashan granite,Guangdong,,Granite body,The linked study explicitly identifies the Chashan granite; records are grouped at that named geological-unit level.,High,11,REF0009,RCB0034,REF0009
R0090,14CS-5,148.2 ± 1.9 Ma,S,GG0045,Chashan granite,REF0009,REF0009,GG0045,Chashan granite,Guangdong,,Granite body,The linked study explicitly identifies the Chashan granite; records are grouped at that named geological-unit level.,High,11,REF0009,RCB0034,REF0009
R0091,14CS-6,148.2 ± 1.9 Ma,S,GG0045,Chashan granite,REF0009,REF0009,GG0045,Chashan granite,Guangdong,,Granite body,The linked study explicitly identifies the Chashan granite; records are grouped at that named geological-unit level.,High,11,REF0009,RCB0034,REF0009
R0092,8074,157.2 ± 1.7 Ma; 161.6 ± 2.1 Ma,S,GG0003,Changjiang,REF0010,REF0010,GG0003,Changjiang,Guangdong,,Named pluton or intrusive unit,The linked references explicitly identify the Changjiang; all associated records are assigned to that named geological unit.,High,25,REF0010; REF0011,RCB0003,REF0010; REF0011
R0093,8077,157.2 ± 1.7 Ma; 161.6 ± 2.1 Ma,S,GG0003,Changjiang,REF0010,REF0010,GG0003,Changjiang,Guangdong,,Named pluton or intrusive unit,The linked references explicitly identify the Changjiang; all associated records are assigned to that named geological unit.,High,25,REF0010; REF0011,RCB0003,REF0010; REF0011
R0094,M15103,157.2 ± 1.7 Ma; 161.6 ± 2.1 Ma,S,GG0003,Changjiang,REF0010,REF0010,GG0003,Changjiang,Guangdong,,Named pluton or intrusive unit,The linked references explicitly identify the Changjiang; all associated records are assigned to that named geological unit.,High,25,REF0010; REF0011,RCB0003,REF0010; REF0011
R0095,M15104,157.2 ± 1.7 Ma; 161.6 ± 2.1 Ma,S,GG0003,Changjiang,REF0010,REF0010,GG0003,Changjiang,Guangdong,,Named pluton or intrusive unit,The linked references explicitly identify the Changjiang; all associated records are assigned to that named geological unit.,High,25,REF0010; REF0011,RCB0003,REF0010; REF0011
R0096,M15122,157.2 ± 1.7 Ma; 161.6 ± 2.1 Ma,S,GG0003,Changjiang,REF0010,REF0010,GG0003,Changjiang,Guangdong,,Named pluton or intrusive unit,The linked references explicitly identify the Changjiang; all associated records are assigned to that named geological unit.,High,25,REF0010; REF0011,RCB0003,REF0010; REF0011
R0097,M15123,157.2 ± 1.7 Ma; 161.6 ± 2.1 Ma,S,GG0003,Changjiang,REF0010,REF0010,GG0003,Changjiang,Guangdong,,Named pluton or intrusive unit,The linked references explicitly identify the Changjiang; all associated records are assigned to that named geological unit.,High,25,REF0010; REF0011,RCB0003,REF0010; REF0011
R0098,8072,157.2 ± 1.7 Ma; 161.6 ± 2.1 Ma,S,GG0003,Changjiang,REF0010,REF0010,GG0003,Changjiang,Guangdong,,Named pluton or intrusive unit,The linked references explicitly identify the Changjiang; all associated records are assigned to that named geological unit.,High,25,REF0010; REF0011,RCB0003,REF0010; REF0011
R0099,8080,157.2 ± 1.7 Ma; 161.6 ± 2.1 Ma,S,GG0003,Changjiang,REF0010,REF0010,GG0003,Changjiang,Guangdong,,Named pluton or intrusive unit,The linked references explicitly identify the Changjiang; all associated records are assigned to that named geological unit.,High,25,REF0010; REF0011,RCB0003,REF0010; REF0011
R0100,8081,157.2 ± 1.7 Ma; 161.6 ± 2.1 Ma,S,GG0003,Changjiang,REF0010,REF0010,GG0003,Changjiang,Guangdong,,Named pluton or intrusive unit,The linked references explicitly identify the Changjiang; all associated records are assigned to that named geological unit.,High,25,REF0010; REF0011,RCB0003,REF0010; REF0011
R0101,8083,157.2 ± 1.7 Ma; 161.6 ± 2.1 Ma,S,GG0003,Changjiang,REF0010,REF0010,GG0003,Changjiang,Guangdong,,Named pluton or intrusive unit,The linked references explicitly identify the Changjiang; all associated records are assigned to that named geological unit.,High,25,REF0010; REF0011,RCB0003,REF0010; REF0011
R0102,6225,157.2 ± 1.7 Ma; 161.6 ± 2.1 Ma,S,GG0003,Changjiang,REF0010,REF0010,GG0003,Changjiang,Guangdong,,Named pluton or intrusive unit,The linked references explicitly identify the Changjiang; all associated records are assigned to that named geological unit.,High,25,REF0010; REF0011,RCB0003,REF0010; REF0011
R0103,6220,157.2 ± 1.7 Ma; 161.6 ± 2.1 Ma,S,GG0003,Changjiang,REF0010,REF0010,GG0003,Changjiang,Guangdong,,Named pluton or intrusive unit,The linked references explicitly identify the Changjiang; all associated records are assigned to that named geological unit.,High,25,REF0010; REF0011,RCB0003,REF0010; REF0011
R0104,8073,157.2 ± 1.7 Ma; 161.6 ± 2.1 Ma,S,GG0003,Changjiang,REF0010,REF0010,GG0003,Changjiang,Guangdong,,Named pluton or intrusive unit,The linked references explicitly identify the Changjiang; all associated records are assigned to that named geological unit.,High,25,REF0010; REF0011,RCB0003,REF0010; REF0011
R0105,M5102,157.2 ± 1.7 Ma; 161.6 ± 2.1 Ma,S,GG0003,Changjiang,REF0010,REF0010,GG0003,Changjiang,Guangdong,,Named pluton or intrusive unit,The linked references explicitly identify the Changjiang; all associated records are assigned to that named geological unit.,High,25,REF0010; REF0011,RCB0003,REF0010; REF0011
R0106,8086,157.2 ± 1.7 Ma; 161.6 ± 2.1 Ma,S,GG0003,Changjiang,REF0010,REF0010,GG0003,Changjiang,Guangdong,,Named pluton or intrusive unit,The linked references explicitly identify the Changjiang; all associated records are assigned to that named geological unit.,High,25,REF0010; REF0011,RCB0003,REF0010; REF0011
R0107,8087,157.2 ± 1.7 Ma; 161.6 ± 2.1 Ma,S,GG0003,Changjiang,REF0010,REF0010,GG0003,Changjiang,Guangdong,,Named pluton or intrusive unit,The linked references explicitly identify the Changjiang; all associated records are assigned to that named geological unit.,High,25,REF0010; REF0011,RCB0003,REF0010; REF0011
R0108,8088,157.2 ± 1.7 Ma; 161.6 ± 2.1 Ma,S,GG0003,Changjiang,REF0010,REF0010,GG0003,Changjiang,Guangdong,,Named pluton or intrusive unit,The linked references explicitly identify the Changjiang; all associated records are assigned to that named geological unit.,High,25,REF0010; REF0011,RCB0003,REF0010; REF0011
R0109,8089,157.2 ± 1.7 Ma; 161.6 ± 2.1 Ma,S,GG0003,Changjiang,REF0010,REF0010,GG0003,Changjiang,Guangdong,,Named pluton or intrusive unit,The linked references explicitly identify the Changjiang; all associated records are assigned to that named geological unit.,High,25,REF0010; REF0011,RCB0003,REF0010; REF0011
R0110,CJ-15-48,123.9 ± 1.3 Ma,S,GG0003,Changjiang,REF0011,REF0011,GG0003,Changjiang,Guangdong,,Named pluton or intrusive unit,The linked references explicitly identify the Changjiang; all associated records are assigned to that named geological unit.,High,25,REF0010; REF0011,RCB0003,REF0010; REF0011
R0111,CJ-15-93,123.9 ± 1.3 Ma,S,GG0003,Changjiang,REF0011,REF0011,GG0003,Changjiang,Guangdong,,Named pluton or intrusive unit,The linked references explicitly identify the Changjiang; all associated records are assigned to that named geological unit.,High,25,REF0010; REF0011,RCB0003,REF0010; REF0011
R0112,CJ-15-104,123.9 ± 1.3 Ma,S,GG0003,Changjiang,REF0011,REF0011,GG0003,Changjiang,Guangdong,,Named pluton or intrusive unit,The linked references explicitly identify the Changjiang; all associated records are assigned to that named geological unit.,High,25,REF0010; REF0011,RCB0003,REF0010; REF0011
R0113,CJ-15-105,123.9 ± 1.3 Ma,S,GG0003,Changjiang,REF0011,REF0011,GG0003,Changjiang,Guangdong,,Named pluton or intrusive unit,The linked references explicitly identify the Changjiang; all associated records are assigned to that named geological unit.,High,25,REF0010; REF0011,RCB0003,REF0010; REF0011
R0114,CJ-15-107,123.9 ± 1.3 Ma,S,GG0003,Changjiang,REF0011,REF0011,GG0003,Changjiang,Guangdong,,Named pluton or intrusive unit,The linked references explicitly identify the Changjiang; all associated records are assigned to that named geological unit.,High,25,REF0010; REF0011,RCB0003,REF0010; REF0011
R0115,CJ-15-24,123.9 ± 1.3 Ma,S,GG0003,Changjiang,REF0011,REF0011,GG0003,Changjiang,Guangdong,,Named pluton or intrusive unit,The linked references explicitly identify the Changjiang; all associated records are assigned to that named geological unit.,High,25,REF0010; REF0011,RCB0003,REF0010; REF0011
R0116,CJ-15-144,123.9 ± 1.3 Ma,S,GG0003,Changjiang,REF0011,REF0011,GG0003,Changjiang,Guangdong,,Named pluton or intrusive unit,The linked references explicitly identify the Changjiang; all associated records are assigned to that named geological unit.,High,25,REF0010; REF0011,RCB0003,REF0010; REF0011
R0117,Y02,204 ± 2.1 Ma,S,GG0038,Zhuguangshan,REF0012,REF0012,GG0038,Zhuguangshan,Guangdong,,Composite or parent geological unit,Related subunits are consolidated under the named Zhuguangshan parent unit so genetically and spatially related samples remain in one validation group.,Medium,222,REF0012; REF0016; REF0019; REF0020; REF0029; REF0034; REF0039; REF0041; REF0046; REF0049; REF0052,RCB0030,REF0012; REF0016; REF0019; REF0020; REF0029; REF0034; REF0039; REF0041; REF0046; REF0049; REF0052
R0118,Y03,204 ± 2.1 Ma,S,GG0038,Zhuguangshan,REF0012,REF0012,GG0038,Zhuguangshan,Guangdong,,Composite or parent geological unit,Related subunits are consolidated under the named Zhuguangshan parent unit so genetically and spatially related samples remain in one validation group.,Medium,222,REF0012; REF0016; REF0019; REF0020; REF0029; REF0034; REF0039; REF0041; REF0046; REF0049; REF0052,RCB0030,REF0012; REF0016; REF0019; REF0020; REF0029; REF0034; REF0039; REF0041; REF0046; REF0049; REF0052
R0119,Y04,204 ± 2.1 Ma,S,GG0038,Zhuguangshan,REF0012,REF0012,GG0038,Zhuguangshan,Guangdong,,Composite or parent geological unit,Related subunits are consolidated under the named Zhuguangshan parent unit so genetically and spatially related samples remain in one validation group.,Medium,222,REF0012; REF0016; REF0019; REF0020; REF0029; REF0034; REF0039; REF0041; REF0046; REF0049; REF0052,RCB0030,REF0012; REF0016; REF0019; REF0020; REF0029; REF0034; REF0039; REF0041; REF0046; REF0049; REF0052
R0120,Y07,204 ± 2.1 Ma,S,GG0038,Zhuguangshan,REF0012,REF0012,GG0038,Zhuguangshan,Guangdong,,Composite or parent geological unit,Related subunits are consolidated under the named Zhuguangshan parent unit so genetically and spatially related samples remain in one validation group.,Medium,222,REF0012; REF0016; REF0019; REF0020; REF0029; REF0034; REF0039; REF0041; REF0046; REF0049; REF0052,RCB0030,REF0012; REF0016; REF0019; REF0020; REF0029; REF0034; REF0039; REF0041; REF0046; REF0049; REF0052
R0121,Y13,204 ± 2.1 Ma,S,GG0038,Zhuguangshan,REF0012,REF0012,GG0038,Zhuguangshan,Guangdong,,Composite or parent geological unit,Related subunits are consolidated under the named Zhuguangshan parent unit so genetically and spatially related samples remain in one validation group.,Medium,222,REF0012; REF0016; REF0019; REF0020; REF0029; REF0034; REF0039; REF0041; REF0046; REF0049; REF0052,RCB0030,REF0012; REF0016; REF0019; REF0020; REF0029; REF0034; REF0039; REF0041; REF0046; REF0049; REF0052
R0122,zkx10-1,204 ± 2.1 Ma,S,GG0038,Zhuguangshan,REF0012,REF0012,GG0038,Zhuguangshan,Guangdong,,Composite or parent geological unit,Related subunits are consolidated under the named Zhuguangshan parent unit so genetically and spatially related samples remain in one validation group.,Medium,222,REF0012; REF0016; REF0019; REF0020; REF0029; REF0034; REF0039; REF0041; REF0046; REF0049; REF0052,RCB0030,REF0012; REF0016; REF0019; REF0020; REF0029; REF0034; REF0039; REF0041; REF0046; REF0049; REF0052
R0123,12D57,156.40 ± 0.66 Ma; 159.00 ± 0.45 Ma; 146.00 ± 0.86 Ma; 153.0 ± 2.2 Ma,A,GG0017,Jinjiling,REF0013,REF0013,GG0017,Jinjiling,Hunan,,Composite or parent geological unit,Related subunits are consolidated under the named Jinjiling parent unit so genetically and spatially related samples remain in one validation group.,Medium,27,REF0013; REF0200,RCB0007,REF0013; REF0200
R0124,12D58,156.40 ± 0.66 Ma; 159.00 ± 0.45 Ma; 146.00 ± 0.86 Ma; 153.0 ± 2.2 Ma,A,GG0017,Jinjiling,REF0013,REF0013,GG0017,Jinjiling,Hunan,,Composite or parent geological unit,Related subunits are consolidated under the named Jinjiling parent unit so genetically and spatially related samples remain in one validation group.,Medium,27,REF0013; REF0200,RCB0007,REF0013; REF0200
R0125,17D35,156.40 ± 0.66 Ma; 159.00 ± 0.45 Ma; 146.00 ± 0.86 Ma; 153.0 ± 2.2 Ma,A,GG0017,Jinjiling,REF0013,REF0013,GG0017,Jinjiling,Hunan,,Composite or parent geological unit,Related subunits are consolidated under the named Jinjiling parent unit so genetically and spatially related samples remain in one validation group.,Medium,27,REF0013; REF0200,RCB0007,REF0013; REF0200
R0126,12D56-2,156.40 ± 0.66 Ma; 159.00 ± 0.45 Ma; 146.00 ± 0.86 Ma; 153.0 ± 2.2 Ma,A,GG0017,Jinjiling,REF0013,REF0013,GG0017,Jinjiling,Hunan,,Composite or parent geological unit,Related subunits are consolidated under the named Jinjiling parent unit so genetically and spatially related samples remain in one validation group.,Medium,27,REF0013; REF0200,RCB0007,REF0013; REF0200
R0127,12D70,156.40 ± 0.66 Ma; 159.00 ± 0.45 Ma; 146.00 ± 0.86 Ma; 153.0 ± 2.2 Ma,A,GG0017,Jinjiling,REF0013,REF0013,GG0017,Jinjiling,Hunan,,Composite or parent geological unit,Related subunits are consolidated under the named Jinjiling parent unit so genetically and spatially related samples remain in one validation group.,Medium,27,REF0013; REF0200,RCB0007,REF0013; REF0200
R0128,17D11,156.40 ± 0.66 Ma; 159.00 ± 0.45 Ma; 146.00 ± 0.86 Ma; 153.0 ± 2.2 Ma,A,GG0017,Jinjiling,REF0013,REF0013,GG0017,Jinjiling,Hunan,,Composite or parent geological unit,Related subunits are consolidated under the named Jinjiling parent unit so genetically and spatially related samples remain in one validation group.,Medium,27,REF0013; REF0200,RCB0007,REF0013; REF0200
R0129,DY02,1301 Ma,I,GG0007,Dayang-Juzhou,REF0013,REF0013,GG0007,Dayang-Juzhou,Fujian,,Named pluton or intrusive unit,The linked references explicitly identify the Dayang-Juzhou; all associated records are assigned to that named geological unit.,High,11,REF0013,RCB0007,REF0013
R0130,DY05,1301 Ma,I,GG0007,Dayang-Juzhou,REF0013,REF0013,GG0007,Dayang-Juzhou,Fujian,,Named pluton or intrusive unit,The linked references explicitly identify the Dayang-Juzhou; all associated records are assigned to that named geological unit.,High,11,REF0013,RCB0007,REF0013
R0131,DY06,1301 Ma,I,GG0007,Dayang-Juzhou,REF0013,REF0013,GG0007,Dayang-Juzhou,Fujian,,Named pluton or intrusive unit,The linked references explicitly identify the Dayang-Juzhou; all associated records are assigned to that named geological unit.,High,11,REF0013,RCB0007,REF0013
R0132,DY07,1301 Ma,I,GG0007,Dayang-Juzhou,REF0013,REF0013,GG0007,Dayang-Juzhou,Fujian,,Named pluton or intrusive unit,The linked references explicitly identify the Dayang-Juzhou; all associated records are assigned to that named geological unit.,High,11,REF0013,RCB0007,REF0013
R0133,DY07-3,1301 Ma,I,GG0007,Dayang-Juzhou,REF0013,REF0013,GG0007,Dayang-Juzhou,Fujian,,Named pluton or intrusive unit,The linked references explicitly identify the Dayang-Juzhou; all associated records are assigned to that named geological unit.,High,11,REF0013,RCB0007,REF0013
R0134,DY08,1301 Ma,I,GG0007,Dayang-Juzhou,REF0013,REF0013,GG0007,Dayang-Juzhou,Fujian,,Named pluton or intrusive unit,The linked references explicitly identify the Dayang-Juzhou; all associated records are assigned to that named geological unit.,High,11,REF0013,RCB0007,REF0013
R0135,MK94,1301 Ma,I,GG0007,Dayang-Juzhou,REF0013,REF0013,GG0007,Dayang-Juzhou,Fujian,,Named pluton or intrusive unit,The linked references explicitly identify the Dayang-Juzhou; all associated records are assigned to that named geological unit.,High,11,REF0013,RCB0007,REF0013
R0136,JZ1,1301 Ma,I,GG0007,Dayang-Juzhou,REF0013,REF0013,GG0007,Dayang-Juzhou,Fujian,,Named pluton or intrusive unit,The linked references explicitly identify the Dayang-Juzhou; all associated records are assigned to that named geological unit.,High,11,REF0013,RCB0007,REF0013
R0137,JZ2,1301 Ma,I,GG0007,Dayang-Juzhou,REF0013,REF0013,GG0007,Dayang-Juzhou,Fujian,,Named pluton or intrusive unit,The linked references explicitly identify the Dayang-Juzhou; all associated records are assigned to that named geological unit.,High,11,REF0013,RCB0007,REF0013
R0138,JZ3,1301 Ma,I,GG0007,Dayang-Juzhou,REF0013,REF0013,GG0007,Dayang-Juzhou,Fujian,,Named pluton or intrusive unit,The linked references explicitly identify the Dayang-Juzhou; all associated records are assigned to that named geological unit.,High,11,REF0013,RCB0007,REF0013
R0139,JZ4,1301 Ma,I,GG0007,Dayang-Juzhou,REF0013,REF0013,GG0007,Dayang-Juzhou,Fujian,,Named pluton or intrusive unit,The linked references explicitly identify the Dayang-Juzhou; all associated records are assigned to that named geological unit.,High,11,REF0013,RCB0007,REF0013
R0140,LY16-17,247 ± 2.2 Ma,S,GG0020,Lujing,REF0014,REF0014,GG0020,Lujing,Not specified in source title,,Named pluton or intrusive unit,The linked references explicitly identify the Lujing; all associated records are assigned to that named geological unit.,High,9,REF0014; REF0030,RCB0018,REF0014; REF0030
R0141,LY16-18,247 ± 2.2 Ma,S,GG0020,Lujing,REF0014,REF0014,GG0020,Lujing,Not specified in source title,,Named pluton or intrusive unit,The linked references explicitly identify the Lujing; all associated records are assigned to that named geological unit.,High,9,REF0014; REF0030,RCB0018,REF0014; REF0030
R0142,JD5-4,247 ± 2.2 Ma,S,GG0020,Lujing,REF0014,REF0014,GG0020,Lujing,Not specified in source title,,Named pluton or intrusive unit,The linked references explicitly identify the Lujing; all associated records are assigned to that named geological unit.,High,9,REF0014; REF0030,RCB0018,REF0014; REF0030
R0143,JD5-3,247 ± 2.2 Ma,S,GG0020,Lujing,REF0014,REF0014,GG0020,Lujing,Not specified in source title,,Named pluton or intrusive unit,The linked references explicitly identify the Lujing; all associated records are assigned to that named geological unit.,High,9,REF0014; REF0030,RCB0018,REF0014; REF0030
R0144,BSZ-01,229.4 Ma; 231.8 Ma,S,GG0034,Xiazhuang,REF0015,REF0015,GG0034,Xiazhuang,Guangdong,,Composite or parent geological unit,Related subunits are consolidated under the named Xiazhuang parent unit so genetically and spatially related samples remain in one validation group.,Medium,75,REF0015; REF0037; REF0048; REF0065; REF0066; REF0068,RCB0027,REF0015; REF0037; REF0048; REF0065; REF0066; REF0068
R0145,BSZ-02,229.4 Ma; 231.8 Ma,S,GG0034,Xiazhuang,REF0015,REF0015,GG0034,Xiazhuang,Guangdong,,Composite or parent geological unit,Related subunits are consolidated under the named Xiazhuang parent unit so genetically and spatially related samples remain in one validation group.,Medium,75,REF0015; REF0037; REF0048; REF0065; REF0066; REF0068,RCB0027,REF0015; REF0037; REF0048; REF0065; REF0066; REF0068
R0146,BSZ-03,229.4 Ma; 231.8 Ma,S,GG0034,Xiazhuang,REF0015,REF0015,GG0034,Xiazhuang,Guangdong,,Composite or parent geological unit,Related subunits are consolidated under the named Xiazhuang parent unit so genetically and spatially related samples remain in one validation group.,Medium,75,REF0015; REF0037; REF0048; REF0065; REF0066; REF0068,RCB0027,REF0015; REF0037; REF0048; REF0065; REF0066; REF0068
R0147,BSZ-04,229.4 Ma; 231.8 Ma,S,GG0034,Xiazhuang,REF0015,REF0015,GG0034,Xiazhuang,Guangdong,,Composite or parent geological unit,Related subunits are consolidated under the named Xiazhuang parent unit so genetically and spatially related samples remain in one validation group.,Medium,75,REF0015; REF0037; REF0048; REF0065; REF0066; REF0068,RCB0027,REF0015; REF0037; REF0048; REF0065; REF0066; REF0068
R0148,BSZ-05,229.4 Ma; 231.8 Ma,S,GG0034,Xiazhuang,REF0015,REF0015,GG0034,Xiazhuang,Guangdong,,Composite or parent geological unit,Related subunits are consolidated under the named Xiazhuang parent unit so genetically and spatially related samples remain in one validation group.,Medium,75,REF0015; REF0037; REF0048; REF0065; REF0066; REF0068,RCB0027,REF0015; REF0037; REF0048; REF0065; REF0066; REF0068
R0149,BSZ-06,229.4 Ma; 231.8 Ma,S,GG0034,Xiazhuang,REF0015,REF0015,GG0034,Xiazhuang,Guangdong,,Composite or parent geological unit,Related subunits are consolidated under the named Xiazhuang parent unit so genetically and spatially related samples remain in one validation group.,Medium,75,REF0015; REF0037; REF0048; REF0065; REF0066; REF0068,RCB0027,REF0015; REF0037; REF0048; REF0065; REF0066; REF0068
R0150,BSZ-07,229.4 Ma; 231.8 Ma,S,GG0034,Xiazhuang,REF0015,REF0015,GG0034,Xiazhuang,Guangdong,,Composite or parent geological unit,Related subunits are consolidated under the named Xiazhuang parent unit so genetically and spatially related samples remain in one validation group.,Medium,75,REF0015; REF0037; REF0048; REF0065; REF0066; REF0068,RCB0027,REF0015; REF0037; REF0048; REF0065; REF0066; REF0068
R0151,BSZ-08,229.4 Ma; 231.8 Ma,S,GG0034,Xiazhuang,REF0015,REF0015,GG0034,Xiazhuang,Guangdong,,Composite or parent geological unit,Related subunits are consolidated under the named Xiazhuang parent unit so genetically and spatially related samples remain in one validation group.,Medium,75,REF0015; REF0037; REF0048; REF0065; REF0066; REF0068,RCB0027,REF0015; REF0037; REF0048; REF0065; REF0066; REF0068
R0152,BSZ-09,229.4 Ma; 231.8 Ma,S,GG0034,Xiazhuang,REF0015,REF0015,GG0034,Xiazhuang,Guangdong,,Composite or parent geological unit,Related subunits are consolidated under the named Xiazhuang parent unit so genetically and spatially related samples remain in one validation group.,Medium,75,REF0015; REF0037; REF0048; REF0065; REF0066; REF0068,RCB0027,REF0015; REF0037; REF0048; REF0065; REF0066; REF0068
R0153,BSZ-10,229.4 Ma; 231.8 Ma,S,GG0034,Xiazhuang,REF0015,REF0015,GG0034,Xiazhuang,Guangdong,,Composite or parent geological unit,Related subunits are consolidated under the named Xiazhuang parent unit so genetically and spatially related samples remain in one validation group.,Medium,75,REF0015; REF0037; REF0048; REF0065; REF0066; REF0068,RCB0027,REF0015; REF0037; REF0048; REF0065; REF0066; REF0068
R0154,BSZ-11,229.4 Ma; 231.8 Ma,S,GG0034,Xiazhuang,REF0015,REF0015,GG0034,Xiazhuang,Guangdong,,Composite or parent geological unit,Related subunits are consolidated under the named Xiazhuang parent unit so genetically and spatially related samples remain in one validation group.,Medium,75,REF0015; REF0037; REF0048; REF0065; REF0066; REF0068,RCB0027,REF0015; REF0037; REF0048; REF0065; REF0066; REF0068
R0155,BSZ-12,229.4 Ma; 231.8 Ma,S,GG0034,Xiazhuang,REF0015,REF0015,GG0034,Xiazhuang,Guangdong,,Composite or parent geological unit,Related subunits are consolidated under the named Xiazhuang parent unit so genetically and spatially related samples remain in one validation group.,Medium,75,REF0015; REF0037; REF0048; REF0065; REF0066; REF0068,RCB0027,REF0015; REF0037; REF0048; REF0065; REF0066; REF0068
R0156,BSZ-13,229.4 Ma; 231.8 Ma,S,GG0034,Xiazhuang,REF0015,REF0015,GG0034,Xiazhuang,Guangdong,,Composite or parent geological unit,Related subunits are consolidated under the named Xiazhuang parent unit so genetically and spatially related samples remain in one validation group.,Medium,75,REF0015; REF0037; REF0048; REF0065; REF0066; REF0068,RCB0027,REF0015; REF0037; REF0048; REF0065; REF0066; REF0068
R0157,CA01,240.6 ± 1.6 Ma; 240.2 ± 1.7 Ma; 240.0 ± 2.9 Ma,S,GG0038,Zhuguangshan,REF0016,REF0016,GG0038,Zhuguangshan,Guangdong,,Composite or parent geological unit,Related subunits are consolidated under the named Zhuguangshan parent unit so genetically and spatially related samples remain in one validation group.,Medium,222,REF0012; REF0016; REF0019; REF0020; REF0029; REF0034; REF0039; REF0041; REF0046; REF0049; REF0052,RCB0030,REF0012; REF0016; REF0019; REF0020; REF0029; REF0034; REF0039; REF0041; REF0046; REF0049; REF0052
R0158,CA02,240.6 ± 1.6 Ma; 240.2 ± 1.7 Ma; 240.0 ± 2.9 Ma,S,GG0038,Zhuguangshan,REF0016,REF0016,GG0038,Zhuguangshan,Guangdong,,Composite or parent geological unit,Related subunits are consolidated under the named Zhuguangshan parent unit so genetically and spatially related samples remain in one validation group.,Medium,222,REF0012; REF0016; REF0019; REF0020; REF0029; REF0034; REF0039; REF0041; REF0046; REF0049; REF0052,RCB0030,REF0012; REF0016; REF0019; REF0020; REF0029; REF0034; REF0039; REF0041; REF0046; REF0049; REF0052
R0159,CA03,240.6 ± 1.6 Ma; 240.2 ± 1.7 Ma; 240.0 ± 2.9 Ma,S,GG0038,Zhuguangshan,REF0016,REF0016,GG0038,Zhuguangshan,Guangdong,,Composite or parent geological unit,Related subunits are consolidated under the named Zhuguangshan parent unit so genetically and spatially related samples remain in one validation group.,Medium,222,REF0012; REF0016; REF0019; REF0020; REF0029; REF0034; REF0039; REF0041; REF0046; REF0049; REF0052,RCB0030,REF0012; REF0016; REF0019; REF0020; REF0029; REF0034; REF0039; REF0041; REF0046; REF0049; REF0052
R0160,CA04,240.6 ± 1.6 Ma; 240.2 ± 1.7 Ma; 240.0 ± 2.9 Ma,S,GG0038,Zhuguangshan,REF0016,REF0016,GG0038,Zhuguangshan,Guangdong,,Composite or parent geological unit,Related subunits are consolidated under the named Zhuguangshan parent unit so genetically and spatially related samples remain in one validation group.,Medium,222,REF0012; REF0016; REF0019; REF0020; REF0029; REF0034; REF0039; REF0041; REF0046; REF0049; REF0052,RCB0030,REF0012; REF0016; REF0019; REF0020; REF0029; REF0034; REF0039; REF0041; REF0046; REF0049; REF0052
R0161,CA05,240.6 ± 1.6 Ma; 240.2 ± 1.7 Ma; 240.0 ± 2.9 Ma,S,GG0038,Zhuguangshan,REF0016,REF0016,GG0038,Zhuguangshan,Guangdong,,Composite or parent geological unit,Related subunits are consolidated under the named Zhuguangshan parent unit so genetically and spatially related samples remain in one validation group.,Medium,222,REF0012; REF0016; REF0019; REF0020; REF0029; REF0034; REF0039; REF0041; REF0046; REF0049; REF0052,RCB0030,REF0012; REF0016; REF0019; REF0020; REF0029; REF0034; REF0039; REF0041; REF0046; REF0049; REF0052
R0162,CA06,240.6 ± 1.6 Ma; 240.2 ± 1.7 Ma; 240.0 ± 2.9 Ma,S,GG0038,Zhuguangshan,REF0016,REF0016,GG0038,Zhuguangshan,Guangdong,,Composite or parent geological unit,Related subunits are consolidated under the named Zhuguangshan parent unit so genetically and spatially related samples remain in one validation group.,Medium,222,REF0012; REF0016; REF0019; REF0020; REF0029; REF0034; REF0039; REF0041; REF0046; REF0049; REF0052,RCB0030,REF0012; REF0016; REF0019; REF0020; REF0029; REF0034; REF0039; REF0041; REF0046; REF0049; REF0052
R0163,ZTJ01,241.1 ± 1.6 Ma; 233.6 ± 1.4 Ma,S,GG0046,Zhujianjian,REF0017,REF0017,GG0046,Zhujianjian,Guangdong,,Named pluton or intrusive unit,The linked references explicitly identify the Zhujianjian; all associated records are assigned to that named geological unit.,High,18,REF0017; REF0067,RCB0035,REF0017; REF0067
R0164,ZTJ02,241.1 ± 1.6 Ma; 233.6 ± 1.4 Ma,S,GG0046,Zhujianjian,REF0017,REF0017,GG0046,Zhujianjian,Guangdong,,Named pluton or intrusive unit,The linked references explicitly identify the Zhujianjian; all associated records are assigned to that named geological unit.,High,18,REF0017; REF0067,RCB0035,REF0017; REF0067
R0165,ZTJ03,241.1 ± 1.6 Ma; 233.6 ± 1.4 Ma,S,GG0046,Zhujianjian,REF0017,REF0017,GG0046,Zhujianjian,Guangdong,,Named pluton or intrusive unit,The linked references explicitly identify the Zhujianjian; all associated records are assigned to that named geological unit.,High,18,REF0017; REF0067,RCB0035,REF0017; REF0067
R0166,ZTJ04,241.1 ± 1.6 Ma; 233.6 ± 1.4 Ma,S,GG0046,Zhujianjian,REF0017,REF0017,GG0046,Zhujianjian,Guangdong,,Named pluton or intrusive unit,The linked references explicitly identify the Zhujianjian; all associated records are assigned to that named geological unit.,High,18,REF0017; REF0067,RCB0035,REF0017; REF0067
R0167,ZTJ05,241.1 ± 1.6 Ma; 233.6 ± 1.4 Ma,S,GG0046,Zhujianjian,REF0017,REF0017,GG0046,Zhujianjian,Guangdong,,Named pluton or intrusive unit,The linked references explicitly identify the Zhujianjian; all associated records are assigned to that named geological unit.,High,18,REF0017; REF0067,RCB0035,REF0017; REF0067
R0168,ZTJ06,241.1 ± 1.6 Ma; 233.6 ± 1.4 Ma,S,GG0046,Zhujianjian,REF0017,REF0017,GG0046,Zhujianjian,Guangdong,,Named pluton or intrusive unit,The linked references explicitly identify the Zhujianjian; all associated records are assigned to that named geological unit.,High,18,REF0017; REF0067,RCB0035,REF0017; REF0067
R0169,ZTJ07,241.1 ± 1.6 Ma; 233.6 ± 1.4 Ma,S,GG0046,Zhujianjian,REF0017,REF0017,GG0046,Zhujianjian,Guangdong,,Named pluton or intrusive unit,The linked references explicitly identify the Zhujianjian; all associated records are assigned to that named geological unit.,High,18,REF0017; REF0067,RCB0035,REF0017; REF0067
R0170,ZTJ08,241.1 ± 1.6 Ma; 233.6 ± 1.4 Ma,S,GG0046,Zhujianjian,REF0017,REF0017,GG0046,Zhujianjian,Guangdong,,Named pluton or intrusive unit,The linked references explicitly identify the Zhujianjian; all associated records are assigned to that named geological unit.,High,18,REF0017; REF0067,RCB0035,REF0017; REF0067
R0171,ZTJ09,241.1 ± 1.6 Ma; 233.6 ± 1.4 Ma,S,GG0046,Zhujianjian,REF0017,REF0017,GG0046,Zhujianjian,Guangdong,,Named pluton or intrusive unit,The linked references explicitly identify the Zhujianjian; all associated records are assigned to that named geological unit.,High,18,REF0017; REF0067,RCB0035,REF0017; REF0067
R0172,ZTJ10,241.1 ± 1.6 Ma; 233.6 ± 1.4 Ma,S,GG0046,Zhujianjian,REF0017,REF0017,GG0046,Zhujianjian,Guangdong,,Named pluton or intrusive unit,The linked references explicitly identify the Zhujianjian; all associated records are assigned to that named geological unit.,High,18,REF0017; REF0067,RCB0035,REF0017; REF0067
R0173,YJQ16-12,150 ± 2 Ma,S,GG0035,Yajiangqiao,REF0018,REF0018,GG0035,Yajiangqiao,Hunan,,Named pluton or intrusive unit,The linked references explicitly identify the Yajiangqiao; all associated records are assigned to that named geological unit.,High,72,REF0018; REF0053; REF0054,RCB0028,REF0018; REF0053; REF0054
R0174,YJQ16-13,150 ± 2 Ma,S,GG0035,Yajiangqiao,REF0018,REF0018,GG0035,Yajiangqiao,Hunan,,Named pluton or intrusive unit,The linked references explicitly identify the Yajiangqiao; all associated records are assigned to that named geological unit.,High,72,REF0018; REF0053; REF0054,RCB0028,REF0018; REF0053; REF0054
R0175,YJQ16-15,150 ± 2 Ma,S,GG0035,Yajiangqiao,REF0018,REF0018,GG0035,Yajiangqiao,Hunan,,Named pluton or intrusive unit,The linked references explicitly identify the Yajiangqiao; all associated records are assigned to that named geological unit.,High,72,REF0018; REF0053; REF0054,RCB0028,REF0018; REF0053; REF0054
R0176,YJQ16-16,150 ± 2 Ma,S,GG0035,Yajiangqiao,REF0018,REF0018,GG0035,Yajiangqiao,Hunan,,Named pluton or intrusive unit,The linked references explicitly identify the Yajiangqiao; all associated records are assigned to that named geological unit.,High,72,REF0018; REF0053; REF0054,RCB0028,REF0018; REF0053; REF0054
R0177,YJQ16-17,150 ± 2 Ma,S,GG0035,Yajiangqiao,REF0018,REF0018,GG0035,Yajiangqiao,Hunan,,Named pluton or intrusive unit,The linked references explicitly identify the Yajiangqiao; all associated records are assigned to that named geological unit.,High,72,REF0018; REF0053; REF0054,RCB0028,REF0018; REF0053; REF0054
R0178,YJQ16-18,150 ± 2 Ma,S,GG0035,Yajiangqiao,REF0018,REF0018,GG0035,Yajiangqiao,Hunan,,Named pluton or intrusive unit,The linked references explicitly identify the Yajiangqiao; all associated records are assigned to that named geological unit.,High,72,REF0018; REF0053; REF0054,RCB0028,REF0018; REF0053; REF0054
R0179,YJQ16-19,150 ± 2 Ma,S,GG0035,Yajiangqiao,REF0018,REF0018,GG0035,Yajiangqiao,Hunan,,Named pluton or intrusive unit,The linked references explicitly identify the Yajiangqiao; all associated records are assigned to that named geological unit.,High,72,REF0018; REF0053; REF0054,RCB0028,REF0018; REF0053; REF0054
R0180,14CJ-l,155 ± 3 Ma,S,GG0038,Zhuguangshan,REF0019,REF0019,GG0038,Zhuguangshan,Guangdong,,Composite or parent geological unit,Related subunits are consolidated under the named Zhuguangshan parent unit so genetically and spatially related samples remain in one validation group.,Medium,222,REF0012; REF0016; REF0019; REF0020; REF0029; REF0034; REF0039; REF0041; REF0046; REF0049; REF0052,RCB0030,REF0012; REF0016; REF0019; REF0020; REF0029; REF0034; REF0039; REF0041; REF0046; REF0049; REF0052
R0181,CJ-01,155 ± 3 Ma,S,GG0038,Zhuguangshan,REF0019,REF0019,GG0038,Zhuguangshan,Guangdong,,Composite or parent geological unit,Related subunits are consolidated under the named Zhuguangshan parent unit so genetically and spatially related samples remain in one validation group.,Medium,222,REF0012; REF0016; REF0019; REF0020; REF0029; REF0034; REF0039; REF0041; REF0046; REF0049; REF0052,RCB0030,REF0012; REF0016; REF0019; REF0020; REF0029; REF0034; REF0039; REF0041; REF0046; REF0049; REF0052
R0182,CJ-02,155 ± 3 Ma,S,GG0038,Zhuguangshan,REF0019,REF0019,GG0038,Zhuguangshan,Guangdong,,Composite or parent geological unit,Related subunits are consolidated under the named Zhuguangshan parent unit so genetically and spatially related samples remain in one validation group.,Medium,222,REF0012; REF0016; REF0019; REF0020; REF0029; REF0034; REF0039; REF0041; REF0046; REF0049; REF0052,RCB0030,REF0012; REF0016; REF0019; REF0020; REF0029; REF0034; REF0039; REF0041; REF0046; REF0049; REF0052
R0183,CJ-03,155 ± 3 Ma,S,GG0038,Zhuguangshan,REF0019,REF0019,GG0038,Zhuguangshan,Guangdong,,Composite or parent geological unit,Related subunits are consolidated under the named Zhuguangshan parent unit so genetically and spatially related samples remain in one validation group.,Medium,222,REF0012; REF0016; REF0019; REF0020; REF0029; REF0034; REF0039; REF0041; REF0046; REF0049; REF0052,RCB0030,REF0012; REF0016; REF0019; REF0020; REF0029; REF0034; REF0039; REF0041; REF0046; REF0049; REF0052
R0184,CJ-04,155 ± 3 Ma,S,GG0038,Zhuguangshan,REF0019,REF0019,GG0038,Zhuguangshan,Guangdong,,Composite or parent geological unit,Related subunits are consolidated under the named Zhuguangshan parent unit so genetically and spatially related samples remain in one validation group.,Medium,222,REF0012; REF0016; REF0019; REF0020; REF0029; REF0034; REF0039; REF0041; REF0046; REF0049; REF0052,RCB0030,REF0012; REF0016; REF0019; REF0020; REF0029; REF0034; REF0039; REF0041; REF0046; REF0049; REF0052
R0185,SJK-02,155 ± 3 Ma,S,GG0038,Zhuguangshan,REF0019,REF0019,GG0038,Zhuguangshan,Guangdong,,Composite or parent geological unit,Related subunits are consolidated under the named Zhuguangshan parent unit so genetically and spatially related samples remain in one validation group.,Medium,222,REF0012; REF0016; REF0019; REF0020; REF0029; REF0034; REF0039; REF0041; REF0046; REF0049; REF0052,RCB0030,REF0012; REF0016; REF0019; REF0020; REF0029; REF0034; REF0039; REF0041; REF0046; REF0049; REF0052
R0186,SJK-04,155 ± 3 Ma,S,GG0038,Zhuguangshan,REF0019,REF0019,GG0038,Zhuguangshan,Guangdong,,Composite or parent geological unit,Related subunits are consolidated under the named Zhuguangshan parent unit so genetically and spatially related samples remain in one validation group.,Medium,222,REF0012; REF0016; REF0019; REF0020; REF0029; REF0034; REF0039; REF0041; REF0046; REF0049; REF0052,RCB0030,REF0012; REF0016; REF0019; REF0020; REF0029; REF0034; REF0039; REF0041; REF0046; REF0049; REF0052
R0187,SJK-05,155 ± 3 Ma,S,GG0038,Zhuguangshan,REF0019,REF0019,GG0038,Zhuguangshan,Guangdong,,Composite or parent geological unit,Related subunits are consolidated under the named Zhuguangshan parent unit so genetically and spatially related samples remain in one validation group.,Medium,222,REF0012; REF0016; REF0019; REF0020; REF0029; REF0034; REF0039; REF0041; REF0046; REF0049; REF0052,RCB0030,REF0012; REF0016; REF0019; REF0020; REF0029; REF0034; REF0039; REF0041; REF0046; REF0049; REF0052
R0188,SJK-08,155 ± 3 Ma,S,GG0038,Zhuguangshan,REF0019,REF0019,GG0038,Zhuguangshan,Guangdong,,Composite or parent geological unit,Related subunits are consolidated under the named Zhuguangshan parent unit so genetically and spatially related samples remain in one validation group.,Medium,222,REF0012; REF0016; REF0019; REF0020; REF0029; REF0034; REF0039; REF0041; REF0046; REF0049; REF0052,RCB0030,REF0012; REF0016; REF0019; REF0020; REF0029; REF0034; REF0039; REF0041; REF0046; REF0049; REF0052
R0189,SJK-10,155 ± 3 Ma,S,GG0038,Zhuguangshan,REF0019,REF0019,GG0038,Zhuguangshan,Guangdong,,Composite or parent geological unit,Related subunits are consolidated under the named Zhuguangshan parent unit so genetically and spatially related samples remain in one validation group.,Medium,222,REF0012; REF0016; REF0019; REF0020; REF0029; REF0034; REF0039; REF0041; REF0046; REF0049; REF0052,RCB0030,REF0012; REF0016; REF0019; REF0020; REF0029; REF0034; REF0039; REF0041; REF0046; REF0049; REF0052
R0190,CJ211-3-9,157.6 ± 1.8 Ma; 158.8 ± 1.9 Ma; 159.9 ± 1.9 Ma,S,GG0038,Zhuguangshan,REF0020,REF0020,GG0038,Zhuguangshan,Guangdong,,Composite or parent geological unit,Related subunits are consolidated under the named Zhuguangshan parent unit so genetically and spatially related samples remain in one validation group.,Medium,222,REF0012; REF0016; REF0019; REF0020; REF0029; REF0034; REF0039; REF0041; REF0046; REF0049; REF0052,RCB0030,REF0012; REF0016; REF0019; REF0020; REF0029; REF0034; REF0039; REF0041; REF0046; REF0049; REF0052
R0191,CJ211-3-10,157.6 ± 1.8 Ma; 158.8 ± 1.9 Ma; 159.9 ± 1.9 Ma,S,GG0038,Zhuguangshan,REF0020,REF0020,GG0038,Zhuguangshan,Guangdong,,Composite or parent geological unit,Related subunits are consolidated under the named Zhuguangshan parent unit so genetically and spatially related samples remain in one validation group.,Medium,222,REF0012; REF0016; REF0019; REF0020; REF0029; REF0034; REF0039; REF0041; REF0046; REF0049; REF0052,RCB0030,REF0012; REF0016; REF0019; REF0020; REF0029; REF0034; REF0039; REF0041; REF0046; REF0049; REF0052
R0192,CJ211-3-11,157.6 ± 1.8 Ma; 158.8 ± 1.9 Ma; 159.9 ± 1.9 Ma,S,GG0038,Zhuguangshan,REF0020,REF0020,GG0038,Zhuguangshan,Guangdong,,Composite or parent geological unit,Related subunits are consolidated under the named Zhuguangshan parent unit so genetically and spatially related samples remain in one validation group.,Medium,222,REF0012; REF0016; REF0019; REF0020; REF0029; REF0034; REF0039; REF0041; REF0046; REF0049; REF0052,RCB0030,REF0012; REF0016; REF0019; REF0020; REF0029; REF0034; REF0039; REF0041; REF0046; REF0049; REF0052
R0193,CJ304-3-6,157.6 ± 1.8 Ma; 158.8 ± 1.9 Ma; 159.9 ± 1.9 Ma,S,GG0038,Zhuguangshan,REF0020,REF0020,GG0038,Zhuguangshan,Guangdong,,Composite or parent geological unit,Related subunits are consolidated under the named Zhuguangshan parent unit so genetically and spatially related samples remain in one validation group.,Medium,222,REF0012; REF0016; REF0019; REF0020; REF0029; REF0034; REF0039; REF0041; REF0046; REF0049; REF0052,RCB0030,REF0012; REF0016; REF0019; REF0020; REF0029; REF0034; REF0039; REF0041; REF0046; REF0049; REF0052
R0194,CJ304-3-7,157.6 ± 1.8 Ma; 158.8 ± 1.9 Ma; 159.9 ± 1.9 Ma,S,GG0038,Zhuguangshan,REF0020,REF0020,GG0038,Zhuguangshan,Guangdong,,Composite or parent geological unit,Related subunits are consolidated under the named Zhuguangshan parent unit so genetically and spatially related samples remain in one validation group.,Medium,222,REF0012; REF0016; REF0019; REF0020; REF0029; REF0034; REF0039; REF0041; REF0046; REF0049; REF0052,RCB0030,REF0012; REF0016; REF0019; REF0020; REF0029; REF0034; REF0039; REF0041; REF0046; REF0049; REF0052
R0195,CJ304-3-8,157.6 ± 1.8 Ma; 158.8 ± 1.9 Ma; 159.9 ± 1.9 Ma,S,GG0038,Zhuguangshan,REF0020,REF0020,GG0038,Zhuguangshan,Guangdong,,Composite or parent geological unit,Related subunits are consolidated under the named Zhuguangshan parent unit so genetically and spatially related samples remain in one validation group.,Medium,222,REF0012; REF0016; REF0019; REF0020; REF0029; REF0034; REF0039; REF0041; REF0046; REF0049; REF0052,RCB0030,REF0012; REF0016; REF0019; REF0020; REF0029; REF0034; REF0039; REF0041; REF0046; REF0049; REF0052
R0196,CJ304-3-9,157.6 ± 1.8 Ma; 158.8 ± 1.9 Ma; 159.9 ± 1.9 Ma,S,GG0038,Zhuguangshan,REF0020,REF0020,GG0038,Zhuguangshan,Guangdong,,Composite or parent geological unit,Related subunits are consolidated under the named Zhuguangshan parent unit so genetically and spatially related samples remain in one validation group.,Medium,222,REF0012; REF0016; REF0019; REF0020; REF0029; REF0034; REF0039; REF0041; REF0046; REF0049; REF0052,RCB0030,REF0012; REF0016; REF0019; REF0020; REF0029; REF0034; REF0039; REF0041; REF0046; REF0049; REF0052
R0197,CJ304-3-10,157.6 ± 1.8 Ma; 158.8 ± 1.9 Ma; 159.9 ± 1.9 Ma,S,GG0038,Zhuguangshan,REF0020,REF0020,GG0038,Zhuguangshan,Guangdong,,Composite or parent geological unit,Related subunits are consolidated under the named Zhuguangshan parent unit so genetically and spatially related samples remain in one validation group.,Medium,222,REF0012; REF0016; REF0019; REF0020; REF0029; REF0034; REF0039; REF0041; REF0046; REF0049; REF0052,RCB0030,REF0012; REF0016; REF0019; REF0020; REF0029; REF0034; REF0039; REF0041; REF0046; REF0049; REF0052
R0198,CJ304-3-11,157.6 ± 1.8 Ma; 158.8 ± 1.9 Ma; 159.9 ± 1.9 Ma,S,GG0038,Zhuguangshan,REF0020,REF0020,GG0038,Zhuguangshan,Guangdong,,Composite or parent geological unit,Related subunits are consolidated under the named Zhuguangshan parent unit so genetically and spatially related samples remain in one validation group.,Medium,222,REF0012; REF0016; REF0019; REF0020; REF0029; REF0034; REF0039; REF0041; REF0046; REF0049; REF0052,RCB0030,REF0012; REF0016; REF0019; REF0020; REF0029; REF0034; REF0039; REF0041; REF0046; REF0049; REF0052
R0216,ZT-07,219.6–236 Ma,S,GG0047,Guidong,REF0023,REF0023,GG0047,Guidong,Not specified in source title,,Composite or parent geological unit,Related subunits are consolidated under the named Guidong parent unit so genetically and spatially related samples remain in one validation group.,Medium,15,REF0023; REF0031,RCB0036,REF0023; REF0031
R0217,ZT-08,219.6–236 Ma,S,GG0047,Guidong,REF0023,REF0023,GG0047,Guidong,Not specified in source title,,Composite or parent geological unit,Related subunits are consolidated under the named Guidong parent unit so genetically and spatially related samples remain in one validation group.,Medium,15,REF0023; REF0031,RCB0036,REF0023; REF0031
R0218,QY16-1,219.6–236 Ma,S,GG0047,Guidong,REF0023,REF0023,GG0047,Guidong,Not specified in source title,,Composite or parent geological unit,Related subunits are consolidated under the named Guidong parent unit so genetically and spatially related samples remain in one validation group.,Medium,15,REF0023; REF0031,RCB0036,REF0023; REF0031
R0219,QY16-2,219.6–236 Ma,S,GG0047,Guidong,REF0023,REF0023,GG0047,Guidong,Not specified in source title,,Composite or parent geological unit,Related subunits are consolidated under the named Guidong parent unit so genetically and spatially related samples remain in one validation group.,Medium,15,REF0023; REF0031,RCB0036,REF0023; REF0031
R0220,704,219.6–236 Ma,S,GG0047,Guidong,REF0023,REF0023,GG0047,Guidong,Not specified in source title,,Composite or parent geological unit,Related subunits are consolidated under the named Guidong parent unit so genetically and spatially related samples remain in one validation group.,Medium,15,REF0023; REF0031,RCB0036,REF0023; REF0031
R0221,708,219.6–236 Ma,S,GG0047,Guidong,REF0023,REF0023,GG0047,Guidong,Not specified in source title,,Composite or parent geological unit,Related subunits are consolidated under the named Guidong parent unit so genetically and spatially related samples remain in one validation group.,Medium,15,REF0023; REF0031,RCB0036,REF0023; REF0031
R0222,XZ-03-05,219.6–236 Ma,S,GG0047,Guidong,REF0023,REF0023,GG0047,Guidong,Not specified in source title,,Composite or parent geological unit,Related subunits are consolidated under the named Guidong parent unit so genetically and spatially related samples remain in one validation group.,Medium,15,REF0023; REF0031,RCB0036,REF0023; REF0031
R0223,XZ-03-06,219.6–236 Ma,S,GG0047,Guidong,REF0023,REF0023,GG0047,Guidong,Not specified in source title,,Composite or parent geological unit,Related subunits are consolidated under the named Guidong parent unit so genetically and spatially related samples remain in one validation group.,Medium,15,REF0023; REF0031,RCB0036,REF0023; REF0031
R0224,LX-1,219.6–236 Ma,S,GG0047,Guidong,REF0023,REF0023,GG0047,Guidong,Not specified in source title,,Composite or parent geological unit,Related subunits are consolidated under the named Guidong parent unit so genetically and spatially related samples remain in one validation group.,Medium,15,REF0023; REF0031,RCB0036,REF0023; REF0031
R0225,LX-3,219.6–236 Ma,S,GG0047,Guidong,REF0023,REF0023,GG0047,Guidong,Not specified in source title,,Composite or parent geological unit,Related subunits are consolidated under the named Guidong parent unit so genetically and spatially related samples remain in one validation group.,Medium,15,REF0023; REF0031,RCB0036,REF0023; REF0031
R0226,XZ05,219.6–236 Ma,S,GG0047,Guidong,REF0023,REF0023,GG0047,Guidong,Not specified in source title,,Composite or parent geological unit,Related subunits are consolidated under the named Guidong parent unit so genetically and spatially related samples remain in one validation group.,Medium,15,REF0023; REF0031,RCB0036,REF0023; REF0031
R0227,XZ07,219.6–236 Ma,S,GG0047,Guidong,REF0023,REF0023,GG0047,Guidong,Not specified in source title,,Composite or parent geological unit,Related subunits are consolidated under the named Guidong parent unit so genetically and spatially related samples remain in one validation group.,Medium,15,REF0023; REF0031,RCB0036,REF0023; REF0031
R0244,14DL-2,161.9 ± 2.1 Ma,S,GG0025,Sanjiangkou,REF0026,REF0026,GG0025,Sanjiangkou,Not specified in source title,,Named pluton or intrusive unit,The linked references explicitly identify the Sanjiangkou; all associated records are assigned to that named geological unit.,High,12,REF0026,RCB0021,REF0026
R0245,Y10,161.9 ± 2.1 Ma,S,GG0025,Sanjiangkou,REF0026,REF0026,GG0025,Sanjiangkou,Not specified in source title,,Named pluton or intrusive unit,The linked references explicitly identify the Sanjiangkou; all associated records are assigned to that named geological unit.,High,12,REF0026,RCB0021,REF0026
R0246,DL-1,161.9 ± 2.1 Ma,S,GG0025,Sanjiangkou,REF0026,REF0026,GG0025,Sanjiangkou,Not specified in source title,,Named pluton or intrusive unit,The linked references explicitly identify the Sanjiangkou; all associated records are assigned to that named geological unit.,High,12,REF0026,RCB0021,REF0026
R0247,14DL-1,161.9 ± 2.1 Ma,S,GG0025,Sanjiangkou,REF0026,REF0026,GG0025,Sanjiangkou,Not specified in source title,,Named pluton or intrusive unit,The linked references explicitly identify the Sanjiangkou; all associated records are assigned to that named geological unit.,High,12,REF0026,RCB0021,REF0026
R0248,GO8,161.9 ± 2.1 Ma,S,GG0025,Sanjiangkou,REF0026,REF0026,GG0025,Sanjiangkou,Not specified in source title,,Named pluton or intrusive unit,The linked references explicitly identify the Sanjiangkou; all associated records are assigned to that named geological unit.,High,12,REF0026,RCB0021,REF0026
R0249,G12-4,161.9 ± 2.1 Ma,S,GG0025,Sanjiangkou,REF0026,REF0026,GG0025,Sanjiangkou,Not specified in source title,,Named pluton or intrusive unit,The linked references explicitly identify the Sanjiangkou; all associated records are assigned to that named geological unit.,High,12,REF0026,RCB0021,REF0026
R0250,G14,161.9 ± 2.1 Ma,S,GG0025,Sanjiangkou,REF0026,REF0026,GG0025,Sanjiangkou,Not specified in source title,,Named pluton or intrusive unit,The linked references explicitly identify the Sanjiangkou; all associated records are assigned to that named geological unit.,High,12,REF0026,RCB0021,REF0026
R0251,G33,161.9 ± 2.1 Ma,S,GG0025,Sanjiangkou,REF0026,REF0026,GG0025,Sanjiangkou,Not specified in source title,,Named pluton or intrusive unit,The linked references explicitly identify the Sanjiangkou; all associated records are assigned to that named geological unit.,High,12,REF0026,RCB0021,REF0026
R0252,2104,161.9 ± 2.1 Ma,S,GG0025,Sanjiangkou,REF0026,REF0026,GG0025,Sanjiangkou,Not specified in source title,,Named pluton or intrusive unit,The linked references explicitly identify the Sanjiangkou; all associated records are assigned to that named geological unit.,High,12,REF0026,RCB0021,REF0026
R0253,451076,161.9 ± 2.1 Ma,S,GG0025,Sanjiangkou,REF0026,REF0026,GG0025,Sanjiangkou,Not specified in source title,,Named pluton or intrusive unit,The linked references explicitly identify the Sanjiangkou; all associated records are assigned to that named geological unit.,High,12,REF0026,RCB0021,REF0026
R0254,3579,161.9 ± 2.1 Ma,S,GG0025,Sanjiangkou,REF0026,REF0026,GG0025,Sanjiangkou,Not specified in source title,,Named pluton or intrusive unit,The linked references explicitly identify the Sanjiangkou; all associated records are assigned to that named geological unit.,High,12,REF0026,RCB0021,REF0026
R0255,P03-01,161.9 ± 2.1 Ma,S,GG0025,Sanjiangkou,REF0026,REF0026,GG0025,Sanjiangkou,Not specified in source title,,Named pluton or intrusive unit,The linked references explicitly identify the Sanjiangkou; all associated records are assigned to that named geological unit.,High,12,REF0026,RCB0021,REF0026
R0256,319004,147 ± 2 Ma,A,GG0050,Dapaitian pluton,REF0027,REF0027,GG0050,Dapaitian pluton,Guangdong,Lanhe area,Pluton,The linked study explicitly identifies the Dapaitian pluton; records are grouped at that named geological-unit level.,High,6,REF0027,RCB0037,REF0027
R0257,319005,147 ± 2 Ma,A,GG0050,Dapaitian pluton,REF0027,REF0027,GG0050,Dapaitian pluton,Guangdong,Lanhe area,Pluton,The linked study explicitly identifies the Dapaitian pluton; records are grouped at that named geological-unit level.,High,6,REF0027,RCB0037,REF0027
R0258,319018,147 ± 2 Ma,A,GG0050,Dapaitian pluton,REF0027,REF0027,GG0050,Dapaitian pluton,Guangdong,Lanhe area,Pluton,The linked study explicitly identifies the Dapaitian pluton; records are grouped at that named geological-unit level.,High,6,REF0027,RCB0037,REF0027
R0259,319050,147 ± 2 Ma,A,GG0050,Dapaitian pluton,REF0027,REF0027,GG0050,Dapaitian pluton,Guangdong,Lanhe area,Pluton,The linked study explicitly identifies the Dapaitian pluton; records are grouped at that named geological-unit level.,High,6,REF0027,RCB0037,REF0027
R0260,319055,147 ± 2 Ma,A,GG0050,Dapaitian pluton,REF0027,REF0027,GG0050,Dapaitian pluton,Guangdong,Lanhe area,Pluton,The linked study explicitly identifies the Dapaitian pluton; records are grouped at that named geological-unit level.,High,6,REF0027,RCB0037,REF0027
R0261,319068,147 ± 2 Ma,A,GG0050,Dapaitian pluton,REF0027,REF0027,GG0050,Dapaitian pluton,Guangdong,Lanhe area,Pluton,The linked study explicitly identifies the Dapaitian pluton; records are grouped at that named geological-unit level.,High,6,REF0027,RCB0037,REF0027
R0262,RS-6,162.8 ± 5.8 Ma,S,GG0051,Reshui granitic batholith,REF0028,REF0028,GG0051,Reshui granitic batholith,Guangdong,,Batholith,The linked study explicitly identifies the Reshui granitic batholith; records are grouped at that named geological-unit level.,High,5,REF0028,RCB0038,REF0028
R0263,RS-8,162.8 ± 5.8 Ma,S,GG0051,Reshui granitic batholith,REF0028,REF0028,GG0051,Reshui granitic batholith,Guangdong,,Batholith,The linked study explicitly identifies the Reshui granitic batholith; records are grouped at that named geological-unit level.,High,5,REF0028,RCB0038,REF0028
R0264,RS-10,162.8 ± 5.8 Ma,S,GG0051,Reshui granitic batholith,REF0028,REF0028,GG0051,Reshui granitic batholith,Guangdong,,Batholith,The linked study explicitly identifies the Reshui granitic batholith; records are grouped at that named geological-unit level.,High,5,REF0028,RCB0038,REF0028
R0265,RS-12,162.8 ± 5.8 Ma,S,GG0051,Reshui granitic batholith,REF0028,REF0028,GG0051,Reshui granitic batholith,Guangdong,,Batholith,The linked study explicitly identifies the Reshui granitic batholith; records are grouped at that named geological-unit level.,High,5,REF0028,RCB0038,REF0028
R0266,RS-15,162.8 ± 5.8 Ma,S,GG0051,Reshui granitic batholith,REF0028,REF0028,GG0051,Reshui granitic batholith,Guangdong,,Batholith,The linked study explicitly identifies the Reshui granitic batholith; records are grouped at that named geological-unit level.,High,5,REF0028,RCB0038,REF0028
R0267,G001,252.9 ± 1.9 Ma; 244 ± 2 Ma,S,GG0038,Zhuguangshan,REF0029,REF0029,GG0038,Zhuguangshan,Guangdong,,Composite or parent geological unit,Related subunits are consolidated under the named Zhuguangshan parent unit so genetically and spatially related samples remain in one validation group.,Medium,222,REF0012; REF0016; REF0019; REF0020; REF0029; REF0034; REF0039; REF0041; REF0046; REF0049; REF0052,RCB0030,REF0012; REF0016; REF0019; REF0020; REF0029; REF0034; REF0039; REF0041; REF0046; REF0049; REF0052
R0268,G002,252.9 ± 1.9 Ma; 244 ± 2 Ma,S,GG0038,Zhuguangshan,REF0029,REF0029,GG0038,Zhuguangshan,Guangdong,,Composite or parent geological unit,Related subunits are consolidated under the named Zhuguangshan parent unit so genetically and spatially related samples remain in one validation group.,Medium,222,REF0012; REF0016; REF0019; REF0020; REF0029; REF0034; REF0039; REF0041; REF0046; REF0049; REF0052,RCB0030,REF0012; REF0016; REF0019; REF0020; REF0029; REF0034; REF0039; REF0041; REF0046; REF0049; REF0052
R0269,1006,225 ± 3 Ma; 228 ± 2 Ma,S,GG0020,Lujing,REF0030,REF0030,GG0020,Lujing,Not specified in source title,,Named pluton or intrusive unit,The linked references explicitly identify the Lujing; all associated records are assigned to that named geological unit.,High,9,REF0014; REF0030,RCB0018,REF0014; REF0030
R0270,LJ14-31,225 ± 3 Ma; 228 ± 2 Ma,S,GG0020,Lujing,REF0030,REF0030,GG0020,Lujing,Not specified in source title,,Named pluton or intrusive unit,The linked references explicitly identify the Lujing; all associated records are assigned to that named geological unit.,High,9,REF0014; REF0030,RCB0018,REF0014; REF0030
R0271,LJ14-32,225 ± 3 Ma; 228 ± 2 Ma,S,GG0020,Lujing,REF0030,REF0030,GG0020,Lujing,Not specified in source title,,Named pluton or intrusive unit,The linked references explicitly identify the Lujing; all associated records are assigned to that named geological unit.,High,9,REF0014; REF0030,RCB0018,REF0014; REF0030
R0272,LJ14-34,225 ± 3 Ma; 228 ± 2 Ma,S,GG0020,Lujing,REF0030,REF0030,GG0020,Lujing,Not specified in source title,,Named pluton or intrusive unit,The linked references explicitly identify the Lujing; all associated records are assigned to that named geological unit.,High,9,REF0014; REF0030,RCB0018,REF0014; REF0030
R0273,LK-11,225 ± 3 Ma; 228 ± 2 Ma,S,GG0020,Lujing,REF0030,REF0030,GG0020,Lujing,Not specified in source title,,Named pluton or intrusive unit,The linked references explicitly identify the Lujing; all associated records are assigned to that named geological unit.,High,9,REF0014; REF0030,RCB0018,REF0014; REF0030
R0274,XZ-13,237 Ma,S,GG0047,Guidong,REF0031,REF0031,GG0047,Guidong,Not specified in source title,,Composite or parent geological unit,Related subunits are consolidated under the named Guidong parent unit so genetically and spatially related samples remain in one validation group.,Medium,15,REF0023; REF0031,RCB0036,REF0023; REF0031
R0275,XZ-15,237 Ma,S,GG0047,Guidong,REF0031,REF0031,GG0047,Guidong,Not specified in source title,,Composite or parent geological unit,Related subunits are consolidated under the named Guidong parent unit so genetically and spatially related samples remain in one validation group.,Medium,15,REF0023; REF0031,RCB0036,REF0023; REF0031
R0276,XZ-16,237 Ma,S,GG0047,Guidong,REF0031,REF0031,GG0047,Guidong,Not specified in source title,,Composite or parent geological unit,Related subunits are consolidated under the named Guidong parent unit so genetically and spatially related samples remain in one validation group.,Medium,15,REF0023; REF0031,RCB0036,REF0023; REF0031
R0280,702,161.5 ± 1.8 Ma,A,GG0053,Taocunba granite,REF0033,REF0033,GG0053,Taocunba granite,Guangdong,,Granite body,The linked study explicitly identifies the Taocunba granite; records are grouped at that named geological-unit level.,High,6,REF0033,RCB0039,REF0033
R0281,704,161.5 ± 1.8 Ma,A,GG0053,Taocunba granite,REF0033,REF0033,GG0053,Taocunba granite,Guangdong,,Granite body,The linked study explicitly identifies the Taocunba granite; records are grouped at that named geological-unit level.,High,6,REF0033,RCB0039,REF0033
R0282,708,161.5 ± 1.8 Ma,A,GG0053,Taocunba granite,REF0033,REF0033,GG0053,Taocunba granite,Guangdong,,Granite body,The linked study explicitly identifies the Taocunba granite; records are grouped at that named geological-unit level.,High,6,REF0033,RCB0039,REF0033
R0283,709,161.5 ± 1.8 Ma,A,GG0053,Taocunba granite,REF0033,REF0033,GG0053,Taocunba granite,Guangdong,,Granite body,The linked study explicitly identifies the Taocunba granite; records are grouped at that named geological-unit level.,High,6,REF0033,RCB0039,REF0033
R0284,TCB-03,161.5 ± 1.8 Ma,A,GG0053,Taocunba granite,REF0033,REF0033,GG0053,Taocunba granite,Guangdong,,Granite body,The linked study explicitly identifies the Taocunba granite; records are grouped at that named geological-unit level.,High,6,REF0033,RCB0039,REF0033
R0285,TCB-07,161.5 ± 1.8 Ma,A,GG0053,Taocunba granite,REF0033,REF0033,GG0053,Taocunba granite,Guangdong,,Granite body,The linked study explicitly identifies the Taocunba granite; records are grouped at that named geological-unit level.,High,6,REF0033,RCB0039,REF0033
R0286,650,231–239 Ma,S,GG0038,Zhuguangshan,REF0034,REF0034,GG0038,Zhuguangshan,Guangdong,,Composite or parent geological unit,Related subunits are consolidated under the named Zhuguangshan parent unit so genetically and spatially related samples remain in one validation group.,Medium,222,REF0012; REF0016; REF0019; REF0020; REF0029; REF0034; REF0039; REF0041; REF0046; REF0049; REF0052,RCB0030,REF0012; REF0016; REF0019; REF0020; REF0029; REF0034; REF0039; REF0041; REF0046; REF0049; REF0052
R0287,6187,231–239 Ma,S,GG0038,Zhuguangshan,REF0034,REF0034,GG0038,Zhuguangshan,Guangdong,,Composite or parent geological unit,Related subunits are consolidated under the named Zhuguangshan parent unit so genetically and spatially related samples remain in one validation group.,Medium,222,REF0012; REF0016; REF0019; REF0020; REF0029; REF0034; REF0039; REF0041; REF0046; REF0049; REF0052,RCB0030,REF0012; REF0016; REF0019; REF0020; REF0029; REF0034; REF0039; REF0041; REF0046; REF0049; REF0052
R0288,6188,231–239 Ma,S,GG0038,Zhuguangshan,REF0034,REF0034,GG0038,Zhuguangshan,Guangdong,,Composite or parent geological unit,Related subunits are consolidated under the named Zhuguangshan parent unit so genetically and spatially related samples remain in one validation group.,Medium,222,REF0012; REF0016; REF0019; REF0020; REF0029; REF0034; REF0039; REF0041; REF0046; REF0049; REF0052,RCB0030,REF0012; REF0016; REF0019; REF0020; REF0029; REF0034; REF0039; REF0041; REF0046; REF0049; REF0052
R0289,6189,231–239 Ma,S,GG0038,Zhuguangshan,REF0034,REF0034,GG0038,Zhuguangshan,Guangdong,,Composite or parent geological unit,Related subunits are consolidated under the named Zhuguangshan parent unit so genetically and spatially related samples remain in one validation group.,Medium,222,REF0012; REF0016; REF0019; REF0020; REF0029; REF0034; REF0039; REF0041; REF0046; REF0049; REF0052,RCB0030,REF0012; REF0016; REF0019; REF0020; REF0029; REF0034; REF0039; REF0041; REF0046; REF0049; REF0052
R0290,6190,231–239 Ma,S,GG0038,Zhuguangshan,REF0034,REF0034,GG0038,Zhuguangshan,Guangdong,,Composite or parent geological unit,Related subunits are consolidated under the named Zhuguangshan parent unit so genetically and spatially related samples remain in one validation group.,Medium,222,REF0012; REF0016; REF0019; REF0020; REF0029; REF0034; REF0039; REF0041; REF0046; REF0049; REF0052,RCB0030,REF0012; REF0016; REF0019; REF0020; REF0029; REF0034; REF0039; REF0041; REF0046; REF0049; REF0052
R0291,6191,231–239 Ma,S,GG0038,Zhuguangshan,REF0034,REF0034,GG0038,Zhuguangshan,Guangdong,,Composite or parent geological unit,Related subunits are consolidated under the named Zhuguangshan parent unit so genetically and spatially related samples remain in one validation group.,Medium,222,REF0012; REF0016; REF0019; REF0020; REF0029; REF0034; REF0039; REF0041; REF0046; REF0049; REF0052,RCB0030,REF0012; REF0016; REF0019; REF0020; REF0029; REF0034; REF0039; REF0041; REF0046; REF0049; REF0052
R0292,6192,231–239 Ma,S,GG0038,Zhuguangshan,REF0034,REF0034,GG0038,Zhuguangshan,Guangdong,,Composite or parent geological unit,Related subunits are consolidated under the named Zhuguangshan parent unit so genetically and spatially related samples remain in one validation group.,Medium,222,REF0012; REF0016; REF0019; REF0020; REF0029; REF0034; REF0039; REF0041; REF0046; REF0049; REF0052,RCB0030,REF0012; REF0016; REF0019; REF0020; REF0029; REF0034; REF0039; REF0041; REF0046; REF0049; REF0052
R0293,6193,231–239 Ma,S,GG0038,Zhuguangshan,REF0034,REF0034,GG0038,Zhuguangshan,Guangdong,,Composite or parent geological unit,Related subunits are consolidated under the named Zhuguangshan parent unit so genetically and spatially related samples remain in one validation group.,Medium,222,REF0012; REF0016; REF0019; REF0020; REF0029; REF0034; REF0039; REF0041; REF0046; REF0049; REF0052,RCB0030,REF0012; REF0016; REF0019; REF0020; REF0029; REF0034; REF0039; REF0041; REF0046; REF0049; REF0052
R0294,6194,231–239 Ma,S,GG0038,Zhuguangshan,REF0034,REF0034,GG0038,Zhuguangshan,Guangdong,,Composite or parent geological unit,Related subunits are consolidated under the named Zhuguangshan parent unit so genetically and spatially related samples remain in one validation group.,Medium,222,REF0012; REF0016; REF0019; REF0020; REF0029; REF0034; REF0039; REF0041; REF0046; REF0049; REF0052,RCB0030,REF0012; REF0016; REF0019; REF0020; REF0029; REF0034; REF0039; REF0041; REF0046; REF0049; REF0052
R0295,6195,231–239 Ma,S,GG0038,Zhuguangshan,REF0034,REF0034,GG0038,Zhuguangshan,Guangdong,,Composite or parent geological unit,Related subunits are consolidated under the named Zhuguangshan parent unit so genetically and spatially related samples remain in one validation group.,Medium,222,REF0012; REF0016; REF0019; REF0020; REF0029; REF0034; REF0039; REF0041; REF0046; REF0049; REF0052,RCB0030,REF0012; REF0016; REF0019; REF0020; REF0029; REF0034; REF0039; REF0041; REF0046; REF0049; REF0052
R0296,644,231–239 Ma,S,GG0038,Zhuguangshan,REF0034,REF0034,GG0038,Zhuguangshan,Guangdong,,Composite or parent geological unit,Related subunits are consolidated under the named Zhuguangshan parent unit so genetically and spatially related samples remain in one validation group.,Medium,222,REF0012; REF0016; REF0019; REF0020; REF0029; REF0034; REF0039; REF0041; REF0046; REF0049; REF0052,RCB0030,REF0012; REF0016; REF0019; REF0020; REF0029; REF0034; REF0039; REF0041; REF0046; REF0049; REF0052
R0297,645,231–239 Ma,S,GG0038,Zhuguangshan,REF0034,REF0034,GG0038,Zhuguangshan,Guangdong,,Composite or parent geological unit,Related subunits are consolidated under the named Zhuguangshan parent unit so genetically and spatially related samples remain in one validation group.,Medium,222,REF0012; REF0016; REF0019; REF0020; REF0029; REF0034; REF0039; REF0041; REF0046; REF0049; REF0052,RCB0030,REF0012; REF0016; REF0019; REF0020; REF0029; REF0034; REF0039; REF0041; REF0046; REF0049; REF0052
R0298,646,231–239 Ma,S,GG0038,Zhuguangshan,REF0034,REF0034,GG0038,Zhuguangshan,Guangdong,,Composite or parent geological unit,Related subunits are consolidated under the named Zhuguangshan parent unit so genetically and spatially related samples remain in one validation group.,Medium,222,REF0012; REF0016; REF0019; REF0020; REF0029; REF0034; REF0039; REF0041; REF0046; REF0049; REF0052,RCB0030,REF0012; REF0016; REF0019; REF0020; REF0029; REF0034; REF0039; REF0041; REF0046; REF0049; REF0052
R0299,647,231–239 Ma,S,GG0038,Zhuguangshan,REF0034,REF0034,GG0038,Zhuguangshan,Guangdong,,Composite or parent geological unit,Related subunits are consolidated under the named Zhuguangshan parent unit so genetically and spatially related samples remain in one validation group.,Medium,222,REF0012; REF0016; REF0019; REF0020; REF0029; REF0034; REF0039; REF0041; REF0046; REF0049; REF0052,RCB0030,REF0012; REF0016; REF0019; REF0020; REF0029; REF0034; REF0039; REF0041; REF0046; REF0049; REF0052
R0300,6208,231–239 Ma,S,GG0038,Zhuguangshan,REF0034,REF0034,GG0038,Zhuguangshan,Guangdong,,Composite or parent geological unit,Related subunits are consolidated under the named Zhuguangshan parent unit so genetically and spatially related samples remain in one validation group.,Medium,222,REF0012; REF0016; REF0019; REF0020; REF0029; REF0034; REF0039; REF0041; REF0046; REF0049; REF0052,RCB0030,REF0012; REF0016; REF0019; REF0020; REF0029; REF0034; REF0039; REF0041; REF0046; REF0049; REF0052
R0301,6196,231–239 Ma,S,GG0038,Zhuguangshan,REF0034,REF0034,GG0038,Zhuguangshan,Guangdong,,Composite or parent geological unit,Related subunits are consolidated under the named Zhuguangshan parent unit so genetically and spatially related samples remain in one validation group.,Medium,222,REF0012; REF0016; REF0019; REF0020; REF0029; REF0034; REF0039; REF0041; REF0046; REF0049; REF0052,RCB0030,REF0012; REF0016; REF0019; REF0020; REF0029; REF0034; REF0039; REF0041; REF0046; REF0049; REF0052
R0302,6197,231–239 Ma,S,GG0038,Zhuguangshan,REF0034,REF0034,GG0038,Zhuguangshan,Guangdong,,Composite or parent geological unit,Related subunits are consolidated under the named Zhuguangshan parent unit so genetically and spatially related samples remain in one validation group.,Medium,222,REF0012; REF0016; REF0019; REF0020; REF0029; REF0034; REF0039; REF0041; REF0046; REF0049; REF0052,RCB0030,REF0012; REF0016; REF0019; REF0020; REF0029; REF0034; REF0039; REF0041; REF0046; REF0049; REF0052
R0303,6198,231–239 Ma,S,GG0038,Zhuguangshan,REF0034,REF0034,GG0038,Zhuguangshan,Guangdong,,Composite or parent geological unit,Related subunits are consolidated under the named Zhuguangshan parent unit so genetically and spatially related samples remain in one validation group.,Medium,222,REF0012; REF0016; REF0019; REF0020; REF0029; REF0034; REF0039; REF0041; REF0046; REF0049; REF0052,RCB0030,REF0012; REF0016; REF0019; REF0020; REF0029; REF0034; REF0039; REF0041; REF0046; REF0049; REF0052
R0304,6199,231–239 Ma,S,GG0038,Zhuguangshan,REF0034,REF0034,GG0038,Zhuguangshan,Guangdong,,Composite or parent geological unit,Related subunits are consolidated under the named Zhuguangshan parent unit so genetically and spatially related samples remain in one validation group.,Medium,222,REF0012; REF0016; REF0019; REF0020; REF0029; REF0034; REF0039; REF0041; REF0046; REF0049; REF0052,RCB0030,REF0012; REF0016; REF0019; REF0020; REF0029; REF0034; REF0039; REF0041; REF0046; REF0049; REF0052
R0305,6200,231–239 Ma,S,GG0038,Zhuguangshan,REF0034,REF0034,GG0038,Zhuguangshan,Guangdong,,Composite or parent geological unit,Related subunits are consolidated under the named Zhuguangshan parent unit so genetically and spatially related samples remain in one validation group.,Medium,222,REF0012; REF0016; REF0019; REF0020; REF0029; REF0034; REF0039; REF0041; REF0046; REF0049; REF0052,RCB0030,REF0012; REF0016; REF0019; REF0020; REF0029; REF0034; REF0039; REF0041; REF0046; REF0049; REF0052
R0306,6145,154–160 Ma,S,GG0038,Zhuguangshan,REF0034,REF0034,GG0038,Zhuguangshan,Guangdong,,Composite or parent geological unit,Related subunits are consolidated under the named Zhuguangshan parent unit so genetically and spatially related samples remain in one validation group.,Medium,222,REF0012; REF0016; REF0019; REF0020; REF0029; REF0034; REF0039; REF0041; REF0046; REF0049; REF0052,RCB0030,REF0012; REF0016; REF0019; REF0020; REF0029; REF0034; REF0039; REF0041; REF0046; REF0049; REF0052
R0307,6146,154–160 Ma,S,GG0038,Zhuguangshan,REF0034,REF0034,GG0038,Zhuguangshan,Guangdong,,Composite or parent geological unit,Related subunits are consolidated under the named Zhuguangshan parent unit so genetically and spatially related samples remain in one validation group.,Medium,222,REF0012; REF0016; REF0019; REF0020; REF0029; REF0034; REF0039; REF0041; REF0046; REF0049; REF0052,RCB0030,REF0012; REF0016; REF0019; REF0020; REF0029; REF0034; REF0039; REF0041; REF0046; REF0049; REF0052
R0308,6147,154–160 Ma,S,GG0038,Zhuguangshan,REF0034,REF0034,GG0038,Zhuguangshan,Guangdong,,Composite or parent geological unit,Related subunits are consolidated under the named Zhuguangshan parent unit so genetically and spatially related samples remain in one validation group.,Medium,222,REF0012; REF0016; REF0019; REF0020; REF0029; REF0034; REF0039; REF0041; REF0046; REF0049; REF0052,RCB0030,REF0012; REF0016; REF0019; REF0020; REF0029; REF0034; REF0039; REF0041; REF0046; REF0049; REF0052
R0309,6181,154–160 Ma,S,GG0038,Zhuguangshan,REF0034,REF0034,GG0038,Zhuguangshan,Guangdong,,Composite or parent geological unit,Related subunits are consolidated under the named Zhuguangshan parent unit so genetically and spatially related samples remain in one validation group.,Medium,222,REF0012; REF0016; REF0019; REF0020; REF0029; REF0034; REF0039; REF0041; REF0046; REF0049; REF0052,RCB0030,REF0012; REF0016; REF0019; REF0020; REF0029; REF0034; REF0039; REF0041; REF0046; REF0049; REF0052
R0310,6182,154–160 Ma,S,GG0038,Zhuguangshan,REF0034,REF0034,GG0038,Zhuguangshan,Guangdong,,Composite or parent geological unit,Related subunits are consolidated under the named Zhuguangshan parent unit so genetically and spatially related samples remain in one validation group.,Medium,222,REF0012; REF0016; REF0019; REF0020; REF0029; REF0034; REF0039; REF0041; REF0046; REF0049; REF0052,RCB0030,REF0012; REF0016; REF0019; REF0020; REF0029; REF0034; REF0039; REF0041; REF0046; REF0049; REF0052
R0311,6183,154–160 Ma,S,GG0038,Zhuguangshan,REF0034,REF0034,GG0038,Zhuguangshan,Guangdong,,Composite or parent geological unit,Related subunits are consolidated under the named Zhuguangshan parent unit so genetically and spatially related samples remain in one validation group.,Medium,222,REF0012; REF0016; REF0019; REF0020; REF0029; REF0034; REF0039; REF0041; REF0046; REF0049; REF0052,RCB0030,REF0012; REF0016; REF0019; REF0020; REF0029; REF0034; REF0039; REF0041; REF0046; REF0049; REF0052
R0312,626,154–160 Ma,S,GG0038,Zhuguangshan,REF0034,REF0034,GG0038,Zhuguangshan,Guangdong,,Composite or parent geological unit,Related subunits are consolidated under the named Zhuguangshan parent unit so genetically and spatially related samples remain in one validation group.,Medium,222,REF0012; REF0016; REF0019; REF0020; REF0029; REF0034; REF0039; REF0041; REF0046; REF0049; REF0052,RCB0030,REF0012; REF0016; REF0019; REF0020; REF0029; REF0034; REF0039; REF0041; REF0046; REF0049; REF0052
R0313,637,154–160 Ma,S,GG0038,Zhuguangshan,REF0034,REF0034,GG0038,Zhuguangshan,Guangdong,,Composite or parent geological unit,Related subunits are consolidated under the named Zhuguangshan parent unit so genetically and spatially related samples remain in one validation group.,Medium,222,REF0012; REF0016; REF0019; REF0020; REF0029; REF0034; REF0039; REF0041; REF0046; REF0049; REF0052,RCB0030,REF0012; REF0016; REF0019; REF0020; REF0029; REF0034; REF0039; REF0041; REF0046; REF0049; REF0052
R0314,627,154–160 Ma,S,GG0038,Zhuguangshan,REF0034,REF0034,GG0038,Zhuguangshan,Guangdong,,Composite or parent geological unit,Related subunits are consolidated under the named Zhuguangshan parent unit so genetically and spatially related samples remain in one validation group.,Medium,222,REF0012; REF0016; REF0019; REF0020; REF0029; REF0034; REF0039; REF0041; REF0046; REF0049; REF0052,RCB0030,REF0012; REF0016; REF0019; REF0020; REF0029; REF0034; REF0039; REF0041; REF0046; REF0049; REF0052
R0315,628,154–160 Ma,S,GG0038,Zhuguangshan,REF0034,REF0034,GG0038,Zhuguangshan,Guangdong,,Composite or parent geological unit,Related subunits are consolidated under the named Zhuguangshan parent unit so genetically and spatially related samples remain in one validation group.,Medium,222,REF0012; REF0016; REF0019; REF0020; REF0029; REF0034; REF0039; REF0041; REF0046; REF0049; REF0052,RCB0030,REF0012; REF0016; REF0019; REF0020; REF0029; REF0034; REF0039; REF0041; REF0046; REF0049; REF0052
R0316,634,154–160 Ma,S,GG0038,Zhuguangshan,REF0034,REF0034,GG0038,Zhuguangshan,Guangdong,,Composite or parent geological unit,Related subunits are consolidated under the named Zhuguangshan parent unit so genetically and spatially related samples remain in one validation group.,Medium,222,REF0012; REF0016; REF0019; REF0020; REF0029; REF0034; REF0039; REF0041; REF0046; REF0049; REF0052,RCB0030,REF0012; REF0016; REF0019; REF0020; REF0029; REF0034; REF0039; REF0041; REF0046; REF0049; REF0052
R0317,659,154–160 Ma,S,GG0038,Zhuguangshan,REF0034,REF0034,GG0038,Zhuguangshan,Guangdong,,Composite or parent geological unit,Related subunits are consolidated under the named Zhuguangshan parent unit so genetically and spatially related samples remain in one validation group.,Medium,222,REF0012; REF0016; REF0019; REF0020; REF0029; REF0034; REF0039; REF0041; REF0046; REF0049; REF0052,RCB0030,REF0012; REF0016; REF0019; REF0020; REF0029; REF0034; REF0039; REF0041; REF0046; REF0049; REF0052
R0318,6130,154–160 Ma,S,GG0038,Zhuguangshan,REF0034,REF0034,GG0038,Zhuguangshan,Guangdong,,Composite or parent geological unit,Related subunits are consolidated under the named Zhuguangshan parent unit so genetically and spatially related samples remain in one validation group.,Medium,222,REF0012; REF0016; REF0019; REF0020; REF0029; REF0034; REF0039; REF0041; REF0046; REF0049; REF0052,RCB0030,REF0012; REF0016; REF0019; REF0020; REF0029; REF0034; REF0039; REF0041; REF0046; REF0049; REF0052
R0319,656,154–160 Ma,S,GG0038,Zhuguangshan,REF0034,REF0034,GG0038,Zhuguangshan,Guangdong,,Composite or parent geological unit,Related subunits are consolidated under the named Zhuguangshan parent unit so genetically and spatially related samples remain in one validation group.,Medium,222,REF0012; REF0016; REF0019; REF0020; REF0029; REF0034; REF0039; REF0041; REF0046; REF0049; REF0052,RCB0030,REF0012; REF0016; REF0019; REF0020; REF0029; REF0034; REF0039; REF0041; REF0046; REF0049; REF0052
R0320,6121,154–160 Ma,S,GG0038,Zhuguangshan,REF0034,REF0034,GG0038,Zhuguangshan,Guangdong,,Composite or parent geological unit,Related subunits are consolidated under the named Zhuguangshan parent unit so genetically and spatially related samples remain in one validation group.,Medium,222,REF0012; REF0016; REF0019; REF0020; REF0029; REF0034; REF0039; REF0041; REF0046; REF0049; REF0052,RCB0030,REF0012; REF0016; REF0019; REF0020; REF0029; REF0034; REF0039; REF0041; REF0046; REF0049; REF0052
R0321,6122,154–160 Ma,S,GG0038,Zhuguangshan,REF0034,REF0034,GG0038,Zhuguangshan,Guangdong,,Composite or parent geological unit,Related subunits are consolidated under the named Zhuguangshan parent unit so genetically and spatially related samples remain in one validation group.,Medium,222,REF0012; REF0016; REF0019; REF0020; REF0029; REF0034; REF0039; REF0041; REF0046; REF0049; REF0052,RCB0030,REF0012; REF0016; REF0019; REF0020; REF0029; REF0034; REF0039; REF0041; REF0046; REF0049; REF0052
R0322,6123,154–160 Ma,S,GG0038,Zhuguangshan,REF0034,REF0034,GG0038,Zhuguangshan,Guangdong,,Composite or parent geological unit,Related subunits are consolidated under the named Zhuguangshan parent unit so genetically and spatially related samples remain in one validation group.,Medium,222,REF0012; REF0016; REF0019; REF0020; REF0029; REF0034; REF0039; REF0041; REF0046; REF0049; REF0052,RCB0030,REF0012; REF0016; REF0019; REF0020; REF0029; REF0034; REF0039; REF0041; REF0046; REF0049; REF0052
R0323,6227,154–160 Ma,S,GG0038,Zhuguangshan,REF0034,REF0034,GG0038,Zhuguangshan,Guangdong,,Composite or parent geological unit,Related subunits are consolidated under the named Zhuguangshan parent unit so genetically and spatially related samples remain in one validation group.,Medium,222,REF0012; REF0016; REF0019; REF0020; REF0029; REF0034; REF0039; REF0041; REF0046; REF0049; REF0052,RCB0030,REF0012; REF0016; REF0019; REF0020; REF0029; REF0034; REF0039; REF0041; REF0046; REF0049; REF0052
R0324,6228,154–160 Ma,S,GG0038,Zhuguangshan,REF0034,REF0034,GG0038,Zhuguangshan,Guangdong,,Composite or parent geological unit,Related subunits are consolidated under the named Zhuguangshan parent unit so genetically and spatially related samples remain in one validation group.,Medium,222,REF0012; REF0016; REF0019; REF0020; REF0029; REF0034; REF0039; REF0041; REF0046; REF0049; REF0052,RCB0030,REF0012; REF0016; REF0019; REF0020; REF0029; REF0034; REF0039; REF0041; REF0046; REF0049; REF0052
R0325,6229,154–160 Ma,S,GG0038,Zhuguangshan,REF0034,REF0034,GG0038,Zhuguangshan,Guangdong,,Composite or parent geological unit,Related subunits are consolidated under the named Zhuguangshan parent unit so genetically and spatially related samples remain in one validation group.,Medium,222,REF0012; REF0016; REF0019; REF0020; REF0029; REF0034; REF0039; REF0041; REF0046; REF0049; REF0052,RCB0030,REF0012; REF0016; REF0019; REF0020; REF0029; REF0034; REF0039; REF0041; REF0046; REF0049; REF0052
R0326,6220,154–160 Ma,S,GG0038,Zhuguangshan,REF0034,REF0034,GG0038,Zhuguangshan,Guangdong,,Composite or parent geological unit,Related subunits are consolidated under the named Zhuguangshan parent unit so genetically and spatially related samples remain in one validation group.,Medium,222,REF0012; REF0016; REF0019; REF0020; REF0029; REF0034; REF0039; REF0041; REF0046; REF0049; REF0052,RCB0030,REF0012; REF0016; REF0019; REF0020; REF0029; REF0034; REF0039; REF0041; REF0046; REF0049; REF0052
R0327,6221,154–160 Ma,S,GG0038,Zhuguangshan,REF0034,REF0034,GG0038,Zhuguangshan,Guangdong,,Composite or parent geological unit,Related subunits are consolidated under the named Zhuguangshan parent unit so genetically and spatially related samples remain in one validation group.,Medium,222,REF0012; REF0016; REF0019; REF0020; REF0029; REF0034; REF0039; REF0041; REF0046; REF0049; REF0052,RCB0030,REF0012; REF0016; REF0019; REF0020; REF0029; REF0034; REF0039; REF0041; REF0046; REF0049; REF0052
R0328,6224,154–160 Ma,S,GG0038,Zhuguangshan,REF0034,REF0034,GG0038,Zhuguangshan,Guangdong,,Composite or parent geological unit,Related subunits are consolidated under the named Zhuguangshan parent unit so genetically and spatially related samples remain in one validation group.,Medium,222,REF0012; REF0016; REF0019; REF0020; REF0029; REF0034; REF0039; REF0041; REF0046; REF0049; REF0052,RCB0030,REF0012; REF0016; REF0019; REF0020; REF0029; REF0034; REF0039; REF0041; REF0046; REF0049; REF0052
R0329,6225,154–160 Ma,S,GG0038,Zhuguangshan,REF0034,REF0034,GG0038,Zhuguangshan,Guangdong,,Composite or parent geological unit,Related subunits are consolidated under the named Zhuguangshan parent unit so genetically and spatially related samples remain in one validation group.,Medium,222,REF0012; REF0016; REF0019; REF0020; REF0029; REF0034; REF0039; REF0041; REF0046; REF0049; REF0052,RCB0030,REF0012; REF0016; REF0019; REF0020; REF0029; REF0034; REF0039; REF0041; REF0046; REF0049; REF0052
R0330,232-7H,154–160 Ma,S,GG0038,Zhuguangshan,REF0034,REF0034,GG0038,Zhuguangshan,Guangdong,,Composite or parent geological unit,Related subunits are consolidated under the named Zhuguangshan parent unit so genetically and spatially related samples remain in one validation group.,Medium,222,REF0012; REF0016; REF0019; REF0020; REF0029; REF0034; REF0039; REF0041; REF0046; REF0049; REF0052,RCB0030,REF0012; REF0016; REF0019; REF0020; REF0029; REF0034; REF0039; REF0041; REF0046; REF0049; REF0052
R0331,629,154–160 Ma,S,GG0038,Zhuguangshan,REF0034,REF0034,GG0038,Zhuguangshan,Guangdong,,Composite or parent geological unit,Related subunits are consolidated under the named Zhuguangshan parent unit so genetically and spatially related samples remain in one validation group.,Medium,222,REF0012; REF0016; REF0019; REF0020; REF0029; REF0034; REF0039; REF0041; REF0046; REF0049; REF0052,RCB0030,REF0012; REF0016; REF0019; REF0020; REF0029; REF0034; REF0039; REF0041; REF0046; REF0049; REF0052
R0332,631,154–160 Ma,S,GG0038,Zhuguangshan,REF0034,REF0034,GG0038,Zhuguangshan,Guangdong,,Composite or parent geological unit,Related subunits are consolidated under the named Zhuguangshan parent unit so genetically and spatially related samples remain in one validation group.,Medium,222,REF0012; REF0016; REF0019; REF0020; REF0029; REF0034; REF0039; REF0041; REF0046; REF0049; REF0052,RCB0030,REF0012; REF0016; REF0019; REF0020; REF0029; REF0034; REF0039; REF0041; REF0046; REF0049; REF0052
R0333,632,154–160 Ma,S,GG0038,Zhuguangshan,REF0034,REF0034,GG0038,Zhuguangshan,Guangdong,,Composite or parent geological unit,Related subunits are consolidated under the named Zhuguangshan parent unit so genetically and spatially related samples remain in one validation group.,Medium,222,REF0012; REF0016; REF0019; REF0020; REF0029; REF0034; REF0039; REF0041; REF0046; REF0049; REF0052,RCB0030,REF0012; REF0016; REF0019; REF0020; REF0029; REF0034; REF0039; REF0041; REF0046; REF0049; REF0052
R0334,633,154–160 Ma,S,GG0038,Zhuguangshan,REF0034,REF0034,GG0038,Zhuguangshan,Guangdong,,Composite or parent geological unit,Related subunits are consolidated under the named Zhuguangshan parent unit so genetically and spatially related samples remain in one validation group.,Medium,222,REF0012; REF0016; REF0019; REF0020; REF0029; REF0034; REF0039; REF0041; REF0046; REF0049; REF0052,RCB0030,REF0012; REF0016; REF0019; REF0020; REF0029; REF0034; REF0039; REF0041; REF0046; REF0049; REF0052
R0335,635,154–160 Ma,S,GG0038,Zhuguangshan,REF0034,REF0034,GG0038,Zhuguangshan,Guangdong,,Composite or parent geological unit,Related subunits are consolidated under the named Zhuguangshan parent unit so genetically and spatially related samples remain in one validation group.,Medium,222,REF0012; REF0016; REF0019; REF0020; REF0029; REF0034; REF0039; REF0041; REF0046; REF0049; REF0052,RCB0030,REF0012; REF0016; REF0019; REF0020; REF0029; REF0034; REF0039; REF0041; REF0046; REF0049; REF0052
R0336,6184,154–160 Ma,S,GG0038,Zhuguangshan,REF0034,REF0034,GG0038,Zhuguangshan,Guangdong,,Composite or parent geological unit,Related subunits are consolidated under the named Zhuguangshan parent unit so genetically and spatially related samples remain in one validation group.,Medium,222,REF0012; REF0016; REF0019; REF0020; REF0029; REF0034; REF0039; REF0041; REF0046; REF0049; REF0052,RCB0030,REF0012; REF0016; REF0019; REF0020; REF0029; REF0034; REF0039; REF0041; REF0046; REF0049; REF0052
R0337,6185,154–160 Ma,S,GG0038,Zhuguangshan,REF0034,REF0034,GG0038,Zhuguangshan,Guangdong,,Composite or parent geological unit,Related subunits are consolidated under the named Zhuguangshan parent unit so genetically and spatially related samples remain in one validation group.,Medium,222,REF0012; REF0016; REF0019; REF0020; REF0029; REF0034; REF0039; REF0041; REF0046; REF0049; REF0052,RCB0030,REF0012; REF0016; REF0019; REF0020; REF0029; REF0034; REF0039; REF0041; REF0046; REF0049; REF0052
R0338,6186,154–160 Ma,S,GG0038,Zhuguangshan,REF0034,REF0034,GG0038,Zhuguangshan,Guangdong,,Composite or parent geological unit,Related subunits are consolidated under the named Zhuguangshan parent unit so genetically and spatially related samples remain in one validation group.,Medium,222,REF0012; REF0016; REF0019; REF0020; REF0029; REF0034; REF0039; REF0041; REF0046; REF0049; REF0052,RCB0030,REF0012; REF0016; REF0019; REF0020; REF0029; REF0034; REF0039; REF0041; REF0046; REF0049; REF0052
R0360,ZJ01,221 Ma,S,GG0021,Miao'ershan,REF0036,REF0036,GG0021,Miao'ershan,Hunan; Guangxi,,Composite or parent geological unit,Related subunits are consolidated under the named Miao'ershan parent unit so genetically and spatially related samples remain in one validation group.,Medium,140,REF0003; REF0004; REF0008; REF0036; REF0042; REF0043; REF0057; REF0058; REF0059; REF0206; REF0208; REF0209,RCB0010,REF0003; REF0004; REF0008; REF0036; REF0042; REF0043; REF0057; REF0058; REF0059; REF0206; REF0208; REF0209
R0361,ZJ02,221 Ma,S,GG0021,Miao'ershan,REF0036,REF0036,GG0021,Miao'ershan,Hunan; Guangxi,,Composite or parent geological unit,Related subunits are consolidated under the named Miao'ershan parent unit so genetically and spatially related samples remain in one validation group.,Medium,140,REF0003; REF0004; REF0008; REF0036; REF0042; REF0043; REF0057; REF0058; REF0059; REF0206; REF0208; REF0209,RCB0010,REF0003; REF0004; REF0008; REF0036; REF0042; REF0043; REF0057; REF0058; REF0059; REF0206; REF0208; REF0209
R0362,ZJ03,221 Ma,S,GG0021,Miao'ershan,REF0036,REF0036,GG0021,Miao'ershan,Hunan; Guangxi,,Composite or parent geological unit,Related subunits are consolidated under the named Miao'ershan parent unit so genetically and spatially related samples remain in one validation group.,Medium,140,REF0003; REF0004; REF0008; REF0036; REF0042; REF0043; REF0057; REF0058; REF0059; REF0206; REF0208; REF0209,RCB0010,REF0003; REF0004; REF0008; REF0036; REF0042; REF0043; REF0057; REF0058; REF0059; REF0206; REF0208; REF0209
R0363,ZJ04,221 Ma,S,GG0021,Miao'ershan,REF0036,REF0036,GG0021,Miao'ershan,Hunan; Guangxi,,Composite or parent geological unit,Related subunits are consolidated under the named Miao'ershan parent unit so genetically and spatially related samples remain in one validation group.,Medium,140,REF0003; REF0004; REF0008; REF0036; REF0042; REF0043; REF0057; REF0058; REF0059; REF0206; REF0208; REF0209,RCB0010,REF0003; REF0004; REF0008; REF0036; REF0042; REF0043; REF0057; REF0058; REF0059; REF0206; REF0208; REF0209
R0364,ZJ05,221 Ma,S,GG0021,Miao'ershan,REF0036,REF0036,GG0021,Miao'ershan,Hunan; Guangxi,,Composite or parent geological unit,Related subunits are consolidated under the named Miao'ershan parent unit so genetically and spatially related samples remain in one validation group.,Medium,140,REF0003; REF0004; REF0008; REF0036; REF0042; REF0043; REF0057; REF0058; REF0059; REF0206; REF0208; REF0209,RCB0010,REF0003; REF0004; REF0008; REF0036; REF0042; REF0043; REF0057; REF0058; REF0059; REF0206; REF0208; REF0209
R0365,ZJ06,221 Ma,S,GG0021,Miao'ershan,REF0036,REF0036,GG0021,Miao'ershan,Hunan; Guangxi,,Composite or parent geological unit,Related subunits are consolidated under the named Miao'ershan parent unit so genetically and spatially related samples remain in one validation group.,Medium,140,REF0003; REF0004; REF0008; REF0036; REF0042; REF0043; REF0057; REF0058; REF0059; REF0206; REF0208; REF0209,RCB0010,REF0003; REF0004; REF0008; REF0036; REF0042; REF0043; REF0057; REF0058; REF0059; REF0206; REF0208; REF0209
R0366,ZJ07,221 Ma,S,GG0021,Miao'ershan,REF0036,REF0036,GG0021,Miao'ershan,Hunan; Guangxi,,Composite or parent geological unit,Related subunits are consolidated under the named Miao'ershan parent unit so genetically and spatially related samples remain in one validation group.,Medium,140,REF0003; REF0004; REF0008; REF0036; REF0042; REF0043; REF0057; REF0058; REF0059; REF0206; REF0208; REF0209,RCB0010,REF0003; REF0004; REF0008; REF0036; REF0042; REF0043; REF0057; REF0058; REF0059; REF0206; REF0208; REF0209
R0367,ZJ08,221 Ma,S,GG0021,Miao'ershan,REF0036,REF0036,GG0021,Miao'ershan,Hunan; Guangxi,,Composite or parent geological unit,Related subunits are consolidated under the named Miao'ershan parent unit so genetically and spatially related samples remain in one validation group.,Medium,140,REF0003; REF0004; REF0008; REF0036; REF0042; REF0043; REF0057; REF0058; REF0059; REF0206; REF0208; REF0209,RCB0010,REF0003; REF0004; REF0008; REF0036; REF0042; REF0043; REF0057; REF0058; REF0059; REF0206; REF0208; REF0209
R0368,ZJ09,221 Ma,S,GG0021,Miao'ershan,REF0036,REF0036,GG0021,Miao'ershan,Hunan; Guangxi,,Composite or parent geological unit,Related subunits are consolidated under the named Miao'ershan parent unit so genetically and spatially related samples remain in one validation group.,Medium,140,REF0003; REF0004; REF0008; REF0036; REF0042; REF0043; REF0057; REF0058; REF0059; REF0206; REF0208; REF0209,RCB0010,REF0003; REF0004; REF0008; REF0036; REF0042; REF0043; REF0057; REF0058; REF0059; REF0206; REF0208; REF0209
R0369,ZJ10,221 Ma,S,GG0021,Miao'ershan,REF0036,REF0036,GG0021,Miao'ershan,Hunan; Guangxi,,Composite or parent geological unit,Related subunits are consolidated under the named Miao'ershan parent unit so genetically and spatially related samples remain in one validation group.,Medium,140,REF0003; REF0004; REF0008; REF0036; REF0042; REF0043; REF0057; REF0058; REF0059; REF0206; REF0208; REF0209,RCB0010,REF0003; REF0004; REF0008; REF0036; REF0042; REF0043; REF0057; REF0058; REF0059; REF0206; REF0208; REF0209
R0370,231-118,160 ± 2 Ma,S,GG0034,Xiazhuang,REF0037,REF0037,GG0034,Xiazhuang,Guangdong,,Composite or parent geological unit,Related subunits are consolidated under the named Xiazhuang parent unit so genetically and spatially related samples remain in one validation group.,Medium,75,REF0015; REF0037; REF0048; REF0065; REF0066; REF0068,RCB0027,REF0015; REF0037; REF0048; REF0065; REF0066; REF0068
R0371,231-130,160 ± 2 Ma,S,GG0034,Xiazhuang,REF0037,REF0037,GG0034,Xiazhuang,Guangdong,,Composite or parent geological unit,Related subunits are consolidated under the named Xiazhuang parent unit so genetically and spatially related samples remain in one validation group.,Medium,75,REF0015; REF0037; REF0048; REF0065; REF0066; REF0068,RCB0027,REF0015; REF0037; REF0048; REF0065; REF0066; REF0068
R0372,231-07,160 ± 2 Ma,S,GG0034,Xiazhuang,REF0037,REF0037,GG0034,Xiazhuang,Guangdong,,Composite or parent geological unit,Related subunits are consolidated under the named Xiazhuang parent unit so genetically and spatially related samples remain in one validation group.,Medium,75,REF0015; REF0037; REF0048; REF0065; REF0066; REF0068,RCB0027,REF0015; REF0037; REF0048; REF0065; REF0066; REF0068
R0373,3008,160 ± 2 Ma,S,GG0034,Xiazhuang,REF0037,REF0037,GG0034,Xiazhuang,Guangdong,,Composite or parent geological unit,Related subunits are consolidated under the named Xiazhuang parent unit so genetically and spatially related samples remain in one validation group.,Medium,75,REF0015; REF0037; REF0048; REF0065; REF0066; REF0068,RCB0027,REF0015; REF0037; REF0048; REF0065; REF0066; REF0068
R0374,3020,160 ± 2 Ma,S,GG0034,Xiazhuang,REF0037,REF0037,GG0034,Xiazhuang,Guangdong,,Composite or parent geological unit,Related subunits are consolidated under the named Xiazhuang parent unit so genetically and spatially related samples remain in one validation group.,Medium,75,REF0015; REF0037; REF0048; REF0065; REF0066; REF0068,RCB0027,REF0015; REF0037; REF0048; REF0065; REF0066; REF0068
R0375,XZ-209,160 ± 2 Ma,S,GG0034,Xiazhuang,REF0037,REF0037,GG0034,Xiazhuang,Guangdong,,Composite or parent geological unit,Related subunits are consolidated under the named Xiazhuang parent unit so genetically and spatially related samples remain in one validation group.,Medium,75,REF0015; REF0037; REF0048; REF0065; REF0066; REF0068,RCB0027,REF0015; REF0037; REF0048; REF0065; REF0066; REF0068
R0376,XZ-210,160 ± 2 Ma,S,GG0034,Xiazhuang,REF0037,REF0037,GG0034,Xiazhuang,Guangdong,,Composite or parent geological unit,Related subunits are consolidated under the named Xiazhuang parent unit so genetically and spatially related samples remain in one validation group.,Medium,75,REF0015; REF0037; REF0048; REF0065; REF0066; REF0068,RCB0027,REF0015; REF0037; REF0048; REF0065; REF0066; REF0068
R0377,221-28,160 ± 2 Ma,S,GG0034,Xiazhuang,REF0037,REF0037,GG0034,Xiazhuang,Guangdong,,Composite or parent geological unit,Related subunits are consolidated under the named Xiazhuang parent unit so genetically and spatially related samples remain in one validation group.,Medium,75,REF0015; REF0037; REF0048; REF0065; REF0066; REF0068,RCB0027,REF0015; REF0037; REF0048; REF0065; REF0066; REF0068
R0378,FX15-1,440.7 ± 3.3 Ma,I,GG0055,Fuxi granodiorite,REF0038,REF0038,GG0055,Fuxi granodiorite,Guangdong,Southern Zhuguangshan,Granodiorite body,The linked study explicitly identifies the Fuxi granodiorite; records are grouped at that named geological-unit level.,High,5,REF0038,RCB0040,REF0038
R0379,FX15-2,440.7 ± 3.3 Ma,I,GG0055,Fuxi granodiorite,REF0038,REF0038,GG0055,Fuxi granodiorite,Guangdong,Southern Zhuguangshan,Granodiorite body,The linked study explicitly identifies the Fuxi granodiorite; records are grouped at that named geological-unit level.,High,5,REF0038,RCB0040,REF0038
R0380,FX15-3,440.7 ± 3.3 Ma,I,GG0055,Fuxi granodiorite,REF0038,REF0038,GG0055,Fuxi granodiorite,Guangdong,Southern Zhuguangshan,Granodiorite body,The linked study explicitly identifies the Fuxi granodiorite; records are grouped at that named geological-unit level.,High,5,REF0038,RCB0040,REF0038
R0381,FX15-4,440.7 ± 3.3 Ma,I,GG0055,Fuxi granodiorite,REF0038,REF0038,GG0055,Fuxi granodiorite,Guangdong,Southern Zhuguangshan,Granodiorite body,The linked study explicitly identifies the Fuxi granodiorite; records are grouped at that named geological-unit level.,High,5,REF0038,RCB0040,REF0038
R0382,FX15-5,440.7 ± 3.3 Ma,I,GG0055,Fuxi granodiorite,REF0038,REF0038,GG0055,Fuxi granodiorite,Guangdong,Southern Zhuguangshan,Granodiorite body,The linked study explicitly identifies the Fuxi granodiorite; records are grouped at that named geological-unit level.,High,5,REF0038,RCB0040,REF0038
R0383,8041,210 Ma,S,GG0038,Zhuguangshan,REF0039,REF0039,GG0038,Zhuguangshan,Guangdong,,Composite or parent geological unit,Related subunits are consolidated under the named Zhuguangshan parent unit so genetically and spatially related samples remain in one validation group.,Medium,222,REF0012; REF0016; REF0019; REF0020; REF0029; REF0034; REF0039; REF0041; REF0046; REF0049; REF0052,RCB0030,REF0012; REF0016; REF0019; REF0020; REF0029; REF0034; REF0039; REF0041; REF0046; REF0049; REF0052
R0384,8042,210 Ma,S,GG0038,Zhuguangshan,REF0039,REF0039,GG0038,Zhuguangshan,Guangdong,,Composite or parent geological unit,Related subunits are consolidated under the named Zhuguangshan parent unit so genetically and spatially related samples remain in one validation group.,Medium,222,REF0012; REF0016; REF0019; REF0020; REF0029; REF0034; REF0039; REF0041; REF0046; REF0049; REF0052,RCB0030,REF0012; REF0016; REF0019; REF0020; REF0029; REF0034; REF0039; REF0041; REF0046; REF0049; REF0052
R0385,8043,210 Ma,S,GG0038,Zhuguangshan,REF0039,REF0039,GG0038,Zhuguangshan,Guangdong,,Composite or parent geological unit,Related subunits are consolidated under the named Zhuguangshan parent unit so genetically and spatially related samples remain in one validation group.,Medium,222,REF0012; REF0016; REF0019; REF0020; REF0029; REF0034; REF0039; REF0041; REF0046; REF0049; REF0052,RCB0030,REF0012; REF0016; REF0019; REF0020; REF0029; REF0034; REF0039; REF0041; REF0046; REF0049; REF0052
R0386,8044,210 Ma,S,GG0038,Zhuguangshan,REF0039,REF0039,GG0038,Zhuguangshan,Guangdong,,Composite or parent geological unit,Related subunits are consolidated under the named Zhuguangshan parent unit so genetically and spatially related samples remain in one validation group.,Medium,222,REF0012; REF0016; REF0019; REF0020; REF0029; REF0034; REF0039; REF0041; REF0046; REF0049; REF0052,RCB0030,REF0012; REF0016; REF0019; REF0020; REF0029; REF0034; REF0039; REF0041; REF0046; REF0049; REF0052
R0387,8045,210 Ma,S,GG0038,Zhuguangshan,REF0039,REF0039,GG0038,Zhuguangshan,Guangdong,,Composite or parent geological unit,Related subunits are consolidated under the named Zhuguangshan parent unit so genetically and spatially related samples remain in one validation group.,Medium,222,REF0012; REF0016; REF0019; REF0020; REF0029; REF0034; REF0039; REF0041; REF0046; REF0049; REF0052,RCB0030,REF0012; REF0016; REF0019; REF0020; REF0029; REF0034; REF0039; REF0041; REF0046; REF0049; REF0052
R0388,8047,210 Ma,S,GG0038,Zhuguangshan,REF0039,REF0039,GG0038,Zhuguangshan,Guangdong,,Composite or parent geological unit,Related subunits are consolidated under the named Zhuguangshan parent unit so genetically and spatially related samples remain in one validation group.,Medium,222,REF0012; REF0016; REF0019; REF0020; REF0029; REF0034; REF0039; REF0041; REF0046; REF0049; REF0052,RCB0030,REF0012; REF0016; REF0019; REF0020; REF0029; REF0034; REF0039; REF0041; REF0046; REF0049; REF0052
R0389,8048,210 Ma,S,GG0038,Zhuguangshan,REF0039,REF0039,GG0038,Zhuguangshan,Guangdong,,Composite or parent geological unit,Related subunits are consolidated under the named Zhuguangshan parent unit so genetically and spatially related samples remain in one validation group.,Medium,222,REF0012; REF0016; REF0019; REF0020; REF0029; REF0034; REF0039; REF0041; REF0046; REF0049; REF0052,RCB0030,REF0012; REF0016; REF0019; REF0020; REF0029; REF0034; REF0039; REF0041; REF0046; REF0049; REF0052
R0390,8050,210 Ma,S,GG0038,Zhuguangshan,REF0039,REF0039,GG0038,Zhuguangshan,Guangdong,,Composite or parent geological unit,Related subunits are consolidated under the named Zhuguangshan parent unit so genetically and spatially related samples remain in one validation group.,Medium,222,REF0012; REF0016; REF0019; REF0020; REF0029; REF0034; REF0039; REF0041; REF0046; REF0049; REF0052,RCB0030,REF0012; REF0016; REF0019; REF0020; REF0029; REF0034; REF0039; REF0041; REF0046; REF0049; REF0052
R0391,8051,210 Ma,S,GG0038,Zhuguangshan,REF0039,REF0039,GG0038,Zhuguangshan,Guangdong,,Composite or parent geological unit,Related subunits are consolidated under the named Zhuguangshan parent unit so genetically and spatially related samples remain in one validation group.,Medium,222,REF0012; REF0016; REF0019; REF0020; REF0029; REF0034; REF0039; REF0041; REF0046; REF0049; REF0052,RCB0030,REF0012; REF0016; REF0019; REF0020; REF0029; REF0034; REF0039; REF0041; REF0046; REF0049; REF0052
R0392,8052,210 Ma,S,GG0038,Zhuguangshan,REF0039,REF0039,GG0038,Zhuguangshan,Guangdong,,Composite or parent geological unit,Related subunits are consolidated under the named Zhuguangshan parent unit so genetically and spatially related samples remain in one validation group.,Medium,222,REF0012; REF0016; REF0019; REF0020; REF0029; REF0034; REF0039; REF0041; REF0046; REF0049; REF0052,RCB0030,REF0012; REF0016; REF0019; REF0020; REF0029; REF0034; REF0039; REF0041; REF0046; REF0049; REF0052
R0393,672,210 Ma,S,GG0038,Zhuguangshan,REF0039,REF0039,GG0038,Zhuguangshan,Guangdong,,Composite or parent geological unit,Related subunits are consolidated under the named Zhuguangshan parent unit so genetically and spatially related samples remain in one validation group.,Medium,222,REF0012; REF0016; REF0019; REF0020; REF0029; REF0034; REF0039; REF0041; REF0046; REF0049; REF0052,RCB0030,REF0012; REF0016; REF0019; REF0020; REF0029; REF0034; REF0039; REF0041; REF0046; REF0049; REF0052
R0394,6141,210 Ma,S,GG0038,Zhuguangshan,REF0039,REF0039,GG0038,Zhuguangshan,Guangdong,,Composite or parent geological unit,Related subunits are consolidated under the named Zhuguangshan parent unit so genetically and spatially related samples remain in one validation group.,Medium,222,REF0012; REF0016; REF0019; REF0020; REF0029; REF0034; REF0039; REF0041; REF0046; REF0049; REF0052,RCB0030,REF0012; REF0016; REF0019; REF0020; REF0029; REF0034; REF0039; REF0041; REF0046; REF0049; REF0052
R0395,6142,210 Ma,S,GG0038,Zhuguangshan,REF0039,REF0039,GG0038,Zhuguangshan,Guangdong,,Composite or parent geological unit,Related subunits are consolidated under the named Zhuguangshan parent unit so genetically and spatially related samples remain in one validation group.,Medium,222,REF0012; REF0016; REF0019; REF0020; REF0029; REF0034; REF0039; REF0041; REF0046; REF0049; REF0052,RCB0030,REF0012; REF0016; REF0019; REF0020; REF0029; REF0034; REF0039; REF0041; REF0046; REF0049; REF0052
R0396,6143,210 Ma,S,GG0038,Zhuguangshan,REF0039,REF0039,GG0038,Zhuguangshan,Guangdong,,Composite or parent geological unit,Related subunits are consolidated under the named Zhuguangshan parent unit so genetically and spatially related samples remain in one validation group.,Medium,222,REF0012; REF0016; REF0019; REF0020; REF0029; REF0034; REF0039; REF0041; REF0046; REF0049; REF0052,RCB0030,REF0012; REF0016; REF0019; REF0020; REF0029; REF0034; REF0039; REF0041; REF0046; REF0049; REF0052
R0397,6209,210 Ma,S,GG0038,Zhuguangshan,REF0039,REF0039,GG0038,Zhuguangshan,Guangdong,,Composite or parent geological unit,Related subunits are consolidated under the named Zhuguangshan parent unit so genetically and spatially related samples remain in one validation group.,Medium,222,REF0012; REF0016; REF0019; REF0020; REF0029; REF0034; REF0039; REF0041; REF0046; REF0049; REF0052,RCB0030,REF0012; REF0016; REF0019; REF0020; REF0029; REF0034; REF0039; REF0041; REF0046; REF0049; REF0052
R0398,JN-01,210 Ma,S,GG0038,Zhuguangshan,REF0039,REF0039,GG0038,Zhuguangshan,Guangdong,,Composite or parent geological unit,Related subunits are consolidated under the named Zhuguangshan parent unit so genetically and spatially related samples remain in one validation group.,Medium,222,REF0012; REF0016; REF0019; REF0020; REF0029; REF0034; REF0039; REF0041; REF0046; REF0049; REF0052,RCB0030,REF0012; REF0016; REF0019; REF0020; REF0029; REF0034; REF0039; REF0041; REF0046; REF0049; REF0052
R0399,695,210 Ma,S,GG0038,Zhuguangshan,REF0039,REF0039,GG0038,Zhuguangshan,Guangdong,,Composite or parent geological unit,Related subunits are consolidated under the named Zhuguangshan parent unit so genetically and spatially related samples remain in one validation group.,Medium,222,REF0012; REF0016; REF0019; REF0020; REF0029; REF0034; REF0039; REF0041; REF0046; REF0049; REF0052,RCB0030,REF0012; REF0016; REF0019; REF0020; REF0029; REF0034; REF0039; REF0041; REF0046; REF0049; REF0052
R0400,696,210 Ma,S,GG0038,Zhuguangshan,REF0039,REF0039,GG0038,Zhuguangshan,Guangdong,,Composite or parent geological unit,Related subunits are consolidated under the named Zhuguangshan parent unit so genetically and spatially related samples remain in one validation group.,Medium,222,REF0012; REF0016; REF0019; REF0020; REF0029; REF0034; REF0039; REF0041; REF0046; REF0049; REF0052,RCB0030,REF0012; REF0016; REF0019; REF0020; REF0029; REF0034; REF0039; REF0041; REF0046; REF0049; REF0052
R0401,8204,210 Ma,S,GG0038,Zhuguangshan,REF0039,REF0039,GG0038,Zhuguangshan,Guangdong,,Composite or parent geological unit,Related subunits are consolidated under the named Zhuguangshan parent unit so genetically and spatially related samples remain in one validation group.,Medium,222,REF0012; REF0016; REF0019; REF0020; REF0029; REF0034; REF0039; REF0041; REF0046; REF0049; REF0052,RCB0030,REF0012; REF0016; REF0019; REF0020; REF0029; REF0034; REF0039; REF0041; REF0046; REF0049; REF0052
R0402,8205,210 Ma,S,GG0038,Zhuguangshan,REF0039,REF0039,GG0038,Zhuguangshan,Guangdong,,Composite or parent geological unit,Related subunits are consolidated under the named Zhuguangshan parent unit so genetically and spatially related samples remain in one validation group.,Medium,222,REF0012; REF0016; REF0019; REF0020; REF0029; REF0034; REF0039; REF0041; REF0046; REF0049; REF0052,RCB0030,REF0012; REF0016; REF0019; REF0020; REF0029; REF0034; REF0039; REF0041; REF0046; REF0049; REF0052
R0403,8206,210 Ma,S,GG0038,Zhuguangshan,REF0039,REF0039,GG0038,Zhuguangshan,Guangdong,,Composite or parent geological unit,Related subunits are consolidated under the named Zhuguangshan parent unit so genetically and spatially related samples remain in one validation group.,Medium,222,REF0012; REF0016; REF0019; REF0020; REF0029; REF0034; REF0039; REF0041; REF0046; REF0049; REF0052,RCB0030,REF0012; REF0016; REF0019; REF0020; REF0029; REF0034; REF0039; REF0041; REF0046; REF0049; REF0052
R0404,111hs-01,210 Ma,S,GG0038,Zhuguangshan,REF0039,REF0039,GG0038,Zhuguangshan,Guangdong,,Composite or parent geological unit,Related subunits are consolidated under the named Zhuguangshan parent unit so genetically and spatially related samples remain in one validation group.,Medium,222,REF0012; REF0016; REF0019; REF0020; REF0029; REF0034; REF0039; REF0041; REF0046; REF0049; REF0052,RCB0030,REF0012; REF0016; REF0019; REF0020; REF0029; REF0034; REF0039; REF0041; REF0046; REF0049; REF0052
R0405,111hs-04,210 Ma,S,GG0038,Zhuguangshan,REF0039,REF0039,GG0038,Zhuguangshan,Guangdong,,Composite or parent geological unit,Related subunits are consolidated under the named Zhuguangshan parent unit so genetically and spatially related samples remain in one validation group.,Medium,222,REF0012; REF0016; REF0019; REF0020; REF0029; REF0034; REF0039; REF0041; REF0046; REF0049; REF0052,RCB0030,REF0012; REF0016; REF0019; REF0020; REF0029; REF0034; REF0039; REF0041; REF0046; REF0049; REF0052
R0406,111hs-05,210 Ma,S,GG0038,Zhuguangshan,REF0039,REF0039,GG0038,Zhuguangshan,Guangdong,,Composite or parent geological unit,Related subunits are consolidated under the named Zhuguangshan parent unit so genetically and spatially related samples remain in one validation group.,Medium,222,REF0012; REF0016; REF0019; REF0020; REF0029; REF0034; REF0039; REF0041; REF0046; REF0049; REF0052,RCB0030,REF0012; REF0016; REF0019; REF0020; REF0029; REF0034; REF0039; REF0041; REF0046; REF0049; REF0052
R0407,111hs-06,210 Ma,S,GG0038,Zhuguangshan,REF0039,REF0039,GG0038,Zhuguangshan,Guangdong,,Composite or parent geological unit,Related subunits are consolidated under the named Zhuguangshan parent unit so genetically and spatially related samples remain in one validation group.,Medium,222,REF0012; REF0016; REF0019; REF0020; REF0029; REF0034; REF0039; REF0041; REF0046; REF0049; REF0052,RCB0030,REF0012; REF0016; REF0019; REF0020; REF0029; REF0034; REF0039; REF0041; REF0046; REF0049; REF0052
R0408,45292,210 Ma,S,GG0038,Zhuguangshan,REF0039,REF0039,GG0038,Zhuguangshan,Guangdong,,Composite or parent geological unit,Related subunits are consolidated under the named Zhuguangshan parent unit so genetically and spatially related samples remain in one validation group.,Medium,222,REF0012; REF0016; REF0019; REF0020; REF0029; REF0034; REF0039; REF0041; REF0046; REF0049; REF0052,RCB0030,REF0012; REF0016; REF0019; REF0020; REF0029; REF0034; REF0039; REF0041; REF0046; REF0049; REF0052
R0409,11by-1,210 Ma,S,GG0038,Zhuguangshan,REF0039,REF0039,GG0038,Zhuguangshan,Guangdong,,Composite or parent geological unit,Related subunits are consolidated under the named Zhuguangshan parent unit so genetically and spatially related samples remain in one validation group.,Medium,222,REF0012; REF0016; REF0019; REF0020; REF0029; REF0034; REF0039; REF0041; REF0046; REF0049; REF0052,RCB0030,REF0012; REF0016; REF0019; REF0020; REF0029; REF0034; REF0039; REF0041; REF0046; REF0049; REF0052
R0410,11by-2,210 Ma,S,GG0038,Zhuguangshan,REF0039,REF0039,GG0038,Zhuguangshan,Guangdong,,Composite or parent geological unit,Related subunits are consolidated under the named Zhuguangshan parent unit so genetically and spatially related samples remain in one validation group.,Medium,222,REF0012; REF0016; REF0019; REF0020; REF0029; REF0034; REF0039; REF0041; REF0046; REF0049; REF0052,RCB0030,REF0012; REF0016; REF0019; REF0020; REF0029; REF0034; REF0039; REF0041; REF0046; REF0049; REF0052
R0411,11by-4,210 Ma,S,GG0038,Zhuguangshan,REF0039,REF0039,GG0038,Zhuguangshan,Guangdong,,Composite or parent geological unit,Related subunits are consolidated under the named Zhuguangshan parent unit so genetically and spatially related samples remain in one validation group.,Medium,222,REF0012; REF0016; REF0019; REF0020; REF0029; REF0034; REF0039; REF0041; REF0046; REF0049; REF0052,RCB0030,REF0012; REF0016; REF0019; REF0020; REF0029; REF0034; REF0039; REF0041; REF0046; REF0049; REF0052
R0412,11by-6,210 Ma,S,GG0038,Zhuguangshan,REF0039,REF0039,GG0038,Zhuguangshan,Guangdong,,Composite or parent geological unit,Related subunits are consolidated under the named Zhuguangshan parent unit so genetically and spatially related samples remain in one validation group.,Medium,222,REF0012; REF0016; REF0019; REF0020; REF0029; REF0034; REF0039; REF0041; REF0046; REF0049; REF0052,RCB0030,REF0012; REF0016; REF0019; REF0020; REF0029; REF0034; REF0039; REF0041; REF0046; REF0049; REF0052
R0413,644,210 Ma,S,GG0038,Zhuguangshan,REF0039,REF0039,GG0038,Zhuguangshan,Guangdong,,Composite or parent geological unit,Related subunits are consolidated under the named Zhuguangshan parent unit so genetically and spatially related samples remain in one validation group.,Medium,222,REF0012; REF0016; REF0019; REF0020; REF0029; REF0034; REF0039; REF0041; REF0046; REF0049; REF0052,RCB0030,REF0012; REF0016; REF0019; REF0020; REF0029; REF0034; REF0039; REF0041; REF0046; REF0049; REF0052
R0414,645,210 Ma,S,GG0038,Zhuguangshan,REF0039,REF0039,GG0038,Zhuguangshan,Guangdong,,Composite or parent geological unit,Related subunits are consolidated under the named Zhuguangshan parent unit so genetically and spatially related samples remain in one validation group.,Medium,222,REF0012; REF0016; REF0019; REF0020; REF0029; REF0034; REF0039; REF0041; REF0046; REF0049; REF0052,RCB0030,REF0012; REF0016; REF0019; REF0020; REF0029; REF0034; REF0039; REF0041; REF0046; REF0049; REF0052
R0415,646,210 Ma,S,GG0038,Zhuguangshan,REF0039,REF0039,GG0038,Zhuguangshan,Guangdong,,Composite or parent geological unit,Related subunits are consolidated under the named Zhuguangshan parent unit so genetically and spatially related samples remain in one validation group.,Medium,222,REF0012; REF0016; REF0019; REF0020; REF0029; REF0034; REF0039; REF0041; REF0046; REF0049; REF0052,RCB0030,REF0012; REF0016; REF0019; REF0020; REF0029; REF0034; REF0039; REF0041; REF0046; REF0049; REF0052
R0416,647,210 Ma,S,GG0038,Zhuguangshan,REF0039,REF0039,GG0038,Zhuguangshan,Guangdong,,Composite or parent geological unit,Related subunits are consolidated under the named Zhuguangshan parent unit so genetically and spatially related samples remain in one validation group.,Medium,222,REF0012; REF0016; REF0019; REF0020; REF0029; REF0034; REF0039; REF0041; REF0046; REF0049; REF0052,RCB0030,REF0012; REF0016; REF0019; REF0020; REF0029; REF0034; REF0039; REF0041; REF0046; REF0049; REF0052
R0417,6207,210 Ma,S,GG0038,Zhuguangshan,REF0039,REF0039,GG0038,Zhuguangshan,Guangdong,,Composite or parent geological unit,Related subunits are consolidated under the named Zhuguangshan parent unit so genetically and spatially related samples remain in one validation group.,Medium,222,REF0012; REF0016; REF0019; REF0020; REF0029; REF0034; REF0039; REF0041; REF0046; REF0049; REF0052,RCB0030,REF0012; REF0016; REF0019; REF0020; REF0029; REF0034; REF0039; REF0041; REF0046; REF0049; REF0052
R0418,6208,210 Ma,S,GG0038,Zhuguangshan,REF0039,REF0039,GG0038,Zhuguangshan,Guangdong,,Composite or parent geological unit,Related subunits are consolidated under the named Zhuguangshan parent unit so genetically and spatially related samples remain in one validation group.,Medium,222,REF0012; REF0016; REF0019; REF0020; REF0029; REF0034; REF0039; REF0041; REF0046; REF0049; REF0052,RCB0030,REF0012; REF0016; REF0019; REF0020; REF0029; REF0034; REF0039; REF0041; REF0046; REF0049; REF0052
R0419,14ZD-01,210 Ma,S,GG0038,Zhuguangshan,REF0039,REF0039,GG0038,Zhuguangshan,Guangdong,,Composite or parent geological unit,Related subunits are consolidated under the named Zhuguangshan parent unit so genetically and spatially related samples remain in one validation group.,Medium,222,REF0012; REF0016; REF0019; REF0020; REF0029; REF0034; REF0039; REF0041; REF0046; REF0049; REF0052,RCB0030,REF0012; REF0016; REF0019; REF0020; REF0029; REF0034; REF0039; REF0041; REF0046; REF0049; REF0052
R0420,ZD-02,210 Ma,S,GG0038,Zhuguangshan,REF0039,REF0039,GG0038,Zhuguangshan,Guangdong,,Composite or parent geological unit,Related subunits are consolidated under the named Zhuguangshan parent unit so genetically and spatially related samples remain in one validation group.,Medium,222,REF0012; REF0016; REF0019; REF0020; REF0029; REF0034; REF0039; REF0041; REF0046; REF0049; REF0052,RCB0030,REF0012; REF0016; REF0019; REF0020; REF0029; REF0034; REF0039; REF0041; REF0046; REF0049; REF0052
R0421,Z0-03,210 Ma,S,GG0038,Zhuguangshan,REF0039,REF0039,GG0038,Zhuguangshan,Guangdong,,Composite or parent geological unit,Related subunits are consolidated under the named Zhuguangshan parent unit so genetically and spatially related samples remain in one validation group.,Medium,222,REF0012; REF0016; REF0019; REF0020; REF0029; REF0034; REF0039; REF0041; REF0046; REF0049; REF0052,RCB0030,REF0012; REF0016; REF0019; REF0020; REF0029; REF0034; REF0039; REF0041; REF0046; REF0049; REF0052
R0422,1D-01,210 Ma,S,GG0038,Zhuguangshan,REF0039,REF0039,GG0038,Zhuguangshan,Guangdong,,Composite or parent geological unit,Related subunits are consolidated under the named Zhuguangshan parent unit so genetically and spatially related samples remain in one validation group.,Medium,222,REF0012; REF0016; REF0019; REF0020; REF0029; REF0034; REF0039; REF0041; REF0046; REF0049; REF0052,RCB0030,REF0012; REF0016; REF0019; REF0020; REF0029; REF0034; REF0039; REF0041; REF0046; REF0049; REF0052
R0423,1D-02,210 Ma,S,GG0038,Zhuguangshan,REF0039,REF0039,GG0038,Zhuguangshan,Guangdong,,Composite or parent geological unit,Related subunits are consolidated under the named Zhuguangshan parent unit so genetically and spatially related samples remain in one validation group.,Medium,222,REF0012; REF0016; REF0019; REF0020; REF0029; REF0034; REF0039; REF0041; REF0046; REF0049; REF0052,RCB0030,REF0012; REF0016; REF0019; REF0020; REF0029; REF0034; REF0039; REF0041; REF0046; REF0049; REF0052
R0424,1D-03,210 Ma,S,GG0038,Zhuguangshan,REF0039,REF0039,GG0038,Zhuguangshan,Guangdong,,Composite or parent geological unit,Related subunits are consolidated under the named Zhuguangshan parent unit so genetically and spatially related samples remain in one validation group.,Medium,222,REF0012; REF0016; REF0019; REF0020; REF0029; REF0034; REF0039; REF0041; REF0046; REF0049; REF0052,RCB0030,REF0012; REF0016; REF0019; REF0020; REF0029; REF0034; REF0039; REF0041; REF0046; REF0049; REF0052
R0425,1D-04,210 Ma,S,GG0038,Zhuguangshan,REF0039,REF0039,GG0038,Zhuguangshan,Guangdong,,Composite or parent geological unit,Related subunits are consolidated under the named Zhuguangshan parent unit so genetically and spatially related samples remain in one validation group.,Medium,222,REF0012; REF0016; REF0019; REF0020; REF0029; REF0034; REF0039; REF0041; REF0046; REF0049; REF0052,RCB0030,REF0012; REF0016; REF0019; REF0020; REF0029; REF0034; REF0039; REF0041; REF0046; REF0049; REF0052
R0426,1D-05,210 Ma,S,GG0038,Zhuguangshan,REF0039,REF0039,GG0038,Zhuguangshan,Guangdong,,Composite or parent geological unit,Related subunits are consolidated under the named Zhuguangshan parent unit so genetically and spatially related samples remain in one validation group.,Medium,222,REF0012; REF0016; REF0019; REF0020; REF0029; REF0034; REF0039; REF0041; REF0046; REF0049; REF0052,RCB0030,REF0012; REF0016; REF0019; REF0020; REF0029; REF0034; REF0039; REF0041; REF0046; REF0049; REF0052
R0427,1D-06,210 Ma,S,GG0038,Zhuguangshan,REF0039,REF0039,GG0038,Zhuguangshan,Guangdong,,Composite or parent geological unit,Related subunits are consolidated under the named Zhuguangshan parent unit so genetically and spatially related samples remain in one validation group.,Medium,222,REF0012; REF0016; REF0019; REF0020; REF0029; REF0034; REF0039; REF0041; REF0046; REF0049; REF0052,RCB0030,REF0012; REF0016; REF0019; REF0020; REF0029; REF0034; REF0039; REF0041; REF0046; REF0049; REF0052
R0428,1D-07,210 Ma,S,GG0038,Zhuguangshan,REF0039,REF0039,GG0038,Zhuguangshan,Guangdong,,Composite or parent geological unit,Related subunits are consolidated under the named Zhuguangshan parent unit so genetically and spatially related samples remain in one validation group.,Medium,222,REF0012; REF0016; REF0019; REF0020; REF0029; REF0034; REF0039; REF0041; REF0046; REF0049; REF0052,RCB0030,REF0012; REF0016; REF0019; REF0020; REF0029; REF0034; REF0039; REF0041; REF0046; REF0049; REF0052
R0429,RK401-1,440 Ma,S,GG0056,Miaoyun pluton,REF0040,REF0040,GG0056,Miaoyun pluton,Jiangxi,,Pluton,The linked study explicitly identifies the Miaoyun pluton; records are grouped at that named geological-unit level.,High,8,REF0040,RCB0041,REF0040
R0430,RK401-2,440 Ma,S,GG0056,Miaoyun pluton,REF0040,REF0040,GG0056,Miaoyun pluton,Jiangxi,,Pluton,The linked study explicitly identifies the Miaoyun pluton; records are grouped at that named geological-unit level.,High,8,REF0040,RCB0041,REF0040
R0431,RK401-3,440 Ma,S,GG0056,Miaoyun pluton,REF0040,REF0040,GG0056,Miaoyun pluton,Jiangxi,,Pluton,The linked study explicitly identifies the Miaoyun pluton; records are grouped at that named geological-unit level.,High,8,REF0040,RCB0041,REF0040
R0432,RK401-4,440 Ma,S,GG0056,Miaoyun pluton,REF0040,REF0040,GG0056,Miaoyun pluton,Jiangxi,,Pluton,The linked study explicitly identifies the Miaoyun pluton; records are grouped at that named geological-unit level.,High,8,REF0040,RCB0041,REF0040
R0433,RK401-5,440 Ma,S,GG0056,Miaoyun pluton,REF0040,REF0040,GG0056,Miaoyun pluton,Jiangxi,,Pluton,The linked study explicitly identifies the Miaoyun pluton; records are grouped at that named geological-unit level.,High,8,REF0040,RCB0041,REF0040
R0434,RK401-6,440 Ma,S,GG0056,Miaoyun pluton,REF0040,REF0040,GG0056,Miaoyun pluton,Jiangxi,,Pluton,The linked study explicitly identifies the Miaoyun pluton; records are grouped at that named geological-unit level.,High,8,REF0040,RCB0041,REF0040
R0435,RK401-7,440 Ma,S,GG0056,Miaoyun pluton,REF0040,REF0040,GG0056,Miaoyun pluton,Jiangxi,,Pluton,The linked study explicitly identifies the Miaoyun pluton; records are grouped at that named geological-unit level.,High,8,REF0040,RCB0041,REF0040
R0436,RK401-8,440 Ma,S,GG0056,Miaoyun pluton,REF0040,REF0040,GG0056,Miaoyun pluton,Jiangxi,,Pluton,The linked study explicitly identifies the Miaoyun pluton; records are grouped at that named geological-unit level.,High,8,REF0040,RCB0041,REF0040
R0437,C70-2,240 Ma,S,GG0038,Zhuguangshan,REF0041,REF0041,GG0038,Zhuguangshan,Guangdong,,Composite or parent geological unit,Related subunits are consolidated under the named Zhuguangshan parent unit so genetically and spatially related samples remain in one validation group.,Medium,222,REF0012; REF0016; REF0019; REF0020; REF0029; REF0034; REF0039; REF0041; REF0046; REF0049; REF0052,RCB0030,REF0012; REF0016; REF0019; REF0020; REF0029; REF0034; REF0039; REF0041; REF0046; REF0049; REF0052
R0438,C77-1,240 Ma,S,GG0038,Zhuguangshan,REF0041,REF0041,GG0038,Zhuguangshan,Guangdong,,Composite or parent geological unit,Related subunits are consolidated under the named Zhuguangshan parent unit so genetically and spatially related samples remain in one validation group.,Medium,222,REF0012; REF0016; REF0019; REF0020; REF0029; REF0034; REF0039; REF0041; REF0046; REF0049; REF0052,RCB0030,REF0012; REF0016; REF0019; REF0020; REF0029; REF0034; REF0039; REF0041; REF0046; REF0049; REF0052
R0439,C79,240 Ma,S,GG0038,Zhuguangshan,REF0041,REF0041,GG0038,Zhuguangshan,Guangdong,,Composite or parent geological unit,Related subunits are consolidated under the named Zhuguangshan parent unit so genetically and spatially related samples remain in one validation group.,Medium,222,REF0012; REF0016; REF0019; REF0020; REF0029; REF0034; REF0039; REF0041; REF0046; REF0049; REF0052,RCB0030,REF0012; REF0016; REF0019; REF0020; REF0029; REF0034; REF0039; REF0041; REF0046; REF0049; REF0052
R0440,C93-2,240 Ma,S,GG0038,Zhuguangshan,REF0041,REF0041,GG0038,Zhuguangshan,Guangdong,,Composite or parent geological unit,Related subunits are consolidated under the named Zhuguangshan parent unit so genetically and spatially related samples remain in one validation group.,Medium,222,REF0012; REF0016; REF0019; REF0020; REF0029; REF0034; REF0039; REF0041; REF0046; REF0049; REF0052,RCB0030,REF0012; REF0016; REF0019; REF0020; REF0029; REF0034; REF0039; REF0041; REF0046; REF0049; REF0052
R0441,C63,240 Ma,S,GG0038,Zhuguangshan,REF0041,REF0041,GG0038,Zhuguangshan,Guangdong,,Composite or parent geological unit,Related subunits are consolidated under the named Zhuguangshan parent unit so genetically and spatially related samples remain in one validation group.,Medium,222,REF0012; REF0016; REF0019; REF0020; REF0029; REF0034; REF0039; REF0041; REF0046; REF0049; REF0052,RCB0030,REF0012; REF0016; REF0019; REF0020; REF0029; REF0034; REF0039; REF0041; REF0046; REF0049; REF0052
R0442,C71,240 Ma,S,GG0038,Zhuguangshan,REF0041,REF0041,GG0038,Zhuguangshan,Guangdong,,Composite or parent geological unit,Related subunits are consolidated under the named Zhuguangshan parent unit so genetically and spatially related samples remain in one validation group.,Medium,222,REF0012; REF0016; REF0019; REF0020; REF0029; REF0034; REF0039; REF0041; REF0046; REF0049; REF0052,RCB0030,REF0012; REF0016; REF0019; REF0020; REF0029; REF0034; REF0039; REF0041; REF0046; REF0049; REF0052
R0443,C66,240 Ma,S,GG0038,Zhuguangshan,REF0041,REF0041,GG0038,Zhuguangshan,Guangdong,,Composite or parent geological unit,Related subunits are consolidated under the named Zhuguangshan parent unit so genetically and spatially related samples remain in one validation group.,Medium,222,REF0012; REF0016; REF0019; REF0020; REF0029; REF0034; REF0039; REF0041; REF0046; REF0049; REF0052,RCB0030,REF0012; REF0016; REF0019; REF0020; REF0029; REF0034; REF0039; REF0041; REF0046; REF0049; REF0052
R0444,C91,240 Ma,S,GG0038,Zhuguangshan,REF0041,REF0041,GG0038,Zhuguangshan,Guangdong,,Composite or parent geological unit,Related subunits are consolidated under the named Zhuguangshan parent unit so genetically and spatially related samples remain in one validation group.,Medium,222,REF0012; REF0016; REF0019; REF0020; REF0029; REF0034; REF0039; REF0041; REF0046; REF0049; REF0052,RCB0030,REF0012; REF0016; REF0019; REF0020; REF0029; REF0034; REF0039; REF0041; REF0046; REF0049; REF0052
R0445,C65-2,240 Ma,S,GG0038,Zhuguangshan,REF0041,REF0041,GG0038,Zhuguangshan,Guangdong,,Composite or parent geological unit,Related subunits are consolidated under the named Zhuguangshan parent unit so genetically and spatially related samples remain in one validation group.,Medium,222,REF0012; REF0016; REF0019; REF0020; REF0029; REF0034; REF0039; REF0041; REF0046; REF0049; REF0052,RCB0030,REF0012; REF0016; REF0019; REF0020; REF0029; REF0034; REF0039; REF0041; REF0046; REF0049; REF0052
R0446,C85,240 Ma,S,GG0038,Zhuguangshan,REF0041,REF0041,GG0038,Zhuguangshan,Guangdong,,Composite or parent geological unit,Related subunits are consolidated under the named Zhuguangshan parent unit so genetically and spatially related samples remain in one validation group.,Medium,222,REF0012; REF0016; REF0019; REF0020; REF0029; REF0034; REF0039; REF0041; REF0046; REF0049; REF0052,RCB0030,REF0012; REF0016; REF0019; REF0020; REF0029; REF0034; REF0039; REF0041; REF0046; REF0049; REF0052
R0447,C90,240 Ma,S,GG0038,Zhuguangshan,REF0041,REF0041,GG0038,Zhuguangshan,Guangdong,,Composite or parent geological unit,Related subunits are consolidated under the named Zhuguangshan parent unit so genetically and spatially related samples remain in one validation group.,Medium,222,REF0012; REF0016; REF0019; REF0020; REF0029; REF0034; REF0039; REF0041; REF0046; REF0049; REF0052,RCB0030,REF0012; REF0016; REF0019; REF0020; REF0029; REF0034; REF0039; REF0041; REF0046; REF0049; REF0052
R0448,C62-1,240 Ma,S,GG0038,Zhuguangshan,REF0041,REF0041,GG0038,Zhuguangshan,Guangdong,,Composite or parent geological unit,Related subunits are consolidated under the named Zhuguangshan parent unit so genetically and spatially related samples remain in one validation group.,Medium,222,REF0012; REF0016; REF0019; REF0020; REF0029; REF0034; REF0039; REF0041; REF0046; REF0049; REF0052,RCB0030,REF0012; REF0016; REF0019; REF0020; REF0029; REF0034; REF0039; REF0041; REF0046; REF0049; REF0052
R0449,C67,240 Ma,S,GG0038,Zhuguangshan,REF0041,REF0041,GG0038,Zhuguangshan,Guangdong,,Composite or parent geological unit,Related subunits are consolidated under the named Zhuguangshan parent unit so genetically and spatially related samples remain in one validation group.,Medium,222,REF0012; REF0016; REF0019; REF0020; REF0029; REF0034; REF0039; REF0041; REF0046; REF0049; REF0052,RCB0030,REF0012; REF0016; REF0019; REF0020; REF0029; REF0034; REF0039; REF0041; REF0046; REF0049; REF0052
R0450,C75,240 Ma,S,GG0038,Zhuguangshan,REF0041,REF0041,GG0038,Zhuguangshan,Guangdong,,Composite or parent geological unit,Related subunits are consolidated under the named Zhuguangshan parent unit so genetically and spatially related samples remain in one validation group.,Medium,222,REF0012; REF0016; REF0019; REF0020; REF0029; REF0034; REF0039; REF0041; REF0046; REF0049; REF0052,RCB0030,REF0012; REF0016; REF0019; REF0020; REF0029; REF0034; REF0039; REF0041; REF0046; REF0049; REF0052
R0451,C76,240 Ma,S,GG0038,Zhuguangshan,REF0041,REF0041,GG0038,Zhuguangshan,Guangdong,,Composite or parent geological unit,Related subunits are consolidated under the named Zhuguangshan parent unit so genetically and spatially related samples remain in one validation group.,Medium,222,REF0012; REF0016; REF0019; REF0020; REF0029; REF0034; REF0039; REF0041; REF0046; REF0049; REF0052,RCB0030,REF0012; REF0016; REF0019; REF0020; REF0029; REF0034; REF0039; REF0041; REF0046; REF0049; REF0052
R0452,C93-1,240 Ma,S,GG0038,Zhuguangshan,REF0041,REF0041,GG0038,Zhuguangshan,Guangdong,,Composite or parent geological unit,Related subunits are consolidated under the named Zhuguangshan parent unit so genetically and spatially related samples remain in one validation group.,Medium,222,REF0012; REF0016; REF0019; REF0020; REF0029; REF0034; REF0039; REF0041; REF0046; REF0049; REF0052,RCB0030,REF0012; REF0016; REF0019; REF0020; REF0029; REF0034; REF0039; REF0041; REF0046; REF0049; REF0052
R0453,C95,240 Ma,S,GG0038,Zhuguangshan,REF0041,REF0041,GG0038,Zhuguangshan,Guangdong,,Composite or parent geological unit,Related subunits are consolidated under the named Zhuguangshan parent unit so genetically and spatially related samples remain in one validation group.,Medium,222,REF0012; REF0016; REF0019; REF0020; REF0029; REF0034; REF0039; REF0041; REF0046; REF0049; REF0052,RCB0030,REF0012; REF0016; REF0019; REF0020; REF0029; REF0034; REF0039; REF0041; REF0046; REF0049; REF0052
R0454,C64,240 Ma,S,GG0038,Zhuguangshan,REF0041,REF0041,GG0038,Zhuguangshan,Guangdong,,Composite or parent geological unit,Related subunits are consolidated under the named Zhuguangshan parent unit so genetically and spatially related samples remain in one validation group.,Medium,222,REF0012; REF0016; REF0019; REF0020; REF0029; REF0034; REF0039; REF0041; REF0046; REF0049; REF0052,RCB0030,REF0012; REF0016; REF0019; REF0020; REF0029; REF0034; REF0039; REF0041; REF0046; REF0049; REF0052
R0455,C68,240 Ma,S,GG0038,Zhuguangshan,REF0041,REF0041,GG0038,Zhuguangshan,Guangdong,,Composite or parent geological unit,Related subunits are consolidated under the named Zhuguangshan parent unit so genetically and spatially related samples remain in one validation group.,Medium,222,REF0012; REF0016; REF0019; REF0020; REF0029; REF0034; REF0039; REF0041; REF0046; REF0049; REF0052,RCB0030,REF0012; REF0016; REF0019; REF0020; REF0029; REF0034; REF0039; REF0041; REF0046; REF0049; REF0052
R0456,C69,240 Ma,S,GG0038,Zhuguangshan,REF0041,REF0041,GG0038,Zhuguangshan,Guangdong,,Composite or parent geological unit,Related subunits are consolidated under the named Zhuguangshan parent unit so genetically and spatially related samples remain in one validation group.,Medium,222,REF0012; REF0016; REF0019; REF0020; REF0029; REF0034; REF0039; REF0041; REF0046; REF0049; REF0052,RCB0030,REF0012; REF0016; REF0019; REF0020; REF0029; REF0034; REF0039; REF0041; REF0046; REF0049; REF0052
R0457,JCP1,120–140 Ma,S,GG0021,Miao'ershan,REF0042,REF0042,GG0021,Miao'ershan,Hunan; Guangxi,,Composite or parent geological unit,Related subunits are consolidated under the named Miao'ershan parent unit so genetically and spatially related samples remain in one validation group.,Medium,140,REF0003; REF0004; REF0008; REF0036; REF0042; REF0043; REF0057; REF0058; REF0059; REF0206; REF0208; REF0209,RCB0010,REF0003; REF0004; REF0008; REF0036; REF0042; REF0043; REF0057; REF0058; REF0059; REF0206; REF0208; REF0209
R0458,BT07-3,120–140 Ma,S,GG0021,Miao'ershan,REF0042,REF0042,GG0021,Miao'ershan,Hunan; Guangxi,,Composite or parent geological unit,Related subunits are consolidated under the named Miao'ershan parent unit so genetically and spatially related samples remain in one validation group.,Medium,140,REF0003; REF0004; REF0008; REF0036; REF0042; REF0043; REF0057; REF0058; REF0059; REF0206; REF0208; REF0209,RCB0010,REF0003; REF0004; REF0008; REF0036; REF0042; REF0043; REF0057; REF0058; REF0059; REF0206; REF0208; REF0209
R0459,BT07-4,120–140 Ma,S,GG0021,Miao'ershan,REF0042,REF0042,GG0021,Miao'ershan,Hunan; Guangxi,,Composite or parent geological unit,Related subunits are consolidated under the named Miao'ershan parent unit so genetically and spatially related samples remain in one validation group.,Medium,140,REF0003; REF0004; REF0008; REF0036; REF0042; REF0043; REF0057; REF0058; REF0059; REF0206; REF0208; REF0209,RCB0010,REF0003; REF0004; REF0008; REF0036; REF0042; REF0043; REF0057; REF0058; REF0059; REF0206; REF0208; REF0209
R0460,BT07-5,120–140 Ma,S,GG0021,Miao'ershan,REF0042,REF0042,GG0021,Miao'ershan,Hunan; Guangxi,,Composite or parent geological unit,Related subunits are consolidated under the named Miao'ershan parent unit so genetically and spatially related samples remain in one validation group.,Medium,140,REF0003; REF0004; REF0008; REF0036; REF0042; REF0043; REF0057; REF0058; REF0059; REF0206; REF0208; REF0209,RCB0010,REF0003; REF0004; REF0008; REF0036; REF0042; REF0043; REF0057; REF0058; REF0059; REF0206; REF0208; REF0209
R0461,BT07-6,120–140 Ma,S,GG0021,Miao'ershan,REF0042,REF0042,GG0021,Miao'ershan,Hunan; Guangxi,,Composite or parent geological unit,Related subunits are consolidated under the named Miao'ershan parent unit so genetically and spatially related samples remain in one validation group.,Medium,140,REF0003; REF0004; REF0008; REF0036; REF0042; REF0043; REF0057; REF0058; REF0059; REF0206; REF0208; REF0209,RCB0010,REF0003; REF0004; REF0008; REF0036; REF0042; REF0043; REF0057; REF0058; REF0059; REF0206; REF0208; REF0209
R0462,BT07-7,120–140 Ma,S,GG0021,Miao'ershan,REF0042,REF0042,GG0021,Miao'ershan,Hunan; Guangxi,,Composite or parent geological unit,Related subunits are consolidated under the named Miao'ershan parent unit so genetically and spatially related samples remain in one validation group.,Medium,140,REF0003; REF0004; REF0008; REF0036; REF0042; REF0043; REF0057; REF0058; REF0059; REF0206; REF0208; REF0209,RCB0010,REF0003; REF0004; REF0008; REF0036; REF0042; REF0043; REF0057; REF0058; REF0059; REF0206; REF0208; REF0209
R0463,JD218-3,120–140 Ma,S,GG0021,Miao'ershan,REF0042,REF0042,GG0021,Miao'ershan,Hunan; Guangxi,,Composite or parent geological unit,Related subunits are consolidated under the named Miao'ershan parent unit so genetically and spatially related samples remain in one validation group.,Medium,140,REF0003; REF0004; REF0008; REF0036; REF0042; REF0043; REF0057; REF0058; REF0059; REF0206; REF0208; REF0209,RCB0010,REF0003; REF0004; REF0008; REF0036; REF0042; REF0043; REF0057; REF0058; REF0059; REF0206; REF0208; REF0209
R0464,JCP3,120–140 Ma,S,GG0021,Miao'ershan,REF0042,REF0042,GG0021,Miao'ershan,Hunan; Guangxi,,Composite or parent geological unit,Related subunits are consolidated under the named Miao'ershan parent unit so genetically and spatially related samples remain in one validation group.,Medium,140,REF0003; REF0004; REF0008; REF0036; REF0042; REF0043; REF0057; REF0058; REF0059; REF0206; REF0208; REF0209,RCB0010,REF0003; REF0004; REF0008; REF0036; REF0042; REF0043; REF0057; REF0058; REF0059; REF0206; REF0208; REF0209
R0465,JCP6,120–140 Ma,S,GG0021,Miao'ershan,REF0042,REF0042,GG0021,Miao'ershan,Hunan; Guangxi,,Composite or parent geological unit,Related subunits are consolidated under the named Miao'ershan parent unit so genetically and spatially related samples remain in one validation group.,Medium,140,REF0003; REF0004; REF0008; REF0036; REF0042; REF0043; REF0057; REF0058; REF0059; REF0206; REF0208; REF0209,RCB0010,REF0003; REF0004; REF0008; REF0036; REF0042; REF0043; REF0057; REF0058; REF0059; REF0206; REF0208; REF0209
R0466,JCP7,120–140 Ma,S,GG0021,Miao'ershan,REF0042,REF0042,GG0021,Miao'ershan,Hunan; Guangxi,,Composite or parent geological unit,Related subunits are consolidated under the named Miao'ershan parent unit so genetically and spatially related samples remain in one validation group.,Medium,140,REF0003; REF0004; REF0008; REF0036; REF0042; REF0043; REF0057; REF0058; REF0059; REF0206; REF0208; REF0209,RCB0010,REF0003; REF0004; REF0008; REF0036; REF0042; REF0043; REF0057; REF0058; REF0059; REF0206; REF0208; REF0209
R0467,ZK16-14,120–140 Ma,S,GG0021,Miao'ershan,REF0042,REF0042,GG0021,Miao'ershan,Hunan; Guangxi,,Composite or parent geological unit,Related subunits are consolidated under the named Miao'ershan parent unit so genetically and spatially related samples remain in one validation group.,Medium,140,REF0003; REF0004; REF0008; REF0036; REF0042; REF0043; REF0057; REF0058; REF0059; REF0206; REF0208; REF0209,RCB0010,REF0003; REF0004; REF0008; REF0036; REF0042; REF0043; REF0057; REF0058; REF0059; REF0206; REF0208; REF0209
R0468,ZK31-13,120–140 Ma,S,GG0021,Miao'ershan,REF0042,REF0042,GG0021,Miao'ershan,Hunan; Guangxi,,Composite or parent geological unit,Related subunits are consolidated under the named Miao'ershan parent unit so genetically and spatially related samples remain in one validation group.,Medium,140,REF0003; REF0004; REF0008; REF0036; REF0042; REF0043; REF0057; REF0058; REF0059; REF0206; REF0208; REF0209,RCB0010,REF0003; REF0004; REF0008; REF0036; REF0042; REF0043; REF0057; REF0058; REF0059; REF0206; REF0208; REF0209
R0469,ZK86-11,120–140 Ma,S,GG0021,Miao'ershan,REF0042,REF0042,GG0021,Miao'ershan,Hunan; Guangxi,,Composite or parent geological unit,Related subunits are consolidated under the named Miao'ershan parent unit so genetically and spatially related samples remain in one validation group.,Medium,140,REF0003; REF0004; REF0008; REF0036; REF0042; REF0043; REF0057; REF0058; REF0059; REF0206; REF0208; REF0209,RCB0010,REF0003; REF0004; REF0008; REF0036; REF0042; REF0043; REF0057; REF0058; REF0059; REF0206; REF0208; REF0209
R0470,ZK15-51,120–140 Ma,S,GG0021,Miao'ershan,REF0042,REF0042,GG0021,Miao'ershan,Hunan; Guangxi,,Composite or parent geological unit,Related subunits are consolidated under the named Miao'ershan parent unit so genetically and spatially related samples remain in one validation group.,Medium,140,REF0003; REF0004; REF0008; REF0036; REF0042; REF0043; REF0057; REF0058; REF0059; REF0206; REF0208; REF0209,RCB0010,REF0003; REF0004; REF0008; REF0036; REF0042; REF0043; REF0057; REF0058; REF0059; REF0206; REF0208; REF0209
R0471,ZK15-52,120–140 Ma,S,GG0021,Miao'ershan,REF0042,REF0042,GG0021,Miao'ershan,Hunan; Guangxi,,Composite or parent geological unit,Related subunits are consolidated under the named Miao'ershan parent unit so genetically and spatially related samples remain in one validation group.,Medium,140,REF0003; REF0004; REF0008; REF0036; REF0042; REF0043; REF0057; REF0058; REF0059; REF0206; REF0208; REF0209,RCB0010,REF0003; REF0004; REF0008; REF0036; REF0042; REF0043; REF0057; REF0058; REF0059; REF0206; REF0208; REF0209
R0472,ZK31-31,120–140 Ma,S,GG0021,Miao'ershan,REF0042,REF0042,GG0021,Miao'ershan,Hunan; Guangxi,,Composite or parent geological unit,Related subunits are consolidated under the named Miao'ershan parent unit so genetically and spatially related samples remain in one validation group.,Medium,140,REF0003; REF0004; REF0008; REF0036; REF0042; REF0043; REF0057; REF0058; REF0059; REF0206; REF0208; REF0209,RCB0010,REF0003; REF0004; REF0008; REF0036; REF0042; REF0043; REF0057; REF0058; REF0059; REF0206; REF0208; REF0209
R0473,D511-1,120–140 Ma,S,GG0021,Miao'ershan,REF0042,REF0042,GG0021,Miao'ershan,Hunan; Guangxi,,Composite or parent geological unit,Related subunits are consolidated under the named Miao'ershan parent unit so genetically and spatially related samples remain in one validation group.,Medium,140,REF0003; REF0004; REF0008; REF0036; REF0042; REF0043; REF0057; REF0058; REF0059; REF0206; REF0208; REF0209,RCB0010,REF0003; REF0004; REF0008; REF0036; REF0042; REF0043; REF0057; REF0058; REF0059; REF0206; REF0208; REF0209
R0474,D813-1,120–140 Ma,S,GG0021,Miao'ershan,REF0042,REF0042,GG0021,Miao'ershan,Hunan; Guangxi,,Composite or parent geological unit,Related subunits are consolidated under the named Miao'ershan parent unit so genetically and spatially related samples remain in one validation group.,Medium,140,REF0003; REF0004; REF0008; REF0036; REF0042; REF0043; REF0057; REF0058; REF0059; REF0206; REF0208; REF0209,RCB0010,REF0003; REF0004; REF0008; REF0036; REF0042; REF0043; REF0057; REF0058; REF0059; REF0206; REF0208; REF0209
R0475,DS14-1,120–140 Ma,S,GG0021,Miao'ershan,REF0042,REF0042,GG0021,Miao'ershan,Hunan; Guangxi,,Composite or parent geological unit,Related subunits are consolidated under the named Miao'ershan parent unit so genetically and spatially related samples remain in one validation group.,Medium,140,REF0003; REF0004; REF0008; REF0036; REF0042; REF0043; REF0057; REF0058; REF0059; REF0206; REF0208; REF0209,RCB0010,REF0003; REF0004; REF0008; REF0036; REF0042; REF0043; REF0057; REF0058; REF0059; REF0206; REF0208; REF0209
R0476,DIZIs-1,120–140 Ma,S,GG0021,Miao'ershan,REF0042,REF0042,GG0021,Miao'ershan,Hunan; Guangxi,,Composite or parent geological unit,Related subunits are consolidated under the named Miao'ershan parent unit so genetically and spatially related samples remain in one validation group.,Medium,140,REF0003; REF0004; REF0008; REF0036; REF0042; REF0043; REF0057; REF0058; REF0059; REF0206; REF0208; REF0209,RCB0010,REF0003; REF0004; REF0008; REF0036; REF0042; REF0043; REF0057; REF0058; REF0059; REF0206; REF0208; REF0209
R0477,DW4-1,120–140 Ma,S,GG0021,Miao'ershan,REF0042,REF0042,GG0021,Miao'ershan,Hunan; Guangxi,,Composite or parent geological unit,Related subunits are consolidated under the named Miao'ershan parent unit so genetically and spatially related samples remain in one validation group.,Medium,140,REF0003; REF0004; REF0008; REF0036; REF0042; REF0043; REF0057; REF0058; REF0059; REF0206; REF0208; REF0209,RCB0010,REF0003; REF0004; REF0008; REF0036; REF0042; REF0043; REF0057; REF0058; REF0059; REF0206; REF0208; REF0209
R0478,06MES-10A,204–215 Ma,S,GG0021,Miao'ershan,REF0043,REF0043,GG0021,Miao'ershan,Hunan; Guangxi,,Composite or parent geological unit,Related subunits are consolidated under the named Miao'ershan parent unit so genetically and spatially related samples remain in one validation group.,Medium,140,REF0003; REF0004; REF0008; REF0036; REF0042; REF0043; REF0057; REF0058; REF0059; REF0206; REF0208; REF0209,RCB0010,REF0003; REF0004; REF0008; REF0036; REF0042; REF0043; REF0057; REF0058; REF0059; REF0206; REF0208; REF0209
R0479,06MES-10B,204–215 Ma,S,GG0021,Miao'ershan,REF0043,REF0043,GG0021,Miao'ershan,Hunan; Guangxi,,Composite or parent geological unit,Related subunits are consolidated under the named Miao'ershan parent unit so genetically and spatially related samples remain in one validation group.,Medium,140,REF0003; REF0004; REF0008; REF0036; REF0042; REF0043; REF0057; REF0058; REF0059; REF0206; REF0208; REF0209,RCB0010,REF0003; REF0004; REF0008; REF0036; REF0042; REF0043; REF0057; REF0058; REF0059; REF0206; REF0208; REF0209
R0480,06MES-11A,204–215 Ma,S,GG0021,Miao'ershan,REF0043,REF0043,GG0021,Miao'ershan,Hunan; Guangxi,,Composite or parent geological unit,Related subunits are consolidated under the named Miao'ershan parent unit so genetically and spatially related samples remain in one validation group.,Medium,140,REF0003; REF0004; REF0008; REF0036; REF0042; REF0043; REF0057; REF0058; REF0059; REF0206; REF0208; REF0209,RCB0010,REF0003; REF0004; REF0008; REF0036; REF0042; REF0043; REF0057; REF0058; REF0059; REF0206; REF0208; REF0209
R0481,06MES-13A,204–215 Ma,S,GG0021,Miao'ershan,REF0043,REF0043,GG0021,Miao'ershan,Hunan; Guangxi,,Composite or parent geological unit,Related subunits are consolidated under the named Miao'ershan parent unit so genetically and spatially related samples remain in one validation group.,Medium,140,REF0003; REF0004; REF0008; REF0036; REF0042; REF0043; REF0057; REF0058; REF0059; REF0206; REF0208; REF0209,RCB0010,REF0003; REF0004; REF0008; REF0036; REF0042; REF0043; REF0057; REF0058; REF0059; REF0206; REF0208; REF0209
R0482,06MES-13B,204–215 Ma,S,GG0021,Miao'ershan,REF0043,REF0043,GG0021,Miao'ershan,Hunan; Guangxi,,Composite or parent geological unit,Related subunits are consolidated under the named Miao'ershan parent unit so genetically and spatially related samples remain in one validation group.,Medium,140,REF0003; REF0004; REF0008; REF0036; REF0042; REF0043; REF0057; REF0058; REF0059; REF0206; REF0208; REF0209,RCB0010,REF0003; REF0004; REF0008; REF0036; REF0042; REF0043; REF0057; REF0058; REF0059; REF0206; REF0208; REF0209
R0483,06MES-14A,204–215 Ma,S,GG0021,Miao'ershan,REF0043,REF0043,GG0021,Miao'ershan,Hunan; Guangxi,,Composite or parent geological unit,Related subunits are consolidated under the named Miao'ershan parent unit so genetically and spatially related samples remain in one validation group.,Medium,140,REF0003; REF0004; REF0008; REF0036; REF0042; REF0043; REF0057; REF0058; REF0059; REF0206; REF0208; REF0209,RCB0010,REF0003; REF0004; REF0008; REF0036; REF0042; REF0043; REF0057; REF0058; REF0059; REF0206; REF0208; REF0209
R0484,06MES-14B,204–215 Ma,S,GG0021,Miao'ershan,REF0043,REF0043,GG0021,Miao'ershan,Hunan; Guangxi,,Composite or parent geological unit,Related subunits are consolidated under the named Miao'ershan parent unit so genetically and spatially related samples remain in one validation group.,Medium,140,REF0003; REF0004; REF0008; REF0036; REF0042; REF0043; REF0057; REF0058; REF0059; REF0206; REF0208; REF0209,RCB0010,REF0003; REF0004; REF0008; REF0036; REF0042; REF0043; REF0057; REF0058; REF0059; REF0206; REF0208; REF0209
R0485,06MES-14C,204–215 Ma,S,GG0021,Miao'ershan,REF0043,REF0043,GG0021,Miao'ershan,Hunan; Guangxi,,Composite or parent geological unit,Related subunits are consolidated under the named Miao'ershan parent unit so genetically and spatially related samples remain in one validation group.,Medium,140,REF0003; REF0004; REF0008; REF0036; REF0042; REF0043; REF0057; REF0058; REF0059; REF0206; REF0208; REF0209,RCB0010,REF0003; REF0004; REF0008; REF0036; REF0042; REF0043; REF0057; REF0058; REF0059; REF0206; REF0208; REF0209
R0486,06DZS-01A,204–215 Ma,S,GG0021,Miao'ershan,REF0043,REF0043,GG0021,Miao'ershan,Hunan; Guangxi,,Composite or parent geological unit,Related subunits are consolidated under the named Miao'ershan parent unit so genetically and spatially related samples remain in one validation group.,Medium,140,REF0003; REF0004; REF0008; REF0036; REF0042; REF0043; REF0057; REF0058; REF0059; REF0206; REF0208; REF0209,RCB0010,REF0003; REF0004; REF0008; REF0036; REF0042; REF0043; REF0057; REF0058; REF0059; REF0206; REF0208; REF0209
R0487,06DZS-01B,204–215 Ma,S,GG0021,Miao'ershan,REF0043,REF0043,GG0021,Miao'ershan,Hunan; Guangxi,,Composite or parent geological unit,Related subunits are consolidated under the named Miao'ershan parent unit so genetically and spatially related samples remain in one validation group.,Medium,140,REF0003; REF0004; REF0008; REF0036; REF0042; REF0043; REF0057; REF0058; REF0059; REF0206; REF0208; REF0209,RCB0010,REF0003; REF0004; REF0008; REF0036; REF0042; REF0043; REF0057; REF0058; REF0059; REF0206; REF0208; REF0209
R0488,SZJ-43a,204–215 Ma,S,GG0021,Miao'ershan,REF0043,REF0043,GG0021,Miao'ershan,Hunan; Guangxi,,Composite or parent geological unit,Related subunits are consolidated under the named Miao'ershan parent unit so genetically and spatially related samples remain in one validation group.,Medium,140,REF0003; REF0004; REF0008; REF0036; REF0042; REF0043; REF0057; REF0058; REF0059; REF0206; REF0208; REF0209,RCB0010,REF0003; REF0004; REF0008; REF0036; REF0042; REF0043; REF0057; REF0058; REF0059; REF0206; REF0208; REF0209
R0489,06SZJ-03,204–215 Ma,S,GG0021,Miao'ershan,REF0043,REF0043,GG0021,Miao'ershan,Hunan; Guangxi,,Composite or parent geological unit,Related subunits are consolidated under the named Miao'ershan parent unit so genetically and spatially related samples remain in one validation group.,Medium,140,REF0003; REF0004; REF0008; REF0036; REF0042; REF0043; REF0057; REF0058; REF0059; REF0206; REF0208; REF0209,RCB0010,REF0003; REF0004; REF0008; REF0036; REF0042; REF0043; REF0057; REF0058; REF0059; REF0206; REF0208; REF0209
R0490,06SHJ-12,204–215 Ma,S,GG0021,Miao'ershan,REF0043,REF0043,GG0021,Miao'ershan,Hunan; Guangxi,,Composite or parent geological unit,Related subunits are consolidated under the named Miao'ershan parent unit so genetically and spatially related samples remain in one validation group.,Medium,140,REF0003; REF0004; REF0008; REF0036; REF0042; REF0043; REF0057; REF0058; REF0059; REF0206; REF0208; REF0209,RCB0010,REF0003; REF0004; REF0008; REF0036; REF0042; REF0043; REF0057; REF0058; REF0059; REF0206; REF0208; REF0209
R0491,06DZS-06H,204–215 Ma,S,GG0021,Miao'ershan,REF0043,REF0043,GG0021,Miao'ershan,Hunan; Guangxi,,Composite or parent geological unit,Related subunits are consolidated under the named Miao'ershan parent unit so genetically and spatially related samples remain in one validation group.,Medium,140,REF0003; REF0004; REF0008; REF0036; REF0042; REF0043; REF0057; REF0058; REF0059; REF0206; REF0208; REF0209,RCB0010,REF0003; REF0004; REF0008; REF0036; REF0042; REF0043; REF0057; REF0058; REF0059; REF0206; REF0208; REF0209
R0492,06DZS-08C*,204–215 Ma,S,GG0021,Miao'ershan,REF0043,REF0043,GG0021,Miao'ershan,Hunan; Guangxi,,Composite or parent geological unit,Related subunits are consolidated under the named Miao'ershan parent unit so genetically and spatially related samples remain in one validation group.,Medium,140,REF0003; REF0004; REF0008; REF0036; REF0042; REF0043; REF0057; REF0058; REF0059; REF0206; REF0208; REF0209,RCB0010,REF0003; REF0004; REF0008; REF0036; REF0042; REF0043; REF0057; REF0058; REF0059; REF0206; REF0208; REF0209
R0493,06DZS-09A*,204–215 Ma,S,GG0021,Miao'ershan,REF0043,REF0043,GG0021,Miao'ershan,Hunan; Guangxi,,Composite or parent geological unit,Related subunits are consolidated under the named Miao'ershan parent unit so genetically and spatially related samples remain in one validation group.,Medium,140,REF0003; REF0004; REF0008; REF0036; REF0042; REF0043; REF0057; REF0058; REF0059; REF0206; REF0208; REF0209,RCB0010,REF0003; REF0004; REF0008; REF0036; REF0042; REF0043; REF0057; REF0058; REF0059; REF0206; REF0208; REF0209
R0494,06DZS-09B*,204–215 Ma,S,GG0021,Miao'ershan,REF0043,REF0043,GG0021,Miao'ershan,Hunan; Guangxi,,Composite or parent geological unit,Related subunits are consolidated under the named Miao'ershan parent unit so genetically and spatially related samples remain in one validation group.,Medium,140,REF0003; REF0004; REF0008; REF0036; REF0042; REF0043; REF0057; REF0058; REF0059; REF0206; REF0208; REF0209,RCB0010,REF0003; REF0004; REF0008; REF0036; REF0042; REF0043; REF0057; REF0058; REF0059; REF0206; REF0208; REF0209
R0495,06SZJ-04*,204–215 Ma,S,GG0021,Miao'ershan,REF0043,REF0043,GG0021,Miao'ershan,Hunan; Guangxi,,Composite or parent geological unit,Related subunits are consolidated under the named Miao'ershan parent unit so genetically and spatially related samples remain in one validation group.,Medium,140,REF0003; REF0004; REF0008; REF0036; REF0042; REF0043; REF0057; REF0058; REF0059; REF0206; REF0208; REF0209,RCB0010,REF0003; REF0004; REF0008; REF0036; REF0042; REF0043; REF0057; REF0058; REF0059; REF0206; REF0208; REF0209
R0496,06SZJ-05*,204–215 Ma,S,GG0021,Miao'ershan,REF0043,REF0043,GG0021,Miao'ershan,Hunan; Guangxi,,Composite or parent geological unit,Related subunits are consolidated under the named Miao'ershan parent unit so genetically and spatially related samples remain in one validation group.,Medium,140,REF0003; REF0004; REF0008; REF0036; REF0042; REF0043; REF0057; REF0058; REF0059; REF0206; REF0208; REF0209,RCB0010,REF0003; REF0004; REF0008; REF0036; REF0042; REF0043; REF0057; REF0058; REF0059; REF0206; REF0208; REF0209
R0507,06DZ5-08C,228 ± 11 Ma,S,GG0010,Douzhashan,REF0045,REF0045,GG0010,Douzhashan,Guangxi,,Named pluton or intrusive unit,The linked references explicitly identify the Douzhashan; all associated records are assigned to that named geological unit.,High,15,REF0045; REF0209,RCB0010,REF0045; REF0209
R0508,06DZ5-09A,228 ± 11 Ma,S,GG0010,Douzhashan,REF0045,REF0045,GG0010,Douzhashan,Guangxi,,Named pluton or intrusive unit,The linked references explicitly identify the Douzhashan; all associated records are assigned to that named geological unit.,High,15,REF0045; REF0209,RCB0010,REF0045; REF0209
R0509,06DZ5-09B,228 ± 11 Ma,S,GG0010,Douzhashan,REF0045,REF0045,GG0010,Douzhashan,Guangxi,,Named pluton or intrusive unit,The linked references explicitly identify the Douzhashan; all associated records are assigned to that named geological unit.,High,15,REF0045; REF0209,RCB0010,REF0045; REF0209
R0510,06DZ5-10B,228 ± 11 Ma,S,GG0010,Douzhashan,REF0045,REF0045,GG0010,Douzhashan,Guangxi,,Named pluton or intrusive unit,The linked references explicitly identify the Douzhashan; all associated records are assigned to that named geological unit.,High,15,REF0045; REF0209,RCB0010,REF0045; REF0209
R0511,5ZJ-01,228 ± 11 Ma,S,GG0010,Douzhashan,REF0045,REF0045,GG0010,Douzhashan,Guangxi,,Named pluton or intrusive unit,The linked references explicitly identify the Douzhashan; all associated records are assigned to that named geological unit.,High,15,REF0045; REF0209,RCB0010,REF0045; REF0209
R0512,5ZJ-07,228 ± 11 Ma,S,GG0010,Douzhashan,REF0045,REF0045,GG0010,Douzhashan,Guangxi,,Named pluton or intrusive unit,The linked references explicitly identify the Douzhashan; all associated records are assigned to that named geological unit.,High,15,REF0045; REF0209,RCB0010,REF0045; REF0209
R0513,5ZJ-08,228 ± 11 Ma,S,GG0010,Douzhashan,REF0045,REF0045,GG0010,Douzhashan,Guangxi,,Named pluton or intrusive unit,The linked references explicitly identify the Douzhashan; all associated records are assigned to that named geological unit.,High,15,REF0045; REF0209,RCB0010,REF0045; REF0209
R0514,5ZJ-21,228 ± 11 Ma,S,GG0010,Douzhashan,REF0045,REF0045,GG0010,Douzhashan,Guangxi,,Named pluton or intrusive unit,The linked references explicitly identify the Douzhashan; all associated records are assigned to that named geological unit.,High,15,REF0045; REF0209,RCB0010,REF0045; REF0209
R0515,5ZJ-35,228 ± 11 Ma,S,GG0010,Douzhashan,REF0045,REF0045,GG0010,Douzhashan,Guangxi,,Named pluton or intrusive unit,The linked references explicitly identify the Douzhashan; all associated records are assigned to that named geological unit.,High,15,REF0045; REF0209,RCB0010,REF0045; REF0209
R0516,065ZJ-04,228 ± 11 Ma,S,GG0010,Douzhashan,REF0045,REF0045,GG0010,Douzhashan,Guangxi,,Named pluton or intrusive unit,The linked references explicitly identify the Douzhashan; all associated records are assigned to that named geological unit.,High,15,REF0045; REF0209,RCB0010,REF0045; REF0209
R0517,065ZJ-05,228 ± 11 Ma,S,GG0010,Douzhashan,REF0045,REF0045,GG0010,Douzhashan,Guangxi,,Named pluton or intrusive unit,The linked references explicitly identify the Douzhashan; all associated records are assigned to that named geological unit.,High,15,REF0045; REF0209,RCB0010,REF0045; REF0209
R0518,8041,238.8 ± 2.2 Ma; 229.8 ± 2.2 Ma; 213.4 ± 3.0 Ma; 100.2 ± 1.0 Ma,S,GG0038,Zhuguangshan,REF0046,REF0046,GG0038,Zhuguangshan,Guangdong,,Composite or parent geological unit,Related subunits are consolidated under the named Zhuguangshan parent unit so genetically and spatially related samples remain in one validation group.,Medium,222,REF0012; REF0016; REF0019; REF0020; REF0029; REF0034; REF0039; REF0041; REF0046; REF0049; REF0052,RCB0030,REF0012; REF0016; REF0019; REF0020; REF0029; REF0034; REF0039; REF0041; REF0046; REF0049; REF0052
R0519,8042,238.8 ± 2.2 Ma; 229.8 ± 2.2 Ma; 213.4 ± 3.0 Ma; 100.2 ± 1.0 Ma,S,GG0038,Zhuguangshan,REF0046,REF0046,GG0038,Zhuguangshan,Guangdong,,Composite or parent geological unit,Related subunits are consolidated under the named Zhuguangshan parent unit so genetically and spatially related samples remain in one validation group.,Medium,222,REF0012; REF0016; REF0019; REF0020; REF0029; REF0034; REF0039; REF0041; REF0046; REF0049; REF0052,RCB0030,REF0012; REF0016; REF0019; REF0020; REF0029; REF0034; REF0039; REF0041; REF0046; REF0049; REF0052
R0520,8043,238.8 ± 2.2 Ma; 229.8 ± 2.2 Ma; 213.4 ± 3.0 Ma; 100.2 ± 1.0 Ma,S,GG0038,Zhuguangshan,REF0046,REF0046,GG0038,Zhuguangshan,Guangdong,,Composite or parent geological unit,Related subunits are consolidated under the named Zhuguangshan parent unit so genetically and spatially related samples remain in one validation group.,Medium,222,REF0012; REF0016; REF0019; REF0020; REF0029; REF0034; REF0039; REF0041; REF0046; REF0049; REF0052,RCB0030,REF0012; REF0016; REF0019; REF0020; REF0029; REF0034; REF0039; REF0041; REF0046; REF0049; REF0052
R0521,8045,238.8 ± 2.2 Ma; 229.8 ± 2.2 Ma; 213.4 ± 3.0 Ma; 100.2 ± 1.0 Ma,S,GG0038,Zhuguangshan,REF0046,REF0046,GG0038,Zhuguangshan,Guangdong,,Composite or parent geological unit,Related subunits are consolidated under the named Zhuguangshan parent unit so genetically and spatially related samples remain in one validation group.,Medium,222,REF0012; REF0016; REF0019; REF0020; REF0029; REF0034; REF0039; REF0041; REF0046; REF0049; REF0052,RCB0030,REF0012; REF0016; REF0019; REF0020; REF0029; REF0034; REF0039; REF0041; REF0046; REF0049; REF0052
R0522,8046,238.8 ± 2.2 Ma; 229.8 ± 2.2 Ma; 213.4 ± 3.0 Ma; 100.2 ± 1.0 Ma,S,GG0038,Zhuguangshan,REF0046,REF0046,GG0038,Zhuguangshan,Guangdong,,Composite or parent geological unit,Related subunits are consolidated under the named Zhuguangshan parent unit so genetically and spatially related samples remain in one validation group.,Medium,222,REF0012; REF0016; REF0019; REF0020; REF0029; REF0034; REF0039; REF0041; REF0046; REF0049; REF0052,RCB0030,REF0012; REF0016; REF0019; REF0020; REF0029; REF0034; REF0039; REF0041; REF0046; REF0049; REF0052
R0523,8047,238.8 ± 2.2 Ma; 229.8 ± 2.2 Ma; 213.4 ± 3.0 Ma; 100.2 ± 1.0 Ma,S,GG0038,Zhuguangshan,REF0046,REF0046,GG0038,Zhuguangshan,Guangdong,,Composite or parent geological unit,Related subunits are consolidated under the named Zhuguangshan parent unit so genetically and spatially related samples remain in one validation group.,Medium,222,REF0012; REF0016; REF0019; REF0020; REF0029; REF0034; REF0039; REF0041; REF0046; REF0049; REF0052,RCB0030,REF0012; REF0016; REF0019; REF0020; REF0029; REF0034; REF0039; REF0041; REF0046; REF0049; REF0052
R0524,8048,238.8 ± 2.2 Ma; 229.8 ± 2.2 Ma; 213.4 ± 3.0 Ma; 100.2 ± 1.0 Ma,S,GG0038,Zhuguangshan,REF0046,REF0046,GG0038,Zhuguangshan,Guangdong,,Composite or parent geological unit,Related subunits are consolidated under the named Zhuguangshan parent unit so genetically and spatially related samples remain in one validation group.,Medium,222,REF0012; REF0016; REF0019; REF0020; REF0029; REF0034; REF0039; REF0041; REF0046; REF0049; REF0052,RCB0030,REF0012; REF0016; REF0019; REF0020; REF0029; REF0034; REF0039; REF0041; REF0046; REF0049; REF0052
R0525,8049,238.8 ± 2.2 Ma; 229.8 ± 2.2 Ma; 213.4 ± 3.0 Ma; 100.2 ± 1.0 Ma,S,GG0038,Zhuguangshan,REF0046,REF0046,GG0038,Zhuguangshan,Guangdong,,Composite or parent geological unit,Related subunits are consolidated under the named Zhuguangshan parent unit so genetically and spatially related samples remain in one validation group.,Medium,222,REF0012; REF0016; REF0019; REF0020; REF0029; REF0034; REF0039; REF0041; REF0046; REF0049; REF0052,RCB0030,REF0012; REF0016; REF0019; REF0020; REF0029; REF0034; REF0039; REF0041; REF0046; REF0049; REF0052
R0526,8050,238.8 ± 2.2 Ma; 229.8 ± 2.2 Ma; 213.4 ± 3.0 Ma; 100.2 ± 1.0 Ma,S,GG0038,Zhuguangshan,REF0046,REF0046,GG0038,Zhuguangshan,Guangdong,,Composite or parent geological unit,Related subunits are consolidated under the named Zhuguangshan parent unit so genetically and spatially related samples remain in one validation group.,Medium,222,REF0012; REF0016; REF0019; REF0020; REF0029; REF0034; REF0039; REF0041; REF0046; REF0049; REF0052,RCB0030,REF0012; REF0016; REF0019; REF0020; REF0029; REF0034; REF0039; REF0041; REF0046; REF0049; REF0052
R0527,8051,238.8 ± 2.2 Ma; 229.8 ± 2.2 Ma; 213.4 ± 3.0 Ma; 100.2 ± 1.0 Ma,S,GG0038,Zhuguangshan,REF0046,REF0046,GG0038,Zhuguangshan,Guangdong,,Composite or parent geological unit,Related subunits are consolidated under the named Zhuguangshan parent unit so genetically and spatially related samples remain in one validation group.,Medium,222,REF0012; REF0016; REF0019; REF0020; REF0029; REF0034; REF0039; REF0041; REF0046; REF0049; REF0052,RCB0030,REF0012; REF0016; REF0019; REF0020; REF0029; REF0034; REF0039; REF0041; REF0046; REF0049; REF0052
R0528,8052,238.8 ± 2.2 Ma; 229.8 ± 2.2 Ma; 213.4 ± 3.0 Ma; 100.2 ± 1.0 Ma,S,GG0038,Zhuguangshan,REF0046,REF0046,GG0038,Zhuguangshan,Guangdong,,Composite or parent geological unit,Related subunits are consolidated under the named Zhuguangshan parent unit so genetically and spatially related samples remain in one validation group.,Medium,222,REF0012; REF0016; REF0019; REF0020; REF0029; REF0034; REF0039; REF0041; REF0046; REF0049; REF0052,RCB0030,REF0012; REF0016; REF0019; REF0020; REF0029; REF0034; REF0039; REF0041; REF0046; REF0049; REF0052
R0529,8034,238.8 ± 2.2 Ma; 229.8 ± 2.2 Ma; 213.4 ± 3.0 Ma; 100.2 ± 1.0 Ma,S,GG0038,Zhuguangshan,REF0046,REF0046,GG0038,Zhuguangshan,Guangdong,,Composite or parent geological unit,Related subunits are consolidated under the named Zhuguangshan parent unit so genetically and spatially related samples remain in one validation group.,Medium,222,REF0012; REF0016; REF0019; REF0020; REF0029; REF0034; REF0039; REF0041; REF0046; REF0049; REF0052,RCB0030,REF0012; REF0016; REF0019; REF0020; REF0029; REF0034; REF0039; REF0041; REF0046; REF0049; REF0052
R0530,8035,238.8 ± 2.2 Ma; 229.8 ± 2.2 Ma; 213.4 ± 3.0 Ma; 100.2 ± 1.0 Ma,S,GG0038,Zhuguangshan,REF0046,REF0046,GG0038,Zhuguangshan,Guangdong,,Composite or parent geological unit,Related subunits are consolidated under the named Zhuguangshan parent unit so genetically and spatially related samples remain in one validation group.,Medium,222,REF0012; REF0016; REF0019; REF0020; REF0029; REF0034; REF0039; REF0041; REF0046; REF0049; REF0052,RCB0030,REF0012; REF0016; REF0019; REF0020; REF0029; REF0034; REF0039; REF0041; REF0046; REF0049; REF0052
R0531,8036,238.8 ± 2.2 Ma; 229.8 ± 2.2 Ma; 213.4 ± 3.0 Ma; 100.2 ± 1.0 Ma,S,GG0038,Zhuguangshan,REF0046,REF0046,GG0038,Zhuguangshan,Guangdong,,Composite or parent geological unit,Related subunits are consolidated under the named Zhuguangshan parent unit so genetically and spatially related samples remain in one validation group.,Medium,222,REF0012; REF0016; REF0019; REF0020; REF0029; REF0034; REF0039; REF0041; REF0046; REF0049; REF0052,RCB0030,REF0012; REF0016; REF0019; REF0020; REF0029; REF0034; REF0039; REF0041; REF0046; REF0049; REF0052
R0532,8037,238.8 ± 2.2 Ma; 229.8 ± 2.2 Ma; 213.4 ± 3.0 Ma; 100.2 ± 1.0 Ma,S,GG0038,Zhuguangshan,REF0046,REF0046,GG0038,Zhuguangshan,Guangdong,,Composite or parent geological unit,Related subunits are consolidated under the named Zhuguangshan parent unit so genetically and spatially related samples remain in one validation group.,Medium,222,REF0012; REF0016; REF0019; REF0020; REF0029; REF0034; REF0039; REF0041; REF0046; REF0049; REF0052,RCB0030,REF0012; REF0016; REF0019; REF0020; REF0029; REF0034; REF0039; REF0041; REF0046; REF0049; REF0052
R0533,8038,238.8 ± 2.2 Ma; 229.8 ± 2.2 Ma; 213.4 ± 3.0 Ma; 100.2 ± 1.0 Ma,S,GG0038,Zhuguangshan,REF0046,REF0046,GG0038,Zhuguangshan,Guangdong,,Composite or parent geological unit,Related subunits are consolidated under the named Zhuguangshan parent unit so genetically and spatially related samples remain in one validation group.,Medium,222,REF0012; REF0016; REF0019; REF0020; REF0029; REF0034; REF0039; REF0041; REF0046; REF0049; REF0052,RCB0030,REF0012; REF0016; REF0019; REF0020; REF0029; REF0034; REF0039; REF0041; REF0046; REF0049; REF0052
R0534,8039,238.8 ± 2.2 Ma; 229.8 ± 2.2 Ma; 213.4 ± 3.0 Ma; 100.2 ± 1.0 Ma,S,GG0038,Zhuguangshan,REF0046,REF0046,GG0038,Zhuguangshan,Guangdong,,Composite or parent geological unit,Related subunits are consolidated under the named Zhuguangshan parent unit so genetically and spatially related samples remain in one validation group.,Medium,222,REF0012; REF0016; REF0019; REF0020; REF0029; REF0034; REF0039; REF0041; REF0046; REF0049; REF0052,RCB0030,REF0012; REF0016; REF0019; REF0020; REF0029; REF0034; REF0039; REF0041; REF0046; REF0049; REF0052
R0535,8040,238.8 ± 2.2 Ma; 229.8 ± 2.2 Ma; 213.4 ± 3.0 Ma; 100.2 ± 1.0 Ma,S,GG0038,Zhuguangshan,REF0046,REF0046,GG0038,Zhuguangshan,Guangdong,,Composite or parent geological unit,Related subunits are consolidated under the named Zhuguangshan parent unit so genetically and spatially related samples remain in one validation group.,Medium,222,REF0012; REF0016; REF0019; REF0020; REF0029; REF0034; REF0039; REF0041; REF0046; REF0049; REF0052,RCB0030,REF0012; REF0016; REF0019; REF0020; REF0029; REF0034; REF0039; REF0041; REF0046; REF0049; REF0052
R0536,08TS-2,154 ± 2 Ma,S,GG0028,Taoshan,REF0047,REF0047,GG0028,Taoshan,Jiangxi,,Named pluton or intrusive unit,The linked references explicitly identify the Taoshan; all associated records are assigned to that named geological unit.,High,5,REF0047,RCB0023,REF0047
R0537,08TS-8,154 ± 2 Ma,S,GG0028,Taoshan,REF0047,REF0047,GG0028,Taoshan,Jiangxi,,Named pluton or intrusive unit,The linked references explicitly identify the Taoshan; all associated records are assigned to that named geological unit.,High,5,REF0047,RCB0023,REF0047
R0538,08TS-20,154 ± 2 Ma,S,GG0028,Taoshan,REF0047,REF0047,GG0028,Taoshan,Jiangxi,,Named pluton or intrusive unit,The linked references explicitly identify the Taoshan; all associated records are assigned to that named geological unit.,High,5,REF0047,RCB0023,REF0047
R0539,08TS-21,154 ± 2 Ma,S,GG0028,Taoshan,REF0047,REF0047,GG0028,Taoshan,Jiangxi,,Named pluton or intrusive unit,The linked references explicitly identify the Taoshan; all associated records are assigned to that named geological unit.,High,5,REF0047,RCB0023,REF0047
R0540,08TS-22,154 ± 2 Ma,S,GG0028,Taoshan,REF0047,REF0047,GG0028,Taoshan,Jiangxi,,Named pluton or intrusive unit,The linked references explicitly identify the Taoshan; all associated records are assigned to that named geological unit.,High,5,REF0047,RCB0023,REF0047
R0541,XZ-02,234 Ma,S,GG0034,Xiazhuang,REF0048,REF0048,GG0034,Xiazhuang,Guangdong,,Composite or parent geological unit,Related subunits are consolidated under the named Xiazhuang parent unit so genetically and spatially related samples remain in one validation group.,Medium,75,REF0015; REF0037; REF0048; REF0065; REF0066; REF0068,RCB0027,REF0015; REF0037; REF0048; REF0065; REF0066; REF0068
R0542,XZ-03,234 Ma,S,GG0034,Xiazhuang,REF0048,REF0048,GG0034,Xiazhuang,Guangdong,,Composite or parent geological unit,Related subunits are consolidated under the named Xiazhuang parent unit so genetically and spatially related samples remain in one validation group.,Medium,75,REF0015; REF0037; REF0048; REF0065; REF0066; REF0068,RCB0027,REF0015; REF0037; REF0048; REF0065; REF0066; REF0068
R0543,XZ-04,234 Ma,S,GG0034,Xiazhuang,REF0048,REF0048,GG0034,Xiazhuang,Guangdong,,Composite or parent geological unit,Related subunits are consolidated under the named Xiazhuang parent unit so genetically and spatially related samples remain in one validation group.,Medium,75,REF0015; REF0037; REF0048; REF0065; REF0066; REF0068,RCB0027,REF0015; REF0037; REF0048; REF0065; REF0066; REF0068
R0544,XZ-05,234 Ma,S,GG0034,Xiazhuang,REF0048,REF0048,GG0034,Xiazhuang,Guangdong,,Composite or parent geological unit,Related subunits are consolidated under the named Xiazhuang parent unit so genetically and spatially related samples remain in one validation group.,Medium,75,REF0015; REF0037; REF0048; REF0065; REF0066; REF0068,RCB0027,REF0015; REF0037; REF0048; REF0065; REF0066; REF0068
R0545,XZ-07,234 Ma,S,GG0034,Xiazhuang,REF0048,REF0048,GG0034,Xiazhuang,Guangdong,,Composite or parent geological unit,Related subunits are consolidated under the named Xiazhuang parent unit so genetically and spatially related samples remain in one validation group.,Medium,75,REF0015; REF0037; REF0048; REF0065; REF0066; REF0068,RCB0027,REF0015; REF0037; REF0048; REF0065; REF0066; REF0068
R0546,XZ-11,234 Ma,S,GG0034,Xiazhuang,REF0048,REF0048,GG0034,Xiazhuang,Guangdong,,Composite or parent geological unit,Related subunits are consolidated under the named Xiazhuang parent unit so genetically and spatially related samples remain in one validation group.,Medium,75,REF0015; REF0037; REF0048; REF0065; REF0066; REF0068,RCB0027,REF0015; REF0037; REF0048; REF0065; REF0066; REF0068
R0547,XZ-12,234 Ma,S,GG0034,Xiazhuang,REF0048,REF0048,GG0034,Xiazhuang,Guangdong,,Composite or parent geological unit,Related subunits are consolidated under the named Xiazhuang parent unit so genetically and spatially related samples remain in one validation group.,Medium,75,REF0015; REF0037; REF0048; REF0065; REF0066; REF0068,RCB0027,REF0015; REF0037; REF0048; REF0065; REF0066; REF0068
R0548,XZ-14,234 Ma,S,GG0034,Xiazhuang,REF0048,REF0048,GG0034,Xiazhuang,Guangdong,,Composite or parent geological unit,Related subunits are consolidated under the named Xiazhuang parent unit so genetically and spatially related samples remain in one validation group.,Medium,75,REF0015; REF0037; REF0048; REF0065; REF0066; REF0068,RCB0027,REF0015; REF0037; REF0048; REF0065; REF0066; REF0068
R0549,XZ-16,234 Ma,S,GG0034,Xiazhuang,REF0048,REF0048,GG0034,Xiazhuang,Guangdong,,Composite or parent geological unit,Related subunits are consolidated under the named Xiazhuang parent unit so genetically and spatially related samples remain in one validation group.,Medium,75,REF0015; REF0037; REF0048; REF0065; REF0066; REF0068,RCB0027,REF0015; REF0037; REF0048; REF0065; REF0066; REF0068
R0550,XZ-15,234 Ma,S,GG0034,Xiazhuang,REF0048,REF0048,GG0034,Xiazhuang,Guangdong,,Composite or parent geological unit,Related subunits are consolidated under the named Xiazhuang parent unit so genetically and spatially related samples remain in one validation group.,Medium,75,REF0015; REF0037; REF0048; REF0065; REF0066; REF0068,RCB0027,REF0015; REF0037; REF0048; REF0065; REF0066; REF0068
R0551,XZ-17,234 Ma,S,GG0034,Xiazhuang,REF0048,REF0048,GG0034,Xiazhuang,Guangdong,,Composite or parent geological unit,Related subunits are consolidated under the named Xiazhuang parent unit so genetically and spatially related samples remain in one validation group.,Medium,75,REF0015; REF0037; REF0048; REF0065; REF0066; REF0068,RCB0027,REF0015; REF0037; REF0048; REF0065; REF0066; REF0068
R0552,XZ-18,234 Ma,S,GG0034,Xiazhuang,REF0048,REF0048,GG0034,Xiazhuang,Guangdong,,Composite or parent geological unit,Related subunits are consolidated under the named Xiazhuang parent unit so genetically and spatially related samples remain in one validation group.,Medium,75,REF0015; REF0037; REF0048; REF0065; REF0066; REF0068,RCB0027,REF0015; REF0037; REF0048; REF0065; REF0066; REF0068
R0553,H2-5,225–239 Ma,S,GG0038,Zhuguangshan,REF0049,REF0049,GG0038,Zhuguangshan,Guangdong,,Composite or parent geological unit,Related subunits are consolidated under the named Zhuguangshan parent unit so genetically and spatially related samples remain in one validation group.,Medium,222,REF0012; REF0016; REF0019; REF0020; REF0029; REF0034; REF0039; REF0041; REF0046; REF0049; REF0052,RCB0030,REF0012; REF0016; REF0019; REF0020; REF0029; REF0034; REF0039; REF0041; REF0046; REF0049; REF0052
R0554,ZN43,225–239 Ma,S,GG0038,Zhuguangshan,REF0049,REF0049,GG0038,Zhuguangshan,Guangdong,,Composite or parent geological unit,Related subunits are consolidated under the named Zhuguangshan parent unit so genetically and spatially related samples remain in one validation group.,Medium,222,REF0012; REF0016; REF0019; REF0020; REF0029; REF0034; REF0039; REF0041; REF0046; REF0049; REF0052,RCB0030,REF0012; REF0016; REF0019; REF0020; REF0029; REF0034; REF0039; REF0041; REF0046; REF0049; REF0052
R0555,ZN43-6,225–239 Ma,S,GG0038,Zhuguangshan,REF0049,REF0049,GG0038,Zhuguangshan,Guangdong,,Composite or parent geological unit,Related subunits are consolidated under the named Zhuguangshan parent unit so genetically and spatially related samples remain in one validation group.,Medium,222,REF0012; REF0016; REF0019; REF0020; REF0029; REF0034; REF0039; REF0041; REF0046; REF0049; REF0052,RCB0030,REF0012; REF0016; REF0019; REF0020; REF0029; REF0034; REF0039; REF0041; REF0046; REF0049; REF0052
R0556,H1-2,225–239 Ma,S,GG0038,Zhuguangshan,REF0049,REF0049,GG0038,Zhuguangshan,Guangdong,,Composite or parent geological unit,Related subunits are consolidated under the named Zhuguangshan parent unit so genetically and spatially related samples remain in one validation group.,Medium,222,REF0012; REF0016; REF0019; REF0020; REF0029; REF0034; REF0039; REF0041; REF0046; REF0049; REF0052,RCB0030,REF0012; REF0016; REF0019; REF0020; REF0029; REF0034; REF0039; REF0041; REF0046; REF0049; REF0052
R0557,H2-4,225–239 Ma,S,GG0038,Zhuguangshan,REF0049,REF0049,GG0038,Zhuguangshan,Guangdong,,Composite or parent geological unit,Related subunits are consolidated under the named Zhuguangshan parent unit so genetically and spatially related samples remain in one validation group.,Medium,222,REF0012; REF0016; REF0019; REF0020; REF0029; REF0034; REF0039; REF0041; REF0046; REF0049; REF0052,RCB0030,REF0012; REF0016; REF0019; REF0020; REF0029; REF0034; REF0039; REF0041; REF0046; REF0049; REF0052
R0558,H1-1,225–239 Ma,S,GG0038,Zhuguangshan,REF0049,REF0049,GG0038,Zhuguangshan,Guangdong,,Composite or parent geological unit,Related subunits are consolidated under the named Zhuguangshan parent unit so genetically and spatially related samples remain in one validation group.,Medium,222,REF0012; REF0016; REF0019; REF0020; REF0029; REF0034; REF0039; REF0041; REF0046; REF0049; REF0052,RCB0030,REF0012; REF0016; REF0019; REF0020; REF0029; REF0034; REF0039; REF0041; REF0046; REF0049; REF0052
R0559,Z31-1,225–239 Ma,S,GG0038,Zhuguangshan,REF0049,REF0049,GG0038,Zhuguangshan,Guangdong,,Composite or parent geological unit,Related subunits are consolidated under the named Zhuguangshan parent unit so genetically and spatially related samples remain in one validation group.,Medium,222,REF0012; REF0016; REF0019; REF0020; REF0029; REF0034; REF0039; REF0041; REF0046; REF0049; REF0052,RCB0030,REF0012; REF0016; REF0019; REF0020; REF0029; REF0034; REF0039; REF0041; REF0046; REF0049; REF0052
R0560,ZN43-4,225–239 Ma,S,GG0038,Zhuguangshan,REF0049,REF0049,GG0038,Zhuguangshan,Guangdong,,Composite or parent geological unit,Related subunits are consolidated under the named Zhuguangshan parent unit so genetically and spatially related samples remain in one validation group.,Medium,222,REF0012; REF0016; REF0019; REF0020; REF0029; REF0034; REF0039; REF0041; REF0046; REF0049; REF0052,RCB0030,REF0012; REF0016; REF0019; REF0020; REF0029; REF0034; REF0039; REF0041; REF0046; REF0049; REF0052
R0561,H2-3,225–239 Ma,S,GG0038,Zhuguangshan,REF0049,REF0049,GG0038,Zhuguangshan,Guangdong,,Composite or parent geological unit,Related subunits are consolidated under the named Zhuguangshan parent unit so genetically and spatially related samples remain in one validation group.,Medium,222,REF0012; REF0016; REF0019; REF0020; REF0029; REF0034; REF0039; REF0041; REF0046; REF0049; REF0052,RCB0030,REF0012; REF0016; REF0019; REF0020; REF0029; REF0034; REF0039; REF0041; REF0046; REF0049; REF0052
R0562,H2-2,225–239 Ma,S,GG0038,Zhuguangshan,REF0049,REF0049,GG0038,Zhuguangshan,Guangdong,,Composite or parent geological unit,Related subunits are consolidated under the named Zhuguangshan parent unit so genetically and spatially related samples remain in one validation group.,Medium,222,REF0012; REF0016; REF0019; REF0020; REF0029; REF0034; REF0039; REF0041; REF0046; REF0049; REF0052,RCB0030,REF0012; REF0016; REF0019; REF0020; REF0029; REF0034; REF0039; REF0041; REF0046; REF0049; REF0052
R0563,HN104-1,225–239 Ma,S,GG0038,Zhuguangshan,REF0049,REF0049,GG0038,Zhuguangshan,Guangdong,,Composite or parent geological unit,Related subunits are consolidated under the named Zhuguangshan parent unit so genetically and spatially related samples remain in one validation group.,Medium,222,REF0012; REF0016; REF0019; REF0020; REF0029; REF0034; REF0039; REF0041; REF0046; REF0049; REF0052,RCB0030,REF0012; REF0016; REF0019; REF0020; REF0029; REF0034; REF0039; REF0041; REF0046; REF0049; REF0052
R0564,Z31-2,225–239 Ma,S,GG0038,Zhuguangshan,REF0049,REF0049,GG0038,Zhuguangshan,Guangdong,,Composite or parent geological unit,Related subunits are consolidated under the named Zhuguangshan parent unit so genetically and spatially related samples remain in one validation group.,Medium,222,REF0012; REF0016; REF0019; REF0020; REF0029; REF0034; REF0039; REF0041; REF0046; REF0049; REF0052,RCB0030,REF0012; REF0016; REF0019; REF0020; REF0029; REF0034; REF0039; REF0041; REF0046; REF0049; REF0052
R0565,HN104-3,225–239 Ma,S,GG0038,Zhuguangshan,REF0049,REF0049,GG0038,Zhuguangshan,Guangdong,,Composite or parent geological unit,Related subunits are consolidated under the named Zhuguangshan parent unit so genetically and spatially related samples remain in one validation group.,Medium,222,REF0012; REF0016; REF0019; REF0020; REF0029; REF0034; REF0039; REF0041; REF0046; REF0049; REF0052,RCB0030,REF0012; REF0016; REF0019; REF0020; REF0029; REF0034; REF0039; REF0041; REF0046; REF0049; REF0052
R0566,HN104-4,225–239 Ma,S,GG0038,Zhuguangshan,REF0049,REF0049,GG0038,Zhuguangshan,Guangdong,,Composite or parent geological unit,Related subunits are consolidated under the named Zhuguangshan parent unit so genetically and spatially related samples remain in one validation group.,Medium,222,REF0012; REF0016; REF0019; REF0020; REF0029; REF0034; REF0039; REF0041; REF0046; REF0049; REF0052,RCB0030,REF0012; REF0016; REF0019; REF0020; REF0029; REF0034; REF0039; REF0041; REF0046; REF0049; REF0052
R0567,H2-1,225–239 Ma,S,GG0038,Zhuguangshan,REF0049,REF0049,GG0038,Zhuguangshan,Guangdong,,Composite or parent geological unit,Related subunits are consolidated under the named Zhuguangshan parent unit so genetically and spatially related samples remain in one validation group.,Medium,222,REF0012; REF0016; REF0019; REF0020; REF0029; REF0034; REF0039; REF0041; REF0046; REF0049; REF0052,RCB0030,REF0012; REF0016; REF0019; REF0020; REF0029; REF0034; REF0039; REF0041; REF0046; REF0049; REF0052
R0568,HN108-6,225–239 Ma,S,GG0038,Zhuguangshan,REF0049,REF0049,GG0038,Zhuguangshan,Guangdong,,Composite or parent geological unit,Related subunits are consolidated under the named Zhuguangshan parent unit so genetically and spatially related samples remain in one validation group.,Medium,222,REF0012; REF0016; REF0019; REF0020; REF0029; REF0034; REF0039; REF0041; REF0046; REF0049; REF0052,RCB0030,REF0012; REF0016; REF0019; REF0020; REF0029; REF0034; REF0039; REF0041; REF0046; REF0049; REF0052
R0569,HN108-1,225–239 Ma,S,GG0038,Zhuguangshan,REF0049,REF0049,GG0038,Zhuguangshan,Guangdong,,Composite or parent geological unit,Related subunits are consolidated under the named Zhuguangshan parent unit so genetically and spatially related samples remain in one validation group.,Medium,222,REF0012; REF0016; REF0019; REF0020; REF0029; REF0034; REF0039; REF0041; REF0046; REF0049; REF0052,RCB0030,REF0012; REF0016; REF0019; REF0020; REF0029; REF0034; REF0039; REF0041; REF0046; REF0049; REF0052
R0570,ZN45,225–239 Ma,S,GG0038,Zhuguangshan,REF0049,REF0049,GG0038,Zhuguangshan,Guangdong,,Composite or parent geological unit,Related subunits are consolidated under the named Zhuguangshan parent unit so genetically and spatially related samples remain in one validation group.,Medium,222,REF0012; REF0016; REF0019; REF0020; REF0029; REF0034; REF0039; REF0041; REF0046; REF0049; REF0052,RCB0030,REF0012; REF0016; REF0019; REF0020; REF0029; REF0034; REF0039; REF0041; REF0046; REF0049; REF0052
R0571,HN108-3,225–239 Ma,S,GG0038,Zhuguangshan,REF0049,REF0049,GG0038,Zhuguangshan,Guangdong,,Composite or parent geological unit,Related subunits are consolidated under the named Zhuguangshan parent unit so genetically and spatially related samples remain in one validation group.,Medium,222,REF0012; REF0016; REF0019; REF0020; REF0029; REF0034; REF0039; REF0041; REF0046; REF0049; REF0052,RCB0030,REF0012; REF0016; REF0019; REF0020; REF0029; REF0034; REF0039; REF0041; REF0046; REF0049; REF0052
R0572,HN108-5,225–239 Ma,S,GG0038,Zhuguangshan,REF0049,REF0049,GG0038,Zhuguangshan,Guangdong,,Composite or parent geological unit,Related subunits are consolidated under the named Zhuguangshan parent unit so genetically and spatially related samples remain in one validation group.,Medium,222,REF0012; REF0016; REF0019; REF0020; REF0029; REF0034; REF0039; REF0041; REF0046; REF0049; REF0052,RCB0030,REF0012; REF0016; REF0019; REF0020; REF0029; REF0034; REF0039; REF0041; REF0046; REF0049; REF0052
R0573,HN108-2,225–239 Ma,S,GG0038,Zhuguangshan,REF0049,REF0049,GG0038,Zhuguangshan,Guangdong,,Composite or parent geological unit,Related subunits are consolidated under the named Zhuguangshan parent unit so genetically and spatially related samples remain in one validation group.,Medium,222,REF0012; REF0016; REF0019; REF0020; REF0029; REF0034; REF0039; REF0041; REF0046; REF0049; REF0052,RCB0030,REF0012; REF0016; REF0019; REF0020; REF0029; REF0034; REF0039; REF0041; REF0046; REF0049; REF0052
R0574,ZN45-2,225–239 Ma,S,GG0038,Zhuguangshan,REF0049,REF0049,GG0038,Zhuguangshan,Guangdong,,Composite or parent geological unit,Related subunits are consolidated under the named Zhuguangshan parent unit so genetically and spatially related samples remain in one validation group.,Medium,222,REF0012; REF0016; REF0019; REF0020; REF0029; REF0034; REF0039; REF0041; REF0046; REF0049; REF0052,RCB0030,REF0012; REF0016; REF0019; REF0020; REF0029; REF0034; REF0039; REF0041; REF0046; REF0049; REF0052
R0575,HN109-7,225–239 Ma,S,GG0038,Zhuguangshan,REF0049,REF0049,GG0038,Zhuguangshan,Guangdong,,Composite or parent geological unit,Related subunits are consolidated under the named Zhuguangshan parent unit so genetically and spatially related samples remain in one validation group.,Medium,222,REF0012; REF0016; REF0019; REF0020; REF0029; REF0034; REF0039; REF0041; REF0046; REF0049; REF0052,RCB0030,REF0012; REF0016; REF0019; REF0020; REF0029; REF0034; REF0039; REF0041; REF0046; REF0049; REF0052
R0576,ZK45-2-5*,225–239 Ma,S,GG0038,Zhuguangshan,REF0049,REF0049,GG0038,Zhuguangshan,Guangdong,,Composite or parent geological unit,Related subunits are consolidated under the named Zhuguangshan parent unit so genetically and spatially related samples remain in one validation group.,Medium,222,REF0012; REF0016; REF0019; REF0020; REF0029; REF0034; REF0039; REF0041; REF0046; REF0049; REF0052,RCB0030,REF0012; REF0016; REF0019; REF0020; REF0029; REF0034; REF0039; REF0041; REF0046; REF0049; REF0052
R0577,HN109-9,225–239 Ma,S,GG0038,Zhuguangshan,REF0049,REF0049,GG0038,Zhuguangshan,Guangdong,,Composite or parent geological unit,Related subunits are consolidated under the named Zhuguangshan parent unit so genetically and spatially related samples remain in one validation group.,Medium,222,REF0012; REF0016; REF0019; REF0020; REF0029; REF0034; REF0039; REF0041; REF0046; REF0049; REF0052,RCB0030,REF0012; REF0016; REF0019; REF0020; REF0029; REF0034; REF0039; REF0041; REF0046; REF0049; REF0052
R0578,ZK45-2-6*,225–239 Ma,S,GG0038,Zhuguangshan,REF0049,REF0049,GG0038,Zhuguangshan,Guangdong,,Composite or parent geological unit,Related subunits are consolidated under the named Zhuguangshan parent unit so genetically and spatially related samples remain in one validation group.,Medium,222,REF0012; REF0016; REF0019; REF0020; REF0029; REF0034; REF0039; REF0041; REF0046; REF0049; REF0052,RCB0030,REF0012; REF0016; REF0019; REF0020; REF0029; REF0034; REF0039; REF0041; REF0046; REF0049; REF0052
R0579,ZK45-2-10*,225–239 Ma,S,GG0038,Zhuguangshan,REF0049,REF0049,GG0038,Zhuguangshan,Guangdong,,Composite or parent geological unit,Related subunits are consolidated under the named Zhuguangshan parent unit so genetically and spatially related samples remain in one validation group.,Medium,222,REF0012; REF0016; REF0019; REF0020; REF0029; REF0034; REF0039; REF0041; REF0046; REF0049; REF0052,RCB0030,REF0012; REF0016; REF0019; REF0020; REF0029; REF0034; REF0039; REF0041; REF0046; REF0049; REF0052
R0580,ZK45-2-7*,225–239 Ma,S,GG0038,Zhuguangshan,REF0049,REF0049,GG0038,Zhuguangshan,Guangdong,,Composite or parent geological unit,Related subunits are consolidated under the named Zhuguangshan parent unit so genetically and spatially related samples remain in one validation group.,Medium,222,REF0012; REF0016; REF0019; REF0020; REF0029; REF0034; REF0039; REF0041; REF0046; REF0049; REF0052,RCB0030,REF0012; REF0016; REF0019; REF0020; REF0029; REF0034; REF0039; REF0041; REF0046; REF0049; REF0052
R0581,KZK41-3-4*,225–239 Ma,S,GG0038,Zhuguangshan,REF0049,REF0049,GG0038,Zhuguangshan,Guangdong,,Composite or parent geological unit,Related subunits are consolidated under the named Zhuguangshan parent unit so genetically and spatially related samples remain in one validation group.,Medium,222,REF0012; REF0016; REF0019; REF0020; REF0029; REF0034; REF0039; REF0041; REF0046; REF0049; REF0052,RCB0030,REF0012; REF0016; REF0019; REF0020; REF0029; REF0034; REF0039; REF0041; REF0046; REF0049; REF0052
R0582,HN109-3,225–239 Ma,S,GG0038,Zhuguangshan,REF0049,REF0049,GG0038,Zhuguangshan,Guangdong,,Composite or parent geological unit,Related subunits are consolidated under the named Zhuguangshan parent unit so genetically and spatially related samples remain in one validation group.,Medium,222,REF0012; REF0016; REF0019; REF0020; REF0029; REF0034; REF0039; REF0041; REF0046; REF0049; REF0052,RCB0030,REF0012; REF0016; REF0019; REF0020; REF0029; REF0034; REF0039; REF0041; REF0046; REF0049; REF0052
R0583,ZK45-4-53*,225–239 Ma,S,GG0038,Zhuguangshan,REF0049,REF0049,GG0038,Zhuguangshan,Guangdong,,Composite or parent geological unit,Related subunits are consolidated under the named Zhuguangshan parent unit so genetically and spatially related samples remain in one validation group.,Medium,222,REF0012; REF0016; REF0019; REF0020; REF0029; REF0034; REF0039; REF0041; REF0046; REF0049; REF0052,RCB0030,REF0012; REF0016; REF0019; REF0020; REF0029; REF0034; REF0039; REF0041; REF0046; REF0049; REF0052
R0584,ZN258*,225–239 Ma,S,GG0038,Zhuguangshan,REF0049,REF0049,GG0038,Zhuguangshan,Guangdong,,Composite or parent geological unit,Related subunits are consolidated under the named Zhuguangshan parent unit so genetically and spatially related samples remain in one validation group.,Medium,222,REF0012; REF0016; REF0019; REF0020; REF0029; REF0034; REF0039; REF0041; REF0046; REF0049; REF0052,RCB0030,REF0012; REF0016; REF0019; REF0020; REF0029; REF0034; REF0039; REF0041; REF0046; REF0049; REF0052
R0585,KZK29-4-2*,225–239 Ma,S,GG0038,Zhuguangshan,REF0049,REF0049,GG0038,Zhuguangshan,Guangdong,,Composite or parent geological unit,Related subunits are consolidated under the named Zhuguangshan parent unit so genetically and spatially related samples remain in one validation group.,Medium,222,REF0012; REF0016; REF0019; REF0020; REF0029; REF0034; REF0039; REF0041; REF0046; REF0049; REF0052,RCB0030,REF0012; REF0016; REF0019; REF0020; REF0029; REF0034; REF0039; REF0041; REF0046; REF0049; REF0052
R0586,ZK39-2-1,225–239 Ma,S,GG0038,Zhuguangshan,REF0049,REF0049,GG0038,Zhuguangshan,Guangdong,,Composite or parent geological unit,Related subunits are consolidated under the named Zhuguangshan parent unit so genetically and spatially related samples remain in one validation group.,Medium,222,REF0012; REF0016; REF0019; REF0020; REF0029; REF0034; REF0039; REF0041; REF0046; REF0049; REF0052,RCB0030,REF0012; REF0016; REF0019; REF0020; REF0029; REF0034; REF0039; REF0041; REF0046; REF0049; REF0052
R0587,ZK18-2-2,225–239 Ma,S,GG0038,Zhuguangshan,REF0049,REF0049,GG0038,Zhuguangshan,Guangdong,,Composite or parent geological unit,Related subunits are consolidated under the named Zhuguangshan parent unit so genetically and spatially related samples remain in one validation group.,Medium,222,REF0012; REF0016; REF0019; REF0020; REF0029; REF0034; REF0039; REF0041; REF0046; REF0049; REF0052,RCB0030,REF0012; REF0016; REF0019; REF0020; REF0029; REF0034; REF0039; REF0041; REF0046; REF0049; REF0052
R0588,ZK15-1-1,225–239 Ma,S,GG0038,Zhuguangshan,REF0049,REF0049,GG0038,Zhuguangshan,Guangdong,,Composite or parent geological unit,Related subunits are consolidated under the named Zhuguangshan parent unit so genetically and spatially related samples remain in one validation group.,Medium,222,REF0012; REF0016; REF0019; REF0020; REF0029; REF0034; REF0039; REF0041; REF0046; REF0049; REF0052,RCB0030,REF0012; REF0016; REF0019; REF0020; REF0029; REF0034; REF0039; REF0041; REF0046; REF0049; REF0052
R0589,H4-2,225–239 Ma,S,GG0038,Zhuguangshan,REF0049,REF0049,GG0038,Zhuguangshan,Guangdong,,Composite or parent geological unit,Related subunits are consolidated under the named Zhuguangshan parent unit so genetically and spatially related samples remain in one validation group.,Medium,222,REF0012; REF0016; REF0019; REF0020; REF0029; REF0034; REF0039; REF0041; REF0046; REF0049; REF0052,RCB0030,REF0012; REF0016; REF0019; REF0020; REF0029; REF0034; REF0039; REF0041; REF0046; REF0049; REF0052
R0590,ZK18-2-4,225–239 Ma,S,GG0038,Zhuguangshan,REF0049,REF0049,GG0038,Zhuguangshan,Guangdong,,Composite or parent geological unit,Related subunits are consolidated under the named Zhuguangshan parent unit so genetically and spatially related samples remain in one validation group.,Medium,222,REF0012; REF0016; REF0019; REF0020; REF0029; REF0034; REF0039; REF0041; REF0046; REF0049; REF0052,RCB0030,REF0012; REF0016; REF0019; REF0020; REF0029; REF0034; REF0039; REF0041; REF0046; REF0049; REF0052
R0591,HN107-2,225–239 Ma,S,GG0038,Zhuguangshan,REF0049,REF0049,GG0038,Zhuguangshan,Guangdong,,Composite or parent geological unit,Related subunits are consolidated under the named Zhuguangshan parent unit so genetically and spatially related samples remain in one validation group.,Medium,222,REF0012; REF0016; REF0019; REF0020; REF0029; REF0034; REF0039; REF0041; REF0046; REF0049; REF0052,RCB0030,REF0012; REF0016; REF0019; REF0020; REF0029; REF0034; REF0039; REF0041; REF0046; REF0049; REF0052
R0592,H4-3,225–239 Ma,S,GG0038,Zhuguangshan,REF0049,REF0049,GG0038,Zhuguangshan,Guangdong,,Composite or parent geological unit,Related subunits are consolidated under the named Zhuguangshan parent unit so genetically and spatially related samples remain in one validation group.,Medium,222,REF0012; REF0016; REF0019; REF0020; REF0029; REF0034; REF0039; REF0041; REF0046; REF0049; REF0052,RCB0030,REF0012; REF0016; REF0019; REF0020; REF0029; REF0034; REF0039; REF0041; REF0046; REF0049; REF0052
R0593,HN128-6,225–239 Ma,S,GG0038,Zhuguangshan,REF0049,REF0049,GG0038,Zhuguangshan,Guangdong,,Composite or parent geological unit,Related subunits are consolidated under the named Zhuguangshan parent unit so genetically and spatially related samples remain in one validation group.,Medium,222,REF0012; REF0016; REF0019; REF0020; REF0029; REF0034; REF0039; REF0041; REF0046; REF0049; REF0052,RCB0030,REF0012; REF0016; REF0019; REF0020; REF0029; REF0034; REF0039; REF0041; REF0046; REF0049; REF0052
R0594,HN128-5,225–239 Ma,S,GG0038,Zhuguangshan,REF0049,REF0049,GG0038,Zhuguangshan,Guangdong,,Composite or parent geological unit,Related subunits are consolidated under the named Zhuguangshan parent unit so genetically and spatially related samples remain in one validation group.,Medium,222,REF0012; REF0016; REF0019; REF0020; REF0029; REF0034; REF0039; REF0041; REF0046; REF0049; REF0052,RCB0030,REF0012; REF0016; REF0019; REF0020; REF0029; REF0034; REF0039; REF0041; REF0046; REF0049; REF0052
R0595,H4-4,225–239 Ma,S,GG0038,Zhuguangshan,REF0049,REF0049,GG0038,Zhuguangshan,Guangdong,,Composite or parent geological unit,Related subunits are consolidated under the named Zhuguangshan parent unit so genetically and spatially related samples remain in one validation group.,Medium,222,REF0012; REF0016; REF0019; REF0020; REF0029; REF0034; REF0039; REF0041; REF0046; REF0049; REF0052,RCB0030,REF0012; REF0016; REF0019; REF0020; REF0029; REF0034; REF0039; REF0041; REF0046; REF0049; REF0052
R0596,AO-10,219.1–221.5 Ma,S,GG0058,Fucheng pluton,REF0050,REF0050,GG0058,Fucheng pluton,Jiangxi,Dafuzu batholith,Pluton,The linked study explicitly identifies the Fucheng pluton; records are grouped at that named geological-unit level.,High,7,REF0050,RCB0042,REF0050
R0597,GD01,219.1–221.5 Ma,S,GG0058,Fucheng pluton,REF0050,REF0050,GG0058,Fucheng pluton,Jiangxi,Dafuzu batholith,Pluton,The linked study explicitly identifies the Fucheng pluton; records are grouped at that named geological-unit level.,High,7,REF0050,RCB0042,REF0050
R0598,GD03,219.1–221.5 Ma,S,GG0058,Fucheng pluton,REF0050,REF0050,GG0058,Fucheng pluton,Jiangxi,Dafuzu batholith,Pluton,The linked study explicitly identifies the Fucheng pluton; records are grouped at that named geological-unit level.,High,7,REF0050,RCB0042,REF0050
R0599,DGK02,219.1–221.5 Ma,S,GG0058,Fucheng pluton,REF0050,REF0050,GG0058,Fucheng pluton,Jiangxi,Dafuzu batholith,Pluton,The linked study explicitly identifies the Fucheng pluton; records are grouped at that named geological-unit level.,High,7,REF0050,RCB0042,REF0050
R0600,AO-01,219.1–221.5 Ma,S,GG0058,Fucheng pluton,REF0050,REF0050,GG0058,Fucheng pluton,Jiangxi,Dafuzu batholith,Pluton,The linked study explicitly identifies the Fucheng pluton; records are grouped at that named geological-unit level.,High,7,REF0050,RCB0042,REF0050
R0601,GCP03,219.1–221.5 Ma,S,GG0058,Fucheng pluton,REF0050,REF0050,GG0058,Fucheng pluton,Jiangxi,Dafuzu batholith,Pluton,The linked study explicitly identifies the Fucheng pluton; records are grouped at that named geological-unit level.,High,7,REF0050,RCB0042,REF0050
R0602,He25,219.1–221.5 Ma,S,GG0058,Fucheng pluton,REF0050,REF0050,GG0058,Fucheng pluton,Jiangxi,Dafuzu batholith,Pluton,The linked study explicitly identifies the Fucheng pluton; records are grouped at that named geological-unit level.,High,7,REF0050,RCB0042,REF0050
R0628,CJ211-3-1,118 ± 8 Ma; 87 ± 4 Ma; 68 ± 6 Ma,S,GG0038,Zhuguangshan,REF0052,REF0052,GG0038,Zhuguangshan,Guangdong,,Composite or parent geological unit,Related subunits are consolidated under the named Zhuguangshan parent unit so genetically and spatially related samples remain in one validation group.,Medium,222,REF0012; REF0016; REF0019; REF0020; REF0029; REF0034; REF0039; REF0041; REF0046; REF0049; REF0052,RCB0030,REF0012; REF0016; REF0019; REF0020; REF0029; REF0034; REF0039; REF0041; REF0046; REF0049; REF0052
R0629,CJ211-3-5,118 ± 8 Ma; 87 ± 4 Ma; 68 ± 6 Ma,S,GG0038,Zhuguangshan,REF0052,REF0052,GG0038,Zhuguangshan,Guangdong,,Composite or parent geological unit,Related subunits are consolidated under the named Zhuguangshan parent unit so genetically and spatially related samples remain in one validation group.,Medium,222,REF0012; REF0016; REF0019; REF0020; REF0029; REF0034; REF0039; REF0041; REF0046; REF0049; REF0052,RCB0030,REF0012; REF0016; REF0019; REF0020; REF0029; REF0034; REF0039; REF0041; REF0046; REF0049; REF0052
R0630,CJ211-3-6,118 ± 8 Ma; 87 ± 4 Ma; 68 ± 6 Ma,S,GG0038,Zhuguangshan,REF0052,REF0052,GG0038,Zhuguangshan,Guangdong,,Composite or parent geological unit,Related subunits are consolidated under the named Zhuguangshan parent unit so genetically and spatially related samples remain in one validation group.,Medium,222,REF0012; REF0016; REF0019; REF0020; REF0029; REF0034; REF0039; REF0041; REF0046; REF0049; REF0052,RCB0030,REF0012; REF0016; REF0019; REF0020; REF0029; REF0034; REF0039; REF0041; REF0046; REF0049; REF0052
R0631,CJ211-3-7,118 ± 8 Ma; 87 ± 4 Ma; 68 ± 6 Ma,S,GG0038,Zhuguangshan,REF0052,REF0052,GG0038,Zhuguangshan,Guangdong,,Composite or parent geological unit,Related subunits are consolidated under the named Zhuguangshan parent unit so genetically and spatially related samples remain in one validation group.,Medium,222,REF0012; REF0016; REF0019; REF0020; REF0029; REF0034; REF0039; REF0041; REF0046; REF0049; REF0052,RCB0030,REF0012; REF0016; REF0019; REF0020; REF0029; REF0034; REF0039; REF0041; REF0046; REF0049; REF0052
R0632,CJ211-3-8,118 ± 8 Ma; 87 ± 4 Ma; 68 ± 6 Ma,S,GG0038,Zhuguangshan,REF0052,REF0052,GG0038,Zhuguangshan,Guangdong,,Composite or parent geological unit,Related subunits are consolidated under the named Zhuguangshan parent unit so genetically and spatially related samples remain in one validation group.,Medium,222,REF0012; REF0016; REF0019; REF0020; REF0029; REF0034; REF0039; REF0041; REF0046; REF0049; REF0052,RCB0030,REF0012; REF0016; REF0019; REF0020; REF0029; REF0034; REF0039; REF0041; REF0046; REF0049; REF0052
R0633,CJ304-3-1,118 ± 8 Ma; 87 ± 4 Ma; 68 ± 6 Ma,S,GG0038,Zhuguangshan,REF0052,REF0052,GG0038,Zhuguangshan,Guangdong,,Composite or parent geological unit,Related subunits are consolidated under the named Zhuguangshan parent unit so genetically and spatially related samples remain in one validation group.,Medium,222,REF0012; REF0016; REF0019; REF0020; REF0029; REF0034; REF0039; REF0041; REF0046; REF0049; REF0052,RCB0030,REF0012; REF0016; REF0019; REF0020; REF0029; REF0034; REF0039; REF0041; REF0046; REF0049; REF0052
R0634,CJ304-3-2,118 ± 8 Ma; 87 ± 4 Ma; 68 ± 6 Ma,S,GG0038,Zhuguangshan,REF0052,REF0052,GG0038,Zhuguangshan,Guangdong,,Composite or parent geological unit,Related subunits are consolidated under the named Zhuguangshan parent unit so genetically and spatially related samples remain in one validation group.,Medium,222,REF0012; REF0016; REF0019; REF0020; REF0029; REF0034; REF0039; REF0041; REF0046; REF0049; REF0052,RCB0030,REF0012; REF0016; REF0019; REF0020; REF0029; REF0034; REF0039; REF0041; REF0046; REF0049; REF0052
R0635,CJ304-3-4,118 ± 8 Ma; 87 ± 4 Ma; 68 ± 6 Ma,S,GG0038,Zhuguangshan,REF0052,REF0052,GG0038,Zhuguangshan,Guangdong,,Composite or parent geological unit,Related subunits are consolidated under the named Zhuguangshan parent unit so genetically and spatially related samples remain in one validation group.,Medium,222,REF0012; REF0016; REF0019; REF0020; REF0029; REF0034; REF0039; REF0041; REF0046; REF0049; REF0052,RCB0030,REF0012; REF0016; REF0019; REF0020; REF0029; REF0034; REF0039; REF0041; REF0046; REF0049; REF0052
R0636,CJ304-3-5,118 ± 8 Ma; 87 ± 4 Ma; 68 ± 6 Ma,S,GG0038,Zhuguangshan,REF0052,REF0052,GG0038,Zhuguangshan,Guangdong,,Composite or parent geological unit,Related subunits are consolidated under the named Zhuguangshan parent unit so genetically and spatially related samples remain in one validation group.,Medium,222,REF0012; REF0016; REF0019; REF0020; REF0029; REF0034; REF0039; REF0041; REF0046; REF0049; REF0052,RCB0030,REF0012; REF0016; REF0019; REF0020; REF0029; REF0034; REF0039; REF0041; REF0046; REF0049; REF0052
R0637,Z6,223.2 ± 1.3 Ma; 224.3 ± 1.8 Ma,S,GG0035,Yajiangqiao,REF0053,REF0053,GG0035,Yajiangqiao,Hunan,,Named pluton or intrusive unit,The linked references explicitly identify the Yajiangqiao; all associated records are assigned to that named geological unit.,High,72,REF0018; REF0053; REF0054,RCB0028,REF0018; REF0053; REF0054
R0638,Y1,223.2 ± 1.3 Ma; 224.3 ± 1.8 Ma,S,GG0035,Yajiangqiao,REF0053,REF0053,GG0035,Yajiangqiao,Hunan,,Named pluton or intrusive unit,The linked references explicitly identify the Yajiangqiao; all associated records are assigned to that named geological unit.,High,72,REF0018; REF0053; REF0054,RCB0028,REF0018; REF0053; REF0054
R0639,Y2,223.2 ± 1.3 Ma; 224.3 ± 1.8 Ma,S,GG0035,Yajiangqiao,REF0053,REF0053,GG0035,Yajiangqiao,Hunan,,Named pluton or intrusive unit,The linked references explicitly identify the Yajiangqiao; all associated records are assigned to that named geological unit.,High,72,REF0018; REF0053; REF0054,RCB0028,REF0018; REF0053; REF0054
R0640,Y22-8-1,231.0 ± 2.4 Ma,S,GG0035,Yajiangqiao,REF0054,REF0054,GG0035,Yajiangqiao,Hunan,,Named pluton or intrusive unit,The linked references explicitly identify the Yajiangqiao; all associated records are assigned to that named geological unit.,High,72,REF0018; REF0053; REF0054,RCB0028,REF0018; REF0053; REF0054
R0641,Y22-8-2,231.0 ± 2.4 Ma,S,GG0035,Yajiangqiao,REF0054,REF0054,GG0035,Yajiangqiao,Hunan,,Named pluton or intrusive unit,The linked references explicitly identify the Yajiangqiao; all associated records are assigned to that named geological unit.,High,72,REF0018; REF0053; REF0054,RCB0028,REF0018; REF0053; REF0054
R0642,Y22-8-3,231.0 ± 2.4 Ma,S,GG0035,Yajiangqiao,REF0054,REF0054,GG0035,Yajiangqiao,Hunan,,Named pluton or intrusive unit,The linked references explicitly identify the Yajiangqiao; all associated records are assigned to that named geological unit.,High,72,REF0018; REF0053; REF0054,RCB0028,REF0018; REF0053; REF0054
R0643,Y22-8-4,231.0 ± 2.4 Ma,S,GG0035,Yajiangqiao,REF0054,REF0054,GG0035,Yajiangqiao,Hunan,,Named pluton or intrusive unit,The linked references explicitly identify the Yajiangqiao; all associated records are assigned to that named geological unit.,High,72,REF0018; REF0053; REF0054,RCB0028,REF0018; REF0053; REF0054
R0644,Y22-8-6,231.0 ± 2.4 Ma,S,GG0035,Yajiangqiao,REF0054,REF0054,GG0035,Yajiangqiao,Hunan,,Named pluton or intrusive unit,The linked references explicitly identify the Yajiangqiao; all associated records are assigned to that named geological unit.,High,72,REF0018; REF0053; REF0054,RCB0028,REF0018; REF0053; REF0054
R0645,Y22-8-7,231.0 ± 2.4 Ma,S,GG0035,Yajiangqiao,REF0054,REF0054,GG0035,Yajiangqiao,Hunan,,Named pluton or intrusive unit,The linked references explicitly identify the Yajiangqiao; all associated records are assigned to that named geological unit.,High,72,REF0018; REF0053; REF0054,RCB0028,REF0018; REF0053; REF0054
R0646,Y22-8-8,231.0 ± 2.4 Ma,S,GG0035,Yajiangqiao,REF0054,REF0054,GG0035,Yajiangqiao,Hunan,,Named pluton or intrusive unit,The linked references explicitly identify the Yajiangqiao; all associated records are assigned to that named geological unit.,High,72,REF0018; REF0053; REF0054,RCB0028,REF0018; REF0053; REF0054
R0647,Y22-8-10,231.0 ± 2.4 Ma,S,GG0035,Yajiangqiao,REF0054,REF0054,GG0035,Yajiangqiao,Hunan,,Named pluton or intrusive unit,The linked references explicitly identify the Yajiangqiao; all associated records are assigned to that named geological unit.,High,72,REF0018; REF0053; REF0054,RCB0028,REF0018; REF0053; REF0054
R0648,Y22-8-11,231.0 ± 2.4 Ma,S,GG0035,Yajiangqiao,REF0054,REF0054,GG0035,Yajiangqiao,Hunan,,Named pluton or intrusive unit,The linked references explicitly identify the Yajiangqiao; all associated records are assigned to that named geological unit.,High,72,REF0018; REF0053; REF0054,RCB0028,REF0018; REF0053; REF0054
R0649,Y22-8-12,231.0 ± 2.4 Ma,S,GG0035,Yajiangqiao,REF0054,REF0054,GG0035,Yajiangqiao,Hunan,,Named pluton or intrusive unit,The linked references explicitly identify the Yajiangqiao; all associated records are assigned to that named geological unit.,High,72,REF0018; REF0053; REF0054,RCB0028,REF0018; REF0053; REF0054
R0650,Y22-8-13,231.0 ± 2.4 Ma,S,GG0035,Yajiangqiao,REF0054,REF0054,GG0035,Yajiangqiao,Hunan,,Named pluton or intrusive unit,The linked references explicitly identify the Yajiangqiao; all associated records are assigned to that named geological unit.,High,72,REF0018; REF0053; REF0054,RCB0028,REF0018; REF0053; REF0054
R0651,Y22-8-14,231.0 ± 2.4 Ma,S,GG0035,Yajiangqiao,REF0054,REF0054,GG0035,Yajiangqiao,Hunan,,Named pluton or intrusive unit,The linked references explicitly identify the Yajiangqiao; all associated records are assigned to that named geological unit.,High,72,REF0018; REF0053; REF0054,RCB0028,REF0018; REF0053; REF0054
R0652,Y22-8-15,231.0 ± 2.4 Ma,S,GG0035,Yajiangqiao,REF0054,REF0054,GG0035,Yajiangqiao,Hunan,,Named pluton or intrusive unit,The linked references explicitly identify the Yajiangqiao; all associated records are assigned to that named geological unit.,High,72,REF0018; REF0053; REF0054,RCB0028,REF0018; REF0053; REF0054
R0653,Y22-8-16,231.0 ± 2.4 Ma,S,GG0035,Yajiangqiao,REF0054,REF0054,GG0035,Yajiangqiao,Hunan,,Named pluton or intrusive unit,The linked references explicitly identify the Yajiangqiao; all associated records are assigned to that named geological unit.,High,72,REF0018; REF0053; REF0054,RCB0028,REF0018; REF0053; REF0054
R0654,Y22-8-17,231.0 ± 2.4 Ma,S,GG0035,Yajiangqiao,REF0054,REF0054,GG0035,Yajiangqiao,Hunan,,Named pluton or intrusive unit,The linked references explicitly identify the Yajiangqiao; all associated records are assigned to that named geological unit.,High,72,REF0018; REF0053; REF0054,RCB0028,REF0018; REF0053; REF0054
R0655,Y22-8-18,231.0 ± 2.4 Ma,S,GG0035,Yajiangqiao,REF0054,REF0054,GG0035,Yajiangqiao,Hunan,,Named pluton or intrusive unit,The linked references explicitly identify the Yajiangqiao; all associated records are assigned to that named geological unit.,High,72,REF0018; REF0053; REF0054,RCB0028,REF0018; REF0053; REF0054
R0656,Y22-8-19,231.0 ± 2.4 Ma,S,GG0035,Yajiangqiao,REF0054,REF0054,GG0035,Yajiangqiao,Hunan,,Named pluton or intrusive unit,The linked references explicitly identify the Yajiangqiao; all associated records are assigned to that named geological unit.,High,72,REF0018; REF0053; REF0054,RCB0028,REF0018; REF0053; REF0054
R0657,Y22-8-20,231.0 ± 2.4 Ma,S,GG0035,Yajiangqiao,REF0054,REF0054,GG0035,Yajiangqiao,Hunan,,Named pluton or intrusive unit,The linked references explicitly identify the Yajiangqiao; all associated records are assigned to that named geological unit.,High,72,REF0018; REF0053; REF0054,RCB0028,REF0018; REF0053; REF0054
R0658,Y22-8-22,231.0 ± 2.4 Ma,S,GG0035,Yajiangqiao,REF0054,REF0054,GG0035,Yajiangqiao,Hunan,,Named pluton or intrusive unit,The linked references explicitly identify the Yajiangqiao; all associated records are assigned to that named geological unit.,High,72,REF0018; REF0053; REF0054,RCB0028,REF0018; REF0053; REF0054
R0659,Y22-8-23,231.0 ± 2.4 Ma,S,GG0035,Yajiangqiao,REF0054,REF0054,GG0035,Yajiangqiao,Hunan,,Named pluton or intrusive unit,The linked references explicitly identify the Yajiangqiao; all associated records are assigned to that named geological unit.,High,72,REF0018; REF0053; REF0054,RCB0028,REF0018; REF0053; REF0054
R0660,Y22-8-24,231.0 ± 2.4 Ma,S,GG0035,Yajiangqiao,REF0054,REF0054,GG0035,Yajiangqiao,Hunan,,Named pluton or intrusive unit,The linked references explicitly identify the Yajiangqiao; all associated records are assigned to that named geological unit.,High,72,REF0018; REF0053; REF0054,RCB0028,REF0018; REF0053; REF0054
R0661,Y22-8-25,231.0 ± 2.4 Ma,S,GG0035,Yajiangqiao,REF0054,REF0054,GG0035,Yajiangqiao,Hunan,,Named pluton or intrusive unit,The linked references explicitly identify the Yajiangqiao; all associated records are assigned to that named geological unit.,High,72,REF0018; REF0053; REF0054,RCB0028,REF0018; REF0053; REF0054
R0662,Y22-8-26,231.0 ± 2.4 Ma,S,GG0035,Yajiangqiao,REF0054,REF0054,GG0035,Yajiangqiao,Hunan,,Named pluton or intrusive unit,The linked references explicitly identify the Yajiangqiao; all associated records are assigned to that named geological unit.,High,72,REF0018; REF0053; REF0054,RCB0028,REF0018; REF0053; REF0054
R0663,Y22-11-2,231.0 ± 2.4 Ma,S,GG0035,Yajiangqiao,REF0054,REF0054,GG0035,Yajiangqiao,Hunan,,Named pluton or intrusive unit,The linked references explicitly identify the Yajiangqiao; all associated records are assigned to that named geological unit.,High,72,REF0018; REF0053; REF0054,RCB0028,REF0018; REF0053; REF0054
R0664,Y22-11-3,231.0 ± 2.4 Ma,S,GG0035,Yajiangqiao,REF0054,REF0054,GG0035,Yajiangqiao,Hunan,,Named pluton or intrusive unit,The linked references explicitly identify the Yajiangqiao; all associated records are assigned to that named geological unit.,High,72,REF0018; REF0053; REF0054,RCB0028,REF0018; REF0053; REF0054
R0665,Y22-11-5,231.0 ± 2.4 Ma,S,GG0035,Yajiangqiao,REF0054,REF0054,GG0035,Yajiangqiao,Hunan,,Named pluton or intrusive unit,The linked references explicitly identify the Yajiangqiao; all associated records are assigned to that named geological unit.,High,72,REF0018; REF0053; REF0054,RCB0028,REF0018; REF0053; REF0054
R0666,Y22-11-6,231.0 ± 2.4 Ma,S,GG0035,Yajiangqiao,REF0054,REF0054,GG0035,Yajiangqiao,Hunan,,Named pluton or intrusive unit,The linked references explicitly identify the Yajiangqiao; all associated records are assigned to that named geological unit.,High,72,REF0018; REF0053; REF0054,RCB0028,REF0018; REF0053; REF0054
R0667,Y22-11-7,231.0 ± 2.4 Ma,S,GG0035,Yajiangqiao,REF0054,REF0054,GG0035,Yajiangqiao,Hunan,,Named pluton or intrusive unit,The linked references explicitly identify the Yajiangqiao; all associated records are assigned to that named geological unit.,High,72,REF0018; REF0053; REF0054,RCB0028,REF0018; REF0053; REF0054
R0668,Y22-11-11,231.0 ± 2.4 Ma,S,GG0035,Yajiangqiao,REF0054,REF0054,GG0035,Yajiangqiao,Hunan,,Named pluton or intrusive unit,The linked references explicitly identify the Yajiangqiao; all associated records are assigned to that named geological unit.,High,72,REF0018; REF0053; REF0054,RCB0028,REF0018; REF0053; REF0054
R0669,Y22-11-12,231.0 ± 2.4 Ma,S,GG0035,Yajiangqiao,REF0054,REF0054,GG0035,Yajiangqiao,Hunan,,Named pluton or intrusive unit,The linked references explicitly identify the Yajiangqiao; all associated records are assigned to that named geological unit.,High,72,REF0018; REF0053; REF0054,RCB0028,REF0018; REF0053; REF0054
R0670,Y22-11-13,231.0 ± 2.4 Ma,S,GG0035,Yajiangqiao,REF0054,REF0054,GG0035,Yajiangqiao,Hunan,,Named pluton or intrusive unit,The linked references explicitly identify the Yajiangqiao; all associated records are assigned to that named geological unit.,High,72,REF0018; REF0053; REF0054,RCB0028,REF0018; REF0053; REF0054
R0671,Y22-11-14,231.0 ± 2.4 Ma,S,GG0035,Yajiangqiao,REF0054,REF0054,GG0035,Yajiangqiao,Hunan,,Named pluton or intrusive unit,The linked references explicitly identify the Yajiangqiao; all associated records are assigned to that named geological unit.,High,72,REF0018; REF0053; REF0054,RCB0028,REF0018; REF0053; REF0054
R0672,Y22-11-15,231.0 ± 2.4 Ma,S,GG0035,Yajiangqiao,REF0054,REF0054,GG0035,Yajiangqiao,Hunan,,Named pluton or intrusive unit,The linked references explicitly identify the Yajiangqiao; all associated records are assigned to that named geological unit.,High,72,REF0018; REF0053; REF0054,RCB0028,REF0018; REF0053; REF0054
R0673,Y22-11-17,231.0 ± 2.4 Ma,S,GG0035,Yajiangqiao,REF0054,REF0054,GG0035,Yajiangqiao,Hunan,,Named pluton or intrusive unit,The linked references explicitly identify the Yajiangqiao; all associated records are assigned to that named geological unit.,High,72,REF0018; REF0053; REF0054,RCB0028,REF0018; REF0053; REF0054
R0674,Y22-11-18,231.0 ± 2.4 Ma,S,GG0035,Yajiangqiao,REF0054,REF0054,GG0035,Yajiangqiao,Hunan,,Named pluton or intrusive unit,The linked references explicitly identify the Yajiangqiao; all associated records are assigned to that named geological unit.,High,72,REF0018; REF0053; REF0054,RCB0028,REF0018; REF0053; REF0054
R0675,Y22-11-19,231.0 ± 2.4 Ma,S,GG0035,Yajiangqiao,REF0054,REF0054,GG0035,Yajiangqiao,Hunan,,Named pluton or intrusive unit,The linked references explicitly identify the Yajiangqiao; all associated records are assigned to that named geological unit.,High,72,REF0018; REF0053; REF0054,RCB0028,REF0018; REF0053; REF0054
R0676,Y22-11-21,231.0 ± 2.4 Ma,S,GG0035,Yajiangqiao,REF0054,REF0054,GG0035,Yajiangqiao,Hunan,,Named pluton or intrusive unit,The linked references explicitly identify the Yajiangqiao; all associated records are assigned to that named geological unit.,High,72,REF0018; REF0053; REF0054,RCB0028,REF0018; REF0053; REF0054
R0677,Y22-11-22,231.0 ± 2.4 Ma,S,GG0035,Yajiangqiao,REF0054,REF0054,GG0035,Yajiangqiao,Hunan,,Named pluton or intrusive unit,The linked references explicitly identify the Yajiangqiao; all associated records are assigned to that named geological unit.,High,72,REF0018; REF0053; REF0054,RCB0028,REF0018; REF0053; REF0054
R0678,Y22-11-23,231.0 ± 2.4 Ma,S,GG0035,Yajiangqiao,REF0054,REF0054,GG0035,Yajiangqiao,Hunan,,Named pluton or intrusive unit,The linked references explicitly identify the Yajiangqiao; all associated records are assigned to that named geological unit.,High,72,REF0018; REF0053; REF0054,RCB0028,REF0018; REF0053; REF0054
R0679,Y22-11-24,231.0 ± 2.4 Ma,S,GG0035,Yajiangqiao,REF0054,REF0054,GG0035,Yajiangqiao,Hunan,,Named pluton or intrusive unit,The linked references explicitly identify the Yajiangqiao; all associated records are assigned to that named geological unit.,High,72,REF0018; REF0053; REF0054,RCB0028,REF0018; REF0053; REF0054
R0680,Y22-13-1,231.0 ± 2.4 Ma,S,GG0035,Yajiangqiao,REF0054,REF0054,GG0035,Yajiangqiao,Hunan,,Named pluton or intrusive unit,The linked references explicitly identify the Yajiangqiao; all associated records are assigned to that named geological unit.,High,72,REF0018; REF0053; REF0054,RCB0028,REF0018; REF0053; REF0054
R0681,Y22-13-2,231.0 ± 2.4 Ma,S,GG0035,Yajiangqiao,REF0054,REF0054,GG0035,Yajiangqiao,Hunan,,Named pluton or intrusive unit,The linked references explicitly identify the Yajiangqiao; all associated records are assigned to that named geological unit.,High,72,REF0018; REF0053; REF0054,RCB0028,REF0018; REF0053; REF0054
R0682,Y22-13-3,231.0 ± 2.4 Ma,S,GG0035,Yajiangqiao,REF0054,REF0054,GG0035,Yajiangqiao,Hunan,,Named pluton or intrusive unit,The linked references explicitly identify the Yajiangqiao; all associated records are assigned to that named geological unit.,High,72,REF0018; REF0053; REF0054,RCB0028,REF0018; REF0053; REF0054
R0683,Y22-13-5,231.0 ± 2.4 Ma,S,GG0035,Yajiangqiao,REF0054,REF0054,GG0035,Yajiangqiao,Hunan,,Named pluton or intrusive unit,The linked references explicitly identify the Yajiangqiao; all associated records are assigned to that named geological unit.,High,72,REF0018; REF0053; REF0054,RCB0028,REF0018; REF0053; REF0054
R0684,Y22-13-6,231.0 ± 2.4 Ma,S,GG0035,Yajiangqiao,REF0054,REF0054,GG0035,Yajiangqiao,Hunan,,Named pluton or intrusive unit,The linked references explicitly identify the Yajiangqiao; all associated records are assigned to that named geological unit.,High,72,REF0018; REF0053; REF0054,RCB0028,REF0018; REF0053; REF0054
R0685,Y22-13-7,231.0 ± 2.4 Ma,S,GG0035,Yajiangqiao,REF0054,REF0054,GG0035,Yajiangqiao,Hunan,,Named pluton or intrusive unit,The linked references explicitly identify the Yajiangqiao; all associated records are assigned to that named geological unit.,High,72,REF0018; REF0053; REF0054,RCB0028,REF0018; REF0053; REF0054
R0686,Y22-13-8,231.0 ± 2.4 Ma,S,GG0035,Yajiangqiao,REF0054,REF0054,GG0035,Yajiangqiao,Hunan,,Named pluton or intrusive unit,The linked references explicitly identify the Yajiangqiao; all associated records are assigned to that named geological unit.,High,72,REF0018; REF0053; REF0054,RCB0028,REF0018; REF0053; REF0054
R0687,Y22-13-9,231.0 ± 2.4 Ma,S,GG0035,Yajiangqiao,REF0054,REF0054,GG0035,Yajiangqiao,Hunan,,Named pluton or intrusive unit,The linked references explicitly identify the Yajiangqiao; all associated records are assigned to that named geological unit.,High,72,REF0018; REF0053; REF0054,RCB0028,REF0018; REF0053; REF0054
R0688,Y22-13-10,231.0 ± 2.4 Ma,S,GG0035,Yajiangqiao,REF0054,REF0054,GG0035,Yajiangqiao,Hunan,,Named pluton or intrusive unit,The linked references explicitly identify the Yajiangqiao; all associated records are assigned to that named geological unit.,High,72,REF0018; REF0053; REF0054,RCB0028,REF0018; REF0053; REF0054
R0689,Y22-13-11,231.0 ± 2.4 Ma,S,GG0035,Yajiangqiao,REF0054,REF0054,GG0035,Yajiangqiao,Hunan,,Named pluton or intrusive unit,The linked references explicitly identify the Yajiangqiao; all associated records are assigned to that named geological unit.,High,72,REF0018; REF0053; REF0054,RCB0028,REF0018; REF0053; REF0054
R0690,Y22-13-12,231.0 ± 2.4 Ma,S,GG0035,Yajiangqiao,REF0054,REF0054,GG0035,Yajiangqiao,Hunan,,Named pluton or intrusive unit,The linked references explicitly identify the Yajiangqiao; all associated records are assigned to that named geological unit.,High,72,REF0018; REF0053; REF0054,RCB0028,REF0018; REF0053; REF0054
R0691,Y22-13-13,231.0 ± 2.4 Ma,S,GG0035,Yajiangqiao,REF0054,REF0054,GG0035,Yajiangqiao,Hunan,,Named pluton or intrusive unit,The linked references explicitly identify the Yajiangqiao; all associated records are assigned to that named geological unit.,High,72,REF0018; REF0053; REF0054,RCB0028,REF0018; REF0053; REF0054
R0692,Y22-13-14,231.0 ± 2.4 Ma,S,GG0035,Yajiangqiao,REF0054,REF0054,GG0035,Yajiangqiao,Hunan,,Named pluton or intrusive unit,The linked references explicitly identify the Yajiangqiao; all associated records are assigned to that named geological unit.,High,72,REF0018; REF0053; REF0054,RCB0028,REF0018; REF0053; REF0054
R0693,Y22-13-16,231.0 ± 2.4 Ma,S,GG0035,Yajiangqiao,REF0054,REF0054,GG0035,Yajiangqiao,Hunan,,Named pluton or intrusive unit,The linked references explicitly identify the Yajiangqiao; all associated records are assigned to that named geological unit.,High,72,REF0018; REF0053; REF0054,RCB0028,REF0018; REF0053; REF0054
R0694,Y22-13-17,231.0 ± 2.4 Ma,S,GG0035,Yajiangqiao,REF0054,REF0054,GG0035,Yajiangqiao,Hunan,,Named pluton or intrusive unit,The linked references explicitly identify the Yajiangqiao; all associated records are assigned to that named geological unit.,High,72,REF0018; REF0053; REF0054,RCB0028,REF0018; REF0053; REF0054
R0695,Y22-13-18,231.0 ± 2.4 Ma,S,GG0035,Yajiangqiao,REF0054,REF0054,GG0035,Yajiangqiao,Hunan,,Named pluton or intrusive unit,The linked references explicitly identify the Yajiangqiao; all associated records are assigned to that named geological unit.,High,72,REF0018; REF0053; REF0054,RCB0028,REF0018; REF0053; REF0054
R0696,Y22-13-20,231.0 ± 2.4 Ma,S,GG0035,Yajiangqiao,REF0054,REF0054,GG0035,Yajiangqiao,Hunan,,Named pluton or intrusive unit,The linked references explicitly identify the Yajiangqiao; all associated records are assigned to that named geological unit.,High,72,REF0018; REF0053; REF0054,RCB0028,REF0018; REF0053; REF0054
R0697,Y22-13-21,231.0 ± 2.4 Ma,S,GG0035,Yajiangqiao,REF0054,REF0054,GG0035,Yajiangqiao,Hunan,,Named pluton or intrusive unit,The linked references explicitly identify the Yajiangqiao; all associated records are assigned to that named geological unit.,High,72,REF0018; REF0053; REF0054,RCB0028,REF0018; REF0053; REF0054
R0698,Y22-13-22,231.0 ± 2.4 Ma,S,GG0035,Yajiangqiao,REF0054,REF0054,GG0035,Yajiangqiao,Hunan,,Named pluton or intrusive unit,The linked references explicitly identify the Yajiangqiao; all associated records are assigned to that named geological unit.,High,72,REF0018; REF0053; REF0054,RCB0028,REF0018; REF0053; REF0054
R0699,Y22-13-23,231.0 ± 2.4 Ma,S,GG0035,Yajiangqiao,REF0054,REF0054,GG0035,Yajiangqiao,Hunan,,Named pluton or intrusive unit,The linked references explicitly identify the Yajiangqiao; all associated records are assigned to that named geological unit.,High,72,REF0018; REF0053; REF0054,RCB0028,REF0018; REF0053; REF0054
R0700,Y22-13-24,231.0 ± 2.4 Ma,S,GG0035,Yajiangqiao,REF0054,REF0054,GG0035,Yajiangqiao,Hunan,,Named pluton or intrusive unit,The linked references explicitly identify the Yajiangqiao; all associated records are assigned to that named geological unit.,High,72,REF0018; REF0053; REF0054,RCB0028,REF0018; REF0053; REF0054
R0701,Y22-13-25,231.0 ± 2.4 Ma,S,GG0035,Yajiangqiao,REF0054,REF0054,GG0035,Yajiangqiao,Hunan,,Named pluton or intrusive unit,The linked references explicitly identify the Yajiangqiao; all associated records are assigned to that named geological unit.,High,72,REF0018; REF0053; REF0054,RCB0028,REF0018; REF0053; REF0054
R0702,JT9/ηγT3b,203–208 Ma,S,GG0012,Gongdimiao,REF0055,REF0055,GG0012,Gongdimiao,Hunan,,Named pluton or intrusive unit,The linked references explicitly identify the Gongdimiao; all associated records are assigned to that named geological unit.,High,31,REF0055; REF0060; REF0061,RCB0012,REF0055; REF0060; REF0061
R0703,JT5/ηγT3b,203–208 Ma,S,GG0012,Gongdimiao,REF0055,REF0055,GG0012,Gongdimiao,Hunan,,Named pluton or intrusive unit,The linked references explicitly identify the Gongdimiao; all associated records are assigned to that named geological unit.,High,31,REF0055; REF0060; REF0061,RCB0012,REF0055; REF0060; REF0061
R0704,JT8/ηγT3b,203–208 Ma,S,GG0012,Gongdimiao,REF0055,REF0055,GG0012,Gongdimiao,Hunan,,Named pluton or intrusive unit,The linked references explicitly identify the Gongdimiao; all associated records are assigned to that named geological unit.,High,31,REF0055; REF0060; REF0061,RCB0012,REF0055; REF0060; REF0061
R0705,JT4/ηγT3b,203–208 Ma,S,GG0012,Gongdimiao,REF0055,REF0055,GG0012,Gongdimiao,Hunan,,Named pluton or intrusive unit,The linked references explicitly identify the Gongdimiao; all associated records are assigned to that named geological unit.,High,31,REF0055; REF0060; REF0061,RCB0012,REF0055; REF0060; REF0061
R0706,JT7/ηγT3a,203–208 Ma,S,GG0012,Gongdimiao,REF0055,REF0055,GG0012,Gongdimiao,Hunan,,Named pluton or intrusive unit,The linked references explicitly identify the Gongdimiao; all associated records are assigned to that named geological unit.,High,31,REF0055; REF0060; REF0061,RCB0012,REF0055; REF0060; REF0061
R0707,JT6/ηγT3a,203–208 Ma,S,GG0012,Gongdimiao,REF0055,REF0055,GG0012,Gongdimiao,Hunan,,Named pluton or intrusive unit,The linked references explicitly identify the Gongdimiao; all associated records are assigned to that named geological unit.,High,31,REF0055; REF0060; REF0061,RCB0012,REF0055; REF0060; REF0061
R0708,HXG4/ηγT3c,203–208 Ma,S,GG0012,Gongdimiao,REF0055,REF0055,GG0012,Gongdimiao,Hunan,,Named pluton or intrusive unit,The linked references explicitly identify the Gongdimiao; all associated records are assigned to that named geological unit.,High,31,REF0055; REF0060; REF0061,RCB0012,REF0055; REF0060; REF0061
R0709,JT3/ηγT2c,203–208 Ma,S,GG0012,Gongdimiao,REF0055,REF0055,GG0012,Gongdimiao,Hunan,,Named pluton or intrusive unit,The linked references explicitly identify the Gongdimiao; all associated records are assigned to that named geological unit.,High,31,REF0055; REF0060; REF0061,RCB0012,REF0055; REF0060; REF0061
R0710,JT2/ηγT2b,203–208 Ma,S,GG0012,Gongdimiao,REF0055,REF0055,GG0012,Gongdimiao,Hunan,,Named pluton or intrusive unit,The linked references explicitly identify the Gongdimiao; all associated records are assigned to that named geological unit.,High,31,REF0055; REF0060; REF0061,RCB0012,REF0055; REF0060; REF0061
R0711,HXG1/η𝜕T2b,203–208 Ma,S,GG0012,Gongdimiao,REF0055,REF0055,GG0012,Gongdimiao,Hunan,,Named pluton or intrusive unit,The linked references explicitly identify the Gongdimiao; all associated records are assigned to that named geological unit.,High,31,REF0055; REF0060; REF0061,RCB0012,REF0055; REF0060; REF0061
R0712,HXG2/η𝜕T2a,203–208 Ma,S,GG0012,Gongdimiao,REF0055,REF0055,GG0012,Gongdimiao,Hunan,,Named pluton or intrusive unit,The linked references explicitly identify the Gongdimiao; all associated records are assigned to that named geological unit.,High,31,REF0055; REF0060; REF0061,RCB0012,REF0055; REF0060; REF0061
R0713,HXG3/η𝜕T2a,203–208 Ma,S,GG0012,Gongdimiao,REF0055,REF0055,GG0012,Gongdimiao,Hunan,,Named pluton or intrusive unit,The linked references explicitly identify the Gongdimiao; all associated records are assigned to that named geological unit.,High,31,REF0055; REF0060; REF0061,RCB0012,REF0055; REF0060; REF0061
R0714,JT1/η𝜕T2a,203–208 Ma,S,GG0012,Gongdimiao,REF0055,REF0055,GG0012,Gongdimiao,Hunan,,Named pluton or intrusive unit,The linked references explicitly identify the Gongdimiao; all associated records are assigned to that named geological unit.,High,31,REF0055; REF0060; REF0061,RCB0012,REF0055; REF0060; REF0061
R0715,Jing0/Baoti,203–208 Ma,S,GG0012,Gongdimiao,REF0055,REF0055,GG0012,Gongdimiao,Hunan,,Named pluton or intrusive unit,The linked references explicitly identify the Gongdimiao; all associated records are assigned to that named geological unit.,High,31,REF0055; REF0060; REF0061,RCB0012,REF0055; REF0060; REF0061
R0716,ηγT3fHX202-1,216.4 ± 2.4 Ma,S,GG0059,Wawutang pluton,REF0056,REF0056,GG0059,Wawutang pluton,Hunan,,Pluton,The linked study explicitly identifies the Wawutang pluton; records are grouped at that named geological-unit level.,High,15,REF0056,RCB0043,REF0056
R0717,ηγT3fHX208-1,216.4 ± 2.4 Ma,S,GG0059,Wawutang pluton,REF0056,REF0056,GG0059,Wawutang pluton,Hunan,,Pluton,The linked study explicitly identifies the Wawutang pluton; records are grouped at that named geological-unit level.,High,15,REF0056,RCB0043,REF0056
R0718,ηγT3fHX214-1,216.4 ± 2.4 Ma,S,GG0059,Wawutang pluton,REF0056,REF0056,GG0059,Wawutang pluton,Hunan,,Pluton,The linked study explicitly identifies the Wawutang pluton; records are grouped at that named geological-unit level.,High,15,REF0056,RCB0043,REF0056
R0719,ηγT3eHX210-1,216.4 ± 2.4 Ma,S,GG0059,Wawutang pluton,REF0056,REF0056,GG0059,Wawutang pluton,Hunan,,Pluton,The linked study explicitly identifies the Wawutang pluton; records are grouped at that named geological-unit level.,High,15,REF0056,RCB0043,REF0056
R0720,ηγT3dHX215-1,216.4 ± 2.4 Ma,S,GG0059,Wawutang pluton,REF0056,REF0056,GG0059,Wawutang pluton,Hunan,,Pluton,The linked study explicitly identifies the Wawutang pluton; records are grouped at that named geological-unit level.,High,15,REF0056,RCB0043,REF0056
R0721,ηγT3dHX215-2,216.4 ± 2.4 Ma,S,GG0059,Wawutang pluton,REF0056,REF0056,GG0059,Wawutang pluton,Hunan,,Pluton,The linked study explicitly identifies the Wawutang pluton; records are grouped at that named geological-unit level.,High,15,REF0056,RCB0043,REF0056
R0722,ηγT3cHX211-1,216.4 ± 2.4 Ma,S,GG0059,Wawutang pluton,REF0056,REF0056,GG0059,Wawutang pluton,Hunan,,Pluton,The linked study explicitly identifies the Wawutang pluton; records are grouped at that named geological-unit level.,High,15,REF0056,RCB0043,REF0056
R0723,ηγT3cHX212-1,216.4 ± 2.4 Ma,S,GG0059,Wawutang pluton,REF0056,REF0056,GG0059,Wawutang pluton,Hunan,,Pluton,The linked study explicitly identifies the Wawutang pluton; records are grouped at that named geological-unit level.,High,15,REF0056,RCB0043,REF0056
R0724,ηγT3cHX213-1,216.4 ± 2.4 Ma,S,GG0059,Wawutang pluton,REF0056,REF0056,GG0059,Wawutang pluton,Hunan,,Pluton,The linked study explicitly identifies the Wawutang pluton; records are grouped at that named geological-unit level.,High,15,REF0056,RCB0043,REF0056
R0725,ηγT3bHX203-1,216.4 ± 2.4 Ma,S,GG0059,Wawutang pluton,REF0056,REF0056,GG0059,Wawutang pluton,Hunan,,Pluton,The linked study explicitly identifies the Wawutang pluton; records are grouped at that named geological-unit level.,High,15,REF0056,RCB0043,REF0056
R0726,ηγT3bHX206-1,216.4 ± 2.4 Ma,S,GG0059,Wawutang pluton,REF0056,REF0056,GG0059,Wawutang pluton,Hunan,,Pluton,The linked study explicitly identifies the Wawutang pluton; records are grouped at that named geological-unit level.,High,15,REF0056,RCB0043,REF0056
R0727,ηγT3bHX207-1,216.4 ± 2.4 Ma,S,GG0059,Wawutang pluton,REF0056,REF0056,GG0059,Wawutang pluton,Hunan,,Pluton,The linked study explicitly identifies the Wawutang pluton; records are grouped at that named geological-unit level.,High,15,REF0056,RCB0043,REF0056
R0728,ηγT3bHX216-1,216.4 ± 2.4 Ma,S,GG0059,Wawutang pluton,REF0056,REF0056,GG0059,Wawutang pluton,Hunan,,Pluton,The linked study explicitly identifies the Wawutang pluton; records are grouped at that named geological-unit level.,High,15,REF0056,RCB0043,REF0056
R0729,ηγT3bHX217-1,216.4 ± 2.4 Ma,S,GG0059,Wawutang pluton,REF0056,REF0056,GG0059,Wawutang pluton,Hunan,,Pluton,The linked study explicitly identifies the Wawutang pluton; records are grouped at that named geological-unit level.,High,15,REF0056,RCB0043,REF0056
R0730,γδT3aHX209-1,216.4 ± 2.4 Ma,S,GG0059,Wawutang pluton,REF0056,REF0056,GG0059,Wawutang pluton,Hunan,,Pluton,The linked study explicitly identifies the Wawutang pluton; records are grouped at that named geological-unit level.,High,15,REF0056,RCB0043,REF0056
R0731,ML1,428.5 ± 3.8 Ma; 409 ± 4 Ma,S,GG0021,Miao'ershan,REF0057,REF0057,GG0021,Miao'ershan,Hunan; Guangxi,,Composite or parent geological unit,Related subunits are consolidated under the named Miao'ershan parent unit so genetically and spatially related samples remain in one validation group.,Medium,140,REF0003; REF0004; REF0008; REF0036; REF0042; REF0043; REF0057; REF0058; REF0059; REF0206; REF0208; REF0209,RCB0010,REF0003; REF0004; REF0008; REF0036; REF0042; REF0043; REF0057; REF0058; REF0059; REF0206; REF0208; REF0209
R0732,ML2,428.5 ± 3.8 Ma; 409 ± 4 Ma,S,GG0021,Miao'ershan,REF0057,REF0057,GG0021,Miao'ershan,Hunan; Guangxi,,Composite or parent geological unit,Related subunits are consolidated under the named Miao'ershan parent unit so genetically and spatially related samples remain in one validation group.,Medium,140,REF0003; REF0004; REF0008; REF0036; REF0042; REF0043; REF0057; REF0058; REF0059; REF0206; REF0208; REF0209,RCB0010,REF0003; REF0004; REF0008; REF0036; REF0042; REF0043; REF0057; REF0058; REF0059; REF0206; REF0208; REF0209
R0733,ML3,428.5 ± 3.8 Ma; 409 ± 4 Ma,S,GG0021,Miao'ershan,REF0057,REF0057,GG0021,Miao'ershan,Hunan; Guangxi,,Composite or parent geological unit,Related subunits are consolidated under the named Miao'ershan parent unit so genetically and spatially related samples remain in one validation group.,Medium,140,REF0003; REF0004; REF0008; REF0036; REF0042; REF0043; REF0057; REF0058; REF0059; REF0206; REF0208; REF0209,RCB0010,REF0003; REF0004; REF0008; REF0036; REF0042; REF0043; REF0057; REF0058; REF0059; REF0206; REF0208; REF0209
R0734,ML4,428.5 ± 3.8 Ma; 409 ± 4 Ma,S,GG0021,Miao'ershan,REF0057,REF0057,GG0021,Miao'ershan,Hunan; Guangxi,,Composite or parent geological unit,Related subunits are consolidated under the named Miao'ershan parent unit so genetically and spatially related samples remain in one validation group.,Medium,140,REF0003; REF0004; REF0008; REF0036; REF0042; REF0043; REF0057; REF0058; REF0059; REF0206; REF0208; REF0209,RCB0010,REF0003; REF0004; REF0008; REF0036; REF0042; REF0043; REF0057; REF0058; REF0059; REF0206; REF0208; REF0209
R0735,ML5,428.5 ± 3.8 Ma; 409 ± 4 Ma,S,GG0021,Miao'ershan,REF0057,REF0057,GG0021,Miao'ershan,Hunan; Guangxi,,Composite or parent geological unit,Related subunits are consolidated under the named Miao'ershan parent unit so genetically and spatially related samples remain in one validation group.,Medium,140,REF0003; REF0004; REF0008; REF0036; REF0042; REF0043; REF0057; REF0058; REF0059; REF0206; REF0208; REF0209,RCB0010,REF0003; REF0004; REF0008; REF0036; REF0042; REF0043; REF0057; REF0058; REF0059; REF0206; REF0208; REF0209
R0736,ML6,428.5 ± 3.8 Ma; 409 ± 4 Ma,S,GG0021,Miao'ershan,REF0057,REF0057,GG0021,Miao'ershan,Hunan; Guangxi,,Composite or parent geological unit,Related subunits are consolidated under the named Miao'ershan parent unit so genetically and spatially related samples remain in one validation group.,Medium,140,REF0003; REF0004; REF0008; REF0036; REF0042; REF0043; REF0057; REF0058; REF0059; REF0206; REF0208; REF0209,RCB0010,REF0003; REF0004; REF0008; REF0036; REF0042; REF0043; REF0057; REF0058; REF0059; REF0206; REF0208; REF0209
R0737,HX311-1,428.5 ± 3.8 Ma; 409 ± 4 Ma,S,GG0021,Miao'ershan,REF0057,REF0057,GG0021,Miao'ershan,Hunan; Guangxi,,Composite or parent geological unit,Related subunits are consolidated under the named Miao'ershan parent unit so genetically and spatially related samples remain in one validation group.,Medium,140,REF0003; REF0004; REF0008; REF0036; REF0042; REF0043; REF0057; REF0058; REF0059; REF0206; REF0208; REF0209,RCB0010,REF0003; REF0004; REF0008; REF0036; REF0042; REF0043; REF0057; REF0058; REF0059; REF0206; REF0208; REF0209
R0738,HX308-1,428.5 ± 3.8 Ma; 409 ± 4 Ma,S,GG0021,Miao'ershan,REF0057,REF0057,GG0021,Miao'ershan,Hunan; Guangxi,,Composite or parent geological unit,Related subunits are consolidated under the named Miao'ershan parent unit so genetically and spatially related samples remain in one validation group.,Medium,140,REF0003; REF0004; REF0008; REF0036; REF0042; REF0043; REF0057; REF0058; REF0059; REF0206; REF0208; REF0209,RCB0010,REF0003; REF0004; REF0008; REF0036; REF0042; REF0043; REF0057; REF0058; REF0059; REF0206; REF0208; REF0209
R0739,HX313-1,428.5 ± 3.8 Ma; 409 ± 4 Ma,S,GG0021,Miao'ershan,REF0057,REF0057,GG0021,Miao'ershan,Hunan; Guangxi,,Composite or parent geological unit,Related subunits are consolidated under the named Miao'ershan parent unit so genetically and spatially related samples remain in one validation group.,Medium,140,REF0003; REF0004; REF0008; REF0036; REF0042; REF0043; REF0057; REF0058; REF0059; REF0206; REF0208; REF0209,RCB0010,REF0003; REF0004; REF0008; REF0036; REF0042; REF0043; REF0057; REF0058; REF0059; REF0206; REF0208; REF0209
R0740,HX325-1,428.5 ± 3.8 Ma; 409 ± 4 Ma,S,GG0021,Miao'ershan,REF0057,REF0057,GG0021,Miao'ershan,Hunan; Guangxi,,Composite or parent geological unit,Related subunits are consolidated under the named Miao'ershan parent unit so genetically and spatially related samples remain in one validation group.,Medium,140,REF0003; REF0004; REF0008; REF0036; REF0042; REF0043; REF0057; REF0058; REF0059; REF0206; REF0208; REF0209,RCB0010,REF0003; REF0004; REF0008; REF0036; REF0042; REF0043; REF0057; REF0058; REF0059; REF0206; REF0208; REF0209
R0741,HX302-1,428.5 ± 3.8 Ma; 409 ± 4 Ma,S,GG0021,Miao'ershan,REF0057,REF0057,GG0021,Miao'ershan,Hunan; Guangxi,,Composite or parent geological unit,Related subunits are consolidated under the named Miao'ershan parent unit so genetically and spatially related samples remain in one validation group.,Medium,140,REF0003; REF0004; REF0008; REF0036; REF0042; REF0043; REF0057; REF0058; REF0059; REF0206; REF0208; REF0209,RCB0010,REF0003; REF0004; REF0008; REF0036; REF0042; REF0043; REF0057; REF0058; REF0059; REF0206; REF0208; REF0209
R0742,HX307-1,428.5 ± 3.8 Ma; 409 ± 4 Ma,S,GG0021,Miao'ershan,REF0057,REF0057,GG0021,Miao'ershan,Hunan; Guangxi,,Composite or parent geological unit,Related subunits are consolidated under the named Miao'ershan parent unit so genetically and spatially related samples remain in one validation group.,Medium,140,REF0003; REF0004; REF0008; REF0036; REF0042; REF0043; REF0057; REF0058; REF0059; REF0206; REF0208; REF0209,RCB0010,REF0003; REF0004; REF0008; REF0036; REF0042; REF0043; REF0057; REF0058; REF0059; REF0206; REF0208; REF0209
R0743,HX324-1,428.5 ± 3.8 Ma; 409 ± 4 Ma,S,GG0021,Miao'ershan,REF0057,REF0057,GG0021,Miao'ershan,Hunan; Guangxi,,Composite or parent geological unit,Related subunits are consolidated under the named Miao'ershan parent unit so genetically and spatially related samples remain in one validation group.,Medium,140,REF0003; REF0004; REF0008; REF0036; REF0042; REF0043; REF0057; REF0058; REF0059; REF0206; REF0208; REF0209,RCB0010,REF0003; REF0004; REF0008; REF0036; REF0042; REF0043; REF0057; REF0058; REF0059; REF0206; REF0208; REF0209
R0744,HX304-1,428.5 ± 3.8 Ma; 409 ± 4 Ma,S,GG0021,Miao'ershan,REF0057,REF0057,GG0021,Miao'ershan,Hunan; Guangxi,,Composite or parent geological unit,Related subunits are consolidated under the named Miao'ershan parent unit so genetically and spatially related samples remain in one validation group.,Medium,140,REF0003; REF0004; REF0008; REF0036; REF0042; REF0043; REF0057; REF0058; REF0059; REF0206; REF0208; REF0209,RCB0010,REF0003; REF0004; REF0008; REF0036; REF0042; REF0043; REF0057; REF0058; REF0059; REF0206; REF0208; REF0209
R0745,ZK801-46,824.3 ± 4.5 Ma; 825.4 ± 4.1 Ma; 826.8 ± 4.8 Ma,S,GG0021,Miao'ershan,REF0058,REF0058,GG0021,Miao'ershan,Hunan; Guangxi,,Composite or parent geological unit,Related subunits are consolidated under the named Miao'ershan parent unit so genetically and spatially related samples remain in one validation group.,Medium,140,REF0003; REF0004; REF0008; REF0036; REF0042; REF0043; REF0057; REF0058; REF0059; REF0206; REF0208; REF0209,RCB0010,REF0003; REF0004; REF0008; REF0036; REF0042; REF0043; REF0057; REF0058; REF0059; REF0206; REF0208; REF0209
R0746,ZK802-114,824.3 ± 4.5 Ma; 825.4 ± 4.1 Ma; 826.8 ± 4.8 Ma,S,GG0021,Miao'ershan,REF0058,REF0058,GG0021,Miao'ershan,Hunan; Guangxi,,Composite or parent geological unit,Related subunits are consolidated under the named Miao'ershan parent unit so genetically and spatially related samples remain in one validation group.,Medium,140,REF0003; REF0004; REF0008; REF0036; REF0042; REF0043; REF0057; REF0058; REF0059; REF0206; REF0208; REF0209,RCB0010,REF0003; REF0004; REF0008; REF0036; REF0042; REF0043; REF0057; REF0058; REF0059; REF0206; REF0208; REF0209
R0747,18MES8-1,824.3 ± 4.5 Ma; 825.4 ± 4.1 Ma; 826.8 ± 4.8 Ma,S,GG0021,Miao'ershan,REF0058,REF0058,GG0021,Miao'ershan,Hunan; Guangxi,,Composite or parent geological unit,Related subunits are consolidated under the named Miao'ershan parent unit so genetically and spatially related samples remain in one validation group.,Medium,140,REF0003; REF0004; REF0008; REF0036; REF0042; REF0043; REF0057; REF0058; REF0059; REF0206; REF0208; REF0209,RCB0010,REF0003; REF0004; REF0008; REF0036; REF0042; REF0043; REF0057; REF0058; REF0059; REF0206; REF0208; REF0209
R0748,18MES8-2,824.3 ± 4.5 Ma; 825.4 ± 4.1 Ma; 826.8 ± 4.8 Ma,S,GG0021,Miao'ershan,REF0058,REF0058,GG0021,Miao'ershan,Hunan; Guangxi,,Composite or parent geological unit,Related subunits are consolidated under the named Miao'ershan parent unit so genetically and spatially related samples remain in one validation group.,Medium,140,REF0003; REF0004; REF0008; REF0036; REF0042; REF0043; REF0057; REF0058; REF0059; REF0206; REF0208; REF0209,RCB0010,REF0003; REF0004; REF0008; REF0036; REF0042; REF0043; REF0057; REF0058; REF0059; REF0206; REF0208; REF0209
R0749,ML7,70–153 Ma,S,GG0021,Miao'ershan,REF0059,REF0059,GG0021,Miao'ershan,Hunan; Guangxi,,Composite or parent geological unit,Related subunits are consolidated under the named Miao'ershan parent unit so genetically and spatially related samples remain in one validation group.,Medium,140,REF0003; REF0004; REF0008; REF0036; REF0042; REF0043; REF0057; REF0058; REF0059; REF0206; REF0208; REF0209,RCB0010,REF0003; REF0004; REF0008; REF0036; REF0042; REF0043; REF0057; REF0058; REF0059; REF0206; REF0208; REF0209
R0750,ML8,70–153 Ma,S,GG0021,Miao'ershan,REF0059,REF0059,GG0021,Miao'ershan,Hunan; Guangxi,,Composite or parent geological unit,Related subunits are consolidated under the named Miao'ershan parent unit so genetically and spatially related samples remain in one validation group.,Medium,140,REF0003; REF0004; REF0008; REF0036; REF0042; REF0043; REF0057; REF0058; REF0059; REF0206; REF0208; REF0209,RCB0010,REF0003; REF0004; REF0008; REF0036; REF0042; REF0043; REF0057; REF0058; REF0059; REF0206; REF0208; REF0209
R0751,ML9,70–153 Ma,S,GG0021,Miao'ershan,REF0059,REF0059,GG0021,Miao'ershan,Hunan; Guangxi,,Composite or parent geological unit,Related subunits are consolidated under the named Miao'ershan parent unit so genetically and spatially related samples remain in one validation group.,Medium,140,REF0003; REF0004; REF0008; REF0036; REF0042; REF0043; REF0057; REF0058; REF0059; REF0206; REF0208; REF0209,RCB0010,REF0003; REF0004; REF0008; REF0036; REF0042; REF0043; REF0057; REF0058; REF0059; REF0206; REF0208; REF0209
R0752,ML10,70–153 Ma,S,GG0021,Miao'ershan,REF0059,REF0059,GG0021,Miao'ershan,Hunan; Guangxi,,Composite or parent geological unit,Related subunits are consolidated under the named Miao'ershan parent unit so genetically and spatially related samples remain in one validation group.,Medium,140,REF0003; REF0004; REF0008; REF0036; REF0042; REF0043; REF0057; REF0058; REF0059; REF0206; REF0208; REF0209,RCB0010,REF0003; REF0004; REF0008; REF0036; REF0042; REF0043; REF0057; REF0058; REF0059; REF0206; REF0208; REF0209
R0753,ML11,70–153 Ma,S,GG0021,Miao'ershan,REF0059,REF0059,GG0021,Miao'ershan,Hunan; Guangxi,,Composite or parent geological unit,Related subunits are consolidated under the named Miao'ershan parent unit so genetically and spatially related samples remain in one validation group.,Medium,140,REF0003; REF0004; REF0008; REF0036; REF0042; REF0043; REF0057; REF0058; REF0059; REF0206; REF0208; REF0209,RCB0010,REF0003; REF0004; REF0008; REF0036; REF0042; REF0043; REF0057; REF0058; REF0059; REF0206; REF0208; REF0209
R0754,HX309-1,70–153 Ma,S,GG0021,Miao'ershan,REF0059,REF0059,GG0021,Miao'ershan,Hunan; Guangxi,,Composite or parent geological unit,Related subunits are consolidated under the named Miao'ershan parent unit so genetically and spatially related samples remain in one validation group.,Medium,140,REF0003; REF0004; REF0008; REF0036; REF0042; REF0043; REF0057; REF0058; REF0059; REF0206; REF0208; REF0209,RCB0010,REF0003; REF0004; REF0008; REF0036; REF0042; REF0043; REF0057; REF0058; REF0059; REF0206; REF0208; REF0209
R0755,HX320-1,70–153 Ma,S,GG0021,Miao'ershan,REF0059,REF0059,GG0021,Miao'ershan,Hunan; Guangxi,,Composite or parent geological unit,Related subunits are consolidated under the named Miao'ershan parent unit so genetically and spatially related samples remain in one validation group.,Medium,140,REF0003; REF0004; REF0008; REF0036; REF0042; REF0043; REF0057; REF0058; REF0059; REF0206; REF0208; REF0209,RCB0010,REF0003; REF0004; REF0008; REF0036; REF0042; REF0043; REF0057; REF0058; REF0059; REF0206; REF0208; REF0209
R0756,HX318-1,70–153 Ma,S,GG0021,Miao'ershan,REF0059,REF0059,GG0021,Miao'ershan,Hunan; Guangxi,,Composite or parent geological unit,Related subunits are consolidated under the named Miao'ershan parent unit so genetically and spatially related samples remain in one validation group.,Medium,140,REF0003; REF0004; REF0008; REF0036; REF0042; REF0043; REF0057; REF0058; REF0059; REF0206; REF0208; REF0209,RCB0010,REF0003; REF0004; REF0008; REF0036; REF0042; REF0043; REF0057; REF0058; REF0059; REF0206; REF0208; REF0209
R0757,HX315-1,70–153 Ma,S,GG0021,Miao'ershan,REF0059,REF0059,GG0021,Miao'ershan,Hunan; Guangxi,,Composite or parent geological unit,Related subunits are consolidated under the named Miao'ershan parent unit so genetically and spatially related samples remain in one validation group.,Medium,140,REF0003; REF0004; REF0008; REF0036; REF0042; REF0043; REF0057; REF0058; REF0059; REF0206; REF0208; REF0209,RCB0010,REF0003; REF0004; REF0008; REF0036; REF0042; REF0043; REF0057; REF0058; REF0059; REF0206; REF0208; REF0209
R0758,GD11-01,223.4 ± 1.9 Ma,S,GG0012,Gongdimiao,REF0060,REF0060,GG0012,Gongdimiao,Hunan,,Named pluton or intrusive unit,The linked references explicitly identify the Gongdimiao; all associated records are assigned to that named geological unit.,High,31,REF0055; REF0060; REF0061,RCB0012,REF0055; REF0060; REF0061
R0759,GD11-04,223.4 ± 1.9 Ma,S,GG0012,Gongdimiao,REF0060,REF0060,GG0012,Gongdimiao,Hunan,,Named pluton or intrusive unit,The linked references explicitly identify the Gongdimiao; all associated records are assigned to that named geological unit.,High,31,REF0055; REF0060; REF0061,RCB0012,REF0055; REF0060; REF0061
R0760,GD11-06,223.4 ± 1.9 Ma,S,GG0012,Gongdimiao,REF0060,REF0060,GG0012,Gongdimiao,Hunan,,Named pluton or intrusive unit,The linked references explicitly identify the Gongdimiao; all associated records are assigned to that named geological unit.,High,31,REF0055; REF0060; REF0061,RCB0012,REF0055; REF0060; REF0061
R0761,GD11-07,223.4 ± 1.9 Ma,S,GG0012,Gongdimiao,REF0060,REF0060,GG0012,Gongdimiao,Hunan,,Named pluton or intrusive unit,The linked references explicitly identify the Gongdimiao; all associated records are assigned to that named geological unit.,High,31,REF0055; REF0060; REF0061,RCB0012,REF0055; REF0060; REF0061
R0762,DG11-09,223.4 ± 1.9 Ma,S,GG0012,Gongdimiao,REF0060,REF0060,GG0012,Gongdimiao,Hunan,,Named pluton or intrusive unit,The linked references explicitly identify the Gongdimiao; all associated records are assigned to that named geological unit.,High,31,REF0055; REF0060; REF0061,RCB0012,REF0055; REF0060; REF0061
R0763,GD11-13,223.4 ± 1.9 Ma,S,GG0012,Gongdimiao,REF0060,REF0060,GG0012,Gongdimiao,Hunan,,Named pluton or intrusive unit,The linked references explicitly identify the Gongdimiao; all associated records are assigned to that named geological unit.,High,31,REF0055; REF0060; REF0061,RCB0012,REF0055; REF0060; REF0061
R0764,GD11-15,223.4 ± 1.9 Ma,S,GG0012,Gongdimiao,REF0060,REF0060,GG0012,Gongdimiao,Hunan,,Named pluton or intrusive unit,The linked references explicitly identify the Gongdimiao; all associated records are assigned to that named geological unit.,High,31,REF0055; REF0060; REF0061,RCB0012,REF0055; REF0060; REF0061
R0765,JT-H1,247 Ma,S,GG0012,Gongdimiao,REF0061,REF0061,GG0012,Gongdimiao,Hunan,,Named pluton or intrusive unit,The linked references explicitly identify the Gongdimiao; all associated records are assigned to that named geological unit.,High,31,REF0055; REF0060; REF0061,RCB0012,REF0055; REF0060; REF0061
R0766,JT-H2,247 Ma,S,GG0012,Gongdimiao,REF0061,REF0061,GG0012,Gongdimiao,Hunan,,Named pluton or intrusive unit,The linked references explicitly identify the Gongdimiao; all associated records are assigned to that named geological unit.,High,31,REF0055; REF0060; REF0061,RCB0012,REF0055; REF0060; REF0061
R0767,JT-H3,247 Ma,S,GG0012,Gongdimiao,REF0061,REF0061,GG0012,Gongdimiao,Hunan,,Named pluton or intrusive unit,The linked references explicitly identify the Gongdimiao; all associated records are assigned to that named geological unit.,High,31,REF0055; REF0060; REF0061,RCB0012,REF0055; REF0060; REF0061
R0768,JT-H4,247 Ma,S,GG0012,Gongdimiao,REF0061,REF0061,GG0012,Gongdimiao,Hunan,,Named pluton or intrusive unit,The linked references explicitly identify the Gongdimiao; all associated records are assigned to that named geological unit.,High,31,REF0055; REF0060; REF0061,RCB0012,REF0055; REF0060; REF0061
R0769,JT-H5,247 Ma,S,GG0012,Gongdimiao,REF0061,REF0061,GG0012,Gongdimiao,Hunan,,Named pluton or intrusive unit,The linked references explicitly identify the Gongdimiao; all associated records are assigned to that named geological unit.,High,31,REF0055; REF0060; REF0061,RCB0012,REF0055; REF0060; REF0061
R0770,JT-H6,247 Ma,S,GG0012,Gongdimiao,REF0061,REF0061,GG0012,Gongdimiao,Hunan,,Named pluton or intrusive unit,The linked references explicitly identify the Gongdimiao; all associated records are assigned to that named geological unit.,High,31,REF0055; REF0060; REF0061,RCB0012,REF0055; REF0060; REF0061
R0771,JT-H7,247 Ma,S,GG0012,Gongdimiao,REF0061,REF0061,GG0012,Gongdimiao,Hunan,,Named pluton or intrusive unit,The linked references explicitly identify the Gongdimiao; all associated records are assigned to that named geological unit.,High,31,REF0055; REF0060; REF0061,RCB0012,REF0055; REF0060; REF0061
R0772,JT-H8,247 Ma,S,GG0012,Gongdimiao,REF0061,REF0061,GG0012,Gongdimiao,Hunan,,Named pluton or intrusive unit,The linked references explicitly identify the Gongdimiao; all associated records are assigned to that named geological unit.,High,31,REF0055; REF0060; REF0061,RCB0012,REF0055; REF0060; REF0061
R0773,JT-H9,247 Ma,S,GG0012,Gongdimiao,REF0061,REF0061,GG0012,Gongdimiao,Hunan,,Named pluton or intrusive unit,The linked references explicitly identify the Gongdimiao; all associated records are assigned to that named geological unit.,High,31,REF0055; REF0060; REF0061,RCB0012,REF0055; REF0060; REF0061
R0774,JT-H10,247 Ma,S,GG0012,Gongdimiao,REF0061,REF0061,GG0012,Gongdimiao,Hunan,,Named pluton or intrusive unit,The linked references explicitly identify the Gongdimiao; all associated records are assigned to that named geological unit.,High,31,REF0055; REF0060; REF0061,RCB0012,REF0055; REF0060; REF0061
R0786,H16-1-5,201–419 Ma,S,GG0061,Hecaokeng,REF0063,REF0063,GG0061,Hecaokeng,Jiangxi,,Named pluton or intrusive unit,The linked references explicitly identify the Hecaokeng; all associated records are assigned to that named geological unit.,High,10,REF0063; REF0064,RCB0044,REF0063; REF0064
R0787,H16-1-3,201–419 Ma,S,GG0061,Hecaokeng,REF0063,REF0063,GG0061,Hecaokeng,Jiangxi,,Named pluton or intrusive unit,The linked references explicitly identify the Hecaokeng; all associated records are assigned to that named geological unit.,High,10,REF0063; REF0064,RCB0044,REF0063; REF0064
R0788,H16-1-1,201–419 Ma,S,GG0061,Hecaokeng,REF0063,REF0063,GG0061,Hecaokeng,Jiangxi,,Named pluton or intrusive unit,The linked references explicitly identify the Hecaokeng; all associated records are assigned to that named geological unit.,High,10,REF0063; REF0064,RCB0044,REF0063; REF0064
R0789,H16-1-6,201–419 Ma,S,GG0061,Hecaokeng,REF0063,REF0063,GG0061,Hecaokeng,Jiangxi,,Named pluton or intrusive unit,The linked references explicitly identify the Hecaokeng; all associated records are assigned to that named geological unit.,High,10,REF0063; REF0064,RCB0044,REF0063; REF0064
R0790,H16-1-2,201–419 Ma,S,GG0061,Hecaokeng,REF0063,REF0063,GG0061,Hecaokeng,Jiangxi,,Named pluton or intrusive unit,The linked references explicitly identify the Hecaokeng; all associated records are assigned to that named geological unit.,High,10,REF0063; REF0064,RCB0044,REF0063; REF0064
R0791,Medium- to coarse-grained porphyritic biotite granite,209–250 Ma,S,GG0061,Hecaokeng,REF0064,REF0064,GG0061,Hecaokeng,Jiangxi,,Named pluton or intrusive unit,The linked references explicitly identify the Hecaokeng; all associated records are assigned to that named geological unit.,High,10,REF0063; REF0064,RCB0044,REF0063; REF0064
R0792,Fine-grained porphyritic biotite granite,150–164 Ma,S,GG0061,Hecaokeng,REF0064,REF0064,GG0061,Hecaokeng,Jiangxi,,Named pluton or intrusive unit,The linked references explicitly identify the Hecaokeng; all associated records are assigned to that named geological unit.,High,10,REF0063; REF0064,RCB0044,REF0063; REF0064
R0793,Medium- to fine-grained porphyritic biotite granite,150–164 Ma,S,GG0061,Hecaokeng,REF0064,REF0064,GG0061,Hecaokeng,Jiangxi,,Named pluton or intrusive unit,The linked references explicitly identify the Hecaokeng; all associated records are assigned to that named geological unit.,High,10,REF0063; REF0064,RCB0044,REF0063; REF0064
R0794,Fine-grained two-mica granite,150–164 Ma,S,GG0061,Hecaokeng,REF0064,REF0064,GG0061,Hecaokeng,Jiangxi,,Named pluton or intrusive unit,The linked references explicitly identify the Hecaokeng; all associated records are assigned to that named geological unit.,High,10,REF0063; REF0064,RCB0044,REF0063; REF0064
R0795,Fine-grained biotite granite,150–164 Ma,S,GG0061,Hecaokeng,REF0064,REF0064,GG0061,Hecaokeng,Jiangxi,,Named pluton or intrusive unit,The linked references explicitly identify the Hecaokeng; all associated records are assigned to that named geological unit.,High,10,REF0063; REF0064,RCB0044,REF0063; REF0064
R0796,STL13,235.8–246.2 Ma,S,GG0034,Xiazhuang,REF0065,REF0065,GG0034,Xiazhuang,Guangdong,,Composite or parent geological unit,Related subunits are consolidated under the named Xiazhuang parent unit so genetically and spatially related samples remain in one validation group.,Medium,75,REF0015; REF0037; REF0048; REF0065; REF0066; REF0068,RCB0027,REF0015; REF0037; REF0048; REF0065; REF0066; REF0068
R0797,STL33-1,235.8–246.2 Ma,S,GG0034,Xiazhuang,REF0065,REF0065,GG0034,Xiazhuang,Guangdong,,Composite or parent geological unit,Related subunits are consolidated under the named Xiazhuang parent unit so genetically and spatially related samples remain in one validation group.,Medium,75,REF0015; REF0037; REF0048; REF0065; REF0066; REF0068,RCB0027,REF0015; REF0037; REF0048; REF0065; REF0066; REF0068
R0798,STL03,235.8–246.2 Ma,S,GG0034,Xiazhuang,REF0065,REF0065,GG0034,Xiazhuang,Guangdong,,Composite or parent geological unit,Related subunits are consolidated under the named Xiazhuang parent unit so genetically and spatially related samples remain in one validation group.,Medium,75,REF0015; REF0037; REF0048; REF0065; REF0066; REF0068,RCB0027,REF0015; REF0037; REF0048; REF0065; REF0066; REF0068
R0799,STL33-2,235.8–246.2 Ma,S,GG0034,Xiazhuang,REF0065,REF0065,GG0034,Xiazhuang,Guangdong,,Composite or parent geological unit,Related subunits are consolidated under the named Xiazhuang parent unit so genetically and spatially related samples remain in one validation group.,Medium,75,REF0015; REF0037; REF0048; REF0065; REF0066; REF0068,RCB0027,REF0015; REF0037; REF0048; REF0065; REF0066; REF0068
R0800,STL23-2,235.8–246.2 Ma,S,GG0034,Xiazhuang,REF0065,REF0065,GG0034,Xiazhuang,Guangdong,,Composite or parent geological unit,Related subunits are consolidated under the named Xiazhuang parent unit so genetically and spatially related samples remain in one validation group.,Medium,75,REF0015; REF0037; REF0048; REF0065; REF0066; REF0068,RCB0027,REF0015; REF0037; REF0048; REF0065; REF0066; REF0068
R0801,STL23-1,235.8–246.2 Ma,S,GG0034,Xiazhuang,REF0065,REF0065,GG0034,Xiazhuang,Guangdong,,Composite or parent geological unit,Related subunits are consolidated under the named Xiazhuang parent unit so genetically and spatially related samples remain in one validation group.,Medium,75,REF0015; REF0037; REF0048; REF0065; REF0066; REF0068,RCB0027,REF0015; REF0037; REF0048; REF0065; REF0066; REF0068
R0802,STL02,235.8–246.2 Ma,S,GG0034,Xiazhuang,REF0065,REF0065,GG0034,Xiazhuang,Guangdong,,Composite or parent geological unit,Related subunits are consolidated under the named Xiazhuang parent unit so genetically and spatially related samples remain in one validation group.,Medium,75,REF0015; REF0037; REF0048; REF0065; REF0066; REF0068,RCB0027,REF0015; REF0037; REF0048; REF0065; REF0066; REF0068
R0803,STL12,235.8–246.2 Ma,S,GG0034,Xiazhuang,REF0065,REF0065,GG0034,Xiazhuang,Guangdong,,Composite or parent geological unit,Related subunits are consolidated under the named Xiazhuang parent unit so genetically and spatially related samples remain in one validation group.,Medium,75,REF0015; REF0037; REF0048; REF0065; REF0066; REF0068,RCB0027,REF0015; REF0037; REF0048; REF0065; REF0066; REF0068
R0804,STL21,235.8–246.2 Ma,S,GG0034,Xiazhuang,REF0065,REF0065,GG0034,Xiazhuang,Guangdong,,Composite or parent geological unit,Related subunits are consolidated under the named Xiazhuang parent unit so genetically and spatially related samples remain in one validation group.,Medium,75,REF0015; REF0037; REF0048; REF0065; REF0066; REF0068,RCB0027,REF0015; REF0037; REF0048; REF0065; REF0066; REF0068
R0805,STL32-1,235.8–246.2 Ma,S,GG0034,Xiazhuang,REF0065,REF0065,GG0034,Xiazhuang,Guangdong,,Composite or parent geological unit,Related subunits are consolidated under the named Xiazhuang parent unit so genetically and spatially related samples remain in one validation group.,Medium,75,REF0015; REF0037; REF0048; REF0065; REF0066; REF0068,RCB0027,REF0015; REF0037; REF0048; REF0065; REF0066; REF0068
R0806,STL22-1,235.8–246.2 Ma,S,GG0034,Xiazhuang,REF0065,REF0065,GG0034,Xiazhuang,Guangdong,,Composite or parent geological unit,Related subunits are consolidated under the named Xiazhuang parent unit so genetically and spatially related samples remain in one validation group.,Medium,75,REF0015; REF0037; REF0048; REF0065; REF0066; REF0068,RCB0027,REF0015; REF0037; REF0048; REF0065; REF0066; REF0068
R0807,STL19,235.8–246.2 Ma,S,GG0034,Xiazhuang,REF0065,REF0065,GG0034,Xiazhuang,Guangdong,,Composite or parent geological unit,Related subunits are consolidated under the named Xiazhuang parent unit so genetically and spatially related samples remain in one validation group.,Medium,75,REF0015; REF0037; REF0048; REF0065; REF0066; REF0068,RCB0027,REF0015; REF0037; REF0048; REF0065; REF0066; REF0068
R0808,STL32-2,235.8–246.2 Ma,S,GG0034,Xiazhuang,REF0065,REF0065,GG0034,Xiazhuang,Guangdong,,Composite or parent geological unit,Related subunits are consolidated under the named Xiazhuang parent unit so genetically and spatially related samples remain in one validation group.,Medium,75,REF0015; REF0037; REF0048; REF0065; REF0066; REF0068,RCB0027,REF0015; REF0037; REF0048; REF0065; REF0066; REF0068
R0809,STL22-2,235.8–246.2 Ma,S,GG0034,Xiazhuang,REF0065,REF0065,GG0034,Xiazhuang,Guangdong,,Composite or parent geological unit,Related subunits are consolidated under the named Xiazhuang parent unit so genetically and spatially related samples remain in one validation group.,Medium,75,REF0015; REF0037; REF0048; REF0065; REF0066; REF0068,RCB0027,REF0015; REF0037; REF0048; REF0065; REF0066; REF0068
R0810,STL31-2,235.8–246.2 Ma,S,GG0034,Xiazhuang,REF0065,REF0065,GG0034,Xiazhuang,Guangdong,,Composite or parent geological unit,Related subunits are consolidated under the named Xiazhuang parent unit so genetically and spatially related samples remain in one validation group.,Medium,75,REF0015; REF0037; REF0048; REF0065; REF0066; REF0068,RCB0027,REF0015; REF0037; REF0048; REF0065; REF0066; REF0068
R0811,STL21-2,235.8–246.2 Ma,S,GG0034,Xiazhuang,REF0065,REF0065,GG0034,Xiazhuang,Guangdong,,Composite or parent geological unit,Related subunits are consolidated under the named Xiazhuang parent unit so genetically and spatially related samples remain in one validation group.,Medium,75,REF0015; REF0037; REF0048; REF0065; REF0066; REF0068,RCB0027,REF0015; REF0037; REF0048; REF0065; REF0066; REF0068
R0812,STL07,235.8–246.2 Ma,S,GG0034,Xiazhuang,REF0065,REF0065,GG0034,Xiazhuang,Guangdong,,Composite or parent geological unit,Related subunits are consolidated under the named Xiazhuang parent unit so genetically and spatially related samples remain in one validation group.,Medium,75,REF0015; REF0037; REF0048; REF0065; REF0066; REF0068,RCB0027,REF0015; REF0037; REF0048; REF0065; REF0066; REF0068
R0813,STL11,235.8–246.2 Ma,S,GG0034,Xiazhuang,REF0065,REF0065,GG0034,Xiazhuang,Guangdong,,Composite or parent geological unit,Related subunits are consolidated under the named Xiazhuang parent unit so genetically and spatially related samples remain in one validation group.,Medium,75,REF0015; REF0037; REF0048; REF0065; REF0066; REF0068,RCB0027,REF0015; REF0037; REF0048; REF0065; REF0066; REF0068
R0814,STL01,235.8–246.2 Ma,S,GG0034,Xiazhuang,REF0065,REF0065,GG0034,Xiazhuang,Guangdong,,Composite or parent geological unit,Related subunits are consolidated under the named Xiazhuang parent unit so genetically and spatially related samples remain in one validation group.,Medium,75,REF0015; REF0037; REF0048; REF0065; REF0066; REF0068,RCB0027,REF0015; REF0037; REF0048; REF0065; REF0066; REF0068
R0815,STL21-1,235.8–246.2 Ma,S,GG0034,Xiazhuang,REF0065,REF0065,GG0034,Xiazhuang,Guangdong,,Composite or parent geological unit,Related subunits are consolidated under the named Xiazhuang parent unit so genetically and spatially related samples remain in one validation group.,Medium,75,REF0015; REF0037; REF0048; REF0065; REF0066; REF0068,RCB0027,REF0015; REF0037; REF0048; REF0065; REF0066; REF0068
R0816,STL31-1,235.8–246.2 Ma,S,GG0034,Xiazhuang,REF0065,REF0065,GG0034,Xiazhuang,Guangdong,,Composite or parent geological unit,Related subunits are consolidated under the named Xiazhuang parent unit so genetically and spatially related samples remain in one validation group.,Medium,75,REF0015; REF0037; REF0048; REF0065; REF0066; REF0068,RCB0027,REF0015; REF0037; REF0048; REF0065; REF0066; REF0068
R0817,Y01,220–230 Ma,S,GG0034,Xiazhuang,REF0066,REF0066,GG0034,Xiazhuang,Guangdong,,Composite or parent geological unit,Related subunits are consolidated under the named Xiazhuang parent unit so genetically and spatially related samples remain in one validation group.,Medium,75,REF0015; REF0037; REF0048; REF0065; REF0066; REF0068,RCB0027,REF0015; REF0037; REF0048; REF0065; REF0066; REF0068
R0818,Y02,220–230 Ma,S,GG0034,Xiazhuang,REF0066,REF0066,GG0034,Xiazhuang,Guangdong,,Composite or parent geological unit,Related subunits are consolidated under the named Xiazhuang parent unit so genetically and spatially related samples remain in one validation group.,Medium,75,REF0015; REF0037; REF0048; REF0065; REF0066; REF0068,RCB0027,REF0015; REF0037; REF0048; REF0065; REF0066; REF0068
R0819,Y03,220–230 Ma,S,GG0034,Xiazhuang,REF0066,REF0066,GG0034,Xiazhuang,Guangdong,,Composite or parent geological unit,Related subunits are consolidated under the named Xiazhuang parent unit so genetically and spatially related samples remain in one validation group.,Medium,75,REF0015; REF0037; REF0048; REF0065; REF0066; REF0068,RCB0027,REF0015; REF0037; REF0048; REF0065; REF0066; REF0068
R0820,Y04,220–230 Ma,S,GG0034,Xiazhuang,REF0066,REF0066,GG0034,Xiazhuang,Guangdong,,Composite or parent geological unit,Related subunits are consolidated under the named Xiazhuang parent unit so genetically and spatially related samples remain in one validation group.,Medium,75,REF0015; REF0037; REF0048; REF0065; REF0066; REF0068,RCB0027,REF0015; REF0037; REF0048; REF0065; REF0066; REF0068
R0821,Y05,220–230 Ma,S,GG0034,Xiazhuang,REF0066,REF0066,GG0034,Xiazhuang,Guangdong,,Composite or parent geological unit,Related subunits are consolidated under the named Xiazhuang parent unit so genetically and spatially related samples remain in one validation group.,Medium,75,REF0015; REF0037; REF0048; REF0065; REF0066; REF0068,RCB0027,REF0015; REF0037; REF0048; REF0065; REF0066; REF0068
R0822,Y06,220–230 Ma,S,GG0034,Xiazhuang,REF0066,REF0066,GG0034,Xiazhuang,Guangdong,,Composite or parent geological unit,Related subunits are consolidated under the named Xiazhuang parent unit so genetically and spatially related samples remain in one validation group.,Medium,75,REF0015; REF0037; REF0048; REF0065; REF0066; REF0068,RCB0027,REF0015; REF0037; REF0048; REF0065; REF0066; REF0068
R0823,Y07,220–230 Ma,S,GG0034,Xiazhuang,REF0066,REF0066,GG0034,Xiazhuang,Guangdong,,Composite or parent geological unit,Related subunits are consolidated under the named Xiazhuang parent unit so genetically and spatially related samples remain in one validation group.,Medium,75,REF0015; REF0037; REF0048; REF0065; REF0066; REF0068,RCB0027,REF0015; REF0037; REF0048; REF0065; REF0066; REF0068
R0824,Y08,220–230 Ma,S,GG0034,Xiazhuang,REF0066,REF0066,GG0034,Xiazhuang,Guangdong,,Composite or parent geological unit,Related subunits are consolidated under the named Xiazhuang parent unit so genetically and spatially related samples remain in one validation group.,Medium,75,REF0015; REF0037; REF0048; REF0065; REF0066; REF0068,RCB0027,REF0015; REF0037; REF0048; REF0065; REF0066; REF0068
R0825,Y09,220–230 Ma,S,GG0034,Xiazhuang,REF0066,REF0066,GG0034,Xiazhuang,Guangdong,,Composite or parent geological unit,Related subunits are consolidated under the named Xiazhuang parent unit so genetically and spatially related samples remain in one validation group.,Medium,75,REF0015; REF0037; REF0048; REF0065; REF0066; REF0068,RCB0027,REF0015; REF0037; REF0048; REF0065; REF0066; REF0068
R0826,Y10,220–230 Ma,S,GG0034,Xiazhuang,REF0066,REF0066,GG0034,Xiazhuang,Guangdong,,Composite or parent geological unit,Related subunits are consolidated under the named Xiazhuang parent unit so genetically and spatially related samples remain in one validation group.,Medium,75,REF0015; REF0037; REF0048; REF0065; REF0066; REF0068,RCB0027,REF0015; REF0037; REF0048; REF0065; REF0066; REF0068
R0827,Y11,220–230 Ma,S,GG0034,Xiazhuang,REF0066,REF0066,GG0034,Xiazhuang,Guangdong,,Composite or parent geological unit,Related subunits are consolidated under the named Xiazhuang parent unit so genetically and spatially related samples remain in one validation group.,Medium,75,REF0015; REF0037; REF0048; REF0065; REF0066; REF0068,RCB0027,REF0015; REF0037; REF0048; REF0065; REF0066; REF0068
R0828,Y12,220–230 Ma,S,GG0034,Xiazhuang,REF0066,REF0066,GG0034,Xiazhuang,Guangdong,,Composite or parent geological unit,Related subunits are consolidated under the named Xiazhuang parent unit so genetically and spatially related samples remain in one validation group.,Medium,75,REF0015; REF0037; REF0048; REF0065; REF0066; REF0068,RCB0027,REF0015; REF0037; REF0048; REF0065; REF0066; REF0068
R0829,Y13,220–230 Ma,S,GG0034,Xiazhuang,REF0066,REF0066,GG0034,Xiazhuang,Guangdong,,Composite or parent geological unit,Related subunits are consolidated under the named Xiazhuang parent unit so genetically and spatially related samples remain in one validation group.,Medium,75,REF0015; REF0037; REF0048; REF0065; REF0066; REF0068,RCB0027,REF0015; REF0037; REF0048; REF0065; REF0066; REF0068
R0830,Y14,220–230 Ma,S,GG0034,Xiazhuang,REF0066,REF0066,GG0034,Xiazhuang,Guangdong,,Composite or parent geological unit,Related subunits are consolidated under the named Xiazhuang parent unit so genetically and spatially related samples remain in one validation group.,Medium,75,REF0015; REF0037; REF0048; REF0065; REF0066; REF0068,RCB0027,REF0015; REF0037; REF0048; REF0065; REF0066; REF0068
R0831,Y15,220–230 Ma,S,GG0034,Xiazhuang,REF0066,REF0066,GG0034,Xiazhuang,Guangdong,,Composite or parent geological unit,Related subunits are consolidated under the named Xiazhuang parent unit so genetically and spatially related samples remain in one validation group.,Medium,75,REF0015; REF0037; REF0048; REF0065; REF0066; REF0068,RCB0027,REF0015; REF0037; REF0048; REF0065; REF0066; REF0068
R0832,231-06,169–193 Ma,S,GG0046,Zhujianjian,REF0067,REF0067,GG0046,Zhujianjian,Guangdong,,Named pluton or intrusive unit,The linked references explicitly identify the Zhujianjian; all associated records are assigned to that named geological unit.,High,18,REF0017; REF0067,RCB0035,REF0017; REF0067
R0833,231-26,169–193 Ma,S,GG0046,Zhujianjian,REF0067,REF0067,GG0046,Zhujianjian,Guangdong,,Named pluton or intrusive unit,The linked references explicitly identify the Zhujianjian; all associated records are assigned to that named geological unit.,High,18,REF0017; REF0067,RCB0035,REF0017; REF0067
R0834,231-30,169–193 Ma,S,GG0046,Zhujianjian,REF0067,REF0067,GG0046,Zhujianjian,Guangdong,,Named pluton or intrusive unit,The linked references explicitly identify the Zhujianjian; all associated records are assigned to that named geological unit.,High,18,REF0017; REF0067,RCB0035,REF0017; REF0067
R0835,231-21,169–193 Ma,S,GG0046,Zhujianjian,REF0067,REF0067,GG0046,Zhujianjian,Guangdong,,Named pluton or intrusive unit,The linked references explicitly identify the Zhujianjian; all associated records are assigned to that named geological unit.,High,18,REF0017; REF0067,RCB0035,REF0017; REF0067
R0836,231-156,169–193 Ma,S,GG0046,Zhujianjian,REF0067,REF0067,GG0046,Zhujianjian,Guangdong,,Named pluton or intrusive unit,The linked references explicitly identify the Zhujianjian; all associated records are assigned to that named geological unit.,High,18,REF0017; REF0067,RCB0035,REF0017; REF0067
R0837,231-173,169–193 Ma,S,GG0046,Zhujianjian,REF0067,REF0067,GG0046,Zhujianjian,Guangdong,,Named pluton or intrusive unit,The linked references explicitly identify the Zhujianjian; all associated records are assigned to that named geological unit.,High,18,REF0017; REF0067,RCB0035,REF0017; REF0067
R0838,231-05,169–193 Ma,S,GG0046,Zhujianjian,REF0067,REF0067,GG0046,Zhujianjian,Guangdong,,Named pluton or intrusive unit,The linked references explicitly identify the Zhujianjian; all associated records are assigned to that named geological unit.,High,18,REF0017; REF0067,RCB0035,REF0017; REF0067
R0839,231-77-2,169–193 Ma,S,GG0046,Zhujianjian,REF0067,REF0067,GG0046,Zhujianjian,Guangdong,,Named pluton or intrusive unit,The linked references explicitly identify the Zhujianjian; all associated records are assigned to that named geological unit.,High,18,REF0017; REF0067,RCB0035,REF0017; REF0067
R0840,231-71,143–152 Ma,S,GG0034,Xiazhuang,REF0068,REF0068,GG0034,Xiazhuang,Guangdong,,Composite or parent geological unit,Related subunits are consolidated under the named Xiazhuang parent unit so genetically and spatially related samples remain in one validation group.,Medium,75,REF0015; REF0037; REF0048; REF0065; REF0066; REF0068,RCB0027,REF0015; REF0037; REF0048; REF0065; REF0066; REF0068
R0841,231-76,143–152 Ma,S,GG0034,Xiazhuang,REF0068,REF0068,GG0034,Xiazhuang,Guangdong,,Composite or parent geological unit,Related subunits are consolidated under the named Xiazhuang parent unit so genetically and spatially related samples remain in one validation group.,Medium,75,REF0015; REF0037; REF0048; REF0065; REF0066; REF0068,RCB0027,REF0015; REF0037; REF0048; REF0065; REF0066; REF0068
R0842,231-78,143–152 Ma,S,GG0034,Xiazhuang,REF0068,REF0068,GG0034,Xiazhuang,Guangdong,,Composite or parent geological unit,Related subunits are consolidated under the named Xiazhuang parent unit so genetically and spatially related samples remain in one validation group.,Medium,75,REF0015; REF0037; REF0048; REF0065; REF0066; REF0068,RCB0027,REF0015; REF0037; REF0048; REF0065; REF0066; REF0068
R0843,231-118,143–152 Ma,S,GG0034,Xiazhuang,REF0068,REF0068,GG0034,Xiazhuang,Guangdong,,Composite or parent geological unit,Related subunits are consolidated under the named Xiazhuang parent unit so genetically and spatially related samples remain in one validation group.,Medium,75,REF0015; REF0037; REF0048; REF0065; REF0066; REF0068,RCB0027,REF0015; REF0037; REF0048; REF0065; REF0066; REF0068
R0844,231-130,143–152 Ma,S,GG0034,Xiazhuang,REF0068,REF0068,GG0034,Xiazhuang,Guangdong,,Composite or parent geological unit,Related subunits are consolidated under the named Xiazhuang parent unit so genetically and spatially related samples remain in one validation group.,Medium,75,REF0015; REF0037; REF0048; REF0065; REF0066; REF0068,RCB0027,REF0015; REF0037; REF0048; REF0065; REF0066; REF0068
R0845,231-174,143–152 Ma,S,GG0034,Xiazhuang,REF0068,REF0068,GG0034,Xiazhuang,Guangdong,,Composite or parent geological unit,Related subunits are consolidated under the named Xiazhuang parent unit so genetically and spatially related samples remain in one validation group.,Medium,75,REF0015; REF0037; REF0048; REF0065; REF0066; REF0068,RCB0027,REF0015; REF0037; REF0048; REF0065; REF0066; REF0068
R0879,20HMJ-1A,127.8 ± 1.0 Ma,A,GG0014,Huangmeijian,REF0072,REF0072,GG0014,Huangmeijian,Not specified in source title,,Named pluton or intrusive unit,The linked references explicitly identify the Huangmeijian; all associated records are assigned to that named geological unit.,High,15,REF0072,RCB0014,REF0072
R0880,20HMJ-1B,127.8 ± 1.0 Ma,A,GG0014,Huangmeijian,REF0072,REF0072,GG0014,Huangmeijian,Not specified in source title,,Named pluton or intrusive unit,The linked references explicitly identify the Huangmeijian; all associated records are assigned to that named geological unit.,High,15,REF0072,RCB0014,REF0072
R0881,20HMJ-3A,127.8 ± 1.0 Ma,A,GG0014,Huangmeijian,REF0072,REF0072,GG0014,Huangmeijian,Not specified in source title,,Named pluton or intrusive unit,The linked references explicitly identify the Huangmeijian; all associated records are assigned to that named geological unit.,High,15,REF0072,RCB0014,REF0072
R0882,20HMJ-3B,127.8 ± 1.0 Ma,A,GG0014,Huangmeijian,REF0072,REF0072,GG0014,Huangmeijian,Not specified in source title,,Named pluton or intrusive unit,The linked references explicitly identify the Huangmeijian; all associated records are assigned to that named geological unit.,High,15,REF0072,RCB0014,REF0072
R0883,20HMJ-4A,127.8 ± 1.0 Ma,A,GG0014,Huangmeijian,REF0072,REF0072,GG0014,Huangmeijian,Not specified in source title,,Named pluton or intrusive unit,The linked references explicitly identify the Huangmeijian; all associated records are assigned to that named geological unit.,High,15,REF0072,RCB0014,REF0072
R0884,20HMJ-4B,127.8 ± 1.0 Ma,A,GG0014,Huangmeijian,REF0072,REF0072,GG0014,Huangmeijian,Not specified in source title,,Named pluton or intrusive unit,The linked references explicitly identify the Huangmeijian; all associated records are assigned to that named geological unit.,High,15,REF0072,RCB0014,REF0072
R0885,*08HMJ01,127.8 ± 1.0 Ma,A,GG0014,Huangmeijian,REF0072,REF0072,GG0014,Huangmeijian,Not specified in source title,,Named pluton or intrusive unit,The linked references explicitly identify the Huangmeijian; all associated records are assigned to that named geological unit.,High,15,REF0072,RCB0014,REF0072
R0886,*08HMJ02,127.8 ± 1.0 Ma,A,GG0014,Huangmeijian,REF0072,REF0072,GG0014,Huangmeijian,Not specified in source title,,Named pluton or intrusive unit,The linked references explicitly identify the Huangmeijian; all associated records are assigned to that named geological unit.,High,15,REF0072,RCB0014,REF0072
R0887,*08HMJ03,127.8 ± 1.0 Ma,A,GG0014,Huangmeijian,REF0072,REF0072,GG0014,Huangmeijian,Not specified in source title,,Named pluton or intrusive unit,The linked references explicitly identify the Huangmeijian; all associated records are assigned to that named geological unit.,High,15,REF0072,RCB0014,REF0072
R0888,*08HMJ04,127.8 ± 1.0 Ma,A,GG0014,Huangmeijian,REF0072,REF0072,GG0014,Huangmeijian,Not specified in source title,,Named pluton or intrusive unit,The linked references explicitly identify the Huangmeijian; all associated records are assigned to that named geological unit.,High,15,REF0072,RCB0014,REF0072
R0889,*08HMJ05,127.8 ± 1.0 Ma,A,GG0014,Huangmeijian,REF0072,REF0072,GG0014,Huangmeijian,Not specified in source title,,Named pluton or intrusive unit,The linked references explicitly identify the Huangmeijian; all associated records are assigned to that named geological unit.,High,15,REF0072,RCB0014,REF0072
R0890,*08HMJ07,127.8 ± 1.0 Ma,A,GG0014,Huangmeijian,REF0072,REF0072,GG0014,Huangmeijian,Not specified in source title,,Named pluton or intrusive unit,The linked references explicitly identify the Huangmeijian; all associated records are assigned to that named geological unit.,High,15,REF0072,RCB0014,REF0072
R0891,*08HMJ08,127.8 ± 1.0 Ma,A,GG0014,Huangmeijian,REF0072,REF0072,GG0014,Huangmeijian,Not specified in source title,,Named pluton or intrusive unit,The linked references explicitly identify the Huangmeijian; all associated records are assigned to that named geological unit.,High,15,REF0072,RCB0014,REF0072
R0892,*08HMJ10,127.8 ± 1.0 Ma,A,GG0014,Huangmeijian,REF0072,REF0072,GG0014,Huangmeijian,Not specified in source title,,Named pluton or intrusive unit,The linked references explicitly identify the Huangmeijian; all associated records are assigned to that named geological unit.,High,15,REF0072,RCB0014,REF0072
R0893,*08HMJ11,127.8 ± 1.0 Ma,A,GG0014,Huangmeijian,REF0072,REF0072,GG0014,Huangmeijian,Not specified in source title,,Named pluton or intrusive unit,The linked references explicitly identify the Huangmeijian; all associated records are assigned to that named geological unit.,High,15,REF0072,RCB0014,REF0072
R0894,H1,160–163 Ma,A,GG0016,Huashan,REF0073,REF0073,GG0016,Huashan,Guangxi,,Named pluton or intrusive unit,The linked references explicitly identify the Huashan; all associated records are assigned to that named geological unit.,High,7,REF0073,RCB0015,REF0073
R0895,H3,160–163 Ma,A,GG0016,Huashan,REF0073,REF0073,GG0016,Huashan,Guangxi,,Named pluton or intrusive unit,The linked references explicitly identify the Huashan; all associated records are assigned to that named geological unit.,High,7,REF0073,RCB0015,REF0073
R0896,H15,160–163 Ma,A,GG0016,Huashan,REF0073,REF0073,GG0016,Huashan,Guangxi,,Named pluton or intrusive unit,The linked references explicitly identify the Huashan; all associated records are assigned to that named geological unit.,High,7,REF0073,RCB0015,REF0073
R0897,H19,160–163 Ma,A,GG0016,Huashan,REF0073,REF0073,GG0016,Huashan,Guangxi,,Named pluton or intrusive unit,The linked references explicitly identify the Huashan; all associated records are assigned to that named geological unit.,High,7,REF0073,RCB0015,REF0073
R0898,H22,160–163 Ma,A,GG0016,Huashan,REF0073,REF0073,GG0016,Huashan,Guangxi,,Named pluton or intrusive unit,The linked references explicitly identify the Huashan; all associated records are assigned to that named geological unit.,High,7,REF0073,RCB0015,REF0073
R0899,H23,160–163 Ma,A,GG0016,Huashan,REF0073,REF0073,GG0016,Huashan,Guangxi,,Named pluton or intrusive unit,The linked references explicitly identify the Huashan; all associated records are assigned to that named geological unit.,High,7,REF0073,RCB0015,REF0073
R0900,H24,160–163 Ma,A,GG0016,Huashan,REF0073,REF0073,GG0016,Huashan,Guangxi,,Named pluton or intrusive unit,The linked references explicitly identify the Huashan; all associated records are assigned to that named geological unit.,High,7,REF0073,RCB0015,REF0073
R0901,GFG15-1,162.4 ± 1.9 Ma; 159.3 ± 2.3 Ma,I,GG0062,Pajiang two-mica granite,REF0074,REF0074,GG0062,Pajiang two-mica granite,Guangdong,Southwestern Fogang pluton,Granite body,The linked study explicitly identifies the Pajiang two-mica granite; records are grouped at that named geological-unit level.,High,7,REF0074,RCB0045,REF0074
R0902,GFG15-3,162.4 ± 1.9 Ma; 159.3 ± 2.3 Ma,I,GG0062,Pajiang two-mica granite,REF0074,REF0074,GG0062,Pajiang two-mica granite,Guangdong,Southwestern Fogang pluton,Granite body,The linked study explicitly identifies the Pajiang two-mica granite; records are grouped at that named geological-unit level.,High,7,REF0074,RCB0045,REF0074
R0903,GFG15-4,162.4 ± 1.9 Ma; 159.3 ± 2.3 Ma,I,GG0062,Pajiang two-mica granite,REF0074,REF0074,GG0062,Pajiang two-mica granite,Guangdong,Southwestern Fogang pluton,Granite body,The linked study explicitly identifies the Pajiang two-mica granite; records are grouped at that named geological-unit level.,High,7,REF0074,RCB0045,REF0074
R0904,GFG15-5,162.4 ± 1.9 Ma; 159.3 ± 2.3 Ma,I,GG0062,Pajiang two-mica granite,REF0074,REF0074,GG0062,Pajiang two-mica granite,Guangdong,Southwestern Fogang pluton,Granite body,The linked study explicitly identifies the Pajiang two-mica granite; records are grouped at that named geological-unit level.,High,7,REF0074,RCB0045,REF0074
R0905,GFG16-1,162.4 ± 1.9 Ma; 159.3 ± 2.3 Ma,I,GG0062,Pajiang two-mica granite,REF0074,REF0074,GG0062,Pajiang two-mica granite,Guangdong,Southwestern Fogang pluton,Granite body,The linked study explicitly identifies the Pajiang two-mica granite; records are grouped at that named geological-unit level.,High,7,REF0074,RCB0045,REF0074
R0906,GFG16-2,162.4 ± 1.9 Ma; 159.3 ± 2.3 Ma,I,GG0062,Pajiang two-mica granite,REF0074,REF0074,GG0062,Pajiang two-mica granite,Guangdong,Southwestern Fogang pluton,Granite body,The linked study explicitly identifies the Pajiang two-mica granite; records are grouped at that named geological-unit level.,High,7,REF0074,RCB0045,REF0074
R0907,GFG16-3,162.4 ± 1.9 Ma; 159.3 ± 2.3 Ma,I,GG0062,Pajiang two-mica granite,REF0074,REF0074,GG0062,Pajiang two-mica granite,Guangdong,Southwestern Fogang pluton,Granite body,The linked study explicitly identifies the Pajiang two-mica granite; records are grouped at that named geological-unit level.,High,7,REF0074,RCB0045,REF0074
R0908,HD01,159.7 ± 1.4 Ma; 160.3 ± 1.7 Ma,I,GG0013,Hedong,REF0075,REF0075,GG0013,Hedong,Guangdong,,Named pluton or intrusive unit,The linked references explicitly identify the Hedong; all associated records are assigned to that named geological unit.,High,16,REF0075; REF0080,RCB0013,REF0075; REF0080
R0909,HD02,159.7 ± 1.4 Ma; 160.3 ± 1.7 Ma,I,GG0013,Hedong,REF0075,REF0075,GG0013,Hedong,Guangdong,,Named pluton or intrusive unit,The linked references explicitly identify the Hedong; all associated records are assigned to that named geological unit.,High,16,REF0075; REF0080,RCB0013,REF0075; REF0080
R0910,HD03,159.7 ± 1.4 Ma; 160.3 ± 1.7 Ma,I,GG0013,Hedong,REF0075,REF0075,GG0013,Hedong,Guangdong,,Named pluton or intrusive unit,The linked references explicitly identify the Hedong; all associated records are assigned to that named geological unit.,High,16,REF0075; REF0080,RCB0013,REF0075; REF0080
R0911,HD04,159.7 ± 1.4 Ma; 160.3 ± 1.7 Ma,I,GG0013,Hedong,REF0075,REF0075,GG0013,Hedong,Guangdong,,Named pluton or intrusive unit,The linked references explicitly identify the Hedong; all associated records are assigned to that named geological unit.,High,16,REF0075; REF0080,RCB0013,REF0075; REF0080
R0912,HD05,159.7 ± 1.4 Ma; 160.3 ± 1.7 Ma,I,GG0013,Hedong,REF0075,REF0075,GG0013,Hedong,Guangdong,,Named pluton or intrusive unit,The linked references explicitly identify the Hedong; all associated records are assigned to that named geological unit.,High,16,REF0075; REF0080,RCB0013,REF0075; REF0080
R0913,HD06,159.7 ± 1.4 Ma; 160.3 ± 1.7 Ma,I,GG0013,Hedong,REF0075,REF0075,GG0013,Hedong,Guangdong,,Named pluton or intrusive unit,The linked references explicitly identify the Hedong; all associated records are assigned to that named geological unit.,High,16,REF0075; REF0080,RCB0013,REF0075; REF0080
R0914,HD07,159.7 ± 1.4 Ma; 160.3 ± 1.7 Ma,I,GG0013,Hedong,REF0075,REF0075,GG0013,Hedong,Guangdong,,Named pluton or intrusive unit,The linked references explicitly identify the Hedong; all associated records are assigned to that named geological unit.,High,16,REF0075; REF0080,RCB0013,REF0075; REF0080
R0915,HD08,159.7 ± 1.4 Ma; 160.3 ± 1.7 Ma,I,GG0013,Hedong,REF0075,REF0075,GG0013,Hedong,Guangdong,,Named pluton or intrusive unit,The linked references explicitly identify the Hedong; all associated records are assigned to that named geological unit.,High,16,REF0075; REF0080,RCB0013,REF0075; REF0080
R0934,GJ001,89.4 ± 2.4 Ma,A,GG0011,Gejiu,REF0077,REF0077,GG0011,Gejiu,Not specified in source title,,Composite or parent geological unit,Related subunits are consolidated under the named Gejiu parent unit so genetically and spatially related samples remain in one validation group.,Medium,30,REF0077; REF0110,RCB0011,REF0077; REF0110
R0935,GJ002-1,89.4 ± 2.4 Ma,A,GG0011,Gejiu,REF0077,REF0077,GG0011,Gejiu,Not specified in source title,,Composite or parent geological unit,Related subunits are consolidated under the named Gejiu parent unit so genetically and spatially related samples remain in one validation group.,Medium,30,REF0077; REF0110,RCB0011,REF0077; REF0110
R0936,GJ002-2,89.4 ± 2.4 Ma,A,GG0011,Gejiu,REF0077,REF0077,GG0011,Gejiu,Not specified in source title,,Composite or parent geological unit,Related subunits are consolidated under the named Gejiu parent unit so genetically and spatially related samples remain in one validation group.,Medium,30,REF0077; REF0110,RCB0011,REF0077; REF0110
R0937,GJ002-3,89.4 ± 2.4 Ma,A,GG0011,Gejiu,REF0077,REF0077,GG0011,Gejiu,Not specified in source title,,Composite or parent geological unit,Related subunits are consolidated under the named Gejiu parent unit so genetically and spatially related samples remain in one validation group.,Medium,30,REF0077; REF0110,RCB0011,REF0077; REF0110
R0938,GJ002-4,89.4 ± 2.4 Ma,A,GG0011,Gejiu,REF0077,REF0077,GG0011,Gejiu,Not specified in source title,,Composite or parent geological unit,Related subunits are consolidated under the named Gejiu parent unit so genetically and spatially related samples remain in one validation group.,Medium,30,REF0077; REF0110,RCB0011,REF0077; REF0110
R0939,GJ002-5,89.4 ± 2.4 Ma,A,GG0011,Gejiu,REF0077,REF0077,GG0011,Gejiu,Not specified in source title,,Composite or parent geological unit,Related subunits are consolidated under the named Gejiu parent unit so genetically and spatially related samples remain in one validation group.,Medium,30,REF0077; REF0110,RCB0011,REF0077; REF0110
R0940,GJ003-1,89.4 ± 2.4 Ma,A,GG0011,Gejiu,REF0077,REF0077,GG0011,Gejiu,Not specified in source title,,Composite or parent geological unit,Related subunits are consolidated under the named Gejiu parent unit so genetically and spatially related samples remain in one validation group.,Medium,30,REF0077; REF0110,RCB0011,REF0077; REF0110
R0941,GJ003-3,89.4 ± 2.4 Ma,A,GG0011,Gejiu,REF0077,REF0077,GG0011,Gejiu,Not specified in source title,,Composite or parent geological unit,Related subunits are consolidated under the named Gejiu parent unit so genetically and spatially related samples remain in one validation group.,Medium,30,REF0077; REF0110,RCB0011,REF0077; REF0110
R0942,GJ003-4,89.4 ± 2.4 Ma,A,GG0011,Gejiu,REF0077,REF0077,GG0011,Gejiu,Not specified in source title,,Composite or parent geological unit,Related subunits are consolidated under the named Gejiu parent unit so genetically and spatially related samples remain in one validation group.,Medium,30,REF0077; REF0110,RCB0011,REF0077; REF0110
R0943,GJ003-5,89.4 ± 2.4 Ma,A,GG0011,Gejiu,REF0077,REF0077,GG0011,Gejiu,Not specified in source title,,Composite or parent geological unit,Related subunits are consolidated under the named Gejiu parent unit so genetically and spatially related samples remain in one validation group.,Medium,30,REF0077; REF0110,RCB0011,REF0077; REF0110
R0944,SJ － 1,190.6 ± 2.2 Ma,A,GG0026,Shangyao,REF0078,REF0078,GG0026,Shangyao,Nanling region,,Named pluton or intrusive unit,The linked references explicitly identify the Shangyao; all associated records are assigned to that named geological unit.,High,8,REF0078,RCB0022,REF0078
R0945,SJ － 2,190.6 ± 2.2 Ma,A,GG0026,Shangyao,REF0078,REF0078,GG0026,Shangyao,Nanling region,,Named pluton or intrusive unit,The linked references explicitly identify the Shangyao; all associated records are assigned to that named geological unit.,High,8,REF0078,RCB0022,REF0078
R0946,SJ － 3,190.6 ± 2.2 Ma,A,GG0026,Shangyao,REF0078,REF0078,GG0026,Shangyao,Nanling region,,Named pluton or intrusive unit,The linked references explicitly identify the Shangyao; all associated records are assigned to that named geological unit.,High,8,REF0078,RCB0022,REF0078
R0947,SJ － 4,190.6 ± 2.2 Ma,A,GG0026,Shangyao,REF0078,REF0078,GG0026,Shangyao,Nanling region,,Named pluton or intrusive unit,The linked references explicitly identify the Shangyao; all associated records are assigned to that named geological unit.,High,8,REF0078,RCB0022,REF0078
R0948,SJ － 5,190.6 ± 2.2 Ma,A,GG0026,Shangyao,REF0078,REF0078,GG0026,Shangyao,Nanling region,,Named pluton or intrusive unit,The linked references explicitly identify the Shangyao; all associated records are assigned to that named geological unit.,High,8,REF0078,RCB0022,REF0078
R0949,SJ － 6,190.6 ± 2.2 Ma,A,GG0026,Shangyao,REF0078,REF0078,GG0026,Shangyao,Nanling region,,Named pluton or intrusive unit,The linked references explicitly identify the Shangyao; all associated records are assigned to that named geological unit.,High,8,REF0078,RCB0022,REF0078
R0950,HS84,190.6 ± 2.2 Ma,A,GG0026,Shangyao,REF0078,REF0078,GG0026,Shangyao,Nanling region,,Named pluton or intrusive unit,The linked references explicitly identify the Shangyao; all associated records are assigned to that named geological unit.,High,8,REF0078,RCB0022,REF0078
R0951,HS84,190.6 ± 2.2 Ma,A,GG0026,Shangyao,REF0078,REF0078,GG0026,Shangyao,Nanling region,,Named pluton or intrusive unit,The linked references explicitly identify the Shangyao; all associated records are assigned to that named geological unit.,High,8,REF0078,RCB0022,REF0078
R0952,YD5035,227.4 ± 1.6 Ma,A,GG0064,Caijiang A-type granite,REF0079,REF0079,GG0064,Caijiang A-type granite,Jiangxi,,Granite body,The linked study explicitly identifies the Caijiang A-type granite; records are grouped at that named geological-unit level.,High,5,REF0079,RCB0046,REF0079
R0953,YD5041,227.4 ± 1.6 Ma,A,GG0064,Caijiang A-type granite,REF0079,REF0079,GG0064,Caijiang A-type granite,Jiangxi,,Granite body,The linked study explicitly identifies the Caijiang A-type granite; records are grouped at that named geological-unit level.,High,5,REF0079,RCB0046,REF0079
R0954,YD5042,227.4 ± 1.6 Ma,A,GG0064,Caijiang A-type granite,REF0079,REF0079,GG0064,Caijiang A-type granite,Jiangxi,,Granite body,The linked study explicitly identifies the Caijiang A-type granite; records are grouped at that named geological-unit level.,High,5,REF0079,RCB0046,REF0079
R0955,YD5043,227.4 ± 1.6 Ma,A,GG0064,Caijiang A-type granite,REF0079,REF0079,GG0064,Caijiang A-type granite,Jiangxi,,Granite body,The linked study explicitly identifies the Caijiang A-type granite; records are grouped at that named geological-unit level.,High,5,REF0079,RCB0046,REF0079
R0956,YD5044,227.4 ± 1.6 Ma,A,GG0064,Caijiang A-type granite,REF0079,REF0079,GG0064,Caijiang A-type granite,Jiangxi,,Granite body,The linked study explicitly identifies the Caijiang A-type granite; records are grouped at that named geological-unit level.,High,5,REF0079,RCB0046,REF0079
R0957,13-20#,159.7 ± 1.4; 160.3 ± 1.7 Ma,I,GG0013,Hedong,REF0080,REF0080,GG0013,Hedong,Guangdong,,Named pluton or intrusive unit,The linked references explicitly identify the Hedong; all associated records are assigned to that named geological unit.,High,16,REF0075; REF0080,RCB0013,REF0075; REF0080
R0958,13-21#,159.7 ± 1.4; 160.3 ± 1.7 Ma,I,GG0013,Hedong,REF0080,REF0080,GG0013,Hedong,Guangdong,,Named pluton or intrusive unit,The linked references explicitly identify the Hedong; all associated records are assigned to that named geological unit.,High,16,REF0075; REF0080,RCB0013,REF0075; REF0080
R0959,13-26#,159.7 ± 1.4; 160.3 ± 1.7 Ma,I,GG0013,Hedong,REF0080,REF0080,GG0013,Hedong,Guangdong,,Named pluton or intrusive unit,The linked references explicitly identify the Hedong; all associated records are assigned to that named geological unit.,High,16,REF0075; REF0080,RCB0013,REF0075; REF0080
R0960,13-27#,159.7 ± 1.4; 160.3 ± 1.7 Ma,I,GG0013,Hedong,REF0080,REF0080,GG0013,Hedong,Guangdong,,Named pluton or intrusive unit,The linked references explicitly identify the Hedong; all associated records are assigned to that named geological unit.,High,16,REF0075; REF0080,RCB0013,REF0075; REF0080
R0961,13-29#,159.7 ± 1.4; 160.3 ± 1.7 Ma,I,GG0013,Hedong,REF0080,REF0080,GG0013,Hedong,Guangdong,,Named pluton or intrusive unit,The linked references explicitly identify the Hedong; all associated records are assigned to that named geological unit.,High,16,REF0075; REF0080,RCB0013,REF0075; REF0080
R0962,13-31#,159.7 ± 1.4; 160.3 ± 1.7 Ma,I,GG0013,Hedong,REF0080,REF0080,GG0013,Hedong,Guangdong,,Named pluton or intrusive unit,The linked references explicitly identify the Hedong; all associated records are assigned to that named geological unit.,High,16,REF0075; REF0080,RCB0013,REF0075; REF0080
R0963,13-32#,159.7 ± 1.4; 160.3 ± 1.7 Ma,I,GG0013,Hedong,REF0080,REF0080,GG0013,Hedong,Guangdong,,Named pluton or intrusive unit,The linked references explicitly identify the Hedong; all associated records are assigned to that named geological unit.,High,16,REF0075; REF0080,RCB0013,REF0075; REF0080
R0964,PM024-17h,159.7 ± 1.4; 160.3 ± 1.7 Ma,I,GG0013,Hedong,REF0080,REF0080,GG0013,Hedong,Guangdong,,Named pluton or intrusive unit,The linked references explicitly identify the Hedong; all associated records are assigned to that named geological unit.,High,16,REF0075; REF0080,RCB0013,REF0075; REF0080
R0965,14ZYS-1,153.1 ± 2.5 Ma; 151.2 ± 2.1 Ma; 150.5 ± 2.3 Ma; 155.2 ± 2.1 Ma; 149.3 ± 2.1 Ma,S,GG0041,Ziyunshan,REF0081,REF0081,GG0041,Ziyunshan,Jiangxi,,Named pluton or intrusive unit,The linked references explicitly identify the Ziyunshan; all associated records are assigned to that named geological unit.,High,21,REF0081,RCB0033,REF0081
R0966,14ZYS-2,153.1 ± 2.5 Ma; 151.2 ± 2.1 Ma; 150.5 ± 2.3 Ma; 155.2 ± 2.1 Ma; 149.3 ± 2.1 Ma,S,GG0041,Ziyunshan,REF0081,REF0081,GG0041,Ziyunshan,Jiangxi,,Named pluton or intrusive unit,The linked references explicitly identify the Ziyunshan; all associated records are assigned to that named geological unit.,High,21,REF0081,RCB0033,REF0081
R0967,14ZYS-3,153.1 ± 2.5 Ma; 151.2 ± 2.1 Ma; 150.5 ± 2.3 Ma; 155.2 ± 2.1 Ma; 149.3 ± 2.1 Ma,S,GG0041,Ziyunshan,REF0081,REF0081,GG0041,Ziyunshan,Jiangxi,,Named pluton or intrusive unit,The linked references explicitly identify the Ziyunshan; all associated records are assigned to that named geological unit.,High,21,REF0081,RCB0033,REF0081
R0968,14ZYS-4,153.1 ± 2.5 Ma; 151.2 ± 2.1 Ma; 150.5 ± 2.3 Ma; 155.2 ± 2.1 Ma; 149.3 ± 2.1 Ma,S,GG0041,Ziyunshan,REF0081,REF0081,GG0041,Ziyunshan,Jiangxi,,Named pluton or intrusive unit,The linked references explicitly identify the Ziyunshan; all associated records are assigned to that named geological unit.,High,21,REF0081,RCB0033,REF0081
R0969,14ZYS-5,153.1 ± 2.5 Ma; 151.2 ± 2.1 Ma; 150.5 ± 2.3 Ma; 155.2 ± 2.1 Ma; 149.3 ± 2.1 Ma,S,GG0041,Ziyunshan,REF0081,REF0081,GG0041,Ziyunshan,Jiangxi,,Named pluton or intrusive unit,The linked references explicitly identify the Ziyunshan; all associated records are assigned to that named geological unit.,High,21,REF0081,RCB0033,REF0081
R0970,14ZYS-6,153.1 ± 2.5 Ma; 151.2 ± 2.1 Ma; 150.5 ± 2.3 Ma; 155.2 ± 2.1 Ma; 149.3 ± 2.1 Ma,S,GG0041,Ziyunshan,REF0081,REF0081,GG0041,Ziyunshan,Jiangxi,,Named pluton or intrusive unit,The linked references explicitly identify the Ziyunshan; all associated records are assigned to that named geological unit.,High,21,REF0081,RCB0033,REF0081
R0971,14ZYS-7,153.1 ± 2.5 Ma; 151.2 ± 2.1 Ma; 150.5 ± 2.3 Ma; 155.2 ± 2.1 Ma; 149.3 ± 2.1 Ma,S,GG0041,Ziyunshan,REF0081,REF0081,GG0041,Ziyunshan,Jiangxi,,Named pluton or intrusive unit,The linked references explicitly identify the Ziyunshan; all associated records are assigned to that named geological unit.,High,21,REF0081,RCB0033,REF0081
R0972,14ZYS-9,153.1 ± 2.5 Ma; 151.2 ± 2.1 Ma; 150.5 ± 2.3 Ma; 155.2 ± 2.1 Ma; 149.3 ± 2.1 Ma,S,GG0041,Ziyunshan,REF0081,REF0081,GG0041,Ziyunshan,Jiangxi,,Named pluton or intrusive unit,The linked references explicitly identify the Ziyunshan; all associated records are assigned to that named geological unit.,High,21,REF0081,RCB0033,REF0081
R0973,13ZY-1,153.1 ± 2.5 Ma; 151.2 ± 2.1 Ma; 150.5 ± 2.3 Ma; 155.2 ± 2.1 Ma; 149.3 ± 2.1 Ma,S,GG0041,Ziyunshan,REF0081,REF0081,GG0041,Ziyunshan,Jiangxi,,Named pluton or intrusive unit,The linked references explicitly identify the Ziyunshan; all associated records are assigned to that named geological unit.,High,21,REF0081,RCB0033,REF0081
R0974,13ZY-4,153.1 ± 2.5 Ma; 151.2 ± 2.1 Ma; 150.5 ± 2.3 Ma; 155.2 ± 2.1 Ma; 149.3 ± 2.1 Ma,S,GG0041,Ziyunshan,REF0081,REF0081,GG0041,Ziyunshan,Jiangxi,,Named pluton or intrusive unit,The linked references explicitly identify the Ziyunshan; all associated records are assigned to that named geological unit.,High,21,REF0081,RCB0033,REF0081
R0975,13ZY-6,153.1 ± 2.5 Ma; 151.2 ± 2.1 Ma; 150.5 ± 2.3 Ma; 155.2 ± 2.1 Ma; 149.3 ± 2.1 Ma,S,GG0041,Ziyunshan,REF0081,REF0081,GG0041,Ziyunshan,Jiangxi,,Named pluton or intrusive unit,The linked references explicitly identify the Ziyunshan; all associated records are assigned to that named geological unit.,High,21,REF0081,RCB0033,REF0081
R0976,132Y-7,153.1 ± 2.5 Ma; 151.2 ± 2.1 Ma; 150.5 ± 2.3 Ma; 155.2 ± 2.1 Ma; 149.3 ± 2.1 Ma,S,GG0041,Ziyunshan,REF0081,REF0081,GG0041,Ziyunshan,Jiangxi,,Named pluton or intrusive unit,The linked references explicitly identify the Ziyunshan; all associated records are assigned to that named geological unit.,High,21,REF0081,RCB0033,REF0081
R0977,13ZY-8,153.1 ± 2.5 Ma; 151.2 ± 2.1 Ma; 150.5 ± 2.3 Ma; 155.2 ± 2.1 Ma; 149.3 ± 2.1 Ma,S,GG0041,Ziyunshan,REF0081,REF0081,GG0041,Ziyunshan,Jiangxi,,Named pluton or intrusive unit,The linked references explicitly identify the Ziyunshan; all associated records are assigned to that named geological unit.,High,21,REF0081,RCB0033,REF0081
R0978,13ZY-12,153.1 ± 2.5 Ma; 151.2 ± 2.1 Ma; 150.5 ± 2.3 Ma; 155.2 ± 2.1 Ma; 149.3 ± 2.1 Ma,S,GG0041,Ziyunshan,REF0081,REF0081,GG0041,Ziyunshan,Jiangxi,,Named pluton or intrusive unit,The linked references explicitly identify the Ziyunshan; all associated records are assigned to that named geological unit.,High,21,REF0081,RCB0033,REF0081
R0979,13XZ-1,153.1 ± 2.5 Ma; 151.2 ± 2.1 Ma; 150.5 ± 2.3 Ma; 155.2 ± 2.1 Ma; 149.3 ± 2.1 Ma,S,GG0041,Ziyunshan,REF0081,REF0081,GG0041,Ziyunshan,Jiangxi,,Named pluton or intrusive unit,The linked references explicitly identify the Ziyunshan; all associated records are assigned to that named geological unit.,High,21,REF0081,RCB0033,REF0081
R0980,13XZ-6,153.1 ± 2.5 Ma; 151.2 ± 2.1 Ma; 150.5 ± 2.3 Ma; 155.2 ± 2.1 Ma; 149.3 ± 2.1 Ma,S,GG0041,Ziyunshan,REF0081,REF0081,GG0041,Ziyunshan,Jiangxi,,Named pluton or intrusive unit,The linked references explicitly identify the Ziyunshan; all associated records are assigned to that named geological unit.,High,21,REF0081,RCB0033,REF0081
R0981,13XZ-7,153.1 ± 2.5 Ma; 151.2 ± 2.1 Ma; 150.5 ± 2.3 Ma; 155.2 ± 2.1 Ma; 149.3 ± 2.1 Ma,S,GG0041,Ziyunshan,REF0081,REF0081,GG0041,Ziyunshan,Jiangxi,,Named pluton or intrusive unit,The linked references explicitly identify the Ziyunshan; all associated records are assigned to that named geological unit.,High,21,REF0081,RCB0033,REF0081
R0982,13XZ-8,153.1 ± 2.5 Ma; 151.2 ± 2.1 Ma; 150.5 ± 2.3 Ma; 155.2 ± 2.1 Ma; 149.3 ± 2.1 Ma,S,GG0041,Ziyunshan,REF0081,REF0081,GG0041,Ziyunshan,Jiangxi,,Named pluton or intrusive unit,The linked references explicitly identify the Ziyunshan; all associated records are assigned to that named geological unit.,High,21,REF0081,RCB0033,REF0081
R0983,13XZ-9,153.1 ± 2.5 Ma; 151.2 ± 2.1 Ma; 150.5 ± 2.3 Ma; 155.2 ± 2.1 Ma; 149.3 ± 2.1 Ma,S,GG0041,Ziyunshan,REF0081,REF0081,GG0041,Ziyunshan,Jiangxi,,Named pluton or intrusive unit,The linked references explicitly identify the Ziyunshan; all associated records are assigned to that named geological unit.,High,21,REF0081,RCB0033,REF0081
R0984,13ZY-9,153.1 ± 2.5 Ma; 151.2 ± 2.1 Ma; 150.5 ± 2.3 Ma; 155.2 ± 2.1 Ma; 149.3 ± 2.1 Ma,S,GG0041,Ziyunshan,REF0081,REF0081,GG0041,Ziyunshan,Jiangxi,,Named pluton or intrusive unit,The linked references explicitly identify the Ziyunshan; all associated records are assigned to that named geological unit.,High,21,REF0081,RCB0033,REF0081
R0985,13ZY-11,153.1 ± 2.5 Ma; 151.2 ± 2.1 Ma; 150.5 ± 2.3 Ma; 155.2 ± 2.1 Ma; 149.3 ± 2.1 Ma,S,GG0041,Ziyunshan,REF0081,REF0081,GG0041,Ziyunshan,Jiangxi,,Named pluton or intrusive unit,The linked references explicitly identify the Ziyunshan; all associated records are assigned to that named geological unit.,High,21,REF0081,RCB0033,REF0081
R1006,TL2001,390 Ma; 492 Ma; 502 Ma; 594 Ma; 600 Ma; 900 Ma,S,GG0067,Tanluo granite,REF0085,REF0085,GG0067,Tanluo granite,Guangxi,,Granite body,The linked study explicitly identifies the Tanluo granite; records are grouped at that named geological-unit level.,High,5,REF0085,RCB0047,REF0085
R1007,TL2002,390 Ma; 492 Ma; 502 Ma; 594 Ma; 600 Ma; 900 Ma,S,GG0067,Tanluo granite,REF0085,REF0085,GG0067,Tanluo granite,Guangxi,,Granite body,The linked study explicitly identifies the Tanluo granite; records are grouped at that named geological-unit level.,High,5,REF0085,RCB0047,REF0085
R1008,TL2003,390 Ma; 492 Ma; 502 Ma; 594 Ma; 600 Ma; 900 Ma,S,GG0067,Tanluo granite,REF0085,REF0085,GG0067,Tanluo granite,Guangxi,,Granite body,The linked study explicitly identifies the Tanluo granite; records are grouped at that named geological-unit level.,High,5,REF0085,RCB0047,REF0085
R1009,TL2004,390 Ma; 492 Ma; 502 Ma; 594 Ma; 600 Ma; 900 Ma,S,GG0067,Tanluo granite,REF0085,REF0085,GG0067,Tanluo granite,Guangxi,,Granite body,The linked study explicitly identifies the Tanluo granite; records are grouped at that named geological-unit level.,High,5,REF0085,RCB0047,REF0085
R1010,TL1705,390 Ma; 492 Ma; 502 Ma; 594 Ma; 600 Ma; 900 Ma,S,GG0067,Tanluo granite,REF0085,REF0085,GG0067,Tanluo granite,Guangxi,,Granite body,The linked study explicitly identifies the Tanluo granite; records are grouped at that named geological-unit level.,High,5,REF0085,RCB0047,REF0085
R1073,GP01C1,230–236 Ma,S,GG0070,Pubei granite,REF0089,REF0089,GG0070,Pubei granite,Guangxi,,Granite body,The linked study explicitly identifies the Pubei granite; records are grouped at that named geological-unit level.,High,14,REF0089,RCB0048,REF0089
R1074,GP02C1,230–236 Ma,S,GG0070,Pubei granite,REF0089,REF0089,GG0070,Pubei granite,Guangxi,,Granite body,The linked study explicitly identifies the Pubei granite; records are grouped at that named geological-unit level.,High,14,REF0089,RCB0048,REF0089
R1075,GP03C1,230–236 Ma,S,GG0070,Pubei granite,REF0089,REF0089,GG0070,Pubei granite,Guangxi,,Granite body,The linked study explicitly identifies the Pubei granite; records are grouped at that named geological-unit level.,High,14,REF0089,RCB0048,REF0089
R1076,GP04C1,230–236 Ma,S,GG0070,Pubei granite,REF0089,REF0089,GG0070,Pubei granite,Guangxi,,Granite body,The linked study explicitly identifies the Pubei granite; records are grouped at that named geological-unit level.,High,14,REF0089,RCB0048,REF0089
R1077,GP05C3,230–236 Ma,S,GG0070,Pubei granite,REF0089,REF0089,GG0070,Pubei granite,Guangxi,,Granite body,The linked study explicitly identifies the Pubei granite; records are grouped at that named geological-unit level.,High,14,REF0089,RCB0048,REF0089
R1078,GP06C1,230–236 Ma,S,GG0070,Pubei granite,REF0089,REF0089,GG0070,Pubei granite,Guangxi,,Granite body,The linked study explicitly identifies the Pubei granite; records are grouped at that named geological-unit level.,High,14,REF0089,RCB0048,REF0089
R1079,GP07C1,230–236 Ma,S,GG0070,Pubei granite,REF0089,REF0089,GG0070,Pubei granite,Guangxi,,Granite body,The linked study explicitly identifies the Pubei granite; records are grouped at that named geological-unit level.,High,14,REF0089,RCB0048,REF0089
R1080,GP08C1,230–236 Ma,S,GG0070,Pubei granite,REF0089,REF0089,GG0070,Pubei granite,Guangxi,,Granite body,The linked study explicitly identifies the Pubei granite; records are grouped at that named geological-unit level.,High,14,REF0089,RCB0048,REF0089
R1081,GP09C1,230–236 Ma,S,GG0070,Pubei granite,REF0089,REF0089,GG0070,Pubei granite,Guangxi,,Granite body,The linked study explicitly identifies the Pubei granite; records are grouped at that named geological-unit level.,High,14,REF0089,RCB0048,REF0089
R1082,GP010C1,230–236 Ma,S,GG0070,Pubei granite,REF0089,REF0089,GG0070,Pubei granite,Guangxi,,Granite body,The linked study explicitly identifies the Pubei granite; records are grouped at that named geological-unit level.,High,14,REF0089,RCB0048,REF0089
R1083,GP011C1,230–236 Ma,S,GG0070,Pubei granite,REF0089,REF0089,GG0070,Pubei granite,Guangxi,,Granite body,The linked study explicitly identifies the Pubei granite; records are grouped at that named geological-unit level.,High,14,REF0089,RCB0048,REF0089
R1084,GP012C1,230–236 Ma,S,GG0070,Pubei granite,REF0089,REF0089,GG0070,Pubei granite,Guangxi,,Granite body,The linked study explicitly identifies the Pubei granite; records are grouped at that named geological-unit level.,High,14,REF0089,RCB0048,REF0089
R1085,GP013C1,230–236 Ma,S,GG0070,Pubei granite,REF0089,REF0089,GG0070,Pubei granite,Guangxi,,Granite body,The linked study explicitly identifies the Pubei granite; records are grouped at that named geological-unit level.,High,14,REF0089,RCB0048,REF0089
R1086,GP014C1,230–236 Ma,S,GG0070,Pubei granite,REF0089,REF0089,GG0070,Pubei granite,Guangxi,,Granite body,The linked study explicitly identifies the Pubei granite; records are grouped at that named geological-unit level.,High,14,REF0089,RCB0048,REF0089
R1126,SQS08,123.0 ± 2.2 Ma,A,GG0073,Sanqingshan pluton,REF0093,REF0093,GG0073,Sanqingshan pluton,Jiangxi,,Pluton,The linked study explicitly identifies the Sanqingshan pluton; records are grouped at that named geological-unit level.,High,5,REF0093,RCB0049,REF0093
R1127,SQS11,123.0 ± 2.2 Ma,A,GG0073,Sanqingshan pluton,REF0093,REF0093,GG0073,Sanqingshan pluton,Jiangxi,,Pluton,The linked study explicitly identifies the Sanqingshan pluton; records are grouped at that named geological-unit level.,High,5,REF0093,RCB0049,REF0093
R1128,SQS12,123.0 ± 2.2 Ma,A,GG0073,Sanqingshan pluton,REF0093,REF0093,GG0073,Sanqingshan pluton,Jiangxi,,Pluton,The linked study explicitly identifies the Sanqingshan pluton; records are grouped at that named geological-unit level.,High,5,REF0093,RCB0049,REF0093
R1129,SQS13,123.0 ± 2.2 Ma,A,GG0073,Sanqingshan pluton,REF0093,REF0093,GG0073,Sanqingshan pluton,Jiangxi,,Pluton,The linked study explicitly identifies the Sanqingshan pluton; records are grouped at that named geological-unit level.,High,5,REF0093,RCB0049,REF0093
R1130,SQS14,123.0 ± 2.2 Ma,A,GG0073,Sanqingshan pluton,REF0093,REF0093,GG0073,Sanqingshan pluton,Jiangxi,,Pluton,The linked study explicitly identifies the Sanqingshan pluton; records are grouped at that named geological-unit level.,High,5,REF0093,RCB0049,REF0093
R1131,21HLL03,141.9 ± 1.1 Ma,S,GG0074,Hailuoling rare-metal granite,REF0094,REF0094,GG0074,Hailuoling rare-metal granite,Jiangxi,,Granite body,The linked study explicitly identifies the Hailuoling rare-metal granite; records are grouped at that named geological-unit level.,High,8,REF0094,RCB0050,REF0094
R1132,21HLL04,141.9 ± 1.1 Ma,S,GG0074,Hailuoling rare-metal granite,REF0094,REF0094,GG0074,Hailuoling rare-metal granite,Jiangxi,,Granite body,The linked study explicitly identifies the Hailuoling rare-metal granite; records are grouped at that named geological-unit level.,High,8,REF0094,RCB0050,REF0094
R1133,21HLL05,141.9 ± 1.1 Ma,S,GG0074,Hailuoling rare-metal granite,REF0094,REF0094,GG0074,Hailuoling rare-metal granite,Jiangxi,,Granite body,The linked study explicitly identifies the Hailuoling rare-metal granite; records are grouped at that named geological-unit level.,High,8,REF0094,RCB0050,REF0094
R1134,21HLL07,141.9 ± 1.1 Ma,S,GG0074,Hailuoling rare-metal granite,REF0094,REF0094,GG0074,Hailuoling rare-metal granite,Jiangxi,,Granite body,The linked study explicitly identifies the Hailuoling rare-metal granite; records are grouped at that named geological-unit level.,High,8,REF0094,RCB0050,REF0094
R1135,21HLL08,141.9 ± 1.1 Ma,S,GG0074,Hailuoling rare-metal granite,REF0094,REF0094,GG0074,Hailuoling rare-metal granite,Jiangxi,,Granite body,The linked study explicitly identifies the Hailuoling rare-metal granite; records are grouped at that named geological-unit level.,High,8,REF0094,RCB0050,REF0094
R1136,21HLL19,141.9 ± 1.1 Ma,S,GG0074,Hailuoling rare-metal granite,REF0094,REF0094,GG0074,Hailuoling rare-metal granite,Jiangxi,,Granite body,The linked study explicitly identifies the Hailuoling rare-metal granite; records are grouped at that named geological-unit level.,High,8,REF0094,RCB0050,REF0094
R1137,21HLL20,141.9 ± 1.1 Ma,S,GG0074,Hailuoling rare-metal granite,REF0094,REF0094,GG0074,Hailuoling rare-metal granite,Jiangxi,,Granite body,The linked study explicitly identifies the Hailuoling rare-metal granite; records are grouped at that named geological-unit level.,High,8,REF0094,RCB0050,REF0094
R1138,21HLL21,141.9 ± 1.1 Ma,S,GG0074,Hailuoling rare-metal granite,REF0094,REF0094,GG0074,Hailuoling rare-metal granite,Jiangxi,,Granite body,The linked study explicitly identifies the Hailuoling rare-metal granite; records are grouped at that named geological-unit level.,High,8,REF0094,RCB0050,REF0094
R1153,XLS-01,127 Ma,S,GG0076,Xianglushan granite,REF0097,REF0097,GG0076,Xianglushan granite,Jiangxi,Xianglushan tungsten deposit,Granite body,The linked study explicitly identifies the Xianglushan granite; records are grouped at that named geological-unit level.,High,6,REF0097,RCB0051,REF0097
R1154,XL.S-02,127 Ma,S,GG0076,Xianglushan granite,REF0097,REF0097,GG0076,Xianglushan granite,Jiangxi,Xianglushan tungsten deposit,Granite body,The linked study explicitly identifies the Xianglushan granite; records are grouped at that named geological-unit level.,High,6,REF0097,RCB0051,REF0097
R1155,XLS-03,127 Ma,S,GG0076,Xianglushan granite,REF0097,REF0097,GG0076,Xianglushan granite,Jiangxi,Xianglushan tungsten deposit,Granite body,The linked study explicitly identifies the Xianglushan granite; records are grouped at that named geological-unit level.,High,6,REF0097,RCB0051,REF0097
R1156,XLS-04,127 Ma,S,GG0076,Xianglushan granite,REF0097,REF0097,GG0076,Xianglushan granite,Jiangxi,Xianglushan tungsten deposit,Granite body,The linked study explicitly identifies the Xianglushan granite; records are grouped at that named geological-unit level.,High,6,REF0097,RCB0051,REF0097
R1157,XLS05,127 Ma,S,GG0076,Xianglushan granite,REF0097,REF0097,GG0076,Xianglushan granite,Jiangxi,Xianglushan tungsten deposit,Granite body,The linked study explicitly identifies the Xianglushan granite; records are grouped at that named geological-unit level.,High,6,REF0097,RCB0051,REF0097
R1158,XLS-09,127 Ma,S,GG0076,Xianglushan granite,REF0097,REF0097,GG0076,Xianglushan granite,Jiangxi,Xianglushan tungsten deposit,Granite body,The linked study explicitly identifies the Xianglushan granite; records are grouped at that named geological-unit level.,High,6,REF0097,RCB0051,REF0097
R1159,Strongly albitized and lepidolitized fine-grained muscovite granite,153.6 ± 2 Ma; 141.8 ± 1.6 Ma,S,GG0077,Yifeng lithium-bearing porcelain-stone granite,REF0098,REF0098,GG0077,Yifeng lithium-bearing porcelain-stone granite,Jiangxi,Yifeng area,Granite body,The linked study explicitly identifies the Yifeng lithium-bearing porcelain-stone granite; records are grouped at that named geological-unit level.,High,15,REF0098,RCB0052,REF0098
R1160,Strongly albitized and lepidolitized fine-grained muscovite granite,153.6 ± 2 Ma; 141.8 ± 1.6 Ma,S,GG0077,Yifeng lithium-bearing porcelain-stone granite,REF0098,REF0098,GG0077,Yifeng lithium-bearing porcelain-stone granite,Jiangxi,Yifeng area,Granite body,The linked study explicitly identifies the Yifeng lithium-bearing porcelain-stone granite; records are grouped at that named geological-unit level.,High,15,REF0098,RCB0052,REF0098
R1161,Strongly albitized and lepidolitized fine-grained muscovite granite,153.6 ± 2 Ma; 141.8 ± 1.6 Ma,S,GG0077,Yifeng lithium-bearing porcelain-stone granite,REF0098,REF0098,GG0077,Yifeng lithium-bearing porcelain-stone granite,Jiangxi,Yifeng area,Granite body,The linked study explicitly identifies the Yifeng lithium-bearing porcelain-stone granite; records are grouped at that named geological-unit level.,High,15,REF0098,RCB0052,REF0098
R1162,Moderately albitized and lepidolitized medium- to fine-grained muscovite monzogranite,153.6 ± 2 Ma; 141.8 ± 1.6 Ma,S,GG0077,Yifeng lithium-bearing porcelain-stone granite,REF0098,REF0098,GG0077,Yifeng lithium-bearing porcelain-stone granite,Jiangxi,Yifeng area,Granite body,The linked study explicitly identifies the Yifeng lithium-bearing porcelain-stone granite; records are grouped at that named geological-unit level.,High,15,REF0098,RCB0052,REF0098
R1163,Moderately albitized and lepidolitized medium- to fine-grained muscovite monzogranite,153.6 ± 2 Ma; 141.8 ± 1.6 Ma,S,GG0077,Yifeng lithium-bearing porcelain-stone granite,REF0098,REF0098,GG0077,Yifeng lithium-bearing porcelain-stone granite,Jiangxi,Yifeng area,Granite body,The linked study explicitly identifies the Yifeng lithium-bearing porcelain-stone granite; records are grouped at that named geological-unit level.,High,15,REF0098,RCB0052,REF0098
R1164,Moderately albitized and lepidolitized medium- to fine-grained muscovite monzogranite,153.6 ± 2 Ma; 141.8 ± 1.6 Ma,S,GG0077,Yifeng lithium-bearing porcelain-stone granite,REF0098,REF0098,GG0077,Yifeng lithium-bearing porcelain-stone granite,Jiangxi,Yifeng area,Granite body,The linked study explicitly identifies the Yifeng lithium-bearing porcelain-stone granite; records are grouped at that named geological-unit level.,High,15,REF0098,RCB0052,REF0098
R1165,Weakly albitized and lepidolitized medium- to fine-grained muscovite monzogranite,153.6 ± 2 Ma; 141.8 ± 1.6 Ma,S,GG0077,Yifeng lithium-bearing porcelain-stone granite,REF0098,REF0098,GG0077,Yifeng lithium-bearing porcelain-stone granite,Jiangxi,Yifeng area,Granite body,The linked study explicitly identifies the Yifeng lithium-bearing porcelain-stone granite; records are grouped at that named geological-unit level.,High,15,REF0098,RCB0052,REF0098
R1166,Weakly albitized and lepidolitized medium- to fine-grained muscovite monzogranite,153.6 ± 2 Ma; 141.8 ± 1.6 Ma,S,GG0077,Yifeng lithium-bearing porcelain-stone granite,REF0098,REF0098,GG0077,Yifeng lithium-bearing porcelain-stone granite,Jiangxi,Yifeng area,Granite body,The linked study explicitly identifies the Yifeng lithium-bearing porcelain-stone granite; records are grouped at that named geological-unit level.,High,15,REF0098,RCB0052,REF0098
R1167,Weakly albitized and lepidolitized medium- to fine-grained muscovite monzogranite,153.6 ± 2 Ma; 141.8 ± 1.6 Ma,S,GG0077,Yifeng lithium-bearing porcelain-stone granite,REF0098,REF0098,GG0077,Yifeng lithium-bearing porcelain-stone granite,Jiangxi,Yifeng area,Granite body,The linked study explicitly identifies the Yifeng lithium-bearing porcelain-stone granite; records are grouped at that named geological-unit level.,High,15,REF0098,RCB0052,REF0098
R1168,Medium- to coarse-grained porphyritic two-mica monzogranite,153.6 ± 2 Ma; 141.8 ± 1.6 Ma,S,GG0077,Yifeng lithium-bearing porcelain-stone granite,REF0098,REF0098,GG0077,Yifeng lithium-bearing porcelain-stone granite,Jiangxi,Yifeng area,Granite body,The linked study explicitly identifies the Yifeng lithium-bearing porcelain-stone granite; records are grouped at that named geological-unit level.,High,15,REF0098,RCB0052,REF0098
R1169,Medium- to coarse-grained porphyritic two-mica monzogranite,153.6 ± 2 Ma; 141.8 ± 1.6 Ma,S,GG0077,Yifeng lithium-bearing porcelain-stone granite,REF0098,REF0098,GG0077,Yifeng lithium-bearing porcelain-stone granite,Jiangxi,Yifeng area,Granite body,The linked study explicitly identifies the Yifeng lithium-bearing porcelain-stone granite; records are grouped at that named geological-unit level.,High,15,REF0098,RCB0052,REF0098
R1170,Medium- to coarse-grained porphyritic two-mica monzogranite,153.6 ± 2 Ma; 141.8 ± 1.6 Ma,S,GG0077,Yifeng lithium-bearing porcelain-stone granite,REF0098,REF0098,GG0077,Yifeng lithium-bearing porcelain-stone granite,Jiangxi,Yifeng area,Granite body,The linked study explicitly identifies the Yifeng lithium-bearing porcelain-stone granite; records are grouped at that named geological-unit level.,High,15,REF0098,RCB0052,REF0098
R1171,Medium- to fine-grained porphyritic two-mica monzogranite,153.6 ± 2 Ma; 141.8 ± 1.6 Ma,S,GG0077,Yifeng lithium-bearing porcelain-stone granite,REF0098,REF0098,GG0077,Yifeng lithium-bearing porcelain-stone granite,Jiangxi,Yifeng area,Granite body,The linked study explicitly identifies the Yifeng lithium-bearing porcelain-stone granite; records are grouped at that named geological-unit level.,High,15,REF0098,RCB0052,REF0098
R1172,Medium- to fine-grained porphyritic two-mica monzogranite,153.6 ± 2 Ma; 141.8 ± 1.6 Ma,S,GG0077,Yifeng lithium-bearing porcelain-stone granite,REF0098,REF0098,GG0077,Yifeng lithium-bearing porcelain-stone granite,Jiangxi,Yifeng area,Granite body,The linked study explicitly identifies the Yifeng lithium-bearing porcelain-stone granite; records are grouped at that named geological-unit level.,High,15,REF0098,RCB0052,REF0098
R1173,Medium- to fine-grained porphyritic two-mica monzogranite,153.6 ± 2 Ma; 141.8 ± 1.6 Ma,S,GG0077,Yifeng lithium-bearing porcelain-stone granite,REF0098,REF0098,GG0077,Yifeng lithium-bearing porcelain-stone granite,Jiangxi,Yifeng area,Granite body,The linked study explicitly identifies the Yifeng lithium-bearing porcelain-stone granite; records are grouped at that named geological-unit level.,High,15,REF0098,RCB0052,REF0098
R1318,PM04－GSY1,252.8 ± 3.3 Ma,S,GG0082,Yongan granitoid pluton,REF0103,REF0103,GG0082,Yongan granitoid pluton,Guangxi,,Pluton,The linked study explicitly identifies the Yongan granitoid pluton; records are grouped at that named geological-unit level.,High,11,REF0103,RCB0053,REF0103
R1319,PM04－XT6,252.8 ± 3.3 Ma,S,GG0082,Yongan granitoid pluton,REF0103,REF0103,GG0082,Yongan granitoid pluton,Guangxi,,Pluton,The linked study explicitly identifies the Yongan granitoid pluton; records are grouped at that named geological-unit level.,High,11,REF0103,RCB0053,REF0103
R1320,PM04－XT7,252.8 ± 3.3 Ma,S,GG0082,Yongan granitoid pluton,REF0103,REF0103,GG0082,Yongan granitoid pluton,Guangxi,,Pluton,The linked study explicitly identifies the Yongan granitoid pluton; records are grouped at that named geological-unit level.,High,11,REF0103,RCB0053,REF0103
R1321,PM04－XT8,252.8 ± 3.3 Ma,S,GG0082,Yongan granitoid pluton,REF0103,REF0103,GG0082,Yongan granitoid pluton,Guangxi,,Pluton,The linked study explicitly identifies the Yongan granitoid pluton; records are grouped at that named geological-unit level.,High,11,REF0103,RCB0053,REF0103
R1322,PM04－XT11,252.8 ± 3.3 Ma,S,GG0082,Yongan granitoid pluton,REF0103,REF0103,GG0082,Yongan granitoid pluton,Guangxi,,Pluton,The linked study explicitly identifies the Yongan granitoid pluton; records are grouped at that named geological-unit level.,High,11,REF0103,RCB0053,REF0103
R1323,D2706－Rz1,252.8 ± 3.3 Ma,S,GG0082,Yongan granitoid pluton,REF0103,REF0103,GG0082,Yongan granitoid pluton,Guangxi,,Pluton,The linked study explicitly identifies the Yongan granitoid pluton; records are grouped at that named geological-unit level.,High,11,REF0103,RCB0053,REF0103
R1324,D5170－RZ1,252.8 ± 3.3 Ma,S,GG0082,Yongan granitoid pluton,REF0103,REF0103,GG0082,Yongan granitoid pluton,Guangxi,,Pluton,The linked study explicitly identifies the Yongan granitoid pluton; records are grouped at that named geological-unit level.,High,11,REF0103,RCB0053,REF0103
R1325,D5174－RZ1,252.8 ± 3.3 Ma,S,GG0082,Yongan granitoid pluton,REF0103,REF0103,GG0082,Yongan granitoid pluton,Guangxi,,Pluton,The linked study explicitly identifies the Yongan granitoid pluton; records are grouped at that named geological-unit level.,High,11,REF0103,RCB0053,REF0103
R1326,D5210－RZ1,252.8 ± 3.3 Ma,S,GG0082,Yongan granitoid pluton,REF0103,REF0103,GG0082,Yongan granitoid pluton,Guangxi,,Pluton,The linked study explicitly identifies the Yongan granitoid pluton; records are grouped at that named geological-unit level.,High,11,REF0103,RCB0053,REF0103
R1327,D5295－RZ1,252.8 ± 3.3 Ma,S,GG0082,Yongan granitoid pluton,REF0103,REF0103,GG0082,Yongan granitoid pluton,Guangxi,,Pluton,The linked study explicitly identifies the Yongan granitoid pluton; records are grouped at that named geological-unit level.,High,11,REF0103,RCB0053,REF0103
R1328,D6280－RZ1,252.8 ± 3.3 Ma,S,GG0082,Yongan granitoid pluton,REF0103,REF0103,GG0082,Yongan granitoid pluton,Guangxi,,Pluton,The linked study explicitly identifies the Yongan granitoid pluton; records are grouped at that named geological-unit level.,High,11,REF0103,RCB0053,REF0103
R1345,HQ1,180 Ma; 170 Ma; 165 Ma; 150 Ma,S,GG0085,Guirenfeng Rb-bearing granite,REF0106,REF0106,GG0085,Guirenfeng Rb-bearing granite,Guangdong,Guirenfeng Rb deposit,Granite body,The linked study explicitly identifies the Guirenfeng Rb-bearing granite; records are grouped at that named geological-unit level.,High,8,REF0106,RCB0054,REF0106
R1346,HQ2,180 Ma; 170 Ma; 165 Ma; 150 Ma,S,GG0085,Guirenfeng Rb-bearing granite,REF0106,REF0106,GG0085,Guirenfeng Rb-bearing granite,Guangdong,Guirenfeng Rb deposit,Granite body,The linked study explicitly identifies the Guirenfeng Rb-bearing granite; records are grouped at that named geological-unit level.,High,8,REF0106,RCB0054,REF0106
R1347,HQ3,180 Ma; 170 Ma; 165 Ma; 150 Ma,S,GG0085,Guirenfeng Rb-bearing granite,REF0106,REF0106,GG0085,Guirenfeng Rb-bearing granite,Guangdong,Guirenfeng Rb deposit,Granite body,The linked study explicitly identifies the Guirenfeng Rb-bearing granite; records are grouped at that named geological-unit level.,High,8,REF0106,RCB0054,REF0106
R1348,HQ4,180 Ma; 170 Ma; 165 Ma; 150 Ma,S,GG0085,Guirenfeng Rb-bearing granite,REF0106,REF0106,GG0085,Guirenfeng Rb-bearing granite,Guangdong,Guirenfeng Rb deposit,Granite body,The linked study explicitly identifies the Guirenfeng Rb-bearing granite; records are grouped at that named geological-unit level.,High,8,REF0106,RCB0054,REF0106
R1349,HQ5,180 Ma; 170 Ma; 165 Ma; 150 Ma,S,GG0085,Guirenfeng Rb-bearing granite,REF0106,REF0106,GG0085,Guirenfeng Rb-bearing granite,Guangdong,Guirenfeng Rb deposit,Granite body,The linked study explicitly identifies the Guirenfeng Rb-bearing granite; records are grouped at that named geological-unit level.,High,8,REF0106,RCB0054,REF0106
R1350,HQ6,180 Ma; 170 Ma; 165 Ma; 150 Ma,S,GG0085,Guirenfeng Rb-bearing granite,REF0106,REF0106,GG0085,Guirenfeng Rb-bearing granite,Guangdong,Guirenfeng Rb deposit,Granite body,The linked study explicitly identifies the Guirenfeng Rb-bearing granite; records are grouped at that named geological-unit level.,High,8,REF0106,RCB0054,REF0106
R1351,HQ7,180 Ma; 170 Ma; 165 Ma; 150 Ma,S,GG0085,Guirenfeng Rb-bearing granite,REF0106,REF0106,GG0085,Guirenfeng Rb-bearing granite,Guangdong,Guirenfeng Rb deposit,Granite body,The linked study explicitly identifies the Guirenfeng Rb-bearing granite; records are grouped at that named geological-unit level.,High,8,REF0106,RCB0054,REF0106
R1352,HQ8,180 Ma; 170 Ma; 165 Ma; 150 Ma,S,GG0085,Guirenfeng Rb-bearing granite,REF0106,REF0106,GG0085,Guirenfeng Rb-bearing granite,Guangdong,Guirenfeng Rb deposit,Granite body,The linked study explicitly identifies the Guirenfeng Rb-bearing granite; records are grouped at that named geological-unit level.,High,8,REF0106,RCB0054,REF0106
R1369,QS222-1,101.8 Ma; 97.1 Ma,I,GG0087,Qiashui granitoid pluton,REF0108,REF0108,GG0087,Qiashui granitoid pluton,Guangdong,,Pluton,The linked study explicitly identifies the Qiashui granitoid pluton; records are grouped at that named geological-unit level.,High,19,REF0108,RCB0055,REF0108
R1370,QS3,101.8 Ma; 97.1 Ma,I,GG0087,Qiashui granitoid pluton,REF0108,REF0108,GG0087,Qiashui granitoid pluton,Guangdong,,Pluton,The linked study explicitly identifies the Qiashui granitoid pluton; records are grouped at that named geological-unit level.,High,19,REF0108,RCB0055,REF0108
R1371,QS240-2,101.8 Ma; 97.1 Ma,I,GG0087,Qiashui granitoid pluton,REF0108,REF0108,GG0087,Qiashui granitoid pluton,Guangdong,,Pluton,The linked study explicitly identifies the Qiashui granitoid pluton; records are grouped at that named geological-unit level.,High,19,REF0108,RCB0055,REF0108
R1372,QS54,101.8 Ma; 97.1 Ma,I,GG0087,Qiashui granitoid pluton,REF0108,REF0108,GG0087,Qiashui granitoid pluton,Guangdong,,Pluton,The linked study explicitly identifies the Qiashui granitoid pluton; records are grouped at that named geological-unit level.,High,19,REF0108,RCB0055,REF0108
R1373,QS58,101.8 Ma; 97.1 Ma,I,GG0087,Qiashui granitoid pluton,REF0108,REF0108,GG0087,Qiashui granitoid pluton,Guangdong,,Pluton,The linked study explicitly identifies the Qiashui granitoid pluton; records are grouped at that named geological-unit level.,High,19,REF0108,RCB0055,REF0108
R1374,QS64,101.8 Ma; 97.1 Ma,I,GG0087,Qiashui granitoid pluton,REF0108,REF0108,GG0087,Qiashui granitoid pluton,Guangdong,,Pluton,The linked study explicitly identifies the Qiashui granitoid pluton; records are grouped at that named geological-unit level.,High,19,REF0108,RCB0055,REF0108
R1375,QS220-2,101.8 Ma; 97.1 Ma,I,GG0087,Qiashui granitoid pluton,REF0108,REF0108,GG0087,Qiashui granitoid pluton,Guangdong,,Pluton,The linked study explicitly identifies the Qiashui granitoid pluton; records are grouped at that named geological-unit level.,High,19,REF0108,RCB0055,REF0108
R1376,QS225-1,101.8 Ma; 97.1 Ma,I,GG0087,Qiashui granitoid pluton,REF0108,REF0108,GG0087,Qiashui granitoid pluton,Guangdong,,Pluton,The linked study explicitly identifies the Qiashui granitoid pluton; records are grouped at that named geological-unit level.,High,19,REF0108,RCB0055,REF0108
R1377,QS53,101.8 Ma; 97.1 Ma,I,GG0087,Qiashui granitoid pluton,REF0108,REF0108,GG0087,Qiashui granitoid pluton,Guangdong,,Pluton,The linked study explicitly identifies the Qiashui granitoid pluton; records are grouped at that named geological-unit level.,High,19,REF0108,RCB0055,REF0108
R1378,QS245-1,101.8 Ma; 97.1 Ma,I,GG0087,Qiashui granitoid pluton,REF0108,REF0108,GG0087,Qiashui granitoid pluton,Guangdong,,Pluton,The linked study explicitly identifies the Qiashui granitoid pluton; records are grouped at that named geological-unit level.,High,19,REF0108,RCB0055,REF0108
R1379,QS1,101.8 Ma; 97.1 Ma,I,GG0087,Qiashui granitoid pluton,REF0108,REF0108,GG0087,Qiashui granitoid pluton,Guangdong,,Pluton,The linked study explicitly identifies the Qiashui granitoid pluton; records are grouped at that named geological-unit level.,High,19,REF0108,RCB0055,REF0108
R1380,QS191-7,101.8 Ma; 97.1 Ma,I,GG0087,Qiashui granitoid pluton,REF0108,REF0108,GG0087,Qiashui granitoid pluton,Guangdong,,Pluton,The linked study explicitly identifies the Qiashui granitoid pluton; records are grouped at that named geological-unit level.,High,19,REF0108,RCB0055,REF0108
R1381,QS186-2,101.8 Ma; 97.1 Ma,I,GG0087,Qiashui granitoid pluton,REF0108,REF0108,GG0087,Qiashui granitoid pluton,Guangdong,,Pluton,The linked study explicitly identifies the Qiashui granitoid pluton; records are grouped at that named geological-unit level.,High,19,REF0108,RCB0055,REF0108
R1382,QS186-3,101.8 Ma; 97.1 Ma,I,GG0087,Qiashui granitoid pluton,REF0108,REF0108,GG0087,Qiashui granitoid pluton,Guangdong,,Pluton,The linked study explicitly identifies the Qiashui granitoid pluton; records are grouped at that named geological-unit level.,High,19,REF0108,RCB0055,REF0108
R1383,QS171-1,101.8 Ma; 97.1 Ma,I,GG0087,Qiashui granitoid pluton,REF0108,REF0108,GG0087,Qiashui granitoid pluton,Guangdong,,Pluton,The linked study explicitly identifies the Qiashui granitoid pluton; records are grouped at that named geological-unit level.,High,19,REF0108,RCB0055,REF0108
R1384,QS172-1,101.8 Ma; 97.1 Ma,I,GG0087,Qiashui granitoid pluton,REF0108,REF0108,GG0087,Qiashui granitoid pluton,Guangdong,,Pluton,The linked study explicitly identifies the Qiashui granitoid pluton; records are grouped at that named geological-unit level.,High,19,REF0108,RCB0055,REF0108
R1385,QS43,101.8 Ma; 97.1 Ma,I,GG0087,Qiashui granitoid pluton,REF0108,REF0108,GG0087,Qiashui granitoid pluton,Guangdong,,Pluton,The linked study explicitly identifies the Qiashui granitoid pluton; records are grouped at that named geological-unit level.,High,19,REF0108,RCB0055,REF0108
R1386,QS44,101.8 Ma; 97.1 Ma,I,GG0087,Qiashui granitoid pluton,REF0108,REF0108,GG0087,Qiashui granitoid pluton,Guangdong,,Pluton,The linked study explicitly identifies the Qiashui granitoid pluton; records are grouped at that named geological-unit level.,High,19,REF0108,RCB0055,REF0108
R1387,QS202-1,101.8 Ma; 97.1 Ma,I,GG0087,Qiashui granitoid pluton,REF0108,REF0108,GG0087,Qiashui granitoid pluton,Guangdong,,Pluton,The linked study explicitly identifies the Qiashui granitoid pluton; records are grouped at that named geological-unit level.,High,19,REF0108,RCB0055,REF0108
R1411,XS02-1,79.5 ± 1.3 Ma,A,GG0011,Gejiu,REF0110,REF0110,GG0011,Gejiu,Not specified in source title,,Composite or parent geological unit,Related subunits are consolidated under the named Gejiu parent unit so genetically and spatially related samples remain in one validation group.,Medium,30,REF0077; REF0110,RCB0011,REF0077; REF0110
R1412,XS02-2,79.5 ± 1.3 Ma,A,GG0011,Gejiu,REF0110,REF0110,GG0011,Gejiu,Not specified in source title,,Composite or parent geological unit,Related subunits are consolidated under the named Gejiu parent unit so genetically and spatially related samples remain in one validation group.,Medium,30,REF0077; REF0110,RCB0011,REF0077; REF0110
R1413,XS06-1,79.5 ± 1.3 Ma,A,GG0011,Gejiu,REF0110,REF0110,GG0011,Gejiu,Not specified in source title,,Composite or parent geological unit,Related subunits are consolidated under the named Gejiu parent unit so genetically and spatially related samples remain in one validation group.,Medium,30,REF0077; REF0110,RCB0011,REF0077; REF0110
R1414,XS-05-02,79.5 ± 1.3 Ma,A,GG0011,Gejiu,REF0110,REF0110,GG0011,Gejiu,Not specified in source title,,Composite or parent geological unit,Related subunits are consolidated under the named Gejiu parent unit so genetically and spatially related samples remain in one validation group.,Medium,30,REF0077; REF0110,RCB0011,REF0077; REF0110
R1415,XS-29,79.5 ± 1.3 Ma,A,GG0011,Gejiu,REF0110,REF0110,GG0011,Gejiu,Not specified in source title,,Composite or parent geological unit,Related subunits are consolidated under the named Gejiu parent unit so genetically and spatially related samples remain in one validation group.,Medium,30,REF0077; REF0110,RCB0011,REF0077; REF0110
R1416,XS-30,79.5 ± 1.3 Ma,A,GG0011,Gejiu,REF0110,REF0110,GG0011,Gejiu,Not specified in source title,,Composite or parent geological unit,Related subunits are consolidated under the named Gejiu parent unit so genetically and spatially related samples remain in one validation group.,Medium,30,REF0077; REF0110,RCB0011,REF0077; REF0110
R1417,ZK36-2,79.5 ± 1.3 Ma,A,GG0011,Gejiu,REF0110,REF0110,GG0011,Gejiu,Not specified in source title,,Composite or parent geological unit,Related subunits are consolidated under the named Gejiu parent unit so genetically and spatially related samples remain in one validation group.,Medium,30,REF0077; REF0110,RCB0011,REF0077; REF0110
R1418,ZK36-3,79.5 ± 1.3 Ma,A,GG0011,Gejiu,REF0110,REF0110,GG0011,Gejiu,Not specified in source title,,Composite or parent geological unit,Related subunits are consolidated under the named Gejiu parent unit so genetically and spatially related samples remain in one validation group.,Medium,30,REF0077; REF0110,RCB0011,REF0077; REF0110
R1419,ZK48-1-338,79.5 ± 1.3 Ma,A,GG0011,Gejiu,REF0110,REF0110,GG0011,Gejiu,Not specified in source title,,Composite or parent geological unit,Related subunits are consolidated under the named Gejiu parent unit so genetically and spatially related samples remain in one validation group.,Medium,30,REF0077; REF0110,RCB0011,REF0077; REF0110
R1420,ZK48-1-366,79.5 ± 1.3 Ma,A,GG0011,Gejiu,REF0110,REF0110,GG0011,Gejiu,Not specified in source title,,Composite or parent geological unit,Related subunits are consolidated under the named Gejiu parent unit so genetically and spatially related samples remain in one validation group.,Medium,30,REF0077; REF0110,RCB0011,REF0077; REF0110
R1421,GR-16,79.5 ± 1.3 Ma,A,GG0011,Gejiu,REF0110,REF0110,GG0011,Gejiu,Not specified in source title,,Composite or parent geological unit,Related subunits are consolidated under the named Gejiu parent unit so genetically and spatially related samples remain in one validation group.,Medium,30,REF0077; REF0110,RCB0011,REF0077; REF0110
R1422,GR-17,79.5 ± 1.3 Ma,A,GG0011,Gejiu,REF0110,REF0110,GG0011,Gejiu,Not specified in source title,,Composite or parent geological unit,Related subunits are consolidated under the named Gejiu parent unit so genetically and spatially related samples remain in one validation group.,Medium,30,REF0077; REF0110,RCB0011,REF0077; REF0110
R1423,GR-19,79.5 ± 1.3 Ma,A,GG0011,Gejiu,REF0110,REF0110,GG0011,Gejiu,Not specified in source title,,Composite or parent geological unit,Related subunits are consolidated under the named Gejiu parent unit so genetically and spatially related samples remain in one validation group.,Medium,30,REF0077; REF0110,RCB0011,REF0077; REF0110
R1424,TZ-1,79.5 ± 1.3 Ma,A,GG0011,Gejiu,REF0110,REF0110,GG0011,Gejiu,Not specified in source title,,Composite or parent geological unit,Related subunits are consolidated under the named Gejiu parent unit so genetically and spatially related samples remain in one validation group.,Medium,30,REF0077; REF0110,RCB0011,REF0077; REF0110
R1425,ZY-3,79.5 ± 1.3 Ma,A,GG0011,Gejiu,REF0110,REF0110,GG0011,Gejiu,Not specified in source title,,Composite or parent geological unit,Related subunits are consolidated under the named Gejiu parent unit so genetically and spatially related samples remain in one validation group.,Medium,30,REF0077; REF0110,RCB0011,REF0077; REF0110
R1426,TZ2,79.5 ± 1.3 Ma,A,GG0011,Gejiu,REF0110,REF0110,GG0011,Gejiu,Not specified in source title,,Composite or parent geological unit,Related subunits are consolidated under the named Gejiu parent unit so genetically and spatially related samples remain in one validation group.,Medium,30,REF0077; REF0110,RCB0011,REF0077; REF0110
R1427,ZYS9,79.5 ± 1.3 Ma,A,GG0011,Gejiu,REF0110,REF0110,GG0011,Gejiu,Not specified in source title,,Composite or parent geological unit,Related subunits are consolidated under the named Gejiu parent unit so genetically and spatially related samples remain in one validation group.,Medium,30,REF0077; REF0110,RCB0011,REF0077; REF0110
R1428,ZYS20,79.5 ± 1.3 Ma,A,GG0011,Gejiu,REF0110,REF0110,GG0011,Gejiu,Not specified in source title,,Composite or parent geological unit,Related subunits are consolidated under the named Gejiu parent unit so genetically and spatially related samples remain in one validation group.,Medium,30,REF0077; REF0110,RCB0011,REF0077; REF0110
R1429,XAK-82,79.5 ± 1.3 Ma,A,GG0011,Gejiu,REF0110,REF0110,GG0011,Gejiu,Not specified in source title,,Composite or parent geological unit,Related subunits are consolidated under the named Gejiu parent unit so genetically and spatially related samples remain in one validation group.,Medium,30,REF0077; REF0110,RCB0011,REF0077; REF0110
R1430,XAZ-24,79.5 ± 1.3 Ma,A,GG0011,Gejiu,REF0110,REF0110,GG0011,Gejiu,Not specified in source title,,Composite or parent geological unit,Related subunits are consolidated under the named Gejiu parent unit so genetically and spatially related samples remain in one validation group.,Medium,30,REF0077; REF0110,RCB0011,REF0077; REF0110
R1431,XS02-1,78.1 ± 0.9 Ma; 79.0 ± 1.2 Ma; 79.3 ± 0.8 Ma,A,GG0088,Xishan A-type granite pluton,REF0111,REF0111,GG0088,Xishan A-type granite pluton,South China,Xishan Sn–W deposit,Pluton,The linked study explicitly identifies the Xishan A-type granite pluton; records are grouped at that named geological-unit level.,High,15,REF0111,RCB0056,REF0111
R1432,XS02-2,78.1 ± 0.9 Ma; 79.0 ± 1.2 Ma; 79.3 ± 0.8 Ma,A,GG0088,Xishan A-type granite pluton,REF0111,REF0111,GG0088,Xishan A-type granite pluton,South China,Xishan Sn–W deposit,Pluton,The linked study explicitly identifies the Xishan A-type granite pluton; records are grouped at that named geological-unit level.,High,15,REF0111,RCB0056,REF0111
R1433,XS06-1,78.1 ± 0.9 Ma; 79.0 ± 1.2 Ma; 79.3 ± 0.8 Ma,A,GG0088,Xishan A-type granite pluton,REF0111,REF0111,GG0088,Xishan A-type granite pluton,South China,Xishan Sn–W deposit,Pluton,The linked study explicitly identifies the Xishan A-type granite pluton; records are grouped at that named geological-unit level.,High,15,REF0111,RCB0056,REF0111
R1434,XS1506,78.1 ± 0.9 Ma; 79.0 ± 1.2 Ma; 79.3 ± 0.8 Ma,A,GG0088,Xishan A-type granite pluton,REF0111,REF0111,GG0088,Xishan A-type granite pluton,South China,Xishan Sn–W deposit,Pluton,The linked study explicitly identifies the Xishan A-type granite pluton; records are grouped at that named geological-unit level.,High,15,REF0111,RCB0056,REF0111
R1435,XS1507,78.1 ± 0.9 Ma; 79.0 ± 1.2 Ma; 79.3 ± 0.8 Ma,A,GG0088,Xishan A-type granite pluton,REF0111,REF0111,GG0088,Xishan A-type granite pluton,South China,Xishan Sn–W deposit,Pluton,The linked study explicitly identifies the Xishan A-type granite pluton; records are grouped at that named geological-unit level.,High,15,REF0111,RCB0056,REF0111
R1436,XS1526,78.1 ± 0.9 Ma; 79.0 ± 1.2 Ma; 79.3 ± 0.8 Ma,A,GG0088,Xishan A-type granite pluton,REF0111,REF0111,GG0088,Xishan A-type granite pluton,South China,Xishan Sn–W deposit,Pluton,The linked study explicitly identifies the Xishan A-type granite pluton; records are grouped at that named geological-unit level.,High,15,REF0111,RCB0056,REF0111
R1437,XS1541,78.1 ± 0.9 Ma; 79.0 ± 1.2 Ma; 79.3 ± 0.8 Ma,A,GG0088,Xishan A-type granite pluton,REF0111,REF0111,GG0088,Xishan A-type granite pluton,South China,Xishan Sn–W deposit,Pluton,The linked study explicitly identifies the Xishan A-type granite pluton; records are grouped at that named geological-unit level.,High,15,REF0111,RCB0056,REF0111
R1438,ZK36-1- 379,78.1 ± 0.9 Ma; 79.0 ± 1.2 Ma; 79.3 ± 0.8 Ma,A,GG0088,Xishan A-type granite pluton,REF0111,REF0111,GG0088,Xishan A-type granite pluton,South China,Xishan Sn–W deposit,Pluton,The linked study explicitly identifies the Xishan A-type granite pluton; records are grouped at that named geological-unit level.,High,15,REF0111,RCB0056,REF0111
R1439,ZK36-1- 388,78.1 ± 0.9 Ma; 79.0 ± 1.2 Ma; 79.3 ± 0.8 Ma,A,GG0088,Xishan A-type granite pluton,REF0111,REF0111,GG0088,Xishan A-type granite pluton,South China,Xishan Sn–W deposit,Pluton,The linked study explicitly identifies the Xishan A-type granite pluton; records are grouped at that named geological-unit level.,High,15,REF0111,RCB0056,REF0111
R1440,ZK36-1- 426,78.1 ± 0.9 Ma; 79.0 ± 1.2 Ma; 79.3 ± 0.8 Ma,A,GG0088,Xishan A-type granite pluton,REF0111,REF0111,GG0088,Xishan A-type granite pluton,South China,Xishan Sn–W deposit,Pluton,The linked study explicitly identifies the Xishan A-type granite pluton; records are grouped at that named geological-unit level.,High,15,REF0111,RCB0056,REF0111
R1441,ZK48-1- 338,78.1 ± 0.9 Ma; 79.0 ± 1.2 Ma; 79.3 ± 0.8 Ma,A,GG0088,Xishan A-type granite pluton,REF0111,REF0111,GG0088,Xishan A-type granite pluton,South China,Xishan Sn–W deposit,Pluton,The linked study explicitly identifies the Xishan A-type granite pluton; records are grouped at that named geological-unit level.,High,15,REF0111,RCB0056,REF0111
R1442,ZK48-1- 366,78.1 ± 0.9 Ma; 79.0 ± 1.2 Ma; 79.3 ± 0.8 Ma,A,GG0088,Xishan A-type granite pluton,REF0111,REF0111,GG0088,Xishan A-type granite pluton,South China,Xishan Sn–W deposit,Pluton,The linked study explicitly identifies the Xishan A-type granite pluton; records are grouped at that named geological-unit level.,High,15,REF0111,RCB0056,REF0111
R1443,XS1529,78.1 ± 0.9 Ma; 79.0 ± 1.2 Ma; 79.3 ± 0.8 Ma,A,GG0088,Xishan A-type granite pluton,REF0111,REF0111,GG0088,Xishan A-type granite pluton,South China,Xishan Sn–W deposit,Pluton,The linked study explicitly identifies the Xishan A-type granite pluton; records are grouped at that named geological-unit level.,High,15,REF0111,RCB0056,REF0111
R1444,XS1530,78.1 ± 0.9 Ma; 79.0 ± 1.2 Ma; 79.3 ± 0.8 Ma,A,GG0088,Xishan A-type granite pluton,REF0111,REF0111,GG0088,Xishan A-type granite pluton,South China,Xishan Sn–W deposit,Pluton,The linked study explicitly identifies the Xishan A-type granite pluton; records are grouped at that named geological-unit level.,High,15,REF0111,RCB0056,REF0111
R1445,XS1531,78.1 ± 0.9 Ma; 79.0 ± 1.2 Ma; 79.3 ± 0.8 Ma,A,GG0088,Xishan A-type granite pluton,REF0111,REF0111,GG0088,Xishan A-type granite pluton,South China,Xishan Sn–W deposit,Pluton,The linked study explicitly identifies the Xishan A-type granite pluton; records are grouped at that named geological-unit level.,High,15,REF0111,RCB0056,REF0111
R1446,12GZ-30-1,246 ± 3 Ma,I,GG0089,Gaozhou gneissoid granite suite,REF0112,REF0112,GG0089,Gaozhou gneissoid granite suite,Guangdong,Yunkai Massif,Granite suite,The linked study defines the analyzed rocks as the Gaozhou gneissoid granite suite; records are retained together at that documented composite or regional geological level.,High,7,REF0112,RCB0057,REF0112
R1447,12GZ-30-2,246 ± 3 Ma,I,GG0089,Gaozhou gneissoid granite suite,REF0112,REF0112,GG0089,Gaozhou gneissoid granite suite,Guangdong,Yunkai Massif,Granite suite,The linked study defines the analyzed rocks as the Gaozhou gneissoid granite suite; records are retained together at that documented composite or regional geological level.,High,7,REF0112,RCB0057,REF0112
R1448,12GZ-30-3,246 ± 3 Ma,I,GG0089,Gaozhou gneissoid granite suite,REF0112,REF0112,GG0089,Gaozhou gneissoid granite suite,Guangdong,Yunkai Massif,Granite suite,The linked study defines the analyzed rocks as the Gaozhou gneissoid granite suite; records are retained together at that documented composite or regional geological level.,High,7,REF0112,RCB0057,REF0112
R1449,12GZ-30-4,246 ± 3 Ma,I,GG0089,Gaozhou gneissoid granite suite,REF0112,REF0112,GG0089,Gaozhou gneissoid granite suite,Guangdong,Yunkai Massif,Granite suite,The linked study defines the analyzed rocks as the Gaozhou gneissoid granite suite; records are retained together at that documented composite or regional geological level.,High,7,REF0112,RCB0057,REF0112
R1450,12GZ-30-5,246 ± 3 Ma,I,GG0089,Gaozhou gneissoid granite suite,REF0112,REF0112,GG0089,Gaozhou gneissoid granite suite,Guangdong,Yunkai Massif,Granite suite,The linked study defines the analyzed rocks as the Gaozhou gneissoid granite suite; records are retained together at that documented composite or regional geological level.,High,7,REF0112,RCB0057,REF0112
R1451,12GZ-30-6,246 ± 3 Ma,I,GG0089,Gaozhou gneissoid granite suite,REF0112,REF0112,GG0089,Gaozhou gneissoid granite suite,Guangdong,Yunkai Massif,Granite suite,The linked study defines the analyzed rocks as the Gaozhou gneissoid granite suite; records are retained together at that documented composite or regional geological level.,High,7,REF0112,RCB0057,REF0112
R1452,12GZ-30-7,246 ± 3 Ma,I,GG0089,Gaozhou gneissoid granite suite,REF0112,REF0112,GG0089,Gaozhou gneissoid granite suite,Guangdong,Yunkai Massif,Granite suite,The linked study defines the analyzed rocks as the Gaozhou gneissoid granite suite; records are retained together at that documented composite or regional geological level.,High,7,REF0112,RCB0057,REF0112
R1453,ZB-1,171–199 Ma,I,GG0090,Zhaibei granite,REF0113,REF0113,GG0090,Zhaibei granite,Jiangxi,,Granite body,The linked study explicitly identifies the Zhaibei granite; records are grouped at that named geological-unit level.,High,16,REF0113,RCB0058,REF0113
R1454,ZB-2,171–199 Ma,I,GG0090,Zhaibei granite,REF0113,REF0113,GG0090,Zhaibei granite,Jiangxi,,Granite body,The linked study explicitly identifies the Zhaibei granite; records are grouped at that named geological-unit level.,High,16,REF0113,RCB0058,REF0113
R1455,ZB-3,171–199 Ma,I,GG0090,Zhaibei granite,REF0113,REF0113,GG0090,Zhaibei granite,Jiangxi,,Granite body,The linked study explicitly identifies the Zhaibei granite; records are grouped at that named geological-unit level.,High,16,REF0113,RCB0058,REF0113
R1456,ZB-4,171–199 Ma,I,GG0090,Zhaibei granite,REF0113,REF0113,GG0090,Zhaibei granite,Jiangxi,,Granite body,The linked study explicitly identifies the Zhaibei granite; records are grouped at that named geological-unit level.,High,16,REF0113,RCB0058,REF0113
R1457,ZB-5,171–199 Ma,I,GG0090,Zhaibei granite,REF0113,REF0113,GG0090,Zhaibei granite,Jiangxi,,Granite body,The linked study explicitly identifies the Zhaibei granite; records are grouped at that named geological-unit level.,High,16,REF0113,RCB0058,REF0113
R1458,ZB-6,171–199 Ma,I,GG0090,Zhaibei granite,REF0113,REF0113,GG0090,Zhaibei granite,Jiangxi,,Granite body,The linked study explicitly identifies the Zhaibei granite; records are grouped at that named geological-unit level.,High,16,REF0113,RCB0058,REF0113
R1459,ZB-7,171–199 Ma,I,GG0090,Zhaibei granite,REF0113,REF0113,GG0090,Zhaibei granite,Jiangxi,,Granite body,The linked study explicitly identifies the Zhaibei granite; records are grouped at that named geological-unit level.,High,16,REF0113,RCB0058,REF0113
R1460,ZB-10,171–199 Ma,I,GG0090,Zhaibei granite,REF0113,REF0113,GG0090,Zhaibei granite,Jiangxi,,Granite body,The linked study explicitly identifies the Zhaibei granite; records are grouped at that named geological-unit level.,High,16,REF0113,RCB0058,REF0113
R1461,ZB-11,171–199 Ma,I,GG0090,Zhaibei granite,REF0113,REF0113,GG0090,Zhaibei granite,Jiangxi,,Granite body,The linked study explicitly identifies the Zhaibei granite; records are grouped at that named geological-unit level.,High,16,REF0113,RCB0058,REF0113
R1462,ZB-12,171–199 Ma,I,GG0090,Zhaibei granite,REF0113,REF0113,GG0090,Zhaibei granite,Jiangxi,,Granite body,The linked study explicitly identifies the Zhaibei granite; records are grouped at that named geological-unit level.,High,16,REF0113,RCB0058,REF0113
R1463,ZB-13,171–199 Ma,I,GG0090,Zhaibei granite,REF0113,REF0113,GG0090,Zhaibei granite,Jiangxi,,Granite body,The linked study explicitly identifies the Zhaibei granite; records are grouped at that named geological-unit level.,High,16,REF0113,RCB0058,REF0113
R1464,ZB-14,171–199 Ma,I,GG0090,Zhaibei granite,REF0113,REF0113,GG0090,Zhaibei granite,Jiangxi,,Granite body,The linked study explicitly identifies the Zhaibei granite; records are grouped at that named geological-unit level.,High,16,REF0113,RCB0058,REF0113
R1465,ZB-15,171–199 Ma,I,GG0090,Zhaibei granite,REF0113,REF0113,GG0090,Zhaibei granite,Jiangxi,,Granite body,The linked study explicitly identifies the Zhaibei granite; records are grouped at that named geological-unit level.,High,16,REF0113,RCB0058,REF0113
R1466,ZB-16,171–199 Ma,I,GG0090,Zhaibei granite,REF0113,REF0113,GG0090,Zhaibei granite,Jiangxi,,Granite body,The linked study explicitly identifies the Zhaibei granite; records are grouped at that named geological-unit level.,High,16,REF0113,RCB0058,REF0113
R1467,ZB-8,171–199 Ma,I,GG0090,Zhaibei granite,REF0113,REF0113,GG0090,Zhaibei granite,Jiangxi,,Granite body,The linked study explicitly identifies the Zhaibei granite; records are grouped at that named geological-unit level.,High,16,REF0113,RCB0058,REF0113
R1468,ZB-9,171–199 Ma,I,GG0090,Zhaibei granite,REF0113,REF0113,GG0090,Zhaibei granite,Jiangxi,,Granite body,The linked study explicitly identifies the Zhaibei granite; records are grouped at that named geological-unit level.,High,16,REF0113,RCB0058,REF0113
R1574,LMD19,224.8 ± 1.6 Ma,S,GG0096,Daqiling concealed intrusion,REF0119,REF0119,GG0096,Daqiling concealed intrusion,Guangxi,,Intrusion,The linked study explicitly identifies the Daqiling concealed intrusion; records are grouped at that named geological-unit level.,High,9,REF0119,RCB0059,REF0119
R1575,LMD20,224.8 ± 1.6 Ma,S,GG0096,Daqiling concealed intrusion,REF0119,REF0119,GG0096,Daqiling concealed intrusion,Guangxi,,Intrusion,The linked study explicitly identifies the Daqiling concealed intrusion; records are grouped at that named geological-unit level.,High,9,REF0119,RCB0059,REF0119
R1576,LMD25,224.8 ± 1.6 Ma,S,GG0096,Daqiling concealed intrusion,REF0119,REF0119,GG0096,Daqiling concealed intrusion,Guangxi,,Intrusion,The linked study explicitly identifies the Daqiling concealed intrusion; records are grouped at that named geological-unit level.,High,9,REF0119,RCB0059,REF0119
R1577,LMD26,224.8 ± 1.6 Ma,S,GG0096,Daqiling concealed intrusion,REF0119,REF0119,GG0096,Daqiling concealed intrusion,Guangxi,,Intrusion,The linked study explicitly identifies the Daqiling concealed intrusion; records are grouped at that named geological-unit level.,High,9,REF0119,RCB0059,REF0119
R1578,LMD27,224.8 ± 1.6 Ma,S,GG0096,Daqiling concealed intrusion,REF0119,REF0119,GG0096,Daqiling concealed intrusion,Guangxi,,Intrusion,The linked study explicitly identifies the Daqiling concealed intrusion; records are grouped at that named geological-unit level.,High,9,REF0119,RCB0059,REF0119
R1579,LMD28,224.8 ± 1.6 Ma,S,GG0096,Daqiling concealed intrusion,REF0119,REF0119,GG0096,Daqiling concealed intrusion,Guangxi,,Intrusion,The linked study explicitly identifies the Daqiling concealed intrusion; records are grouped at that named geological-unit level.,High,9,REF0119,RCB0059,REF0119
R1580,LMD29,224.8 ± 1.6 Ma,S,GG0096,Daqiling concealed intrusion,REF0119,REF0119,GG0096,Daqiling concealed intrusion,Guangxi,,Intrusion,The linked study explicitly identifies the Daqiling concealed intrusion; records are grouped at that named geological-unit level.,High,9,REF0119,RCB0059,REF0119
R1581,LMD31,224.8 ± 1.6 Ma,S,GG0096,Daqiling concealed intrusion,REF0119,REF0119,GG0096,Daqiling concealed intrusion,Guangxi,,Intrusion,The linked study explicitly identifies the Daqiling concealed intrusion; records are grouped at that named geological-unit level.,High,9,REF0119,RCB0059,REF0119
R1582,LMD33,224.8 ± 1.6 Ma,S,GG0096,Daqiling concealed intrusion,REF0119,REF0119,GG0096,Daqiling concealed intrusion,Guangxi,,Intrusion,The linked study explicitly identifies the Daqiling concealed intrusion; records are grouped at that named geological-unit level.,High,9,REF0119,RCB0059,REF0119
R1591,zk42083,153.5 ± 1.0 Ma; 150.4 ± 1.0 Ma,I,GG0039,Zhuxi,REF0121,REF0121,GG0039,Zhuxi,Jiangxi,,Named pluton or intrusive unit,The linked references explicitly identify the Zhuxi; all associated records are assigned to that named geological unit.,High,119,REF0090; REF0121; REF0156; REF0157; REF0158; REF0159,RCB0031,REF0090; REF0121; REF0156; REF0157; REF0158; REF0159
R1592,zk42084,153.5 ± 1.0 Ma; 150.4 ± 1.0 Ma,I,GG0039,Zhuxi,REF0121,REF0121,GG0039,Zhuxi,Jiangxi,,Named pluton or intrusive unit,The linked references explicitly identify the Zhuxi; all associated records are assigned to that named geological unit.,High,119,REF0090; REF0121; REF0156; REF0157; REF0158; REF0159,RCB0031,REF0090; REF0121; REF0156; REF0157; REF0158; REF0159
R1593,zk42085,153.5 ± 1.0 Ma; 150.4 ± 1.0 Ma,I,GG0039,Zhuxi,REF0121,REF0121,GG0039,Zhuxi,Jiangxi,,Named pluton or intrusive unit,The linked references explicitly identify the Zhuxi; all associated records are assigned to that named geological unit.,High,119,REF0090; REF0121; REF0156; REF0157; REF0158; REF0159,RCB0031,REF0090; REF0121; REF0156; REF0157; REF0158; REF0159
R1594,zk42095,153.5 ± 1.0 Ma; 150.4 ± 1.0 Ma,I,GG0039,Zhuxi,REF0121,REF0121,GG0039,Zhuxi,Jiangxi,,Named pluton or intrusive unit,The linked references explicitly identify the Zhuxi; all associated records are assigned to that named geological unit.,High,119,REF0090; REF0121; REF0156; REF0157; REF0158; REF0159,RCB0031,REF0090; REF0121; REF0156; REF0157; REF0158; REF0159
R1595,zk42092,153.5 ± 1.0 Ma; 150.4 ± 1.0 Ma,I,GG0039,Zhuxi,REF0121,REF0121,GG0039,Zhuxi,Jiangxi,,Named pluton or intrusive unit,The linked references explicitly identify the Zhuxi; all associated records are assigned to that named geological unit.,High,119,REF0090; REF0121; REF0156; REF0157; REF0158; REF0159,RCB0031,REF0090; REF0121; REF0156; REF0157; REF0158; REF0159
R1596,zk42093,153.5 ± 1.0 Ma; 150.4 ± 1.0 Ma,I,GG0039,Zhuxi,REF0121,REF0121,GG0039,Zhuxi,Jiangxi,,Named pluton or intrusive unit,The linked references explicitly identify the Zhuxi; all associated records are assigned to that named geological unit.,High,119,REF0090; REF0121; REF0156; REF0157; REF0158; REF0159,RCB0031,REF0090; REF0121; REF0156; REF0157; REF0158; REF0159
R1597,zk54067,153.5 ± 1.0 Ma; 150.4 ± 1.0 Ma,I,GG0039,Zhuxi,REF0121,REF0121,GG0039,Zhuxi,Jiangxi,,Named pluton or intrusive unit,The linked references explicitly identify the Zhuxi; all associated records are assigned to that named geological unit.,High,119,REF0090; REF0121; REF0156; REF0157; REF0158; REF0159,RCB0031,REF0090; REF0121; REF0156; REF0157; REF0158; REF0159
R1598,zk54062,153.5 ± 1.0 Ma; 150.4 ± 1.0 Ma,I,GG0039,Zhuxi,REF0121,REF0121,GG0039,Zhuxi,Jiangxi,,Named pluton or intrusive unit,The linked references explicitly identify the Zhuxi; all associated records are assigned to that named geological unit.,High,119,REF0090; REF0121; REF0156; REF0157; REF0158; REF0159,RCB0031,REF0090; REF0121; REF0156; REF0157; REF0158; REF0159
R1599,zk54063,153.5 ± 1.0 Ma; 150.4 ± 1.0 Ma,I,GG0039,Zhuxi,REF0121,REF0121,GG0039,Zhuxi,Jiangxi,,Named pluton or intrusive unit,The linked references explicitly identify the Zhuxi; all associated records are assigned to that named geological unit.,High,119,REF0090; REF0121; REF0156; REF0157; REF0158; REF0159,RCB0031,REF0090; REF0121; REF0156; REF0157; REF0158; REF0159
R1600,zk54061,153.5 ± 1.0 Ma; 150.4 ± 1.0 Ma,I,GG0039,Zhuxi,REF0121,REF0121,GG0039,Zhuxi,Jiangxi,,Named pluton or intrusive unit,The linked references explicitly identify the Zhuxi; all associated records are assigned to that named geological unit.,High,119,REF0090; REF0121; REF0156; REF0157; REF0158; REF0159,RCB0031,REF0090; REF0121; REF0156; REF0157; REF0158; REF0159
R1601,zk54064,153.5 ± 1.0 Ma; 150.4 ± 1.0 Ma,I,GG0039,Zhuxi,REF0121,REF0121,GG0039,Zhuxi,Jiangxi,,Named pluton or intrusive unit,The linked references explicitly identify the Zhuxi; all associated records are assigned to that named geological unit.,High,119,REF0090; REF0121; REF0156; REF0157; REF0158; REF0159,RCB0031,REF0090; REF0121; REF0156; REF0157; REF0158; REF0159
R1602,2134,153.5 ± 1.0 Ma; 150.4 ± 1.0 Ma,I,GG0039,Zhuxi,REF0121,REF0121,GG0039,Zhuxi,Jiangxi,,Named pluton or intrusive unit,The linked references explicitly identify the Zhuxi; all associated records are assigned to that named geological unit.,High,119,REF0090; REF0121; REF0156; REF0157; REF0158; REF0159,RCB0031,REF0090; REF0121; REF0156; REF0157; REF0158; REF0159
R1603,2199,153.5 ± 1.0 Ma; 150.4 ± 1.0 Ma,I,GG0039,Zhuxi,REF0121,REF0121,GG0039,Zhuxi,Jiangxi,,Named pluton or intrusive unit,The linked references explicitly identify the Zhuxi; all associated records are assigned to that named geological unit.,High,119,REF0090; REF0121; REF0156; REF0157; REF0158; REF0159,RCB0031,REF0090; REF0121; REF0156; REF0157; REF0158; REF0159
R1604,2120,153.5 ± 1.0 Ma; 150.4 ± 1.0 Ma,I,GG0039,Zhuxi,REF0121,REF0121,GG0039,Zhuxi,Jiangxi,,Named pluton or intrusive unit,The linked references explicitly identify the Zhuxi; all associated records are assigned to that named geological unit.,High,119,REF0090; REF0121; REF0156; REF0157; REF0158; REF0159,RCB0031,REF0090; REF0121; REF0156; REF0157; REF0158; REF0159
R1605,2190,153.5 ± 1.0 Ma; 150.4 ± 1.0 Ma,I,GG0039,Zhuxi,REF0121,REF0121,GG0039,Zhuxi,Jiangxi,,Named pluton or intrusive unit,The linked references explicitly identify the Zhuxi; all associated records are assigned to that named geological unit.,High,119,REF0090; REF0121; REF0156; REF0157; REF0158; REF0159,RCB0031,REF0090; REF0121; REF0156; REF0157; REF0158; REF0159
R1606,1999,153.5 ± 1.0 Ma; 150.4 ± 1.0 Ma,I,GG0039,Zhuxi,REF0121,REF0121,GG0039,Zhuxi,Jiangxi,,Named pluton or intrusive unit,The linked references explicitly identify the Zhuxi; all associated records are assigned to that named geological unit.,High,119,REF0090; REF0121; REF0156; REF0157; REF0158; REF0159,RCB0031,REF0090; REF0121; REF0156; REF0157; REF0158; REF0159
R1607,2100,153.5 ± 1.0 Ma; 150.4 ± 1.0 Ma,I,GG0039,Zhuxi,REF0121,REF0121,GG0039,Zhuxi,Jiangxi,,Named pluton or intrusive unit,The linked references explicitly identify the Zhuxi; all associated records are assigned to that named geological unit.,High,119,REF0090; REF0121; REF0156; REF0157; REF0158; REF0159,RCB0031,REF0090; REF0121; REF0156; REF0157; REF0158; REF0159
R1608,2101,153.5 ± 1.0 Ma; 150.4 ± 1.0 Ma,I,GG0039,Zhuxi,REF0121,REF0121,GG0039,Zhuxi,Jiangxi,,Named pluton or intrusive unit,The linked references explicitly identify the Zhuxi; all associated records are assigned to that named geological unit.,High,119,REF0090; REF0121; REF0156; REF0157; REF0158; REF0159,RCB0031,REF0090; REF0121; REF0156; REF0157; REF0158; REF0159
R1609,2105,153.5 ± 1.0 Ma; 150.4 ± 1.0 Ma,I,GG0039,Zhuxi,REF0121,REF0121,GG0039,Zhuxi,Jiangxi,,Named pluton or intrusive unit,The linked references explicitly identify the Zhuxi; all associated records are assigned to that named geological unit.,High,119,REF0090; REF0121; REF0156; REF0157; REF0158; REF0159,RCB0031,REF0090; REF0121; REF0156; REF0157; REF0158; REF0159
R1610,2164,153.5 ± 1.0 Ma; 150.4 ± 1.0 Ma,I,GG0039,Zhuxi,REF0121,REF0121,GG0039,Zhuxi,Jiangxi,,Named pluton or intrusive unit,The linked references explicitly identify the Zhuxi; all associated records are assigned to that named geological unit.,High,119,REF0090; REF0121; REF0156; REF0157; REF0158; REF0159,RCB0031,REF0090; REF0121; REF0156; REF0157; REF0158; REF0159
R1611,2178,153.5 ± 1.0 Ma; 150.4 ± 1.0 Ma,I,GG0039,Zhuxi,REF0121,REF0121,GG0039,Zhuxi,Jiangxi,,Named pluton or intrusive unit,The linked references explicitly identify the Zhuxi; all associated records are assigned to that named geological unit.,High,119,REF0090; REF0121; REF0156; REF0157; REF0158; REF0159,RCB0031,REF0090; REF0121; REF0156; REF0157; REF0158; REF0159
R1612,2186,153.5 ± 1.0 Ma; 150.4 ± 1.0 Ma,I,GG0039,Zhuxi,REF0121,REF0121,GG0039,Zhuxi,Jiangxi,,Named pluton or intrusive unit,The linked references explicitly identify the Zhuxi; all associated records are assigned to that named geological unit.,High,119,REF0090; REF0121; REF0156; REF0157; REF0158; REF0159,RCB0031,REF0090; REF0121; REF0156; REF0157; REF0158; REF0159
R1613,2191,153.5 ± 1.0 Ma; 150.4 ± 1.0 Ma,I,GG0039,Zhuxi,REF0121,REF0121,GG0039,Zhuxi,Jiangxi,,Named pluton or intrusive unit,The linked references explicitly identify the Zhuxi; all associated records are assigned to that named geological unit.,High,119,REF0090; REF0121; REF0156; REF0157; REF0158; REF0159,RCB0031,REF0090; REF0121; REF0156; REF0157; REF0158; REF0159
R1614,2194,153.5 ± 1.0 Ma; 150.4 ± 1.0 Ma,I,GG0039,Zhuxi,REF0121,REF0121,GG0039,Zhuxi,Jiangxi,,Named pluton or intrusive unit,The linked references explicitly identify the Zhuxi; all associated records are assigned to that named geological unit.,High,119,REF0090; REF0121; REF0156; REF0157; REF0158; REF0159,RCB0031,REF0090; REF0121; REF0156; REF0157; REF0158; REF0159
R1615,580,153.5 ± 1.0 Ma; 150.4 ± 1.0 Ma,I,GG0039,Zhuxi,REF0121,REF0121,GG0039,Zhuxi,Jiangxi,,Named pluton or intrusive unit,The linked references explicitly identify the Zhuxi; all associated records are assigned to that named geological unit.,High,119,REF0090; REF0121; REF0156; REF0157; REF0158; REF0159,RCB0031,REF0090; REF0121; REF0156; REF0157; REF0158; REF0159
R1616,571,153.5 ± 1.0 Ma; 150.4 ± 1.0 Ma,I,GG0039,Zhuxi,REF0121,REF0121,GG0039,Zhuxi,Jiangxi,,Named pluton or intrusive unit,The linked references explicitly identify the Zhuxi; all associated records are assigned to that named geological unit.,High,119,REF0090; REF0121; REF0156; REF0157; REF0158; REF0159,RCB0031,REF0090; REF0121; REF0156; REF0157; REF0158; REF0159
R1617,666,153.5 ± 1.0 Ma; 150.4 ± 1.0 Ma,I,GG0039,Zhuxi,REF0121,REF0121,GG0039,Zhuxi,Jiangxi,,Named pluton or intrusive unit,The linked references explicitly identify the Zhuxi; all associated records are assigned to that named geological unit.,High,119,REF0090; REF0121; REF0156; REF0157; REF0158; REF0159,RCB0031,REF0090; REF0121; REF0156; REF0157; REF0158; REF0159
R1618,932,153.5 ± 1.0 Ma; 150.4 ± 1.0 Ma,I,GG0039,Zhuxi,REF0121,REF0121,GG0039,Zhuxi,Jiangxi,,Named pluton or intrusive unit,The linked references explicitly identify the Zhuxi; all associated records are assigned to that named geological unit.,High,119,REF0090; REF0121; REF0156; REF0157; REF0158; REF0159,RCB0031,REF0090; REF0121; REF0156; REF0157; REF0158; REF0159
R1619,930,153.5 ± 1.0 Ma; 150.4 ± 1.0 Ma,I,GG0039,Zhuxi,REF0121,REF0121,GG0039,Zhuxi,Jiangxi,,Named pluton or intrusive unit,The linked references explicitly identify the Zhuxi; all associated records are assigned to that named geological unit.,High,119,REF0090; REF0121; REF0156; REF0157; REF0158; REF0159,RCB0031,REF0090; REF0121; REF0156; REF0157; REF0158; REF0159
R1620,834,153.5 ± 1.0 Ma; 150.4 ± 1.0 Ma,I,GG0039,Zhuxi,REF0121,REF0121,GG0039,Zhuxi,Jiangxi,,Named pluton or intrusive unit,The linked references explicitly identify the Zhuxi; all associated records are assigned to that named geological unit.,High,119,REF0090; REF0121; REF0156; REF0157; REF0158; REF0159,RCB0031,REF0090; REF0121; REF0156; REF0157; REF0158; REF0159
R1621,824,153.5 ± 1.0 Ma; 150.4 ± 1.0 Ma,I,GG0039,Zhuxi,REF0121,REF0121,GG0039,Zhuxi,Jiangxi,,Named pluton or intrusive unit,The linked references explicitly identify the Zhuxi; all associated records are assigned to that named geological unit.,High,119,REF0090; REF0121; REF0156; REF0157; REF0158; REF0159,RCB0031,REF0090; REF0121; REF0156; REF0157; REF0158; REF0159
R1622,BG-1,148–150 Ma,I,GG0039,Zhuxi,REF0121,REF0121,GG0039,Zhuxi,Jiangxi,,Named pluton or intrusive unit,The linked references explicitly identify the Zhuxi; all associated records are assigned to that named geological unit.,High,119,REF0090; REF0121; REF0156; REF0157; REF0158; REF0159,RCB0031,REF0090; REF0121; REF0156; REF0157; REF0158; REF0159
R1623,BG-2,148–150 Ma,I,GG0039,Zhuxi,REF0121,REF0121,GG0039,Zhuxi,Jiangxi,,Named pluton or intrusive unit,The linked references explicitly identify the Zhuxi; all associated records are assigned to that named geological unit.,High,119,REF0090; REF0121; REF0156; REF0157; REF0158; REF0159,RCB0031,REF0090; REF0121; REF0156; REF0157; REF0158; REF0159
R1624,BG-3,148–150 Ma,I,GG0039,Zhuxi,REF0121,REF0121,GG0039,Zhuxi,Jiangxi,,Named pluton or intrusive unit,The linked references explicitly identify the Zhuxi; all associated records are assigned to that named geological unit.,High,119,REF0090; REF0121; REF0156; REF0157; REF0158; REF0159,RCB0031,REF0090; REF0121; REF0156; REF0157; REF0158; REF0159
R1625,BG-4,148–150 Ma,I,GG0039,Zhuxi,REF0121,REF0121,GG0039,Zhuxi,Jiangxi,,Named pluton or intrusive unit,The linked references explicitly identify the Zhuxi; all associated records are assigned to that named geological unit.,High,119,REF0090; REF0121; REF0156; REF0157; REF0158; REF0159,RCB0031,REF0090; REF0121; REF0156; REF0157; REF0158; REF0159
R1626,BG-5,148–150 Ma,I,GG0039,Zhuxi,REF0121,REF0121,GG0039,Zhuxi,Jiangxi,,Named pluton or intrusive unit,The linked references explicitly identify the Zhuxi; all associated records are assigned to that named geological unit.,High,119,REF0090; REF0121; REF0156; REF0157; REF0158; REF0159,RCB0031,REF0090; REF0121; REF0156; REF0157; REF0158; REF0159
R1627,BG-6,148–150 Ma,I,GG0039,Zhuxi,REF0121,REF0121,GG0039,Zhuxi,Jiangxi,,Named pluton or intrusive unit,The linked references explicitly identify the Zhuxi; all associated records are assigned to that named geological unit.,High,119,REF0090; REF0121; REF0156; REF0157; REF0158; REF0159,RCB0031,REF0090; REF0121; REF0156; REF0157; REF0158; REF0159
R1628,MG-1,148–150 Ma,I,GG0039,Zhuxi,REF0121,REF0121,GG0039,Zhuxi,Jiangxi,,Named pluton or intrusive unit,The linked references explicitly identify the Zhuxi; all associated records are assigned to that named geological unit.,High,119,REF0090; REF0121; REF0156; REF0157; REF0158; REF0159,RCB0031,REF0090; REF0121; REF0156; REF0157; REF0158; REF0159
R1629,MG-2,148–150 Ma,I,GG0039,Zhuxi,REF0121,REF0121,GG0039,Zhuxi,Jiangxi,,Named pluton or intrusive unit,The linked references explicitly identify the Zhuxi; all associated records are assigned to that named geological unit.,High,119,REF0090; REF0121; REF0156; REF0157; REF0158; REF0159,RCB0031,REF0090; REF0121; REF0156; REF0157; REF0158; REF0159
R1630,MG-3,148–150 Ma,I,GG0039,Zhuxi,REF0121,REF0121,GG0039,Zhuxi,Jiangxi,,Named pluton or intrusive unit,The linked references explicitly identify the Zhuxi; all associated records are assigned to that named geological unit.,High,119,REF0090; REF0121; REF0156; REF0157; REF0158; REF0159,RCB0031,REF0090; REF0121; REF0156; REF0157; REF0158; REF0159
R1631,MG-4,148–150 Ma,I,GG0039,Zhuxi,REF0121,REF0121,GG0039,Zhuxi,Jiangxi,,Named pluton or intrusive unit,The linked references explicitly identify the Zhuxi; all associated records are assigned to that named geological unit.,High,119,REF0090; REF0121; REF0156; REF0157; REF0158; REF0159,RCB0031,REF0090; REF0121; REF0156; REF0157; REF0158; REF0159
R1632,GP-1,148–150 Ma,I,GG0039,Zhuxi,REF0121,REF0121,GG0039,Zhuxi,Jiangxi,,Named pluton or intrusive unit,The linked references explicitly identify the Zhuxi; all associated records are assigned to that named geological unit.,High,119,REF0090; REF0121; REF0156; REF0157; REF0158; REF0159,RCB0031,REF0090; REF0121; REF0156; REF0157; REF0158; REF0159
R1633,GP-2,148–150 Ma,I,GG0039,Zhuxi,REF0121,REF0121,GG0039,Zhuxi,Jiangxi,,Named pluton or intrusive unit,The linked references explicitly identify the Zhuxi; all associated records are assigned to that named geological unit.,High,119,REF0090; REF0121; REF0156; REF0157; REF0158; REF0159,RCB0031,REF0090; REF0121; REF0156; REF0157; REF0158; REF0159
R1634,GP-3,148–150 Ma,I,GG0039,Zhuxi,REF0121,REF0121,GG0039,Zhuxi,Jiangxi,,Named pluton or intrusive unit,The linked references explicitly identify the Zhuxi; all associated records are assigned to that named geological unit.,High,119,REF0090; REF0121; REF0156; REF0157; REF0158; REF0159,RCB0031,REF0090; REF0121; REF0156; REF0157; REF0158; REF0159
R1635,GP-4,148–150 Ma,I,GG0039,Zhuxi,REF0121,REF0121,GG0039,Zhuxi,Jiangxi,,Named pluton or intrusive unit,The linked references explicitly identify the Zhuxi; all associated records are assigned to that named geological unit.,High,119,REF0090; REF0121; REF0156; REF0157; REF0158; REF0159,RCB0031,REF0090; REF0121; REF0156; REF0157; REF0158; REF0159
R1636,GP-5,148–150 Ma,I,GG0039,Zhuxi,REF0121,REF0121,GG0039,Zhuxi,Jiangxi,,Named pluton or intrusive unit,The linked references explicitly identify the Zhuxi; all associated records are assigned to that named geological unit.,High,119,REF0090; REF0121; REF0156; REF0157; REF0158; REF0159,RCB0031,REF0090; REF0121; REF0156; REF0157; REF0158; REF0159
R1655,Z1,215.5 ± 1.5 Ma,S,GG0024,Nanyue,REF0123,REF0123,GG0024,Nanyue,Hunan,,Named pluton or intrusive unit,The linked references explicitly identify the Nanyue; all associated records are assigned to that named geological unit.,High,20,REF0123; REF0124,RCB0020,REF0123; REF0124
R1656,D12-2,215.5 ± 1.5 Ma,S,GG0024,Nanyue,REF0123,REF0123,GG0024,Nanyue,Hunan,,Named pluton or intrusive unit,The linked references explicitly identify the Nanyue; all associated records are assigned to that named geological unit.,High,20,REF0123; REF0124,RCB0020,REF0123; REF0124
R1657,D13,215.5 ± 1.5 Ma,S,GG0024,Nanyue,REF0123,REF0123,GG0024,Nanyue,Hunan,,Named pluton or intrusive unit,The linked references explicitly identify the Nanyue; all associated records are assigned to that named geological unit.,High,20,REF0123; REF0124,RCB0020,REF0123; REF0124
R1658,D14,215.5 ± 1.5 Ma,S,GG0024,Nanyue,REF0123,REF0123,GG0024,Nanyue,Hunan,,Named pluton or intrusive unit,The linked references explicitly identify the Nanyue; all associated records are assigned to that named geological unit.,High,20,REF0123; REF0124,RCB0020,REF0123; REF0124
R1659,D0010,215.5 ± 1.5 Ma,S,GG0024,Nanyue,REF0123,REF0123,GG0024,Nanyue,Hunan,,Named pluton or intrusive unit,The linked references explicitly identify the Nanyue; all associated records are assigned to that named geological unit.,High,20,REF0123; REF0124,RCB0020,REF0123; REF0124
R1660,D0013,215.5 ± 1.5 Ma,S,GG0024,Nanyue,REF0123,REF0123,GG0024,Nanyue,Hunan,,Named pluton or intrusive unit,The linked references explicitly identify the Nanyue; all associated records are assigned to that named geological unit.,High,20,REF0123; REF0124,RCB0020,REF0123; REF0124
R1661,D9,215.5 ± 1.5 Ma,S,GG0024,Nanyue,REF0123,REF0123,GG0024,Nanyue,Hunan,,Named pluton or intrusive unit,The linked references explicitly identify the Nanyue; all associated records are assigned to that named geological unit.,High,20,REF0123; REF0124,RCB0020,REF0123; REF0124
R1662,D9-3,215.5 ± 1.5 Ma,S,GG0024,Nanyue,REF0123,REF0123,GG0024,Nanyue,Hunan,,Named pluton or intrusive unit,The linked references explicitly identify the Nanyue; all associated records are assigned to that named geological unit.,High,20,REF0123; REF0124,RCB0020,REF0123; REF0124
R1663,D0003-4,215.5 ± 1.5 Ma,S,GG0024,Nanyue,REF0123,REF0123,GG0024,Nanyue,Hunan,,Named pluton or intrusive unit,The linked references explicitly identify the Nanyue; all associated records are assigned to that named geological unit.,High,20,REF0123; REF0124,RCB0020,REF0123; REF0124
R1664,D0004,215.5 ± 1.5 Ma,S,GG0024,Nanyue,REF0123,REF0123,GG0024,Nanyue,Hunan,,Named pluton or intrusive unit,The linked references explicitly identify the Nanyue; all associated records are assigned to that named geological unit.,High,20,REF0123; REF0124,RCB0020,REF0123; REF0124
R1665,Z3,215.5 ± 1.5 Ma,S,GG0024,Nanyue,REF0123,REF0123,GG0024,Nanyue,Hunan,,Named pluton or intrusive unit,The linked references explicitly identify the Nanyue; all associated records are assigned to that named geological unit.,High,20,REF0123; REF0124,RCB0020,REF0123; REF0124
R1666,D3-4,215.5 ± 1.5 Ma,S,GG0024,Nanyue,REF0123,REF0123,GG0024,Nanyue,Hunan,,Named pluton or intrusive unit,The linked references explicitly identify the Nanyue; all associated records are assigned to that named geological unit.,High,20,REF0123; REF0124,RCB0020,REF0123; REF0124
R1667,D0009,215.5 ± 1.5 Ma,S,GG0024,Nanyue,REF0123,REF0123,GG0024,Nanyue,Hunan,,Named pluton or intrusive unit,The linked references explicitly identify the Nanyue; all associated records are assigned to that named geological unit.,High,20,REF0123; REF0124,RCB0020,REF0123; REF0124
R1668,D0007,215.5 ± 1.5 Ma,S,GG0024,Nanyue,REF0123,REF0123,GG0024,Nanyue,Hunan,,Named pluton or intrusive unit,The linked references explicitly identify the Nanyue; all associated records are assigned to that named geological unit.,High,20,REF0123; REF0124,RCB0020,REF0123; REF0124
R1669,D0008-1,215.5 ± 1.5 Ma,S,GG0024,Nanyue,REF0123,REF0123,GG0024,Nanyue,Hunan,,Named pluton or intrusive unit,The linked references explicitly identify the Nanyue; all associated records are assigned to that named geological unit.,High,20,REF0123; REF0124,RCB0020,REF0123; REF0124
R1670,NY-04,215.5 ± 1.5 Ma,S,GG0024,Nanyue,REF0124,REF0124,GG0024,Nanyue,Hunan,,Named pluton or intrusive unit,The linked references explicitly identify the Nanyue; all associated records are assigned to that named geological unit.,High,20,REF0123; REF0124,RCB0020,REF0123; REF0124
R1671,NY-05,215.5 ± 1.5 Ma,S,GG0024,Nanyue,REF0124,REF0124,GG0024,Nanyue,Hunan,,Named pluton or intrusive unit,The linked references explicitly identify the Nanyue; all associated records are assigned to that named geological unit.,High,20,REF0123; REF0124,RCB0020,REF0123; REF0124
R1672,NY-06,215.5 ± 1.5 Ma,S,GG0024,Nanyue,REF0124,REF0124,GG0024,Nanyue,Hunan,,Named pluton or intrusive unit,The linked references explicitly identify the Nanyue; all associated records are assigned to that named geological unit.,High,20,REF0123; REF0124,RCB0020,REF0123; REF0124
R1673,NY-07,215.5 ± 1.5 Ma,S,GG0024,Nanyue,REF0124,REF0124,GG0024,Nanyue,Hunan,,Named pluton or intrusive unit,The linked references explicitly identify the Nanyue; all associated records are assigned to that named geological unit.,High,20,REF0123; REF0124,RCB0020,REF0123; REF0124
R1674,NY-08,215.5 ± 1.5 Ma,S,GG0024,Nanyue,REF0124,REF0124,GG0024,Nanyue,Hunan,,Named pluton or intrusive unit,The linked references explicitly identify the Nanyue; all associated records are assigned to that named geological unit.,High,20,REF0123; REF0124,RCB0020,REF0123; REF0124
R1680,LJS-1,86.66 ± 0.42 Ma; 86.72 ± 0.47 Ma; 86.02 ± 0.48 Ma,S,GG0099,Laojunshan granite complex,REF0126,REF0126,GG0099,Laojunshan granite complex,Yunnan,,Granite complex,The linked study defines the analyzed rocks as the Laojunshan granite complex; records are retained together at that documented composite or regional geological level.,High,7,REF0126,RCB0060,REF0126
R1681,LJS-2,86.66 ± 0.42 Ma; 86.72 ± 0.47 Ma; 86.02 ± 0.48 Ma,S,GG0099,Laojunshan granite complex,REF0126,REF0126,GG0099,Laojunshan granite complex,Yunnan,,Granite complex,The linked study defines the analyzed rocks as the Laojunshan granite complex; records are retained together at that documented composite or regional geological level.,High,7,REF0126,RCB0060,REF0126
R1682,LJS-3,86.66 ± 0.42 Ma; 86.72 ± 0.47 Ma; 86.02 ± 0.48 Ma,S,GG0099,Laojunshan granite complex,REF0126,REF0126,GG0099,Laojunshan granite complex,Yunnan,,Granite complex,The linked study defines the analyzed rocks as the Laojunshan granite complex; records are retained together at that documented composite or regional geological level.,High,7,REF0126,RCB0060,REF0126
R1683,LJS-4,86.66 ± 0.42 Ma; 86.72 ± 0.47 Ma; 86.02 ± 0.48 Ma,S,GG0099,Laojunshan granite complex,REF0126,REF0126,GG0099,Laojunshan granite complex,Yunnan,,Granite complex,The linked study defines the analyzed rocks as the Laojunshan granite complex; records are retained together at that documented composite or regional geological level.,High,7,REF0126,RCB0060,REF0126
R1684,LJS-5,86.66 ± 0.42 Ma; 86.72 ± 0.47 Ma; 86.02 ± 0.48 Ma,S,GG0099,Laojunshan granite complex,REF0126,REF0126,GG0099,Laojunshan granite complex,Yunnan,,Granite complex,The linked study defines the analyzed rocks as the Laojunshan granite complex; records are retained together at that documented composite or regional geological level.,High,7,REF0126,RCB0060,REF0126
R1685,LJS-6,86.66 ± 0.42 Ma; 86.72 ± 0.47 Ma; 86.02 ± 0.48 Ma,S,GG0099,Laojunshan granite complex,REF0126,REF0126,GG0099,Laojunshan granite complex,Yunnan,,Granite complex,The linked study defines the analyzed rocks as the Laojunshan granite complex; records are retained together at that documented composite or regional geological level.,High,7,REF0126,RCB0060,REF0126
R1686,LJS-7,86.66 ± 0.42 Ma; 86.72 ± 0.47 Ma; 86.02 ± 0.48 Ma,S,GG0099,Laojunshan granite complex,REF0126,REF0126,GG0099,Laojunshan granite complex,Yunnan,,Granite complex,The linked study defines the analyzed rocks as the Laojunshan granite complex; records are retained together at that documented composite or regional geological level.,High,7,REF0126,RCB0060,REF0126
R1700,JD005,150 Ma,S,GG0018,Linghou,REF0128,REF0128,GG0018,Linghou,Zhejiang,,Named pluton or intrusive unit,The linked references explicitly identify the Linghou; all associated records are assigned to that named geological unit.,High,15,REF0128; REF0129,RCB0016,REF0128; REF0129
R1701,JD006,150 Ma,S,GG0018,Linghou,REF0128,REF0128,GG0018,Linghou,Zhejiang,,Named pluton or intrusive unit,The linked references explicitly identify the Linghou; all associated records are assigned to that named geological unit.,High,15,REF0128; REF0129,RCB0016,REF0128; REF0129
R1702,JD007,150 Ma,S,GG0018,Linghou,REF0128,REF0128,GG0018,Linghou,Zhejiang,,Named pluton or intrusive unit,The linked references explicitly identify the Linghou; all associated records are assigned to that named geological unit.,High,15,REF0128; REF0129,RCB0016,REF0128; REF0129
R1703,JD009,150 Ma,S,GG0018,Linghou,REF0128,REF0128,GG0018,Linghou,Zhejiang,,Named pluton or intrusive unit,The linked references explicitly identify the Linghou; all associated records are assigned to that named geological unit.,High,15,REF0128; REF0129,RCB0016,REF0128; REF0129
R1704,JD010,150 Ma,S,GG0018,Linghou,REF0128,REF0128,GG0018,Linghou,Zhejiang,,Named pluton or intrusive unit,The linked references explicitly identify the Linghou; all associated records are assigned to that named geological unit.,High,15,REF0128; REF0129,RCB0016,REF0128; REF0129
R1705,JD028,150 Ma,S,GG0018,Linghou,REF0128,REF0128,GG0018,Linghou,Zhejiang,,Named pluton or intrusive unit,The linked references explicitly identify the Linghou; all associated records are assigned to that named geological unit.,High,15,REF0128; REF0129,RCB0016,REF0128; REF0129
R1706,JD038,150 Ma,S,GG0018,Linghou,REF0128,REF0128,GG0018,Linghou,Zhejiang,,Named pluton or intrusive unit,The linked references explicitly identify the Linghou; all associated records are assigned to that named geological unit.,High,15,REF0128; REF0129,RCB0016,REF0128; REF0129
R1707,LH6,150.2 ± 1.3 Ma,S,GG0018,Linghou,REF0129,REF0129,GG0018,Linghou,Zhejiang,,Named pluton or intrusive unit,The linked references explicitly identify the Linghou; all associated records are assigned to that named geological unit.,High,15,REF0128; REF0129,RCB0016,REF0128; REF0129
R1708,JD-1,150.2 ± 1.3 Ma,S,GG0018,Linghou,REF0129,REF0129,GG0018,Linghou,Zhejiang,,Named pluton or intrusive unit,The linked references explicitly identify the Linghou; all associated records are assigned to that named geological unit.,High,15,REF0128; REF0129,RCB0016,REF0128; REF0129
R1709,JD-2,150.2 ± 1.3 Ma,S,GG0018,Linghou,REF0129,REF0129,GG0018,Linghou,Zhejiang,,Named pluton or intrusive unit,The linked references explicitly identify the Linghou; all associated records are assigned to that named geological unit.,High,15,REF0128; REF0129,RCB0016,REF0128; REF0129
R1710,JD-3,150.2 ± 1.3 Ma,S,GG0018,Linghou,REF0129,REF0129,GG0018,Linghou,Zhejiang,,Named pluton or intrusive unit,The linked references explicitly identify the Linghou; all associated records are assigned to that named geological unit.,High,15,REF0128; REF0129,RCB0016,REF0128; REF0129
R1711,JD-4,150.2 ± 1.3 Ma,S,GG0018,Linghou,REF0129,REF0129,GG0018,Linghou,Zhejiang,,Named pluton or intrusive unit,The linked references explicitly identify the Linghou; all associated records are assigned to that named geological unit.,High,15,REF0128; REF0129,RCB0016,REF0128; REF0129
R1712,JD-5,150.2 ± 1.3 Ma,S,GG0018,Linghou,REF0129,REF0129,GG0018,Linghou,Zhejiang,,Named pluton or intrusive unit,The linked references explicitly identify the Linghou; all associated records are assigned to that named geological unit.,High,15,REF0128; REF0129,RCB0016,REF0128; REF0129
R1713,JD-6,150.2 ± 1.3 Ma,S,GG0018,Linghou,REF0129,REF0129,GG0018,Linghou,Zhejiang,,Named pluton or intrusive unit,The linked references explicitly identify the Linghou; all associated records are assigned to that named geological unit.,High,15,REF0128; REF0129,RCB0016,REF0128; REF0129
R1714,JD-7,150.2 ± 1.3 Ma,S,GG0018,Linghou,REF0129,REF0129,GG0018,Linghou,Zhejiang,,Named pluton or intrusive unit,The linked references explicitly identify the Linghou; all associated records are assigned to that named geological unit.,High,15,REF0128; REF0129,RCB0016,REF0128; REF0129
R1715,ZK031-1,170 Ma,I,GG0101,Dayinshan quartz-diorite pluton,REF0130,REF0130,GG0101,Dayinshan quartz-diorite pluton,Zhejiang,Dayinshan gold deposit,Pluton,The linked study explicitly identifies the Dayinshan quartz-diorite pluton; records are grouped at that named geological-unit level.,High,5,REF0130,RCB0061,REF0130
R1716,ZK031-3,170 Ma,I,GG0101,Dayinshan quartz-diorite pluton,REF0130,REF0130,GG0101,Dayinshan quartz-diorite pluton,Zhejiang,Dayinshan gold deposit,Pluton,The linked study explicitly identifies the Dayinshan quartz-diorite pluton; records are grouped at that named geological-unit level.,High,5,REF0130,RCB0061,REF0130
R1717,ZK031-2,170 Ma,I,GG0101,Dayinshan quartz-diorite pluton,REF0130,REF0130,GG0101,Dayinshan quartz-diorite pluton,Zhejiang,Dayinshan gold deposit,Pluton,The linked study explicitly identifies the Dayinshan quartz-diorite pluton; records are grouped at that named geological-unit level.,High,5,REF0130,RCB0061,REF0130
R1718,ZK031-4,170 Ma,I,GG0101,Dayinshan quartz-diorite pluton,REF0130,REF0130,GG0101,Dayinshan quartz-diorite pluton,Zhejiang,Dayinshan gold deposit,Pluton,The linked study explicitly identifies the Dayinshan quartz-diorite pluton; records are grouped at that named geological-unit level.,High,5,REF0130,RCB0061,REF0130
R1719,ZK031-5,170 Ma,I,GG0101,Dayinshan quartz-diorite pluton,REF0130,REF0130,GG0101,Dayinshan quartz-diorite pluton,Zhejiang,Dayinshan gold deposit,Pluton,The linked study explicitly identifies the Dayinshan quartz-diorite pluton; records are grouped at that named geological-unit level.,High,5,REF0130,RCB0061,REF0130
R1720,GK42,127 Ma,A,GG0102,Wushanguan intrusive complex,REF0131,REF0131,GG0102,Wushanguan intrusive complex,Zhejiang,Gangkou polymetallic deposit,Intrusive complex,The linked study defines the analyzed rocks as the Wushanguan intrusive complex; records are retained together at that documented composite or regional geological level.,Medium,20,REF0131,RCB0062,REF0131
R1721,GK43,127 Ma,A,GG0102,Wushanguan intrusive complex,REF0131,REF0131,GG0102,Wushanguan intrusive complex,Zhejiang,Gangkou polymetallic deposit,Intrusive complex,The linked study defines the analyzed rocks as the Wushanguan intrusive complex; records are retained together at that documented composite or regional geological level.,Medium,20,REF0131,RCB0062,REF0131
R1722,GK44,127 Ma,A,GG0102,Wushanguan intrusive complex,REF0131,REF0131,GG0102,Wushanguan intrusive complex,Zhejiang,Gangkou polymetallic deposit,Intrusive complex,The linked study defines the analyzed rocks as the Wushanguan intrusive complex; records are retained together at that documented composite or regional geological level.,Medium,20,REF0131,RCB0062,REF0131
R1723,GK45,127 Ma,A,GG0102,Wushanguan intrusive complex,REF0131,REF0131,GG0102,Wushanguan intrusive complex,Zhejiang,Gangkou polymetallic deposit,Intrusive complex,The linked study defines the analyzed rocks as the Wushanguan intrusive complex; records are retained together at that documented composite or regional geological level.,Medium,20,REF0131,RCB0062,REF0131
R1724,GK46,127 Ma,A,GG0102,Wushanguan intrusive complex,REF0131,REF0131,GG0102,Wushanguan intrusive complex,Zhejiang,Gangkou polymetallic deposit,Intrusive complex,The linked study defines the analyzed rocks as the Wushanguan intrusive complex; records are retained together at that documented composite or regional geological level.,Medium,20,REF0131,RCB0062,REF0131
R1725,GK01,127 Ma,A,GG0102,Wushanguan intrusive complex,REF0131,REF0131,GG0102,Wushanguan intrusive complex,Zhejiang,Gangkou polymetallic deposit,Intrusive complex,The linked study defines the analyzed rocks as the Wushanguan intrusive complex; records are retained together at that documented composite or regional geological level.,Medium,20,REF0131,RCB0062,REF0131
R1726,GK02,127 Ma,A,GG0102,Wushanguan intrusive complex,REF0131,REF0131,GG0102,Wushanguan intrusive complex,Zhejiang,Gangkou polymetallic deposit,Intrusive complex,The linked study defines the analyzed rocks as the Wushanguan intrusive complex; records are retained together at that documented composite or regional geological level.,Medium,20,REF0131,RCB0062,REF0131
R1727,GK03,127 Ma,A,GG0102,Wushanguan intrusive complex,REF0131,REF0131,GG0102,Wushanguan intrusive complex,Zhejiang,Gangkou polymetallic deposit,Intrusive complex,The linked study defines the analyzed rocks as the Wushanguan intrusive complex; records are retained together at that documented composite or regional geological level.,Medium,20,REF0131,RCB0062,REF0131
R1728,GK04,127 Ma,A,GG0102,Wushanguan intrusive complex,REF0131,REF0131,GG0102,Wushanguan intrusive complex,Zhejiang,Gangkou polymetallic deposit,Intrusive complex,The linked study defines the analyzed rocks as the Wushanguan intrusive complex; records are retained together at that documented composite or regional geological level.,Medium,20,REF0131,RCB0062,REF0131
R1729,GK05,127 Ma,A,GG0102,Wushanguan intrusive complex,REF0131,REF0131,GG0102,Wushanguan intrusive complex,Zhejiang,Gangkou polymetallic deposit,Intrusive complex,The linked study defines the analyzed rocks as the Wushanguan intrusive complex; records are retained together at that documented composite or regional geological level.,Medium,20,REF0131,RCB0062,REF0131
R1730,GK21,127 Ma,A,GG0102,Wushanguan intrusive complex,REF0131,REF0131,GG0102,Wushanguan intrusive complex,Zhejiang,Gangkou polymetallic deposit,Intrusive complex,The linked study defines the analyzed rocks as the Wushanguan intrusive complex; records are retained together at that documented composite or regional geological level.,Medium,20,REF0131,RCB0062,REF0131
R1731,GK22,127 Ma,A,GG0102,Wushanguan intrusive complex,REF0131,REF0131,GG0102,Wushanguan intrusive complex,Zhejiang,Gangkou polymetallic deposit,Intrusive complex,The linked study defines the analyzed rocks as the Wushanguan intrusive complex; records are retained together at that documented composite or regional geological level.,Medium,20,REF0131,RCB0062,REF0131
R1732,GK23,127 Ma,A,GG0102,Wushanguan intrusive complex,REF0131,REF0131,GG0102,Wushanguan intrusive complex,Zhejiang,Gangkou polymetallic deposit,Intrusive complex,The linked study defines the analyzed rocks as the Wushanguan intrusive complex; records are retained together at that documented composite or regional geological level.,Medium,20,REF0131,RCB0062,REF0131
R1733,GK24,127 Ma,A,GG0102,Wushanguan intrusive complex,REF0131,REF0131,GG0102,Wushanguan intrusive complex,Zhejiang,Gangkou polymetallic deposit,Intrusive complex,The linked study defines the analyzed rocks as the Wushanguan intrusive complex; records are retained together at that documented composite or regional geological level.,Medium,20,REF0131,RCB0062,REF0131
R1734,GK25,127 Ma,A,GG0102,Wushanguan intrusive complex,REF0131,REF0131,GG0102,Wushanguan intrusive complex,Zhejiang,Gangkou polymetallic deposit,Intrusive complex,The linked study defines the analyzed rocks as the Wushanguan intrusive complex; records are retained together at that documented composite or regional geological level.,Medium,20,REF0131,RCB0062,REF0131
R1735,GK11,127 Ma,A,GG0102,Wushanguan intrusive complex,REF0131,REF0131,GG0102,Wushanguan intrusive complex,Zhejiang,Gangkou polymetallic deposit,Intrusive complex,The linked study defines the analyzed rocks as the Wushanguan intrusive complex; records are retained together at that documented composite or regional geological level.,Medium,20,REF0131,RCB0062,REF0131
R1736,GK12,127 Ma,A,GG0102,Wushanguan intrusive complex,REF0131,REF0131,GG0102,Wushanguan intrusive complex,Zhejiang,Gangkou polymetallic deposit,Intrusive complex,The linked study defines the analyzed rocks as the Wushanguan intrusive complex; records are retained together at that documented composite or regional geological level.,Medium,20,REF0131,RCB0062,REF0131
R1737,GK13,127 Ma,A,GG0102,Wushanguan intrusive complex,REF0131,REF0131,GG0102,Wushanguan intrusive complex,Zhejiang,Gangkou polymetallic deposit,Intrusive complex,The linked study defines the analyzed rocks as the Wushanguan intrusive complex; records are retained together at that documented composite or regional geological level.,Medium,20,REF0131,RCB0062,REF0131
R1738,GK14,127 Ma,A,GG0102,Wushanguan intrusive complex,REF0131,REF0131,GG0102,Wushanguan intrusive complex,Zhejiang,Gangkou polymetallic deposit,Intrusive complex,The linked study defines the analyzed rocks as the Wushanguan intrusive complex; records are retained together at that documented composite or regional geological level.,Medium,20,REF0131,RCB0062,REF0131
R1739,GK15,127 Ma,A,GG0102,Wushanguan intrusive complex,REF0131,REF0131,GG0102,Wushanguan intrusive complex,Zhejiang,Gangkou polymetallic deposit,Intrusive complex,The linked study defines the analyzed rocks as the Wushanguan intrusive complex; records are retained together at that documented composite or regional geological level.,Medium,20,REF0131,RCB0062,REF0131
R1740,YK-16,125–128 Ma,A,GG0037,Yinkeng,REF0132,REF0132,GG0037,Yinkeng,Zhejiang,,Named pluton or intrusive unit,The linked references explicitly identify the Yinkeng; all associated records are assigned to that named geological unit.,High,6,REF0132,RCB0029,REF0132
R1741,YK-1,125–128 Ma,A,GG0037,Yinkeng,REF0132,REF0132,GG0037,Yinkeng,Zhejiang,,Named pluton or intrusive unit,The linked references explicitly identify the Yinkeng; all associated records are assigned to that named geological unit.,High,6,REF0132,RCB0029,REF0132
R1742,YK2-32,125–128 Ma,A,GG0037,Yinkeng,REF0132,REF0132,GG0037,Yinkeng,Zhejiang,,Named pluton or intrusive unit,The linked references explicitly identify the Yinkeng; all associated records are assigned to that named geological unit.,High,6,REF0132,RCB0029,REF0132
R1743,11YK-18,125–128 Ma,A,GG0037,Yinkeng,REF0132,REF0132,GG0037,Yinkeng,Zhejiang,,Named pluton or intrusive unit,The linked references explicitly identify the Yinkeng; all associated records are assigned to that named geological unit.,High,6,REF0132,RCB0029,REF0132
R1744,11YK-27,125–128 Ma,A,GG0037,Yinkeng,REF0132,REF0132,GG0037,Yinkeng,Zhejiang,,Named pluton or intrusive unit,The linked references explicitly identify the Yinkeng; all associated records are assigned to that named geological unit.,High,6,REF0132,RCB0029,REF0132
R1745,11YK-41,125–128 Ma,A,GG0037,Yinkeng,REF0132,REF0132,GG0037,Yinkeng,Zhejiang,,Named pluton or intrusive unit,The linked references explicitly identify the Yinkeng; all associated records are assigned to that named geological unit.,High,6,REF0132,RCB0029,REF0132
R1746,GB-2,150–153 Ma,I,GG0103,Yanqian high-F granite,REF0133,REF0133,GG0103,Yanqian high-F granite,Zhejiang,Bamianshan fluorite deposit,Granite body,The linked study explicitly identifies the Yanqian high-F granite; records are grouped at that named geological-unit level.,High,12,REF0133,RCB0063,REF0133
R1747,JB-2,150–153 Ma,I,GG0103,Yanqian high-F granite,REF0133,REF0133,GG0103,Yanqian high-F granite,Zhejiang,Bamianshan fluorite deposit,Granite body,The linked study explicitly identifies the Yanqian high-F granite; records are grouped at that named geological-unit level.,High,12,REF0133,RCB0063,REF0133
R1748,YQ-H2,150–153 Ma,I,GG0103,Yanqian high-F granite,REF0133,REF0133,GG0103,Yanqian high-F granite,Zhejiang,Bamianshan fluorite deposit,Granite body,The linked study explicitly identifies the Yanqian high-F granite; records are grouped at that named geological-unit level.,High,12,REF0133,RCB0063,REF0133
R1749,YQ-H3,150–153 Ma,I,GG0103,Yanqian high-F granite,REF0133,REF0133,GG0103,Yanqian high-F granite,Zhejiang,Bamianshan fluorite deposit,Granite body,The linked study explicitly identifies the Yanqian high-F granite; records are grouped at that named geological-unit level.,High,12,REF0133,RCB0063,REF0133
R1750,YQ-H4,150–153 Ma,I,GG0103,Yanqian high-F granite,REF0133,REF0133,GG0103,Yanqian high-F granite,Zhejiang,Bamianshan fluorite deposit,Granite body,The linked study explicitly identifies the Yanqian high-F granite; records are grouped at that named geological-unit level.,High,12,REF0133,RCB0063,REF0133
R1751,1,150–153 Ma,I,GG0103,Yanqian high-F granite,REF0133,REF0133,GG0103,Yanqian high-F granite,Zhejiang,Bamianshan fluorite deposit,Granite body,The linked study explicitly identifies the Yanqian high-F granite; records are grouped at that named geological-unit level.,High,12,REF0133,RCB0063,REF0133
R1752,2,150–153 Ma,I,GG0103,Yanqian high-F granite,REF0133,REF0133,GG0103,Yanqian high-F granite,Zhejiang,Bamianshan fluorite deposit,Granite body,The linked study explicitly identifies the Yanqian high-F granite; records are grouped at that named geological-unit level.,High,12,REF0133,RCB0063,REF0133
R1753,3,150–153 Ma,I,GG0103,Yanqian high-F granite,REF0133,REF0133,GG0103,Yanqian high-F granite,Zhejiang,Bamianshan fluorite deposit,Granite body,The linked study explicitly identifies the Yanqian high-F granite; records are grouped at that named geological-unit level.,High,12,REF0133,RCB0063,REF0133
R1754,4,150–153 Ma,I,GG0103,Yanqian high-F granite,REF0133,REF0133,GG0103,Yanqian high-F granite,Zhejiang,Bamianshan fluorite deposit,Granite body,The linked study explicitly identifies the Yanqian high-F granite; records are grouped at that named geological-unit level.,High,12,REF0133,RCB0063,REF0133
R1755,5,150–153 Ma,I,GG0103,Yanqian high-F granite,REF0133,REF0133,GG0103,Yanqian high-F granite,Zhejiang,Bamianshan fluorite deposit,Granite body,The linked study explicitly identifies the Yanqian high-F granite; records are grouped at that named geological-unit level.,High,12,REF0133,RCB0063,REF0133
R1756,6,150–153 Ma,I,GG0103,Yanqian high-F granite,REF0133,REF0133,GG0103,Yanqian high-F granite,Zhejiang,Bamianshan fluorite deposit,Granite body,The linked study explicitly identifies the Yanqian high-F granite; records are grouped at that named geological-unit level.,High,12,REF0133,RCB0063,REF0133
R1757,7,150–153 Ma,I,GG0103,Yanqian high-F granite,REF0133,REF0133,GG0103,Yanqian high-F granite,Zhejiang,Bamianshan fluorite deposit,Granite body,The linked study explicitly identifies the Yanqian high-F granite; records are grouped at that named geological-unit level.,High,12,REF0133,RCB0063,REF0133
R1800,TS31,140–143 Ma,I,GG0029,Tongshan,REF0137,REF0137,GG0029,Tongshan,Qin–Hang Belt,,Named pluton or intrusive unit,The linked references explicitly identify the Tongshan; all associated records are assigned to that named geological unit.,High,7,REF0137,RCB0024,REF0137
R1801,TS32,140–143 Ma,I,GG0029,Tongshan,REF0137,REF0137,GG0029,Tongshan,Qin–Hang Belt,,Named pluton or intrusive unit,The linked references explicitly identify the Tongshan; all associated records are assigned to that named geological unit.,High,7,REF0137,RCB0024,REF0137
R1802,TS33,140–143 Ma,I,GG0029,Tongshan,REF0137,REF0137,GG0029,Tongshan,Qin–Hang Belt,,Named pluton or intrusive unit,The linked references explicitly identify the Tongshan; all associated records are assigned to that named geological unit.,High,7,REF0137,RCB0024,REF0137
R1803,TS34,140–143 Ma,I,GG0029,Tongshan,REF0137,REF0137,GG0029,Tongshan,Qin–Hang Belt,,Named pluton or intrusive unit,The linked references explicitly identify the Tongshan; all associated records are assigned to that named geological unit.,High,7,REF0137,RCB0024,REF0137
R1804,TS35,140–143 Ma,I,GG0029,Tongshan,REF0137,REF0137,GG0029,Tongshan,Qin–Hang Belt,,Named pluton or intrusive unit,The linked references explicitly identify the Tongshan; all associated records are assigned to that named geological unit.,High,7,REF0137,RCB0024,REF0137
R1805,CTS-13,140–143 Ma,I,GG0029,Tongshan,REF0137,REF0137,GG0029,Tongshan,Qin–Hang Belt,,Named pluton or intrusive unit,The linked references explicitly identify the Tongshan; all associated records are assigned to that named geological unit.,High,7,REF0137,RCB0024,REF0137
R1806,CTS-14,140–143 Ma,I,GG0029,Tongshan,REF0137,REF0137,GG0029,Tongshan,Qin–Hang Belt,,Named pluton or intrusive unit,The linked references explicitly identify the Tongshan; all associated records are assigned to that named geological unit.,High,7,REF0137,RCB0024,REF0137
R1919,TSL3-1,148–152 Ma,I,GG0030,Tongshanling,REF0143,REF0143,GG0030,Tongshanling,Hunan,,Named pluton or intrusive unit,The linked references explicitly identify the Tongshanling; all associated records are assigned to that named geological unit.,High,61,REF0143,RCB0025,REF0143
R1920,TSL3-2,148–152 Ma,I,GG0030,Tongshanling,REF0143,REF0143,GG0030,Tongshanling,Hunan,,Named pluton or intrusive unit,The linked references explicitly identify the Tongshanling; all associated records are assigned to that named geological unit.,High,61,REF0143,RCB0025,REF0143
R1921,TSL3-3,148–152 Ma,I,GG0030,Tongshanling,REF0143,REF0143,GG0030,Tongshanling,Hunan,,Named pluton or intrusive unit,The linked references explicitly identify the Tongshanling; all associated records are assigned to that named geological unit.,High,61,REF0143,RCB0025,REF0143
R1922,GP-1,148–152 Ma,I,GG0030,Tongshanling,REF0143,REF0143,GG0030,Tongshanling,Hunan,,Named pluton or intrusive unit,The linked references explicitly identify the Tongshanling; all associated records are assigned to that named geological unit.,High,61,REF0143,RCB0025,REF0143
R1923,GP-2,148–152 Ma,I,GG0030,Tongshanling,REF0143,REF0143,GG0030,Tongshanling,Hunan,,Named pluton or intrusive unit,The linked references explicitly identify the Tongshanling; all associated records are assigned to that named geological unit.,High,61,REF0143,RCB0025,REF0143
R1924,GP-3,148–152 Ma,I,GG0030,Tongshanling,REF0143,REF0143,GG0030,Tongshanling,Hunan,,Named pluton or intrusive unit,The linked references explicitly identify the Tongshanling; all associated records are assigned to that named geological unit.,High,61,REF0143,RCB0025,REF0143
R1925,JY-1,148–152 Ma,I,GG0030,Tongshanling,REF0143,REF0143,GG0030,Tongshanling,Hunan,,Named pluton or intrusive unit,The linked references explicitly identify the Tongshanling; all associated records are assigned to that named geological unit.,High,61,REF0143,RCB0025,REF0143
R1926,JY-2,148–152 Ma,I,GG0030,Tongshanling,REF0143,REF0143,GG0030,Tongshanling,Hunan,,Named pluton or intrusive unit,The linked references explicitly identify the Tongshanling; all associated records are assigned to that named geological unit.,High,61,REF0143,RCB0025,REF0143
R1927,JY-3,148–152 Ma,I,GG0030,Tongshanling,REF0143,REF0143,GG0030,Tongshanling,Hunan,,Named pluton or intrusive unit,The linked references explicitly identify the Tongshanling; all associated records are assigned to that named geological unit.,High,61,REF0143,RCB0025,REF0143
R1928,JY-4,148–152 Ma,I,GG0030,Tongshanling,REF0143,REF0143,GG0030,Tongshanling,Hunan,,Named pluton or intrusive unit,The linked references explicitly identify the Tongshanling; all associated records are assigned to that named geological unit.,High,61,REF0143,RCB0025,REF0143
R1929,JY-5,148–152 Ma,I,GG0030,Tongshanling,REF0143,REF0143,GG0030,Tongshanling,Hunan,,Named pluton or intrusive unit,The linked references explicitly identify the Tongshanling; all associated records are assigned to that named geological unit.,High,61,REF0143,RCB0025,REF0143
R1930,TSL1-1,148–152 Ma,I,GG0030,Tongshanling,REF0143,REF0143,GG0030,Tongshanling,Hunan,,Named pluton or intrusive unit,The linked references explicitly identify the Tongshanling; all associated records are assigned to that named geological unit.,High,61,REF0143,RCB0025,REF0143
R1931,TSL1-2,148–152 Ma,I,GG0030,Tongshanling,REF0143,REF0143,GG0030,Tongshanling,Hunan,,Named pluton or intrusive unit,The linked references explicitly identify the Tongshanling; all associated records are assigned to that named geological unit.,High,61,REF0143,RCB0025,REF0143
R1932,TSL1-3,148–152 Ma,I,GG0030,Tongshanling,REF0143,REF0143,GG0030,Tongshanling,Hunan,,Named pluton or intrusive unit,The linked references explicitly identify the Tongshanling; all associated records are assigned to that named geological unit.,High,61,REF0143,RCB0025,REF0143
R1933,TSL1-4,148–152 Ma,I,GG0030,Tongshanling,REF0143,REF0143,GG0030,Tongshanling,Hunan,,Named pluton or intrusive unit,The linked references explicitly identify the Tongshanling; all associated records are assigned to that named geological unit.,High,61,REF0143,RCB0025,REF0143
R1934,T728-1,148–152 Ma,I,GG0030,Tongshanling,REF0143,REF0143,GG0030,Tongshanling,Hunan,,Named pluton or intrusive unit,The linked references explicitly identify the Tongshanling; all associated records are assigned to that named geological unit.,High,61,REF0143,RCB0025,REF0143
R1935,T729-2,148–152 Ma,I,GG0030,Tongshanling,REF0143,REF0143,GG0030,Tongshanling,Hunan,,Named pluton or intrusive unit,The linked references explicitly identify the Tongshanling; all associated records are assigned to that named geological unit.,High,61,REF0143,RCB0025,REF0143
R1936,D137=,148–152 Ma,I,GG0030,Tongshanling,REF0143,REF0143,GG0030,Tongshanling,Hunan,,Named pluton or intrusive unit,The linked references explicitly identify the Tongshanling; all associated records are assigned to that named geological unit.,High,61,REF0143,RCB0025,REF0143
R1937,TSX,148–152 Ma,I,GG0030,Tongshanling,REF0143,REF0143,GG0030,Tongshanling,Hunan,,Named pluton or intrusive unit,The linked references explicitly identify the Tongshanling; all associated records are assigned to that named geological unit.,High,61,REF0143,RCB0025,REF0143
R1938,TSL,148–152 Ma,I,GG0030,Tongshanling,REF0143,REF0143,GG0030,Tongshanling,Hunan,,Named pluton or intrusive unit,The linked references explicitly identify the Tongshanling; all associated records are assigned to that named geological unit.,High,61,REF0143,RCB0025,REF0143
R1939,TSL-3-1,148–152 Ma,I,GG0030,Tongshanling,REF0143,REF0143,GG0030,Tongshanling,Hunan,,Named pluton or intrusive unit,The linked references explicitly identify the Tongshanling; all associated records are assigned to that named geological unit.,High,61,REF0143,RCB0025,REF0143
R1940,TSL-3-2,148–152 Ma,I,GG0030,Tongshanling,REF0143,REF0143,GG0030,Tongshanling,Hunan,,Named pluton or intrusive unit,The linked references explicitly identify the Tongshanling; all associated records are assigned to that named geological unit.,High,61,REF0143,RCB0025,REF0143
R1941,TSL-3-3,148–152 Ma,I,GG0030,Tongshanling,REF0143,REF0143,GG0030,Tongshanling,Hunan,,Named pluton or intrusive unit,The linked references explicitly identify the Tongshanling; all associated records are assigned to that named geological unit.,High,61,REF0143,RCB0025,REF0143
R1942,TSL-3-4,148–152 Ma,I,GG0030,Tongshanling,REF0143,REF0143,GG0030,Tongshanling,Hunan,,Named pluton or intrusive unit,The linked references explicitly identify the Tongshanling; all associated records are assigned to that named geological unit.,High,61,REF0143,RCB0025,REF0143
R1943,TSL-3-5,148–152 Ma,I,GG0030,Tongshanling,REF0143,REF0143,GG0030,Tongshanling,Hunan,,Named pluton or intrusive unit,The linked references explicitly identify the Tongshanling; all associated records are assigned to that named geological unit.,High,61,REF0143,RCB0025,REF0143
R1944,TSL-3-6,148–152 Ma,I,GG0030,Tongshanling,REF0143,REF0143,GG0030,Tongshanling,Hunan,,Named pluton or intrusive unit,The linked references explicitly identify the Tongshanling; all associated records are assigned to that named geological unit.,High,61,REF0143,RCB0025,REF0143
R1945,TSD-1,148–152 Ma,I,GG0030,Tongshanling,REF0143,REF0143,GG0030,Tongshanling,Hunan,,Named pluton or intrusive unit,The linked references explicitly identify the Tongshanling; all associated records are assigned to that named geological unit.,High,61,REF0143,RCB0025,REF0143
R1946,TSD-2,148–152 Ma,I,GG0030,Tongshanling,REF0143,REF0143,GG0030,Tongshanling,Hunan,,Named pluton or intrusive unit,The linked references explicitly identify the Tongshanling; all associated records are assigned to that named geological unit.,High,61,REF0143,RCB0025,REF0143
R1947,TSD-4,148–152 Ma,I,GG0030,Tongshanling,REF0143,REF0143,GG0030,Tongshanling,Hunan,,Named pluton or intrusive unit,The linked references explicitly identify the Tongshanling; all associated records are assigned to that named geological unit.,High,61,REF0143,RCB0025,REF0143
R1948,TSD-9,148–152 Ma,I,GG0030,Tongshanling,REF0143,REF0143,GG0030,Tongshanling,Hunan,,Named pluton or intrusive unit,The linked references explicitly identify the Tongshanling; all associated records are assigned to that named geological unit.,High,61,REF0143,RCB0025,REF0143
R1949,JYT-3,148–152 Ma,I,GG0030,Tongshanling,REF0143,REF0143,GG0030,Tongshanling,Hunan,,Named pluton or intrusive unit,The linked references explicitly identify the Tongshanling; all associated records are assigned to that named geological unit.,High,61,REF0143,RCB0025,REF0143
R1950,JYT-10,148–152 Ma,I,GG0030,Tongshanling,REF0143,REF0143,GG0030,Tongshanling,Hunan,,Named pluton or intrusive unit,The linked references explicitly identify the Tongshanling; all associated records are assigned to that named geological unit.,High,61,REF0143,RCB0025,REF0143
R1951,JYT-14,148–152 Ma,I,GG0030,Tongshanling,REF0143,REF0143,GG0030,Tongshanling,Hunan,,Named pluton or intrusive unit,The linked references explicitly identify the Tongshanling; all associated records are assigned to that named geological unit.,High,61,REF0143,RCB0025,REF0143
R1952,TSH-1,148–152 Ma,I,GG0030,Tongshanling,REF0143,REF0143,GG0030,Tongshanling,Hunan,,Named pluton or intrusive unit,The linked references explicitly identify the Tongshanling; all associated records are assigned to that named geological unit.,High,61,REF0143,RCB0025,REF0143
R1953,TSX-5,148–152 Ma,I,GG0030,Tongshanling,REF0143,REF0143,GG0030,Tongshanling,Hunan,,Named pluton or intrusive unit,The linked references explicitly identify the Tongshanling; all associated records are assigned to that named geological unit.,High,61,REF0143,RCB0025,REF0143
R1954,TSX-6,148–152 Ma,I,GG0030,Tongshanling,REF0143,REF0143,GG0030,Tongshanling,Hunan,,Named pluton or intrusive unit,The linked references explicitly identify the Tongshanling; all associated records are assigned to that named geological unit.,High,61,REF0143,RCB0025,REF0143
R1955,TSX-7,148–152 Ma,I,GG0030,Tongshanling,REF0143,REF0143,GG0030,Tongshanling,Hunan,,Named pluton or intrusive unit,The linked references explicitly identify the Tongshanling; all associated records are assigned to that named geological unit.,High,61,REF0143,RCB0025,REF0143
R1956,JHT-2,148–152 Ma,I,GG0030,Tongshanling,REF0143,REF0143,GG0030,Tongshanling,Hunan,,Named pluton or intrusive unit,The linked references explicitly identify the Tongshanling; all associated records are assigned to that named geological unit.,High,61,REF0143,RCB0025,REF0143
R1957,JHT-8,148–152 Ma,I,GG0030,Tongshanling,REF0143,REF0143,GG0030,Tongshanling,Hunan,,Named pluton or intrusive unit,The linked references explicitly identify the Tongshanling; all associated records are assigned to that named geological unit.,High,61,REF0143,RCB0025,REF0143
R1958,JHT-13,148–152 Ma,I,GG0030,Tongshanling,REF0143,REF0143,GG0030,Tongshanling,Hunan,,Named pluton or intrusive unit,The linked references explicitly identify the Tongshanling; all associated records are assigned to that named geological unit.,High,61,REF0143,RCB0025,REF0143
R1959,TSL-3-1,148–152 Ma,I,GG0030,Tongshanling,REF0143,REF0143,GG0030,Tongshanling,Hunan,,Named pluton or intrusive unit,The linked references explicitly identify the Tongshanling; all associated records are assigned to that named geological unit.,High,61,REF0143,RCB0025,REF0143
R1960,TSL-3-2,148–152 Ma,I,GG0030,Tongshanling,REF0143,REF0143,GG0030,Tongshanling,Hunan,,Named pluton or intrusive unit,The linked references explicitly identify the Tongshanling; all associated records are assigned to that named geological unit.,High,61,REF0143,RCB0025,REF0143
R1961,TSL-3-3,148–152 Ma,I,GG0030,Tongshanling,REF0143,REF0143,GG0030,Tongshanling,Hunan,,Named pluton or intrusive unit,The linked references explicitly identify the Tongshanling; all associated records are assigned to that named geological unit.,High,61,REF0143,RCB0025,REF0143
R1962,TSL-3-4,148–152 Ma,I,GG0030,Tongshanling,REF0143,REF0143,GG0030,Tongshanling,Hunan,,Named pluton or intrusive unit,The linked references explicitly identify the Tongshanling; all associated records are assigned to that named geological unit.,High,61,REF0143,RCB0025,REF0143
R1963,TSL-3-5,148–152 Ma,I,GG0030,Tongshanling,REF0143,REF0143,GG0030,Tongshanling,Hunan,,Named pluton or intrusive unit,The linked references explicitly identify the Tongshanling; all associated records are assigned to that named geological unit.,High,61,REF0143,RCB0025,REF0143
R1964,TSL-3-6,148–152 Ma,I,GG0030,Tongshanling,REF0143,REF0143,GG0030,Tongshanling,Hunan,,Named pluton or intrusive unit,The linked references explicitly identify the Tongshanling; all associated records are assigned to that named geological unit.,High,61,REF0143,RCB0025,REF0143
R1965,XLP-1,148–152 Ma,I,GG0030,Tongshanling,REF0143,REF0143,GG0030,Tongshanling,Hunan,,Named pluton or intrusive unit,The linked references explicitly identify the Tongshanling; all associated records are assigned to that named geological unit.,High,61,REF0143,RCB0025,REF0143
R1966,XLP-2,148–152 Ma,I,GG0030,Tongshanling,REF0143,REF0143,GG0030,Tongshanling,Hunan,,Named pluton or intrusive unit,The linked references explicitly identify the Tongshanling; all associated records are assigned to that named geological unit.,High,61,REF0143,RCB0025,REF0143
R1967,XLP-4,148–152 Ma,I,GG0030,Tongshanling,REF0143,REF0143,GG0030,Tongshanling,Hunan,,Named pluton or intrusive unit,The linked references explicitly identify the Tongshanling; all associated records are assigned to that named geological unit.,High,61,REF0143,RCB0025,REF0143
R1968,XLP-5,148–152 Ma,I,GG0030,Tongshanling,REF0143,REF0143,GG0030,Tongshanling,Hunan,,Named pluton or intrusive unit,The linked references explicitly identify the Tongshanling; all associated records are assigned to that named geological unit.,High,61,REF0143,RCB0025,REF0143
R1969,XLP-6,148–152 Ma,I,GG0030,Tongshanling,REF0143,REF0143,GG0030,Tongshanling,Hunan,,Named pluton or intrusive unit,The linked references explicitly identify the Tongshanling; all associated records are assigned to that named geological unit.,High,61,REF0143,RCB0025,REF0143
R1970,13DHT-5,144–148 Ma,S,GG0005,Dahutang,REF0144,REF0144,GG0005,Dahutang,Jiangxi,,Named pluton or intrusive unit,The linked references explicitly identify the Dahutang; all associated records are assigned to that named geological unit.,High,55,REF0144; REF0145,RCB0005,REF0144; REF0145
R1971,13DHT-7,144–148 Ma,S,GG0005,Dahutang,REF0144,REF0144,GG0005,Dahutang,Jiangxi,,Named pluton or intrusive unit,The linked references explicitly identify the Dahutang; all associated records are assigned to that named geological unit.,High,55,REF0144; REF0145,RCB0005,REF0144; REF0145
R1972,13DHT-21,144–148 Ma,S,GG0005,Dahutang,REF0144,REF0144,GG0005,Dahutang,Jiangxi,,Named pluton or intrusive unit,The linked references explicitly identify the Dahutang; all associated records are assigned to that named geological unit.,High,55,REF0144; REF0145,RCB0005,REF0144; REF0145
R1973,13DHT-22,144–148 Ma,S,GG0005,Dahutang,REF0144,REF0144,GG0005,Dahutang,Jiangxi,,Named pluton or intrusive unit,The linked references explicitly identify the Dahutang; all associated records are assigned to that named geological unit.,High,55,REF0144; REF0145,RCB0005,REF0144; REF0145
R1974,13DHT-23,144–148 Ma,S,GG0005,Dahutang,REF0144,REF0144,GG0005,Dahutang,Jiangxi,,Named pluton or intrusive unit,The linked references explicitly identify the Dahutang; all associated records are assigned to that named geological unit.,High,55,REF0144; REF0145,RCB0005,REF0144; REF0145
R1975,13DHT-24,144–148 Ma,S,GG0005,Dahutang,REF0144,REF0144,GG0005,Dahutang,Jiangxi,,Named pluton or intrusive unit,The linked references explicitly identify the Dahutang; all associated records are assigned to that named geological unit.,High,55,REF0144; REF0145,RCB0005,REF0144; REF0145
R1976,13DLS-7,144–148 Ma,S,GG0005,Dahutang,REF0144,REF0144,GG0005,Dahutang,Jiangxi,,Named pluton or intrusive unit,The linked references explicitly identify the Dahutang; all associated records are assigned to that named geological unit.,High,55,REF0144; REF0145,RCB0005,REF0144; REF0145
R1977,13DLS-8,144–148 Ma,S,GG0005,Dahutang,REF0144,REF0144,GG0005,Dahutang,Jiangxi,,Named pluton or intrusive unit,The linked references explicitly identify the Dahutang; all associated records are assigned to that named geological unit.,High,55,REF0144; REF0145,RCB0005,REF0144; REF0145
R1978,13DLS-9,144–148 Ma,S,GG0005,Dahutang,REF0144,REF0144,GG0005,Dahutang,Jiangxi,,Named pluton or intrusive unit,The linked references explicitly identify the Dahutang; all associated records are assigned to that named geological unit.,High,55,REF0144; REF0145,RCB0005,REF0144; REF0145
R1979,13DHT-4,144–148 Ma,S,GG0005,Dahutang,REF0144,REF0144,GG0005,Dahutang,Jiangxi,,Named pluton or intrusive unit,The linked references explicitly identify the Dahutang; all associated records are assigned to that named geological unit.,High,55,REF0144; REF0145,RCB0005,REF0144; REF0145
R1980,13DHT-8,144–148 Ma,S,GG0005,Dahutang,REF0144,REF0144,GG0005,Dahutang,Jiangxi,,Named pluton or intrusive unit,The linked references explicitly identify the Dahutang; all associated records are assigned to that named geological unit.,High,55,REF0144; REF0145,RCB0005,REF0144; REF0145
R1981,13DHT-9,144–148 Ma,S,GG0005,Dahutang,REF0144,REF0144,GG0005,Dahutang,Jiangxi,,Named pluton or intrusive unit,The linked references explicitly identify the Dahutang; all associated records are assigned to that named geological unit.,High,55,REF0144; REF0145,RCB0005,REF0144; REF0145
R1982,13DHT-12,144–148 Ma,S,GG0005,Dahutang,REF0144,REF0144,GG0005,Dahutang,Jiangxi,,Named pluton or intrusive unit,The linked references explicitly identify the Dahutang; all associated records are assigned to that named geological unit.,High,55,REF0144; REF0145,RCB0005,REF0144; REF0145
R1983,13DHT-14,144–148 Ma,S,GG0005,Dahutang,REF0144,REF0144,GG0005,Dahutang,Jiangxi,,Named pluton or intrusive unit,The linked references explicitly identify the Dahutang; all associated records are assigned to that named geological unit.,High,55,REF0144; REF0145,RCB0005,REF0144; REF0145
R1984,13DHT-19,144–148 Ma,S,GG0005,Dahutang,REF0144,REF0144,GG0005,Dahutang,Jiangxi,,Named pluton or intrusive unit,The linked references explicitly identify the Dahutang; all associated records are assigned to that named geological unit.,High,55,REF0144; REF0145,RCB0005,REF0144; REF0145
R1985,13DHT-20,144–148 Ma,S,GG0005,Dahutang,REF0144,REF0144,GG0005,Dahutang,Jiangxi,,Named pluton or intrusive unit,The linked references explicitly identify the Dahutang; all associated records are assigned to that named geological unit.,High,55,REF0144; REF0145,RCB0005,REF0144; REF0145
R1986,13DLS-4,144–148 Ma,S,GG0005,Dahutang,REF0144,REF0144,GG0005,Dahutang,Jiangxi,,Named pluton or intrusive unit,The linked references explicitly identify the Dahutang; all associated records are assigned to that named geological unit.,High,55,REF0144; REF0145,RCB0005,REF0144; REF0145
R1987,13DLS-13,144–148 Ma,S,GG0005,Dahutang,REF0144,REF0144,GG0005,Dahutang,Jiangxi,,Named pluton or intrusive unit,The linked references explicitly identify the Dahutang; all associated records are assigned to that named geological unit.,High,55,REF0144; REF0145,RCB0005,REF0144; REF0145
R1988,13DLS-14,144–148 Ma,S,GG0005,Dahutang,REF0144,REF0144,GG0005,Dahutang,Jiangxi,,Named pluton or intrusive unit,The linked references explicitly identify the Dahutang; all associated records are assigned to that named geological unit.,High,55,REF0144; REF0145,RCB0005,REF0144; REF0145
R1989,13DHT-1,144–148 Ma,S,GG0005,Dahutang,REF0144,REF0144,GG0005,Dahutang,Jiangxi,,Named pluton or intrusive unit,The linked references explicitly identify the Dahutang; all associated records are assigned to that named geological unit.,High,55,REF0144; REF0145,RCB0005,REF0144; REF0145
R1990,13DHT-2,144–148 Ma,S,GG0005,Dahutang,REF0144,REF0144,GG0005,Dahutang,Jiangxi,,Named pluton or intrusive unit,The linked references explicitly identify the Dahutang; all associated records are assigned to that named geological unit.,High,55,REF0144; REF0145,RCB0005,REF0144; REF0145
R1991,13DHT-11,144–148 Ma,S,GG0005,Dahutang,REF0144,REF0144,GG0005,Dahutang,Jiangxi,,Named pluton or intrusive unit,The linked references explicitly identify the Dahutang; all associated records are assigned to that named geological unit.,High,55,REF0144; REF0145,RCB0005,REF0144; REF0145
R1992,13DHT-13,144–148 Ma,S,GG0005,Dahutang,REF0144,REF0144,GG0005,Dahutang,Jiangxi,,Named pluton or intrusive unit,The linked references explicitly identify the Dahutang; all associated records are assigned to that named geological unit.,High,55,REF0144; REF0145,RCB0005,REF0144; REF0145
R1993,13SWD-1,144–148 Ma,S,GG0005,Dahutang,REF0144,REF0144,GG0005,Dahutang,Jiangxi,,Named pluton or intrusive unit,The linked references explicitly identify the Dahutang; all associated records are assigned to that named geological unit.,High,55,REF0144; REF0145,RCB0005,REF0144; REF0145
R1994,13SWD-2,144–148 Ma,S,GG0005,Dahutang,REF0144,REF0144,GG0005,Dahutang,Jiangxi,,Named pluton or intrusive unit,The linked references explicitly identify the Dahutang; all associated records are assigned to that named geological unit.,High,55,REF0144; REF0145,RCB0005,REF0144; REF0145
R1995,13DLS-2,144–148 Ma,S,GG0005,Dahutang,REF0144,REF0144,GG0005,Dahutang,Jiangxi,,Named pluton or intrusive unit,The linked references explicitly identify the Dahutang; all associated records are assigned to that named geological unit.,High,55,REF0144; REF0145,RCB0005,REF0144; REF0145
R1996,13DLS-10,144–148 Ma,S,GG0005,Dahutang,REF0144,REF0144,GG0005,Dahutang,Jiangxi,,Named pluton or intrusive unit,The linked references explicitly identify the Dahutang; all associated records are assigned to that named geological unit.,High,55,REF0144; REF0145,RCB0005,REF0144; REF0145
R1997,ZK0-26-1,144–148 Ma,S,GG0005,Dahutang,REF0144,REF0144,GG0005,Dahutang,Jiangxi,,Named pluton or intrusive unit,The linked references explicitly identify the Dahutang; all associated records are assigned to that named geological unit.,High,55,REF0144; REF0145,RCB0005,REF0144; REF0145
R1998,ZK0-26-2,144–148 Ma,S,GG0005,Dahutang,REF0144,REF0144,GG0005,Dahutang,Jiangxi,,Named pluton or intrusive unit,The linked references explicitly identify the Dahutang; all associated records are assigned to that named geological unit.,High,55,REF0144; REF0145,RCB0005,REF0144; REF0145
R1999,ZK0-26-3,144–148 Ma,S,GG0005,Dahutang,REF0144,REF0144,GG0005,Dahutang,Jiangxi,,Named pluton or intrusive unit,The linked references explicitly identify the Dahutang; all associated records are assigned to that named geological unit.,High,55,REF0144; REF0145,RCB0005,REF0144; REF0145
R2000,Zk8-3-11,144–148 Ma,S,GG0005,Dahutang,REF0144,REF0144,GG0005,Dahutang,Jiangxi,,Named pluton or intrusive unit,The linked references explicitly identify the Dahutang; all associated records are assigned to that named geological unit.,High,55,REF0144; REF0145,RCB0005,REF0144; REF0145
R2001,Zk8-3-13,144–148 Ma,S,GG0005,Dahutang,REF0144,REF0144,GG0005,Dahutang,Jiangxi,,Named pluton or intrusive unit,The linked references explicitly identify the Dahutang; all associated records are assigned to that named geological unit.,High,55,REF0144; REF0145,RCB0005,REF0144; REF0145
R2002,Zk8-3-14,144–148 Ma,S,GG0005,Dahutang,REF0144,REF0144,GG0005,Dahutang,Jiangxi,,Named pluton or intrusive unit,The linked references explicitly identify the Dahutang; all associated records are assigned to that named geological unit.,High,55,REF0144; REF0145,RCB0005,REF0144; REF0145
R2003,Zk8-3-15,144–148 Ma,S,GG0005,Dahutang,REF0144,REF0144,GG0005,Dahutang,Jiangxi,,Named pluton or intrusive unit,The linked references explicitly identify the Dahutang; all associated records are assigned to that named geological unit.,High,55,REF0144; REF0145,RCB0005,REF0144; REF0145
R2004,81#-12,144–148 Ma,S,GG0005,Dahutang,REF0145,REF0145,GG0005,Dahutang,Jiangxi,,Named pluton or intrusive unit,The linked references explicitly identify the Dahutang; all associated records are assigned to that named geological unit.,High,55,REF0144; REF0145,RCB0005,REF0144; REF0145
R2005,ZK0-26-1,144–148 Ma,S,GG0005,Dahutang,REF0145,REF0145,GG0005,Dahutang,Jiangxi,,Named pluton or intrusive unit,The linked references explicitly identify the Dahutang; all associated records are assigned to that named geological unit.,High,55,REF0144; REF0145,RCB0005,REF0144; REF0145
R2006,ZK0-26-2,144–148 Ma,S,GG0005,Dahutang,REF0145,REF0145,GG0005,Dahutang,Jiangxi,,Named pluton or intrusive unit,The linked references explicitly identify the Dahutang; all associated records are assigned to that named geological unit.,High,55,REF0144; REF0145,RCB0005,REF0144; REF0145
R2007,ZK0-26-3,144–148 Ma,S,GG0005,Dahutang,REF0145,REF0145,GG0005,Dahutang,Jiangxi,,Named pluton or intrusive unit,The linked references explicitly identify the Dahutang; all associated records are assigned to that named geological unit.,High,55,REF0144; REF0145,RCB0005,REF0144; REF0145
R2008,ZK108-2-1,144–148 Ma,S,GG0005,Dahutang,REF0145,REF0145,GG0005,Dahutang,Jiangxi,,Named pluton or intrusive unit,The linked references explicitly identify the Dahutang; all associated records are assigned to that named geological unit.,High,55,REF0144; REF0145,RCB0005,REF0144; REF0145
R2009,ZK108-2-2,144–148 Ma,S,GG0005,Dahutang,REF0145,REF0145,GG0005,Dahutang,Jiangxi,,Named pluton or intrusive unit,The linked references explicitly identify the Dahutang; all associated records are assigned to that named geological unit.,High,55,REF0144; REF0145,RCB0005,REF0144; REF0145
R2010,ZK108-2-4,144–148 Ma,S,GG0005,Dahutang,REF0145,REF0145,GG0005,Dahutang,Jiangxi,,Named pluton or intrusive unit,The linked references explicitly identify the Dahutang; all associated records are assigned to that named geological unit.,High,55,REF0144; REF0145,RCB0005,REF0144; REF0145
R2011,ZK11-2-12,144–148 Ma,S,GG0005,Dahutang,REF0145,REF0145,GG0005,Dahutang,Jiangxi,,Named pluton or intrusive unit,The linked references explicitly identify the Dahutang; all associated records are assigned to that named geological unit.,High,55,REF0144; REF0145,RCB0005,REF0144; REF0145
R2012,ZK11-5-25,144–148 Ma,S,GG0005,Dahutang,REF0145,REF0145,GG0005,Dahutang,Jiangxi,,Named pluton or intrusive unit,The linked references explicitly identify the Dahutang; all associated records are assigned to that named geological unit.,High,55,REF0144; REF0145,RCB0005,REF0144; REF0145
R2013,ZK11-5-27,144–148 Ma,S,GG0005,Dahutang,REF0145,REF0145,GG0005,Dahutang,Jiangxi,,Named pluton or intrusive unit,The linked references explicitly identify the Dahutang; all associated records are assigned to that named geological unit.,High,55,REF0144; REF0145,RCB0005,REF0144; REF0145
R2014,ZK-1-4,144–148 Ma,S,GG0005,Dahutang,REF0145,REF0145,GG0005,Dahutang,Jiangxi,,Named pluton or intrusive unit,The linked references explicitly identify the Dahutang; all associated records are assigned to that named geological unit.,High,55,REF0144; REF0145,RCB0005,REF0144; REF0145
R2015,ZK-1-5,144–148 Ma,S,GG0005,Dahutang,REF0145,REF0145,GG0005,Dahutang,Jiangxi,,Named pluton or intrusive unit,The linked references explicitly identify the Dahutang; all associated records are assigned to that named geological unit.,High,55,REF0144; REF0145,RCB0005,REF0144; REF0145
R2016,ZK-1-6,144–148 Ma,S,GG0005,Dahutang,REF0145,REF0145,GG0005,Dahutang,Jiangxi,,Named pluton or intrusive unit,The linked references explicitly identify the Dahutang; all associated records are assigned to that named geological unit.,High,55,REF0144; REF0145,RCB0005,REF0144; REF0145
R2017,ZK-1-9,144–148 Ma,S,GG0005,Dahutang,REF0145,REF0145,GG0005,Dahutang,Jiangxi,,Named pluton or intrusive unit,The linked references explicitly identify the Dahutang; all associated records are assigned to that named geological unit.,High,55,REF0144; REF0145,RCB0005,REF0144; REF0145
R2018,ZK-1-10,144–148 Ma,S,GG0005,Dahutang,REF0145,REF0145,GG0005,Dahutang,Jiangxi,,Named pluton or intrusive unit,The linked references explicitly identify the Dahutang; all associated records are assigned to that named geological unit.,High,55,REF0144; REF0145,RCB0005,REF0144; REF0145
R2019,ZK-1-11,144–148 Ma,S,GG0005,Dahutang,REF0145,REF0145,GG0005,Dahutang,Jiangxi,,Named pluton or intrusive unit,The linked references explicitly identify the Dahutang; all associated records are assigned to that named geological unit.,High,55,REF0144; REF0145,RCB0005,REF0144; REF0145
R2020,ZK-1-13,144–148 Ma,S,GG0005,Dahutang,REF0145,REF0145,GG0005,Dahutang,Jiangxi,,Named pluton or intrusive unit,The linked references explicitly identify the Dahutang; all associated records are assigned to that named geological unit.,High,55,REF0144; REF0145,RCB0005,REF0144; REF0145
R2021,81#-23,144–148 Ma,S,GG0005,Dahutang,REF0145,REF0145,GG0005,Dahutang,Jiangxi,,Named pluton or intrusive unit,The linked references explicitly identify the Dahutang; all associated records are assigned to that named geological unit.,High,55,REF0144; REF0145,RCB0005,REF0144; REF0145
R2022,81#-24,144–148 Ma,S,GG0005,Dahutang,REF0145,REF0145,GG0005,Dahutang,Jiangxi,,Named pluton or intrusive unit,The linked references explicitly identify the Dahutang; all associated records are assigned to that named geological unit.,High,55,REF0144; REF0145,RCB0005,REF0144; REF0145
R2023,81#-25,144–148 Ma,S,GG0005,Dahutang,REF0145,REF0145,GG0005,Dahutang,Jiangxi,,Named pluton or intrusive unit,The linked references explicitly identify the Dahutang; all associated records are assigned to that named geological unit.,High,55,REF0144; REF0145,RCB0005,REF0144; REF0145
R2024,81#-26,144–148 Ma,S,GG0005,Dahutang,REF0145,REF0145,GG0005,Dahutang,Jiangxi,,Named pluton or intrusive unit,The linked references explicitly identify the Dahutang; all associated records are assigned to that named geological unit.,High,55,REF0144; REF0145,RCB0005,REF0144; REF0145
R2025,01FJW-1-2,170–172 Ma,I,GG0009,Dexing,REF0146,REF0146,GG0009,Dexing,Jiangxi,Zhushahong,Composite or parent geological unit,Related subunits are consolidated under the named Dexing parent unit so genetically and spatially related samples remain in one validation group.,Medium,55,REF0146; REF0147; REF0148; REF0149; REF0150,RCB0009,REF0146; REF0147; REF0148; REF0149; REF0150
R2026,01FJW-3,170–172 Ma,I,GG0009,Dexing,REF0146,REF0146,GG0009,Dexing,Jiangxi,Zhushahong,Composite or parent geological unit,Related subunits are consolidated under the named Dexing parent unit so genetically and spatially related samples remain in one validation group.,Medium,55,REF0146; REF0147; REF0148; REF0149; REF0150,RCB0009,REF0146; REF0147; REF0148; REF0149; REF0150
R2027,01FJW-4,170–172 Ma,I,GG0009,Dexing,REF0146,REF0146,GG0009,Dexing,Jiangxi,Zhushahong,Composite or parent geological unit,Related subunits are consolidated under the named Dexing parent unit so genetically and spatially related samples remain in one validation group.,Medium,55,REF0146; REF0147; REF0148; REF0149; REF0150,RCB0009,REF0146; REF0147; REF0148; REF0149; REF0150
R2028,CK307-1,170–172 Ma,I,GG0009,Dexing,REF0146,REF0146,GG0009,Dexing,Jiangxi,Zhushahong,Composite or parent geological unit,Related subunits are consolidated under the named Dexing parent unit so genetically and spatially related samples remain in one validation group.,Medium,55,REF0146; REF0147; REF0148; REF0149; REF0150,RCB0009,REF0146; REF0147; REF0148; REF0149; REF0150
R2029,CK307-4,170–172 Ma,I,GG0009,Dexing,REF0146,REF0146,GG0009,Dexing,Jiangxi,Zhushahong,Composite or parent geological unit,Related subunits are consolidated under the named Dexing parent unit so genetically and spatially related samples remain in one validation group.,Medium,55,REF0146; REF0147; REF0148; REF0149; REF0150,RCB0009,REF0146; REF0147; REF0148; REF0149; REF0150
R2030,FJW-10,170–172 Ma,I,GG0009,Dexing,REF0146,REF0146,GG0009,Dexing,Jiangxi,Zhushahong,Composite or parent geological unit,Related subunits are consolidated under the named Dexing parent unit so genetically and spatially related samples remain in one validation group.,Medium,55,REF0146; REF0147; REF0148; REF0149; REF0150,RCB0009,REF0146; REF0147; REF0148; REF0149; REF0150
R2031,FJW-11,170–172 Ma,I,GG0009,Dexing,REF0146,REF0146,GG0009,Dexing,Jiangxi,Zhushahong,Composite or parent geological unit,Related subunits are consolidated under the named Dexing parent unit so genetically and spatially related samples remain in one validation group.,Medium,55,REF0146; REF0147; REF0148; REF0149; REF0150,RCB0009,REF0146; REF0147; REF0148; REF0149; REF0150
R2032,FJW-14,170–172 Ma,I,GG0009,Dexing,REF0146,REF0146,GG0009,Dexing,Jiangxi,Zhushahong,Composite or parent geological unit,Related subunits are consolidated under the named Dexing parent unit so genetically and spatially related samples remain in one validation group.,Medium,55,REF0146; REF0147; REF0148; REF0149; REF0150,RCB0009,REF0146; REF0147; REF0148; REF0149; REF0150
R2033,FJW-7-8,170–172 Ma,I,GG0009,Dexing,REF0147,REF0147,GG0009,Dexing,Jiangxi,Zhushahong,Composite or parent geological unit,Related subunits are consolidated under the named Dexing parent unit so genetically and spatially related samples remain in one validation group.,Medium,55,REF0146; REF0147; REF0148; REF0149; REF0150,RCB0009,REF0146; REF0147; REF0148; REF0149; REF0150
R2034,FJW-7-9,170–172 Ma,I,GG0009,Dexing,REF0147,REF0147,GG0009,Dexing,Jiangxi,Zhushahong,Composite or parent geological unit,Related subunits are consolidated under the named Dexing parent unit so genetically and spatially related samples remain in one validation group.,Medium,55,REF0146; REF0147; REF0148; REF0149; REF0150,RCB0009,REF0146; REF0147; REF0148; REF0149; REF0150
R2035,FJW-7-10,170–172 Ma,I,GG0009,Dexing,REF0147,REF0147,GG0009,Dexing,Jiangxi,Zhushahong,Composite or parent geological unit,Related subunits are consolidated under the named Dexing parent unit so genetically and spatially related samples remain in one validation group.,Medium,55,REF0146; REF0147; REF0148; REF0149; REF0150,RCB0009,REF0146; REF0147; REF0148; REF0149; REF0150
R2036,FJW-7-11,170–172 Ma,I,GG0009,Dexing,REF0147,REF0147,GG0009,Dexing,Jiangxi,Zhushahong,Composite or parent geological unit,Related subunits are consolidated under the named Dexing parent unit so genetically and spatially related samples remain in one validation group.,Medium,55,REF0146; REF0147; REF0148; REF0149; REF0150,RCB0009,REF0146; REF0147; REF0148; REF0149; REF0150
R2037,FJW-7-12,170–172 Ma,I,GG0009,Dexing,REF0147,REF0147,GG0009,Dexing,Jiangxi,Zhushahong,Composite or parent geological unit,Related subunits are consolidated under the named Dexing parent unit so genetically and spatially related samples remain in one validation group.,Medium,55,REF0146; REF0147; REF0148; REF0149; REF0150,RCB0009,REF0146; REF0147; REF0148; REF0149; REF0150
R2038,ZSHZK6-4-68,170.4 ± 1.4 Ma,I,GG0009,Dexing,REF0147,REF0147,GG0009,Dexing,Jiangxi,Zhushahong,Composite or parent geological unit,Related subunits are consolidated under the named Dexing parent unit so genetically and spatially related samples remain in one validation group.,Medium,55,REF0146; REF0147; REF0148; REF0149; REF0150,RCB0009,REF0146; REF0147; REF0148; REF0149; REF0150
R2039,ZSHZK2-9-54,170.4 ± 1.4 Ma,I,GG0009,Dexing,REF0147,REF0147,GG0009,Dexing,Jiangxi,Zhushahong,Composite or parent geological unit,Related subunits are consolidated under the named Dexing parent unit so genetically and spatially related samples remain in one validation group.,Medium,55,REF0146; REF0147; REF0148; REF0149; REF0150,RCB0009,REF0146; REF0147; REF0148; REF0149; REF0150
R2040,ZSHZK2-9-55,170.4 ± 1.4 Ma,I,GG0009,Dexing,REF0147,REF0147,GG0009,Dexing,Jiangxi,Zhushahong,Composite or parent geological unit,Related subunits are consolidated under the named Dexing parent unit so genetically and spatially related samples remain in one validation group.,Medium,55,REF0146; REF0147; REF0148; REF0149; REF0150,RCB0009,REF0146; REF0147; REF0148; REF0149; REF0150
R2041,TC-7-5,170–171 Ma,I,GG0009,Dexing,REF0147,REF0147,GG0009,Dexing,Jiangxi,Zhushahong,Composite or parent geological unit,Related subunits are consolidated under the named Dexing parent unit so genetically and spatially related samples remain in one validation group.,Medium,55,REF0146; REF0147; REF0148; REF0149; REF0150,RCB0009,REF0146; REF0147; REF0148; REF0149; REF0150
R2042,TC-7-6,170–171 Ma,I,GG0009,Dexing,REF0147,REF0147,GG0009,Dexing,Jiangxi,Zhushahong,Composite or parent geological unit,Related subunits are consolidated under the named Dexing parent unit so genetically and spatially related samples remain in one validation group.,Medium,55,REF0146; REF0147; REF0148; REF0149; REF0150,RCB0009,REF0146; REF0147; REF0148; REF0149; REF0150
R2043,TC-7-7,170–171 Ma,I,GG0009,Dexing,REF0147,REF0147,GG0009,Dexing,Jiangxi,Zhushahong,Composite or parent geological unit,Related subunits are consolidated under the named Dexing parent unit so genetically and spatially related samples remain in one validation group.,Medium,55,REF0146; REF0147; REF0148; REF0149; REF0150,RCB0009,REF0146; REF0147; REF0148; REF0149; REF0150
R2044,TC-7-9,170–171 Ma,I,GG0009,Dexing,REF0147,REF0147,GG0009,Dexing,Jiangxi,Zhushahong,Composite or parent geological unit,Related subunits are consolidated under the named Dexing parent unit so genetically and spatially related samples remain in one validation group.,Medium,55,REF0146; REF0147; REF0148; REF0149; REF0150,RCB0009,REF0146; REF0147; REF0148; REF0149; REF0150
R2045,TC-7-10,170–171 Ma,I,GG0009,Dexing,REF0147,REF0147,GG0009,Dexing,Jiangxi,Zhushahong,Composite or parent geological unit,Related subunits are consolidated under the named Dexing parent unit so genetically and spatially related samples remain in one validation group.,Medium,55,REF0146; REF0147; REF0148; REF0149; REF0150,RCB0009,REF0146; REF0147; REF0148; REF0149; REF0150
R2046,G-83-175,170.4 ± 1.4 Ma,I,GG0009,Dexing,REF0148,REF0148,GG0009,Dexing,Jiangxi,Zhushahong,Composite or parent geological unit,Related subunits are consolidated under the named Dexing parent unit so genetically and spatially related samples remain in one validation group.,Medium,55,REF0146; REF0147; REF0148; REF0149; REF0150,RCB0009,REF0146; REF0147; REF0148; REF0149; REF0150
R2047,ZSH-2,170.4 ± 1.4 Ma,I,GG0009,Dexing,REF0148,REF0148,GG0009,Dexing,Jiangxi,Zhushahong,Composite or parent geological unit,Related subunits are consolidated under the named Dexing parent unit so genetically and spatially related samples remain in one validation group.,Medium,55,REF0146; REF0147; REF0148; REF0149; REF0150,RCB0009,REF0146; REF0147; REF0148; REF0149; REF0150
R2048,ZSH-3,170.4 ± 1.4 Ma,I,GG0009,Dexing,REF0148,REF0148,GG0009,Dexing,Jiangxi,Zhushahong,Composite or parent geological unit,Related subunits are consolidated under the named Dexing parent unit so genetically and spatially related samples remain in one validation group.,Medium,55,REF0146; REF0147; REF0148; REF0149; REF0150,RCB0009,REF0146; REF0147; REF0148; REF0149; REF0150
R2049,09D001,170.4 ± 1.4 Ma,I,GG0009,Dexing,REF0148,REF0148,GG0009,Dexing,Jiangxi,Zhushahong,Composite or parent geological unit,Related subunits are consolidated under the named Dexing parent unit so genetically and spatially related samples remain in one validation group.,Medium,55,REF0146; REF0147; REF0148; REF0149; REF0150,RCB0009,REF0146; REF0147; REF0148; REF0149; REF0150
R2050,09D002,170.4 ± 1.4 Ma,I,GG0009,Dexing,REF0148,REF0148,GG0009,Dexing,Jiangxi,Zhushahong,Composite or parent geological unit,Related subunits are consolidated under the named Dexing parent unit so genetically and spatially related samples remain in one validation group.,Medium,55,REF0146; REF0147; REF0148; REF0149; REF0150,RCB0009,REF0146; REF0147; REF0148; REF0149; REF0150
R2051,09D052,170.4 ± 1.4 Ma,I,GG0009,Dexing,REF0148,REF0148,GG0009,Dexing,Jiangxi,Zhushahong,Composite or parent geological unit,Related subunits are consolidated under the named Dexing parent unit so genetically and spatially related samples remain in one validation group.,Medium,55,REF0146; REF0147; REF0148; REF0149; REF0150,RCB0009,REF0146; REF0147; REF0148; REF0149; REF0150
R2052,09D068,170.4 ± 1.4 Ma,I,GG0009,Dexing,REF0148,REF0148,GG0009,Dexing,Jiangxi,Zhushahong,Composite or parent geological unit,Related subunits are consolidated under the named Dexing parent unit so genetically and spatially related samples remain in one validation group.,Medium,55,REF0146; REF0147; REF0148; REF0149; REF0150,RCB0009,REF0146; REF0147; REF0148; REF0149; REF0150
R2053,09D072,170–171 Ma,I,GG0009,Dexing,REF0148,REF0148,GG0009,Dexing,Jiangxi,Zhushahong,Composite or parent geological unit,Related subunits are consolidated under the named Dexing parent unit so genetically and spatially related samples remain in one validation group.,Medium,55,REF0146; REF0147; REF0148; REF0149; REF0150,RCB0009,REF0146; REF0147; REF0148; REF0149; REF0150
R2054,09D078,170–171 Ma,I,GG0009,Dexing,REF0148,REF0148,GG0009,Dexing,Jiangxi,Zhushahong,Composite or parent geological unit,Related subunits are consolidated under the named Dexing parent unit so genetically and spatially related samples remain in one validation group.,Medium,55,REF0146; REF0147; REF0148; REF0149; REF0150,RCB0009,REF0146; REF0147; REF0148; REF0149; REF0150
R2055,09D082,170–171 Ma,I,GG0009,Dexing,REF0148,REF0148,GG0009,Dexing,Jiangxi,Zhushahong,Composite or parent geological unit,Related subunits are consolidated under the named Dexing parent unit so genetically and spatially related samples remain in one validation group.,Medium,55,REF0146; REF0147; REF0148; REF0149; REF0150,RCB0009,REF0146; REF0147; REF0148; REF0149; REF0150
R2056,09D083,170–171 Ma,I,GG0009,Dexing,REF0148,REF0148,GG0009,Dexing,Jiangxi,Zhushahong,Composite or parent geological unit,Related subunits are consolidated under the named Dexing parent unit so genetically and spatially related samples remain in one validation group.,Medium,55,REF0146; REF0147; REF0148; REF0149; REF0150,RCB0009,REF0146; REF0147; REF0148; REF0149; REF0150
R2057,DX-260,170.4 ± 1.4 Ma,I,GG0009,Dexing,REF0149,REF0149,GG0009,Dexing,Jiangxi,Zhushahong,Composite or parent geological unit,Related subunits are consolidated under the named Dexing parent unit so genetically and spatially related samples remain in one validation group.,Medium,55,REF0146; REF0147; REF0148; REF0149; REF0150,RCB0009,REF0146; REF0147; REF0148; REF0149; REF0150
R2058,DX-261,170.4 ± 1.4 Ma,I,GG0009,Dexing,REF0149,REF0149,GG0009,Dexing,Jiangxi,Zhushahong,Composite or parent geological unit,Related subunits are consolidated under the named Dexing parent unit so genetically and spatially related samples remain in one validation group.,Medium,55,REF0146; REF0147; REF0148; REF0149; REF0150,RCB0009,REF0146; REF0147; REF0148; REF0149; REF0150
R2059,DX-265,170.4 ± 1.4 Ma,I,GG0009,Dexing,REF0149,REF0149,GG0009,Dexing,Jiangxi,Zhushahong,Composite or parent geological unit,Related subunits are consolidated under the named Dexing parent unit so genetically and spatially related samples remain in one validation group.,Medium,55,REF0146; REF0147; REF0148; REF0149; REF0150,RCB0009,REF0146; REF0147; REF0148; REF0149; REF0150
R2060,DX-287,170.4 ± 1.4 Ma,I,GG0009,Dexing,REF0149,REF0149,GG0009,Dexing,Jiangxi,Zhushahong,Composite or parent geological unit,Related subunits are consolidated under the named Dexing parent unit so genetically and spatially related samples remain in one validation group.,Medium,55,REF0146; REF0147; REF0148; REF0149; REF0150,RCB0009,REF0146; REF0147; REF0148; REF0149; REF0150
R2061,DX-290,170.4 ± 1.4 Ma,I,GG0009,Dexing,REF0149,REF0149,GG0009,Dexing,Jiangxi,Zhushahong,Composite or parent geological unit,Related subunits are consolidated under the named Dexing parent unit so genetically and spatially related samples remain in one validation group.,Medium,55,REF0146; REF0147; REF0148; REF0149; REF0150,RCB0009,REF0146; REF0147; REF0148; REF0149; REF0150
R2062,DX-297,170.4 ± 1.4 Ma,I,GG0009,Dexing,REF0149,REF0149,GG0009,Dexing,Jiangxi,Zhushahong,Composite or parent geological unit,Related subunits are consolidated under the named Dexing parent unit so genetically and spatially related samples remain in one validation group.,Medium,55,REF0146; REF0147; REF0148; REF0149; REF0150,RCB0009,REF0146; REF0147; REF0148; REF0149; REF0150
R2063,DX-301,170.4 ± 1.4 Ma,I,GG0009,Dexing,REF0149,REF0149,GG0009,Dexing,Jiangxi,Zhushahong,Composite or parent geological unit,Related subunits are consolidated under the named Dexing parent unit so genetically and spatially related samples remain in one validation group.,Medium,55,REF0146; REF0147; REF0148; REF0149; REF0150,RCB0009,REF0146; REF0147; REF0148; REF0149; REF0150
R2064,DX-60,170–171 Ma,I,GG0009,Dexing,REF0149,REF0149,GG0009,Dexing,Jiangxi,Zhushahong,Composite or parent geological unit,Related subunits are consolidated under the named Dexing parent unit so genetically and spatially related samples remain in one validation group.,Medium,55,REF0146; REF0147; REF0148; REF0149; REF0150,RCB0009,REF0146; REF0147; REF0148; REF0149; REF0150
R2065,DX-132,170–171 Ma,I,GG0009,Dexing,REF0149,REF0149,GG0009,Dexing,Jiangxi,Zhushahong,Composite or parent geological unit,Related subunits are consolidated under the named Dexing parent unit so genetically and spatially related samples remain in one validation group.,Medium,55,REF0146; REF0147; REF0148; REF0149; REF0150,RCB0009,REF0146; REF0147; REF0148; REF0149; REF0150
R2066,DX-133,170–171 Ma,I,GG0009,Dexing,REF0149,REF0149,GG0009,Dexing,Jiangxi,Zhushahong,Composite or parent geological unit,Related subunits are consolidated under the named Dexing parent unit so genetically and spatially related samples remain in one validation group.,Medium,55,REF0146; REF0147; REF0148; REF0149; REF0150,RCB0009,REF0146; REF0147; REF0148; REF0149; REF0150
R2067,DX-134,170–171 Ma,I,GG0009,Dexing,REF0149,REF0149,GG0009,Dexing,Jiangxi,Zhushahong,Composite or parent geological unit,Related subunits are consolidated under the named Dexing parent unit so genetically and spatially related samples remain in one validation group.,Medium,55,REF0146; REF0147; REF0148; REF0149; REF0150,RCB0009,REF0146; REF0147; REF0148; REF0149; REF0150
R2068,01T-15,170–171 Ma,I,GG0009,Dexing,REF0150,REF0150,GG0009,Dexing,Jiangxi,Zhushahong,Composite or parent geological unit,Related subunits are consolidated under the named Dexing parent unit so genetically and spatially related samples remain in one validation group.,Medium,55,REF0146; REF0147; REF0148; REF0149; REF0150,RCB0009,REF0146; REF0147; REF0148; REF0149; REF0150
R2069,01T-16,170–171 Ma,I,GG0009,Dexing,REF0150,REF0150,GG0009,Dexing,Jiangxi,Zhushahong,Composite or parent geological unit,Related subunits are consolidated under the named Dexing parent unit so genetically and spatially related samples remain in one validation group.,Medium,55,REF0146; REF0147; REF0148; REF0149; REF0150,RCB0009,REF0146; REF0147; REF0148; REF0149; REF0150
R2070,01T-17,170–171 Ma,I,GG0009,Dexing,REF0150,REF0150,GG0009,Dexing,Jiangxi,Zhushahong,Composite or parent geological unit,Related subunits are consolidated under the named Dexing parent unit so genetically and spatially related samples remain in one validation group.,Medium,55,REF0146; REF0147; REF0148; REF0149; REF0150,RCB0009,REF0146; REF0147; REF0148; REF0149; REF0150
R2071,TC-3-1,170–171 Ma,I,GG0009,Dexing,REF0150,REF0150,GG0009,Dexing,Jiangxi,Zhushahong,Composite or parent geological unit,Related subunits are consolidated under the named Dexing parent unit so genetically and spatially related samples remain in one validation group.,Medium,55,REF0146; REF0147; REF0148; REF0149; REF0150,RCB0009,REF0146; REF0147; REF0148; REF0149; REF0150
R2072,TC-6,170–171 Ma,I,GG0009,Dexing,REF0150,REF0150,GG0009,Dexing,Jiangxi,Zhushahong,Composite or parent geological unit,Related subunits are consolidated under the named Dexing parent unit so genetically and spatially related samples remain in one validation group.,Medium,55,REF0146; REF0147; REF0148; REF0149; REF0150,RCB0009,REF0146; REF0147; REF0148; REF0149; REF0150
R2073,TC-7,170–171 Ma,I,GG0009,Dexing,REF0150,REF0150,GG0009,Dexing,Jiangxi,Zhushahong,Composite or parent geological unit,Related subunits are consolidated under the named Dexing parent unit so genetically and spatially related samples remain in one validation group.,Medium,55,REF0146; REF0147; REF0148; REF0149; REF0150,RCB0009,REF0146; REF0147; REF0148; REF0149; REF0150
R2074,TC-8,170–171 Ma,I,GG0009,Dexing,REF0150,REF0150,GG0009,Dexing,Jiangxi,Zhushahong,Composite or parent geological unit,Related subunits are consolidated under the named Dexing parent unit so genetically and spatially related samples remain in one validation group.,Medium,55,REF0146; REF0147; REF0148; REF0149; REF0150,RCB0009,REF0146; REF0147; REF0148; REF0149; REF0150
R2075,TC-9,170–171 Ma,I,GG0009,Dexing,REF0150,REF0150,GG0009,Dexing,Jiangxi,Zhushahong,Composite or parent geological unit,Related subunits are consolidated under the named Dexing parent unit so genetically and spatially related samples remain in one validation group.,Medium,55,REF0146; REF0147; REF0148; REF0149; REF0150,RCB0009,REF0146; REF0147; REF0148; REF0149; REF0150
R2076,TC-12,170–171 Ma,I,GG0009,Dexing,REF0150,REF0150,GG0009,Dexing,Jiangxi,Zhushahong,Composite or parent geological unit,Related subunits are consolidated under the named Dexing parent unit so genetically and spatially related samples remain in one validation group.,Medium,55,REF0146; REF0147; REF0148; REF0149; REF0150,RCB0009,REF0146; REF0147; REF0148; REF0149; REF0150
R2077,TC-13,170–171 Ma,I,GG0009,Dexing,REF0150,REF0150,GG0009,Dexing,Jiangxi,Zhushahong,Composite or parent geological unit,Related subunits are consolidated under the named Dexing parent unit so genetically and spatially related samples remain in one validation group.,Medium,55,REF0146; REF0147; REF0148; REF0149; REF0150,RCB0009,REF0146; REF0147; REF0148; REF0149; REF0150
R2078,TC-15,170–171 Ma,I,GG0009,Dexing,REF0150,REF0150,GG0009,Dexing,Jiangxi,Zhushahong,Composite or parent geological unit,Related subunits are consolidated under the named Dexing parent unit so genetically and spatially related samples remain in one validation group.,Medium,55,REF0146; REF0147; REF0148; REF0149; REF0150,RCB0009,REF0146; REF0147; REF0148; REF0149; REF0150
R2079,TC-16,170–171 Ma,I,GG0009,Dexing,REF0150,REF0150,GG0009,Dexing,Jiangxi,Zhushahong,Composite or parent geological unit,Related subunits are consolidated under the named Dexing parent unit so genetically and spatially related samples remain in one validation group.,Medium,55,REF0146; REF0147; REF0148; REF0149; REF0150,RCB0009,REF0146; REF0147; REF0148; REF0149; REF0150
R2148,2012-1,148–150 Ma,I,GG0039,Zhuxi,REF0156,REF0156,GG0039,Zhuxi,Jiangxi,,Named pluton or intrusive unit,The linked references explicitly identify the Zhuxi; all associated records are assigned to that named geological unit.,High,119,REF0090; REF0121; REF0156; REF0157; REF0158; REF0159,RCB0031,REF0090; REF0121; REF0156; REF0157; REF0158; REF0159
R2149,2012-2,148–150 Ma,I,GG0039,Zhuxi,REF0156,REF0156,GG0039,Zhuxi,Jiangxi,,Named pluton or intrusive unit,The linked references explicitly identify the Zhuxi; all associated records are assigned to that named geological unit.,High,119,REF0090; REF0121; REF0156; REF0157; REF0158; REF0159,RCB0031,REF0090; REF0121; REF0156; REF0157; REF0158; REF0159
R2150,2012-3,148–150 Ma,I,GG0039,Zhuxi,REF0156,REF0156,GG0039,Zhuxi,Jiangxi,,Named pluton or intrusive unit,The linked references explicitly identify the Zhuxi; all associated records are assigned to that named geological unit.,High,119,REF0090; REF0121; REF0156; REF0157; REF0158; REF0159,RCB0031,REF0090; REF0121; REF0156; REF0157; REF0158; REF0159
R2151,2012-4,148–150 Ma,I,GG0039,Zhuxi,REF0156,REF0156,GG0039,Zhuxi,Jiangxi,,Named pluton or intrusive unit,The linked references explicitly identify the Zhuxi; all associated records are assigned to that named geological unit.,High,119,REF0090; REF0121; REF0156; REF0157; REF0158; REF0159,RCB0031,REF0090; REF0121; REF0156; REF0157; REF0158; REF0159
R2152,2012-5,148–150 Ma,I,GG0039,Zhuxi,REF0156,REF0156,GG0039,Zhuxi,Jiangxi,,Named pluton or intrusive unit,The linked references explicitly identify the Zhuxi; all associated records are assigned to that named geological unit.,High,119,REF0090; REF0121; REF0156; REF0157; REF0158; REF0159,RCB0031,REF0090; REF0121; REF0156; REF0157; REF0158; REF0159
R2153,2012-6,148–150 Ma,I,GG0039,Zhuxi,REF0156,REF0156,GG0039,Zhuxi,Jiangxi,,Named pluton or intrusive unit,The linked references explicitly identify the Zhuxi; all associated records are assigned to that named geological unit.,High,119,REF0090; REF0121; REF0156; REF0157; REF0158; REF0159,RCB0031,REF0090; REF0121; REF0156; REF0157; REF0158; REF0159
R2154,2012-7,148–150 Ma,I,GG0039,Zhuxi,REF0156,REF0156,GG0039,Zhuxi,Jiangxi,,Named pluton or intrusive unit,The linked references explicitly identify the Zhuxi; all associated records are assigned to that named geological unit.,High,119,REF0090; REF0121; REF0156; REF0157; REF0158; REF0159,RCB0031,REF0090; REF0121; REF0156; REF0157; REF0158; REF0159
R2155,2012-8,148–150 Ma,I,GG0039,Zhuxi,REF0156,REF0156,GG0039,Zhuxi,Jiangxi,,Named pluton or intrusive unit,The linked references explicitly identify the Zhuxi; all associated records are assigned to that named geological unit.,High,119,REF0090; REF0121; REF0156; REF0157; REF0158; REF0159,RCB0031,REF0090; REF0121; REF0156; REF0157; REF0158; REF0159
R2156,2012-9,148–150 Ma,I,GG0039,Zhuxi,REF0156,REF0156,GG0039,Zhuxi,Jiangxi,,Named pluton or intrusive unit,The linked references explicitly identify the Zhuxi; all associated records are assigned to that named geological unit.,High,119,REF0090; REF0121; REF0156; REF0157; REF0158; REF0159,RCB0031,REF0090; REF0121; REF0156; REF0157; REF0158; REF0159
R2157,2012-10,148–150 Ma,I,GG0039,Zhuxi,REF0156,REF0156,GG0039,Zhuxi,Jiangxi,,Named pluton or intrusive unit,The linked references explicitly identify the Zhuxi; all associated records are assigned to that named geological unit.,High,119,REF0090; REF0121; REF0156; REF0157; REF0158; REF0159,RCB0031,REF0090; REF0121; REF0156; REF0157; REF0158; REF0159
R2158,2012-11,148–150 Ma,I,GG0039,Zhuxi,REF0156,REF0156,GG0039,Zhuxi,Jiangxi,,Named pluton or intrusive unit,The linked references explicitly identify the Zhuxi; all associated records are assigned to that named geological unit.,High,119,REF0090; REF0121; REF0156; REF0157; REF0158; REF0159,RCB0031,REF0090; REF0121; REF0156; REF0157; REF0158; REF0159
R2159,2012-12,148–150 Ma,I,GG0039,Zhuxi,REF0156,REF0156,GG0039,Zhuxi,Jiangxi,,Named pluton or intrusive unit,The linked references explicitly identify the Zhuxi; all associated records are assigned to that named geological unit.,High,119,REF0090; REF0121; REF0156; REF0157; REF0158; REF0159,RCB0031,REF0090; REF0121; REF0156; REF0157; REF0158; REF0159
R2160,flzz-1,148–150 Ma,I,GG0039,Zhuxi,REF0157,REF0157,GG0039,Zhuxi,Jiangxi,,Named pluton or intrusive unit,The linked references explicitly identify the Zhuxi; all associated records are assigned to that named geological unit.,High,119,REF0090; REF0121; REF0156; REF0157; REF0158; REF0159,RCB0031,REF0090; REF0121; REF0156; REF0157; REF0158; REF0159
R2161,flzz-2,148–150 Ma,I,GG0039,Zhuxi,REF0157,REF0157,GG0039,Zhuxi,Jiangxi,,Named pluton or intrusive unit,The linked references explicitly identify the Zhuxi; all associated records are assigned to that named geological unit.,High,119,REF0090; REF0121; REF0156; REF0157; REF0158; REF0159,RCB0031,REF0090; REF0121; REF0156; REF0157; REF0158; REF0159
R2162,flzz-3,148–150 Ma,I,GG0039,Zhuxi,REF0157,REF0157,GG0039,Zhuxi,Jiangxi,,Named pluton or intrusive unit,The linked references explicitly identify the Zhuxi; all associated records are assigned to that named geological unit.,High,119,REF0090; REF0121; REF0156; REF0157; REF0158; REF0159,RCB0031,REF0090; REF0121; REF0156; REF0157; REF0158; REF0159
R2163,flzz-4,148–150 Ma,I,GG0039,Zhuxi,REF0157,REF0157,GG0039,Zhuxi,Jiangxi,,Named pluton or intrusive unit,The linked references explicitly identify the Zhuxi; all associated records are assigned to that named geological unit.,High,119,REF0090; REF0121; REF0156; REF0157; REF0158; REF0159,RCB0031,REF0090; REF0121; REF0156; REF0157; REF0158; REF0159
R2164,flzz-5,148–150 Ma,I,GG0039,Zhuxi,REF0157,REF0157,GG0039,Zhuxi,Jiangxi,,Named pluton or intrusive unit,The linked references explicitly identify the Zhuxi; all associated records are assigned to that named geological unit.,High,119,REF0090; REF0121; REF0156; REF0157; REF0158; REF0159,RCB0031,REF0090; REF0121; REF0156; REF0157; REF0158; REF0159
R2165,fltg-1,148–150 Ma,I,GG0039,Zhuxi,REF0157,REF0157,GG0039,Zhuxi,Jiangxi,,Named pluton or intrusive unit,The linked references explicitly identify the Zhuxi; all associated records are assigned to that named geological unit.,High,119,REF0090; REF0121; REF0156; REF0157; REF0158; REF0159,RCB0031,REF0090; REF0121; REF0156; REF0157; REF0158; REF0159
R2166,fltg-2,148–150 Ma,I,GG0039,Zhuxi,REF0157,REF0157,GG0039,Zhuxi,Jiangxi,,Named pluton or intrusive unit,The linked references explicitly identify the Zhuxi; all associated records are assigned to that named geological unit.,High,119,REF0090; REF0121; REF0156; REF0157; REF0158; REF0159,RCB0031,REF0090; REF0121; REF0156; REF0157; REF0158; REF0159
R2167,fltg-3,148–150 Ma,I,GG0039,Zhuxi,REF0157,REF0157,GG0039,Zhuxi,Jiangxi,,Named pluton or intrusive unit,The linked references explicitly identify the Zhuxi; all associated records are assigned to that named geological unit.,High,119,REF0090; REF0121; REF0156; REF0157; REF0158; REF0159,RCB0031,REF0090; REF0121; REF0156; REF0157; REF0158; REF0159
R2168,fltg-4,148–150 Ma,I,GG0039,Zhuxi,REF0157,REF0157,GG0039,Zhuxi,Jiangxi,,Named pluton or intrusive unit,The linked references explicitly identify the Zhuxi; all associated records are assigned to that named geological unit.,High,119,REF0090; REF0121; REF0156; REF0157; REF0158; REF0159,RCB0031,REF0090; REF0121; REF0156; REF0157; REF0158; REF0159
R2169,fltg-5,148–150 Ma,I,GG0039,Zhuxi,REF0157,REF0157,GG0039,Zhuxi,Jiangxi,,Named pluton or intrusive unit,The linked references explicitly identify the Zhuxi; all associated records are assigned to that named geological unit.,High,119,REF0090; REF0121; REF0156; REF0157; REF0158; REF0159,RCB0031,REF0090; REF0121; REF0156; REF0157; REF0158; REF0159
R2170,1227,148–150 Ma,I,GG0039,Zhuxi,REF0157,REF0157,GG0039,Zhuxi,Jiangxi,,Named pluton or intrusive unit,The linked references explicitly identify the Zhuxi; all associated records are assigned to that named geological unit.,High,119,REF0090; REF0121; REF0156; REF0157; REF0158; REF0159,RCB0031,REF0090; REF0121; REF0156; REF0157; REF0158; REF0159
R2171,1227-1,148–150 Ma,I,GG0039,Zhuxi,REF0157,REF0157,GG0039,Zhuxi,Jiangxi,,Named pluton or intrusive unit,The linked references explicitly identify the Zhuxi; all associated records are assigned to that named geological unit.,High,119,REF0090; REF0121; REF0156; REF0157; REF0158; REF0159,RCB0031,REF0090; REF0121; REF0156; REF0157; REF0158; REF0159
R2172,1227-2,148–150 Ma,I,GG0039,Zhuxi,REF0157,REF0157,GG0039,Zhuxi,Jiangxi,,Named pluton or intrusive unit,The linked references explicitly identify the Zhuxi; all associated records are assigned to that named geological unit.,High,119,REF0090; REF0121; REF0156; REF0157; REF0158; REF0159,RCB0031,REF0090; REF0121; REF0156; REF0157; REF0158; REF0159
R2173,1227-3,148–150 Ma,I,GG0039,Zhuxi,REF0157,REF0157,GG0039,Zhuxi,Jiangxi,,Named pluton or intrusive unit,The linked references explicitly identify the Zhuxi; all associated records are assigned to that named geological unit.,High,119,REF0090; REF0121; REF0156; REF0157; REF0158; REF0159,RCB0031,REF0090; REF0121; REF0156; REF0157; REF0158; REF0159
R2174,1228,148–150 Ma,I,GG0039,Zhuxi,REF0157,REF0157,GG0039,Zhuxi,Jiangxi,,Named pluton or intrusive unit,The linked references explicitly identify the Zhuxi; all associated records are assigned to that named geological unit.,High,119,REF0090; REF0121; REF0156; REF0157; REF0158; REF0159,RCB0031,REF0090; REF0121; REF0156; REF0157; REF0158; REF0159
R2175,1228-1,148–150 Ma,I,GG0039,Zhuxi,REF0157,REF0157,GG0039,Zhuxi,Jiangxi,,Named pluton or intrusive unit,The linked references explicitly identify the Zhuxi; all associated records are assigned to that named geological unit.,High,119,REF0090; REF0121; REF0156; REF0157; REF0158; REF0159,RCB0031,REF0090; REF0121; REF0156; REF0157; REF0158; REF0159
R2176,1228-2,148–150 Ma,I,GG0039,Zhuxi,REF0157,REF0157,GG0039,Zhuxi,Jiangxi,,Named pluton or intrusive unit,The linked references explicitly identify the Zhuxi; all associated records are assigned to that named geological unit.,High,119,REF0090; REF0121; REF0156; REF0157; REF0158; REF0159,RCB0031,REF0090; REF0121; REF0156; REF0157; REF0158; REF0159
R2177,1228-3,148–150 Ma,I,GG0039,Zhuxi,REF0157,REF0157,GG0039,Zhuxi,Jiangxi,,Named pluton or intrusive unit,The linked references explicitly identify the Zhuxi; all associated records are assigned to that named geological unit.,High,119,REF0090; REF0121; REF0156; REF0157; REF0158; REF0159,RCB0031,REF0090; REF0121; REF0156; REF0157; REF0158; REF0159
R2178,1228-4,148–150 Ma,I,GG0039,Zhuxi,REF0157,REF0157,GG0039,Zhuxi,Jiangxi,,Named pluton or intrusive unit,The linked references explicitly identify the Zhuxi; all associated records are assigned to that named geological unit.,High,119,REF0090; REF0121; REF0156; REF0157; REF0158; REF0159,RCB0031,REF0090; REF0121; REF0156; REF0157; REF0158; REF0159
R2179,1229,148–150 Ma,I,GG0039,Zhuxi,REF0157,REF0157,GG0039,Zhuxi,Jiangxi,,Named pluton or intrusive unit,The linked references explicitly identify the Zhuxi; all associated records are assigned to that named geological unit.,High,119,REF0090; REF0121; REF0156; REF0157; REF0158; REF0159,RCB0031,REF0090; REF0121; REF0156; REF0157; REF0158; REF0159
R2180,1229-1,148–150 Ma,I,GG0039,Zhuxi,REF0157,REF0157,GG0039,Zhuxi,Jiangxi,,Named pluton or intrusive unit,The linked references explicitly identify the Zhuxi; all associated records are assigned to that named geological unit.,High,119,REF0090; REF0121; REF0156; REF0157; REF0158; REF0159,RCB0031,REF0090; REF0121; REF0156; REF0157; REF0158; REF0159
R2181,1229-2,148–150 Ma,I,GG0039,Zhuxi,REF0157,REF0157,GG0039,Zhuxi,Jiangxi,,Named pluton or intrusive unit,The linked references explicitly identify the Zhuxi; all associated records are assigned to that named geological unit.,High,119,REF0090; REF0121; REF0156; REF0157; REF0158; REF0159,RCB0031,REF0090; REF0121; REF0156; REF0157; REF0158; REF0159
R2182,1229-3,148–150 Ma,I,GG0039,Zhuxi,REF0157,REF0157,GG0039,Zhuxi,Jiangxi,,Named pluton or intrusive unit,The linked references explicitly identify the Zhuxi; all associated records are assigned to that named geological unit.,High,119,REF0090; REF0121; REF0156; REF0157; REF0158; REF0159,RCB0031,REF0090; REF0121; REF0156; REF0157; REF0158; REF0159
R2183,ZX3208,148–150 Ma,I,GG0039,Zhuxi,REF0158,REF0158,GG0039,Zhuxi,Jiangxi,,Named pluton or intrusive unit,The linked references explicitly identify the Zhuxi; all associated records are assigned to that named geological unit.,High,119,REF0090; REF0121; REF0156; REF0157; REF0158; REF0159,RCB0031,REF0090; REF0121; REF0156; REF0157; REF0158; REF0159
R2184,ZX4208,148–150 Ma,I,GG0039,Zhuxi,REF0158,REF0158,GG0039,Zhuxi,Jiangxi,,Named pluton or intrusive unit,The linked references explicitly identify the Zhuxi; all associated records are assigned to that named geological unit.,High,119,REF0090; REF0121; REF0156; REF0157; REF0158; REF0159,RCB0031,REF0090; REF0121; REF0156; REF0157; REF0158; REF0159
R2185,ZK4210-H1,148–150 Ma,I,GG0039,Zhuxi,REF0158,REF0158,GG0039,Zhuxi,Jiangxi,,Named pluton or intrusive unit,The linked references explicitly identify the Zhuxi; all associated records are assigned to that named geological unit.,High,119,REF0090; REF0121; REF0156; REF0157; REF0158; REF0159,RCB0031,REF0090; REF0121; REF0156; REF0157; REF0158; REF0159
R2186,ZK4210-H2,148–150 Ma,I,GG0039,Zhuxi,REF0158,REF0158,GG0039,Zhuxi,Jiangxi,,Named pluton or intrusive unit,The linked references explicitly identify the Zhuxi; all associated records are assigned to that named geological unit.,High,119,REF0090; REF0121; REF0156; REF0157; REF0158; REF0159,RCB0031,REF0090; REF0121; REF0156; REF0157; REF0158; REF0159
R2187,ZK4210-H3,148–150 Ma,I,GG0039,Zhuxi,REF0158,REF0158,GG0039,Zhuxi,Jiangxi,,Named pluton or intrusive unit,The linked references explicitly identify the Zhuxi; all associated records are assigned to that named geological unit.,High,119,REF0090; REF0121; REF0156; REF0157; REF0158; REF0159,RCB0031,REF0090; REF0121; REF0156; REF0157; REF0158; REF0159
R2188,ZK4210-H4,148–150 Ma,I,GG0039,Zhuxi,REF0158,REF0158,GG0039,Zhuxi,Jiangxi,,Named pluton or intrusive unit,The linked references explicitly identify the Zhuxi; all associated records are assigned to that named geological unit.,High,119,REF0090; REF0121; REF0156; REF0157; REF0158; REF0159,RCB0031,REF0090; REF0121; REF0156; REF0157; REF0158; REF0159
R2189,ZK4210-H5,148–150 Ma,I,GG0039,Zhuxi,REF0158,REF0158,GG0039,Zhuxi,Jiangxi,,Named pluton or intrusive unit,The linked references explicitly identify the Zhuxi; all associated records are assigned to that named geological unit.,High,119,REF0090; REF0121; REF0156; REF0157; REF0158; REF0159,RCB0031,REF0090; REF0121; REF0156; REF0157; REF0158; REF0159
R2190,ZK4210-H6,148–150 Ma,I,GG0039,Zhuxi,REF0158,REF0158,GG0039,Zhuxi,Jiangxi,,Named pluton or intrusive unit,The linked references explicitly identify the Zhuxi; all associated records are assigned to that named geological unit.,High,119,REF0090; REF0121; REF0156; REF0157; REF0158; REF0159,RCB0031,REF0090; REF0121; REF0156; REF0157; REF0158; REF0159
R2191,ZK4210-H7,148–150 Ma,I,GG0039,Zhuxi,REF0158,REF0158,GG0039,Zhuxi,Jiangxi,,Named pluton or intrusive unit,The linked references explicitly identify the Zhuxi; all associated records are assigned to that named geological unit.,High,119,REF0090; REF0121; REF0156; REF0157; REF0158; REF0159,RCB0031,REF0090; REF0121; REF0156; REF0157; REF0158; REF0159
R2192,ZX4211-1092,148–150 Ma,I,GG0039,Zhuxi,REF0158,REF0158,GG0039,Zhuxi,Jiangxi,,Named pluton or intrusive unit,The linked references explicitly identify the Zhuxi; all associated records are assigned to that named geological unit.,High,119,REF0090; REF0121; REF0156; REF0157; REF0158; REF0159,RCB0031,REF0090; REF0121; REF0156; REF0157; REF0158; REF0159
R2193,ZX4211-1129,148–150 Ma,I,GG0039,Zhuxi,REF0158,REF0158,GG0039,Zhuxi,Jiangxi,,Named pluton or intrusive unit,The linked references explicitly identify the Zhuxi; all associated records are assigned to that named geological unit.,High,119,REF0090; REF0121; REF0156; REF0157; REF0158; REF0159,RCB0031,REF0090; REF0121; REF0156; REF0157; REF0158; REF0159
R2194,ZK5406-H2,148–150 Ma,I,GG0039,Zhuxi,REF0158,REF0158,GG0039,Zhuxi,Jiangxi,,Named pluton or intrusive unit,The linked references explicitly identify the Zhuxi; all associated records are assigned to that named geological unit.,High,119,REF0090; REF0121; REF0156; REF0157; REF0158; REF0159,RCB0031,REF0090; REF0121; REF0156; REF0157; REF0158; REF0159
R2195,ZK5406-H1,148–150 Ma,I,GG0039,Zhuxi,REF0158,REF0158,GG0039,Zhuxi,Jiangxi,,Named pluton or intrusive unit,The linked references explicitly identify the Zhuxi; all associated records are assigned to that named geological unit.,High,119,REF0090; REF0121; REF0156; REF0157; REF0158; REF0159,RCB0031,REF0090; REF0121; REF0156; REF0157; REF0158; REF0159
R2196,ZK5406-H3,148–150 Ma,I,GG0039,Zhuxi,REF0158,REF0158,GG0039,Zhuxi,Jiangxi,,Named pluton or intrusive unit,The linked references explicitly identify the Zhuxi; all associated records are assigned to that named geological unit.,High,119,REF0090; REF0121; REF0156; REF0157; REF0158; REF0159,RCB0031,REF0090; REF0121; REF0156; REF0157; REF0158; REF0159
R2197,ZK5406-H4,148–150 Ma,I,GG0039,Zhuxi,REF0158,REF0158,GG0039,Zhuxi,Jiangxi,,Named pluton or intrusive unit,The linked references explicitly identify the Zhuxi; all associated records are assigned to that named geological unit.,High,119,REF0090; REF0121; REF0156; REF0157; REF0158; REF0159,RCB0031,REF0090; REF0121; REF0156; REF0157; REF0158; REF0159
R2198,ZK5406-H5,148–150 Ma,I,GG0039,Zhuxi,REF0158,REF0158,GG0039,Zhuxi,Jiangxi,,Named pluton or intrusive unit,The linked references explicitly identify the Zhuxi; all associated records are assigned to that named geological unit.,High,119,REF0090; REF0121; REF0156; REF0157; REF0158; REF0159,RCB0031,REF0090; REF0121; REF0156; REF0157; REF0158; REF0159
R2199,2179.3,148–150 Ma,I,GG0039,Zhuxi,REF0159,REF0159,GG0039,Zhuxi,Jiangxi,,Named pluton or intrusive unit,The linked references explicitly identify the Zhuxi; all associated records are assigned to that named geological unit.,High,119,REF0090; REF0121; REF0156; REF0157; REF0158; REF0159,RCB0031,REF0090; REF0121; REF0156; REF0157; REF0158; REF0159
R2200,2120.3,148–150 Ma,I,GG0039,Zhuxi,REF0159,REF0159,GG0039,Zhuxi,Jiangxi,,Named pluton or intrusive unit,The linked references explicitly identify the Zhuxi; all associated records are assigned to that named geological unit.,High,119,REF0090; REF0121; REF0156; REF0157; REF0158; REF0159,RCB0031,REF0090; REF0121; REF0156; REF0157; REF0158; REF0159
R2201,2130.3,148–150 Ma,I,GG0039,Zhuxi,REF0159,REF0159,GG0039,Zhuxi,Jiangxi,,Named pluton or intrusive unit,The linked references explicitly identify the Zhuxi; all associated records are assigned to that named geological unit.,High,119,REF0090; REF0121; REF0156; REF0157; REF0158; REF0159,RCB0031,REF0090; REF0121; REF0156; REF0157; REF0158; REF0159
R2202,2151.7,148–150 Ma,I,GG0039,Zhuxi,REF0159,REF0159,GG0039,Zhuxi,Jiangxi,,Named pluton or intrusive unit,The linked references explicitly identify the Zhuxi; all associated records are assigned to that named geological unit.,High,119,REF0090; REF0121; REF0156; REF0157; REF0158; REF0159,RCB0031,REF0090; REF0121; REF0156; REF0157; REF0158; REF0159
R2203,2166.8,148–150 Ma,I,GG0039,Zhuxi,REF0159,REF0159,GG0039,Zhuxi,Jiangxi,,Named pluton or intrusive unit,The linked references explicitly identify the Zhuxi; all associated records are assigned to that named geological unit.,High,119,REF0090; REF0121; REF0156; REF0157; REF0158; REF0159,RCB0031,REF0090; REF0121; REF0156; REF0157; REF0158; REF0159
R2240,GS7-B,143–146 Ma,S,GG0118,Dongyuan–Jiangjia,REF0162,REF0162,GG0118,Dongyuan–Jiangjia,Anhui,Dongyuan; Jiangjia,Composite or parent geological unit,Related subunits are consolidated under the named Dongyuan–Jiangjia parent unit so genetically and spatially related samples remain in one validation group.,Medium,65,REF0162; REF0163; REF0164,RCB0064,REF0162; REF0163; REF0164
R2241,GS8-B,143–146 Ma,S,GG0118,Dongyuan–Jiangjia,REF0162,REF0162,GG0118,Dongyuan–Jiangjia,Anhui,Dongyuan; Jiangjia,Composite or parent geological unit,Related subunits are consolidated under the named Dongyuan–Jiangjia parent unit so genetically and spatially related samples remain in one validation group.,Medium,65,REF0162; REF0163; REF0164,RCB0064,REF0162; REF0163; REF0164
R2242,GS9-B,143–146 Ma,S,GG0118,Dongyuan–Jiangjia,REF0162,REF0162,GG0118,Dongyuan–Jiangjia,Anhui,Dongyuan; Jiangjia,Composite or parent geological unit,Related subunits are consolidated under the named Dongyuan–Jiangjia parent unit so genetically and spatially related samples remain in one validation group.,Medium,65,REF0162; REF0163; REF0164,RCB0064,REF0162; REF0163; REF0164
R2243,GS10-B,143–146 Ma,S,GG0118,Dongyuan–Jiangjia,REF0162,REF0162,GG0118,Dongyuan–Jiangjia,Anhui,Dongyuan; Jiangjia,Composite or parent geological unit,Related subunits are consolidated under the named Dongyuan–Jiangjia parent unit so genetically and spatially related samples remain in one validation group.,Medium,65,REF0162; REF0163; REF0164,RCB0064,REF0162; REF0163; REF0164
R2244,GS11-B,143–146 Ma,S,GG0118,Dongyuan–Jiangjia,REF0162,REF0162,GG0118,Dongyuan–Jiangjia,Anhui,Dongyuan; Jiangjia,Composite or parent geological unit,Related subunits are consolidated under the named Dongyuan–Jiangjia parent unit so genetically and spatially related samples remain in one validation group.,Medium,65,REF0162; REF0163; REF0164,RCB0064,REF0162; REF0163; REF0164
R2245,GS16-B,143–146 Ma,S,GG0118,Dongyuan–Jiangjia,REF0162,REF0162,GG0118,Dongyuan–Jiangjia,Anhui,Dongyuan; Jiangjia,Composite or parent geological unit,Related subunits are consolidated under the named Dongyuan–Jiangjia parent unit so genetically and spatially related samples remain in one validation group.,Medium,65,REF0162; REF0163; REF0164,RCB0064,REF0162; REF0163; REF0164
R2246,GS17-B,143–146 Ma,S,GG0118,Dongyuan–Jiangjia,REF0162,REF0162,GG0118,Dongyuan–Jiangjia,Anhui,Dongyuan; Jiangjia,Composite or parent geological unit,Related subunits are consolidated under the named Dongyuan–Jiangjia parent unit so genetically and spatially related samples remain in one validation group.,Medium,65,REF0162; REF0163; REF0164,RCB0064,REF0162; REF0163; REF0164
R2247,GS19-B,143–146 Ma,S,GG0118,Dongyuan–Jiangjia,REF0162,REF0162,GG0118,Dongyuan–Jiangjia,Anhui,Dongyuan; Jiangjia,Composite or parent geological unit,Related subunits are consolidated under the named Dongyuan–Jiangjia parent unit so genetically and spatially related samples remain in one validation group.,Medium,65,REF0162; REF0163; REF0164,RCB0064,REF0162; REF0163; REF0164
R2248,GS24-B,143–146 Ma,S,GG0118,Dongyuan–Jiangjia,REF0162,REF0162,GG0118,Dongyuan–Jiangjia,Anhui,Dongyuan; Jiangjia,Composite or parent geological unit,Related subunits are consolidated under the named Dongyuan–Jiangjia parent unit so genetically and spatially related samples remain in one validation group.,Medium,65,REF0162; REF0163; REF0164,RCB0064,REF0162; REF0163; REF0164
R2249,GS25-B,143–146 Ma,S,GG0118,Dongyuan–Jiangjia,REF0162,REF0162,GG0118,Dongyuan–Jiangjia,Anhui,Dongyuan; Jiangjia,Composite or parent geological unit,Related subunits are consolidated under the named Dongyuan–Jiangjia parent unit so genetically and spatially related samples remain in one validation group.,Medium,65,REF0162; REF0163; REF0164,RCB0064,REF0162; REF0163; REF0164
R2250,GS26-B,143–146 Ma,S,GG0118,Dongyuan–Jiangjia,REF0162,REF0162,GG0118,Dongyuan–Jiangjia,Anhui,Dongyuan; Jiangjia,Composite or parent geological unit,Related subunits are consolidated under the named Dongyuan–Jiangjia parent unit so genetically and spatially related samples remain in one validation group.,Medium,65,REF0162; REF0163; REF0164,RCB0064,REF0162; REF0163; REF0164
R2251,GS27-B,143–146 Ma,S,GG0118,Dongyuan–Jiangjia,REF0162,REF0162,GG0118,Dongyuan–Jiangjia,Anhui,Dongyuan; Jiangjia,Composite or parent geological unit,Related subunits are consolidated under the named Dongyuan–Jiangjia parent unit so genetically and spatially related samples remain in one validation group.,Medium,65,REF0162; REF0163; REF0164,RCB0064,REF0162; REF0163; REF0164
R2252,GS28-B,143–146 Ma,S,GG0118,Dongyuan–Jiangjia,REF0162,REF0162,GG0118,Dongyuan–Jiangjia,Anhui,Dongyuan; Jiangjia,Composite or parent geological unit,Related subunits are consolidated under the named Dongyuan–Jiangjia parent unit so genetically and spatially related samples remain in one validation group.,Medium,65,REF0162; REF0163; REF0164,RCB0064,REF0162; REF0163; REF0164
R2253,GS29-B,143–146 Ma,S,GG0118,Dongyuan–Jiangjia,REF0162,REF0162,GG0118,Dongyuan–Jiangjia,Anhui,Dongyuan; Jiangjia,Composite or parent geological unit,Related subunits are consolidated under the named Dongyuan–Jiangjia parent unit so genetically and spatially related samples remain in one validation group.,Medium,65,REF0162; REF0163; REF0164,RCB0064,REF0162; REF0163; REF0164
R2254,15DY-Y1,143–146 Ma,S,GG0118,Dongyuan–Jiangjia,REF0163,REF0163,GG0118,Dongyuan–Jiangjia,Anhui,Dongyuan; Jiangjia,Composite or parent geological unit,Related subunits are consolidated under the named Dongyuan–Jiangjia parent unit so genetically and spatially related samples remain in one validation group.,Medium,65,REF0162; REF0163; REF0164,RCB0064,REF0162; REF0163; REF0164
R2255,15DY-Y2,143–146 Ma,S,GG0118,Dongyuan–Jiangjia,REF0163,REF0163,GG0118,Dongyuan–Jiangjia,Anhui,Dongyuan; Jiangjia,Composite or parent geological unit,Related subunits are consolidated under the named Dongyuan–Jiangjia parent unit so genetically and spatially related samples remain in one validation group.,Medium,65,REF0162; REF0163; REF0164,RCB0064,REF0162; REF0163; REF0164
R2256,15DY-Y6,143–146 Ma,S,GG0118,Dongyuan–Jiangjia,REF0163,REF0163,GG0118,Dongyuan–Jiangjia,Anhui,Dongyuan; Jiangjia,Composite or parent geological unit,Related subunits are consolidated under the named Dongyuan–Jiangjia parent unit so genetically and spatially related samples remain in one validation group.,Medium,65,REF0162; REF0163; REF0164,RCB0064,REF0162; REF0163; REF0164
R2257,15DY-Y9,143–146 Ma,S,GG0118,Dongyuan–Jiangjia,REF0163,REF0163,GG0118,Dongyuan–Jiangjia,Anhui,Dongyuan; Jiangjia,Composite or parent geological unit,Related subunits are consolidated under the named Dongyuan–Jiangjia parent unit so genetically and spatially related samples remain in one validation group.,Medium,65,REF0162; REF0163; REF0164,RCB0064,REF0162; REF0163; REF0164
R2258,15DY-Y8,143–146 Ma,S,GG0118,Dongyuan–Jiangjia,REF0163,REF0163,GG0118,Dongyuan–Jiangjia,Anhui,Dongyuan; Jiangjia,Composite or parent geological unit,Related subunits are consolidated under the named Dongyuan–Jiangjia parent unit so genetically and spatially related samples remain in one validation group.,Medium,65,REF0162; REF0163; REF0164,RCB0064,REF0162; REF0163; REF0164
R2259,15DY-Y7,143–146 Ma,S,GG0118,Dongyuan–Jiangjia,REF0163,REF0163,GG0118,Dongyuan–Jiangjia,Anhui,Dongyuan; Jiangjia,Composite or parent geological unit,Related subunits are consolidated under the named Dongyuan–Jiangjia parent unit so genetically and spatially related samples remain in one validation group.,Medium,65,REF0162; REF0163; REF0164,RCB0064,REF0162; REF0163; REF0164
R2260,15DY-Y10,143–146 Ma,S,GG0118,Dongyuan–Jiangjia,REF0163,REF0163,GG0118,Dongyuan–Jiangjia,Anhui,Dongyuan; Jiangjia,Composite or parent geological unit,Related subunits are consolidated under the named Dongyuan–Jiangjia parent unit so genetically and spatially related samples remain in one validation group.,Medium,65,REF0162; REF0163; REF0164,RCB0064,REF0162; REF0163; REF0164
R2261,15DY-Y11,143–146 Ma,S,GG0118,Dongyuan–Jiangjia,REF0163,REF0163,GG0118,Dongyuan–Jiangjia,Anhui,Dongyuan; Jiangjia,Composite or parent geological unit,Related subunits are consolidated under the named Dongyuan–Jiangjia parent unit so genetically and spatially related samples remain in one validation group.,Medium,65,REF0162; REF0163; REF0164,RCB0064,REF0162; REF0163; REF0164
R2262,15JJ-Y1,143–146 Ma,S,GG0118,Dongyuan–Jiangjia,REF0163,REF0163,GG0118,Dongyuan–Jiangjia,Anhui,Dongyuan; Jiangjia,Composite or parent geological unit,Related subunits are consolidated under the named Dongyuan–Jiangjia parent unit so genetically and spatially related samples remain in one validation group.,Medium,65,REF0162; REF0163; REF0164,RCB0064,REF0162; REF0163; REF0164
R2263,15JJ-Y2,143–146 Ma,S,GG0118,Dongyuan–Jiangjia,REF0163,REF0163,GG0118,Dongyuan–Jiangjia,Anhui,Dongyuan; Jiangjia,Composite or parent geological unit,Related subunits are consolidated under the named Dongyuan–Jiangjia parent unit so genetically and spatially related samples remain in one validation group.,Medium,65,REF0162; REF0163; REF0164,RCB0064,REF0162; REF0163; REF0164
R2264,15JJ-Y3,143–146 Ma,S,GG0118,Dongyuan–Jiangjia,REF0163,REF0163,GG0118,Dongyuan–Jiangjia,Anhui,Dongyuan; Jiangjia,Composite or parent geological unit,Related subunits are consolidated under the named Dongyuan–Jiangjia parent unit so genetically and spatially related samples remain in one validation group.,Medium,65,REF0162; REF0163; REF0164,RCB0064,REF0162; REF0163; REF0164
R2265,15JJ-Y4,143–146 Ma,S,GG0118,Dongyuan–Jiangjia,REF0163,REF0163,GG0118,Dongyuan–Jiangjia,Anhui,Dongyuan; Jiangjia,Composite or parent geological unit,Related subunits are consolidated under the named Dongyuan–Jiangjia parent unit so genetically and spatially related samples remain in one validation group.,Medium,65,REF0162; REF0163; REF0164,RCB0064,REF0162; REF0163; REF0164
R2266,15JJ-Y5,143–146 Ma,S,GG0118,Dongyuan–Jiangjia,REF0163,REF0163,GG0118,Dongyuan–Jiangjia,Anhui,Dongyuan; Jiangjia,Composite or parent geological unit,Related subunits are consolidated under the named Dongyuan–Jiangjia parent unit so genetically and spatially related samples remain in one validation group.,Medium,65,REF0162; REF0163; REF0164,RCB0064,REF0162; REF0163; REF0164
R2267,15JJ-Y6,143–146 Ma,S,GG0118,Dongyuan–Jiangjia,REF0163,REF0163,GG0118,Dongyuan–Jiangjia,Anhui,Dongyuan; Jiangjia,Composite or parent geological unit,Related subunits are consolidated under the named Dongyuan–Jiangjia parent unit so genetically and spatially related samples remain in one validation group.,Medium,65,REF0162; REF0163; REF0164,RCB0064,REF0162; REF0163; REF0164
R2268,15JJ-Y7,143–146 Ma,S,GG0118,Dongyuan–Jiangjia,REF0163,REF0163,GG0118,Dongyuan–Jiangjia,Anhui,Dongyuan; Jiangjia,Composite or parent geological unit,Related subunits are consolidated under the named Dongyuan–Jiangjia parent unit so genetically and spatially related samples remain in one validation group.,Medium,65,REF0162; REF0163; REF0164,RCB0064,REF0162; REF0163; REF0164
R2269,WDL-B2,143–146 Ma,S,GG0118,Dongyuan–Jiangjia,REF0164,REF0164,GG0118,Dongyuan–Jiangjia,Anhui,Dongyuan; Jiangjia,Composite or parent geological unit,Related subunits are consolidated under the named Dongyuan–Jiangjia parent unit so genetically and spatially related samples remain in one validation group.,Medium,65,REF0162; REF0163; REF0164,RCB0064,REF0162; REF0163; REF0164
R2270,WDL-B4,143–146 Ma,S,GG0118,Dongyuan–Jiangjia,REF0164,REF0164,GG0118,Dongyuan–Jiangjia,Anhui,Dongyuan; Jiangjia,Composite or parent geological unit,Related subunits are consolidated under the named Dongyuan–Jiangjia parent unit so genetically and spatially related samples remain in one validation group.,Medium,65,REF0162; REF0163; REF0164,RCB0064,REF0162; REF0163; REF0164
R2271,WDL-B5,143–146 Ma,S,GG0118,Dongyuan–Jiangjia,REF0164,REF0164,GG0118,Dongyuan–Jiangjia,Anhui,Dongyuan; Jiangjia,Composite or parent geological unit,Related subunits are consolidated under the named Dongyuan–Jiangjia parent unit so genetically and spatially related samples remain in one validation group.,Medium,65,REF0162; REF0163; REF0164,RCB0064,REF0162; REF0163; REF0164
R2272,JC-B1,143–146 Ma,S,GG0118,Dongyuan–Jiangjia,REF0164,REF0164,GG0118,Dongyuan–Jiangjia,Anhui,Dongyuan; Jiangjia,Composite or parent geological unit,Related subunits are consolidated under the named Dongyuan–Jiangjia parent unit so genetically and spatially related samples remain in one validation group.,Medium,65,REF0162; REF0163; REF0164,RCB0064,REF0162; REF0163; REF0164
R2273,JC-B2,143–146 Ma,S,GG0118,Dongyuan–Jiangjia,REF0164,REF0164,GG0118,Dongyuan–Jiangjia,Anhui,Dongyuan; Jiangjia,Composite or parent geological unit,Related subunits are consolidated under the named Dongyuan–Jiangjia parent unit so genetically and spatially related samples remain in one validation group.,Medium,65,REF0162; REF0163; REF0164,RCB0064,REF0162; REF0163; REF0164
R2274,JC-B4,143–146 Ma,S,GG0118,Dongyuan–Jiangjia,REF0164,REF0164,GG0118,Dongyuan–Jiangjia,Anhui,Dongyuan; Jiangjia,Composite or parent geological unit,Related subunits are consolidated under the named Dongyuan–Jiangjia parent unit so genetically and spatially related samples remain in one validation group.,Medium,65,REF0162; REF0163; REF0164,RCB0064,REF0162; REF0163; REF0164
R2275,JC-B9,143–146 Ma,S,GG0118,Dongyuan–Jiangjia,REF0164,REF0164,GG0118,Dongyuan–Jiangjia,Anhui,Dongyuan; Jiangjia,Composite or parent geological unit,Related subunits are consolidated under the named Dongyuan–Jiangjia parent unit so genetically and spatially related samples remain in one validation group.,Medium,65,REF0162; REF0163; REF0164,RCB0064,REF0162; REF0163; REF0164
R2276,JC-B11-1,143–146 Ma,S,GG0118,Dongyuan–Jiangjia,REF0164,REF0164,GG0118,Dongyuan–Jiangjia,Anhui,Dongyuan; Jiangjia,Composite or parent geological unit,Related subunits are consolidated under the named Dongyuan–Jiangjia parent unit so genetically and spatially related samples remain in one validation group.,Medium,65,REF0162; REF0163; REF0164,RCB0064,REF0162; REF0163; REF0164
R2277,JC-B13,143–146 Ma,S,GG0118,Dongyuan–Jiangjia,REF0164,REF0164,GG0118,Dongyuan–Jiangjia,Anhui,Dongyuan; Jiangjia,Composite or parent geological unit,Related subunits are consolidated under the named Dongyuan–Jiangjia parent unit so genetically and spatially related samples remain in one validation group.,Medium,65,REF0162; REF0163; REF0164,RCB0064,REF0162; REF0163; REF0164
R2278,JC-B14-0,143–146 Ma,S,GG0118,Dongyuan–Jiangjia,REF0164,REF0164,GG0118,Dongyuan–Jiangjia,Anhui,Dongyuan; Jiangjia,Composite or parent geological unit,Related subunits are consolidated under the named Dongyuan–Jiangjia parent unit so genetically and spatially related samples remain in one validation group.,Medium,65,REF0162; REF0163; REF0164,RCB0064,REF0162; REF0163; REF0164
R2279,JC-B14-1,143–146 Ma,S,GG0118,Dongyuan–Jiangjia,REF0164,REF0164,GG0118,Dongyuan–Jiangjia,Anhui,Dongyuan; Jiangjia,Composite or parent geological unit,Related subunits are consolidated under the named Dongyuan–Jiangjia parent unit so genetically and spatially related samples remain in one validation group.,Medium,65,REF0162; REF0163; REF0164,RCB0064,REF0162; REF0163; REF0164
R2280,JC-B14-2,143–146 Ma,S,GG0118,Dongyuan–Jiangjia,REF0164,REF0164,GG0118,Dongyuan–Jiangjia,Anhui,Dongyuan; Jiangjia,Composite or parent geological unit,Related subunits are consolidated under the named Dongyuan–Jiangjia parent unit so genetically and spatially related samples remain in one validation group.,Medium,65,REF0162; REF0163; REF0164,RCB0064,REF0162; REF0163; REF0164
R2281,JC-B14-3,143–146 Ma,S,GG0118,Dongyuan–Jiangjia,REF0164,REF0164,GG0118,Dongyuan–Jiangjia,Anhui,Dongyuan; Jiangjia,Composite or parent geological unit,Related subunits are consolidated under the named Dongyuan–Jiangjia parent unit so genetically and spatially related samples remain in one validation group.,Medium,65,REF0162; REF0163; REF0164,RCB0064,REF0162; REF0163; REF0164
R2282,JC-B14-4,143–146 Ma,S,GG0118,Dongyuan–Jiangjia,REF0164,REF0164,GG0118,Dongyuan–Jiangjia,Anhui,Dongyuan; Jiangjia,Composite or parent geological unit,Related subunits are consolidated under the named Dongyuan–Jiangjia parent unit so genetically and spatially related samples remain in one validation group.,Medium,65,REF0162; REF0163; REF0164,RCB0064,REF0162; REF0163; REF0164
R2283,JC-B15,143–146 Ma,S,GG0118,Dongyuan–Jiangjia,REF0164,REF0164,GG0118,Dongyuan–Jiangjia,Anhui,Dongyuan; Jiangjia,Composite or parent geological unit,Related subunits are consolidated under the named Dongyuan–Jiangjia parent unit so genetically and spatially related samples remain in one validation group.,Medium,65,REF0162; REF0163; REF0164,RCB0064,REF0162; REF0163; REF0164
R2284,JC-B16,143–146 Ma,S,GG0118,Dongyuan–Jiangjia,REF0164,REF0164,GG0118,Dongyuan–Jiangjia,Anhui,Dongyuan; Jiangjia,Composite or parent geological unit,Related subunits are consolidated under the named Dongyuan–Jiangjia parent unit so genetically and spatially related samples remain in one validation group.,Medium,65,REF0162; REF0163; REF0164,RCB0064,REF0162; REF0163; REF0164
R2285,JJK001-B1,143–146 Ma,S,GG0118,Dongyuan–Jiangjia,REF0164,REF0164,GG0118,Dongyuan–Jiangjia,Anhui,Dongyuan; Jiangjia,Composite or parent geological unit,Related subunits are consolidated under the named Dongyuan–Jiangjia parent unit so genetically and spatially related samples remain in one validation group.,Medium,65,REF0162; REF0163; REF0164,RCB0064,REF0162; REF0163; REF0164
R2286,JJK001-B2,143–146 Ma,S,GG0118,Dongyuan–Jiangjia,REF0164,REF0164,GG0118,Dongyuan–Jiangjia,Anhui,Dongyuan; Jiangjia,Composite or parent geological unit,Related subunits are consolidated under the named Dongyuan–Jiangjia parent unit so genetically and spatially related samples remain in one validation group.,Medium,65,REF0162; REF0163; REF0164,RCB0064,REF0162; REF0163; REF0164
R2287,JJK001-B3,143–146 Ma,S,GG0118,Dongyuan–Jiangjia,REF0164,REF0164,GG0118,Dongyuan–Jiangjia,Anhui,Dongyuan; Jiangjia,Composite or parent geological unit,Related subunits are consolidated under the named Dongyuan–Jiangjia parent unit so genetically and spatially related samples remain in one validation group.,Medium,65,REF0162; REF0163; REF0164,RCB0064,REF0162; REF0163; REF0164
R2288,JJK001-B4,143–146 Ma,S,GG0118,Dongyuan–Jiangjia,REF0164,REF0164,GG0118,Dongyuan–Jiangjia,Anhui,Dongyuan; Jiangjia,Composite or parent geological unit,Related subunits are consolidated under the named Dongyuan–Jiangjia parent unit so genetically and spatially related samples remain in one validation group.,Medium,65,REF0162; REF0163; REF0164,RCB0064,REF0162; REF0163; REF0164
R2289,JJK001-B5,143–146 Ma,S,GG0118,Dongyuan–Jiangjia,REF0164,REF0164,GG0118,Dongyuan–Jiangjia,Anhui,Dongyuan; Jiangjia,Composite or parent geological unit,Related subunits are consolidated under the named Dongyuan–Jiangjia parent unit so genetically and spatially related samples remain in one validation group.,Medium,65,REF0162; REF0163; REF0164,RCB0064,REF0162; REF0163; REF0164
R2290,JJK001-B6,143–146 Ma,S,GG0118,Dongyuan–Jiangjia,REF0164,REF0164,GG0118,Dongyuan–Jiangjia,Anhui,Dongyuan; Jiangjia,Composite or parent geological unit,Related subunits are consolidated under the named Dongyuan–Jiangjia parent unit so genetically and spatially related samples remain in one validation group.,Medium,65,REF0162; REF0163; REF0164,RCB0064,REF0162; REF0163; REF0164
R2291,JJK001-B7,143–146 Ma,S,GG0118,Dongyuan–Jiangjia,REF0164,REF0164,GG0118,Dongyuan–Jiangjia,Anhui,Dongyuan; Jiangjia,Composite or parent geological unit,Related subunits are consolidated under the named Dongyuan–Jiangjia parent unit so genetically and spatially related samples remain in one validation group.,Medium,65,REF0162; REF0163; REF0164,RCB0064,REF0162; REF0163; REF0164
R2292,JJK-1401-B1,143–146 Ma,S,GG0118,Dongyuan–Jiangjia,REF0164,REF0164,GG0118,Dongyuan–Jiangjia,Anhui,Dongyuan; Jiangjia,Composite or parent geological unit,Related subunits are consolidated under the named Dongyuan–Jiangjia parent unit so genetically and spatially related samples remain in one validation group.,Medium,65,REF0162; REF0163; REF0164,RCB0064,REF0162; REF0163; REF0164
R2293,JJK-1401-B2,143–146 Ma,S,GG0118,Dongyuan–Jiangjia,REF0164,REF0164,GG0118,Dongyuan–Jiangjia,Anhui,Dongyuan; Jiangjia,Composite or parent geological unit,Related subunits are consolidated under the named Dongyuan–Jiangjia parent unit so genetically and spatially related samples remain in one validation group.,Medium,65,REF0162; REF0163; REF0164,RCB0064,REF0162; REF0163; REF0164
R2294,JJK-1401-B5,143–146 Ma,S,GG0118,Dongyuan–Jiangjia,REF0164,REF0164,GG0118,Dongyuan–Jiangjia,Anhui,Dongyuan; Jiangjia,Composite or parent geological unit,Related subunits are consolidated under the named Dongyuan–Jiangjia parent unit so genetically and spatially related samples remain in one validation group.,Medium,65,REF0162; REF0163; REF0164,RCB0064,REF0162; REF0163; REF0164
R2295,JJK-1401-B6,143–146 Ma,S,GG0118,Dongyuan–Jiangjia,REF0164,REF0164,GG0118,Dongyuan–Jiangjia,Anhui,Dongyuan; Jiangjia,Composite or parent geological unit,Related subunits are consolidated under the named Dongyuan–Jiangjia parent unit so genetically and spatially related samples remain in one validation group.,Medium,65,REF0162; REF0163; REF0164,RCB0064,REF0162; REF0163; REF0164
R2296,JJK-1401-B7,143–146 Ma,S,GG0118,Dongyuan–Jiangjia,REF0164,REF0164,GG0118,Dongyuan–Jiangjia,Anhui,Dongyuan; Jiangjia,Composite or parent geological unit,Related subunits are consolidated under the named Dongyuan–Jiangjia parent unit so genetically and spatially related samples remain in one validation group.,Medium,65,REF0162; REF0163; REF0164,RCB0064,REF0162; REF0163; REF0164
R2297,JJK-1401-B8,143–146 Ma,S,GG0118,Dongyuan–Jiangjia,REF0164,REF0164,GG0118,Dongyuan–Jiangjia,Anhui,Dongyuan; Jiangjia,Composite or parent geological unit,Related subunits are consolidated under the named Dongyuan–Jiangjia parent unit so genetically and spatially related samples remain in one validation group.,Medium,65,REF0162; REF0163; REF0164,RCB0064,REF0162; REF0163; REF0164
R2298,JJK-1401-B9,143–146 Ma,S,GG0118,Dongyuan–Jiangjia,REF0164,REF0164,GG0118,Dongyuan–Jiangjia,Anhui,Dongyuan; Jiangjia,Composite or parent geological unit,Related subunits are consolidated under the named Dongyuan–Jiangjia parent unit so genetically and spatially related samples remain in one validation group.,Medium,65,REF0162; REF0163; REF0164,RCB0064,REF0162; REF0163; REF0164
R2299,JJK-1401-B10,143–146 Ma,S,GG0118,Dongyuan–Jiangjia,REF0164,REF0164,GG0118,Dongyuan–Jiangjia,Anhui,Dongyuan; Jiangjia,Composite or parent geological unit,Related subunits are consolidated under the named Dongyuan–Jiangjia parent unit so genetically and spatially related samples remain in one validation group.,Medium,65,REF0162; REF0163; REF0164,RCB0064,REF0162; REF0163; REF0164
R2300,JJK-1401-B11,143–146 Ma,S,GG0118,Dongyuan–Jiangjia,REF0164,REF0164,GG0118,Dongyuan–Jiangjia,Anhui,Dongyuan; Jiangjia,Composite or parent geological unit,Related subunits are consolidated under the named Dongyuan–Jiangjia parent unit so genetically and spatially related samples remain in one validation group.,Medium,65,REF0162; REF0163; REF0164,RCB0064,REF0162; REF0163; REF0164
R2301,09jj02,143–146 Ma,S,GG0118,Dongyuan–Jiangjia,REF0164,REF0164,GG0118,Dongyuan–Jiangjia,Anhui,Dongyuan; Jiangjia,Composite or parent geological unit,Related subunits are consolidated under the named Dongyuan–Jiangjia parent unit so genetically and spatially related samples remain in one validation group.,Medium,65,REF0162; REF0163; REF0164,RCB0064,REF0162; REF0163; REF0164
R2302,09jj04,143–146 Ma,S,GG0118,Dongyuan–Jiangjia,REF0164,REF0164,GG0118,Dongyuan–Jiangjia,Anhui,Dongyuan; Jiangjia,Composite or parent geological unit,Related subunits are consolidated under the named Dongyuan–Jiangjia parent unit so genetically and spatially related samples remain in one validation group.,Medium,65,REF0162; REF0163; REF0164,RCB0064,REF0162; REF0163; REF0164
R2303,09jj06,143–146 Ma,S,GG0118,Dongyuan–Jiangjia,REF0164,REF0164,GG0118,Dongyuan–Jiangjia,Anhui,Dongyuan; Jiangjia,Composite or parent geological unit,Related subunits are consolidated under the named Dongyuan–Jiangjia parent unit so genetically and spatially related samples remain in one validation group.,Medium,65,REF0162; REF0163; REF0164,RCB0064,REF0162; REF0163; REF0164
R2304,09fc01,143–146 Ma,S,GG0118,Dongyuan–Jiangjia,REF0164,REF0164,GG0118,Dongyuan–Jiangjia,Anhui,Dongyuan; Jiangjia,Composite or parent geological unit,Related subunits are consolidated under the named Dongyuan–Jiangjia parent unit so genetically and spatially related samples remain in one validation group.,Medium,65,REF0162; REF0163; REF0164,RCB0064,REF0162; REF0163; REF0164
R2305,12ZXL-02,138–142 Ma,S,GG0040,Zhuxiling,REF0165,REF0165,GG0040,Zhuxiling,Anhui,,Named pluton or intrusive unit,The linked references explicitly identify the Zhuxiling; all associated records are assigned to that named geological unit.,High,33,REF0165; REF0166; REF0167; REF0168,RCB0032,REF0165; REF0166; REF0167; REF0168
R2306,12ZXL-03,138–142 Ma,S,GG0040,Zhuxiling,REF0165,REF0165,GG0040,Zhuxiling,Anhui,,Named pluton or intrusive unit,The linked references explicitly identify the Zhuxiling; all associated records are assigned to that named geological unit.,High,33,REF0165; REF0166; REF0167; REF0168,RCB0032,REF0165; REF0166; REF0167; REF0168
R2307,12ZXL-05,138–142 Ma,S,GG0040,Zhuxiling,REF0165,REF0165,GG0040,Zhuxiling,Anhui,,Named pluton or intrusive unit,The linked references explicitly identify the Zhuxiling; all associated records are assigned to that named geological unit.,High,33,REF0165; REF0166; REF0167; REF0168,RCB0032,REF0165; REF0166; REF0167; REF0168
R2308,12ZXL-06,138–142 Ma,S,GG0040,Zhuxiling,REF0165,REF0165,GG0040,Zhuxiling,Anhui,,Named pluton or intrusive unit,The linked references explicitly identify the Zhuxiling; all associated records are assigned to that named geological unit.,High,33,REF0165; REF0166; REF0167; REF0168,RCB0032,REF0165; REF0166; REF0167; REF0168
R2309,12ZXL-07,138–142 Ma,S,GG0040,Zhuxiling,REF0165,REF0165,GG0040,Zhuxiling,Anhui,,Named pluton or intrusive unit,The linked references explicitly identify the Zhuxiling; all associated records are assigned to that named geological unit.,High,33,REF0165; REF0166; REF0167; REF0168,RCB0032,REF0165; REF0166; REF0167; REF0168
R2310,12ZXL-08|,138–142 Ma,S,GG0040,Zhuxiling,REF0165,REF0165,GG0040,Zhuxiling,Anhui,,Named pluton or intrusive unit,The linked references explicitly identify the Zhuxiling; all associated records are assigned to that named geological unit.,High,33,REF0165; REF0166; REF0167; REF0168,RCB0032,REF0165; REF0166; REF0167; REF0168
R2311,12ZXL-09,138–142 Ma,S,GG0040,Zhuxiling,REF0165,REF0165,GG0040,Zhuxiling,Anhui,,Named pluton or intrusive unit,The linked references explicitly identify the Zhuxiling; all associated records are assigned to that named geological unit.,High,33,REF0165; REF0166; REF0167; REF0168,RCB0032,REF0165; REF0166; REF0167; REF0168
R2312,12ZXL-10,138–142 Ma,S,GG0040,Zhuxiling,REF0165,REF0165,GG0040,Zhuxiling,Anhui,,Named pluton or intrusive unit,The linked references explicitly identify the Zhuxiling; all associated records are assigned to that named geological unit.,High,33,REF0165; REF0166; REF0167; REF0168,RCB0032,REF0165; REF0166; REF0167; REF0168
R2313,12ZXL-11,138–142 Ma,S,GG0040,Zhuxiling,REF0165,REF0165,GG0040,Zhuxiling,Anhui,,Named pluton or intrusive unit,The linked references explicitly identify the Zhuxiling; all associated records are assigned to that named geological unit.,High,33,REF0165; REF0166; REF0167; REF0168,RCB0032,REF0165; REF0166; REF0167; REF0168
R2314,12ZXL-12,138–142 Ma,S,GG0040,Zhuxiling,REF0165,REF0165,GG0040,Zhuxiling,Anhui,,Named pluton or intrusive unit,The linked references explicitly identify the Zhuxiling; all associated records are assigned to that named geological unit.,High,33,REF0165; REF0166; REF0167; REF0168,RCB0032,REF0165; REF0166; REF0167; REF0168
R2315,12ZXL-13,138–142 Ma,S,GG0040,Zhuxiling,REF0165,REF0165,GG0040,Zhuxiling,Anhui,,Named pluton or intrusive unit,The linked references explicitly identify the Zhuxiling; all associated records are assigned to that named geological unit.,High,33,REF0165; REF0166; REF0167; REF0168,RCB0032,REF0165; REF0166; REF0167; REF0168
R2316,12ZXL-14,138–142 Ma,S,GG0040,Zhuxiling,REF0165,REF0165,GG0040,Zhuxiling,Anhui,,Named pluton or intrusive unit,The linked references explicitly identify the Zhuxiling; all associated records are assigned to that named geological unit.,High,33,REF0165; REF0166; REF0167; REF0168,RCB0032,REF0165; REF0166; REF0167; REF0168
R2317,12ZXL-15,138–142 Ma,S,GG0040,Zhuxiling,REF0165,REF0165,GG0040,Zhuxiling,Anhui,,Named pluton or intrusive unit,The linked references explicitly identify the Zhuxiling; all associated records are assigned to that named geological unit.,High,33,REF0165; REF0166; REF0167; REF0168,RCB0032,REF0165; REF0166; REF0167; REF0168
R2318,ZXL-1,138–142 Ma,S,GG0040,Zhuxiling,REF0166,REF0166,GG0040,Zhuxiling,Anhui,,Named pluton or intrusive unit,The linked references explicitly identify the Zhuxiling; all associated records are assigned to that named geological unit.,High,33,REF0165; REF0166; REF0167; REF0168,RCB0032,REF0165; REF0166; REF0167; REF0168
R2319,ZXL-2,138–142 Ma,S,GG0040,Zhuxiling,REF0166,REF0166,GG0040,Zhuxiling,Anhui,,Named pluton or intrusive unit,The linked references explicitly identify the Zhuxiling; all associated records are assigned to that named geological unit.,High,33,REF0165; REF0166; REF0167; REF0168,RCB0032,REF0165; REF0166; REF0167; REF0168
R2320,ZXL-3,138–142 Ma,S,GG0040,Zhuxiling,REF0166,REF0166,GG0040,Zhuxiling,Anhui,,Named pluton or intrusive unit,The linked references explicitly identify the Zhuxiling; all associated records are assigned to that named geological unit.,High,33,REF0165; REF0166; REF0167; REF0168,RCB0032,REF0165; REF0166; REF0167; REF0168
R2321,ZXL-4,138–142 Ma,S,GG0040,Zhuxiling,REF0166,REF0166,GG0040,Zhuxiling,Anhui,,Named pluton or intrusive unit,The linked references explicitly identify the Zhuxiling; all associated records are assigned to that named geological unit.,High,33,REF0165; REF0166; REF0167; REF0168,RCB0032,REF0165; REF0166; REF0167; REF0168
R2322,ZXL-5,138–142 Ma,S,GG0040,Zhuxiling,REF0166,REF0166,GG0040,Zhuxiling,Anhui,,Named pluton or intrusive unit,The linked references explicitly identify the Zhuxiling; all associated records are assigned to that named geological unit.,High,33,REF0165; REF0166; REF0167; REF0168,RCB0032,REF0165; REF0166; REF0167; REF0168
R2323,ZXL704-5,138–142 Ma,S,GG0040,Zhuxiling,REF0167,REF0167,GG0040,Zhuxiling,Anhui,,Named pluton or intrusive unit,The linked references explicitly identify the Zhuxiling; all associated records are assigned to that named geological unit.,High,33,REF0165; REF0166; REF0167; REF0168,RCB0032,REF0165; REF0166; REF0167; REF0168
R2324,ZXL804-154,138–142 Ma,S,GG0040,Zhuxiling,REF0167,REF0167,GG0040,Zhuxiling,Anhui,,Named pluton or intrusive unit,The linked references explicitly identify the Zhuxiling; all associated records are assigned to that named geological unit.,High,33,REF0165; REF0166; REF0167; REF0168,RCB0032,REF0165; REF0166; REF0167; REF0168
R2325,ZXL804-157,138–142 Ma,S,GG0040,Zhuxiling,REF0167,REF0167,GG0040,Zhuxiling,Anhui,,Named pluton or intrusive unit,The linked references explicitly identify the Zhuxiling; all associated records are assigned to that named geological unit.,High,33,REF0165; REF0166; REF0167; REF0168,RCB0032,REF0165; REF0166; REF0167; REF0168
R2326,ZXL804-163,138–142 Ma,S,GG0040,Zhuxiling,REF0167,REF0167,GG0040,Zhuxiling,Anhui,,Named pluton or intrusive unit,The linked references explicitly identify the Zhuxiling; all associated records are assigned to that named geological unit.,High,33,REF0165; REF0166; REF0167; REF0168,RCB0032,REF0165; REF0166; REF0167; REF0168
R2327,ZXL804-164,138–142 Ma,S,GG0040,Zhuxiling,REF0167,REF0167,GG0040,Zhuxiling,Anhui,,Named pluton or intrusive unit,The linked references explicitly identify the Zhuxiling; all associated records are assigned to that named geological unit.,High,33,REF0165; REF0166; REF0167; REF0168,RCB0032,REF0165; REF0166; REF0167; REF0168
R2328,ZXL804-169,138–142 Ma,S,GG0040,Zhuxiling,REF0167,REF0167,GG0040,Zhuxiling,Anhui,,Named pluton or intrusive unit,The linked references explicitly identify the Zhuxiling; all associated records are assigned to that named geological unit.,High,33,REF0165; REF0166; REF0167; REF0168,RCB0032,REF0165; REF0166; REF0167; REF0168
R2329,S310-G1,138–142 Ma,S,GG0040,Zhuxiling,REF0168,REF0168,GG0040,Zhuxiling,Anhui,,Named pluton or intrusive unit,The linked references explicitly identify the Zhuxiling; all associated records are assigned to that named geological unit.,High,33,REF0165; REF0166; REF0167; REF0168,RCB0032,REF0165; REF0166; REF0167; REF0168
R2330,S310-G3,138–142 Ma,S,GG0040,Zhuxiling,REF0168,REF0168,GG0040,Zhuxiling,Anhui,,Named pluton or intrusive unit,The linked references explicitly identify the Zhuxiling; all associated records are assigned to that named geological unit.,High,33,REF0165; REF0166; REF0167; REF0168,RCB0032,REF0165; REF0166; REF0167; REF0168
R2331,S310-G4,138–142 Ma,S,GG0040,Zhuxiling,REF0168,REF0168,GG0040,Zhuxiling,Anhui,,Named pluton or intrusive unit,The linked references explicitly identify the Zhuxiling; all associated records are assigned to that named geological unit.,High,33,REF0165; REF0166; REF0167; REF0168,RCB0032,REF0165; REF0166; REF0167; REF0168
R2332,ZXL-G1,138–142 Ma,S,GG0040,Zhuxiling,REF0168,REF0168,GG0040,Zhuxiling,Anhui,,Named pluton or intrusive unit,The linked references explicitly identify the Zhuxiling; all associated records are assigned to that named geological unit.,High,33,REF0165; REF0166; REF0167; REF0168,RCB0032,REF0165; REF0166; REF0167; REF0168
R2333,ZXL-G2,138–142 Ma,S,GG0040,Zhuxiling,REF0168,REF0168,GG0040,Zhuxiling,Anhui,,Named pluton or intrusive unit,The linked references explicitly identify the Zhuxiling; all associated records are assigned to that named geological unit.,High,33,REF0165; REF0166; REF0167; REF0168,RCB0032,REF0165; REF0166; REF0167; REF0168
R2334,ZXL-G3,138–142 Ma,S,GG0040,Zhuxiling,REF0168,REF0168,GG0040,Zhuxiling,Anhui,,Named pluton or intrusive unit,The linked references explicitly identify the Zhuxiling; all associated records are assigned to that named geological unit.,High,33,REF0165; REF0166; REF0167; REF0168,RCB0032,REF0165; REF0166; REF0167; REF0168
R2335,ZXL-G4,138–142 Ma,S,GG0040,Zhuxiling,REF0168,REF0168,GG0040,Zhuxiling,Anhui,,Named pluton or intrusive unit,The linked references explicitly identify the Zhuxiling; all associated records are assigned to that named geological unit.,High,33,REF0165; REF0166; REF0167; REF0168,RCB0032,REF0165; REF0166; REF0167; REF0168
R2336,ZXL-G6,138–142 Ma,S,GG0040,Zhuxiling,REF0168,REF0168,GG0040,Zhuxiling,Anhui,,Named pluton or intrusive unit,The linked references explicitly identify the Zhuxiling; all associated records are assigned to that named geological unit.,High,33,REF0165; REF0166; REF0167; REF0168,RCB0032,REF0165; REF0166; REF0167; REF0168
R2337,ZXL-G7,138–142 Ma,S,GG0040,Zhuxiling,REF0168,REF0168,GG0040,Zhuxiling,Anhui,,Named pluton or intrusive unit,The linked references explicitly identify the Zhuxiling; all associated records are assigned to that named geological unit.,High,33,REF0165; REF0166; REF0167; REF0168,RCB0032,REF0165; REF0166; REF0167; REF0168
R2338,ZKB502-357,160–165 Ma,I,GG0004,Dabaoshan (Guangdong),REF0169,REF0169,GG0004,Dabaoshan (Guangdong),Guangdong,Dabaoshan,Named pluton or intrusive unit,The linked references explicitly identify the Dabaoshan (Guangdong); all associated records are assigned to that named geological unit.,High,67,REF0169; REF0170; REF0171; REF0172; REF0173,RCB0004,REF0169; REF0170; REF0171; REF0172; REF0173
R2339,ZKB502-142,160–165 Ma,I,GG0004,Dabaoshan (Guangdong),REF0169,REF0169,GG0004,Dabaoshan (Guangdong),Guangdong,Dabaoshan,Named pluton or intrusive unit,The linked references explicitly identify the Dabaoshan (Guangdong); all associated records are assigned to that named geological unit.,High,67,REF0169; REF0170; REF0171; REF0172; REF0173,RCB0004,REF0169; REF0170; REF0171; REF0172; REF0173
R2340,ZKB701-148,160–165 Ma,I,GG0004,Dabaoshan (Guangdong),REF0169,REF0169,GG0004,Dabaoshan (Guangdong),Guangdong,Dabaoshan,Named pluton or intrusive unit,The linked references explicitly identify the Dabaoshan (Guangdong); all associated records are assigned to that named geological unit.,High,67,REF0169; REF0170; REF0171; REF0172; REF0173,RCB0004,REF0169; REF0170; REF0171; REF0172; REF0173
R2341,ZKB1101-203,160–165 Ma,I,GG0004,Dabaoshan (Guangdong),REF0169,REF0169,GG0004,Dabaoshan (Guangdong),Guangdong,Dabaoshan,Named pluton or intrusive unit,The linked references explicitly identify the Dabaoshan (Guangdong); all associated records are assigned to that named geological unit.,High,67,REF0169; REF0170; REF0171; REF0172; REF0173,RCB0004,REF0169; REF0170; REF0171; REF0172; REF0173
R2342,ZKB1101-244,160–165 Ma,I,GG0004,Dabaoshan (Guangdong),REF0169,REF0169,GG0004,Dabaoshan (Guangdong),Guangdong,Dabaoshan,Named pluton or intrusive unit,The linked references explicitly identify the Dabaoshan (Guangdong); all associated records are assigned to that named geological unit.,High,67,REF0169; REF0170; REF0171; REF0172; REF0173,RCB0004,REF0169; REF0170; REF0171; REF0172; REF0173
R2343,ZKB701-201-1,160–165 Ma,I,GG0004,Dabaoshan (Guangdong),REF0169,REF0169,GG0004,Dabaoshan (Guangdong),Guangdong,Dabaoshan,Named pluton or intrusive unit,The linked references explicitly identify the Dabaoshan (Guangdong); all associated records are assigned to that named geological unit.,High,67,REF0169; REF0170; REF0171; REF0172; REF0173,RCB0004,REF0169; REF0170; REF0171; REF0172; REF0173
R2344,ZKB701-201-2,160–165 Ma,I,GG0004,Dabaoshan (Guangdong),REF0169,REF0169,GG0004,Dabaoshan (Guangdong),Guangdong,Dabaoshan,Named pluton or intrusive unit,The linked references explicitly identify the Dabaoshan (Guangdong); all associated records are assigned to that named geological unit.,High,67,REF0169; REF0170; REF0171; REF0172; REF0173,RCB0004,REF0169; REF0170; REF0171; REF0172; REF0173
R2345,ZKB902-159,160–165 Ma,I,GG0004,Dabaoshan (Guangdong),REF0169,REF0169,GG0004,Dabaoshan (Guangdong),Guangdong,Dabaoshan,Named pluton or intrusive unit,The linked references explicitly identify the Dabaoshan (Guangdong); all associated records are assigned to that named geological unit.,High,67,REF0169; REF0170; REF0171; REF0172; REF0173,RCB0004,REF0169; REF0170; REF0171; REF0172; REF0173
R2346,ZKB902-211,160–165 Ma,I,GG0004,Dabaoshan (Guangdong),REF0169,REF0169,GG0004,Dabaoshan (Guangdong),Guangdong,Dabaoshan,Named pluton or intrusive unit,The linked references explicitly identify the Dabaoshan (Guangdong); all associated records are assigned to that named geological unit.,High,67,REF0169; REF0170; REF0171; REF0172; REF0173,RCB0004,REF0169; REF0170; REF0171; REF0172; REF0173
R2347,ZKB902-310,160–165 Ma,I,GG0004,Dabaoshan (Guangdong),REF0169,REF0169,GG0004,Dabaoshan (Guangdong),Guangdong,Dabaoshan,Named pluton or intrusive unit,The linked references explicitly identify the Dabaoshan (Guangdong); all associated records are assigned to that named geological unit.,High,67,REF0169; REF0170; REF0171; REF0172; REF0173,RCB0004,REF0169; REF0170; REF0171; REF0172; REF0173
R2348,ZKB302-188,160–165 Ma,I,GG0004,Dabaoshan (Guangdong),REF0169,REF0169,GG0004,Dabaoshan (Guangdong),Guangdong,Dabaoshan,Named pluton or intrusive unit,The linked references explicitly identify the Dabaoshan (Guangdong); all associated records are assigned to that named geological unit.,High,67,REF0169; REF0170; REF0171; REF0172; REF0173,RCB0004,REF0169; REF0170; REF0171; REF0172; REF0173
R2349,ZKB302-197,160–165 Ma,I,GG0004,Dabaoshan (Guangdong),REF0169,REF0169,GG0004,Dabaoshan (Guangdong),Guangdong,Dabaoshan,Named pluton or intrusive unit,The linked references explicitly identify the Dabaoshan (Guangdong); all associated records are assigned to that named geological unit.,High,67,REF0169; REF0170; REF0171; REF0172; REF0173,RCB0004,REF0169; REF0170; REF0171; REF0172; REF0173
R2350,ZKB502-120,160–165 Ma,I,GG0004,Dabaoshan (Guangdong),REF0169,REF0169,GG0004,Dabaoshan (Guangdong),Guangdong,Dabaoshan,Named pluton or intrusive unit,The linked references explicitly identify the Dabaoshan (Guangdong); all associated records are assigned to that named geological unit.,High,67,REF0169; REF0170; REF0171; REF0172; REF0173,RCB0004,REF0169; REF0170; REF0171; REF0172; REF0173
R2351,ZKB701-70,160–165 Ma,I,GG0004,Dabaoshan (Guangdong),REF0169,REF0169,GG0004,Dabaoshan (Guangdong),Guangdong,Dabaoshan,Named pluton or intrusive unit,The linked references explicitly identify the Dabaoshan (Guangdong); all associated records are assigned to that named geological unit.,High,67,REF0169; REF0170; REF0171; REF0172; REF0173,RCB0004,REF0169; REF0170; REF0171; REF0172; REF0173
R2352,ZKB902-86,160–165 Ma,I,GG0004,Dabaoshan (Guangdong),REF0169,REF0169,GG0004,Dabaoshan (Guangdong),Guangdong,Dabaoshan,Named pluton or intrusive unit,The linked references explicitly identify the Dabaoshan (Guangdong); all associated records are assigned to that named geological unit.,High,67,REF0169; REF0170; REF0171; REF0172; REF0173,RCB0004,REF0169; REF0170; REF0171; REF0172; REF0173
R2353,ZKB502-401,160–165 Ma,I,GG0004,Dabaoshan (Guangdong),REF0169,REF0169,GG0004,Dabaoshan (Guangdong),Guangdong,Dabaoshan,Named pluton or intrusive unit,The linked references explicitly identify the Dabaoshan (Guangdong); all associated records are assigned to that named geological unit.,High,67,REF0169; REF0170; REF0171; REF0172; REF0173,RCB0004,REF0169; REF0170; REF0171; REF0172; REF0173
R2354,ZKB501-1-256-1,160–165 Ma,I,GG0004,Dabaoshan (Guangdong),REF0169,REF0169,GG0004,Dabaoshan (Guangdong),Guangdong,Dabaoshan,Named pluton or intrusive unit,The linked references explicitly identify the Dabaoshan (Guangdong); all associated records are assigned to that named geological unit.,High,67,REF0169; REF0170; REF0171; REF0172; REF0173,RCB0004,REF0169; REF0170; REF0171; REF0172; REF0173
R2355,ZKB501-1-256-2,160–165 Ma,I,GG0004,Dabaoshan (Guangdong),REF0169,REF0169,GG0004,Dabaoshan (Guangdong),Guangdong,Dabaoshan,Named pluton or intrusive unit,The linked references explicitly identify the Dabaoshan (Guangdong); all associated records are assigned to that named geological unit.,High,67,REF0169; REF0170; REF0171; REF0172; REF0173,RCB0004,REF0169; REF0170; REF0171; REF0172; REF0173
R2356,ZKB501-1-264,160–165 Ma,I,GG0004,Dabaoshan (Guangdong),REF0169,REF0169,GG0004,Dabaoshan (Guangdong),Guangdong,Dabaoshan,Named pluton or intrusive unit,The linked references explicitly identify the Dabaoshan (Guangdong); all associated records are assigned to that named geological unit.,High,67,REF0169; REF0170; REF0171; REF0172; REF0173,RCB0004,REF0169; REF0170; REF0171; REF0172; REF0173
R2357,ZKB502-454-1,160–165 Ma,I,GG0004,Dabaoshan (Guangdong),REF0169,REF0169,GG0004,Dabaoshan (Guangdong),Guangdong,Dabaoshan,Named pluton or intrusive unit,The linked references explicitly identify the Dabaoshan (Guangdong); all associated records are assigned to that named geological unit.,High,67,REF0169; REF0170; REF0171; REF0172; REF0173,RCB0004,REF0169; REF0170; REF0171; REF0172; REF0173
R2358,DB010-1,160–165 Ma,I,GG0004,Dabaoshan (Guangdong),REF0170,REF0170,GG0004,Dabaoshan (Guangdong),Guangdong,Dabaoshan,Named pluton or intrusive unit,The linked references explicitly identify the Dabaoshan (Guangdong); all associated records are assigned to that named geological unit.,High,67,REF0169; REF0170; REF0171; REF0172; REF0173,RCB0004,REF0169; REF0170; REF0171; REF0172; REF0173
R2359,DB022,160–165 Ma,I,GG0004,Dabaoshan (Guangdong),REF0170,REF0170,GG0004,Dabaoshan (Guangdong),Guangdong,Dabaoshan,Named pluton or intrusive unit,The linked references explicitly identify the Dabaoshan (Guangdong); all associated records are assigned to that named geological unit.,High,67,REF0169; REF0170; REF0171; REF0172; REF0173,RCB0004,REF0169; REF0170; REF0171; REF0172; REF0173
R2360,DB031,160–165 Ma,I,GG0004,Dabaoshan (Guangdong),REF0170,REF0170,GG0004,Dabaoshan (Guangdong),Guangdong,Dabaoshan,Named pluton or intrusive unit,The linked references explicitly identify the Dabaoshan (Guangdong); all associated records are assigned to that named geological unit.,High,67,REF0169; REF0170; REF0171; REF0172; REF0173,RCB0004,REF0169; REF0170; REF0171; REF0172; REF0173
R2361,DB041-2,160–165 Ma,I,GG0004,Dabaoshan (Guangdong),REF0170,REF0170,GG0004,Dabaoshan (Guangdong),Guangdong,Dabaoshan,Named pluton or intrusive unit,The linked references explicitly identify the Dabaoshan (Guangdong); all associated records are assigned to that named geological unit.,High,67,REF0169; REF0170; REF0171; REF0172; REF0173,RCB0004,REF0169; REF0170; REF0171; REF0172; REF0173
R2362,DB041-3,160–165 Ma,I,GG0004,Dabaoshan (Guangdong),REF0170,REF0170,GG0004,Dabaoshan (Guangdong),Guangdong,Dabaoshan,Named pluton or intrusive unit,The linked references explicitly identify the Dabaoshan (Guangdong); all associated records are assigned to that named geological unit.,High,67,REF0169; REF0170; REF0171; REF0172; REF0173,RCB0004,REF0169; REF0170; REF0171; REF0172; REF0173
R2363,DB041-4,160–165 Ma,I,GG0004,Dabaoshan (Guangdong),REF0170,REF0170,GG0004,Dabaoshan (Guangdong),Guangdong,Dabaoshan,Named pluton or intrusive unit,The linked references explicitly identify the Dabaoshan (Guangdong); all associated records are assigned to that named geological unit.,High,67,REF0169; REF0170; REF0171; REF0172; REF0173,RCB0004,REF0169; REF0170; REF0171; REF0172; REF0173
R2364,DB041-5,160–165 Ma,I,GG0004,Dabaoshan (Guangdong),REF0170,REF0170,GG0004,Dabaoshan (Guangdong),Guangdong,Dabaoshan,Named pluton or intrusive unit,The linked references explicitly identify the Dabaoshan (Guangdong); all associated records are assigned to that named geological unit.,High,67,REF0169; REF0170; REF0171; REF0172; REF0173,RCB0004,REF0169; REF0170; REF0171; REF0172; REF0173
R2365,D010-1,160–165 Ma,I,GG0004,Dabaoshan (Guangdong),REF0171,REF0171,GG0004,Dabaoshan (Guangdong),Guangdong,Dabaoshan,Named pluton or intrusive unit,The linked references explicitly identify the Dabaoshan (Guangdong); all associated records are assigned to that named geological unit.,High,67,REF0169; REF0170; REF0171; REF0172; REF0173,RCB0004,REF0169; REF0170; REF0171; REF0172; REF0173
R2366,D012-1,160–165 Ma,I,GG0004,Dabaoshan (Guangdong),REF0171,REF0171,GG0004,Dabaoshan (Guangdong),Guangdong,Dabaoshan,Named pluton or intrusive unit,The linked references explicitly identify the Dabaoshan (Guangdong); all associated records are assigned to that named geological unit.,High,67,REF0169; REF0170; REF0171; REF0172; REF0173,RCB0004,REF0169; REF0170; REF0171; REF0172; REF0173
R2367,D013-1,160–165 Ma,I,GG0004,Dabaoshan (Guangdong),REF0171,REF0171,GG0004,Dabaoshan (Guangdong),Guangdong,Dabaoshan,Named pluton or intrusive unit,The linked references explicitly identify the Dabaoshan (Guangdong); all associated records are assigned to that named geological unit.,High,67,REF0169; REF0170; REF0171; REF0172; REF0173,RCB0004,REF0169; REF0170; REF0171; REF0172; REF0173
R2368,D014-1,160–165 Ma,I,GG0004,Dabaoshan (Guangdong),REF0171,REF0171,GG0004,Dabaoshan (Guangdong),Guangdong,Dabaoshan,Named pluton or intrusive unit,The linked references explicitly identify the Dabaoshan (Guangdong); all associated records are assigned to that named geological unit.,High,67,REF0169; REF0170; REF0171; REF0172; REF0173,RCB0004,REF0169; REF0170; REF0171; REF0172; REF0173
R2369,ZK7103-214-1,160–165 Ma,I,GG0004,Dabaoshan (Guangdong),REF0171,REF0171,GG0004,Dabaoshan (Guangdong),Guangdong,Dabaoshan,Named pluton or intrusive unit,The linked references explicitly identify the Dabaoshan (Guangdong); all associated records are assigned to that named geological unit.,High,67,REF0169; REF0170; REF0171; REF0172; REF0173,RCB0004,REF0169; REF0170; REF0171; REF0172; REF0173
R2370,ZK7103-555-1,160–165 Ma,I,GG0004,Dabaoshan (Guangdong),REF0171,REF0171,GG0004,Dabaoshan (Guangdong),Guangdong,Dabaoshan,Named pluton or intrusive unit,The linked references explicitly identify the Dabaoshan (Guangdong); all associated records are assigned to that named geological unit.,High,67,REF0169; REF0170; REF0171; REF0172; REF0173,RCB0004,REF0169; REF0170; REF0171; REF0172; REF0173
R2371,ZK7103-711-1,160–165 Ma,I,GG0004,Dabaoshan (Guangdong),REF0171,REF0171,GG0004,Dabaoshan (Guangdong),Guangdong,Dabaoshan,Named pluton or intrusive unit,The linked references explicitly identify the Dabaoshan (Guangdong); all associated records are assigned to that named geological unit.,High,67,REF0169; REF0170; REF0171; REF0172; REF0173,RCB0004,REF0169; REF0170; REF0171; REF0172; REF0173
R2372,D009,160–165 Ma,I,GG0004,Dabaoshan (Guangdong),REF0171,REF0171,GG0004,Dabaoshan (Guangdong),Guangdong,Dabaoshan,Named pluton or intrusive unit,The linked references explicitly identify the Dabaoshan (Guangdong); all associated records are assigned to that named geological unit.,High,67,REF0169; REF0170; REF0171; REF0172; REF0173,RCB0004,REF0169; REF0170; REF0171; REF0172; REF0173
R2373,ZK6301-514-1,160–165 Ma,I,GG0004,Dabaoshan (Guangdong),REF0171,REF0171,GG0004,Dabaoshan (Guangdong),Guangdong,Dabaoshan,Named pluton or intrusive unit,The linked references explicitly identify the Dabaoshan (Guangdong); all associated records are assigned to that named geological unit.,High,67,REF0169; REF0170; REF0171; REF0172; REF0173,RCB0004,REF0169; REF0170; REF0171; REF0172; REF0173
R2374,ZK6301-354-1,160–165 Ma,I,GG0004,Dabaoshan (Guangdong),REF0171,REF0171,GG0004,Dabaoshan (Guangdong),Guangdong,Dabaoshan,Named pluton or intrusive unit,The linked references explicitly identify the Dabaoshan (Guangdong); all associated records are assigned to that named geological unit.,High,67,REF0169; REF0170; REF0171; REF0172; REF0173,RCB0004,REF0169; REF0170; REF0171; REF0172; REF0173
R2375,D007,160–165 Ma,I,GG0004,Dabaoshan (Guangdong),REF0171,REF0171,GG0004,Dabaoshan (Guangdong),Guangdong,Dabaoshan,Named pluton or intrusive unit,The linked references explicitly identify the Dabaoshan (Guangdong); all associated records are assigned to that named geological unit.,High,67,REF0169; REF0170; REF0171; REF0172; REF0173,RCB0004,REF0169; REF0170; REF0171; REF0172; REF0173
R2376,D002,160–165 Ma,I,GG0004,Dabaoshan (Guangdong),REF0171,REF0171,GG0004,Dabaoshan (Guangdong),Guangdong,Dabaoshan,Named pluton or intrusive unit,The linked references explicitly identify the Dabaoshan (Guangdong); all associated records are assigned to that named geological unit.,High,67,REF0169; REF0170; REF0171; REF0172; REF0173,RCB0004,REF0169; REF0170; REF0171; REF0172; REF0173
R2377,005-1,160–165 Ma,I,GG0004,Dabaoshan (Guangdong),REF0172,REF0172,GG0004,Dabaoshan (Guangdong),Guangdong,Dabaoshan,Named pluton or intrusive unit,The linked references explicitly identify the Dabaoshan (Guangdong); all associated records are assigned to that named geological unit.,High,67,REF0169; REF0170; REF0171; REF0172; REF0173,RCB0004,REF0169; REF0170; REF0171; REF0172; REF0173
R2378,071-1,160–165 Ma,I,GG0004,Dabaoshan (Guangdong),REF0172,REF0172,GG0004,Dabaoshan (Guangdong),Guangdong,Dabaoshan,Named pluton or intrusive unit,The linked references explicitly identify the Dabaoshan (Guangdong); all associated records are assigned to that named geological unit.,High,67,REF0169; REF0170; REF0171; REF0172; REF0173,RCB0004,REF0169; REF0170; REF0171; REF0172; REF0173
R2379,006-3,160–165 Ma,I,GG0004,Dabaoshan (Guangdong),REF0172,REF0172,GG0004,Dabaoshan (Guangdong),Guangdong,Dabaoshan,Named pluton or intrusive unit,The linked references explicitly identify the Dabaoshan (Guangdong); all associated records are assigned to that named geological unit.,High,67,REF0169; REF0170; REF0171; REF0172; REF0173,RCB0004,REF0169; REF0170; REF0171; REF0172; REF0173
R2380,009-1,160–165 Ma,I,GG0004,Dabaoshan (Guangdong),REF0172,REF0172,GG0004,Dabaoshan (Guangdong),Guangdong,Dabaoshan,Named pluton or intrusive unit,The linked references explicitly identify the Dabaoshan (Guangdong); all associated records are assigned to that named geological unit.,High,67,REF0169; REF0170; REF0171; REF0172; REF0173,RCB0004,REF0169; REF0170; REF0171; REF0172; REF0173
R2381,012-1,160–165 Ma,I,GG0004,Dabaoshan (Guangdong),REF0172,REF0172,GG0004,Dabaoshan (Guangdong),Guangdong,Dabaoshan,Named pluton or intrusive unit,The linked references explicitly identify the Dabaoshan (Guangdong); all associated records are assigned to that named geological unit.,High,67,REF0169; REF0170; REF0171; REF0172; REF0173,RCB0004,REF0169; REF0170; REF0171; REF0172; REF0173
R2382,027-1,160–165 Ma,I,GG0004,Dabaoshan (Guangdong),REF0172,REF0172,GG0004,Dabaoshan (Guangdong),Guangdong,Dabaoshan,Named pluton or intrusive unit,The linked references explicitly identify the Dabaoshan (Guangdong); all associated records are assigned to that named geological unit.,High,67,REF0169; REF0170; REF0171; REF0172; REF0173,RCB0004,REF0169; REF0170; REF0171; REF0172; REF0173
R2383,028-1,160–165 Ma,I,GG0004,Dabaoshan (Guangdong),REF0172,REF0172,GG0004,Dabaoshan (Guangdong),Guangdong,Dabaoshan,Named pluton or intrusive unit,The linked references explicitly identify the Dabaoshan (Guangdong); all associated records are assigned to that named geological unit.,High,67,REF0169; REF0170; REF0171; REF0172; REF0173,RCB0004,REF0169; REF0170; REF0171; REF0172; REF0173
R2384,029-1,160–165 Ma,I,GG0004,Dabaoshan (Guangdong),REF0172,REF0172,GG0004,Dabaoshan (Guangdong),Guangdong,Dabaoshan,Named pluton or intrusive unit,The linked references explicitly identify the Dabaoshan (Guangdong); all associated records are assigned to that named geological unit.,High,67,REF0169; REF0170; REF0171; REF0172; REF0173,RCB0004,REF0169; REF0170; REF0171; REF0172; REF0173
R2385,031-1,160–165 Ma,I,GG0004,Dabaoshan (Guangdong),REF0172,REF0172,GG0004,Dabaoshan (Guangdong),Guangdong,Dabaoshan,Named pluton or intrusive unit,The linked references explicitly identify the Dabaoshan (Guangdong); all associated records are assigned to that named geological unit.,High,67,REF0169; REF0170; REF0171; REF0172; REF0173,RCB0004,REF0169; REF0170; REF0171; REF0172; REF0173
R2386,085-1,160–165 Ma,I,GG0004,Dabaoshan (Guangdong),REF0172,REF0172,GG0004,Dabaoshan (Guangdong),Guangdong,Dabaoshan,Named pluton or intrusive unit,The linked references explicitly identify the Dabaoshan (Guangdong); all associated records are assigned to that named geological unit.,High,67,REF0169; REF0170; REF0171; REF0172; REF0173,RCB0004,REF0169; REF0170; REF0171; REF0172; REF0173
R2387,086-1,160–165 Ma,I,GG0004,Dabaoshan (Guangdong),REF0172,REF0172,GG0004,Dabaoshan (Guangdong),Guangdong,Dabaoshan,Named pluton or intrusive unit,The linked references explicitly identify the Dabaoshan (Guangdong); all associated records are assigned to that named geological unit.,High,67,REF0169; REF0170; REF0171; REF0172; REF0173,RCB0004,REF0169; REF0170; REF0171; REF0172; REF0173
R2388,088-1,160–165 Ma,I,GG0004,Dabaoshan (Guangdong),REF0172,REF0172,GG0004,Dabaoshan (Guangdong),Guangdong,Dabaoshan,Named pluton or intrusive unit,The linked references explicitly identify the Dabaoshan (Guangdong); all associated records are assigned to that named geological unit.,High,67,REF0169; REF0170; REF0171; REF0172; REF0173,RCB0004,REF0169; REF0170; REF0171; REF0172; REF0173
R2389,103-1,160–165 Ma,I,GG0004,Dabaoshan (Guangdong),REF0172,REF0172,GG0004,Dabaoshan (Guangdong),Guangdong,Dabaoshan,Named pluton or intrusive unit,The linked references explicitly identify the Dabaoshan (Guangdong); all associated records are assigned to that named geological unit.,High,67,REF0169; REF0170; REF0171; REF0172; REF0173,RCB0004,REF0169; REF0170; REF0171; REF0172; REF0173
R2390,D1050-547,160–165 Ma,I,GG0004,Dabaoshan (Guangdong),REF0172,REF0172,GG0004,Dabaoshan (Guangdong),Guangdong,Dabaoshan,Named pluton or intrusive unit,The linked references explicitly identify the Dabaoshan (Guangdong); all associated records are assigned to that named geological unit.,High,67,REF0169; REF0170; REF0171; REF0172; REF0173,RCB0004,REF0169; REF0170; REF0171; REF0172; REF0173
R2391,L-2,160–165 Ma,I,GG0004,Dabaoshan (Guangdong),REF0172,REF0172,GG0004,Dabaoshan (Guangdong),Guangdong,Dabaoshan,Named pluton or intrusive unit,The linked references explicitly identify the Dabaoshan (Guangdong); all associated records are assigned to that named geological unit.,High,67,REF0169; REF0170; REF0171; REF0172; REF0173,RCB0004,REF0169; REF0170; REF0171; REF0172; REF0173
R2392,Chuan-24,160–165 Ma,I,GG0004,Dabaoshan (Guangdong),REF0172,REF0172,GG0004,Dabaoshan (Guangdong),Guangdong,Dabaoshan,Named pluton or intrusive unit,The linked references explicitly identify the Dabaoshan (Guangdong); all associated records are assigned to that named geological unit.,High,67,REF0169; REF0170; REF0171; REF0172; REF0173,RCB0004,REF0169; REF0170; REF0171; REF0172; REF0173
R2393,Chuan-32,160–165 Ma,I,GG0004,Dabaoshan (Guangdong),REF0172,REF0172,GG0004,Dabaoshan (Guangdong),Guangdong,Dabaoshan,Named pluton or intrusive unit,The linked references explicitly identify the Dabaoshan (Guangdong); all associated records are assigned to that named geological unit.,High,67,REF0169; REF0170; REF0171; REF0172; REF0173,RCB0004,REF0169; REF0170; REF0171; REF0172; REF0173
R2394,D2005-300,160–165 Ma,I,GG0004,Dabaoshan (Guangdong),REF0173,REF0173,GG0004,Dabaoshan (Guangdong),Guangdong,Dabaoshan,Named pluton or intrusive unit,The linked references explicitly identify the Dabaoshan (Guangdong); all associated records are assigned to that named geological unit.,High,67,REF0169; REF0170; REF0171; REF0172; REF0173,RCB0004,REF0169; REF0170; REF0171; REF0172; REF0173
R2395,D2005-400,160–165 Ma,I,GG0004,Dabaoshan (Guangdong),REF0173,REF0173,GG0004,Dabaoshan (Guangdong),Guangdong,Dabaoshan,Named pluton or intrusive unit,The linked references explicitly identify the Dabaoshan (Guangdong); all associated records are assigned to that named geological unit.,High,67,REF0169; REF0170; REF0171; REF0172; REF0173,RCB0004,REF0169; REF0170; REF0171; REF0172; REF0173
R2396,ZK3012-1,160–165 Ma,I,GG0004,Dabaoshan (Guangdong),REF0173,REF0173,GG0004,Dabaoshan (Guangdong),Guangdong,Dabaoshan,Named pluton or intrusive unit,The linked references explicitly identify the Dabaoshan (Guangdong); all associated records are assigned to that named geological unit.,High,67,REF0169; REF0170; REF0171; REF0172; REF0173,RCB0004,REF0169; REF0170; REF0171; REF0172; REF0173
R2397,ZK3012-2,160–165 Ma,I,GG0004,Dabaoshan (Guangdong),REF0173,REF0173,GG0004,Dabaoshan (Guangdong),Guangdong,Dabaoshan,Named pluton or intrusive unit,The linked references explicitly identify the Dabaoshan (Guangdong); all associated records are assigned to that named geological unit.,High,67,REF0169; REF0170; REF0171; REF0172; REF0173,RCB0004,REF0169; REF0170; REF0171; REF0172; REF0173
R2398,CL1,160–165 Ma,I,GG0004,Dabaoshan (Guangdong),REF0173,REF0173,GG0004,Dabaoshan (Guangdong),Guangdong,Dabaoshan,Named pluton or intrusive unit,The linked references explicitly identify the Dabaoshan (Guangdong); all associated records are assigned to that named geological unit.,High,67,REF0169; REF0170; REF0171; REF0172; REF0173,RCB0004,REF0169; REF0170; REF0171; REF0172; REF0173
R2399,D-2,160–165 Ma,I,GG0004,Dabaoshan (Guangdong),REF0173,REF0173,GG0004,Dabaoshan (Guangdong),Guangdong,Dabaoshan,Named pluton or intrusive unit,The linked references explicitly identify the Dabaoshan (Guangdong); all associated records are assigned to that named geological unit.,High,67,REF0169; REF0170; REF0171; REF0172; REF0173,RCB0004,REF0169; REF0170; REF0171; REF0172; REF0173
R2400,D1050-547,160–165 Ma,I,GG0004,Dabaoshan (Guangdong),REF0173,REF0173,GG0004,Dabaoshan (Guangdong),Guangdong,Dabaoshan,Named pluton or intrusive unit,The linked references explicitly identify the Dabaoshan (Guangdong); all associated records are assigned to that named geological unit.,High,67,REF0169; REF0170; REF0171; REF0172; REF0173,RCB0004,REF0169; REF0170; REF0171; REF0172; REF0173
R2401,D1050-393,160–165 Ma,I,GG0004,Dabaoshan (Guangdong),REF0173,REF0173,GG0004,Dabaoshan (Guangdong),Guangdong,Dabaoshan,Named pluton or intrusive unit,The linked references explicitly identify the Dabaoshan (Guangdong); all associated records are assigned to that named geological unit.,High,67,REF0169; REF0170; REF0171; REF0172; REF0173,RCB0004,REF0169; REF0170; REF0171; REF0172; REF0173
R2402,CL2,160–165 Ma,I,GG0004,Dabaoshan (Guangdong),REF0173,REF0173,GG0004,Dabaoshan (Guangdong),Guangdong,Dabaoshan,Named pluton or intrusive unit,The linked references explicitly identify the Dabaoshan (Guangdong); all associated records are assigned to that named geological unit.,High,67,REF0169; REF0170; REF0171; REF0172; REF0173,RCB0004,REF0169; REF0170; REF0171; REF0172; REF0173
R2403,L-1,160–165 Ma,I,GG0004,Dabaoshan (Guangdong),REF0173,REF0173,GG0004,Dabaoshan (Guangdong),Guangdong,Dabaoshan,Named pluton or intrusive unit,The linked references explicitly identify the Dabaoshan (Guangdong); all associated records are assigned to that named geological unit.,High,67,REF0169; REF0170; REF0171; REF0172; REF0173,RCB0004,REF0169; REF0170; REF0171; REF0172; REF0173
R2404,Chuan-26,160–165 Ma,I,GG0004,Dabaoshan (Guangdong),REF0173,REF0173,GG0004,Dabaoshan (Guangdong),Guangdong,Dabaoshan,Named pluton or intrusive unit,The linked references explicitly identify the Dabaoshan (Guangdong); all associated records are assigned to that named geological unit.,High,67,REF0169; REF0170; REF0171; REF0172; REF0173,RCB0004,REF0169; REF0170; REF0171; REF0172; REF0173
R2433,WJ-10,428 Ma,S,GG0121,Wujie granitoid body,REF0176,REF0176,GG0121,Wujie granitoid body,Guangxi,Wujie W–Mo occurrence,Granitoid body,The linked study explicitly identifies the Wujie granitoid body; records are grouped at that named geological-unit level.,High,6,REF0176,RCB0065,REF0176
R2434,WJ-11,428 Ma,S,GG0121,Wujie granitoid body,REF0176,REF0176,GG0121,Wujie granitoid body,Guangxi,Wujie W–Mo occurrence,Granitoid body,The linked study explicitly identifies the Wujie granitoid body; records are grouped at that named geological-unit level.,High,6,REF0176,RCB0065,REF0176
R2435,WJ-12,428 Ma,S,GG0121,Wujie granitoid body,REF0176,REF0176,GG0121,Wujie granitoid body,Guangxi,Wujie W–Mo occurrence,Granitoid body,The linked study explicitly identifies the Wujie granitoid body; records are grouped at that named geological-unit level.,High,6,REF0176,RCB0065,REF0176
R2436,WJ-13,428 Ma,S,GG0121,Wujie granitoid body,REF0176,REF0176,GG0121,Wujie granitoid body,Guangxi,Wujie W–Mo occurrence,Granitoid body,The linked study explicitly identifies the Wujie granitoid body; records are grouped at that named geological-unit level.,High,6,REF0176,RCB0065,REF0176
R2437,WJ-14,428 Ma,S,GG0121,Wujie granitoid body,REF0176,REF0176,GG0121,Wujie granitoid body,Guangxi,Wujie W–Mo occurrence,Granitoid body,The linked study explicitly identifies the Wujie granitoid body; records are grouped at that named geological-unit level.,High,6,REF0176,RCB0065,REF0176
R2438,WJ-15,428 Ma,S,GG0121,Wujie granitoid body,REF0176,REF0176,GG0121,Wujie granitoid body,Guangxi,Wujie W–Mo occurrence,Granitoid body,The linked study explicitly identifies the Wujie granitoid body; records are grouped at that named geological-unit level.,High,6,REF0176,RCB0065,REF0176
R2447,YZD-B1,158–160 Ma,I,GG0122,Yuanzhuding,REF0178,REF0178,GG0122,Yuanzhuding,Guangdong,,Named pluton or intrusive unit,The linked references explicitly identify the Yuanzhuding; all associated records are assigned to that named geological unit.,High,19,REF0178; REF0179,RCB0066,REF0178; REF0179
R2448,YZD-B2,158–160 Ma,I,GG0122,Yuanzhuding,REF0178,REF0178,GG0122,Yuanzhuding,Guangdong,,Named pluton or intrusive unit,The linked references explicitly identify the Yuanzhuding; all associated records are assigned to that named geological unit.,High,19,REF0178; REF0179,RCB0066,REF0178; REF0179
R2449,108-H1,158–160 Ma,I,GG0122,Yuanzhuding,REF0178,REF0178,GG0122,Yuanzhuding,Guangdong,,Named pluton or intrusive unit,The linked references explicitly identify the Yuanzhuding; all associated records are assigned to that named geological unit.,High,19,REF0178; REF0179,RCB0066,REF0178; REF0179
R2450,108-H2,158–160 Ma,I,GG0122,Yuanzhuding,REF0178,REF0178,GG0122,Yuanzhuding,Guangdong,,Named pluton or intrusive unit,The linked references explicitly identify the Yuanzhuding; all associated records are assigned to that named geological unit.,High,19,REF0178; REF0179,RCB0066,REF0178; REF0179
R2451,108-H3,158–160 Ma,I,GG0122,Yuanzhuding,REF0178,REF0178,GG0122,Yuanzhuding,Guangdong,,Named pluton or intrusive unit,The linked references explicitly identify the Yuanzhuding; all associated records are assigned to that named geological unit.,High,19,REF0178; REF0179,RCB0066,REF0178; REF0179
R2452,120-H1,158–160 Ma,I,GG0122,Yuanzhuding,REF0178,REF0178,GG0122,Yuanzhuding,Guangdong,,Named pluton or intrusive unit,The linked references explicitly identify the Yuanzhuding; all associated records are assigned to that named geological unit.,High,19,REF0178; REF0179,RCB0066,REF0178; REF0179
R2453,120-H2,158–160 Ma,I,GG0122,Yuanzhuding,REF0178,REF0178,GG0122,Yuanzhuding,Guangdong,,Named pluton or intrusive unit,The linked references explicitly identify the Yuanzhuding; all associated records are assigned to that named geological unit.,High,19,REF0178; REF0179,RCB0066,REF0178; REF0179
R2454,120-H3,158–160 Ma,I,GG0122,Yuanzhuding,REF0178,REF0178,GG0122,Yuanzhuding,Guangdong,,Named pluton or intrusive unit,The linked references explicitly identify the Yuanzhuding; all associated records are assigned to that named geological unit.,High,19,REF0178; REF0179,RCB0066,REF0178; REF0179
R2455,100-H1,158–160 Ma,I,GG0122,Yuanzhuding,REF0178,REF0178,GG0122,Yuanzhuding,Guangdong,,Named pluton or intrusive unit,The linked references explicitly identify the Yuanzhuding; all associated records are assigned to that named geological unit.,High,19,REF0178; REF0179,RCB0066,REF0178; REF0179
R2456,100-H2,158–160 Ma,I,GG0122,Yuanzhuding,REF0178,REF0178,GG0122,Yuanzhuding,Guangdong,,Named pluton or intrusive unit,The linked references explicitly identify the Yuanzhuding; all associated records are assigned to that named geological unit.,High,19,REF0178; REF0179,RCB0066,REF0178; REF0179
R2457,100-H3,158–160 Ma,I,GG0122,Yuanzhuding,REF0178,REF0178,GG0122,Yuanzhuding,Guangdong,,Named pluton or intrusive unit,The linked references explicitly identify the Yuanzhuding; all associated records are assigned to that named geological unit.,High,19,REF0178; REF0179,RCB0066,REF0178; REF0179
R2458,YZD-1,158–160 Ma,I,GG0122,Yuanzhuding,REF0179,REF0179,GG0122,Yuanzhuding,Guangdong,,Named pluton or intrusive unit,The linked references explicitly identify the Yuanzhuding; all associated records are assigned to that named geological unit.,High,19,REF0178; REF0179,RCB0066,REF0178; REF0179
R2459,YZD-2,158–160 Ma,I,GG0122,Yuanzhuding,REF0179,REF0179,GG0122,Yuanzhuding,Guangdong,,Named pluton or intrusive unit,The linked references explicitly identify the Yuanzhuding; all associated records are assigned to that named geological unit.,High,19,REF0178; REF0179,RCB0066,REF0178; REF0179
R2460,YZD-3,158–160 Ma,I,GG0122,Yuanzhuding,REF0179,REF0179,GG0122,Yuanzhuding,Guangdong,,Named pluton or intrusive unit,The linked references explicitly identify the Yuanzhuding; all associated records are assigned to that named geological unit.,High,19,REF0178; REF0179,RCB0066,REF0178; REF0179
R2461,YZD-4,158–160 Ma,I,GG0122,Yuanzhuding,REF0179,REF0179,GG0122,Yuanzhuding,Guangdong,,Named pluton or intrusive unit,The linked references explicitly identify the Yuanzhuding; all associated records are assigned to that named geological unit.,High,19,REF0178; REF0179,RCB0066,REF0178; REF0179
R2462,YZD-5,158–160 Ma,I,GG0122,Yuanzhuding,REF0179,REF0179,GG0122,Yuanzhuding,Guangdong,,Named pluton or intrusive unit,The linked references explicitly identify the Yuanzhuding; all associated records are assigned to that named geological unit.,High,19,REF0178; REF0179,RCB0066,REF0178; REF0179
R2463,YZD-6,158–160 Ma,I,GG0122,Yuanzhuding,REF0179,REF0179,GG0122,Yuanzhuding,Guangdong,,Named pluton or intrusive unit,The linked references explicitly identify the Yuanzhuding; all associated records are assigned to that named geological unit.,High,19,REF0178; REF0179,RCB0066,REF0178; REF0179
R2464,YZD-7,158–160 Ma,I,GG0122,Yuanzhuding,REF0179,REF0179,GG0122,Yuanzhuding,Guangdong,,Named pluton or intrusive unit,The linked references explicitly identify the Yuanzhuding; all associated records are assigned to that named geological unit.,High,19,REF0178; REF0179,RCB0066,REF0178; REF0179
R2465,YZD-8,158–160 Ma,I,GG0122,Yuanzhuding,REF0179,REF0179,GG0122,Yuanzhuding,Guangdong,,Named pluton or intrusive unit,The linked references explicitly identify the Yuanzhuding; all associated records are assigned to that named geological unit.,High,19,REF0178; REF0179,RCB0066,REF0178; REF0179
R2466,FZC-1,430–435 Ma,S,GG0123,Fozichong,REF0180,REF0180,GG0123,Fozichong,Guangxi,,Composite or parent geological unit,Related subunits are consolidated under the named Fozichong parent unit so genetically and spatially related samples remain in one validation group.,Medium,41,REF0180; REF0181; REF0182; REF0183,RCB0067,REF0180; REF0181; REF0182; REF0183
R2467,FZC-2,430–435 Ma,S,GG0123,Fozichong,REF0180,REF0180,GG0123,Fozichong,Guangxi,,Composite or parent geological unit,Related subunits are consolidated under the named Fozichong parent unit so genetically and spatially related samples remain in one validation group.,Medium,41,REF0180; REF0181; REF0182; REF0183,RCB0067,REF0180; REF0181; REF0182; REF0183
R2468,FZC-3,430–435 Ma,S,GG0123,Fozichong,REF0180,REF0180,GG0123,Fozichong,Guangxi,,Composite or parent geological unit,Related subunits are consolidated under the named Fozichong parent unit so genetically and spatially related samples remain in one validation group.,Medium,41,REF0180; REF0181; REF0182; REF0183,RCB0067,REF0180; REF0181; REF0182; REF0183
R2469,FZC-4,430–435 Ma,S,GG0123,Fozichong,REF0180,REF0180,GG0123,Fozichong,Guangxi,,Composite or parent geological unit,Related subunits are consolidated under the named Fozichong parent unit so genetically and spatially related samples remain in one validation group.,Medium,41,REF0180; REF0181; REF0182; REF0183,RCB0067,REF0180; REF0181; REF0182; REF0183
R2470,FZC-5,430–435 Ma,S,GG0123,Fozichong,REF0180,REF0180,GG0123,Fozichong,Guangxi,,Composite or parent geological unit,Related subunits are consolidated under the named Fozichong parent unit so genetically and spatially related samples remain in one validation group.,Medium,41,REF0180; REF0181; REF0182; REF0183,RCB0067,REF0180; REF0181; REF0182; REF0183
R2471,FZC-6,430–435 Ma,S,GG0123,Fozichong,REF0180,REF0180,GG0123,Fozichong,Guangxi,,Composite or parent geological unit,Related subunits are consolidated under the named Fozichong parent unit so genetically and spatially related samples remain in one validation group.,Medium,41,REF0180; REF0181; REF0182; REF0183,RCB0067,REF0180; REF0181; REF0182; REF0183
R2472,FZC-7,430–435 Ma,S,GG0123,Fozichong,REF0180,REF0180,GG0123,Fozichong,Guangxi,,Composite or parent geological unit,Related subunits are consolidated under the named Fozichong parent unit so genetically and spatially related samples remain in one validation group.,Medium,41,REF0180; REF0181; REF0182; REF0183,RCB0067,REF0180; REF0181; REF0182; REF0183
R2473,FZC-8,430–435 Ma,S,GG0123,Fozichong,REF0180,REF0180,GG0123,Fozichong,Guangxi,,Composite or parent geological unit,Related subunits are consolidated under the named Fozichong parent unit so genetically and spatially related samples remain in one validation group.,Medium,41,REF0180; REF0181; REF0182; REF0183,RCB0067,REF0180; REF0181; REF0182; REF0183
R2474,FZC-9,430–435 Ma,S,GG0123,Fozichong,REF0180,REF0180,GG0123,Fozichong,Guangxi,,Composite or parent geological unit,Related subunits are consolidated under the named Fozichong parent unit so genetically and spatially related samples remain in one validation group.,Medium,41,REF0180; REF0181; REF0182; REF0183,RCB0067,REF0180; REF0181; REF0182; REF0183
R2475,FZC-10,430–435 Ma,S,GG0123,Fozichong,REF0180,REF0180,GG0123,Fozichong,Guangxi,,Composite or parent geological unit,Related subunits are consolidated under the named Fozichong parent unit so genetically and spatially related samples remain in one validation group.,Medium,41,REF0180; REF0181; REF0182; REF0183,RCB0067,REF0180; REF0181; REF0182; REF0183
R2476,FZC-11,430–435 Ma,S,GG0123,Fozichong,REF0180,REF0180,GG0123,Fozichong,Guangxi,,Composite or parent geological unit,Related subunits are consolidated under the named Fozichong parent unit so genetically and spatially related samples remain in one validation group.,Medium,41,REF0180; REF0181; REF0182; REF0183,RCB0067,REF0180; REF0181; REF0182; REF0183
R2477,FZC-12,430–435 Ma,S,GG0123,Fozichong,REF0180,REF0180,GG0123,Fozichong,Guangxi,,Composite or parent geological unit,Related subunits are consolidated under the named Fozichong parent unit so genetically and spatially related samples remain in one validation group.,Medium,41,REF0180; REF0181; REF0182; REF0183,RCB0067,REF0180; REF0181; REF0182; REF0183
R2478,FZC-13,430–435 Ma,S,GG0123,Fozichong,REF0180,REF0180,GG0123,Fozichong,Guangxi,,Composite or parent geological unit,Related subunits are consolidated under the named Fozichong parent unit so genetically and spatially related samples remain in one validation group.,Medium,41,REF0180; REF0181; REF0182; REF0183,RCB0067,REF0180; REF0181; REF0182; REF0183
R2479,L49,430–435 Ma,S,GG0123,Fozichong,REF0180,REF0180,GG0123,Fozichong,Guangxi,,Composite or parent geological unit,Related subunits are consolidated under the named Fozichong parent unit so genetically and spatially related samples remain in one validation group.,Medium,41,REF0180; REF0181; REF0182; REF0183,RCB0067,REF0180; REF0181; REF0182; REF0183
R2480,L14,430–435 Ma,S,GG0123,Fozichong,REF0180,REF0180,GG0123,Fozichong,Guangxi,,Composite or parent geological unit,Related subunits are consolidated under the named Fozichong parent unit so genetically and spatially related samples remain in one validation group.,Medium,41,REF0180; REF0181; REF0182; REF0183,RCB0067,REF0180; REF0181; REF0182; REF0183
R2481,L24,430–435 Ma,S,GG0123,Fozichong,REF0180,REF0180,GG0123,Fozichong,Guangxi,,Composite or parent geological unit,Related subunits are consolidated under the named Fozichong parent unit so genetically and spatially related samples remain in one validation group.,Medium,41,REF0180; REF0181; REF0182; REF0183,RCB0067,REF0180; REF0181; REF0182; REF0183
R2482,L23,430–435 Ma,S,GG0123,Fozichong,REF0180,REF0180,GG0123,Fozichong,Guangxi,,Composite or parent geological unit,Related subunits are consolidated under the named Fozichong parent unit so genetically and spatially related samples remain in one validation group.,Medium,41,REF0180; REF0181; REF0182; REF0183,RCB0067,REF0180; REF0181; REF0182; REF0183
R2483,L49,430–435 Ma,S,GG0123,Fozichong,REF0180,REF0180,GG0123,Fozichong,Guangxi,,Composite or parent geological unit,Related subunits are consolidated under the named Fozichong parent unit so genetically and spatially related samples remain in one validation group.,Medium,41,REF0180; REF0181; REF0182; REF0183,RCB0067,REF0180; REF0181; REF0182; REF0183
R2484,L14,430–435 Ma,S,GG0123,Fozichong,REF0180,REF0180,GG0123,Fozichong,Guangxi,,Composite or parent geological unit,Related subunits are consolidated under the named Fozichong parent unit so genetically and spatially related samples remain in one validation group.,Medium,41,REF0180; REF0181; REF0182; REF0183,RCB0067,REF0180; REF0181; REF0182; REF0183
R2485,L24,430–435 Ma,S,GG0123,Fozichong,REF0180,REF0180,GG0123,Fozichong,Guangxi,,Composite or parent geological unit,Related subunits are consolidated under the named Fozichong parent unit so genetically and spatially related samples remain in one validation group.,Medium,41,REF0180; REF0181; REF0182; REF0183,RCB0067,REF0180; REF0181; REF0182; REF0183
R2486,L23,430–435 Ma,S,GG0123,Fozichong,REF0180,REF0180,GG0123,Fozichong,Guangxi,,Composite or parent geological unit,Related subunits are consolidated under the named Fozichong parent unit so genetically and spatially related samples remain in one validation group.,Medium,41,REF0180; REF0181; REF0182; REF0183,RCB0067,REF0180; REF0181; REF0182; REF0183
R2487,G3-3,430–435 Ma,S,GG0123,Fozichong,REF0181,REF0181,GG0123,Fozichong,Guangxi,,Composite or parent geological unit,Related subunits are consolidated under the named Fozichong parent unit so genetically and spatially related samples remain in one validation group.,Medium,41,REF0180; REF0181; REF0182; REF0183,RCB0067,REF0180; REF0181; REF0182; REF0183
R2488,FZ-49,430–435 Ma,S,GG0123,Fozichong,REF0182,REF0182,GG0123,Fozichong,Guangxi,,Composite or parent geological unit,Related subunits are consolidated under the named Fozichong parent unit so genetically and spatially related samples remain in one validation group.,Medium,41,REF0180; REF0181; REF0182; REF0183,RCB0067,REF0180; REF0181; REF0182; REF0183
R2489,FZ-58,430–435 Ma,S,GG0123,Fozichong,REF0182,REF0182,GG0123,Fozichong,Guangxi,,Composite or parent geological unit,Related subunits are consolidated under the named Fozichong parent unit so genetically and spatially related samples remain in one validation group.,Medium,41,REF0180; REF0181; REF0182; REF0183,RCB0067,REF0180; REF0181; REF0182; REF0183
R2490,f387-88-①,430–435 Ma,S,GG0123,Fozichong,REF0182,REF0182,GG0123,Fozichong,Guangxi,,Composite or parent geological unit,Related subunits are consolidated under the named Fozichong parent unit so genetically and spatially related samples remain in one validation group.,Medium,41,REF0180; REF0181; REF0182; REF0183,RCB0067,REF0180; REF0181; REF0182; REF0183
R2491,f387-88-⑦,430–435 Ma,S,GG0123,Fozichong,REF0182,REF0182,GG0123,Fozichong,Guangxi,,Composite or parent geological unit,Related subunits are consolidated under the named Fozichong parent unit so genetically and spatially related samples remain in one validation group.,Medium,41,REF0180; REF0181; REF0182; REF0183,RCB0067,REF0180; REF0181; REF0182; REF0183
R2492,F10-19,430–435 Ma,S,GG0123,Fozichong,REF0183,REF0183,GG0123,Fozichong,Guangxi,,Composite or parent geological unit,Related subunits are consolidated under the named Fozichong parent unit so genetically and spatially related samples remain in one validation group.,Medium,41,REF0180; REF0181; REF0182; REF0183,RCB0067,REF0180; REF0181; REF0182; REF0183
R2493,F10-20,430–435 Ma,S,GG0123,Fozichong,REF0183,REF0183,GG0123,Fozichong,Guangxi,,Composite or parent geological unit,Related subunits are consolidated under the named Fozichong parent unit so genetically and spatially related samples remain in one validation group.,Medium,41,REF0180; REF0181; REF0182; REF0183,RCB0067,REF0180; REF0181; REF0182; REF0183
R2494,F10-21,430–435 Ma,S,GG0123,Fozichong,REF0183,REF0183,GG0123,Fozichong,Guangxi,,Composite or parent geological unit,Related subunits are consolidated under the named Fozichong parent unit so genetically and spatially related samples remain in one validation group.,Medium,41,REF0180; REF0181; REF0182; REF0183,RCB0067,REF0180; REF0181; REF0182; REF0183
R2495,F10-22,430–435 Ma,S,GG0123,Fozichong,REF0183,REF0183,GG0123,Fozichong,Guangxi,,Composite or parent geological unit,Related subunits are consolidated under the named Fozichong parent unit so genetically and spatially related samples remain in one validation group.,Medium,41,REF0180; REF0181; REF0182; REF0183,RCB0067,REF0180; REF0181; REF0182; REF0183
R2496,F10-23,430–435 Ma,S,GG0123,Fozichong,REF0183,REF0183,GG0123,Fozichong,Guangxi,,Composite or parent geological unit,Related subunits are consolidated under the named Fozichong parent unit so genetically and spatially related samples remain in one validation group.,Medium,41,REF0180; REF0181; REF0182; REF0183,RCB0067,REF0180; REF0181; REF0182; REF0183
R2497,F10-24,430–435 Ma,S,GG0123,Fozichong,REF0183,REF0183,GG0123,Fozichong,Guangxi,,Composite or parent geological unit,Related subunits are consolidated under the named Fozichong parent unit so genetically and spatially related samples remain in one validation group.,Medium,41,REF0180; REF0181; REF0182; REF0183,RCB0067,REF0180; REF0181; REF0182; REF0183
R2498,H10-1,430–435 Ma,S,GG0123,Fozichong,REF0183,REF0183,GG0123,Fozichong,Guangxi,,Composite or parent geological unit,Related subunits are consolidated under the named Fozichong parent unit so genetically and spatially related samples remain in one validation group.,Medium,41,REF0180; REF0181; REF0182; REF0183,RCB0067,REF0180; REF0181; REF0182; REF0183
R2499,H10-2,430–435 Ma,S,GG0123,Fozichong,REF0183,REF0183,GG0123,Fozichong,Guangxi,,Composite or parent geological unit,Related subunits are consolidated under the named Fozichong parent unit so genetically and spatially related samples remain in one validation group.,Medium,41,REF0180; REF0181; REF0182; REF0183,RCB0067,REF0180; REF0181; REF0182; REF0183
R2500,H10-3,430–435 Ma,S,GG0123,Fozichong,REF0183,REF0183,GG0123,Fozichong,Guangxi,,Composite or parent geological unit,Related subunits are consolidated under the named Fozichong parent unit so genetically and spatially related samples remain in one validation group.,Medium,41,REF0180; REF0181; REF0182; REF0183,RCB0067,REF0180; REF0181; REF0182; REF0183
R2501,H10-5,430–435 Ma,S,GG0123,Fozichong,REF0183,REF0183,GG0123,Fozichong,Guangxi,,Composite or parent geological unit,Related subunits are consolidated under the named Fozichong parent unit so genetically and spatially related samples remain in one validation group.,Medium,41,REF0180; REF0181; REF0182; REF0183,RCB0067,REF0180; REF0181; REF0182; REF0183
R2502,H10-6,430–435 Ma,S,GG0123,Fozichong,REF0183,REF0183,GG0123,Fozichong,Guangxi,,Composite or parent geological unit,Related subunits are consolidated under the named Fozichong parent unit so genetically and spatially related samples remain in one validation group.,Medium,41,REF0180; REF0181; REF0182; REF0183,RCB0067,REF0180; REF0181; REF0182; REF0183
R2503,L10-2,430–435 Ma,S,GG0123,Fozichong,REF0183,REF0183,GG0123,Fozichong,Guangxi,,Composite or parent geological unit,Related subunits are consolidated under the named Fozichong parent unit so genetically and spatially related samples remain in one validation group.,Medium,41,REF0180; REF0181; REF0182; REF0183,RCB0067,REF0180; REF0181; REF0182; REF0183
R2504,L10-3,430–435 Ma,S,GG0123,Fozichong,REF0183,REF0183,GG0123,Fozichong,Guangxi,,Composite or parent geological unit,Related subunits are consolidated under the named Fozichong parent unit so genetically and spatially related samples remain in one validation group.,Medium,41,REF0180; REF0181; REF0182; REF0183,RCB0067,REF0180; REF0181; REF0182; REF0183
R2505,L10-16,430–435 Ma,S,GG0123,Fozichong,REF0183,REF0183,GG0123,Fozichong,Guangxi,,Composite or parent geological unit,Related subunits are consolidated under the named Fozichong parent unit so genetically and spatially related samples remain in one validation group.,Medium,41,REF0180; REF0181; REF0182; REF0183,RCB0067,REF0180; REF0181; REF0182; REF0183
R2506,L10-17,430–435 Ma,S,GG0123,Fozichong,REF0183,REF0183,GG0123,Fozichong,Guangxi,,Composite or parent geological unit,Related subunits are consolidated under the named Fozichong parent unit so genetically and spatially related samples remain in one validation group.,Medium,41,REF0180; REF0181; REF0182; REF0183,RCB0067,REF0180; REF0181; REF0182; REF0183
R2507,SL-62,ca. 138 Ma,I,GG0019,Longtoushan,REF0184,REF0184,GG0019,Longtoushan,Guangxi,,Named pluton or intrusive unit,The linked references explicitly identify the Longtoushan; all associated records are assigned to that named geological unit.,High,5,REF0184,RCB0017,REF0184
R2508,SL-96,ca. 138 Ma,I,GG0019,Longtoushan,REF0184,REF0184,GG0019,Longtoushan,Guangxi,,Named pluton or intrusive unit,The linked references explicitly identify the Longtoushan; all associated records are assigned to that named geological unit.,High,5,REF0184,RCB0017,REF0184
R2509,SL-102,ca. 138 Ma,I,GG0019,Longtoushan,REF0184,REF0184,GG0019,Longtoushan,Guangxi,,Named pluton or intrusive unit,The linked references explicitly identify the Longtoushan; all associated records are assigned to that named geological unit.,High,5,REF0184,RCB0017,REF0184
R2510,SL-80,ca. 138 Ma,I,GG0019,Longtoushan,REF0184,REF0184,GG0019,Longtoushan,Guangxi,,Named pluton or intrusive unit,The linked references explicitly identify the Longtoushan; all associated records are assigned to that named geological unit.,High,5,REF0184,RCB0017,REF0184
R2511,SL-207,ca. 138 Ma,I,GG0019,Longtoushan,REF0184,REF0184,GG0019,Longtoushan,Guangxi,,Named pluton or intrusive unit,The linked references explicitly identify the Longtoushan; all associated records are assigned to that named geological unit.,High,5,REF0184,RCB0017,REF0184
R2521,20DB-44,430 Ma,I,GG0008,Debao,REF0186,REF0186,GG0008,Debao,Guangxi,,Named pluton or intrusive unit,The linked references explicitly identify the Debao; all associated records are assigned to that named geological unit.,High,47,REF0186; REF0187; REF0188,RCB0008,REF0186; REF0187; REF0188
R2522,20DB-45,430 Ma,I,GG0008,Debao,REF0186,REF0186,GG0008,Debao,Guangxi,,Named pluton or intrusive unit,The linked references explicitly identify the Debao; all associated records are assigned to that named geological unit.,High,47,REF0186; REF0187; REF0188,RCB0008,REF0186; REF0187; REF0188
R2523,20DB-59,430 Ma,I,GG0008,Debao,REF0186,REF0186,GG0008,Debao,Guangxi,,Named pluton or intrusive unit,The linked references explicitly identify the Debao; all associated records are assigned to that named geological unit.,High,47,REF0186; REF0187; REF0188,RCB0008,REF0186; REF0187; REF0188
R2524,20DB-66,430 Ma,I,GG0008,Debao,REF0186,REF0186,GG0008,Debao,Guangxi,,Named pluton or intrusive unit,The linked references explicitly identify the Debao; all associated records are assigned to that named geological unit.,High,47,REF0186; REF0187; REF0188,RCB0008,REF0186; REF0187; REF0188
R2525,20DB-67,430 Ma,I,GG0008,Debao,REF0186,REF0186,GG0008,Debao,Guangxi,,Named pluton or intrusive unit,The linked references explicitly identify the Debao; all associated records are assigned to that named geological unit.,High,47,REF0186; REF0187; REF0188,RCB0008,REF0186; REF0187; REF0188
R2526,20DB-77,430 Ma,I,GG0008,Debao,REF0186,REF0186,GG0008,Debao,Guangxi,,Named pluton or intrusive unit,The linked references explicitly identify the Debao; all associated records are assigned to that named geological unit.,High,47,REF0186; REF0187; REF0188,RCB0008,REF0186; REF0187; REF0188
R2527,20DB-79,430 Ma,I,GG0008,Debao,REF0186,REF0186,GG0008,Debao,Guangxi,,Named pluton or intrusive unit,The linked references explicitly identify the Debao; all associated records are assigned to that named geological unit.,High,47,REF0186; REF0187; REF0188,RCB0008,REF0186; REF0187; REF0188
R2528,20DB-80,430 Ma,I,GG0008,Debao,REF0186,REF0186,GG0008,Debao,Guangxi,,Named pluton or intrusive unit,The linked references explicitly identify the Debao; all associated records are assigned to that named geological unit.,High,47,REF0186; REF0187; REF0188,RCB0008,REF0186; REF0187; REF0188
R2529,20DB-43,430 Ma,I,GG0008,Debao,REF0186,REF0186,GG0008,Debao,Guangxi,,Named pluton or intrusive unit,The linked references explicitly identify the Debao; all associated records are assigned to that named geological unit.,High,47,REF0186; REF0187; REF0188,RCB0008,REF0186; REF0187; REF0188
R2530,20DB-60,430 Ma,I,GG0008,Debao,REF0186,REF0186,GG0008,Debao,Guangxi,,Named pluton or intrusive unit,The linked references explicitly identify the Debao; all associated records are assigned to that named geological unit.,High,47,REF0186; REF0187; REF0188,RCB0008,REF0186; REF0187; REF0188
R2531,20DB-61,430 Ma,I,GG0008,Debao,REF0186,REF0186,GG0008,Debao,Guangxi,,Named pluton or intrusive unit,The linked references explicitly identify the Debao; all associated records are assigned to that named geological unit.,High,47,REF0186; REF0187; REF0188,RCB0008,REF0186; REF0187; REF0188
R2532,20DB-62,430 Ma,I,GG0008,Debao,REF0186,REF0186,GG0008,Debao,Guangxi,,Named pluton or intrusive unit,The linked references explicitly identify the Debao; all associated records are assigned to that named geological unit.,High,47,REF0186; REF0187; REF0188,RCB0008,REF0186; REF0187; REF0188
R2533,20DB-63,430 Ma,I,GG0008,Debao,REF0186,REF0186,GG0008,Debao,Guangxi,,Named pluton or intrusive unit,The linked references explicitly identify the Debao; all associated records are assigned to that named geological unit.,High,47,REF0186; REF0187; REF0188,RCB0008,REF0186; REF0187; REF0188
R2534,20DB-64,430 Ma,I,GG0008,Debao,REF0186,REF0186,GG0008,Debao,Guangxi,,Named pluton or intrusive unit,The linked references explicitly identify the Debao; all associated records are assigned to that named geological unit.,High,47,REF0186; REF0187; REF0188,RCB0008,REF0186; REF0187; REF0188
R2535,20DB-65,430 Ma,I,GG0008,Debao,REF0186,REF0186,GG0008,Debao,Guangxi,,Named pluton or intrusive unit,The linked references explicitly identify the Debao; all associated records are assigned to that named geological unit.,High,47,REF0186; REF0187; REF0188,RCB0008,REF0186; REF0187; REF0188
R2536,20DB-68,430 Ma,I,GG0008,Debao,REF0186,REF0186,GG0008,Debao,Guangxi,,Named pluton or intrusive unit,The linked references explicitly identify the Debao; all associated records are assigned to that named geological unit.,High,47,REF0186; REF0187; REF0188,RCB0008,REF0186; REF0187; REF0188
R2537,20DB-70,430 Ma,I,GG0008,Debao,REF0186,REF0186,GG0008,Debao,Guangxi,,Named pluton or intrusive unit,The linked references explicitly identify the Debao; all associated records are assigned to that named geological unit.,High,47,REF0186; REF0187; REF0188,RCB0008,REF0186; REF0187; REF0188
R2538,20DB-71,430 Ma,I,GG0008,Debao,REF0186,REF0186,GG0008,Debao,Guangxi,,Named pluton or intrusive unit,The linked references explicitly identify the Debao; all associated records are assigned to that named geological unit.,High,47,REF0186; REF0187; REF0188,RCB0008,REF0186; REF0187; REF0188
R2539,20DB-72,430 Ma,I,GG0008,Debao,REF0186,REF0186,GG0008,Debao,Guangxi,,Named pluton or intrusive unit,The linked references explicitly identify the Debao; all associated records are assigned to that named geological unit.,High,47,REF0186; REF0187; REF0188,RCB0008,REF0186; REF0187; REF0188
R2540,20DB-73,430 Ma,I,GG0008,Debao,REF0186,REF0186,GG0008,Debao,Guangxi,,Named pluton or intrusive unit,The linked references explicitly identify the Debao; all associated records are assigned to that named geological unit.,High,47,REF0186; REF0187; REF0188,RCB0008,REF0186; REF0187; REF0188
R2541,22-1,430 Ma,I,GG0008,Debao,REF0187,REF0187,GG0008,Debao,Guangxi,,Named pluton or intrusive unit,The linked references explicitly identify the Debao; all associated records are assigned to that named geological unit.,High,47,REF0186; REF0187; REF0188,RCB0008,REF0186; REF0187; REF0188
R2542,1602,430 Ma,I,GG0008,Debao,REF0187,REF0187,GG0008,Debao,Guangxi,,Named pluton or intrusive unit,The linked references explicitly identify the Debao; all associated records are assigned to that named geological unit.,High,47,REF0186; REF0187; REF0188,RCB0008,REF0186; REF0187; REF0188
R2543,20DB3-1,430 Ma,I,GG0008,Debao,REF0188,REF0188,GG0008,Debao,Guangxi,,Named pluton or intrusive unit,The linked references explicitly identify the Debao; all associated records are assigned to that named geological unit.,High,47,REF0186; REF0187; REF0188,RCB0008,REF0186; REF0187; REF0188
R2544,20DB3-2,430 Ma,I,GG0008,Debao,REF0188,REF0188,GG0008,Debao,Guangxi,,Named pluton or intrusive unit,The linked references explicitly identify the Debao; all associated records are assigned to that named geological unit.,High,47,REF0186; REF0187; REF0188,RCB0008,REF0186; REF0187; REF0188
R2545,20DB3-3,430 Ma,I,GG0008,Debao,REF0188,REF0188,GG0008,Debao,Guangxi,,Named pluton or intrusive unit,The linked references explicitly identify the Debao; all associated records are assigned to that named geological unit.,High,47,REF0186; REF0187; REF0188,RCB0008,REF0186; REF0187; REF0188
R2546,20DB3-4,430 Ma,I,GG0008,Debao,REF0188,REF0188,GG0008,Debao,Guangxi,,Named pluton or intrusive unit,The linked references explicitly identify the Debao; all associated records are assigned to that named geological unit.,High,47,REF0186; REF0187; REF0188,RCB0008,REF0186; REF0187; REF0188
R2547,HS01,430 Ma,I,GG0008,Debao,REF0188,REF0188,GG0008,Debao,Guangxi,,Named pluton or intrusive unit,The linked references explicitly identify the Debao; all associated records are assigned to that named geological unit.,High,47,REF0186; REF0187; REF0188,RCB0008,REF0186; REF0187; REF0188
R2548,WQ01,430 Ma,I,GG0008,Debao,REF0188,REF0188,GG0008,Debao,Guangxi,,Named pluton or intrusive unit,The linked references explicitly identify the Debao; all associated records are assigned to that named geological unit.,High,47,REF0186; REF0187; REF0188,RCB0008,REF0186; REF0187; REF0188
R2549,SH01,430 Ma,I,GG0008,Debao,REF0188,REF0188,GG0008,Debao,Guangxi,,Named pluton or intrusive unit,The linked references explicitly identify the Debao; all associated records are assigned to that named geological unit.,High,47,REF0186; REF0187; REF0188,RCB0008,REF0186; REF0187; REF0188
R2550,PS01,430 Ma,I,GG0008,Debao,REF0188,REF0188,GG0008,Debao,Guangxi,,Named pluton or intrusive unit,The linked references explicitly identify the Debao; all associated records are assigned to that named geological unit.,High,47,REF0186; REF0187; REF0188,RCB0008,REF0186; REF0187; REF0188
R2551,460-01,430 Ma,I,GG0008,Debao,REF0188,REF0188,GG0008,Debao,Guangxi,,Named pluton or intrusive unit,The linked references explicitly identify the Debao; all associated records are assigned to that named geological unit.,High,47,REF0186; REF0187; REF0188,RCB0008,REF0186; REF0187; REF0188
R2552,VI01,430 Ma,I,GG0008,Debao,REF0188,REF0188,GG0008,Debao,Guangxi,,Named pluton or intrusive unit,The linked references explicitly identify the Debao; all associated records are assigned to that named geological unit.,High,47,REF0186; REF0187; REF0188,RCB0008,REF0186; REF0187; REF0188
R2553,811-01,430 Ma,I,GG0008,Debao,REF0188,REF0188,GG0008,Debao,Guangxi,,Named pluton or intrusive unit,The linked references explicitly identify the Debao; all associated records are assigned to that named geological unit.,High,47,REF0186; REF0187; REF0188,RCB0008,REF0186; REF0187; REF0188
R2554,YL01,430 Ma,I,GG0008,Debao,REF0188,REF0188,GG0008,Debao,Guangxi,,Named pluton or intrusive unit,The linked references explicitly identify the Debao; all associated records are assigned to that named geological unit.,High,47,REF0186; REF0187; REF0188,RCB0008,REF0186; REF0187; REF0188
R2555,460-05,430 Ma,I,GG0008,Debao,REF0188,REF0188,GG0008,Debao,Guangxi,,Named pluton or intrusive unit,The linked references explicitly identify the Debao; all associated records are assigned to that named geological unit.,High,47,REF0186; REF0187; REF0188,RCB0008,REF0186; REF0187; REF0188
R2556,NL01,430 Ma,I,GG0008,Debao,REF0188,REF0188,GG0008,Debao,Guangxi,,Named pluton or intrusive unit,The linked references explicitly identify the Debao; all associated records are assigned to that named geological unit.,High,47,REF0186; REF0187; REF0188,RCB0008,REF0186; REF0187; REF0188
R2557,NT01,430 Ma,I,GG0008,Debao,REF0188,REF0188,GG0008,Debao,Guangxi,,Named pluton or intrusive unit,The linked references explicitly identify the Debao; all associated records are assigned to that named geological unit.,High,47,REF0186; REF0187; REF0188,RCB0008,REF0186; REF0187; REF0188
R2558,WZ01,430 Ma,I,GG0008,Debao,REF0188,REF0188,GG0008,Debao,Guangxi,,Named pluton or intrusive unit,The linked references explicitly identify the Debao; all associated records are assigned to that named geological unit.,High,47,REF0186; REF0187; REF0188,RCB0008,REF0186; REF0187; REF0188
R2559,NT02,430 Ma,I,GG0008,Debao,REF0188,REF0188,GG0008,Debao,Guangxi,,Named pluton or intrusive unit,The linked references explicitly identify the Debao; all associated records are assigned to that named geological unit.,High,47,REF0186; REF0187; REF0188,RCB0008,REF0186; REF0187; REF0188
R2560,612-9,430 Ma,I,GG0008,Debao,REF0188,REF0188,GG0008,Debao,Guangxi,,Named pluton or intrusive unit,The linked references explicitly identify the Debao; all associated records are assigned to that named geological unit.,High,47,REF0186; REF0187; REF0188,RCB0008,REF0186; REF0187; REF0188
R2561,6612-13,430 Ma,I,GG0008,Debao,REF0188,REF0188,GG0008,Debao,Guangxi,,Named pluton or intrusive unit,The linked references explicitly identify the Debao; all associated records are assigned to that named geological unit.,High,47,REF0186; REF0187; REF0188,RCB0008,REF0186; REF0187; REF0188
R2562,8498-12*,430 Ma,I,GG0008,Debao,REF0188,REF0188,GG0008,Debao,Guangxi,,Named pluton or intrusive unit,The linked references explicitly identify the Debao; all associated records are assigned to that named geological unit.,High,47,REF0186; REF0187; REF0188,RCB0008,REF0186; REF0187; REF0188
R2563,6650-5*,430 Ma,I,GG0008,Debao,REF0188,REF0188,GG0008,Debao,Guangxi,,Named pluton or intrusive unit,The linked references explicitly identify the Debao; all associated records are assigned to that named geological unit.,High,47,REF0186; REF0187; REF0188,RCB0008,REF0186; REF0187; REF0188
R2564,20DB1-1-1,430 Ma,I,GG0008,Debao,REF0188,REF0188,GG0008,Debao,Guangxi,,Named pluton or intrusive unit,The linked references explicitly identify the Debao; all associated records are assigned to that named geological unit.,High,47,REF0186; REF0187; REF0188,RCB0008,REF0186; REF0187; REF0188
R2565,20DB1-1-2,430 Ma,I,GG0008,Debao,REF0188,REF0188,GG0008,Debao,Guangxi,,Named pluton or intrusive unit,The linked references explicitly identify the Debao; all associated records are assigned to that named geological unit.,High,47,REF0186; REF0187; REF0188,RCB0008,REF0186; REF0187; REF0188
R2566,20DB-1-2,430 Ma,I,GG0008,Debao,REF0188,REF0188,GG0008,Debao,Guangxi,,Named pluton or intrusive unit,The linked references explicitly identify the Debao; all associated records are assigned to that named geological unit.,High,47,REF0186; REF0187; REF0188,RCB0008,REF0186; REF0187; REF0188
R2567,20DB1-3,430 Ma,I,GG0008,Debao,REF0188,REF0188,GG0008,Debao,Guangxi,,Named pluton or intrusive unit,The linked references explicitly identify the Debao; all associated records are assigned to that named geological unit.,High,47,REF0186; REF0187; REF0188,RCB0008,REF0186; REF0187; REF0188
R2568,1,138–142 Ma,I,GG0125,Jilongshan porphyritic granodiorite,REF0189,REF0189,GG0125,Jilongshan porphyritic granodiorite,Hubei,Jilongshan Au–Cu deposit,Porphyritic granodiorite body,The linked study explicitly identifies the Jilongshan porphyritic granodiorite; records are grouped at that named geological-unit level.,High,33,REF0189,RCB0068,REF0189
R2569,2,138–142 Ma,I,GG0125,Jilongshan porphyritic granodiorite,REF0189,REF0189,GG0125,Jilongshan porphyritic granodiorite,Hubei,Jilongshan Au–Cu deposit,Porphyritic granodiorite body,The linked study explicitly identifies the Jilongshan porphyritic granodiorite; records are grouped at that named geological-unit level.,High,33,REF0189,RCB0068,REF0189
R2570,3,138–142 Ma,I,GG0125,Jilongshan porphyritic granodiorite,REF0189,REF0189,GG0125,Jilongshan porphyritic granodiorite,Hubei,Jilongshan Au–Cu deposit,Porphyritic granodiorite body,The linked study explicitly identifies the Jilongshan porphyritic granodiorite; records are grouped at that named geological-unit level.,High,33,REF0189,RCB0068,REF0189
R2571,4,138–142 Ma,I,GG0125,Jilongshan porphyritic granodiorite,REF0189,REF0189,GG0125,Jilongshan porphyritic granodiorite,Hubei,Jilongshan Au–Cu deposit,Porphyritic granodiorite body,The linked study explicitly identifies the Jilongshan porphyritic granodiorite; records are grouped at that named geological-unit level.,High,33,REF0189,RCB0068,REF0189
R2572,5,138–142 Ma,I,GG0125,Jilongshan porphyritic granodiorite,REF0189,REF0189,GG0125,Jilongshan porphyritic granodiorite,Hubei,Jilongshan Au–Cu deposit,Porphyritic granodiorite body,The linked study explicitly identifies the Jilongshan porphyritic granodiorite; records are grouped at that named geological-unit level.,High,33,REF0189,RCB0068,REF0189
R2573,6,138–142 Ma,I,GG0125,Jilongshan porphyritic granodiorite,REF0189,REF0189,GG0125,Jilongshan porphyritic granodiorite,Hubei,Jilongshan Au–Cu deposit,Porphyritic granodiorite body,The linked study explicitly identifies the Jilongshan porphyritic granodiorite; records are grouped at that named geological-unit level.,High,33,REF0189,RCB0068,REF0189
R2574,7,138–142 Ma,I,GG0125,Jilongshan porphyritic granodiorite,REF0189,REF0189,GG0125,Jilongshan porphyritic granodiorite,Hubei,Jilongshan Au–Cu deposit,Porphyritic granodiorite body,The linked study explicitly identifies the Jilongshan porphyritic granodiorite; records are grouped at that named geological-unit level.,High,33,REF0189,RCB0068,REF0189
R2575,8,138–142 Ma,I,GG0125,Jilongshan porphyritic granodiorite,REF0189,REF0189,GG0125,Jilongshan porphyritic granodiorite,Hubei,Jilongshan Au–Cu deposit,Porphyritic granodiorite body,The linked study explicitly identifies the Jilongshan porphyritic granodiorite; records are grouped at that named geological-unit level.,High,33,REF0189,RCB0068,REF0189
R2576,9,138–142 Ma,I,GG0125,Jilongshan porphyritic granodiorite,REF0189,REF0189,GG0125,Jilongshan porphyritic granodiorite,Hubei,Jilongshan Au–Cu deposit,Porphyritic granodiorite body,The linked study explicitly identifies the Jilongshan porphyritic granodiorite; records are grouped at that named geological-unit level.,High,33,REF0189,RCB0068,REF0189
R2577,10,138–142 Ma,I,GG0125,Jilongshan porphyritic granodiorite,REF0189,REF0189,GG0125,Jilongshan porphyritic granodiorite,Hubei,Jilongshan Au–Cu deposit,Porphyritic granodiorite body,The linked study explicitly identifies the Jilongshan porphyritic granodiorite; records are grouped at that named geological-unit level.,High,33,REF0189,RCB0068,REF0189
R2578,11,138–142 Ma,I,GG0125,Jilongshan porphyritic granodiorite,REF0189,REF0189,GG0125,Jilongshan porphyritic granodiorite,Hubei,Jilongshan Au–Cu deposit,Porphyritic granodiorite body,The linked study explicitly identifies the Jilongshan porphyritic granodiorite; records are grouped at that named geological-unit level.,High,33,REF0189,RCB0068,REF0189
R2579,12,138–142 Ma,I,GG0125,Jilongshan porphyritic granodiorite,REF0189,REF0189,GG0125,Jilongshan porphyritic granodiorite,Hubei,Jilongshan Au–Cu deposit,Porphyritic granodiorite body,The linked study explicitly identifies the Jilongshan porphyritic granodiorite; records are grouped at that named geological-unit level.,High,33,REF0189,RCB0068,REF0189
R2580,13,138–142 Ma,I,GG0125,Jilongshan porphyritic granodiorite,REF0189,REF0189,GG0125,Jilongshan porphyritic granodiorite,Hubei,Jilongshan Au–Cu deposit,Porphyritic granodiorite body,The linked study explicitly identifies the Jilongshan porphyritic granodiorite; records are grouped at that named geological-unit level.,High,33,REF0189,RCB0068,REF0189
R2581,490-142-1,138–142 Ma,I,GG0125,Jilongshan porphyritic granodiorite,REF0189,REF0189,GG0125,Jilongshan porphyritic granodiorite,Hubei,Jilongshan Au–Cu deposit,Porphyritic granodiorite body,The linked study explicitly identifies the Jilongshan porphyritic granodiorite; records are grouped at that named geological-unit level.,High,33,REF0189,RCB0068,REF0189
R2582,490-142-2,138–142 Ma,I,GG0125,Jilongshan porphyritic granodiorite,REF0189,REF0189,GG0125,Jilongshan porphyritic granodiorite,Hubei,Jilongshan Au–Cu deposit,Porphyritic granodiorite body,The linked study explicitly identifies the Jilongshan porphyritic granodiorite; records are grouped at that named geological-unit level.,High,33,REF0189,RCB0068,REF0189
R2583,ZK39-1-12,138–142 Ma,I,GG0125,Jilongshan porphyritic granodiorite,REF0189,REF0189,GG0125,Jilongshan porphyritic granodiorite,Hubei,Jilongshan Au–Cu deposit,Porphyritic granodiorite body,The linked study explicitly identifies the Jilongshan porphyritic granodiorite; records are grouped at that named geological-unit level.,High,33,REF0189,RCB0068,REF0189
R2584,170-SNC-1,138–142 Ma,I,GG0125,Jilongshan porphyritic granodiorite,REF0189,REF0189,GG0125,Jilongshan porphyritic granodiorite,Hubei,Jilongshan Au–Cu deposit,Porphyritic granodiorite body,The linked study explicitly identifies the Jilongshan porphyritic granodiorite; records are grouped at that named geological-unit level.,High,33,REF0189,RCB0068,REF0189
R2585,BGS,138–142 Ma,I,GG0125,Jilongshan porphyritic granodiorite,REF0189,REF0189,GG0125,Jilongshan porphyritic granodiorite,Hubei,Jilongshan Au–Cu deposit,Porphyritic granodiorite body,The linked study explicitly identifies the Jilongshan porphyritic granodiorite; records are grouped at that named geological-unit level.,High,33,REF0189,RCB0068,REF0189
R2586,FSD,138–142 Ma,I,GG0125,Jilongshan porphyritic granodiorite,REF0189,REF0189,GG0125,Jilongshan porphyritic granodiorite,Hubei,Jilongshan Au–Cu deposit,Porphyritic granodiorite body,The linked study explicitly identifies the Jilongshan porphyritic granodiorite; records are grouped at that named geological-unit level.,High,33,REF0189,RCB0068,REF0189
R2587,490-142-1,138–142 Ma,I,GG0125,Jilongshan porphyritic granodiorite,REF0189,REF0189,GG0125,Jilongshan porphyritic granodiorite,Hubei,Jilongshan Au–Cu deposit,Porphyritic granodiorite body,The linked study explicitly identifies the Jilongshan porphyritic granodiorite; records are grouped at that named geological-unit level.,High,33,REF0189,RCB0068,REF0189
R2588,490-142-2,138–142 Ma,I,GG0125,Jilongshan porphyritic granodiorite,REF0189,REF0189,GG0125,Jilongshan porphyritic granodiorite,Hubei,Jilongshan Au–Cu deposit,Porphyritic granodiorite body,The linked study explicitly identifies the Jilongshan porphyritic granodiorite; records are grouped at that named geological-unit level.,High,33,REF0189,RCB0068,REF0189
R2589,ZK39-1-12,138–142 Ma,I,GG0125,Jilongshan porphyritic granodiorite,REF0189,REF0189,GG0125,Jilongshan porphyritic granodiorite,Hubei,Jilongshan Au–Cu deposit,Porphyritic granodiorite body,The linked study explicitly identifies the Jilongshan porphyritic granodiorite; records are grouped at that named geological-unit level.,High,33,REF0189,RCB0068,REF0189
R2590,170-SNC-1,138–142 Ma,I,GG0125,Jilongshan porphyritic granodiorite,REF0189,REF0189,GG0125,Jilongshan porphyritic granodiorite,Hubei,Jilongshan Au–Cu deposit,Porphyritic granodiorite body,The linked study explicitly identifies the Jilongshan porphyritic granodiorite; records are grouped at that named geological-unit level.,High,33,REF0189,RCB0068,REF0189
R2591,BGS,138–142 Ma,I,GG0125,Jilongshan porphyritic granodiorite,REF0189,REF0189,GG0125,Jilongshan porphyritic granodiorite,Hubei,Jilongshan Au–Cu deposit,Porphyritic granodiorite body,The linked study explicitly identifies the Jilongshan porphyritic granodiorite; records are grouped at that named geological-unit level.,High,33,REF0189,RCB0068,REF0189
R2592,FSD,138–142 Ma,I,GG0125,Jilongshan porphyritic granodiorite,REF0189,REF0189,GG0125,Jilongshan porphyritic granodiorite,Hubei,Jilongshan Au–Cu deposit,Porphyritic granodiorite body,The linked study explicitly identifies the Jilongshan porphyritic granodiorite; records are grouped at that named geological-unit level.,High,33,REF0189,RCB0068,REF0189
R2593,490-22,138–142 Ma,I,GG0125,Jilongshan porphyritic granodiorite,REF0189,REF0189,GG0125,Jilongshan porphyritic granodiorite,Hubei,Jilongshan Au–Cu deposit,Porphyritic granodiorite body,The linked study explicitly identifies the Jilongshan porphyritic granodiorite; records are grouped at that named geological-unit level.,High,33,REF0189,RCB0068,REF0189
R2594,0ZK1-24,138–142 Ma,I,GG0125,Jilongshan porphyritic granodiorite,REF0189,REF0189,GG0125,Jilongshan porphyritic granodiorite,Hubei,Jilongshan Au–Cu deposit,Porphyritic granodiorite body,The linked study explicitly identifies the Jilongshan porphyritic granodiorite; records are grouped at that named geological-unit level.,High,33,REF0189,RCB0068,REF0189
R2595,4ZK3-16,138–142 Ma,I,GG0125,Jilongshan porphyritic granodiorite,REF0189,REF0189,GG0125,Jilongshan porphyritic granodiorite,Hubei,Jilongshan Au–Cu deposit,Porphyritic granodiorite body,The linked study explicitly identifies the Jilongshan porphyritic granodiorite; records are grouped at that named geological-unit level.,High,33,REF0189,RCB0068,REF0189
R2596,ZK39-1-12,138–142 Ma,I,GG0125,Jilongshan porphyritic granodiorite,REF0189,REF0189,GG0125,Jilongshan porphyritic granodiorite,Hubei,Jilongshan Au–Cu deposit,Porphyritic granodiorite body,The linked study explicitly identifies the Jilongshan porphyritic granodiorite; records are grouped at that named geological-unit level.,High,33,REF0189,RCB0068,REF0189
R2597,JLS1,138–142 Ma,I,GG0125,Jilongshan porphyritic granodiorite,REF0189,REF0189,GG0125,Jilongshan porphyritic granodiorite,Hubei,Jilongshan Au–Cu deposit,Porphyritic granodiorite body,The linked study explicitly identifies the Jilongshan porphyritic granodiorite; records are grouped at that named geological-unit level.,High,33,REF0189,RCB0068,REF0189
R2598,JLS2,138–142 Ma,I,GG0125,Jilongshan porphyritic granodiorite,REF0189,REF0189,GG0125,Jilongshan porphyritic granodiorite,Hubei,Jilongshan Au–Cu deposit,Porphyritic granodiorite body,The linked study explicitly identifies the Jilongshan porphyritic granodiorite; records are grouped at that named geological-unit level.,High,33,REF0189,RCB0068,REF0189
R2599,490-142-2,138–142 Ma,I,GG0125,Jilongshan porphyritic granodiorite,REF0189,REF0189,GG0125,Jilongshan porphyritic granodiorite,Hubei,Jilongshan Au–Cu deposit,Porphyritic granodiorite body,The linked study explicitly identifies the Jilongshan porphyritic granodiorite; records are grouped at that named geological-unit level.,High,33,REF0189,RCB0068,REF0189
R2600,BGS,138–142 Ma,I,GG0125,Jilongshan porphyritic granodiorite,REF0189,REF0189,GG0125,Jilongshan porphyritic granodiorite,Hubei,Jilongshan Au–Cu deposit,Porphyritic granodiorite body,The linked study explicitly identifies the Jilongshan porphyritic granodiorite; records are grouped at that named geological-unit level.,High,33,REF0189,RCB0068,REF0189
R2601,20BS151-1,148–152 Ma,I,GG0002,Baoshan (Hunan),REF0190,REF0190,GG0002,Baoshan (Hunan),Hunan,Baoshan,Named pluton or intrusive unit,The linked references explicitly identify the Baoshan (Hunan); all associated records are assigned to that named geological unit.,High,41,REF0190; REF0191,RCB0002,REF0190; REF0191
R2602,20BS151-2,148–152 Ma,I,GG0002,Baoshan (Hunan),REF0190,REF0190,GG0002,Baoshan (Hunan),Hunan,Baoshan,Named pluton or intrusive unit,The linked references explicitly identify the Baoshan (Hunan); all associated records are assigned to that named geological unit.,High,41,REF0190; REF0191,RCB0002,REF0190; REF0191
R2603,20BS165-1,148–152 Ma,I,GG0002,Baoshan (Hunan),REF0190,REF0190,GG0002,Baoshan (Hunan),Hunan,Baoshan,Named pluton or intrusive unit,The linked references explicitly identify the Baoshan (Hunan); all associated records are assigned to that named geological unit.,High,41,REF0190; REF0191,RCB0002,REF0190; REF0191
R2604,20BS165-2,148–152 Ma,I,GG0002,Baoshan (Hunan),REF0190,REF0190,GG0002,Baoshan (Hunan),Hunan,Baoshan,Named pluton or intrusive unit,The linked references explicitly identify the Baoshan (Hunan); all associated records are assigned to that named geological unit.,High,41,REF0190; REF0191,RCB0002,REF0190; REF0191
R2605,20BS165-4,148–152 Ma,I,GG0002,Baoshan (Hunan),REF0190,REF0190,GG0002,Baoshan (Hunan),Hunan,Baoshan,Named pluton or intrusive unit,The linked references explicitly identify the Baoshan (Hunan); all associated records are assigned to that named geological unit.,High,41,REF0190; REF0191,RCB0002,REF0190; REF0191
R2606,BH-2,148–152 Ma,I,GG0002,Baoshan (Hunan),REF0190,REF0190,GG0002,Baoshan (Hunan),Hunan,Baoshan,Named pluton or intrusive unit,The linked references explicitly identify the Baoshan (Hunan); all associated records are assigned to that named geological unit.,High,41,REF0190; REF0191,RCB0002,REF0190; REF0191
R2607,BSH-4,148–152 Ma,I,GG0002,Baoshan (Hunan),REF0190,REF0190,GG0002,Baoshan (Hunan),Hunan,Baoshan,Named pluton or intrusive unit,The linked references explicitly identify the Baoshan (Hunan); all associated records are assigned to that named geological unit.,High,41,REF0190; REF0191,RCB0002,REF0190; REF0191
R2608,BSH-6,148–152 Ma,I,GG0002,Baoshan (Hunan),REF0190,REF0190,GG0002,Baoshan (Hunan),Hunan,Baoshan,Named pluton or intrusive unit,The linked references explicitly identify the Baoshan (Hunan); all associated records are assigned to that named geological unit.,High,41,REF0190; REF0191,RCB0002,REF0190; REF0191
R2609,BSH-7,148–152 Ma,I,GG0002,Baoshan (Hunan),REF0190,REF0190,GG0002,Baoshan (Hunan),Hunan,Baoshan,Named pluton or intrusive unit,The linked references explicitly identify the Baoshan (Hunan); all associated records are assigned to that named geological unit.,High,41,REF0190; REF0191,RCB0002,REF0190; REF0191
R2610,09BS02,148–152 Ma,I,GG0002,Baoshan (Hunan),REF0190,REF0190,GG0002,Baoshan (Hunan),Hunan,Baoshan,Named pluton or intrusive unit,The linked references explicitly identify the Baoshan (Hunan); all associated records are assigned to that named geological unit.,High,41,REF0190; REF0191,RCB0002,REF0190; REF0191
R2611,09BS03,148–152 Ma,I,GG0002,Baoshan (Hunan),REF0190,REF0190,GG0002,Baoshan (Hunan),Hunan,Baoshan,Named pluton or intrusive unit,The linked references explicitly identify the Baoshan (Hunan); all associated records are assigned to that named geological unit.,High,41,REF0190; REF0191,RCB0002,REF0190; REF0191
R2612,09BS04,148–152 Ma,I,GG0002,Baoshan (Hunan),REF0190,REF0190,GG0002,Baoshan (Hunan),Hunan,Baoshan,Named pluton or intrusive unit,The linked references explicitly identify the Baoshan (Hunan); all associated records are assigned to that named geological unit.,High,41,REF0190; REF0191,RCB0002,REF0190; REF0191
R2613,09BS05,148–152 Ma,I,GG0002,Baoshan (Hunan),REF0190,REF0190,GG0002,Baoshan (Hunan),Hunan,Baoshan,Named pluton or intrusive unit,The linked references explicitly identify the Baoshan (Hunan); all associated records are assigned to that named geological unit.,High,41,REF0190; REF0191,RCB0002,REF0190; REF0191
R2614,16903-70,148–152 Ma,I,GG0002,Baoshan (Hunan),REF0190,REF0190,GG0002,Baoshan (Hunan),Hunan,Baoshan,Named pluton or intrusive unit,The linked references explicitly identify the Baoshan (Hunan); all associated records are assigned to that named geological unit.,High,41,REF0190; REF0191,RCB0002,REF0190; REF0191
R2615,16903-71,148–152 Ma,I,GG0002,Baoshan (Hunan),REF0190,REF0190,GG0002,Baoshan (Hunan),Hunan,Baoshan,Named pluton or intrusive unit,The linked references explicitly identify the Baoshan (Hunan); all associated records are assigned to that named geological unit.,High,41,REF0190; REF0191,RCB0002,REF0190; REF0191
R2616,16903-73,148–152 Ma,I,GG0002,Baoshan (Hunan),REF0190,REF0190,GG0002,Baoshan (Hunan),Hunan,Baoshan,Named pluton or intrusive unit,The linked references explicitly identify the Baoshan (Hunan); all associated records are assigned to that named geological unit.,High,41,REF0190; REF0191,RCB0002,REF0190; REF0191
R2617,16601-01,148–152 Ma,I,GG0002,Baoshan (Hunan),REF0190,REF0190,GG0002,Baoshan (Hunan),Hunan,Baoshan,Named pluton or intrusive unit,The linked references explicitly identify the Baoshan (Hunan); all associated records are assigned to that named geological unit.,High,41,REF0190; REF0191,RCB0002,REF0190; REF0191
R2618,15805-02,148–152 Ma,I,GG0002,Baoshan (Hunan),REF0190,REF0190,GG0002,Baoshan (Hunan),Hunan,Baoshan,Named pluton or intrusive unit,The linked references explicitly identify the Baoshan (Hunan); all associated records are assigned to that named geological unit.,High,41,REF0190; REF0191,RCB0002,REF0190; REF0191
R2619,15801-03,148–152 Ma,I,GG0002,Baoshan (Hunan),REF0190,REF0190,GG0002,Baoshan (Hunan),Hunan,Baoshan,Named pluton or intrusive unit,The linked references explicitly identify the Baoshan (Hunan); all associated records are assigned to that named geological unit.,High,41,REF0190; REF0191,RCB0002,REF0190; REF0191
R2620,11BS-39,148–152 Ma,I,GG0002,Baoshan (Hunan),REF0190,REF0190,GG0002,Baoshan (Hunan),Hunan,Baoshan,Named pluton or intrusive unit,The linked references explicitly identify the Baoshan (Hunan); all associated records are assigned to that named geological unit.,High,41,REF0190; REF0191,RCB0002,REF0190; REF0191
R2621,11BS-46,148–152 Ma,I,GG0002,Baoshan (Hunan),REF0190,REF0190,GG0002,Baoshan (Hunan),Hunan,Baoshan,Named pluton or intrusive unit,The linked references explicitly identify the Baoshan (Hunan); all associated records are assigned to that named geological unit.,High,41,REF0190; REF0191,RCB0002,REF0190; REF0191
R2622,11BS-69,148–152 Ma,I,GG0002,Baoshan (Hunan),REF0190,REF0190,GG0002,Baoshan (Hunan),Hunan,Baoshan,Named pluton or intrusive unit,The linked references explicitly identify the Baoshan (Hunan); all associated records are assigned to that named geological unit.,High,41,REF0190; REF0191,RCB0002,REF0190; REF0191
R2623,11BS-72,148–152 Ma,I,GG0002,Baoshan (Hunan),REF0190,REF0190,GG0002,Baoshan (Hunan),Hunan,Baoshan,Named pluton or intrusive unit,The linked references explicitly identify the Baoshan (Hunan); all associated records are assigned to that named geological unit.,High,41,REF0190; REF0191,RCB0002,REF0190; REF0191
R2624,BS-2,148–152 Ma,I,GG0002,Baoshan (Hunan),REF0191,REF0191,GG0002,Baoshan (Hunan),Hunan,Baoshan,Named pluton or intrusive unit,The linked references explicitly identify the Baoshan (Hunan); all associated records are assigned to that named geological unit.,High,41,REF0190; REF0191,RCB0002,REF0190; REF0191
R2625,BS-5,148–152 Ma,I,GG0002,Baoshan (Hunan),REF0191,REF0191,GG0002,Baoshan (Hunan),Hunan,Baoshan,Named pluton or intrusive unit,The linked references explicitly identify the Baoshan (Hunan); all associated records are assigned to that named geological unit.,High,41,REF0190; REF0191,RCB0002,REF0190; REF0191
R2626,BS-8,148–152 Ma,I,GG0002,Baoshan (Hunan),REF0191,REF0191,GG0002,Baoshan (Hunan),Hunan,Baoshan,Named pluton or intrusive unit,The linked references explicitly identify the Baoshan (Hunan); all associated records are assigned to that named geological unit.,High,41,REF0190; REF0191,RCB0002,REF0190; REF0191
R2627,BS-9,148–152 Ma,I,GG0002,Baoshan (Hunan),REF0191,REF0191,GG0002,Baoshan (Hunan),Hunan,Baoshan,Named pluton or intrusive unit,The linked references explicitly identify the Baoshan (Hunan); all associated records are assigned to that named geological unit.,High,41,REF0190; REF0191,RCB0002,REF0190; REF0191
R2628,BS-15,148–152 Ma,I,GG0002,Baoshan (Hunan),REF0191,REF0191,GG0002,Baoshan (Hunan),Hunan,Baoshan,Named pluton or intrusive unit,The linked references explicitly identify the Baoshan (Hunan); all associated records are assigned to that named geological unit.,High,41,REF0190; REF0191,RCB0002,REF0190; REF0191
R2629,BS-19,148–152 Ma,I,GG0002,Baoshan (Hunan),REF0191,REF0191,GG0002,Baoshan (Hunan),Hunan,Baoshan,Named pluton or intrusive unit,The linked references explicitly identify the Baoshan (Hunan); all associated records are assigned to that named geological unit.,High,41,REF0190; REF0191,RCB0002,REF0190; REF0191
R2630,BS-21,148–152 Ma,I,GG0002,Baoshan (Hunan),REF0191,REF0191,GG0002,Baoshan (Hunan),Hunan,Baoshan,Named pluton or intrusive unit,The linked references explicitly identify the Baoshan (Hunan); all associated records are assigned to that named geological unit.,High,41,REF0190; REF0191,RCB0002,REF0190; REF0191
R2631,BSH-4,148–152 Ma,I,GG0002,Baoshan (Hunan),REF0191,REF0191,GG0002,Baoshan (Hunan),Hunan,Baoshan,Named pluton or intrusive unit,The linked references explicitly identify the Baoshan (Hunan); all associated records are assigned to that named geological unit.,High,41,REF0190; REF0191,RCB0002,REF0190; REF0191
R2632,BSH-7,148–152 Ma,I,GG0002,Baoshan (Hunan),REF0191,REF0191,GG0002,Baoshan (Hunan),Hunan,Baoshan,Named pluton or intrusive unit,The linked references explicitly identify the Baoshan (Hunan); all associated records are assigned to that named geological unit.,High,41,REF0190; REF0191,RCB0002,REF0190; REF0191
R2633,HN001,148–152 Ma,I,GG0002,Baoshan (Hunan),REF0191,REF0191,GG0002,Baoshan (Hunan),Hunan,Baoshan,Named pluton or intrusive unit,The linked references explicitly identify the Baoshan (Hunan); all associated records are assigned to that named geological unit.,High,41,REF0190; REF0191,RCB0002,REF0190; REF0191
R2634,C18-1,148–152 Ma,I,GG0002,Baoshan (Hunan),REF0191,REF0191,GG0002,Baoshan (Hunan),Hunan,Baoshan,Named pluton or intrusive unit,The linked references explicitly identify the Baoshan (Hunan); all associated records are assigned to that named geological unit.,High,41,REF0190; REF0191,RCB0002,REF0190; REF0191
R2635,C18-2,148–152 Ma,I,GG0002,Baoshan (Hunan),REF0191,REF0191,GG0002,Baoshan (Hunan),Hunan,Baoshan,Named pluton or intrusive unit,The linked references explicitly identify the Baoshan (Hunan); all associated records are assigned to that named geological unit.,High,41,REF0190; REF0191,RCB0002,REF0190; REF0191
R2636,He-1,148–152 Ma,I,GG0002,Baoshan (Hunan),REF0191,REF0191,GG0002,Baoshan (Hunan),Hunan,Baoshan,Named pluton or intrusive unit,The linked references explicitly identify the Baoshan (Hunan); all associated records are assigned to that named geological unit.,High,41,REF0190; REF0191,RCB0002,REF0190; REF0191
R2637,7308,148–152 Ma,I,GG0002,Baoshan (Hunan),REF0191,REF0191,GG0002,Baoshan (Hunan),Hunan,Baoshan,Named pluton or intrusive unit,The linked references explicitly identify the Baoshan (Hunan); all associated records are assigned to that named geological unit.,High,41,REF0190; REF0191,RCB0002,REF0190; REF0191
R2638,Bao-1,148–152 Ma,I,GG0002,Baoshan (Hunan),REF0191,REF0191,GG0002,Baoshan (Hunan),Hunan,Baoshan,Named pluton or intrusive unit,The linked references explicitly identify the Baoshan (Hunan); all associated records are assigned to that named geological unit.,High,41,REF0190; REF0191,RCB0002,REF0190; REF0191
R2639,Da-1,148–152 Ma,I,GG0002,Baoshan (Hunan),REF0191,REF0191,GG0002,Baoshan (Hunan),Hunan,Baoshan,Named pluton or intrusive unit,The linked references explicitly identify the Baoshan (Hunan); all associated records are assigned to that named geological unit.,High,41,REF0190; REF0191,RCB0002,REF0190; REF0191
R2640,BS-4,148–152 Ma,I,GG0002,Baoshan (Hunan),REF0191,REF0191,GG0002,Baoshan (Hunan),Hunan,Baoshan,Named pluton or intrusive unit,The linked references explicitly identify the Baoshan (Hunan); all associated records are assigned to that named geological unit.,High,41,REF0190; REF0191,RCB0002,REF0190; REF0191
R2641,BS-6,148–152 Ma,I,GG0002,Baoshan (Hunan),REF0191,REF0191,GG0002,Baoshan (Hunan),Hunan,Baoshan,Named pluton or intrusive unit,The linked references explicitly identify the Baoshan (Hunan); all associated records are assigned to that named geological unit.,High,41,REF0190; REF0191,RCB0002,REF0190; REF0191
R2642,HS-3,150–155 Ma,I,GG0015,Huangshaping,REF0191,REF0191,GG0015,Huangshaping,Hunan,,Named pluton or intrusive unit,The linked references explicitly identify the Huangshaping; all associated records are assigned to that named geological unit.,High,27,REF0191; REF0192,RCB0002,REF0191; REF0192
R2643,HS-6,150–155 Ma,I,GG0015,Huangshaping,REF0191,REF0191,GG0015,Huangshaping,Hunan,,Named pluton or intrusive unit,The linked references explicitly identify the Huangshaping; all associated records are assigned to that named geological unit.,High,27,REF0191; REF0192,RCB0002,REF0191; REF0192
R2644,HS-11,150–155 Ma,I,GG0015,Huangshaping,REF0191,REF0191,GG0015,Huangshaping,Hunan,,Named pluton or intrusive unit,The linked references explicitly identify the Huangshaping; all associated records are assigned to that named geological unit.,High,27,REF0191; REF0192,RCB0002,REF0191; REF0192
R2645,HS-14,150–155 Ma,I,GG0015,Huangshaping,REF0191,REF0191,GG0015,Huangshaping,Hunan,,Named pluton or intrusive unit,The linked references explicitly identify the Huangshaping; all associated records are assigned to that named geological unit.,High,27,REF0191; REF0192,RCB0002,REF0191; REF0192
R2646,HS-16,150–155 Ma,I,GG0015,Huangshaping,REF0191,REF0191,GG0015,Huangshaping,Hunan,,Named pluton or intrusive unit,The linked references explicitly identify the Huangshaping; all associated records are assigned to that named geological unit.,High,27,REF0191; REF0192,RCB0002,REF0191; REF0192
R2647,HS-18,150–155 Ma,I,GG0015,Huangshaping,REF0191,REF0191,GG0015,Huangshaping,Hunan,,Named pluton or intrusive unit,The linked references explicitly identify the Huangshaping; all associated records are assigned to that named geological unit.,High,27,REF0191; REF0192,RCB0002,REF0191; REF0192
R2648,HS-24,150–155 Ma,I,GG0015,Huangshaping,REF0191,REF0191,GG0015,Huangshaping,Hunan,,Named pluton or intrusive unit,The linked references explicitly identify the Huangshaping; all associated records are assigned to that named geological unit.,High,27,REF0191; REF0192,RCB0002,REF0191; REF0192
R2649,H-26,150–155 Ma,I,GG0015,Huangshaping,REF0191,REF0191,GG0015,Huangshaping,Hunan,,Named pluton or intrusive unit,The linked references explicitly identify the Huangshaping; all associated records are assigned to that named geological unit.,High,27,REF0191; REF0192,RCB0002,REF0191; REF0192
R2650,H-34,150–155 Ma,I,GG0015,Huangshaping,REF0191,REF0191,GG0015,Huangshaping,Hunan,,Named pluton or intrusive unit,The linked references explicitly identify the Huangshaping; all associated records are assigned to that named geological unit.,High,27,REF0191; REF0192,RCB0002,REF0191; REF0192
R2651,H-41,150–155 Ma,I,GG0015,Huangshaping,REF0191,REF0191,GG0015,Huangshaping,Hunan,,Named pluton or intrusive unit,The linked references explicitly identify the Huangshaping; all associated records are assigned to that named geological unit.,High,27,REF0191; REF0192,RCB0002,REF0191; REF0192
R2652,H-43,150–155 Ma,I,GG0015,Huangshaping,REF0191,REF0191,GG0015,Huangshaping,Hunan,,Named pluton or intrusive unit,The linked references explicitly identify the Huangshaping; all associated records are assigned to that named geological unit.,High,27,REF0191; REF0192,RCB0002,REF0191; REF0192
R2653,H-50,150–155 Ma,I,GG0015,Huangshaping,REF0191,REF0191,GG0015,Huangshaping,Hunan,,Named pluton or intrusive unit,The linked references explicitly identify the Huangshaping; all associated records are assigned to that named geological unit.,High,27,REF0191; REF0192,RCB0002,REF0191; REF0192
R2654,H-51,150–155 Ma,I,GG0015,Huangshaping,REF0191,REF0191,GG0015,Huangshaping,Hunan,,Named pluton or intrusive unit,The linked references explicitly identify the Huangshaping; all associated records are assigned to that named geological unit.,High,27,REF0191; REF0192,RCB0002,REF0191; REF0192
R2655,H-52,150–155 Ma,I,GG0015,Huangshaping,REF0191,REF0191,GG0015,Huangshaping,Hunan,,Named pluton or intrusive unit,The linked references explicitly identify the Huangshaping; all associated records are assigned to that named geological unit.,High,27,REF0191; REF0192,RCB0002,REF0191; REF0192
R2656,H-53,150–155 Ma,I,GG0015,Huangshaping,REF0191,REF0191,GG0015,Huangshaping,Hunan,,Named pluton or intrusive unit,The linked references explicitly identify the Huangshaping; all associated records are assigned to that named geological unit.,High,27,REF0191; REF0192,RCB0002,REF0191; REF0192
R2657,H-56,150–155 Ma,I,GG0015,Huangshaping,REF0191,REF0191,GG0015,Huangshaping,Hunan,,Named pluton or intrusive unit,The linked references explicitly identify the Huangshaping; all associated records are assigned to that named geological unit.,High,27,REF0191; REF0192,RCB0002,REF0191; REF0192
R2658,HSP-2-1,150–155 Ma,I,GG0015,Huangshaping,REF0192,REF0192,GG0015,Huangshaping,Hunan,,Named pluton or intrusive unit,The linked references explicitly identify the Huangshaping; all associated records are assigned to that named geological unit.,High,27,REF0191; REF0192,RCB0002,REF0191; REF0192
R2659,HSP-2-2,150–155 Ma,I,GG0015,Huangshaping,REF0192,REF0192,GG0015,Huangshaping,Hunan,,Named pluton or intrusive unit,The linked references explicitly identify the Huangshaping; all associated records are assigned to that named geological unit.,High,27,REF0191; REF0192,RCB0002,REF0191; REF0192
R2660,HSP-2-3,150–155 Ma,I,GG0015,Huangshaping,REF0192,REF0192,GG0015,Huangshaping,Hunan,,Named pluton or intrusive unit,The linked references explicitly identify the Huangshaping; all associated records are assigned to that named geological unit.,High,27,REF0191; REF0192,RCB0002,REF0191; REF0192
R2661,HSP-2-4,150–155 Ma,I,GG0015,Huangshaping,REF0192,REF0192,GG0015,Huangshaping,Hunan,,Named pluton or intrusive unit,The linked references explicitly identify the Huangshaping; all associated records are assigned to that named geological unit.,High,27,REF0191; REF0192,RCB0002,REF0191; REF0192
R2662,HSP-2-5,150–155 Ma,I,GG0015,Huangshaping,REF0192,REF0192,GG0015,Huangshaping,Hunan,,Named pluton or intrusive unit,The linked references explicitly identify the Huangshaping; all associated records are assigned to that named geological unit.,High,27,REF0191; REF0192,RCB0002,REF0191; REF0192
R2663,HSP-2-6,150–155 Ma,I,GG0015,Huangshaping,REF0192,REF0192,GG0015,Huangshaping,Hunan,,Named pluton or intrusive unit,The linked references explicitly identify the Huangshaping; all associated records are assigned to that named geological unit.,High,27,REF0191; REF0192,RCB0002,REF0191; REF0192
R2664,HSP-2-7,150–155 Ma,I,GG0015,Huangshaping,REF0192,REF0192,GG0015,Huangshaping,Hunan,,Named pluton or intrusive unit,The linked references explicitly identify the Huangshaping; all associated records are assigned to that named geological unit.,High,27,REF0191; REF0192,RCB0002,REF0191; REF0192
R2665,HSP-2-8,150–155 Ma,I,GG0015,Huangshaping,REF0192,REF0192,GG0015,Huangshaping,Hunan,,Named pluton or intrusive unit,The linked references explicitly identify the Huangshaping; all associated records are assigned to that named geological unit.,High,27,REF0191; REF0192,RCB0002,REF0191; REF0192
R2666,HSP-2-9,150–155 Ma,I,GG0015,Huangshaping,REF0192,REF0192,GG0015,Huangshaping,Hunan,,Named pluton or intrusive unit,The linked references explicitly identify the Huangshaping; all associated records are assigned to that named geological unit.,High,27,REF0191; REF0192,RCB0002,REF0191; REF0192
R2667,HSP-2-10,150–155 Ma,I,GG0015,Huangshaping,REF0192,REF0192,GG0015,Huangshaping,Hunan,,Named pluton or intrusive unit,The linked references explicitly identify the Huangshaping; all associated records are assigned to that named geological unit.,High,27,REF0191; REF0192,RCB0002,REF0191; REF0192
R2668,HSP-2-11,150–155 Ma,I,GG0015,Huangshaping,REF0192,REF0192,GG0015,Huangshaping,Hunan,,Named pluton or intrusive unit,The linked references explicitly identify the Huangshaping; all associated records are assigned to that named geological unit.,High,27,REF0191; REF0192,RCB0002,REF0191; REF0192
R2669,3.5,157 ± 6 Ma; 160.7 ± 2.2 Ma,A,GG0032,Xianghualing,REF0193,REF0193,GG0032,Xianghualing,Hunan,,Named pluton or intrusive unit,The linked references explicitly identify the Xianghualing; all associated records are assigned to that named geological unit.,High,23,REF0193; REF0194,RCB0026,REF0193; REF0194
R2670,11.3,157 ± 6 Ma; 160.7 ± 2.2 Ma,A,GG0032,Xianghualing,REF0193,REF0193,GG0032,Xianghualing,Hunan,,Named pluton or intrusive unit,The linked references explicitly identify the Xianghualing; all associated records are assigned to that named geological unit.,High,23,REF0193; REF0194,RCB0026,REF0193; REF0194
R2671,20.3,157 ± 6 Ma; 160.7 ± 2.2 Ma,A,GG0032,Xianghualing,REF0193,REF0193,GG0032,Xianghualing,Hunan,,Named pluton or intrusive unit,The linked references explicitly identify the Xianghualing; all associated records are assigned to that named geological unit.,High,23,REF0193; REF0194,RCB0026,REF0193; REF0194
R2672,44.6,157 ± 6 Ma; 160.7 ± 2.2 Ma,A,GG0032,Xianghualing,REF0193,REF0193,GG0032,Xianghualing,Hunan,,Named pluton or intrusive unit,The linked references explicitly identify the Xianghualing; all associated records are assigned to that named geological unit.,High,23,REF0193; REF0194,RCB0026,REF0193; REF0194
R2673,47.7,157 ± 6 Ma; 160.7 ± 2.2 Ma,A,GG0032,Xianghualing,REF0193,REF0193,GG0032,Xianghualing,Hunan,,Named pluton or intrusive unit,The linked references explicitly identify the Xianghualing; all associated records are assigned to that named geological unit.,High,23,REF0193; REF0194,RCB0026,REF0193; REF0194
R2674,68.5,157 ± 6 Ma; 160.7 ± 2.2 Ma,A,GG0032,Xianghualing,REF0193,REF0193,GG0032,Xianghualing,Hunan,,Named pluton or intrusive unit,The linked references explicitly identify the Xianghualing; all associated records are assigned to that named geological unit.,High,23,REF0193; REF0194,RCB0026,REF0193; REF0194
R2675,75.3,157 ± 6 Ma; 160.7 ± 2.2 Ma,A,GG0032,Xianghualing,REF0193,REF0193,GG0032,Xianghualing,Hunan,,Named pluton or intrusive unit,The linked references explicitly identify the Xianghualing; all associated records are assigned to that named geological unit.,High,23,REF0193; REF0194,RCB0026,REF0193; REF0194
R2676,134.5,157 ± 6 Ma; 160.7 ± 2.2 Ma,A,GG0032,Xianghualing,REF0193,REF0193,GG0032,Xianghualing,Hunan,,Named pluton or intrusive unit,The linked references explicitly identify the Xianghualing; all associated records are assigned to that named geological unit.,High,23,REF0193; REF0194,RCB0026,REF0193; REF0194
R2677,163,157 ± 6 Ma; 160.7 ± 2.2 Ma,A,GG0032,Xianghualing,REF0193,REF0193,GG0032,Xianghualing,Hunan,,Named pluton or intrusive unit,The linked references explicitly identify the Xianghualing; all associated records are assigned to that named geological unit.,High,23,REF0193; REF0194,RCB0026,REF0193; REF0194
R2678,178,157 ± 6 Ma; 160.7 ± 2.2 Ma,A,GG0032,Xianghualing,REF0193,REF0193,GG0032,Xianghualing,Hunan,,Named pluton or intrusive unit,The linked references explicitly identify the Xianghualing; all associated records are assigned to that named geological unit.,High,23,REF0193; REF0194,RCB0026,REF0193; REF0194
R2679,200.4,157 ± 6 Ma; 160.7 ± 2.2 Ma,A,GG0032,Xianghualing,REF0193,REF0193,GG0032,Xianghualing,Hunan,,Named pluton or intrusive unit,The linked references explicitly identify the Xianghualing; all associated records are assigned to that named geological unit.,High,23,REF0193; REF0194,RCB0026,REF0193; REF0194
R2680,LZL-5,154–155 Ma,A,GG0032,Xianghualing,REF0194,REF0194,GG0032,Xianghualing,Hunan,,Named pluton or intrusive unit,The linked references explicitly identify the Xianghualing; all associated records are assigned to that named geological unit.,High,23,REF0193; REF0194,RCB0026,REF0193; REF0194
R2681,LZL21-2,154–155 Ma,A,GG0032,Xianghualing,REF0194,REF0194,GG0032,Xianghualing,Hunan,,Named pluton or intrusive unit,The linked references explicitly identify the Xianghualing; all associated records are assigned to that named geological unit.,High,23,REF0193; REF0194,RCB0026,REF0193; REF0194
R2682,XX-3,154–155 Ma,A,GG0032,Xianghualing,REF0194,REF0194,GG0032,Xianghualing,Hunan,,Named pluton or intrusive unit,The linked references explicitly identify the Xianghualing; all associated records are assigned to that named geological unit.,High,23,REF0193; REF0194,RCB0026,REF0193; REF0194
R2683,LZL21-3,154–155 Ma,A,GG0032,Xianghualing,REF0194,REF0194,GG0032,Xianghualing,Hunan,,Named pluton or intrusive unit,The linked references explicitly identify the Xianghualing; all associated records are assigned to that named geological unit.,High,23,REF0193; REF0194,RCB0026,REF0193; REF0194
R2684,LZL-4,154–155 Ma,A,GG0032,Xianghualing,REF0194,REF0194,GG0032,Xianghualing,Hunan,,Named pluton or intrusive unit,The linked references explicitly identify the Xianghualing; all associated records are assigned to that named geological unit.,High,23,REF0193; REF0194,RCB0026,REF0193; REF0194
R2685,LZL-3,154–155 Ma,A,GG0032,Xianghualing,REF0194,REF0194,GG0032,Xianghualing,Hunan,,Named pluton or intrusive unit,The linked references explicitly identify the Xianghualing; all associated records are assigned to that named geological unit.,High,23,REF0193; REF0194,RCB0026,REF0193; REF0194
R2686,LZL-38,154–155 Ma,A,GG0032,Xianghualing,REF0194,REF0194,GG0032,Xianghualing,Hunan,,Named pluton or intrusive unit,The linked references explicitly identify the Xianghualing; all associated records are assigned to that named geological unit.,High,23,REF0193; REF0194,RCB0026,REF0193; REF0194
R2687,LZL-17,154–155 Ma,A,GG0032,Xianghualing,REF0194,REF0194,GG0032,Xianghualing,Hunan,,Named pluton or intrusive unit,The linked references explicitly identify the Xianghualing; all associated records are assigned to that named geological unit.,High,23,REF0193; REF0194,RCB0026,REF0193; REF0194
R2688,LZL21-4,154–155 Ma,A,GG0032,Xianghualing,REF0194,REF0194,GG0032,Xianghualing,Hunan,,Named pluton or intrusive unit,The linked references explicitly identify the Xianghualing; all associated records are assigned to that named geological unit.,High,23,REF0193; REF0194,RCB0026,REF0193; REF0194
R2689,LZL-26,154–155 Ma,A,GG0032,Xianghualing,REF0194,REF0194,GG0032,Xianghualing,Hunan,,Named pluton or intrusive unit,The linked references explicitly identify the Xianghualing; all associated records are assigned to that named geological unit.,High,23,REF0193; REF0194,RCB0026,REF0193; REF0194
R2690,LZL-37,154–155 Ma,A,GG0032,Xianghualing,REF0194,REF0194,GG0032,Xianghualing,Hunan,,Named pluton or intrusive unit,The linked references explicitly identify the Xianghualing; all associated records are assigned to that named geological unit.,High,23,REF0193; REF0194,RCB0026,REF0193; REF0194
R2691,LZL21-6,154–155 Ma,A,GG0032,Xianghualing,REF0194,REF0194,GG0032,Xianghualing,Hunan,,Named pluton or intrusive unit,The linked references explicitly identify the Xianghualing; all associated records are assigned to that named geological unit.,High,23,REF0193; REF0194,RCB0026,REF0193; REF0194
R2692,H1,130–140 Ma,S,GG0023,Mufushan,REF0195,REF0195,GG0023,Mufushan,Hunan,Renli,Composite or parent geological unit,Related subunits are consolidated under the named Mufushan parent unit so genetically and spatially related samples remain in one validation group.,Medium,38,REF0195; REF0196; REF0197; REF0198,RCB0019,REF0195; REF0196; REF0197; REF0198
R2693,H2,130–140 Ma,S,GG0023,Mufushan,REF0195,REF0195,GG0023,Mufushan,Hunan,Renli,Composite or parent geological unit,Related subunits are consolidated under the named Mufushan parent unit so genetically and spatially related samples remain in one validation group.,Medium,38,REF0195; REF0196; REF0197; REF0198,RCB0019,REF0195; REF0196; REF0197; REF0198
R2694,H3,130–140 Ma,S,GG0023,Mufushan,REF0195,REF0195,GG0023,Mufushan,Hunan,Renli,Composite or parent geological unit,Related subunits are consolidated under the named Mufushan parent unit so genetically and spatially related samples remain in one validation group.,Medium,38,REF0195; REF0196; REF0197; REF0198,RCB0019,REF0195; REF0196; REF0197; REF0198
R2695,H4,130–140 Ma,S,GG0023,Mufushan,REF0195,REF0195,GG0023,Mufushan,Hunan,Renli,Composite or parent geological unit,Related subunits are consolidated under the named Mufushan parent unit so genetically and spatially related samples remain in one validation group.,Medium,38,REF0195; REF0196; REF0197; REF0198,RCB0019,REF0195; REF0196; REF0197; REF0198
R2696,H5,130–140 Ma,S,GG0023,Mufushan,REF0195,REF0195,GG0023,Mufushan,Hunan,Renli,Composite or parent geological unit,Related subunits are consolidated under the named Mufushan parent unit so genetically and spatially related samples remain in one validation group.,Medium,38,REF0195; REF0196; REF0197; REF0198,RCB0019,REF0195; REF0196; REF0197; REF0198
R2697,H6,130–140 Ma,S,GG0023,Mufushan,REF0195,REF0195,GG0023,Mufushan,Hunan,Renli,Composite or parent geological unit,Related subunits are consolidated under the named Mufushan parent unit so genetically and spatially related samples remain in one validation group.,Medium,38,REF0195; REF0196; REF0197; REF0198,RCB0019,REF0195; REF0196; REF0197; REF0198
R2698,H29,130–140 Ma,S,GG0023,Mufushan,REF0195,REF0195,GG0023,Mufushan,Hunan,Renli,Composite or parent geological unit,Related subunits are consolidated under the named Mufushan parent unit so genetically and spatially related samples remain in one validation group.,Medium,38,REF0195; REF0196; REF0197; REF0198,RCB0019,REF0195; REF0196; REF0197; REF0198
R2699,H30,130–140 Ma,S,GG0023,Mufushan,REF0195,REF0195,GG0023,Mufushan,Hunan,Renli,Composite or parent geological unit,Related subunits are consolidated under the named Mufushan parent unit so genetically and spatially related samples remain in one validation group.,Medium,38,REF0195; REF0196; REF0197; REF0198,RCB0019,REF0195; REF0196; REF0197; REF0198
R2700,H31,130–140 Ma,S,GG0023,Mufushan,REF0195,REF0195,GG0023,Mufushan,Hunan,Renli,Composite or parent geological unit,Related subunits are consolidated under the named Mufushan parent unit so genetically and spatially related samples remain in one validation group.,Medium,38,REF0195; REF0196; REF0197; REF0198,RCB0019,REF0195; REF0196; REF0197; REF0198
R2701,H32,130–140 Ma,S,GG0023,Mufushan,REF0195,REF0195,GG0023,Mufushan,Hunan,Renli,Composite or parent geological unit,Related subunits are consolidated under the named Mufushan parent unit so genetically and spatially related samples remain in one validation group.,Medium,38,REF0195; REF0196; REF0197; REF0198,RCB0019,REF0195; REF0196; REF0197; REF0198
R2702,H33,130–140 Ma,S,GG0023,Mufushan,REF0195,REF0195,GG0023,Mufushan,Hunan,Renli,Composite or parent geological unit,Related subunits are consolidated under the named Mufushan parent unit so genetically and spatially related samples remain in one validation group.,Medium,38,REF0195; REF0196; REF0197; REF0198,RCB0019,REF0195; REF0196; REF0197; REF0198
R2703,H34,130–140 Ma,S,GG0023,Mufushan,REF0195,REF0195,GG0023,Mufushan,Hunan,Renli,Composite or parent geological unit,Related subunits are consolidated under the named Mufushan parent unit so genetically and spatially related samples remain in one validation group.,Medium,38,REF0195; REF0196; REF0197; REF0198,RCB0019,REF0195; REF0196; REF0197; REF0198
R2704,H35,130–140 Ma,S,GG0023,Mufushan,REF0195,REF0195,GG0023,Mufushan,Hunan,Renli,Composite or parent geological unit,Related subunits are consolidated under the named Mufushan parent unit so genetically and spatially related samples remain in one validation group.,Medium,38,REF0195; REF0196; REF0197; REF0198,RCB0019,REF0195; REF0196; REF0197; REF0198
R2705,GTX01,135–138 Ma,S,GG0023,Mufushan,REF0196,REF0196,GG0023,Mufushan,Hunan,Renli,Composite or parent geological unit,Related subunits are consolidated under the named Mufushan parent unit so genetically and spatially related samples remain in one validation group.,Medium,38,REF0195; REF0196; REF0197; REF0198,RCB0019,REF0195; REF0196; REF0197; REF0198
R2706,GTX03,135–138 Ma,S,GG0023,Mufushan,REF0196,REF0196,GG0023,Mufushan,Hunan,Renli,Composite or parent geological unit,Related subunits are consolidated under the named Mufushan parent unit so genetically and spatially related samples remain in one validation group.,Medium,38,REF0195; REF0196; REF0197; REF0198,RCB0019,REF0195; REF0196; REF0197; REF0198
R2707,GTX04,135–138 Ma,S,GG0023,Mufushan,REF0196,REF0196,GG0023,Mufushan,Hunan,Renli,Composite or parent geological unit,Related subunits are consolidated under the named Mufushan parent unit so genetically and spatially related samples remain in one validation group.,Medium,38,REF0195; REF0196; REF0197; REF0198,RCB0019,REF0195; REF0196; REF0197; REF0198
R2708,GTX05,135–138 Ma,S,GG0023,Mufushan,REF0196,REF0196,GG0023,Mufushan,Hunan,Renli,Composite or parent geological unit,Related subunits are consolidated under the named Mufushan parent unit so genetically and spatially related samples remain in one validation group.,Medium,38,REF0195; REF0196; REF0197; REF0198,RCB0019,REF0195; REF0196; REF0197; REF0198
R2709,GTX06,135–138 Ma,S,GG0023,Mufushan,REF0196,REF0196,GG0023,Mufushan,Hunan,Renli,Composite or parent geological unit,Related subunits are consolidated under the named Mufushan parent unit so genetically and spatially related samples remain in one validation group.,Medium,38,REF0195; REF0196; REF0197; REF0198,RCB0019,REF0195; REF0196; REF0197; REF0198
R2710,GTX07,135–138 Ma,S,GG0023,Mufushan,REF0196,REF0196,GG0023,Mufushan,Hunan,Renli,Composite or parent geological unit,Related subunits are consolidated under the named Mufushan parent unit so genetically and spatially related samples remain in one validation group.,Medium,38,REF0195; REF0196; REF0197; REF0198,RCB0019,REF0195; REF0196; REF0197; REF0198
R2711,GTX08,135–138 Ma,S,GG0023,Mufushan,REF0196,REF0196,GG0023,Mufushan,Hunan,Renli,Composite or parent geological unit,Related subunits are consolidated under the named Mufushan parent unit so genetically and spatially related samples remain in one validation group.,Medium,38,REF0195; REF0196; REF0197; REF0198,RCB0019,REF0195; REF0196; REF0197; REF0198
R2712,H34,125–145 Ma,S,GG0023,Mufushan,REF0197,REF0197,GG0023,Mufushan,Hunan,Renli,Composite or parent geological unit,Related subunits are consolidated under the named Mufushan parent unit so genetically and spatially related samples remain in one validation group.,Medium,38,REF0195; REF0196; REF0197; REF0198,RCB0019,REF0195; REF0196; REF0197; REF0198
R2713,Y9,125–145 Ma,S,GG0023,Mufushan,REF0197,REF0197,GG0023,Mufushan,Hunan,Renli,Composite or parent geological unit,Related subunits are consolidated under the named Mufushan parent unit so genetically and spatially related samples remain in one validation group.,Medium,38,REF0195; REF0196; REF0197; REF0198,RCB0019,REF0195; REF0196; REF0197; REF0198
R2714,BL-4-1,125–145 Ma,S,GG0023,Mufushan,REF0197,REF0197,GG0023,Mufushan,Hunan,Renli,Composite or parent geological unit,Related subunits are consolidated under the named Mufushan parent unit so genetically and spatially related samples remain in one validation group.,Medium,38,REF0195; REF0196; REF0197; REF0198,RCB0019,REF0195; REF0196; REF0197; REF0198
R2715,09BL-5-1,125–145 Ma,S,GG0023,Mufushan,REF0197,REF0197,GG0023,Mufushan,Hunan,Renli,Composite or parent geological unit,Related subunits are consolidated under the named Mufushan parent unit so genetically and spatially related samples remain in one validation group.,Medium,38,REF0195; REF0196; REF0197; REF0198,RCB0019,REF0195; REF0196; REF0197; REF0198
R2716,BL-4-1-1,125–145 Ma,S,GG0023,Mufushan,REF0197,REF0197,GG0023,Mufushan,Hunan,Renli,Composite or parent geological unit,Related subunits are consolidated under the named Mufushan parent unit so genetically and spatially related samples remain in one validation group.,Medium,38,REF0195; REF0196; REF0197; REF0198,RCB0019,REF0195; REF0196; REF0197; REF0198
R2717,MX08,819.6±4.6 Ma; 810.4±4.7 Ma,S,GG0023,Mufushan,REF0198,REF0198,GG0023,Mufushan,Hunan,Renli,Composite or parent geological unit,Related subunits are consolidated under the named Mufushan parent unit so genetically and spatially related samples remain in one validation group.,Medium,38,REF0195; REF0196; REF0197; REF0198,RCB0019,REF0195; REF0196; REF0197; REF0198
R2718,MX10,819.6±4.6 Ma; 810.4±4.7 Ma,S,GG0023,Mufushan,REF0198,REF0198,GG0023,Mufushan,Hunan,Renli,Composite or parent geological unit,Related subunits are consolidated under the named Mufushan parent unit so genetically and spatially related samples remain in one validation group.,Medium,38,REF0195; REF0196; REF0197; REF0198,RCB0019,REF0195; REF0196; REF0197; REF0198
R2719,MX10-1,819.6±4.6 Ma; 810.4±4.7 Ma,S,GG0023,Mufushan,REF0198,REF0198,GG0023,Mufushan,Hunan,Renli,Composite or parent geological unit,Related subunits are consolidated under the named Mufushan parent unit so genetically and spatially related samples remain in one validation group.,Medium,38,REF0195; REF0196; REF0197; REF0198,RCB0019,REF0195; REF0196; REF0197; REF0198
R2720,MX10-2,819.6±4.6 Ma; 810.4±4.7 Ma,S,GG0023,Mufushan,REF0198,REF0198,GG0023,Mufushan,Hunan,Renli,Composite or parent geological unit,Related subunits are consolidated under the named Mufushan parent unit so genetically and spatially related samples remain in one validation group.,Medium,38,REF0195; REF0196; REF0197; REF0198,RCB0019,REF0195; REF0196; REF0197; REF0198
R2721,MX10-3,819.6±4.6 Ma; 810.4±4.7 Ma,S,GG0023,Mufushan,REF0198,REF0198,GG0023,Mufushan,Hunan,Renli,Composite or parent geological unit,Related subunits are consolidated under the named Mufushan parent unit so genetically and spatially related samples remain in one validation group.,Medium,38,REF0195; REF0196; REF0197; REF0198,RCB0019,REF0195; REF0196; REF0197; REF0198
R2722,MX11,819.6±4.6 Ma; 810.4±4.7 Ma,S,GG0023,Mufushan,REF0198,REF0198,GG0023,Mufushan,Hunan,Renli,Composite or parent geological unit,Related subunits are consolidated under the named Mufushan parent unit so genetically and spatially related samples remain in one validation group.,Medium,38,REF0195; REF0196; REF0197; REF0198,RCB0019,REF0195; REF0196; REF0197; REF0198
R2723,MX11-1,819.6±4.6 Ma; 810.4±4.7 Ma,S,GG0023,Mufushan,REF0198,REF0198,GG0023,Mufushan,Hunan,Renli,Composite or parent geological unit,Related subunits are consolidated under the named Mufushan parent unit so genetically and spatially related samples remain in one validation group.,Medium,38,REF0195; REF0196; REF0197; REF0198,RCB0019,REF0195; REF0196; REF0197; REF0198
R2724,MX12,819.6±4.6 Ma; 810.4±4.7 Ma,S,GG0023,Mufushan,REF0198,REF0198,GG0023,Mufushan,Hunan,Renli,Composite or parent geological unit,Related subunits are consolidated under the named Mufushan parent unit so genetically and spatially related samples remain in one validation group.,Medium,38,REF0195; REF0196; REF0197; REF0198,RCB0019,REF0195; REF0196; REF0197; REF0198
R2725,MX13,819.6±4.6 Ma; 810.4±4.7 Ma,S,GG0023,Mufushan,REF0198,REF0198,GG0023,Mufushan,Hunan,Renli,Composite or parent geological unit,Related subunits are consolidated under the named Mufushan parent unit so genetically and spatially related samples remain in one validation group.,Medium,38,REF0195; REF0196; REF0197; REF0198,RCB0019,REF0195; REF0196; REF0197; REF0198
R2726,MX14,819.6±4.6 Ma; 810.4±4.7 Ma,S,GG0023,Mufushan,REF0198,REF0198,GG0023,Mufushan,Hunan,Renli,Composite or parent geological unit,Related subunits are consolidated under the named Mufushan parent unit so genetically and spatially related samples remain in one validation group.,Medium,38,REF0195; REF0196; REF0197; REF0198,RCB0019,REF0195; REF0196; REF0197; REF0198
R2727,MX15,819.6±4.6 Ma; 810.4±4.7 Ma,S,GG0023,Mufushan,REF0198,REF0198,GG0023,Mufushan,Hunan,Renli,Composite or parent geological unit,Related subunits are consolidated under the named Mufushan parent unit so genetically and spatially related samples remain in one validation group.,Medium,38,REF0195; REF0196; REF0197; REF0198,RCB0019,REF0195; REF0196; REF0197; REF0198
R2728,MX16,819.6±4.6 Ma; 810.4±4.7 Ma,S,GG0023,Mufushan,REF0198,REF0198,GG0023,Mufushan,Hunan,Renli,Composite or parent geological unit,Related subunits are consolidated under the named Mufushan parent unit so genetically and spatially related samples remain in one validation group.,Medium,38,REF0195; REF0196; REF0197; REF0198,RCB0019,REF0195; REF0196; REF0197; REF0198
R2729,MX17,819.6±4.6 Ma; 810.4±4.7 Ma,S,GG0023,Mufushan,REF0198,REF0198,GG0023,Mufushan,Hunan,Renli,Composite or parent geological unit,Related subunits are consolidated under the named Mufushan parent unit so genetically and spatially related samples remain in one validation group.,Medium,38,REF0195; REF0196; REF0197; REF0198,RCB0019,REF0195; REF0196; REF0197; REF0198
R2730,17PXM01,149–150 Ma,A,GG0126,Zhengchong Rb-bearing granite,REF0199,REF0199,GG0126,Zhengchong Rb-bearing granite,Hunan,Zhengchong Rb-polymetallic deposit,Granite body,The linked study explicitly identifies the Zhengchong Rb-bearing granite; records are grouped at that named geological-unit level.,High,53,REF0199,RCB0069,REF0199
R2731,17PXM02,149–150 Ma,A,GG0126,Zhengchong Rb-bearing granite,REF0199,REF0199,GG0126,Zhengchong Rb-bearing granite,Hunan,Zhengchong Rb-polymetallic deposit,Granite body,The linked study explicitly identifies the Zhengchong Rb-bearing granite; records are grouped at that named geological-unit level.,High,53,REF0199,RCB0069,REF0199
R2732,17PXM06,149–150 Ma,A,GG0126,Zhengchong Rb-bearing granite,REF0199,REF0199,GG0126,Zhengchong Rb-bearing granite,Hunan,Zhengchong Rb-polymetallic deposit,Granite body,The linked study explicitly identifies the Zhengchong Rb-bearing granite; records are grouped at that named geological-unit level.,High,53,REF0199,RCB0069,REF0199
R2733,17PXM10,149–150 Ma,A,GG0126,Zhengchong Rb-bearing granite,REF0199,REF0199,GG0126,Zhengchong Rb-bearing granite,Hunan,Zhengchong Rb-polymetallic deposit,Granite body,The linked study explicitly identifies the Zhengchong Rb-bearing granite; records are grouped at that named geological-unit level.,High,53,REF0199,RCB0069,REF0199
R2734,17PXM13,149–150 Ma,A,GG0126,Zhengchong Rb-bearing granite,REF0199,REF0199,GG0126,Zhengchong Rb-bearing granite,Hunan,Zhengchong Rb-polymetallic deposit,Granite body,The linked study explicitly identifies the Zhengchong Rb-bearing granite; records are grouped at that named geological-unit level.,High,53,REF0199,RCB0069,REF0199
R2735,17PXM16,149–150 Ma,A,GG0126,Zhengchong Rb-bearing granite,REF0199,REF0199,GG0126,Zhengchong Rb-bearing granite,Hunan,Zhengchong Rb-polymetallic deposit,Granite body,The linked study explicitly identifies the Zhengchong Rb-bearing granite; records are grouped at that named geological-unit level.,High,53,REF0199,RCB0069,REF0199
R2736,JY02,149–150 Ma,A,GG0126,Zhengchong Rb-bearing granite,REF0199,REF0199,GG0126,Zhengchong Rb-bearing granite,Hunan,Zhengchong Rb-polymetallic deposit,Granite body,The linked study explicitly identifies the Zhengchong Rb-bearing granite; records are grouped at that named geological-unit level.,High,53,REF0199,RCB0069,REF0199
R2737,JY03,149–150 Ma,A,GG0126,Zhengchong Rb-bearing granite,REF0199,REF0199,GG0126,Zhengchong Rb-bearing granite,Hunan,Zhengchong Rb-polymetallic deposit,Granite body,The linked study explicitly identifies the Zhengchong Rb-bearing granite; records are grouped at that named geological-unit level.,High,53,REF0199,RCB0069,REF0199
R2738,17JJL01,149–150 Ma,A,GG0126,Zhengchong Rb-bearing granite,REF0199,REF0199,GG0126,Zhengchong Rb-bearing granite,Hunan,Zhengchong Rb-polymetallic deposit,Granite body,The linked study explicitly identifies the Zhengchong Rb-bearing granite; records are grouped at that named geological-unit level.,High,53,REF0199,RCB0069,REF0199
R2739,17JJL08,149–150 Ma,A,GG0126,Zhengchong Rb-bearing granite,REF0199,REF0199,GG0126,Zhengchong Rb-bearing granite,Hunan,Zhengchong Rb-polymetallic deposit,Granite body,The linked study explicitly identifies the Zhengchong Rb-bearing granite; records are grouped at that named geological-unit level.,High,53,REF0199,RCB0069,REF0199
R2740,17JJL09,149–150 Ma,A,GG0126,Zhengchong Rb-bearing granite,REF0199,REF0199,GG0126,Zhengchong Rb-bearing granite,Hunan,Zhengchong Rb-polymetallic deposit,Granite body,The linked study explicitly identifies the Zhengchong Rb-bearing granite; records are grouped at that named geological-unit level.,High,53,REF0199,RCB0069,REF0199
R2741,17JJL13,149–150 Ma,A,GG0126,Zhengchong Rb-bearing granite,REF0199,REF0199,GG0126,Zhengchong Rb-bearing granite,Hunan,Zhengchong Rb-polymetallic deposit,Granite body,The linked study explicitly identifies the Zhengchong Rb-bearing granite; records are grouped at that named geological-unit level.,High,53,REF0199,RCB0069,REF0199
R2742,17JJL14,149–150 Ma,A,GG0126,Zhengchong Rb-bearing granite,REF0199,REF0199,GG0126,Zhengchong Rb-bearing granite,Hunan,Zhengchong Rb-polymetallic deposit,Granite body,The linked study explicitly identifies the Zhengchong Rb-bearing granite; records are grouped at that named geological-unit level.,High,53,REF0199,RCB0069,REF0199
R2743,17JJL16,149–150 Ma,A,GG0126,Zhengchong Rb-bearing granite,REF0199,REF0199,GG0126,Zhengchong Rb-bearing granite,Hunan,Zhengchong Rb-polymetallic deposit,Granite body,The linked study explicitly identifies the Zhengchong Rb-bearing granite; records are grouped at that named geological-unit level.,High,53,REF0199,RCB0069,REF0199
R2744,17JJL19,149–150 Ma,A,GG0126,Zhengchong Rb-bearing granite,REF0199,REF0199,GG0126,Zhengchong Rb-bearing granite,Hunan,Zhengchong Rb-polymetallic deposit,Granite body,The linked study explicitly identifies the Zhengchong Rb-bearing granite; records are grouped at that named geological-unit level.,High,53,REF0199,RCB0069,REF0199
R2745,17JJL24,149–150 Ma,A,GG0126,Zhengchong Rb-bearing granite,REF0199,REF0199,GG0126,Zhengchong Rb-bearing granite,Hunan,Zhengchong Rb-polymetallic deposit,Granite body,The linked study explicitly identifies the Zhengchong Rb-bearing granite; records are grouped at that named geological-unit level.,High,53,REF0199,RCB0069,REF0199
R2746,17JJL29,149–150 Ma,A,GG0126,Zhengchong Rb-bearing granite,REF0199,REF0199,GG0126,Zhengchong Rb-bearing granite,Hunan,Zhengchong Rb-polymetallic deposit,Granite body,The linked study explicitly identifies the Zhengchong Rb-bearing granite; records are grouped at that named geological-unit level.,High,53,REF0199,RCB0069,REF0199
R2747,17JJL33,149–150 Ma,A,GG0126,Zhengchong Rb-bearing granite,REF0199,REF0199,GG0126,Zhengchong Rb-bearing granite,Hunan,Zhengchong Rb-polymetallic deposit,Granite body,The linked study explicitly identifies the Zhengchong Rb-bearing granite; records are grouped at that named geological-unit level.,High,53,REF0199,RCB0069,REF0199
R2748,17JJL37,149–150 Ma,A,GG0126,Zhengchong Rb-bearing granite,REF0199,REF0199,GG0126,Zhengchong Rb-bearing granite,Hunan,Zhengchong Rb-polymetallic deposit,Granite body,The linked study explicitly identifies the Zhengchong Rb-bearing granite; records are grouped at that named geological-unit level.,High,53,REF0199,RCB0069,REF0199
R2749,17JJL39,149–150 Ma,A,GG0126,Zhengchong Rb-bearing granite,REF0199,REF0199,GG0126,Zhengchong Rb-bearing granite,Hunan,Zhengchong Rb-polymetallic deposit,Granite body,The linked study explicitly identifies the Zhengchong Rb-bearing granite; records are grouped at that named geological-unit level.,High,53,REF0199,RCB0069,REF0199
R2750,17JJL42,149–150 Ma,A,GG0126,Zhengchong Rb-bearing granite,REF0199,REF0199,GG0126,Zhengchong Rb-bearing granite,Hunan,Zhengchong Rb-polymetallic deposit,Granite body,The linked study explicitly identifies the Zhengchong Rb-bearing granite; records are grouped at that named geological-unit level.,High,53,REF0199,RCB0069,REF0199
R2751,17JJL47,149–150 Ma,A,GG0126,Zhengchong Rb-bearing granite,REF0199,REF0199,GG0126,Zhengchong Rb-bearing granite,Hunan,Zhengchong Rb-polymetallic deposit,Granite body,The linked study explicitly identifies the Zhengchong Rb-bearing granite; records are grouped at that named geological-unit level.,High,53,REF0199,RCB0069,REF0199
R2752,20ZC14-2,149–150 Ma,A,GG0126,Zhengchong Rb-bearing granite,REF0199,REF0199,GG0126,Zhengchong Rb-bearing granite,Hunan,Zhengchong Rb-polymetallic deposit,Granite body,The linked study explicitly identifies the Zhengchong Rb-bearing granite; records are grouped at that named geological-unit level.,High,53,REF0199,RCB0069,REF0199
R2753,20ZC30,149–150 Ma,A,GG0126,Zhengchong Rb-bearing granite,REF0199,REF0199,GG0126,Zhengchong Rb-bearing granite,Hunan,Zhengchong Rb-polymetallic deposit,Granite body,The linked study explicitly identifies the Zhengchong Rb-bearing granite; records are grouped at that named geological-unit level.,High,53,REF0199,RCB0069,REF0199
R2754,20ZC32,149–150 Ma,A,GG0126,Zhengchong Rb-bearing granite,REF0199,REF0199,GG0126,Zhengchong Rb-bearing granite,Hunan,Zhengchong Rb-polymetallic deposit,Granite body,The linked study explicitly identifies the Zhengchong Rb-bearing granite; records are grouped at that named geological-unit level.,High,53,REF0199,RCB0069,REF0199
R2755,ZC03,149–150 Ma,A,GG0126,Zhengchong Rb-bearing granite,REF0199,REF0199,GG0126,Zhengchong Rb-bearing granite,Hunan,Zhengchong Rb-polymetallic deposit,Granite body,The linked study explicitly identifies the Zhengchong Rb-bearing granite; records are grouped at that named geological-unit level.,High,53,REF0199,RCB0069,REF0199
R2756,ZC07,149–150 Ma,A,GG0126,Zhengchong Rb-bearing granite,REF0199,REF0199,GG0126,Zhengchong Rb-bearing granite,Hunan,Zhengchong Rb-polymetallic deposit,Granite body,The linked study explicitly identifies the Zhengchong Rb-bearing granite; records are grouped at that named geological-unit level.,High,53,REF0199,RCB0069,REF0199
R2757,ZC11,149–150 Ma,A,GG0126,Zhengchong Rb-bearing granite,REF0199,REF0199,GG0126,Zhengchong Rb-bearing granite,Hunan,Zhengchong Rb-polymetallic deposit,Granite body,The linked study explicitly identifies the Zhengchong Rb-bearing granite; records are grouped at that named geological-unit level.,High,53,REF0199,RCB0069,REF0199
R2758,ZC18,149–150 Ma,A,GG0126,Zhengchong Rb-bearing granite,REF0199,REF0199,GG0126,Zhengchong Rb-bearing granite,Hunan,Zhengchong Rb-polymetallic deposit,Granite body,The linked study explicitly identifies the Zhengchong Rb-bearing granite; records are grouped at that named geological-unit level.,High,53,REF0199,RCB0069,REF0199
R2759,ZC25,149–150 Ma,A,GG0126,Zhengchong Rb-bearing granite,REF0199,REF0199,GG0126,Zhengchong Rb-bearing granite,Hunan,Zhengchong Rb-polymetallic deposit,Granite body,The linked study explicitly identifies the Zhengchong Rb-bearing granite; records are grouped at that named geological-unit level.,High,53,REF0199,RCB0069,REF0199
R2760,ZC33,149–150 Ma,A,GG0126,Zhengchong Rb-bearing granite,REF0199,REF0199,GG0126,Zhengchong Rb-bearing granite,Hunan,Zhengchong Rb-polymetallic deposit,Granite body,The linked study explicitly identifies the Zhengchong Rb-bearing granite; records are grouped at that named geological-unit level.,High,53,REF0199,RCB0069,REF0199
R2761,ZC34,149–150 Ma,A,GG0126,Zhengchong Rb-bearing granite,REF0199,REF0199,GG0126,Zhengchong Rb-bearing granite,Hunan,Zhengchong Rb-polymetallic deposit,Granite body,The linked study explicitly identifies the Zhengchong Rb-bearing granite; records are grouped at that named geological-unit level.,High,53,REF0199,RCB0069,REF0199
R2762,20ZC14-1,149–150 Ma,A,GG0126,Zhengchong Rb-bearing granite,REF0199,REF0199,GG0126,Zhengchong Rb-bearing granite,Hunan,Zhengchong Rb-polymetallic deposit,Granite body,The linked study explicitly identifies the Zhengchong Rb-bearing granite; records are grouped at that named geological-unit level.,High,53,REF0199,RCB0069,REF0199
R2763,20ZC28,149–150 Ma,A,GG0126,Zhengchong Rb-bearing granite,REF0199,REF0199,GG0126,Zhengchong Rb-bearing granite,Hunan,Zhengchong Rb-polymetallic deposit,Granite body,The linked study explicitly identifies the Zhengchong Rb-bearing granite; records are grouped at that named geological-unit level.,High,53,REF0199,RCB0069,REF0199
R2764,ZC08,149–150 Ma,A,GG0126,Zhengchong Rb-bearing granite,REF0199,REF0199,GG0126,Zhengchong Rb-bearing granite,Hunan,Zhengchong Rb-polymetallic deposit,Granite body,The linked study explicitly identifies the Zhengchong Rb-bearing granite; records are grouped at that named geological-unit level.,High,53,REF0199,RCB0069,REF0199
R2765,ZC09,149–150 Ma,A,GG0126,Zhengchong Rb-bearing granite,REF0199,REF0199,GG0126,Zhengchong Rb-bearing granite,Hunan,Zhengchong Rb-polymetallic deposit,Granite body,The linked study explicitly identifies the Zhengchong Rb-bearing granite; records are grouped at that named geological-unit level.,High,53,REF0199,RCB0069,REF0199
R2766,ZC21,149–150 Ma,A,GG0126,Zhengchong Rb-bearing granite,REF0199,REF0199,GG0126,Zhengchong Rb-bearing granite,Hunan,Zhengchong Rb-polymetallic deposit,Granite body,The linked study explicitly identifies the Zhengchong Rb-bearing granite; records are grouped at that named geological-unit level.,High,53,REF0199,RCB0069,REF0199
R2767,ZC22,149–150 Ma,A,GG0126,Zhengchong Rb-bearing granite,REF0199,REF0199,GG0126,Zhengchong Rb-bearing granite,Hunan,Zhengchong Rb-polymetallic deposit,Granite body,The linked study explicitly identifies the Zhengchong Rb-bearing granite; records are grouped at that named geological-unit level.,High,53,REF0199,RCB0069,REF0199
R2768,ZC23,149–150 Ma,A,GG0126,Zhengchong Rb-bearing granite,REF0199,REF0199,GG0126,Zhengchong Rb-bearing granite,Hunan,Zhengchong Rb-polymetallic deposit,Granite body,The linked study explicitly identifies the Zhengchong Rb-bearing granite; records are grouped at that named geological-unit level.,High,53,REF0199,RCB0069,REF0199
R2769,ZC24,149–150 Ma,A,GG0126,Zhengchong Rb-bearing granite,REF0199,REF0199,GG0126,Zhengchong Rb-bearing granite,Hunan,Zhengchong Rb-polymetallic deposit,Granite body,The linked study explicitly identifies the Zhengchong Rb-bearing granite; records are grouped at that named geological-unit level.,High,53,REF0199,RCB0069,REF0199
R2770,ZC17,149–150 Ma,A,GG0126,Zhengchong Rb-bearing granite,REF0199,REF0199,GG0126,Zhengchong Rb-bearing granite,Hunan,Zhengchong Rb-polymetallic deposit,Granite body,The linked study explicitly identifies the Zhengchong Rb-bearing granite; records are grouped at that named geological-unit level.,High,53,REF0199,RCB0069,REF0199
R2771,ZC19,149–150 Ma,A,GG0126,Zhengchong Rb-bearing granite,REF0199,REF0199,GG0126,Zhengchong Rb-bearing granite,Hunan,Zhengchong Rb-polymetallic deposit,Granite body,The linked study explicitly identifies the Zhengchong Rb-bearing granite; records are grouped at that named geological-unit level.,High,53,REF0199,RCB0069,REF0199
R2772,ZC17-1,149–150 Ma,A,GG0126,Zhengchong Rb-bearing granite,REF0199,REF0199,GG0126,Zhengchong Rb-bearing granite,Hunan,Zhengchong Rb-polymetallic deposit,Granite body,The linked study explicitly identifies the Zhengchong Rb-bearing granite; records are grouped at that named geological-unit level.,High,53,REF0199,RCB0069,REF0199
R2773,ZC19-1,149–150 Ma,A,GG0126,Zhengchong Rb-bearing granite,REF0199,REF0199,GG0126,Zhengchong Rb-bearing granite,Hunan,Zhengchong Rb-polymetallic deposit,Granite body,The linked study explicitly identifies the Zhengchong Rb-bearing granite; records are grouped at that named geological-unit level.,High,53,REF0199,RCB0069,REF0199
R2774,19ZC30-1,149–150 Ma,A,GG0126,Zhengchong Rb-bearing granite,REF0199,REF0199,GG0126,Zhengchong Rb-bearing granite,Hunan,Zhengchong Rb-polymetallic deposit,Granite body,The linked study explicitly identifies the Zhengchong Rb-bearing granite; records are grouped at that named geological-unit level.,High,53,REF0199,RCB0069,REF0199
R2775,19ZC30-2,149–150 Ma,A,GG0126,Zhengchong Rb-bearing granite,REF0199,REF0199,GG0126,Zhengchong Rb-bearing granite,Hunan,Zhengchong Rb-polymetallic deposit,Granite body,The linked study explicitly identifies the Zhengchong Rb-bearing granite; records are grouped at that named geological-unit level.,High,53,REF0199,RCB0069,REF0199
R2776,19ZC35-1,149–150 Ma,A,GG0126,Zhengchong Rb-bearing granite,REF0199,REF0199,GG0126,Zhengchong Rb-bearing granite,Hunan,Zhengchong Rb-polymetallic deposit,Granite body,The linked study explicitly identifies the Zhengchong Rb-bearing granite; records are grouped at that named geological-unit level.,High,53,REF0199,RCB0069,REF0199
R2777,19ZC35-2,149–150 Ma,A,GG0126,Zhengchong Rb-bearing granite,REF0199,REF0199,GG0126,Zhengchong Rb-bearing granite,Hunan,Zhengchong Rb-polymetallic deposit,Granite body,The linked study explicitly identifies the Zhengchong Rb-bearing granite; records are grouped at that named geological-unit level.,High,53,REF0199,RCB0069,REF0199
R2778,20ZC04-2,149–150 Ma,A,GG0126,Zhengchong Rb-bearing granite,REF0199,REF0199,GG0126,Zhengchong Rb-bearing granite,Hunan,Zhengchong Rb-polymetallic deposit,Granite body,The linked study explicitly identifies the Zhengchong Rb-bearing granite; records are grouped at that named geological-unit level.,High,53,REF0199,RCB0069,REF0199
R2779,20ZC09,149–150 Ma,A,GG0126,Zhengchong Rb-bearing granite,REF0199,REF0199,GG0126,Zhengchong Rb-bearing granite,Hunan,Zhengchong Rb-polymetallic deposit,Granite body,The linked study explicitly identifies the Zhengchong Rb-bearing granite; records are grouped at that named geological-unit level.,High,53,REF0199,RCB0069,REF0199
R2780,20ZC15,149–150 Ma,A,GG0126,Zhengchong Rb-bearing granite,REF0199,REF0199,GG0126,Zhengchong Rb-bearing granite,Hunan,Zhengchong Rb-polymetallic deposit,Granite body,The linked study explicitly identifies the Zhengchong Rb-bearing granite; records are grouped at that named geological-unit level.,High,53,REF0199,RCB0069,REF0199
R2781,20ZC27,149–150 Ma,A,GG0126,Zhengchong Rb-bearing granite,REF0199,REF0199,GG0126,Zhengchong Rb-bearing granite,Hunan,Zhengchong Rb-polymetallic deposit,Granite body,The linked study explicitly identifies the Zhengchong Rb-bearing granite; records are grouped at that named geological-unit level.,High,53,REF0199,RCB0069,REF0199
R2782,20ZC34,149–150 Ma,A,GG0126,Zhengchong Rb-bearing granite,REF0199,REF0199,GG0126,Zhengchong Rb-bearing granite,Hunan,Zhengchong Rb-polymetallic deposit,Granite body,The linked study explicitly identifies the Zhengchong Rb-bearing granite; records are grouped at that named geological-unit level.,High,53,REF0199,RCB0069,REF0199
R2783,J43,156 ± 2 Ma,A,GG0017,Jinjiling,REF0200,REF0200,GG0017,Jinjiling,Hunan,,Composite or parent geological unit,Related subunits are consolidated under the named Jinjiling parent unit so genetically and spatially related samples remain in one validation group.,Medium,27,REF0013; REF0200,RCB0007,REF0013; REF0200
R2784,JE2,156 ± 2 Ma,A,GG0017,Jinjiling,REF0200,REF0200,GG0017,Jinjiling,Hunan,,Composite or parent geological unit,Related subunits are consolidated under the named Jinjiling parent unit so genetically and spatially related samples remain in one validation group.,Medium,27,REF0013; REF0200,RCB0007,REF0013; REF0200
R2785,D127-1,156 ± 2 Ma,A,GG0017,Jinjiling,REF0200,REF0200,GG0017,Jinjiling,Hunan,,Composite or parent geological unit,Related subunits are consolidated under the named Jinjiling parent unit so genetically and spatially related samples remain in one validation group.,Medium,27,REF0013; REF0200,RCB0007,REF0013; REF0200
R2786,D123-1,156 ± 2 Ma,A,GG0017,Jinjiling,REF0200,REF0200,GG0017,Jinjiling,Hunan,,Composite or parent geological unit,Related subunits are consolidated under the named Jinjiling parent unit so genetically and spatially related samples remain in one validation group.,Medium,27,REF0013; REF0200,RCB0007,REF0013; REF0200
R2787,D131-1,156 ± 2 Ma,A,GG0017,Jinjiling,REF0200,REF0200,GG0017,Jinjiling,Hunan,,Composite or parent geological unit,Related subunits are consolidated under the named Jinjiling parent unit so genetically and spatially related samples remain in one validation group.,Medium,27,REF0013; REF0200,RCB0007,REF0013; REF0200
R2788,D141-1,156 ± 2 Ma,A,GG0017,Jinjiling,REF0200,REF0200,GG0017,Jinjiling,Hunan,,Composite or parent geological unit,Related subunits are consolidated under the named Jinjiling parent unit so genetically and spatially related samples remain in one validation group.,Medium,27,REF0013; REF0200,RCB0007,REF0013; REF0200
R2789,D142-1,156 ± 2 Ma,A,GG0017,Jinjiling,REF0200,REF0200,GG0017,Jinjiling,Hunan,,Composite or parent geological unit,Related subunits are consolidated under the named Jinjiling parent unit so genetically and spatially related samples remain in one validation group.,Medium,27,REF0013; REF0200,RCB0007,REF0013; REF0200
R2790,J01,156 ± 2 Ma,A,GG0017,Jinjiling,REF0200,REF0200,GG0017,Jinjiling,Hunan,,Composite or parent geological unit,Related subunits are consolidated under the named Jinjiling parent unit so genetically and spatially related samples remain in one validation group.,Medium,27,REF0013; REF0200,RCB0007,REF0013; REF0200
R2791,J04,156 ± 2 Ma,A,GG0017,Jinjiling,REF0200,REF0200,GG0017,Jinjiling,Hunan,,Composite or parent geological unit,Related subunits are consolidated under the named Jinjiling parent unit so genetically and spatially related samples remain in one validation group.,Medium,27,REF0013; REF0200,RCB0007,REF0013; REF0200
R2792,J15,156 ± 2 Ma,A,GG0017,Jinjiling,REF0200,REF0200,GG0017,Jinjiling,Hunan,,Composite or parent geological unit,Related subunits are consolidated under the named Jinjiling parent unit so genetically and spatially related samples remain in one validation group.,Medium,27,REF0013; REF0200,RCB0007,REF0013; REF0200
R2793,1(272),156 ± 2 Ma,A,GG0017,Jinjiling,REF0200,REF0200,GG0017,Jinjiling,Hunan,,Composite or parent geological unit,Related subunits are consolidated under the named Jinjiling parent unit so genetically and spatially related samples remain in one validation group.,Medium,27,REF0013; REF0200,RCB0007,REF0013; REF0200
R2794,2(9),156 ± 2 Ma,A,GG0017,Jinjiling,REF0200,REF0200,GG0017,Jinjiling,Hunan,,Composite or parent geological unit,Related subunits are consolidated under the named Jinjiling parent unit so genetically and spatially related samples remain in one validation group.,Medium,27,REF0013; REF0200,RCB0007,REF0013; REF0200
R2795,Wu(9),156 ± 2 Ma,A,GG0017,Jinjiling,REF0200,REF0200,GG0017,Jinjiling,Hunan,,Composite or parent geological unit,Related subunits are consolidated under the named Jinjiling parent unit so genetically and spatially related samples remain in one validation group.,Medium,27,REF0013; REF0200,RCB0007,REF0013; REF0200
R2796,SuG2(5),156 ± 2 Ma,A,GG0017,Jinjiling,REF0200,REF0200,GG0017,Jinjiling,Hunan,,Composite or parent geological unit,Related subunits are consolidated under the named Jinjiling parent unit so genetically and spatially related samples remain in one validation group.,Medium,27,REF0013; REF0200,RCB0007,REF0013; REF0200
R2797,3(5),156 ± 2 Ma,A,GG0017,Jinjiling,REF0200,REF0200,GG0017,Jinjiling,Hunan,,Composite or parent geological unit,Related subunits are consolidated under the named Jinjiling parent unit so genetically and spatially related samples remain in one validation group.,Medium,27,REF0013; REF0200,RCB0007,REF0013; REF0200
R2798,4(3),156 ± 2 Ma,A,GG0017,Jinjiling,REF0200,REF0200,GG0017,Jinjiling,Hunan,,Composite or parent geological unit,Related subunits are consolidated under the named Jinjiling parent unit so genetically and spatially related samples remain in one validation group.,Medium,27,REF0013; REF0200,RCB0007,REF0013; REF0200
R2799,FG(3),156 ± 2 Ma,A,GG0017,Jinjiling,REF0200,REF0200,GG0017,Jinjiling,Hunan,,Composite or parent geological unit,Related subunits are consolidated under the named Jinjiling parent unit so genetically and spatially related samples remain in one validation group.,Medium,27,REF0013; REF0200,RCB0007,REF0013; REF0200
R2800,A(148),156 ± 2 Ma,A,GG0017,Jinjiling,REF0200,REF0200,GG0017,Jinjiling,Hunan,,Composite or parent geological unit,Related subunits are consolidated under the named Jinjiling parent unit so genetically and spatially related samples remain in one validation group.,Medium,27,REF0013; REF0200,RCB0007,REF0013; REF0200
R2801,M(17),156 ± 2 Ma,A,GG0017,Jinjiling,REF0200,REF0200,GG0017,Jinjiling,Hunan,,Composite or parent geological unit,Related subunits are consolidated under the named Jinjiling parent unit so genetically and spatially related samples remain in one validation group.,Medium,27,REF0013; REF0200,RCB0007,REF0013; REF0200
R2802,I(991),156 ± 2 Ma,A,GG0017,Jinjiling,REF0200,REF0200,GG0017,Jinjiling,Hunan,,Composite or parent geological unit,Related subunits are consolidated under the named Jinjiling parent unit so genetically and spatially related samples remain in one validation group.,Medium,27,REF0013; REF0200,RCB0007,REF0013; REF0200
R2803,S(578),156 ± 2 Ma,A,GG0017,Jinjiling,REF0200,REF0200,GG0017,Jinjiling,Hunan,,Composite or parent geological unit,Related subunits are consolidated under the named Jinjiling parent unit so genetically and spatially related samples remain in one validation group.,Medium,27,REF0013; REF0200,RCB0007,REF0013; REF0200
R2804,JJL-1,147.5 Ma,S,GG0006,Daping,REF0201,REF0201,GG0006,Daping,Hunan,,Named pluton or intrusive unit,The linked references explicitly identify the Daping; all associated records are assigned to that named geological unit.,High,10,REF0201,RCB0006,REF0201
R2805,JJL-2,147.5 Ma,S,GG0006,Daping,REF0201,REF0201,GG0006,Daping,Hunan,,Named pluton or intrusive unit,The linked references explicitly identify the Daping; all associated records are assigned to that named geological unit.,High,10,REF0201,RCB0006,REF0201
R2806,JJL-3,147.5 Ma,S,GG0006,Daping,REF0201,REF0201,GG0006,Daping,Hunan,,Named pluton or intrusive unit,The linked references explicitly identify the Daping; all associated records are assigned to that named geological unit.,High,10,REF0201,RCB0006,REF0201
R2807,JJL-4,147.5 Ma,S,GG0006,Daping,REF0201,REF0201,GG0006,Daping,Hunan,,Named pluton or intrusive unit,The linked references explicitly identify the Daping; all associated records are assigned to that named geological unit.,High,10,REF0201,RCB0006,REF0201
R2808,JJL-5,147.5 Ma,S,GG0006,Daping,REF0201,REF0201,GG0006,Daping,Hunan,,Named pluton or intrusive unit,The linked references explicitly identify the Daping; all associated records are assigned to that named geological unit.,High,10,REF0201,RCB0006,REF0201
R2809,JJL-6,147.5 Ma,S,GG0006,Daping,REF0201,REF0201,GG0006,Daping,Hunan,,Named pluton or intrusive unit,The linked references explicitly identify the Daping; all associated records are assigned to that named geological unit.,High,10,REF0201,RCB0006,REF0201
R2810,JJL-7,147.5 Ma,S,GG0006,Daping,REF0201,REF0201,GG0006,Daping,Hunan,,Named pluton or intrusive unit,The linked references explicitly identify the Daping; all associated records are assigned to that named geological unit.,High,10,REF0201,RCB0006,REF0201
R2811,JJL-8,147.5 Ma,S,GG0006,Daping,REF0201,REF0201,GG0006,Daping,Hunan,,Named pluton or intrusive unit,The linked references explicitly identify the Daping; all associated records are assigned to that named geological unit.,High,10,REF0201,RCB0006,REF0201
R2812,JJL-9,147.5 Ma,S,GG0006,Daping,REF0201,REF0201,GG0006,Daping,Hunan,,Named pluton or intrusive unit,The linked references explicitly identify the Daping; all associated records are assigned to that named geological unit.,High,10,REF0201,RCB0006,REF0201
R2813,JJL-10,147.5 Ma,S,GG0006,Daping,REF0201,REF0201,GG0006,Daping,Hunan,,Named pluton or intrusive unit,The linked references explicitly identify the Daping; all associated records are assigned to that named geological unit.,High,10,REF0201,RCB0006,REF0201
R2837,TL3-2,85-96 Ma,I,GG0128,Taolin granite,REF0205,REF0205,GG0128,Taolin granite,Hunan,Taolin Pb–Zn district,Granite body,The linked study explicitly identifies the Taolin granite; records are grouped at that named geological-unit level.,High,5,REF0205,RCB0070,REF0205
R2838,TL3-3,85-96 Ma,I,GG0128,Taolin granite,REF0205,REF0205,GG0128,Taolin granite,Hunan,Taolin Pb–Zn district,Granite body,The linked study explicitly identifies the Taolin granite; records are grouped at that named geological-unit level.,High,5,REF0205,RCB0070,REF0205
R2839,TL3-4,85-96 Ma,I,GG0128,Taolin granite,REF0205,REF0205,GG0128,Taolin granite,Hunan,Taolin Pb–Zn district,Granite body,The linked study explicitly identifies the Taolin granite; records are grouped at that named geological-unit level.,High,5,REF0205,RCB0070,REF0205
R2840,TL4-1,85-96 Ma,I,GG0128,Taolin granite,REF0205,REF0205,GG0128,Taolin granite,Hunan,Taolin Pb–Zn district,Granite body,The linked study explicitly identifies the Taolin granite; records are grouped at that named geological-unit level.,High,5,REF0205,RCB0070,REF0205
R2841,TL4-2,85-96 Ma,I,GG0128,Taolin granite,REF0205,REF0205,GG0128,Taolin granite,Hunan,Taolin Pb–Zn district,Granite body,The linked study explicitly identifies the Taolin granite; records are grouped at that named geological-unit level.,High,5,REF0205,RCB0070,REF0205
R2842,13DSL-09,421–423 Ma; 217 Ma,S,GG0021,Miao'ershan,REF0206,REF0206,GG0021,Miao'ershan,Hunan; Guangxi,,Composite or parent geological unit,Related subunits are consolidated under the named Miao'ershan parent unit so genetically and spatially related samples remain in one validation group.,Medium,140,REF0003; REF0004; REF0008; REF0036; REF0042; REF0043; REF0057; REF0058; REF0059; REF0206; REF0208; REF0209,RCB0010,REF0003; REF0004; REF0008; REF0036; REF0042; REF0043; REF0057; REF0058; REF0059; REF0206; REF0208; REF0209
R2843,13DSL-19,421–423 Ma; 217 Ma,S,GG0021,Miao'ershan,REF0206,REF0206,GG0021,Miao'ershan,Hunan; Guangxi,,Composite or parent geological unit,Related subunits are consolidated under the named Miao'ershan parent unit so genetically and spatially related samples remain in one validation group.,Medium,140,REF0003; REF0004; REF0008; REF0036; REF0042; REF0043; REF0057; REF0058; REF0059; REF0206; REF0208; REF0209,RCB0010,REF0003; REF0004; REF0008; REF0036; REF0042; REF0043; REF0057; REF0058; REF0059; REF0206; REF0208; REF0209
R2844,13DSL-22,421–423 Ma; 217 Ma,S,GG0021,Miao'ershan,REF0206,REF0206,GG0021,Miao'ershan,Hunan; Guangxi,,Composite or parent geological unit,Related subunits are consolidated under the named Miao'ershan parent unit so genetically and spatially related samples remain in one validation group.,Medium,140,REF0003; REF0004; REF0008; REF0036; REF0042; REF0043; REF0057; REF0058; REF0059; REF0206; REF0208; REF0209,RCB0010,REF0003; REF0004; REF0008; REF0036; REF0042; REF0043; REF0057; REF0058; REF0059; REF0206; REF0208; REF0209
R2845,13DSL-20,421–423 Ma; 217 Ma,S,GG0021,Miao'ershan,REF0206,REF0206,GG0021,Miao'ershan,Hunan; Guangxi,,Composite or parent geological unit,Related subunits are consolidated under the named Miao'ershan parent unit so genetically and spatially related samples remain in one validation group.,Medium,140,REF0003; REF0004; REF0008; REF0036; REF0042; REF0043; REF0057; REF0058; REF0059; REF0206; REF0208; REF0209,RCB0010,REF0003; REF0004; REF0008; REF0036; REF0042; REF0043; REF0057; REF0058; REF0059; REF0206; REF0208; REF0209
R2846,13DSL-21,421–423 Ma; 217 Ma,S,GG0021,Miao'ershan,REF0206,REF0206,GG0021,Miao'ershan,Hunan; Guangxi,,Composite or parent geological unit,Related subunits are consolidated under the named Miao'ershan parent unit so genetically and spatially related samples remain in one validation group.,Medium,140,REF0003; REF0004; REF0008; REF0036; REF0042; REF0043; REF0057; REF0058; REF0059; REF0206; REF0208; REF0209,RCB0010,REF0003; REF0004; REF0008; REF0036; REF0042; REF0043; REF0057; REF0058; REF0059; REF0206; REF0208; REF0209
R2847,13DSL-23,421–423 Ma; 217 Ma,S,GG0021,Miao'ershan,REF0206,REF0206,GG0021,Miao'ershan,Hunan; Guangxi,,Composite or parent geological unit,Related subunits are consolidated under the named Miao'ershan parent unit so genetically and spatially related samples remain in one validation group.,Medium,140,REF0003; REF0004; REF0008; REF0036; REF0042; REF0043; REF0057; REF0058; REF0059; REF0206; REF0208; REF0209,RCB0010,REF0003; REF0004; REF0008; REF0036; REF0042; REF0043; REF0057; REF0058; REF0059; REF0206; REF0208; REF0209
R2848,13DSL-24,421–423 Ma; 217 Ma,S,GG0021,Miao'ershan,REF0206,REF0206,GG0021,Miao'ershan,Hunan; Guangxi,,Composite or parent geological unit,Related subunits are consolidated under the named Miao'ershan parent unit so genetically and spatially related samples remain in one validation group.,Medium,140,REF0003; REF0004; REF0008; REF0036; REF0042; REF0043; REF0057; REF0058; REF0059; REF0206; REF0208; REF0209,RCB0010,REF0003; REF0004; REF0008; REF0036; REF0042; REF0043; REF0057; REF0058; REF0059; REF0206; REF0208; REF0209
R2849,13DSL-25,421–423 Ma; 217 Ma,S,GG0021,Miao'ershan,REF0206,REF0206,GG0021,Miao'ershan,Hunan; Guangxi,,Composite or parent geological unit,Related subunits are consolidated under the named Miao'ershan parent unit so genetically and spatially related samples remain in one validation group.,Medium,140,REF0003; REF0004; REF0008; REF0036; REF0042; REF0043; REF0057; REF0058; REF0059; REF0206; REF0208; REF0209,RCB0010,REF0003; REF0004; REF0008; REF0036; REF0042; REF0043; REF0057; REF0058; REF0059; REF0206; REF0208; REF0209
R2865,DZS-1,204 ± 4 Ma,S,GG0010,Douzhashan,REF0209,REF0209,GG0010,Douzhashan,Guangxi,,Named pluton or intrusive unit,The linked references explicitly identify the Douzhashan; all associated records are assigned to that named geological unit.,High,15,REF0045; REF0209,RCB0010,REF0045; REF0209
R2866,DZS-2,204 ± 4 Ma,S,GG0010,Douzhashan,REF0209,REF0209,GG0010,Douzhashan,Guangxi,,Named pluton or intrusive unit,The linked references explicitly identify the Douzhashan; all associated records are assigned to that named geological unit.,High,15,REF0045; REF0209,RCB0010,REF0045; REF0209
R2867,DZS-3,204 ± 4 Ma,S,GG0010,Douzhashan,REF0209,REF0209,GG0010,Douzhashan,Guangxi,,Named pluton or intrusive unit,The linked references explicitly identify the Douzhashan; all associated records are assigned to that named geological unit.,High,15,REF0045; REF0209,RCB0010,REF0045; REF0209
R2868,DZS-4,204 ± 4 Ma,S,GG0010,Douzhashan,REF0209,REF0209,GG0010,Douzhashan,Guangxi,,Named pluton or intrusive unit,The linked references explicitly identify the Douzhashan; all associated records are assigned to that named geological unit.,High,15,REF0045; REF0209,RCB0010,REF0045; REF0209
R2869,ZJ-1,218 ± 1.4 Ma,S,GG0021,Miao'ershan,REF0209,REF0209,GG0021,Miao'ershan,Hunan; Guangxi,,Composite or parent geological unit,Related subunits are consolidated under the named Miao'ershan parent unit so genetically and spatially related samples remain in one validation group.,Medium,140,REF0003; REF0004; REF0008; REF0036; REF0042; REF0043; REF0057; REF0058; REF0059; REF0206; REF0208; REF0209,RCB0010,REF0003; REF0004; REF0008; REF0036; REF0042; REF0043; REF0057; REF0058; REF0059; REF0206; REF0208; REF0209
R2870,ZJ-2,218 ± 1.4 Ma,S,GG0021,Miao'ershan,REF0209,REF0209,GG0021,Miao'ershan,Hunan; Guangxi,,Composite or parent geological unit,Related subunits are consolidated under the named Miao'ershan parent unit so genetically and spatially related samples remain in one validation group.,Medium,140,REF0003; REF0004; REF0008; REF0036; REF0042; REF0043; REF0057; REF0058; REF0059; REF0206; REF0208; REF0209,RCB0010,REF0003; REF0004; REF0008; REF0036; REF0042; REF0043; REF0057; REF0058; REF0059; REF0206; REF0208; REF0209
R2871,ZJ-3,218 ± 1.4 Ma,S,GG0021,Miao'ershan,REF0209,REF0209,GG0021,Miao'ershan,Hunan; Guangxi,,Composite or parent geological unit,Related subunits are consolidated under the named Miao'ershan parent unit so genetically and spatially related samples remain in one validation group.,Medium,140,REF0003; REF0004; REF0008; REF0036; REF0042; REF0043; REF0057; REF0058; REF0059; REF0206; REF0208; REF0209,RCB0010,REF0003; REF0004; REF0008; REF0036; REF0042; REF0043; REF0057; REF0058; REF0059; REF0206; REF0208; REF0209
R2872,ZJ-4,218 ± 1.4 Ma,S,GG0021,Miao'ershan,REF0209,REF0209,GG0021,Miao'ershan,Hunan; Guangxi,,Composite or parent geological unit,Related subunits are consolidated under the named Miao'ershan parent unit so genetically and spatially related samples remain in one validation group.,Medium,140,REF0003; REF0004; REF0008; REF0036; REF0042; REF0043; REF0057; REF0058; REF0059; REF0206; REF0208; REF0209,RCB0010,REF0003; REF0004; REF0008; REF0036; REF0042; REF0043; REF0057; REF0058; REF0059; REF0206; REF0208; REF0209
