Record ID,Geological Group ID,Reference-connected block,reported_type,true_code,repeat_id,repeat_seed,outer_fold,valid_oof,abstain_reason,raw_P_I,raw_P_A,raw_P_S,calibrated_P_I,calibrated_P_A,calibrated_P_S,temperature,temperature_fitted,analysis_protocol_hash,effective_split_seed,split_seed_offset
R0081,GG0045,RCB0034,S,2,1,20269892,1,True,,0.12051361799240112,0.8259407877922058,0.05354565754532814,0.19884576272220322,0.6829414052893871,0.1182128319884096,1.5599255564233097,True,A2CFC6311C185EAA2F17BA13E733D522713F64F2850C50F6EEF6E4CE1F592221,20269892,0
R0082,GG0045,RCB0034,S,2,1,20269892,1,True,,0.4029780328273773,0.09458288550376892,0.5024390816688538,0.39265140303445223,0.15505374057117158,0.4522948563943763,1.5599255564233097,True,A2CFC6311C185EAA2F17BA13E733D522713F64F2850C50F6EEF6E4CE1F592221,20269892,0
R0083,GG0045,RCB0034,S,2,1,20269892,1,True,,0.2721373438835144,0.13860011100769043,0.5892625451087952,0.3039710945911163,0.19723639889316694,0.4987925065157168,1.5599255564233097,True,A2CFC6311C185EAA2F17BA13E733D522713F64F2850C50F6EEF6E4CE1F592221,20269892,0
R0084,GG0045,RCB0034,S,2,1,20269892,1,True,,0.22326801717281342,0.069381482899189,0.707350492477417,0.2803427131453413,0.13252568768713918,0.5871315991675196,1.5599255564233097,True,A2CFC6311C185EAA2F17BA13E733D522713F64F2850C50F6EEF6E4CE1F592221,20269892,0
R0085,GG0045,RCB0034,S,2,1,20269892,1,True,,0.2662277817726135,0.2580853998661041,0.47568684816360474,0.2914581152528394,0.2857119097460638,0.4228299750010968,1.5599255564233097,True,A2CFC6311C185EAA2F17BA13E733D522713F64F2850C50F6EEF6E4CE1F592221,20269892,0
R0086,GG0045,RCB0034,S,2,1,20269892,1,True,,0.20372509956359863,0.5333622097969055,0.2629126310348511,0.24808149176355468,0.4597710014317972,0.2921475068046481,1.5599255564233097,True,A2CFC6311C185EAA2F17BA13E733D522713F64F2850C50F6EEF6E4CE1F592221,20269892,0
R0087,GG0045,RCB0034,S,2,1,20269892,1,True,,0.3429199755191803,0.2966361343860626,0.3604438304901123,0.3397077211524836,0.3095557821053488,0.3507364967421677,1.5599255564233097,True,A2CFC6311C185EAA2F17BA13E733D522713F64F2850C50F6EEF6E4CE1F592221,20269892,0
R0088,GG0045,RCB0034,S,2,1,20269892,1,True,,0.3799845576286316,0.10660510510206223,0.5134103298187256,0.37657341671297173,0.16672255093234709,0.4567040323546812,1.5599255564233097,True,A2CFC6311C185EAA2F17BA13E733D522713F64F2850C50F6EEF6E4CE1F592221,20269892,0
R0089,GG0045,RCB0034,S,2,1,20269892,1,True,,0.4475266933441162,0.06547876447439194,0.48699450492858887,0.4260124803054682,0.12425699477190122,0.44973052492263055,1.5599255564233097,True,A2CFC6311C185EAA2F17BA13E733D522713F64F2850C50F6EEF6E4CE1F592221,20269892,0
R0090,GG0045,RCB0034,S,2,1,20269892,1,True,,0.2330927699804306,0.5001400709152222,0.2667672038078308,0.26869310716770045,0.4383358140718371,0.29297107876046247,1.5599255564233097,True,A2CFC6311C185EAA2F17BA13E733D522713F64F2850C50F6EEF6E4CE1F592221,20269892,0
R0091,GG0045,RCB0034,S,2,1,20269892,1,True,,0.2879565358161926,0.326533704996109,0.3855096995830536,0.3039883922335184,0.32950299038639475,0.3665086173800869,1.5599255564233097,True,A2CFC6311C185EAA2F17BA13E733D522713F64F2850C50F6EEF6E4CE1F592221,20269892,0
R0173,GG0035,RCB0028,S,2,1,20269892,1,True,,0.14588294923305511,0.01745900698006153,0.8366580605506897,0.23146631901005552,0.059353123274094415,0.7091805577158501,1.5599255564233097,True,A2CFC6311C185EAA2F17BA13E733D522713F64F2850C50F6EEF6E4CE1F592221,20269892,0
R0174,GG0035,RCB0028,S,2,1,20269892,1,True,,0.16418252885341644,0.018012991175055504,0.8178044557571411,0.24742359442192893,0.06000578136791333,0.6925706242101577,1.5599255564233097,True,A2CFC6311C185EAA2F17BA13E733D522713F64F2850C50F6EEF6E4CE1F592221,20269892,0
R0175,GG0035,RCB0028,S,2,1,20269892,1,True,,0.22280186414718628,0.06869115680456161,0.7085070013999939,0.280137385444427,0.1317588524484044,0.5881037621071686,1.5599255564233097,True,A2CFC6311C185EAA2F17BA13E733D522713F64F2850C50F6EEF6E4CE1F592221,20269892,0
R0176,GG0035,RCB0028,S,2,1,20269892,1,True,,0.11223439127206802,0.00984962098300457,0.8779160380363464,0.20208270256913086,0.042473778165914966,0.7554435192649542,1.5599255564233097,True,A2CFC6311C185EAA2F17BA13E733D522713F64F2850C50F6EEF6E4CE1F592221,20269892,0
R0177,GG0035,RCB0028,S,2,1,20269892,1,True,,0.13005928695201874,0.006339480634778738,0.8636012673377991,0.2217423010053827,0.03196881653837291,0.7462888824562445,1.5599255564233097,True,A2CFC6311C185EAA2F17BA13E733D522713F64F2850C50F6EEF6E4CE1F592221,20269892,0
R0178,GG0035,RCB0028,S,2,1,20269892,1,True,,0.1956254243850708,0.015877075493335724,0.7884975075721741,0.2744399065569627,0.054862578345968104,0.6706975150970692,1.5599255564233097,True,A2CFC6311C185EAA2F17BA13E733D522713F64F2850C50F6EEF6E4CE1F592221,20269892,0
R0179,GG0035,RCB0028,S,2,1,20269892,1,True,,0.1010618582367897,0.010789604857563972,0.8881484866142273,0.18988508566730417,0.04525351578340952,0.7648613985492863,1.5599255564233097,True,A2CFC6311C185EAA2F17BA13E733D522713F64F2850C50F6EEF6E4CE1F592221,20269892,0
R0280,GG0053,RCB0039,A,1,1,20269892,1,True,,0.598159670829773,0.048953790217638016,0.35288652777671814,0.5224752246933159,0.10500689777914882,0.3725178775275353,1.5599255564233097,True,A2CFC6311C185EAA2F17BA13E733D522713F64F2850C50F6EEF6E4CE1F592221,20269892,0
R0281,GG0053,RCB0039,A,1,1,20269892,1,True,,0.39114516973495483,0.1518733948469162,0.45698148012161255,0.3773377767885256,0.20575401255303088,0.4169082106584437,1.5599255564233097,True,A2CFC6311C185EAA2F17BA13E733D522713F64F2850C50F6EEF6E4CE1F592221,20269892,0
R0282,GG0053,RCB0039,A,1,1,20269892,1,True,,0.4891977906227112,0.03198029100894928,0.47882193326950073,0.46288309575646713,0.08055171242836051,0.4565651918151723,1.5599255564233097,True,A2CFC6311C185EAA2F17BA13E733D522713F64F2850C50F6EEF6E4CE1F592221,20269892,0
R0283,GG0053,RCB0039,A,1,1,20269892,1,True,,0.4638233482837677,0.2027755081653595,0.3334011137485504,0.4170819379830107,0.2453952149808802,0.3375228470361092,1.5599255564233097,True,A2CFC6311C185EAA2F17BA13E733D522713F64F2850C50F6EEF6E4CE1F592221,20269892,0
R0284,GG0053,RCB0039,A,1,1,20269892,1,True,,0.11874394863843918,0.552726686000824,0.32852935791015625,0.17856325377380164,0.47857815743366583,0.34285858879253256,1.5599255564233097,True,A2CFC6311C185EAA2F17BA13E733D522713F64F2850C50F6EEF6E4CE1F592221,20269892,0
R0285,GG0053,RCB0039,A,1,1,20269892,1,True,,0.3217630684375763,0.5452722907066345,0.13296464085578918,0.3367196683302679,0.47219335739337087,0.19108697427636134,1.5599255564233097,True,A2CFC6311C185EAA2F17BA13E733D522713F64F2850C50F6EEF6E4CE1F592221,20269892,0
R0637,GG0035,RCB0028,S,2,1,20269892,1,True,,0.061639461666345596,0.004805962089449167,0.9335545897483826,0.14482879771028842,0.0282172248777568,0.8269539774119548,1.5599255564233097,True,A2CFC6311C185EAA2F17BA13E733D522713F64F2850C50F6EEF6E4CE1F592221,20269892,0
R0638,GG0035,RCB0028,S,2,1,20269892,1,True,,0.10344920307397842,0.03733585402369499,0.8592149019241333,0.18500920970799553,0.09626339635112693,0.7187273939408776,1.5599255564233097,True,A2CFC6311C185EAA2F17BA13E733D522713F64F2850C50F6EEF6E4CE1F592221,20269892,0
R0639,GG0035,RCB0028,S,2,1,20269892,1,True,,0.10166432708501816,0.029914380982518196,0.8684212565422058,0.18478108326431394,0.0843473921865064,0.7308715245491796,1.5599255564233097,True,A2CFC6311C185EAA2F17BA13E733D522713F64F2850C50F6EEF6E4CE1F592221,20269892,0
R0640,GG0035,RCB0028,S,2,1,20269892,1,False,row_missingness_at_or_above_threshold,,,,,,,1.5599255564233097,True,A2CFC6311C185EAA2F17BA13E733D522713F64F2850C50F6EEF6E4CE1F592221,20269892,0
R0641,GG0035,RCB0028,S,2,1,20269892,1,True,,0.309454083442688,0.5947472453117371,0.09579867124557495,0.33425360753223404,0.5081208035925671,0.15762558887519887,1.5599255564233097,True,A2CFC6311C185EAA2F17BA13E733D522713F64F2850C50F6EEF6E4CE1F592221,20269892,0
R0642,GG0035,RCB0028,S,2,1,20269892,1,True,,0.32650965452194214,0.5741088390350342,0.0993814691901207,0.34454536286479975,0.4947298807524619,0.1607247563827384,1.5599255564233097,True,A2CFC6311C185EAA2F17BA13E733D522713F64F2850C50F6EEF6E4CE1F592221,20269892,0
R0643,GG0035,RCB0028,S,2,1,20269892,1,False,row_missingness_at_or_above_threshold,,,,,,,1.5599255564233097,True,A2CFC6311C185EAA2F17BA13E733D522713F64F2850C50F6EEF6E4CE1F592221,20269892,0
R0644,GG0035,RCB0028,S,2,1,20269892,1,True,,0.4841998815536499,0.21877223253250122,0.2970278263092041,0.42882149265019426,0.2576862956694967,0.313492211680309,1.5599255564233097,True,A2CFC6311C185EAA2F17BA13E733D522713F64F2850C50F6EEF6E4CE1F592221,20269892,0
R0645,GG0035,RCB0028,S,2,1,20269892,1,True,,0.27701273560523987,0.603014349937439,0.11997292935848236,0.3094683008796993,0.5095453683469483,0.18098633077335233,1.5599255564233097,True,A2CFC6311C185EAA2F17BA13E733D522713F64F2850C50F6EEF6E4CE1F592221,20269892,0
R0646,GG0035,RCB0028,S,2,1,20269892,1,True,,0.37744197249412537,0.49228355288505554,0.13027450442314148,0.3715699489163747,0.4405509279582966,0.18787912312532865,1.5599255564233097,True,A2CFC6311C185EAA2F17BA13E733D522713F64F2850C50F6EEF6E4CE1F592221,20269892,0
R0647,GG0035,RCB0028,S,2,1,20269892,1,True,,0.34416770935058594,0.16825103759765625,0.48758119344711304,0.34695198532346044,0.21929118275933365,0.43375683191720593,1.5599255564233097,True,A2CFC6311C185EAA2F17BA13E733D522713F64F2850C50F6EEF6E4CE1F592221,20269892,0
R0648,GG0035,RCB0028,S,2,1,20269892,1,True,,0.38499441742897034,0.1421055644750595,0.47290003299713135,0.3747020567924734,0.19779219546577168,0.427505747741755,1.5599255564233097,True,A2CFC6311C185EAA2F17BA13E733D522713F64F2850C50F6EEF6E4CE1F592221,20269892,0
R0649,GG0035,RCB0028,S,2,1,20269892,1,True,,0.28723230957984924,0.5977617502212524,0.1150059774518013,0.3168720739097626,0.5069076573855765,0.1762202687046609,1.5599255564233097,True,A2CFC6311C185EAA2F17BA13E733D522713F64F2850C50F6EEF6E4CE1F592221,20269892,0
R0650,GG0035,RCB0028,S,2,1,20269892,1,True,,0.304332435131073,0.5745253562927246,0.12114222347736359,0.32713289106929605,0.49162131586609586,0.18124579306460806,1.5599255564233097,True,A2CFC6311C185EAA2F17BA13E733D522713F64F2850C50F6EEF6E4CE1F592221,20269892,0
R0651,GG0035,RCB0028,S,2,1,20269892,1,True,,0.24303239583969116,0.6443284153938293,0.1126391813158989,0.28742863868955765,0.5370081621708455,0.17556319913959698,1.5599255564233097,True,A2CFC6311C185EAA2F17BA13E733D522713F64F2850C50F6EEF6E4CE1F592221,20269892,0
R0652,GG0035,RCB0028,S,2,1,20269892,1,True,,0.300246000289917,0.5795374512672424,0.12021656334400177,0.3246239648501659,0.49484476338315875,0.18053127176667538,1.5599255564233097,True,A2CFC6311C185EAA2F17BA13E733D522713F64F2850C50F6EEF6E4CE1F592221,20269892,0
R0653,GG0035,RCB0028,S,2,1,20269892,1,True,,0.3620988726615906,0.16365088522434235,0.4742502272129059,0.3584414899412015,0.2154330495718136,0.426125460486985,1.5599255564233097,True,A2CFC6311C185EAA2F17BA13E733D522713F64F2850C50F6EEF6E4CE1F592221,20269892,0
R0654,GG0035,RCB0028,S,2,1,20269892,1,True,,0.3440150320529938,0.5371837019920349,0.1188012883067131,0.35254832554566634,0.46912885513202,0.1783228193223136,1.5599255564233097,True,A2CFC6311C185EAA2F17BA13E733D522713F64F2850C50F6EEF6E4CE1F592221,20269892,0
R0655,GG0035,RCB0028,S,2,1,20269892,1,True,,0.2793867886066437,0.6027772426605225,0.11783594638109207,0.3113228506875667,0.5096738558876058,0.17900329342482743,1.5599255564233097,True,A2CFC6311C185EAA2F17BA13E733D522713F64F2850C50F6EEF6E4CE1F592221,20269892,0
R0656,GG0035,RCB0028,S,2,1,20269892,1,True,,0.44935742020606995,0.4331735372543335,0.11746901273727417,0.41668524125783035,0.40700157747282395,0.1763131812693457,1.5599255564233097,True,A2CFC6311C185EAA2F17BA13E733D522713F64F2850C50F6EEF6E4CE1F592221,20269892,0
R0657,GG0035,RCB0028,S,2,1,20269892,1,True,,0.4245597720146179,0.39533528685569763,0.18010495603084564,0.3948784326771786,0.3772313798684906,0.22789018745433084,1.5599255564233097,True,A2CFC6311C185EAA2F17BA13E733D522713F64F2850C50F6EEF6E4CE1F592221,20269892,0
R0658,GG0035,RCB0028,S,2,1,20269892,1,True,,0.2564244866371155,0.6431869864463806,0.10038856416940689,0.2983931209817973,0.5380373254840658,0.1635695535341369,1.5599255564233097,True,A2CFC6311C185EAA2F17BA13E733D522713F64F2850C50F6EEF6E4CE1F592221,20269892,0
R0659,GG0035,RCB0028,S,2,1,20269892,1,True,,0.31674543023109436,0.5010256171226501,0.1822289228439331,0.32858759577179275,0.44087679424660775,0.2305356099815995,1.5599255564233097,True,A2CFC6311C185EAA2F17BA13E733D522713F64F2850C50F6EEF6E4CE1F592221,20269892,0
R0660,GG0035,RCB0028,S,2,1,20269892,1,True,,0.3137647807598114,0.5683411955833435,0.11789406836032867,0.3336187352252924,0.4882543353827404,0.17812692939196723,1.5599255564233097,True,A2CFC6311C185EAA2F17BA13E733D522713F64F2850C50F6EEF6E4CE1F592221,20269892,0
R0661,GG0035,RCB0028,S,2,1,20269892,1,True,,0.3655966520309448,0.5195105671882629,0.11489277333021164,0.36646646037458186,0.4590440882551003,0.17448945137031782,1.5599255564233097,True,A2CFC6311C185EAA2F17BA13E733D522713F64F2850C50F6EEF6E4CE1F592221,20269892,0
R0662,GG0035,RCB0028,S,2,1,20269892,1,True,,0.2582051157951355,0.6329793930053711,0.10881547629833221,0.29837372245929467,0.5301560502289221,0.17147022731178327,1.5599255564233097,True,A2CFC6311C185EAA2F17BA13E733D522713F64F2850C50F6EEF6E4CE1F592221,20269892,0
R0663,GG0035,RCB0028,S,2,1,20269892,1,True,,0.3633138835430145,0.5326851606369019,0.10400095582008362,0.36677023418795973,0.4687381732413633,0.16449159257067686,1.5599255564233097,True,A2CFC6311C185EAA2F17BA13E733D522713F64F2850C50F6EEF6E4CE1F592221,20269892,0
R0664,GG0035,RCB0028,S,2,1,20269892,1,True,,0.27560845017433167,0.5282620787620544,0.1961294710636139,0.30106212527840526,0.45686826213017795,0.24206961259141682,1.5599255564233097,True,A2CFC6311C185EAA2F17BA13E733D522713F64F2850C50F6EEF6E4CE1F592221,20269892,0
R0665,GG0035,RCB0028,S,2,1,20269892,1,True,,0.24807503819465637,0.6411183476448059,0.11080662906169891,0.29116313621804013,0.5351545477378653,0.17368231604409456,1.5599255564233097,True,A2CFC6311C185EAA2F17BA13E733D522713F64F2850C50F6EEF6E4CE1F592221,20269892,0
R0666,GG0035,RCB0028,S,2,1,20269892,1,True,,0.24462249875068665,0.6438712477684021,0.11150623112916946,0.2886830735905351,0.5368573997079077,0.17445952670155718,1.5599255564233097,True,A2CFC6311C185EAA2F17BA13E733D522713F64F2850C50F6EEF6E4CE1F592221,20269892,0
R0667,GG0035,RCB0028,S,2,1,20269892,1,True,,0.2714310586452484,0.6110134124755859,0.11755552887916565,0.30607935606980047,0.5149162716375092,0.17900437229269023,1.5599255564233097,True,A2CFC6311C185EAA2F17BA13E733D522713F64F2850C50F6EEF6E4CE1F592221,20269892,0
R0668,GG0035,RCB0028,S,2,1,20269892,1,True,,0.3196676969528198,0.5523394346237183,0.1279928982257843,0.3360195802308267,0.47711175759518054,0.18686866217399276,1.5599255564233097,True,A2CFC6311C185EAA2F17BA13E733D522713F64F2850C50F6EEF6E4CE1F592221,20269892,0
R0669,GG0035,RCB0028,S,2,1,20269892,1,True,,0.3289952874183655,0.4615294635295868,0.2094752937555313,0.3343298609067492,0.4153523640662526,0.2503177750269983,1.5599255564233097,True,A2CFC6311C185EAA2F17BA13E733D522713F64F2850C50F6EEF6E4CE1F592221,20269892,0
R0670,GG0035,RCB0028,S,2,1,20269892,1,True,,0.2695523202419281,0.6220401525497437,0.10840748250484467,0.3060911789212359,0.52319867113362,0.1707101499451441,1.5599255564233097,True,A2CFC6311C185EAA2F17BA13E733D522713F64F2850C50F6EEF6E4CE1F592221,20269892,0
R0671,GG0035,RCB0028,S,2,1,20269892,1,True,,0.3343762457370758,0.39637163281440735,0.26925215125083923,0.33494706209027714,0.3735331658218292,0.29151977208789365,1.5599255564233097,True,A2CFC6311C185EAA2F17BA13E733D522713F64F2850C50F6EEF6E4CE1F592221,20269892,0
R0672,GG0035,RCB0028,S,2,1,20269892,1,True,,0.41933077573776245,0.22654040157794952,0.35412880778312683,0.38892472922438914,0.26208370765956635,0.34899156311604457,1.5599255564233097,True,A2CFC6311C185EAA2F17BA13E733D522713F64F2850C50F6EEF6E4CE1F592221,20269892,0
R0673,GG0035,RCB0028,S,2,1,20269892,1,True,,0.36477136611938477,0.27575910091400146,0.35946956276893616,0.35379604921945423,0.29571304939189014,0.3504909013886557,1.5599255564233097,True,A2CFC6311C185EAA2F17BA13E733D522713F64F2850C50F6EEF6E4CE1F592221,20269892,0
R0674,GG0035,RCB0028,S,2,1,20269892,1,True,,0.3362320363521576,0.5151954889297485,0.14857250452041626,0.34399149061713913,0.45222706345526936,0.20378144592759156,1.5599255564233097,True,A2CFC6311C185EAA2F17BA13E733D522713F64F2850C50F6EEF6E4CE1F592221,20269892,0
R0675,GG0035,RCB0028,S,2,1,20269892,1,True,,0.5053575038909912,0.28266820311546326,0.21197427809238434,0.44208691420248064,0.30461776176479605,0.2532953240327234,1.5599255564233097,True,A2CFC6311C185EAA2F17BA13E733D522713F64F2850C50F6EEF6E4CE1F592221,20269892,0
R0676,GG0035,RCB0028,S,2,1,20269892,1,True,,0.4553057551383972,0.2521010935306549,0.2925930917263031,0.410214999429236,0.28082397907848183,0.30896102149228205,1.5599255564233097,True,A2CFC6311C185EAA2F17BA13E733D522713F64F2850C50F6EEF6E4CE1F592221,20269892,0
R0677,GG0035,RCB0028,S,2,1,20269892,1,True,,0.2935691773891449,0.5476757884025574,0.15875506401062012,0.31588234412719585,0.47112024691393894,0.2129974089588652,1.5599255564233097,True,A2CFC6311C185EAA2F17BA13E733D522713F64F2850C50F6EEF6E4CE1F592221,20269892,0
R0678,GG0035,RCB0028,S,2,1,20269892,1,True,,0.3343762457370758,0.39637163281440735,0.26925215125083923,0.33494706209027714,0.3735331658218292,0.29151977208789365,1.5599255564233097,True,A2CFC6311C185EAA2F17BA13E733D522713F64F2850C50F6EEF6E4CE1F592221,20269892,0
R0679,GG0035,RCB0028,S,2,1,20269892,1,True,,0.43857598304748535,0.2369374930858612,0.32448655366897583,0.4002831794669745,0.2697378033439168,0.3299790171891087,1.5599255564233097,True,A2CFC6311C185EAA2F17BA13E733D522713F64F2850C50F6EEF6E4CE1F592221,20269892,0
R0680,GG0035,RCB0028,S,2,1,20269892,1,True,,0.3226374685764313,0.16625374555587769,0.5111088156700134,0.3336926646846027,0.2181517857880474,0.4481555495273499,1.5599255564233097,True,A2CFC6311C185EAA2F17BA13E733D522713F64F2850C50F6EEF6E4CE1F592221,20269892,0
R0681,GG0035,RCB0028,S,2,1,20269892,1,True,,0.3140577971935272,0.14158931374549866,0.5443528890609741,0.33081560741258353,0.19851527525475826,0.47066911733265826,1.5599255564233097,True,A2CFC6311C185EAA2F17BA13E733D522713F64F2850C50F6EEF6E4CE1F592221,20269892,0
R0682,GG0035,RCB0028,S,2,1,20269892,1,True,,0.29510122537612915,0.1862373799085617,0.518661379814148,0.3144679524943456,0.2341135688768379,0.45141847862881646,1.5599255564233097,True,A2CFC6311C185EAA2F17BA13E733D522713F64F2850C50F6EEF6E4CE1F592221,20269892,0
R0683,GG0035,RCB0028,S,2,1,20269892,1,True,,0.30578842759132385,0.13786117732524872,0.5563504099845886,0.32597210650756403,0.1956088070943889,0.478419086398047,1.5599255564233097,True,A2CFC6311C185EAA2F17BA13E733D522713F64F2850C50F6EEF6E4CE1F592221,20269892,0
R0684,GG0035,RCB0028,S,2,1,20269892,1,True,,0.35646146535873413,0.17554737627506256,0.4679911732673645,0.35389451976501907,0.2247363091468893,0.42136917108809163,1.5599255564233097,True,A2CFC6311C185EAA2F17BA13E733D522713F64F2850C50F6EEF6E4CE1F592221,20269892,0
R0685,GG0035,RCB0028,S,2,1,20269892,1,True,,0.3508315980434418,0.13851605355739594,0.5106523633003235,0.35420600328047236,0.19522099626595613,0.45057300045357157,1.5599255564233097,True,A2CFC6311C185EAA2F17BA13E733D522713F64F2850C50F6EEF6E4CE1F592221,20269892,0
R0686,GG0035,RCB0028,S,2,1,20269892,1,False,row_missingness_at_or_above_threshold,,,,,,,1.5599255564233097,True,A2CFC6311C185EAA2F17BA13E733D522713F64F2850C50F6EEF6E4CE1F592221,20269892,0
R0687,GG0035,RCB0028,S,2,1,20269892,1,True,,0.3894672095775604,0.25256219506263733,0.35797059535980225,0.3696948749316744,0.28006517826702354,0.350239946801302,1.5599255564233097,True,A2CFC6311C185EAA2F17BA13E733D522713F64F2850C50F6EEF6E4CE1F592221,20269892,0
R0688,GG0035,RCB0028,S,2,1,20269892,1,True,,0.3062056005001068,0.13668502867221832,0.5571094155311584,0.32637726905978454,0.19460899867949216,0.4790137322607233,1.5599255564233097,True,A2CFC6311C185EAA2F17BA13E733D522713F64F2850C50F6EEF6E4CE1F592221,20269892,0
R0689,GG0035,RCB0028,S,2,1,20269892,1,False,row_missingness_at_or_above_threshold,,,,,,,1.5599255564233097,True,A2CFC6311C185EAA2F17BA13E733D522713F64F2850C50F6EEF6E4CE1F592221,20269892,0
R0690,GG0035,RCB0028,S,2,1,20269892,1,True,,0.3292611539363861,0.13845109939575195,0.5322877764701843,0.34077896915358125,0.19555961241657402,0.46366141842984465,1.5599255564233097,True,A2CFC6311C185EAA2F17BA13E733D522713F64F2850C50F6EEF6E4CE1F592221,20269892,0
R0691,GG0035,RCB0028,S,2,1,20269892,1,True,,0.3140577971935272,0.14158931374549866,0.5443528890609741,0.33081560741258353,0.19851527525475826,0.47066911733265826,1.5599255564233097,True,A2CFC6311C185EAA2F17BA13E733D522713F64F2850C50F6EEF6E4CE1F592221,20269892,0
R0692,GG0035,RCB0028,S,2,1,20269892,1,True,,0.3226374685764313,0.16625374555587769,0.5111088156700134,0.3336926646846027,0.2181517857880474,0.4481555495273499,1.5599255564233097,True,A2CFC6311C185EAA2F17BA13E733D522713F64F2850C50F6EEF6E4CE1F592221,20269892,0
R0693,GG0035,RCB0028,S,2,1,20269892,1,True,,0.36474376916885376,0.13044977188110352,0.5048064589500427,0.3637796344687501,0.18818205657977644,0.4480383089514734,1.5599255564233097,True,A2CFC6311C185EAA2F17BA13E733D522713F64F2850C50F6EEF6E4CE1F592221,20269892,0
R0694,GG0035,RCB0028,S,2,1,20269892,1,True,,0.37040427327156067,0.14121711254119873,0.4883786141872406,0.3659170848740464,0.19720394841682146,0.4368789667091321,1.5599255564233097,True,A2CFC6311C185EAA2F17BA13E733D522713F64F2850C50F6EEF6E4CE1F592221,20269892,0
R0695,GG0035,RCB0028,S,2,1,20269892,1,True,,0.36984983086586,0.13619522750377655,0.4939548969268799,0.3661828052447497,0.1930043175132202,0.4408128772420302,1.5599255564233097,True,A2CFC6311C185EAA2F17BA13E733D522713F64F2850C50F6EEF6E4CE1F592221,20269892,0
R0696,GG0035,RCB0028,S,2,1,20269892,1,False,row_missingness_at_or_above_threshold,,,,,,,1.5599255564233097,True,A2CFC6311C185EAA2F17BA13E733D522713F64F2850C50F6EEF6E4CE1F592221,20269892,0
R0697,GG0035,RCB0028,S,2,1,20269892,1,True,,0.3294587731361389,0.14339090883731842,0.5271503329277039,0.3403308152265467,0.19966448620463806,0.4600046985688152,1.5599255564233097,True,A2CFC6311C185EAA2F17BA13E733D522713F64F2850C50F6EEF6E4CE1F592221,20269892,0
R0698,GG0035,RCB0028,S,2,1,20269892,1,False,row_missingness_at_or_above_threshold,,,,,,,1.5599255564233097,True,A2CFC6311C185EAA2F17BA13E733D522713F64F2850C50F6EEF6E4CE1F592221,20269892,0
R0699,GG0035,RCB0028,S,2,1,20269892,1,True,,0.3421517014503479,0.13508905470371246,0.5227592587471008,0.34923836653249574,0.19248309267372962,0.45827854079377467,1.5599255564233097,True,A2CFC6311C185EAA2F17BA13E733D522713F64F2850C50F6EEF6E4CE1F592221,20269892,0
R0700,GG0035,RCB0028,S,2,1,20269892,1,True,,0.3292611539363861,0.13845109939575195,0.5322877764701843,0.34077896915358125,0.19555961241657402,0.46366141842984465,1.5599255564233097,True,A2CFC6311C185EAA2F17BA13E733D522713F64F2850C50F6EEF6E4CE1F592221,20269892,0
R0701,GG0035,RCB0028,S,2,1,20269892,1,True,,0.31924328207969666,0.16903933882713318,0.5117173790931702,0.3312976796231026,0.2203946176397152,0.4483077027371823,1.5599255564233097,True,A2CFC6311C185EAA2F17BA13E733D522713F64F2850C50F6EEF6E4CE1F592221,20269892,0
R1073,GG0070,RCB0048,S,2,1,20269892,1,True,,0.6251217722892761,0.07108698785305023,0.30379125475883484,0.5325351166293845,0.13215369047965833,0.3353111928909573,1.5599255564233097,True,A2CFC6311C185EAA2F17BA13E733D522713F64F2850C50F6EEF6E4CE1F592221,20269892,0
R1074,GG0070,RCB0048,S,2,1,20269892,1,True,,0.5679885149002075,0.058044034987688065,0.3739674687385559,0.5008264013174486,0.11605623473496383,0.38311736394758766,1.5599255564233097,True,A2CFC6311C185EAA2F17BA13E733D522713F64F2850C50F6EEF6E4CE1F592221,20269892,0
R1075,GG0070,RCB0048,S,2,1,20269892,1,True,,0.27761054039001465,0.03250548988580704,0.6898840069770813,0.32837971725250015,0.08303204897066249,0.5885882337768373,1.5599255564233097,True,A2CFC6311C185EAA2F17BA13E733D522713F64F2850C50F6EEF6E4CE1F592221,20269892,0
R1076,GG0070,RCB0048,S,2,1,20269892,1,True,,0.28436732292175293,0.0366501547396183,0.6789825558662415,0.3315706499041297,0.08915829600828208,0.5792710540875882,1.5599255564233097,True,A2CFC6311C185EAA2F17BA13E733D522713F64F2850C50F6EEF6E4CE1F592221,20269892,0
R1077,GG0070,RCB0048,S,2,1,20269892,1,True,,0.19952183961868286,0.03474171832203865,0.76573646068573,0.27068119678851843,0.08826879695210203,0.6410500062593796,1.5599255564233097,True,A2CFC6311C185EAA2F17BA13E733D522713F64F2850C50F6EEF6E4CE1F592221,20269892,0
R1078,GG0070,RCB0048,S,2,1,20269892,1,True,,0.5550188422203064,0.2520025372505188,0.1929786056280136,0.4737465070103353,0.2855788464822935,0.24067464650737108,1.5599255564233097,True,A2CFC6311C185EAA2F17BA13E733D522713F64F2850C50F6EEF6E4CE1F592221,20269892,0
R1079,GG0070,RCB0048,S,2,1,20269892,1,True,,0.4395832419395447,0.05848780646920204,0.501928985118866,0.4231576764133287,0.11613215410083291,0.4607101694858385,1.5599255564233097,True,A2CFC6311C185EAA2F17BA13E733D522713F64F2850C50F6EEF6E4CE1F592221,20269892,0
R1080,GG0070,RCB0048,S,2,1,20269892,1,True,,0.68645840883255,0.059153515845537186,0.25438809394836426,0.5757228464023075,0.11959786214160525,0.30467929145608713,1.5599255564233097,True,A2CFC6311C185EAA2F17BA13E733D522713F64F2850C50F6EEF6E4CE1F592221,20269892,0
R1081,GG0070,RCB0048,S,2,1,20269892,1,True,,0.68752521276474,0.0571720264852047,0.255302757024765,0.5770514189140724,0.11716730585334852,0.3057812752325791,1.5599255564233097,True,A2CFC6311C185EAA2F17BA13E733D522713F64F2850C50F6EEF6E4CE1F592221,20269892,0
R1082,GG0070,RCB0048,S,2,1,20269892,1,True,,0.5113365650177002,0.05955490469932556,0.42910856008529663,0.46605058958474443,0.1174415031454208,0.41650790726983483,1.5599255564233097,True,A2CFC6311C185EAA2F17BA13E733D522713F64F2850C50F6EEF6E4CE1F592221,20269892,0
R1083,GG0070,RCB0048,S,2,1,20269892,1,True,,0.7372210025787354,0.03397360444068909,0.22880534827709198,0.6205698456115742,0.08630722907232923,0.29312292531609646,1.5599255564233097,True,A2CFC6311C185EAA2F17BA13E733D522713F64F2850C50F6EEF6E4CE1F592221,20269892,0
R1084,GG0070,RCB0048,S,2,1,20269892,1,True,,0.5733206868171692,0.011140444315969944,0.41553887724876404,0.5281189925953251,0.04222475958099094,0.42965624782368395,1.5599255564233097,True,A2CFC6311C185EAA2F17BA13E733D522713F64F2850C50F6EEF6E4CE1F592221,20269892,0
R1085,GG0070,RCB0048,S,2,1,20269892,1,True,,0.2011718451976776,0.023821698501706123,0.7750064730644226,0.2755777356773499,0.07018510659631222,0.6542371577263378,1.5599255564233097,True,A2CFC6311C185EAA2F17BA13E733D522713F64F2850C50F6EEF6E4CE1F592221,20269892,0
R1086,GG0070,RCB0048,S,2,1,20269892,1,True,,0.23620297014713287,0.024013463407754898,0.739783525466919,0.30212112044239464,0.0697783785194685,0.6281005010381369,1.5599255564233097,True,A2CFC6311C185EAA2F17BA13E733D522713F64F2850C50F6EEF6E4CE1F592221,20269892,0
R1720,GG0102,RCB0062,A,1,1,20269892,1,True,,0.5674314498901367,0.22688955068588257,0.20567896962165833,0.48136995618337863,0.2674700723202533,0.25115997149636793,1.5599255564233097,True,A2CFC6311C185EAA2F17BA13E733D522713F64F2850C50F6EEF6E4CE1F592221,20269892,0
R1721,GG0102,RCB0062,A,1,1,20269892,1,True,,0.29321444034576416,0.6748234629631042,0.031962115317583084,0.3392292998405171,0.5788403555395855,0.08193034461989745,1.5599255564233097,True,A2CFC6311C185EAA2F17BA13E733D522713F64F2850C50F6EEF6E4CE1F592221,20269892,0
R1722,GG0102,RCB0062,A,1,1,20269892,1,True,,0.2416505366563797,0.7317590117454529,0.026590479537844658,0.30510978314101,0.6207543526333688,0.07413586422562118,1.5599255564233097,True,A2CFC6311C185EAA2F17BA13E733D522713F64F2850C50F6EEF6E4CE1F592221,20269892,0
R1723,GG0102,RCB0062,A,1,1,20269892,1,True,,0.1761380136013031,0.7946260571479797,0.02923598885536194,0.25360271023303443,0.6661978191948913,0.08019947057207434,1.5599255564233097,True,A2CFC6311C185EAA2F17BA13E733D522713F64F2850C50F6EEF6E4CE1F592221,20269892,0
R1724,GG0102,RCB0062,A,1,1,20269892,1,True,,0.24218739569187164,0.714393675327301,0.04341893643140793,0.3000436198673616,0.6002659109092119,0.0996904692234266,1.5599255564233097,True,A2CFC6311C185EAA2F17BA13E733D522713F64F2850C50F6EEF6E4CE1F592221,20269892,0
R1725,GG0102,RCB0062,A,1,1,20269892,1,True,,0.25831010937690735,0.016997238621115685,0.7246926426887512,0.3213293602666857,0.056153114946585835,0.6225175247867285,1.5599255564233097,True,A2CFC6311C185EAA2F17BA13E733D522713F64F2850C50F6EEF6E4CE1F592221,20269892,0
R1726,GG0102,RCB0062,A,1,1,20269892,1,True,,0.5686609745025635,0.015794962644577026,0.4155440628528595,0.5212772794817799,0.05240475064844621,0.42631796986977377,1.5599255564233097,True,A2CFC6311C185EAA2F17BA13E733D522713F64F2850C50F6EEF6E4CE1F592221,20269892,0
R1727,GG0102,RCB0062,A,1,1,20269892,1,True,,0.2314854860305786,0.013915754854679108,0.7545987367630005,0.3032244958203184,0.05000618542757949,0.646769318752102,1.5599255564233097,True,A2CFC6311C185EAA2F17BA13E733D522713F64F2850C50F6EEF6E4CE1F592221,20269892,0
R1728,GG0102,RCB0062,A,1,1,20269892,1,True,,0.26029765605926514,0.009314512833952904,0.730387806892395,0.32724862864046234,0.038700067638641915,0.6340513037208958,1.5599255564233097,True,A2CFC6311C185EAA2F17BA13E733D522713F64F2850C50F6EEF6E4CE1F592221,20269892,0
R1729,GG0102,RCB0062,A,1,1,20269892,1,True,,0.32667988538742065,0.011006235145032406,0.6623138785362244,0.37217405235593115,0.04234491813823319,0.5854810295058356,1.5599255564233097,True,A2CFC6311C185EAA2F17BA13E733D522713F64F2850C50F6EEF6E4CE1F592221,20269892,0
R1730,GG0102,RCB0062,A,1,1,20269892,1,True,,0.4524083733558655,0.01623345911502838,0.5313581824302673,0.44901736531985087,0.05319370432303401,0.49778893035711497,1.5599255564233097,True,A2CFC6311C185EAA2F17BA13E733D522713F64F2850C50F6EEF6E4CE1F592221,20269892,0
R1731,GG0102,RCB0062,A,1,1,20269892,1,True,,0.8481130599975586,0.021507740020751953,0.13037918508052826,0.7163828467746194,0.06793754326522407,0.21567960996015656,1.5599255564233097,True,A2CFC6311C185EAA2F17BA13E733D522713F64F2850C50F6EEF6E4CE1F592221,20269892,0
R1732,GG0102,RCB0062,A,1,1,20269892,1,True,,0.7275992631912231,0.021195558831095695,0.2512052357196808,0.6213574666970555,0.06440286658912853,0.3142396667138159,1.5599255564233097,True,A2CFC6311C185EAA2F17BA13E733D522713F64F2850C50F6EEF6E4CE1F592221,20269892,0
R1733,GG0102,RCB0062,A,1,1,20269892,1,True,,0.6518903374671936,0.03330890089273453,0.31480076909065247,0.5631597270636468,0.08368241988961773,0.35315785304673547,1.5599255564233097,True,A2CFC6311C185EAA2F17BA13E733D522713F64F2850C50F6EEF6E4CE1F592221,20269892,0
R1734,GG0102,RCB0062,A,1,1,20269892,1,True,,0.5455323457717896,0.0204995796084404,0.43396806716918945,0.5036248451983519,0.06145448496633671,0.43492066983531136,1.5599255564233097,True,A2CFC6311C185EAA2F17BA13E733D522713F64F2850C50F6EEF6E4CE1F592221,20269892,0
R1735,GG0102,RCB0062,A,1,1,20269892,1,True,,0.8472954630851746,0.011659437790513039,0.14104507863521576,0.7241576091408475,0.04640859482584399,0.22943379603330852,1.5599255564233097,True,A2CFC6311C185EAA2F17BA13E733D522713F64F2850C50F6EEF6E4CE1F592221,20269892,0
R1736,GG0102,RCB0062,A,1,1,20269892,1,True,,0.7921299934387207,0.011625775136053562,0.1962442845106125,0.6776915003839336,0.04526222134255252,0.2770462782735141,1.5599255564233097,True,A2CFC6311C185EAA2F17BA13E733D522713F64F2850C50F6EEF6E4CE1F592221,20269892,0
R1737,GG0102,RCB0062,A,1,1,20269892,1,True,,0.817668080329895,0.012662907131016254,0.1696690022945404,0.6973355389737383,0.04820610629074301,0.2544583547355187,1.5599255564233097,True,A2CFC6311C185EAA2F17BA13E733D522713F64F2850C50F6EEF6E4CE1F592221,20269892,0
R1738,GG0102,RCB0062,A,1,1,20269892,1,True,,0.8471494913101196,0.008582400158047676,0.14426809549331665,0.7277227396218808,0.03832433421585232,0.23395292616226684,1.5599255564233097,True,A2CFC6311C185EAA2F17BA13E733D522713F64F2850C50F6EEF6E4CE1F592221,20269892,0
R1739,GG0102,RCB0062,A,1,1,20269892,1,True,,0.6602569222450256,0.013284524902701378,0.32645851373672485,0.5819289135284147,0.04757768857842144,0.37049339789316393,1.5599255564233097,True,A2CFC6311C185EAA2F17BA13E733D522713F64F2850C50F6EEF6E4CE1F592221,20269892,0
R2507,GG0019,RCB0017,I,0,1,20269892,1,True,,0.8873981833457947,0.008007025346159935,0.10459474474191666,0.7675641995879795,0.03753019276922302,0.19490560764279732,1.5599255564233097,True,A2CFC6311C185EAA2F17BA13E733D522713F64F2850C50F6EEF6E4CE1F592221,20269892,0
R2508,GG0019,RCB0017,I,0,1,20269892,1,True,,0.8372730612754822,0.018009424209594727,0.1447175294160843,0.7092736258973331,0.06052539297887859,0.23020098112378828,1.5599255564233097,True,A2CFC6311C185EAA2F17BA13E733D522713F64F2850C50F6EEF6E4CE1F592221,20269892,0
R2509,GG0019,RCB0017,I,0,1,20269892,1,True,,0.6025156378746033,0.019115254282951355,0.37836912274360657,0.5400751048613971,0.059125499852322634,0.4007993952862803,1.5599255564233097,True,A2CFC6311C185EAA2F17BA13E733D522713F64F2850C50F6EEF6E4CE1F592221,20269892,0
R2510,GG0019,RCB0017,I,0,1,20269892,1,True,,0.7909954786300659,0.015807805582880974,0.19319674372673035,0.6727189893219392,0.054762754324535534,0.2725182563535252,1.5599255564233097,True,A2CFC6311C185EAA2F17BA13E733D522713F64F2850C50F6EEF6E4CE1F592221,20269892,0
R2511,GG0019,RCB0017,I,0,1,20269892,1,True,,0.8366714715957642,0.06576946377754211,0.09755901992321014,0.6905913605481651,0.13525548236793786,0.17415315708389706,1.5599255564233097,True,A2CFC6311C185EAA2F17BA13E733D522713F64F2850C50F6EEF6E4CE1F592221,20269892,0
R2568,GG0125,RCB0068,I,0,1,20269892,1,False,row_missingness_at_or_above_threshold,,,,,,,1.5599255564233097,True,A2CFC6311C185EAA2F17BA13E733D522713F64F2850C50F6EEF6E4CE1F592221,20269892,0
R2569,GG0125,RCB0068,I,0,1,20269892,1,False,row_missingness_at_or_above_threshold,,,,,,,1.5599255564233097,True,A2CFC6311C185EAA2F17BA13E733D522713F64F2850C50F6EEF6E4CE1F592221,20269892,0
R2570,GG0125,RCB0068,I,0,1,20269892,1,False,row_missingness_at_or_above_threshold,,,,,,,1.5599255564233097,True,A2CFC6311C185EAA2F17BA13E733D522713F64F2850C50F6EEF6E4CE1F592221,20269892,0
R2571,GG0125,RCB0068,I,0,1,20269892,1,False,row_missingness_at_or_above_threshold,,,,,,,1.5599255564233097,True,A2CFC6311C185EAA2F17BA13E733D522713F64F2850C50F6EEF6E4CE1F592221,20269892,0
R2572,GG0125,RCB0068,I,0,1,20269892,1,False,row_missingness_at_or_above_threshold,,,,,,,1.5599255564233097,True,A2CFC6311C185EAA2F17BA13E733D522713F64F2850C50F6EEF6E4CE1F592221,20269892,0
R2573,GG0125,RCB0068,I,0,1,20269892,1,False,row_missingness_at_or_above_threshold,,,,,,,1.5599255564233097,True,A2CFC6311C185EAA2F17BA13E733D522713F64F2850C50F6EEF6E4CE1F592221,20269892,0
R2574,GG0125,RCB0068,I,0,1,20269892,1,False,row_missingness_at_or_above_threshold,,,,,,,1.5599255564233097,True,A2CFC6311C185EAA2F17BA13E733D522713F64F2850C50F6EEF6E4CE1F592221,20269892,0
R2575,GG0125,RCB0068,I,0,1,20269892,1,False,row_missingness_at_or_above_threshold,,,,,,,1.5599255564233097,True,A2CFC6311C185EAA2F17BA13E733D522713F64F2850C50F6EEF6E4CE1F592221,20269892,0
R2576,GG0125,RCB0068,I,0,1,20269892,1,False,row_missingness_at_or_above_threshold,,,,,,,1.5599255564233097,True,A2CFC6311C185EAA2F17BA13E733D522713F64F2850C50F6EEF6E4CE1F592221,20269892,0
R2577,GG0125,RCB0068,I,0,1,20269892,1,False,row_missingness_at_or_above_threshold,,,,,,,1.5599255564233097,True,A2CFC6311C185EAA2F17BA13E733D522713F64F2850C50F6EEF6E4CE1F592221,20269892,0
R2578,GG0125,RCB0068,I,0,1,20269892,1,False,row_missingness_at_or_above_threshold,,,,,,,1.5599255564233097,True,A2CFC6311C185EAA2F17BA13E733D522713F64F2850C50F6EEF6E4CE1F592221,20269892,0
R2579,GG0125,RCB0068,I,0,1,20269892,1,False,row_missingness_at_or_above_threshold,,,,,,,1.5599255564233097,True,A2CFC6311C185EAA2F17BA13E733D522713F64F2850C50F6EEF6E4CE1F592221,20269892,0
R2580,GG0125,RCB0068,I,0,1,20269892,1,False,row_missingness_at_or_above_threshold,,,,,,,1.5599255564233097,True,A2CFC6311C185EAA2F17BA13E733D522713F64F2850C50F6EEF6E4CE1F592221,20269892,0
R2581,GG0125,RCB0068,I,0,1,20269892,1,False,row_missingness_at_or_above_threshold,,,,,,,1.5599255564233097,True,A2CFC6311C185EAA2F17BA13E733D522713F64F2850C50F6EEF6E4CE1F592221,20269892,0
R2582,GG0125,RCB0068,I,0,1,20269892,1,False,row_missingness_at_or_above_threshold,,,,,,,1.5599255564233097,True,A2CFC6311C185EAA2F17BA13E733D522713F64F2850C50F6EEF6E4CE1F592221,20269892,0
R2583,GG0125,RCB0068,I,0,1,20269892,1,False,row_missingness_at_or_above_threshold,,,,,,,1.5599255564233097,True,A2CFC6311C185EAA2F17BA13E733D522713F64F2850C50F6EEF6E4CE1F592221,20269892,0
R2584,GG0125,RCB0068,I,0,1,20269892,1,False,row_missingness_at_or_above_threshold,,,,,,,1.5599255564233097,True,A2CFC6311C185EAA2F17BA13E733D522713F64F2850C50F6EEF6E4CE1F592221,20269892,0
R2585,GG0125,RCB0068,I,0,1,20269892,1,False,row_missingness_at_or_above_threshold,,,,,,,1.5599255564233097,True,A2CFC6311C185EAA2F17BA13E733D522713F64F2850C50F6EEF6E4CE1F592221,20269892,0
R2586,GG0125,RCB0068,I,0,1,20269892,1,False,row_missingness_at_or_above_threshold,,,,,,,1.5599255564233097,True,A2CFC6311C185EAA2F17BA13E733D522713F64F2850C50F6EEF6E4CE1F592221,20269892,0
R2587,GG0125,RCB0068,I,0,1,20269892,1,False,row_missingness_at_or_above_threshold,,,,,,,1.5599255564233097,True,A2CFC6311C185EAA2F17BA13E733D522713F64F2850C50F6EEF6E4CE1F592221,20269892,0
R2588,GG0125,RCB0068,I,0,1,20269892,1,False,row_missingness_at_or_above_threshold,,,,,,,1.5599255564233097,True,A2CFC6311C185EAA2F17BA13E733D522713F64F2850C50F6EEF6E4CE1F592221,20269892,0
R2589,GG0125,RCB0068,I,0,1,20269892,1,False,row_missingness_at_or_above_threshold,,,,,,,1.5599255564233097,True,A2CFC6311C185EAA2F17BA13E733D522713F64F2850C50F6EEF6E4CE1F592221,20269892,0
R2590,GG0125,RCB0068,I,0,1,20269892,1,False,row_missingness_at_or_above_threshold,,,,,,,1.5599255564233097,True,A2CFC6311C185EAA2F17BA13E733D522713F64F2850C50F6EEF6E4CE1F592221,20269892,0
R2591,GG0125,RCB0068,I,0,1,20269892,1,False,row_missingness_at_or_above_threshold,,,,,,,1.5599255564233097,True,A2CFC6311C185EAA2F17BA13E733D522713F64F2850C50F6EEF6E4CE1F592221,20269892,0
R2592,GG0125,RCB0068,I,0,1,20269892,1,False,row_missingness_at_or_above_threshold,,,,,,,1.5599255564233097,True,A2CFC6311C185EAA2F17BA13E733D522713F64F2850C50F6EEF6E4CE1F592221,20269892,0
R2593,GG0125,RCB0068,I,0,1,20269892,1,False,row_missingness_at_or_above_threshold,,,,,,,1.5599255564233097,True,A2CFC6311C185EAA2F17BA13E733D522713F64F2850C50F6EEF6E4CE1F592221,20269892,0
R2594,GG0125,RCB0068,I,0,1,20269892,1,False,row_missingness_at_or_above_threshold,,,,,,,1.5599255564233097,True,A2CFC6311C185EAA2F17BA13E733D522713F64F2850C50F6EEF6E4CE1F592221,20269892,0
R2595,GG0125,RCB0068,I,0,1,20269892,1,False,row_missingness_at_or_above_threshold,,,,,,,1.5599255564233097,True,A2CFC6311C185EAA2F17BA13E733D522713F64F2850C50F6EEF6E4CE1F592221,20269892,0
R2596,GG0125,RCB0068,I,0,1,20269892,1,False,row_missingness_at_or_above_threshold,,,,,,,1.5599255564233097,True,A2CFC6311C185EAA2F17BA13E733D522713F64F2850C50F6EEF6E4CE1F592221,20269892,0
R2597,GG0125,RCB0068,I,0,1,20269892,1,False,row_missingness_at_or_above_threshold,,,,,,,1.5599255564233097,True,A2CFC6311C185EAA2F17BA13E733D522713F64F2850C50F6EEF6E4CE1F592221,20269892,0
R2598,GG0125,RCB0068,I,0,1,20269892,1,False,row_missingness_at_or_above_threshold,,,,,,,1.5599255564233097,True,A2CFC6311C185EAA2F17BA13E733D522713F64F2850C50F6EEF6E4CE1F592221,20269892,0
R2599,GG0125,RCB0068,I,0,1,20269892,1,False,row_missingness_at_or_above_threshold,,,,,,,1.5599255564233097,True,A2CFC6311C185EAA2F17BA13E733D522713F64F2850C50F6EEF6E4CE1F592221,20269892,0
R2600,GG0125,RCB0068,I,0,1,20269892,1,False,row_missingness_at_or_above_threshold,,,,,,,1.5599255564233097,True,A2CFC6311C185EAA2F17BA13E733D522713F64F2850C50F6EEF6E4CE1F592221,20269892,0
R0596,GG0058,RCB0042,S,2,1,20269892,2,True,,0.37241968512535095,0.04344310238957405,0.5841372609138489,0.38655133158338306,0.09667883335290656,0.5167698350637104,1.5503395205191224,True,A2CFC6311C185EAA2F17BA13E733D522713F64F2850C50F6EEF6E4CE1F592221,20269892,0
R0597,GG0058,RCB0042,S,2,1,20269892,2,True,,0.3257531523704529,0.12214787304401398,0.5520989298820496,0.3405381644109102,0.1808779040086886,0.47858393158040113,1.5503395205191224,True,A2CFC6311C185EAA2F17BA13E733D522713F64F2850C50F6EEF6E4CE1F592221,20269892,0
R0598,GG0058,RCB0042,S,2,1,20269892,2,True,,0.1769697070121765,0.056849610060453415,0.766180694103241,0.24666096319175937,0.11857550390223323,0.6347635329060074,1.5503395205191224,True,A2CFC6311C185EAA2F17BA13E733D522713F64F2850C50F6EEF6E4CE1F592221,20269892,0
R0599,GG0058,RCB0042,S,2,1,20269892,2,True,,0.7354010343551636,0.04814545810222626,0.21645350754261017,0.6147553807953835,0.10592993566718356,0.279314683537433,1.5503395205191224,True,A2CFC6311C185EAA2F17BA13E733D522713F64F2850C50F6EEF6E4CE1F592221,20269892,0
R0600,GG0058,RCB0042,S,2,1,20269892,2,True,,0.09773048758506775,0.06426405906677246,0.8380054235458374,0.17355083187303824,0.1324320569706677,0.694017111156294,1.5503395205191224,True,A2CFC6311C185EAA2F17BA13E733D522713F64F2850C50F6EEF6E4CE1F592221,20269892,0
R0601,GG0058,RCB0042,S,2,1,20269892,2,True,,0.5754202604293823,0.1713842898607254,0.25319546461105347,0.4885859403857604,0.22369244894466336,0.28772161066957613,1.5503395205191224,True,A2CFC6311C185EAA2F17BA13E733D522713F64F2850C50F6EEF6E4CE1F592221,20269892,0
R0602,GG0058,RCB0042,S,2,1,20269892,2,True,,0.3284813463687897,0.05892927572131157,0.6125893592834473,0.35399091981333924,0.11686685306089438,0.5291422271257663,1.5503395205191224,True,A2CFC6311C185EAA2F17BA13E733D522713F64F2850C50F6EEF6E4CE1F592221,20269892,0
R0702,GG0012,RCB0012,S,2,1,20269892,2,False,row_missingness_at_or_above_threshold,,,,,,,1.5503395205191224,True,A2CFC6311C185EAA2F17BA13E733D522713F64F2850C50F6EEF6E4CE1F592221,20269892,0
R0703,GG0012,RCB0012,S,2,1,20269892,2,True,,0.5738905668258667,0.04003238305449486,0.38607701659202576,0.5117985589997072,0.09187271465757256,0.3963287263427203,1.5503395205191224,True,A2CFC6311C185EAA2F17BA13E733D522713F64F2850C50F6EEF6E4CE1F592221,20269892,0
R0704,GG0012,RCB0012,S,2,1,20269892,2,True,,0.5859967470169067,0.027053868398070335,0.3869493901729584,0.5255709618097868,0.07229365545854684,0.4021353827316664,1.5503395205191224,True,A2CFC6311C185EAA2F17BA13E733D522713F64F2850C50F6EEF6E4CE1F592221,20269892,0
R0705,GG0012,RCB0012,S,2,1,20269892,2,False,row_missingness_at_or_above_threshold,,,,,,,1.5503395205191224,True,A2CFC6311C185EAA2F17BA13E733D522713F64F2850C50F6EEF6E4CE1F592221,20269892,0
R0706,GG0012,RCB0012,S,2,1,20269892,2,True,,0.1406814008951187,0.007355873007327318,0.851962685585022,0.2301789547383926,0.03430886822439436,0.7355121770372132,1.5503395205191224,True,A2CFC6311C185EAA2F17BA13E733D522713F64F2850C50F6EEF6E4CE1F592221,20269892,0
R0707,GG0012,RCB0012,S,2,1,20269892,2,True,,0.1569584608078003,0.005688908975571394,0.8373526334762573,0.24617447435976175,0.028968549205218883,0.7248569764350193,1.5503395205191224,True,A2CFC6311C185EAA2F17BA13E733D522713F64F2850C50F6EEF6E4CE1F592221,20269892,0
R0708,GG0012,RCB0012,S,2,1,20269892,2,True,,0.4946058988571167,0.07870107889175415,0.42669299244880676,0.451530778252291,0.13796905560208308,0.4105001661456259,1.5503395205191224,True,A2CFC6311C185EAA2F17BA13E733D522713F64F2850C50F6EEF6E4CE1F592221,20269892,0
R0709,GG0012,RCB0012,S,2,1,20269892,2,True,,0.4953131675720215,0.09565624594688416,0.409030556678772,0.44841510653841266,0.155248900026569,0.39633599343501846,1.5503395205191224,True,A2CFC6311C185EAA2F17BA13E733D522713F64F2850C50F6EEF6E4CE1F592221,20269892,0
R0710,GG0012,RCB0012,S,2,1,20269892,2,False,row_missingness_at_or_above_threshold,,,,,,,1.5503395205191224,True,A2CFC6311C185EAA2F17BA13E733D522713F64F2850C50F6EEF6E4CE1F592221,20269892,0
R0711,GG0012,RCB0012,S,2,1,20269892,2,True,,0.5260207653045654,0.03218281641602516,0.4417964220046997,0.4857906337969411,0.08013006873804954,0.43407929746500934,1.5503395205191224,True,A2CFC6311C185EAA2F17BA13E733D522713F64F2850C50F6EEF6E4CE1F592221,20269892,0
R0712,GG0012,RCB0012,S,2,1,20269892,2,True,,0.6680216789245605,0.006309826858341694,0.3256685435771942,0.5957471501135416,0.029447119318845527,0.37480573056761285,1.5503395205191224,True,A2CFC6311C185EAA2F17BA13E733D522713F64F2850C50F6EEF6E4CE1F592221,20269892,0
R0713,GG0012,RCB0012,S,2,1,20269892,2,True,,0.7586308717727661,0.06659853458404541,0.17477059364318848,0.6265106978589147,0.13044348468841918,0.24304581745266612,1.5503395205191224,True,A2CFC6311C185EAA2F17BA13E733D522713F64F2850C50F6EEF6E4CE1F592221,20269892,0
R0714,GG0012,RCB0012,S,2,1,20269892,2,True,,0.6519733667373657,0.26453542709350586,0.08349122852087021,0.5480960973471604,0.3063181254647976,0.14558577718804216,1.5503395205191224,True,A2CFC6311C185EAA2F17BA13E733D522713F64F2850C50F6EEF6E4CE1F592221,20269892,0
R0715,GG0012,RCB0012,S,2,1,20269892,2,True,,0.7579826712608337,0.03632330894470215,0.20569397509098053,0.6361086272080091,0.08962811163051838,0.27426326116147254,1.5503395205191224,True,A2CFC6311C185EAA2F17BA13E733D522713F64F2850C50F6EEF6E4CE1F592221,20269892,0
R0758,GG0012,RCB0012,S,2,1,20269892,2,True,,0.3730340003967285,0.20360568165779114,0.4233603775501251,0.3620906752515539,0.24502129604667244,0.3928880287017736,1.5503395205191224,True,A2CFC6311C185EAA2F17BA13E733D522713F64F2850C50F6EEF6E4CE1F592221,20269892,0
R0759,GG0012,RCB0012,S,2,1,20269892,2,True,,0.3811088502407074,0.3322630524635315,0.2866281270980835,0.36397233969858006,0.33315511428221267,0.3028725460192072,1.5503395205191224,True,A2CFC6311C185EAA2F17BA13E733D522713F64F2850C50F6EEF6E4CE1F592221,20269892,0
R0760,GG0012,RCB0012,S,2,1,20269892,2,True,,0.37538716197013855,0.3617366850376129,0.26287612318992615,0.3608701717332598,0.35235029450566624,0.286779533761074,1.5503395205191224,True,A2CFC6311C185EAA2F17BA13E733D522713F64F2850C50F6EEF6E4CE1F592221,20269892,0
R0761,GG0012,RCB0012,S,2,1,20269892,2,True,,0.48094451427459717,0.27695342898368835,0.24210205674171448,0.426847503700917,0.2989985237734147,0.2741539725256684,1.5503395205191224,True,A2CFC6311C185EAA2F17BA13E733D522713F64F2850C50F6EEF6E4CE1F592221,20269892,0
R0762,GG0012,RCB0012,S,2,1,20269892,2,True,,0.4790410101413727,0.27785560488700867,0.24310342967510223,0.4256428429032848,0.2995460348983556,0.2748111221983597,1.5503395205191224,True,A2CFC6311C185EAA2F17BA13E733D522713F64F2850C50F6EEF6E4CE1F592221,20269892,0
R0763,GG0012,RCB0012,S,2,1,20269892,2,True,,0.5088280439376831,0.2462548017501831,0.24491718411445618,0.44441244544615904,0.27828174907087533,0.27730580548296563,1.5503395205191224,True,A2CFC6311C185EAA2F17BA13E733D522713F64F2850C50F6EEF6E4CE1F592221,20269892,0
R0764,GG0012,RCB0012,S,2,1,20269892,2,True,,0.452290415763855,0.14483524858951569,0.4028743505477905,0.4153113098343072,0.19924322222664367,0.38544546793904916,1.5503395205191224,True,A2CFC6311C185EAA2F17BA13E733D522713F64F2850C50F6EEF6E4CE1F592221,20269892,0
R0765,GG0012,RCB0012,S,2,1,20269892,2,True,,0.7359854578971863,0.1275131106376648,0.13650141656398773,0.6023719000126653,0.19444719979461503,0.2031809001927196,1.5503395205191224,True,A2CFC6311C185EAA2F17BA13E733D522713F64F2850C50F6EEF6E4CE1F592221,20269892,0
R0766,GG0012,RCB0012,S,2,1,20269892,2,True,,0.658048152923584,0.12049417942762375,0.22145764529705048,0.5464795967340054,0.18281259732856872,0.270707805937426,1.5503395205191224,True,A2CFC6311C185EAA2F17BA13E733D522713F64F2850C50F6EEF6E4CE1F592221,20269892,0
R0767,GG0012,RCB0012,S,2,1,20269892,2,True,,0.7109193801879883,0.17747171223163605,0.11160885542631149,0.5842914214628987,0.2387160513552111,0.17699252718189015,1.5503395205191224,True,A2CFC6311C185EAA2F17BA13E733D522713F64F2850C50F6EEF6E4CE1F592221,20269892,0
R0768,GG0012,RCB0012,S,2,1,20269892,2,True,,0.6143701672554016,0.2781771421432495,0.10745269060134888,0.5195816053708228,0.31167128208252065,0.16874711254665664,1.5503395205191224,True,A2CFC6311C185EAA2F17BA13E733D522713F64F2850C50F6EEF6E4CE1F592221,20269892,0
R0769,GG0012,RCB0012,S,2,1,20269892,2,True,,0.7128325700759888,0.16960476338863373,0.11756269633769989,0.5852072688344454,0.23179700440590237,0.18299572675965226,1.5503395205191224,True,A2CFC6311C185EAA2F17BA13E733D522713F64F2850C50F6EEF6E4CE1F592221,20269892,0
R0770,GG0012,RCB0012,S,2,1,20269892,2,True,,0.6930957436561584,0.10266748070716858,0.20423677563667297,0.572586082310622,0.16706550522151628,0.2603484124678617,1.5503395205191224,True,A2CFC6311C185EAA2F17BA13E733D522713F64F2850C50F6EEF6E4CE1F592221,20269892,0
R0771,GG0012,RCB0012,S,2,1,20269892,2,True,,0.39975130558013916,0.40027916431427,0.19996954500675201,0.378711964112278,0.37903444820114424,0.24225358768657765,1.5503395205191224,True,A2CFC6311C185EAA2F17BA13E733D522713F64F2850C50F6EEF6E4CE1F592221,20269892,0
R0772,GG0012,RCB0012,S,2,1,20269892,2,True,,0.7762492299079895,0.09194149076938629,0.1318093240261078,0.6364492472790841,0.1607531261741574,0.20279762654675831,1.5503395205191224,True,A2CFC6311C185EAA2F17BA13E733D522713F64F2850C50F6EEF6E4CE1F592221,20269892,0
R0773,GG0012,RCB0012,S,2,1,20269892,2,True,,0.6087225079536438,0.1305452287197113,0.2607322335243225,0.5130383295200855,0.1900429653621979,0.29691870511771656,1.5503395205191224,True,A2CFC6311C185EAA2F17BA13E733D522713F64F2850C50F6EEF6E4CE1F592221,20269892,0
R0774,GG0012,RCB0012,S,2,1,20269892,2,True,,0.5962772369384766,0.2450905591249466,0.15863215923309326,0.5027049647125698,0.28330679334109293,0.21398824194633734,1.5503395205191224,True,A2CFC6311C185EAA2F17BA13E733D522713F64F2850C50F6EEF6E4CE1F592221,20269892,0
R0934,GG0011,RCB0011,A,1,1,20269892,2,True,,0.09537725150585175,0.6865930557250977,0.2180296629667282,0.15931609576988132,0.5691228473455404,0.2715610568845783,1.5503395205191224,True,A2CFC6311C185EAA2F17BA13E733D522713F64F2850C50F6EEF6E4CE1F592221,20269892,0
R0935,GG0011,RCB0011,A,1,1,20269892,2,True,,0.16540923714637756,0.7001171708106995,0.13447362184524536,0.2266987830308619,0.5749443332824155,0.1983568836867226,1.5503395205191224,True,A2CFC6311C185EAA2F17BA13E733D522713F64F2850C50F6EEF6E4CE1F592221,20269892,0
R0936,GG0011,RCB0011,A,1,1,20269892,2,True,,0.44629693031311035,0.25512126088142395,0.2985818386077881,0.4050561250093848,0.28239338639587125,0.312550488594744,1.5503395205191224,True,A2CFC6311C185EAA2F17BA13E733D522713F64F2850C50F6EEF6E4CE1F592221,20269892,0
R0937,GG0011,RCB0011,A,1,1,20269892,2,True,,0.1728868931531906,0.2800283133983612,0.5470848083496094,0.22385413782277672,0.305532937003267,0.47061292517395625,1.5503395205191224,True,A2CFC6311C185EAA2F17BA13E733D522713F64F2850C50F6EEF6E4CE1F592221,20269892,0
R0938,GG0011,RCB0011,A,1,1,20269892,2,True,,0.8084922432899475,0.01863384060561657,0.17287395894527435,0.6860626874261725,0.060287205662164986,0.25365010691166257,1.5503395205191224,True,A2CFC6311C185EAA2F17BA13E733D522713F64F2850C50F6EEF6E4CE1F592221,20269892,0
R0939,GG0011,RCB0011,A,1,1,20269892,2,True,,0.46246808767318726,0.3255060017108917,0.21202592551708221,0.41632123916201447,0.33193139460129645,0.25174736623668903,1.5503395205191224,True,A2CFC6311C185EAA2F17BA13E733D522713F64F2850C50F6EEF6E4CE1F592221,20269892,0
R0940,GG0011,RCB0011,A,1,1,20269892,2,True,,0.10973960906267166,0.6600280404090881,0.2302323430776596,0.1725918398160398,0.5490592141053715,0.27834894607858873,1.5503395205191224,True,A2CFC6311C185EAA2F17BA13E733D522713F64F2850C50F6EEF6E4CE1F592221,20269892,0
R0941,GG0011,RCB0011,A,1,1,20269892,2,True,,0.7119038701057434,0.008543807081878185,0.27955231070518494,0.6230961723857537,0.03594347533925942,0.34096035227498683,1.5503395205191224,True,A2CFC6311C185EAA2F17BA13E733D522713F64F2850C50F6EEF6E4CE1F592221,20269892,0
R0942,GG0011,RCB0011,A,1,1,20269892,2,True,,0.6966701149940491,0.06129954382777214,0.2420302778482437,0.5833808293611827,0.12164336633034163,0.29497580430847564,1.5503395205191224,True,A2CFC6311C185EAA2F17BA13E733D522713F64F2850C50F6EEF6E4CE1F592221,20269892,0
R0943,GG0011,RCB0011,A,1,1,20269892,2,True,,0.05654158815741539,0.45713794231414795,0.4863204061985016,0.11290538377516429,0.4346962893794627,0.45239832684537296,1.5503395205191224,True,A2CFC6311C185EAA2F17BA13E733D522713F64F2850C50F6EEF6E4CE1F592221,20269892,0
R0965,GG0041,RCB0033,S,2,1,20269892,2,True,,0.04628383368253708,0.03383403643965721,0.9198821783065796,0.11501492502907293,0.09396860377380595,0.7910164711971213,1.5503395205191224,True,A2CFC6311C185EAA2F17BA13E733D522713F64F2850C50F6EEF6E4CE1F592221,20269892,0
R0966,GG0041,RCB0033,S,2,1,20269892,2,True,,0.1099533960223198,0.7102487683296204,0.17979782819747925,0.1753016812452009,0.5839591590845764,0.24073915967022264,1.5503395205191224,True,A2CFC6311C185EAA2F17BA13E733D522713F64F2850C50F6EEF6E4CE1F592221,20269892,0
R0967,GG0041,RCB0033,S,2,1,20269892,2,True,,0.07127819210290909,0.5359257459640503,0.39279603958129883,0.13019671617199252,0.4783359033031124,0.3914673805248951,1.5503395205191224,True,A2CFC6311C185EAA2F17BA13E733D522713F64F2850C50F6EEF6E4CE1F592221,20269892,0
R0968,GG0041,RCB0033,S,2,1,20269892,2,True,,0.13534724712371826,0.5664620399475098,0.2981906831264496,0.19296606577560865,0.4858516380175875,0.32118229620680383,1.5503395205191224,True,A2CFC6311C185EAA2F17BA13E733D522713F64F2850C50F6EEF6E4CE1F592221,20269892,0
R0969,GG0041,RCB0033,S,2,1,20269892,2,True,,0.08849287778139114,0.3917252719402313,0.5197818279266357,0.1482894988943075,0.38711551777524594,0.4645949833304465,1.5503395205191224,True,A2CFC6311C185EAA2F17BA13E733D522713F64F2850C50F6EEF6E4CE1F592221,20269892,0
R0970,GG0041,RCB0033,S,2,1,20269892,2,True,,0.1143459603190422,0.057543717324733734,0.8281103372573853,0.19126558689857295,0.12282226273535046,0.6859121503660766,1.5503395205191224,True,A2CFC6311C185EAA2F17BA13E733D522713F64F2850C50F6EEF6E4CE1F592221,20269892,0
R0971,GG0041,RCB0033,S,2,1,20269892,2,True,,0.11605997383594513,0.5245975255966187,0.3593425154685974,0.17485838862478337,0.4626657033339237,0.36247590804129287,1.5503395205191224,True,A2CFC6311C185EAA2F17BA13E733D522713F64F2850C50F6EEF6E4CE1F592221,20269892,0
R0972,GG0041,RCB0033,S,2,1,20269892,2,True,,0.11643111705780029,0.029546743258833885,0.8540221452713013,0.19885960755079055,0.08211052394876413,0.7190298685004453,1.5503395205191224,True,A2CFC6311C185EAA2F17BA13E733D522713F64F2850C50F6EEF6E4CE1F592221,20269892,0
R0973,GG0041,RCB0033,S,2,1,20269892,2,True,,0.07646745443344116,0.8467345237731934,0.07679805904626846,0.14883600189622506,0.7019132516370781,0.149250746466697,1.5503395205191224,True,A2CFC6311C185EAA2F17BA13E733D522713F64F2850C50F6EEF6E4CE1F592221,20269892,0
R0974,GG0041,RCB0033,S,2,1,20269892,2,True,,0.17417146265506744,0.11223594844341278,0.713592529296875,0.23603576171702292,0.17777838390978046,0.5861858543731966,1.5503395205191224,True,A2CFC6311C185EAA2F17BA13E733D522713F64F2850C50F6EEF6E4CE1F592221,20269892,0
R0975,GG0041,RCB0033,S,2,1,20269892,2,True,,0.11920871585607529,0.6035931706428528,0.2771981358528137,0.17952255120552307,0.5110866296348261,0.3093908191596507,1.5503395205191224,True,A2CFC6311C185EAA2F17BA13E733D522713F64F2850C50F6EEF6E4CE1F592221,20269892,0
R0976,GG0041,RCB0033,S,2,1,20269892,2,True,,0.11677073687314987,0.18381346762180328,0.6994158029556274,0.18139760516242096,0.24306835592377907,0.5755340389138001,1.5503395205191224,True,A2CFC6311C185EAA2F17BA13E733D522713F64F2850C50F6EEF6E4CE1F592221,20269892,0
R0977,GG0041,RCB0033,S,2,1,20269892,2,True,,0.09788987785577774,0.077471524477005,0.8246386051177979,0.17201489895811709,0.14792269685061113,0.6800624041912717,1.5503395205191224,True,A2CFC6311C185EAA2F17BA13E733D522713F64F2850C50F6EEF6E4CE1F592221,20269892,0
R0978,GG0041,RCB0033,S,2,1,20269892,2,True,,0.10653892159461975,0.029129698872566223,0.8643313646316528,0.18896830737942363,0.08187127887050563,0.7291604137500707,1.5503395205191224,True,A2CFC6311C185EAA2F17BA13E733D522713F64F2850C50F6EEF6E4CE1F592221,20269892,0
R0979,GG0041,RCB0033,S,2,1,20269892,2,True,,0.1419287919998169,0.00944139901548624,0.8486297726631165,0.23023845035733848,0.040083651872253094,0.7296778977704085,1.5503395205191224,True,A2CFC6311C185EAA2F17BA13E733D522713F64F2850C50F6EEF6E4CE1F592221,20269892,0
R0980,GG0041,RCB0033,S,2,1,20269892,2,True,,0.0916958823800087,0.020923858508467674,0.8873802423477173,0.17516054370820772,0.06753388765925855,0.7573055686325337,1.5503395205191224,True,A2CFC6311C185EAA2F17BA13E733D522713F64F2850C50F6EEF6E4CE1F592221,20269892,0
R0981,GG0041,RCB0033,S,2,1,20269892,2,True,,0.32625025510787964,0.010679400525987148,0.6630703210830688,0.3717135456861866,0.04095916691337662,0.5873272874004368,1.5503395205191224,True,A2CFC6311C185EAA2F17BA13E733D522713F64F2850C50F6EEF6E4CE1F592221,20269892,0
R0982,GG0041,RCB0033,S,2,1,20269892,2,True,,0.12286106497049332,0.012868264690041542,0.8642706871032715,0.21040045135980906,0.04909025076565595,0.740509297874535,1.5503395205191224,True,A2CFC6311C185EAA2F17BA13E733D522713F64F2850C50F6EEF6E4CE1F592221,20269892,0
R0983,GG0041,RCB0033,S,2,1,20269892,2,True,,0.1470089554786682,0.0189792662858963,0.8340117931365967,0.2309132055002353,0.06165729491096913,0.7074294995887955,1.5503395205191224,True,A2CFC6311C185EAA2F17BA13E733D522713F64F2850C50F6EEF6E4CE1F592221,20269892,0
R0984,GG0041,RCB0033,S,2,1,20269892,2,True,,0.14664362370967865,0.019957786425948143,0.8333985209465027,0.23023755595547196,0.06360504549226041,0.7061573985522677,1.5503395205191224,True,A2CFC6311C185EAA2F17BA13E733D522713F64F2850C50F6EEF6E4CE1F592221,20269892,0
R0985,GG0041,RCB0033,S,2,1,20269892,2,True,,0.060673583298921585,0.034536898136138916,0.9047895669937134,0.13496088413002613,0.09383416568033173,0.7712049501896422,1.5503395205191224,True,A2CFC6311C185EAA2F17BA13E733D522713F64F2850C50F6EEF6E4CE1F592221,20269892,0
R1126,GG0073,RCB0049,A,1,1,20269892,2,True,,0.05640687793493271,0.860034167766571,0.08355901390314102,0.12368374038928806,0.7169514140930552,0.1593648455176568,1.5503395205191224,True,A2CFC6311C185EAA2F17BA13E733D522713F64F2850C50F6EEF6E4CE1F592221,20269892,0
R1127,GG0073,RCB0049,A,1,1,20269892,2,True,,0.37266409397125244,0.4422801434993744,0.18505577743053436,0.3631796705600978,0.40560009482308346,0.2312202346168187,1.5503395205191224,True,A2CFC6311C185EAA2F17BA13E733D522713F64F2850C50F6EEF6E4CE1F592221,20269892,0
R1128,GG0073,RCB0049,A,1,1,20269892,2,True,,0.45882943272590637,0.37935972213745117,0.16181078553199768,0.41752001207739325,0.3693164154859126,0.21316357243669415,1.5503395205191224,True,A2CFC6311C185EAA2F17BA13E733D522713F64F2850C50F6EEF6E4CE1F592221,20269892,0
R1129,GG0073,RCB0049,A,1,1,20269892,2,True,,0.003949432633817196,0.9919427633285522,0.0041077472269535065,0.026777078856076688,0.9457583359298596,0.02746458521406361,1.5503395205191224,True,A2CFC6311C185EAA2F17BA13E733D522713F64F2850C50F6EEF6E4CE1F592221,20269892,0
R1130,GG0073,RCB0049,A,1,1,20269892,2,True,,0.43316376209259033,0.2931785583496094,0.2736576497554779,0.39666066789030013,0.3083723318786129,0.29496700023108685,1.5503395205191224,True,A2CFC6311C185EAA2F17BA13E733D522713F64F2850C50F6EEF6E4CE1F592221,20269892,0
R1411,GG0011,RCB0011,A,1,1,20269892,2,True,,0.007329107262194157,0.9854147434234619,0.007256152108311653,0.03906759537122019,0.922116093263174,0.03881631136560573,1.5503395205191224,True,A2CFC6311C185EAA2F17BA13E733D522713F64F2850C50F6EEF6E4CE1F592221,20269892,0
R1412,GG0011,RCB0011,A,1,1,20269892,2,True,,0.018153714016079903,0.9739412069320679,0.007905160076916218,0.0683303278296746,0.8917004291477759,0.039969243022549616,1.5503395205191224,True,A2CFC6311C185EAA2F17BA13E733D522713F64F2850C50F6EEF6E4CE1F592221,20269892,0
R1413,GG0011,RCB0011,A,1,1,20269892,2,True,,0.005042887758463621,0.9895883798599243,0.0053687989711761475,0.031091271125275165,0.9365358271296691,0.03237290174505571,1.5503395205191224,True,A2CFC6311C185EAA2F17BA13E733D522713F64F2850C50F6EEF6E4CE1F592221,20269892,0
R1414,GG0011,RCB0011,A,1,1,20269892,2,True,,0.06431631743907928,0.9038986563682556,0.03178500756621361,0.1401627050615765,0.7708777425054625,0.08895955243296096,1.5503395205191224,True,A2CFC6311C185EAA2F17BA13E733D522713F64F2850C50F6EEF6E4CE1F592221,20269892,0
R1415,GG0011,RCB0011,A,1,1,20269892,2,True,,0.11834583431482315,0.6862854957580566,0.1953686624765396,0.18218308557865212,0.5660897110184085,0.2517272034029394,1.5503395205191224,True,A2CFC6311C185EAA2F17BA13E733D522713F64F2850C50F6EEF6E4CE1F592221,20269892,0
R1416,GG0011,RCB0011,A,1,1,20269892,2,True,,0.08581306785345078,0.8582702279090881,0.05591670796275139,0.16194381349238693,0.7152039665287198,0.12285221997889317,1.5503395205191224,True,A2CFC6311C185EAA2F17BA13E733D522713F64F2850C50F6EEF6E4CE1F592221,20269892,0
R1417,GG0011,RCB0011,A,1,1,20269892,2,True,,0.13639605045318604,0.7788006067276001,0.08480332791805267,0.20779822046750965,0.6392632691509915,0.15293851038149883,1.5503395205191224,True,A2CFC6311C185EAA2F17BA13E733D522713F64F2850C50F6EEF6E4CE1F592221,20269892,0
R1418,GG0011,RCB0011,A,1,1,20269892,2,True,,0.3159926235675812,0.5231505036354065,0.16085690259933472,0.3299004130594196,0.4566776915923732,0.21342189534820732,1.5503395205191224,True,A2CFC6311C185EAA2F17BA13E733D522713F64F2850C50F6EEF6E4CE1F592221,20269892,0
R1419,GG0011,RCB0011,A,1,1,20269892,2,True,,0.14481981098651886,0.8205667734146118,0.034613434225320816,0.22429563655615728,0.6866024207713916,0.0891019426724512,1.5503395205191224,True,A2CFC6311C185EAA2F17BA13E733D522713F64F2850C50F6EEF6E4CE1F592221,20269892,0
R1420,GG0011,RCB0011,A,1,1,20269892,2,True,,0.11020659655332565,0.853324830532074,0.03646855056285858,0.1910497004095368,0.7153342538875823,0.09361604570288087,1.5503395205191224,True,A2CFC6311C185EAA2F17BA13E733D522713F64F2850C50F6EEF6E4CE1F592221,20269892,0
R1421,GG0011,RCB0011,A,1,1,20269892,2,True,,0.4844394624233246,0.33599233627319336,0.17956818640232086,0.43159518570394906,0.34086026054100355,0.22754455375504745,1.5503395205191224,True,A2CFC6311C185EAA2F17BA13E733D522713F64F2850C50F6EEF6E4CE1F592221,20269892,0
R1422,GG0011,RCB0011,A,1,1,20269892,2,True,,0.2882745862007141,0.5426251292228699,0.1691003143787384,0.31126892911981874,0.4680784018404963,0.22065266903968503,1.5503395205191224,True,A2CFC6311C185EAA2F17BA13E733D522713F64F2850C50F6EEF6E4CE1F592221,20269892,0
R1423,GG0011,RCB0011,A,1,1,20269892,2,True,,0.35203543305397034,0.560323178768158,0.0876413881778717,0.36265814125478324,0.4894362634664615,0.14790559527875524,1.5503395205191224,True,A2CFC6311C185EAA2F17BA13E733D522713F64F2850C50F6EEF6E4CE1F592221,20269892,0
R1424,GG0011,RCB0011,A,1,1,20269892,2,True,,0.31264421343803406,0.0714125707745552,0.6159432530403137,0.3407796165323379,0.1314734135805352,0.527746969887127,1.5503395205191224,True,A2CFC6311C185EAA2F17BA13E733D522713F64F2850C50F6EEF6E4CE1F592221,20269892,0
R1425,GG0011,RCB0011,A,1,1,20269892,2,True,,0.2517635226249695,0.13788847625255585,0.6103479862213135,0.2899760234500583,0.19665819205002524,0.5133657844999164,1.5503395205191224,True,A2CFC6311C185EAA2F17BA13E733D522713F64F2850C50F6EEF6E4CE1F592221,20269892,0
R1426,GG0011,RCB0011,A,1,1,20269892,2,True,,0.3892485201358795,0.22093558311462402,0.38981589674949646,0.3710678567396072,0.25751550081317726,0.3714166424472157,1.5503395205191224,True,A2CFC6311C185EAA2F17BA13E733D522713F64F2850C50F6EEF6E4CE1F592221,20269892,0
R1427,GG0011,RCB0011,A,1,1,20269892,2,True,,0.46035733819007874,0.025920230895280838,0.5137224197387695,0.4485007989361922,0.07011952703282162,0.4813796740309863,1.5503395205191224,True,A2CFC6311C185EAA2F17BA13E733D522713F64F2850C50F6EEF6E4CE1F592221,20269892,0
R1428,GG0011,RCB0011,A,1,1,20269892,2,True,,0.5040572285652161,0.008539725095033646,0.4874030351638794,0.48765892926546606,0.03513682899887801,0.477204241735656,1.5503395205191224,True,A2CFC6311C185EAA2F17BA13E733D522713F64F2850C50F6EEF6E4CE1F592221,20269892,0
R1429,GG0011,RCB0011,A,1,1,20269892,2,True,,0.3336995244026184,0.26047948002815247,0.4058210253715515,0.33480067289573245,0.2853604191916601,0.3798389079126075,1.5503395205191224,True,A2CFC6311C185EAA2F17BA13E733D522713F64F2850C50F6EEF6E4CE1F592221,20269892,0
R1430,GG0011,RCB0011,A,1,1,20269892,2,True,,0.2701871693134308,0.3293977975845337,0.4004150629043579,0.29195559559013357,0.3317604603961128,0.3762839440137537,1.5503395205191224,True,A2CFC6311C185EAA2F17BA13E733D522713F64F2850C50F6EEF6E4CE1F592221,20269892,0
R1446,GG0089,RCB0057,I,0,1,20269892,2,True,,0.5746745467185974,0.03583718091249466,0.38948825001716614,0.5141132882913895,0.08585248815737664,0.4000342235512339,1.5503395205191224,True,A2CFC6311C185EAA2F17BA13E733D522713F64F2850C50F6EEF6E4CE1F592221,20269892,0
R1447,GG0089,RCB0057,I,0,1,20269892,2,True,,0.6770077347755432,0.037713877856731415,0.2852783501148224,0.5787224995730226,0.08985777472487577,0.3314197257021016,1.5503395205191224,True,A2CFC6311C185EAA2F17BA13E733D522713F64F2850C50F6EEF6E4CE1F592221,20269892,0
R1448,GG0089,RCB0057,I,0,1,20269892,2,True,,0.5700829029083252,0.074338398873806,0.3555787205696106,0.49844133866334733,0.1339518922726834,0.3676067690639694,1.5503395205191224,True,A2CFC6311C185EAA2F17BA13E733D522713F64F2850C50F6EEF6E4CE1F592221,20269892,0
R1449,GG0089,RCB0057,I,0,1,20269892,2,True,,0.5275536179542542,0.06733006983995438,0.40511631965637207,0.4742877100253708,0.12570625109851988,0.40000603887610925,1.5503395205191224,True,A2CFC6311C185EAA2F17BA13E733D522713F64F2850C50F6EEF6E4CE1F592221,20269892,0
R1450,GG0089,RCB0057,I,0,1,20269892,2,True,,0.5428354144096375,0.04956584423780441,0.40759873390197754,0.48904173165789816,0.10443759806760979,0.40652067027449196,1.5503395205191224,True,A2CFC6311C185EAA2F17BA13E733D522713F64F2850C50F6EEF6E4CE1F592221,20269892,0
R1451,GG0089,RCB0057,I,0,1,20269892,2,True,,0.5661805868148804,0.04716286435723305,0.3866565525531769,0.5042347942936932,0.10149096341919539,0.3942742422871115,1.5503395205191224,True,A2CFC6311C185EAA2F17BA13E733D522713F64F2850C50F6EEF6E4CE1F592221,20269892,0
R1452,GG0089,RCB0057,I,0,1,20269892,2,True,,0.3775181770324707,0.2131638377904892,0.4093179404735565,0.36427140272949454,0.2519506111551945,0.383777986115311,1.5503395205191224,True,A2CFC6311C185EAA2F17BA13E733D522713F64F2850C50F6EEF6E4CE1F592221,20269892,0
R1453,GG0090,RCB0058,I,0,1,20269892,2,True,,0.053377579897642136,0.9346686601638794,0.011953823268413544,0.129551734178259,0.8210995720785772,0.0493486937431638,1.5503395205191224,True,A2CFC6311C185EAA2F17BA13E733D522713F64F2850C50F6EEF6E4CE1F592221,20269892,0
R1454,GG0090,RCB0058,I,0,1,20269892,2,True,,0.029876388609409332,0.9570162296295166,0.013107395730912685,0.09136790972525834,0.8549291587228105,0.05370293155193113,1.5503395205191224,True,A2CFC6311C185EAA2F17BA13E733D522713F64F2850C50F6EEF6E4CE1F592221,20269892,0
R1455,GG0090,RCB0058,I,0,1,20269892,2,True,,0.005244043190032244,0.9905853867530823,0.004170513711869717,0.031996488644328205,0.9404016827197953,0.027601828635876752,1.5503395205191224,True,A2CFC6311C185EAA2F17BA13E733D522713F64F2850C50F6EEF6E4CE1F592221,20269892,0
R1456,GG0090,RCB0058,I,0,1,20269892,2,True,,0.07636627554893494,0.8594623804092407,0.06417138129472733,0.15016062937952732,0.71561906448962,0.13422030613085256,1.5503395205191224,True,A2CFC6311C185EAA2F17BA13E733D522713F64F2850C50F6EEF6E4CE1F592221,20269892,0
R1457,GG0090,RCB0058,I,0,1,20269892,2,True,,0.009192210622131824,0.9827314019203186,0.008076376281678677,0.044885609323103384,0.9138234484084637,0.04129094226843298,1.5503395205191224,True,A2CFC6311C185EAA2F17BA13E733D522713F64F2850C50F6EEF6E4CE1F592221,20269892,0
R1458,GG0090,RCB0058,I,0,1,20269892,2,True,,0.1895555555820465,0.6955267190933228,0.11491774767637253,0.24770578501998403,0.5729276746921862,0.17936654028782964,1.5503395205191224,True,A2CFC6311C185EAA2F17BA13E733D522713F64F2850C50F6EEF6E4CE1F592221,20269892,0
R1459,GG0090,RCB0058,I,0,1,20269892,2,True,,0.0675407201051712,0.8292062878608704,0.10325301438570023,0.1359507084178499,0.6852842636912484,0.17876502789090182,1.5503395205191224,True,A2CFC6311C185EAA2F17BA13E733D522713F64F2850C50F6EEF6E4CE1F592221,20269892,0
R1460,GG0090,RCB0058,I,0,1,20269892,2,True,,0.10733411461114883,0.2013903111219406,0.6912755966186523,0.17166008149452883,0.2576047064651034,0.5707352120403678,1.5503395205191224,True,A2CFC6311C185EAA2F17BA13E733D522713F64F2850C50F6EEF6E4CE1F592221,20269892,0
R1461,GG0090,RCB0058,I,0,1,20269892,2,True,,0.1204058900475502,0.2608620524406433,0.6187320947647095,0.18113522182678282,0.29824754032192813,0.5206172378512891,1.5503395205191224,True,A2CFC6311C185EAA2F17BA13E733D522713F64F2850C50F6EEF6E4CE1F592221,20269892,0
R1462,GG0090,RCB0058,I,0,1,20269892,2,True,,0.18157486617565155,0.7255309820175171,0.09289419651031494,0.24433772788083055,0.5970830082933863,0.15857926382578313,1.5503395205191224,True,A2CFC6311C185EAA2F17BA13E733D522713F64F2850C50F6EEF6E4CE1F592221,20269892,0
R1463,GG0090,RCB0058,I,0,1,20269892,2,True,,0.12884165346622467,0.08263560384511948,0.7885227799415588,0.20128518596636988,0.15114524729392806,0.647569566739702,1.5503395205191224,True,A2CFC6311C185EAA2F17BA13E733D522713F64F2850C50F6EEF6E4CE1F592221,20269892,0
R1464,GG0090,RCB0058,I,0,1,20269892,2,True,,0.14968521893024445,0.05003570765256882,0.8002790212631226,0.22513356300378295,0.11103910545868333,0.6638273315375337,1.5503395205191224,True,A2CFC6311C185EAA2F17BA13E733D522713F64F2850C50F6EEF6E4CE1F592221,20269892,0
R1465,GG0090,RCB0058,I,0,1,20269892,2,True,,0.25111907720565796,0.0579545721411705,0.6909263730049133,0.30217446524858255,0.11735840096764719,0.5804671337837702,1.5503395205191224,True,A2CFC6311C185EAA2F17BA13E733D522713F64F2850C50F6EEF6E4CE1F592221,20269892,0
R1466,GG0090,RCB0058,I,0,1,20269892,2,True,,0.03227439895272255,0.7234071493148804,0.24431848526000977,0.0824929569724316,0.6131013499999772,0.30440569302759124,1.5503395205191224,True,A2CFC6311C185EAA2F17BA13E733D522713F64F2850C50F6EEF6E4CE1F592221,20269892,0
R1467,GG0090,RCB0058,I,0,1,20269892,2,True,,0.01207929477095604,0.9785433411598206,0.009377322159707546,0.05298661904057223,0.9020107359072722,0.04500264505215553,1.5503395205191224,True,A2CFC6311C185EAA2F17BA13E733D522713F64F2850C50F6EEF6E4CE1F592221,20269892,0
R1468,GG0090,RCB0058,I,0,1,20269892,2,True,,0.010947936214506626,0.9803115129470825,0.008740504272282124,0.04993975212400125,0.9068719433159059,0.043188304560092663,1.5503395205191224,True,A2CFC6311C185EAA2F17BA13E733D522713F64F2850C50F6EEF6E4CE1F592221,20269892,0
R1574,GG0096,RCB0059,S,2,1,20269892,2,True,,0.024849701672792435,0.035112760961055756,0.9400374889373779,0.07894863045702147,0.0986711875434591,0.8223801819995195,1.5503395205191224,True,A2CFC6311C185EAA2F17BA13E733D522713F64F2850C50F6EEF6E4CE1F592221,20269892,0
R1575,GG0096,RCB0059,S,2,1,20269892,2,True,,0.0777202770113945,0.025681370869278908,0.8965983390808105,0.15793150062941705,0.07731579650885247,0.7647527028617306,1.5503395205191224,True,A2CFC6311C185EAA2F17BA13E733D522713F64F2850C50F6EEF6E4CE1F592221,20269892,0
R1576,GG0096,RCB0059,S,2,1,20269892,2,True,,0.05075201392173767,0.023178108036518097,0.9260699152946472,0.12327616086089736,0.07435843245610221,0.8023654066830005,1.5503395205191224,True,A2CFC6311C185EAA2F17BA13E733D522713F64F2850C50F6EEF6E4CE1F592221,20269892,0
R1577,GG0096,RCB0059,S,2,1,20269892,2,True,,0.06762246787548065,0.02609969861805439,0.9062778353691101,0.1454529509459234,0.07871100434477296,0.7758360447093037,1.5503395205191224,True,A2CFC6311C185EAA2F17BA13E733D522713F64F2850C50F6EEF6E4CE1F592221,20269892,0
R1578,GG0096,RCB0059,S,2,1,20269892,2,True,,0.05856511741876602,0.039044469594955444,0.9023904204368591,0.13147466330266072,0.10122021927679438,0.767305117420545,1.5503395205191224,True,A2CFC6311C185EAA2F17BA13E733D522713F64F2850C50F6EEF6E4CE1F592221,20269892,0
R1579,GG0096,RCB0059,S,2,1,20269892,2,True,,0.0982787162065506,0.026448797434568405,0.8752725124359131,0.18093706521471573,0.07759461877472719,0.7414683160105571,1.5503395205191224,True,A2CFC6311C185EAA2F17BA13E733D522713F64F2850C50F6EEF6E4CE1F592221,20269892,0
R1580,GG0096,RCB0059,S,2,1,20269892,2,True,,0.03091195970773697,0.026627615094184875,0.9424603581428528,0.09114282982432072,0.08278066475698631,0.8260765054186929,1.5503395205191224,True,A2CFC6311C185EAA2F17BA13E733D522713F64F2850C50F6EEF6E4CE1F592221,20269892,0
R1581,GG0096,RCB0059,S,2,1,20269892,2,True,,0.054910801351070404,0.07650535553693771,0.8685837984085083,0.1223344578090305,0.15151430866759655,0.726151233523373,1.5503395205191224,True,A2CFC6311C185EAA2F17BA13E733D522713F64F2850C50F6EEF6E4CE1F592221,20269892,0
R1582,GG0096,RCB0059,S,2,1,20269892,2,True,,0.07004205882549286,0.03389635682106018,0.8960615992546082,0.14700455921172503,0.09204849806863372,0.7609469427196413,1.5503395205191224,True,A2CFC6311C185EAA2F17BA13E733D522713F64F2850C50F6EEF6E4CE1F592221,20269892,0
R1655,GG0024,RCB0020,S,2,1,20269892,2,True,,0.40949586033821106,0.007200021296739578,0.5833041071891785,0.42916060969159847,0.03167116971956953,0.539168220588832,1.5503395205191224,True,A2CFC6311C185EAA2F17BA13E733D522713F64F2850C50F6EEF6E4CE1F592221,20269892,0
R1656,GG0024,RCB0020,S,2,1,20269892,2,True,,0.3257273733615875,0.04653450846672058,0.6277381777763367,0.3556390365374091,0.10137164304530062,0.5429893204172903,1.5503395205191224,True,A2CFC6311C185EAA2F17BA13E733D522713F64F2850C50F6EEF6E4CE1F592221,20269892,0
R1657,GG0024,RCB0020,S,2,1,20269892,2,True,,0.6692213416099548,0.04434610903263092,0.28643256425857544,0.5707336898515666,0.09911496552725114,0.3301513446211823,1.5503395205191224,True,A2CFC6311C185EAA2F17BA13E733D522713F64F2850C50F6EEF6E4CE1F592221,20269892,0
R1658,GG0024,RCB0020,S,2,1,20269892,2,True,,0.32978716492652893,0.04416608065366745,0.6260467767715454,0.35901244372886015,0.09815526159952305,0.5428322946716169,1.5503395205191224,True,A2CFC6311C185EAA2F17BA13E733D522713F64F2850C50F6EEF6E4CE1F592221,20269892,0
R1659,GG0024,RCB0020,S,2,1,20269892,2,True,,0.46987321972846985,0.009990847669541836,0.5201359391212463,0.46486325654228294,0.03877999336837266,0.49635675008934454,1.5503395205191224,True,A2CFC6311C185EAA2F17BA13E733D522713F64F2850C50F6EEF6E4CE1F592221,20269892,0
R1660,GG0024,RCB0020,S,2,1,20269892,2,True,,0.6370009183883667,0.08234896510839462,0.2806500792503357,0.5386138931594037,0.14394246867009683,0.3174436381704994,1.5503395205191224,True,A2CFC6311C185EAA2F17BA13E733D522713F64F2850C50F6EEF6E4CE1F592221,20269892,0
R1661,GG0024,RCB0020,S,2,1,20269892,2,True,,0.36876028776168823,0.016321199014782906,0.6149185299873352,0.3961045673936216,0.05302221586805405,0.5508732167383243,1.5503395205191224,True,A2CFC6311C185EAA2F17BA13E733D522713F64F2850C50F6EEF6E4CE1F592221,20269892,0
R1662,GG0024,RCB0020,S,2,1,20269892,2,True,,0.08335941284894943,0.018915602937340736,0.897724986076355,0.16621472010742985,0.06385425959810165,0.7699310202944686,1.5503395205191224,True,A2CFC6311C185EAA2F17BA13E733D522713F64F2850C50F6EEF6E4CE1F592221,20269892,0
R1663,GG0024,RCB0020,S,2,1,20269892,2,True,,0.4036940634250641,0.021015724167227745,0.5752902030944824,0.4157456694266263,0.061793016999762286,0.5224613135736114,1.5503395205191224,True,A2CFC6311C185EAA2F17BA13E733D522713F64F2850C50F6EEF6E4CE1F592221,20269892,0
R1664,GG0024,RCB0020,S,2,1,20269892,2,True,,0.30981531739234924,0.06399369239807129,0.6261910200119019,0.34060145600100905,0.12314872300892676,0.5362498209900642,1.5503395205191224,True,A2CFC6311C185EAA2F17BA13E733D522713F64F2850C50F6EEF6E4CE1F592221,20269892,0
R1665,GG0024,RCB0020,S,2,1,20269892,2,True,,0.3991997539997101,0.008340436965227127,0.5924597978591919,0.4214935038935425,0.03476612928457748,0.54374036682188,1.5503395205191224,True,A2CFC6311C185EAA2F17BA13E733D522713F64F2850C50F6EEF6E4CE1F592221,20269892,0
R1666,GG0024,RCB0020,S,2,1,20269892,2,True,,0.19229787588119507,0.09100191295146942,0.7167002558708191,0.25293706347314565,0.15610974545179115,0.5909531910750633,1.5503395205191224,True,A2CFC6311C185EAA2F17BA13E733D522713F64F2850C50F6EEF6E4CE1F592221,20269892,0
R1667,GG0024,RCB0020,S,2,1,20269892,2,True,,0.4698370695114136,0.012407554313540459,0.5177553296089172,0.46283786858889864,0.044403674615696394,0.4927584567954049,1.5503395205191224,True,A2CFC6311C185EAA2F17BA13E733D522713F64F2850C50F6EEF6E4CE1F592221,20269892,0
R1668,GG0024,RCB0020,S,2,1,20269892,2,True,,0.6676471829414368,0.014402281492948532,0.3179505169391632,0.5868876820290992,0.04941707389163825,0.36369524407926257,1.5503395205191224,True,A2CFC6311C185EAA2F17BA13E733D522713F64F2850C50F6EEF6E4CE1F592221,20269892,0
R1669,GG0024,RCB0020,S,2,1,20269892,2,True,,0.6295201778411865,0.007029780186712742,0.3634500205516815,0.5692440799160774,0.031345534262908314,0.39941038582101435,1.5503395205191224,True,A2CFC6311C185EAA2F17BA13E733D522713F64F2850C50F6EEF6E4CE1F592221,20269892,0
R1670,GG0024,RCB0020,S,2,1,20269892,2,True,,0.09706436097621918,0.03630425035953522,0.8666313886642456,0.17746652214366085,0.09410807616090373,0.7284254016954355,1.5503395205191224,True,A2CFC6311C185EAA2F17BA13E733D522713F64F2850C50F6EEF6E4CE1F592221,20269892,0
R1671,GG0024,RCB0020,S,2,1,20269892,2,True,,0.37499985098838806,0.046561263501644135,0.5784388184547424,0.38715827775760486,0.10080831127191806,0.5120334109704772,1.5503395205191224,True,A2CFC6311C185EAA2F17BA13E733D522713F64F2850C50F6EEF6E4CE1F592221,20269892,0
R1672,GG0024,RCB0020,S,2,1,20269892,2,True,,0.5220590233802795,0.07577686756849289,0.40216413140296936,0.46880643351847373,0.1350046695212954,0.39618889696023096,1.5503395205191224,True,A2CFC6311C185EAA2F17BA13E733D522713F64F2850C50F6EEF6E4CE1F592221,20269892,0
R1673,GG0024,RCB0020,S,2,1,20269892,2,True,,0.39572665095329285,0.052921611815690994,0.5513517260551453,0.39814036529010033,0.10875321165784618,0.4931064230520534,1.5503395205191224,True,A2CFC6311C185EAA2F17BA13E733D522713F64F2850C50F6EEF6E4CE1F592221,20269892,0
R1674,GG0024,RCB0020,S,2,1,20269892,2,True,,0.4931621253490448,0.04739143326878548,0.45944643020629883,0.4595455390802343,0.10142762111652015,0.4390268398032455,1.5503395205191224,True,A2CFC6311C185EAA2F17BA13E733D522713F64F2850C50F6EEF6E4CE1F592221,20269892,0
R1800,GG0029,RCB0024,I,0,1,20269892,2,True,,0.5833547115325928,0.11968433856964111,0.2969609498977661,0.49827480091757786,0.17937530041897434,0.3223498986634478,1.5503395205191224,True,A2CFC6311C185EAA2F17BA13E733D522713F64F2850C50F6EEF6E4CE1F592221,20269892,0
R1801,GG0029,RCB0024,I,0,1,20269892,2,True,,0.6193339228630066,0.05648663640022278,0.32417944073677063,0.5341719516809632,0.1139918297853364,0.35183621853370034,1.5503395205191224,True,A2CFC6311C185EAA2F17BA13E733D522713F64F2850C50F6EEF6E4CE1F592221,20269892,0
R1802,GG0029,RCB0024,I,0,1,20269892,2,True,,0.5981269478797913,0.06640812009572983,0.3354649245738983,0.5178874914588009,0.1254634629634914,0.35664904557770777,1.5503395205191224,True,A2CFC6311C185EAA2F17BA13E733D522713F64F2850C50F6EEF6E4CE1F592221,20269892,0
R1803,GG0029,RCB0024,I,0,1,20269892,2,True,,0.6004429459571838,0.11754416674375534,0.2820128798484802,0.5093071365446294,0.17788159540074489,0.3128112680546257,1.5503395205191224,True,A2CFC6311C185EAA2F17BA13E733D522713F64F2850C50F6EEF6E4CE1F592221,20269892,0
R1804,GG0029,RCB0024,I,0,1,20269892,2,True,,0.6169966459274292,0.08474083244800568,0.2982625365257263,0.5253192047985675,0.1459800248377053,0.3287007703637272,1.5503395205191224,True,A2CFC6311C185EAA2F17BA13E733D522713F64F2850C50F6EEF6E4CE1F592221,20269892,0
R1805,GG0029,RCB0024,I,0,1,20269892,2,True,,0.6235488653182983,0.24629169702529907,0.1301594078540802,0.5226585602511162,0.2870804596883033,0.1902609800605804,1.5503395205191224,True,A2CFC6311C185EAA2F17BA13E733D522713F64F2850C50F6EEF6E4CE1F592221,20269892,0
R1806,GG0029,RCB0024,I,0,1,20269892,2,True,,0.3728034496307373,0.18220724165439606,0.44498929381370544,0.3634903174119236,0.2290587633404252,0.4074509192476512,1.5503395205191224,True,A2CFC6311C185EAA2F17BA13E733D522713F64F2850C50F6EEF6E4CE1F592221,20269892,0
R1970,GG0005,RCB0005,S,2,1,20269892,2,True,,0.3027629256248474,0.009591185487806797,0.6876459121704102,0.3564638773114097,0.03845757800791031,0.60507854468068,1.5503395205191224,True,A2CFC6311C185EAA2F17BA13E733D522713F64F2850C50F6EEF6E4CE1F592221,20269892,0
R1971,GG0005,RCB0005,S,2,1,20269892,2,True,,0.193245992064476,0.00760033680126071,0.7991536259651184,0.2760544279931513,0.034242267918165106,0.6897033040886836,1.5503395205191224,True,A2CFC6311C185EAA2F17BA13E733D522713F64F2850C50F6EEF6E4CE1F592221,20269892,0
R1972,GG0005,RCB0005,S,2,1,20269892,2,True,,0.2933545410633087,0.011674923822283745,0.6949705481529236,0.34852471843929445,0.04356282945275716,0.6079124521079484,1.5503395205191224,True,A2CFC6311C185EAA2F17BA13E733D522713F64F2850C50F6EEF6E4CE1F592221,20269892,0
R1973,GG0005,RCB0005,S,2,1,20269892,2,True,,0.25244250893592834,0.008913776837289333,0.7386437654495239,0.321084676052781,0.03715228789227441,0.6417630360549447,1.5503395205191224,True,A2CFC6311C185EAA2F17BA13E733D522713F64F2850C50F6EEF6E4CE1F592221,20269892,0
R1974,GG0005,RCB0005,S,2,1,20269892,2,True,,0.5279393792152405,0.018573803827166557,0.4534868001937866,0.49455054902424933,0.05708946147697762,0.4483599894987731,1.5503395205191224,True,A2CFC6311C185EAA2F17BA13E733D522713F64F2850C50F6EEF6E4CE1F592221,20269892,0
R1975,GG0005,RCB0005,S,2,1,20269892,2,True,,0.15251442790031433,0.008212295360863209,0.8392732739448547,0.24062273708345355,0.0365515144086627,0.7228257485078838,1.5503395205191224,True,A2CFC6311C185EAA2F17BA13E733D522713F64F2850C50F6EEF6E4CE1F592221,20269892,0
R1976,GG0005,RCB0005,S,2,1,20269892,2,True,,0.23777556419372559,0.007383758667856455,0.7548406720161438,0.31121729913587204,0.03314703563623114,0.6556356652278968,1.5503395205191224,True,A2CFC6311C185EAA2F17BA13E733D522713F64F2850C50F6EEF6E4CE1F592221,20269892,0
R1977,GG0005,RCB0005,S,2,1,20269892,2,True,,0.23232662677764893,0.006817593704909086,0.7608557343482971,0.30749494819264755,0.03157661388234733,0.6609284379250051,1.5503395205191224,True,A2CFC6311C185EAA2F17BA13E733D522713F64F2850C50F6EEF6E4CE1F592221,20269892,0
R1978,GG0005,RCB0005,S,2,1,20269892,2,True,,0.28900057077407837,0.00713561475276947,0.703863799571991,0.348733540387722,0.03203650675210541,0.6192299528601726,1.5503395205191224,True,A2CFC6311C185EAA2F17BA13E733D522713F64F2850C50F6EEF6E4CE1F592221,20269892,0
R1979,GG0005,RCB0005,S,2,1,20269892,2,True,,0.627140998840332,0.025481512770056725,0.3473774492740631,0.5525422299034993,0.0699926376464394,0.37746513245006125,1.5503395205191224,True,A2CFC6311C185EAA2F17BA13E733D522713F64F2850C50F6EEF6E4CE1F592221,20269892,0
R1980,GG0005,RCB0005,S,2,1,20269892,2,True,,0.6259434223175049,0.01456267200410366,0.3594939112663269,0.5593816589337602,0.049453942131491076,0.39116439893474875,1.5503395205191224,True,A2CFC6311C185EAA2F17BA13E733D522713F64F2850C50F6EEF6E4CE1F592221,20269892,0
R1981,GG0005,RCB0005,S,2,1,20269892,2,True,,0.6703980565071106,0.011996367946267128,0.317605584859848,0.5909233171845036,0.04410610060399941,0.364970582211497,1.5503395205191224,True,A2CFC6311C185EAA2F17BA13E733D522713F64F2850C50F6EEF6E4CE1F592221,20269892,0
R1982,GG0005,RCB0005,S,2,1,20269892,2,True,,0.30879318714141846,0.007937836460769176,0.6832689642906189,0.36187482401317583,0.034119195312724254,0.6040059806740999,1.5503395205191224,True,A2CFC6311C185EAA2F17BA13E733D522713F64F2850C50F6EEF6E4CE1F592221,20269892,0
R1983,GG0005,RCB0005,S,2,1,20269892,2,True,,0.24007770419120789,0.006349178031086922,0.7535731196403503,0.3137365487502802,0.03012724507339356,0.6561362061763263,1.5503395205191224,True,A2CFC6311C185EAA2F17BA13E733D522713F64F2850C50F6EEF6E4CE1F592221,20269892,0
R1984,GG0005,RCB0005,S,2,1,20269892,2,True,,0.6405581831932068,0.012345430441200733,0.34709638357162476,0.570833063583702,0.04469573183589379,0.3844712045804043,1.5503395205191224,True,A2CFC6311C185EAA2F17BA13E733D522713F64F2850C50F6EEF6E4CE1F592221,20269892,0
R1985,GG0005,RCB0005,S,2,1,20269892,2,True,,0.6734150052070618,0.012313857674598694,0.31427112221717834,0.5926448414609192,0.04485610529615208,0.36249905324292875,1.5503395205191224,True,A2CFC6311C185EAA2F17BA13E733D522713F64F2850C50F6EEF6E4CE1F592221,20269892,0
R1986,GG0005,RCB0005,S,2,1,20269892,2,True,,0.2923789620399475,0.010305768810212612,0.6973152756690979,0.34875095105309173,0.04030769361844136,0.6109413553284669,1.5503395205191224,True,A2CFC6311C185EAA2F17BA13E733D522713F64F2850C50F6EEF6E4CE1F592221,20269892,0
R1987,GG0005,RCB0005,S,2,1,20269892,2,True,,0.1740872710943222,0.009136112406849861,0.8167766332626343,0.2590836895312709,0.03870890353746961,0.7022074069312595,1.5503395205191224,True,A2CFC6311C185EAA2F17BA13E733D522713F64F2850C50F6EEF6E4CE1F592221,20269892,0
R1988,GG0005,RCB0005,S,2,1,20269892,2,True,,0.2397228479385376,0.010927404277026653,0.7493497133255005,0.3103460178943245,0.04233994034884732,0.6473140417568283,1.5503395205191224,True,A2CFC6311C185EAA2F17BA13E733D522713F64F2850C50F6EEF6E4CE1F592221,20269892,0
R1989,GG0005,RCB0005,S,2,1,20269892,2,True,,0.20086252689361572,0.0050578247755765915,0.7940796613693237,0.2840948443906334,0.026431280540947327,0.6894738750684192,1.5503395205191224,True,A2CFC6311C185EAA2F17BA13E733D522713F64F2850C50F6EEF6E4CE1F592221,20269892,0
R1990,GG0005,RCB0005,S,2,1,20269892,2,True,,0.18137124180793762,0.0050067841075360775,0.813621997833252,0.26796934604039724,0.02645408633375454,0.7055765676258482,1.5503395205191224,True,A2CFC6311C185EAA2F17BA13E733D522713F64F2850C50F6EEF6E4CE1F592221,20269892,0
R1991,GG0005,RCB0005,S,2,1,20269892,2,True,,0.22339557111263275,0.0060372864827513695,0.7705671191215515,0.3012119193391604,0.029331255088673437,0.6694568255721662,1.5503395205191224,True,A2CFC6311C185EAA2F17BA13E733D522713F64F2850C50F6EEF6E4CE1F592221,20269892,0
R1992,GG0005,RCB0005,S,2,1,20269892,2,True,,0.1968005746603012,0.00562612060457468,0.7975733280181885,0.2803434158440958,0.02830722569413838,0.6913493584617658,1.5503395205191224,True,A2CFC6311C185EAA2F17BA13E733D522713F64F2850C50F6EEF6E4CE1F592221,20269892,0
R1993,GG0005,RCB0005,S,2,1,20269892,2,True,,0.17952951788902283,0.005245625041425228,0.8152248859405518,0.26622560852316673,0.027262817024766055,0.7065115744520671,1.5503395205191224,True,A2CFC6311C185EAA2F17BA13E733D522713F64F2850C50F6EEF6E4CE1F592221,20269892,0
R1994,GG0005,RCB0005,S,2,1,20269892,2,True,,0.22933675348758698,0.0064612929709255695,0.7642019391059875,0.3054740650042834,0.030555814324029054,0.6639701206716875,1.5503395205191224,True,A2CFC6311C185EAA2F17BA13E733D522713F64F2850C50F6EEF6E4CE1F592221,20269892,0
R1995,GG0005,RCB0005,S,2,1,20269892,2,True,,0.17113608121871948,0.0029057993087917566,0.8259580731391907,0.2609336981299488,0.018827634832023366,0.7202386670380279,1.5503395205191224,True,A2CFC6311C185EAA2F17BA13E733D522713F64F2850C50F6EEF6E4CE1F592221,20269892,0
R1996,GG0005,RCB0005,S,2,1,20269892,2,True,,0.08418279141187668,0.009055886417627335,0.9067613482475281,0.170355493570042,0.040437863911325506,0.7892066425186326,1.5503395205191224,True,A2CFC6311C185EAA2F17BA13E733D522713F64F2850C50F6EEF6E4CE1F592221,20269892,0
R1997,GG0005,RCB0005,S,2,1,20269892,2,True,,0.05009634047746658,0.005472805351018906,0.9444308876991272,0.12679261199858421,0.03039801991956583,0.84280936808185,1.5503395205191224,True,A2CFC6311C185EAA2F17BA13E733D522713F64F2850C50F6EEF6E4CE1F592221,20269892,0
R1998,GG0005,RCB0005,S,2,1,20269892,2,True,,0.035440731793642044,0.011874504387378693,0.9526848196983337,0.1015186966395844,0.05014576929637699,0.8483355340640385,1.5503395205191224,True,A2CFC6311C185EAA2F17BA13E733D522713F64F2850C50F6EEF6E4CE1F592221,20269892,0
R1999,GG0005,RCB0005,S,2,1,20269892,2,True,,0.1292257010936737,0.0077123623341321945,0.8630619049072266,0.2190116864365551,0.03555155937579284,0.745436754187652,1.5503395205191224,True,A2CFC6311C185EAA2F17BA13E733D522713F64F2850C50F6EEF6E4CE1F592221,20269892,0
R2000,GG0005,RCB0005,S,2,1,20269892,2,True,,0.04254625737667084,0.030988791957497597,0.9264649152755737,0.10977023679988797,0.08947326086068623,0.8007565023394259,1.5503395205191224,True,A2CFC6311C185EAA2F17BA13E733D522713F64F2850C50F6EEF6E4CE1F592221,20269892,0
R2001,GG0005,RCB0005,S,2,1,20269892,2,True,,0.10153494775295258,0.010412421077489853,0.8880525827407837,0.18937483013818437,0.04358693240700976,0.7670382374548058,1.5503395205191224,True,A2CFC6311C185EAA2F17BA13E733D522713F64F2850C50F6EEF6E4CE1F592221,20269892,0
R2002,GG0005,RCB0005,S,2,1,20269892,2,True,,0.258040189743042,0.010370679199695587,0.731589138507843,0.32422446929858406,0.040782624437120614,0.6349929062642953,1.5503395205191224,True,A2CFC6311C185EAA2F17BA13E733D522713F64F2850C50F6EEF6E4CE1F592221,20269892,0
R2003,GG0005,RCB0005,S,2,1,20269892,2,True,,0.42080944776535034,0.013405976817011833,0.5657845735549927,0.4312809228117456,0.04669847340471694,0.5220206037835374,1.5503395205191224,True,A2CFC6311C185EAA2F17BA13E733D522713F64F2850C50F6EEF6E4CE1F592221,20269892,0
R2004,GG0005,RCB0005,S,2,1,20269892,2,True,,0.26606202125549316,0.005869818851351738,0.7280681729316711,0.3333701958398973,0.028480172111535713,0.638149632048567,1.5503395205191224,True,A2CFC6311C185EAA2F17BA13E733D522713F64F2850C50F6EEF6E4CE1F592221,20269892,0
R2005,GG0005,RCB0005,S,2,1,20269892,2,True,,0.05009634047746658,0.005472805351018906,0.9444308876991272,0.12679261199858421,0.03039801991956583,0.84280936808185,1.5503395205191224,True,A2CFC6311C185EAA2F17BA13E733D522713F64F2850C50F6EEF6E4CE1F592221,20269892,0
R2006,GG0005,RCB0005,S,2,1,20269892,2,True,,0.035440731793642044,0.011874504387378693,0.9526848196983337,0.1015186966395844,0.05014576929637699,0.8483355340640385,1.5503395205191224,True,A2CFC6311C185EAA2F17BA13E733D522713F64F2850C50F6EEF6E4CE1F592221,20269892,0
R2007,GG0005,RCB0005,S,2,1,20269892,2,True,,0.13001421093940735,0.007501415442675352,0.862484335899353,0.21989276106207362,0.03492443970541207,0.7451827992325144,1.5503395205191224,True,A2CFC6311C185EAA2F17BA13E733D522713F64F2850C50F6EEF6E4CE1F592221,20269892,0
R2008,GG0005,RCB0005,S,2,1,20269892,2,True,,0.16409055888652802,0.008631151169538498,0.8272783160209656,0.2507107672601803,0.03751308764754925,0.7117761450922704,1.5503395205191224,True,A2CFC6311C185EAA2F17BA13E733D522713F64F2850C50F6EEF6E4CE1F592221,20269892,0
R2009,GG0005,RCB0005,S,2,1,20269892,2,True,,0.12299372255802155,0.0216388963162899,0.8553674221038818,0.20748281630057322,0.06764242725105438,0.7248747564483724,1.5503395205191224,True,A2CFC6311C185EAA2F17BA13E733D522713F64F2850C50F6EEF6E4CE1F592221,20269892,0
R2010,GG0005,RCB0005,S,2,1,20269892,2,True,,0.1239558532834053,0.006994857452809811,0.8690493106842041,0.21420263892885683,0.033537059009315646,0.7522603020618276,1.5503395205191224,True,A2CFC6311C185EAA2F17BA13E733D522713F64F2850C50F6EEF6E4CE1F592221,20269892,0
R2011,GG0005,RCB0005,S,2,1,20269892,2,True,,0.13935285806655884,0.016950994729995728,0.8436961770057678,0.22462779775721053,0.057719339601196754,0.7176528626415928,1.5503395205191224,True,A2CFC6311C185EAA2F17BA13E733D522713F64F2850C50F6EEF6E4CE1F592221,20269892,0
R2012,GG0005,RCB0005,S,2,1,20269892,2,True,,0.19437603652477264,0.007000725716352463,0.798623263835907,0.27737833097373604,0.03250771007957853,0.6901139589466854,1.5503395205191224,True,A2CFC6311C185EAA2F17BA13E733D522713F64F2850C50F6EEF6E4CE1F592221,20269892,0
R2013,GG0005,RCB0005,S,2,1,20269892,2,True,,0.179143026471138,0.010472630150616169,0.8103842735290527,0.26264046616190007,0.04206869159810045,0.6952908422399995,1.5503395205191224,True,A2CFC6311C185EAA2F17BA13E733D522713F64F2850C50F6EEF6E4CE1F592221,20269892,0
R2014,GG0005,RCB0005,S,2,1,20269892,2,True,,0.07774845510721207,0.0064261918887495995,0.915825366973877,0.163715593815136,0.03278704905945971,0.8034973571254043,1.5503395205191224,True,A2CFC6311C185EAA2F17BA13E733D522713F64F2850C50F6EEF6E4CE1F592221,20269892,0
R2015,GG0005,RCB0005,S,2,1,20269892,2,True,,0.16715548932552338,0.04037638381123543,0.7924681305885315,0.2422131287943858,0.0968778986158696,0.6609089725897446,1.5503395205191224,True,A2CFC6311C185EAA2F17BA13E733D522713F64F2850C50F6EEF6E4CE1F592221,20269892,0
R2016,GG0005,RCB0005,S,2,1,20269892,2,True,,0.04939910024404526,0.017208222299814224,0.9333926439285278,0.12249862841833706,0.062047317547392164,0.8154540540342707,1.5503395205191224,True,A2CFC6311C185EAA2F17BA13E733D522713F64F2850C50F6EEF6E4CE1F592221,20269892,0
R2017,GG0005,RCB0005,S,2,1,20269892,2,True,,0.10013327747583389,0.006819162052124739,0.8930475115776062,0.18945085976619191,0.03348548979273288,0.7770636504410752,1.5503395205191224,True,A2CFC6311C185EAA2F17BA13E733D522713F64F2850C50F6EEF6E4CE1F592221,20269892,0
R2018,GG0005,RCB0005,S,2,1,20269892,2,True,,0.07903340458869934,0.009678283706307411,0.9112883806228638,0.1639665930098621,0.042314495801602195,0.7937189111885357,1.5503395205191224,True,A2CFC6311C185EAA2F17BA13E733D522713F64F2850C50F6EEF6E4CE1F592221,20269892,0
R2019,GG0005,RCB0005,S,2,1,20269892,2,True,,0.14624252915382385,0.005522338207811117,0.8482351303100586,0.23649024926147505,0.028574693698089296,0.7349350570404356,1.5503395205191224,True,A2CFC6311C185EAA2F17BA13E733D522713F64F2850C50F6EEF6E4CE1F592221,20269892,0
R2020,GG0005,RCB0005,S,2,1,20269892,2,True,,0.1485535055398941,0.0058377692475914955,0.8456087708473206,0.23842254308506644,0.029558609070473824,0.7320188478444597,1.5503395205191224,True,A2CFC6311C185EAA2F17BA13E733D522713F64F2850C50F6EEF6E4CE1F592221,20269892,0
R2021,GG0005,RCB0005,S,2,1,20269892,2,True,,0.2397957742214203,0.008769813925027847,0.7514343857765198,0.31177201298863827,0.03690110727777071,0.651326879733591,1.5503395205191224,True,A2CFC6311C185EAA2F17BA13E733D522713F64F2850C50F6EEF6E4CE1F592221,20269892,0
R2022,GG0005,RCB0005,S,2,1,20269892,2,True,,0.166365846991539,0.012754353694617748,0.8208798170089722,0.2505855463987609,0.04780760845060136,0.7016068451506378,1.5503395205191224,True,A2CFC6311C185EAA2F17BA13E733D522713F64F2850C50F6EEF6E4CE1F592221,20269892,0
R2023,GG0005,RCB0005,S,2,1,20269892,2,True,,0.242094486951828,0.0054613822139799595,0.7524441480636597,0.31597941730644286,0.027385189847664956,0.6566353928458922,1.5503395205191224,True,A2CFC6311C185EAA2F17BA13E733D522713F64F2850C50F6EEF6E4CE1F592221,20269892,0
R2024,GG0005,RCB0005,S,2,1,20269892,2,True,,0.21166706085205078,0.011817838996648788,0.7765151262283325,0.2883378441774932,0.04483501010984212,0.6668271457126647,1.5503395205191224,True,A2CFC6311C185EAA2F17BA13E733D522713F64F2850C50F6EEF6E4CE1F592221,20269892,0
R2466,GG0123,RCB0067,S,2,1,20269892,2,True,,0.13843442499637604,0.02306564711034298,0.838499903678894,0.22170392889054313,0.06978598573648027,0.7085100853729764,1.5503395205191224,True,A2CFC6311C185EAA2F17BA13E733D522713F64F2850C50F6EEF6E4CE1F592221,20269892,0
R2467,GG0123,RCB0067,S,2,1,20269892,2,True,,0.13758598268032074,0.01514087151736021,0.8472731113433838,0.2236667095543793,0.053876470876305,0.7224568195693157,1.5503395205191224,True,A2CFC6311C185EAA2F17BA13E733D522713F64F2850C50F6EEF6E4CE1F592221,20269892,0
R2468,GG0123,RCB0067,S,2,1,20269892,2,True,,0.20434695482254028,0.011043254286050797,0.7846097350120544,0.282973631728811,0.0430854628893647,0.6739409053818243,1.5503395205191224,True,A2CFC6311C185EAA2F17BA13E733D522713F64F2850C50F6EEF6E4CE1F592221,20269892,0
R2469,GG0123,RCB0067,S,2,1,20269892,2,True,,0.14392387866973877,0.023953277617692947,0.8321228623390198,0.22645857577189252,0.0712308120338588,0.7023106121942487,1.5503395205191224,True,A2CFC6311C185EAA2F17BA13E733D522713F64F2850C50F6EEF6E4CE1F592221,20269892,0
R2470,GG0123,RCB0067,S,2,1,20269892,2,True,,0.27006980776786804,0.012744382955133915,0.7171858549118042,0.33144985312761044,0.046240220598462375,0.6223099262739271,1.5503395205191224,True,A2CFC6311C185EAA2F17BA13E733D522713F64F2850C50F6EEF6E4CE1F592221,20269892,0
R2471,GG0123,RCB0067,S,2,1,20269892,2,True,,0.1814032644033432,0.011742375791072845,0.8068543672561646,0.26387582590355857,0.045138003050971605,0.6909861710454698,1.5503395205191224,True,A2CFC6311C185EAA2F17BA13E733D522713F64F2850C50F6EEF6E4CE1F592221,20269892,0
R2472,GG0123,RCB0067,S,2,1,20269892,2,True,,0.1760461926460266,0.016014784574508667,0.8079390525817871,0.2573946749021511,0.05483598681262362,0.6877693382852252,1.5503395205191224,True,A2CFC6311C185EAA2F17BA13E733D522713F64F2850C50F6EEF6E4CE1F592221,20269892,0
R2473,GG0123,RCB0067,S,2,1,20269892,2,True,,0.21277979016304016,0.010591371916234493,0.776628851890564,0.28990011239074254,0.04186021073570711,0.6682396768735503,1.5503395205191224,True,A2CFC6311C185EAA2F17BA13E733D522713F64F2850C50F6EEF6E4CE1F592221,20269892,0
R2474,GG0123,RCB0067,S,2,1,20269892,2,True,,0.3868691027164459,0.0329832024872303,0.5801476836204529,0.39951913863924965,0.08162745595595912,0.5188534054047913,1.5503395205191224,True,A2CFC6311C185EAA2F17BA13E733D522713F64F2850C50F6EEF6E4CE1F592221,20269892,0
R2475,GG0123,RCB0067,S,2,1,20269892,2,True,,0.41982486844062805,0.02865910902619362,0.551516056060791,0.4220403452482635,0.07471127012835542,0.5032483846233812,1.5503395205191224,True,A2CFC6311C185EAA2F17BA13E733D522713F64F2850C50F6EEF6E4CE1F592221,20269892,0
R2476,GG0123,RCB0067,S,2,1,20269892,2,True,,0.21209056675434113,0.015853313729166985,0.7720561623573303,0.2866307580955933,0.05379865584529931,0.6595705860591073,1.5503395205191224,True,A2CFC6311C185EAA2F17BA13E733D522713F64F2850C50F6EEF6E4CE1F592221,20269892,0
R2477,GG0123,RCB0067,S,2,1,20269892,2,True,,0.2244657278060913,0.016640767455101013,0.7588935494422913,0.29579731320859126,0.05522511882752965,0.6489775679638791,1.5503395205191224,True,A2CFC6311C185EAA2F17BA13E733D522713F64F2850C50F6EEF6E4CE1F592221,20269892,0
R2478,GG0123,RCB0067,S,2,1,20269892,2,True,,0.13228078186511993,0.02457808330655098,0.8431411981582642,0.21550343925706553,0.07277423473353231,0.7117223260094022,1.5503395205191224,True,A2CFC6311C185EAA2F17BA13E733D522713F64F2850C50F6EEF6E4CE1F592221,20269892,0
R2479,GG0123,RCB0067,S,2,1,20269892,2,False,row_missingness_at_or_above_threshold,,,,,,,1.5503395205191224,True,A2CFC6311C185EAA2F17BA13E733D522713F64F2850C50F6EEF6E4CE1F592221,20269892,0
R2480,GG0123,RCB0067,S,2,1,20269892,2,False,row_missingness_at_or_above_threshold,,,,,,,1.5503395205191224,True,A2CFC6311C185EAA2F17BA13E733D522713F64F2850C50F6EEF6E4CE1F592221,20269892,0
R2481,GG0123,RCB0067,S,2,1,20269892,2,False,row_missingness_at_or_above_threshold,,,,,,,1.5503395205191224,True,A2CFC6311C185EAA2F17BA13E733D522713F64F2850C50F6EEF6E4CE1F592221,20269892,0
R2482,GG0123,RCB0067,S,2,1,20269892,2,False,row_missingness_at_or_above_threshold,,,,,,,1.5503395205191224,True,A2CFC6311C185EAA2F17BA13E733D522713F64F2850C50F6EEF6E4CE1F592221,20269892,0
R2483,GG0123,RCB0067,S,2,1,20269892,2,False,row_missingness_at_or_above_threshold,,,,,,,1.5503395205191224,True,A2CFC6311C185EAA2F17BA13E733D522713F64F2850C50F6EEF6E4CE1F592221,20269892,0
R2484,GG0123,RCB0067,S,2,1,20269892,2,False,row_missingness_at_or_above_threshold,,,,,,,1.5503395205191224,True,A2CFC6311C185EAA2F17BA13E733D522713F64F2850C50F6EEF6E4CE1F592221,20269892,0
R2485,GG0123,RCB0067,S,2,1,20269892,2,False,row_missingness_at_or_above_threshold,,,,,,,1.5503395205191224,True,A2CFC6311C185EAA2F17BA13E733D522713F64F2850C50F6EEF6E4CE1F592221,20269892,0
R2486,GG0123,RCB0067,S,2,1,20269892,2,False,row_missingness_at_or_above_threshold,,,,,,,1.5503395205191224,True,A2CFC6311C185EAA2F17BA13E733D522713F64F2850C50F6EEF6E4CE1F592221,20269892,0
R2487,GG0123,RCB0067,S,2,1,20269892,2,False,row_missingness_at_or_above_threshold,,,,,,,1.5503395205191224,True,A2CFC6311C185EAA2F17BA13E733D522713F64F2850C50F6EEF6E4CE1F592221,20269892,0
R2488,GG0123,RCB0067,S,2,1,20269892,2,False,row_missingness_at_or_above_threshold,,,,,,,1.5503395205191224,True,A2CFC6311C185EAA2F17BA13E733D522713F64F2850C50F6EEF6E4CE1F592221,20269892,0
R2489,GG0123,RCB0067,S,2,1,20269892,2,False,row_missingness_at_or_above_threshold,,,,,,,1.5503395205191224,True,A2CFC6311C185EAA2F17BA13E733D522713F64F2850C50F6EEF6E4CE1F592221,20269892,0
R2490,GG0123,RCB0067,S,2,1,20269892,2,False,row_missingness_at_or_above_threshold,,,,,,,1.5503395205191224,True,A2CFC6311C185EAA2F17BA13E733D522713F64F2850C50F6EEF6E4CE1F592221,20269892,0
R2491,GG0123,RCB0067,S,2,1,20269892,2,False,row_missingness_at_or_above_threshold,,,,,,,1.5503395205191224,True,A2CFC6311C185EAA2F17BA13E733D522713F64F2850C50F6EEF6E4CE1F592221,20269892,0
R2492,GG0123,RCB0067,S,2,1,20269892,2,True,,0.582978367805481,0.1273912936449051,0.28963035345077515,0.49707084812367824,0.18636930941147561,0.31655984246484625,1.5503395205191224,True,A2CFC6311C185EAA2F17BA13E733D522713F64F2850C50F6EEF6E4CE1F592221,20269892,0
R2493,GG0123,RCB0067,S,2,1,20269892,2,True,,0.4174867272377014,0.12219880521297455,0.46031442284584045,0.3971815319172439,0.17981339426480475,0.4230050738179514,1.5503395205191224,True,A2CFC6311C185EAA2F17BA13E733D522713F64F2850C50F6EEF6E4CE1F592221,20269892,0
R2494,GG0123,RCB0067,S,2,1,20269892,2,True,,0.7011647820472717,0.06004133075475693,0.23879387974739075,0.5868278749669714,0.12023637513234312,0.29293574990068555,1.5503395205191224,True,A2CFC6311C185EAA2F17BA13E733D522713F64F2850C50F6EEF6E4CE1F592221,20269892,0
R2495,GG0123,RCB0067,S,2,1,20269892,2,True,,0.2673315107822418,0.10660538077354431,0.6260631084442139,0.3045075514448517,0.1682907588083511,0.5272016897467973,1.5503395205191224,True,A2CFC6311C185EAA2F17BA13E733D522713F64F2850C50F6EEF6E4CE1F592221,20269892,0
R2496,GG0123,RCB0067,S,2,1,20269892,2,True,,0.340442419052124,0.10581794381141663,0.5537396669387817,0.35221373713465015,0.165755800266913,0.48203046259843685,1.5503395205191224,True,A2CFC6311C185EAA2F17BA13E733D522713F64F2850C50F6EEF6E4CE1F592221,20269892,0
R2497,GG0123,RCB0067,S,2,1,20269892,2,True,,0.5037329196929932,0.03464977443218231,0.4616173207759857,0.47100161251405304,0.08378893927904132,0.4452094482069057,1.5503395205191224,True,A2CFC6311C185EAA2F17BA13E733D522713F64F2850C50F6EEF6E4CE1F592221,20269892,0
R2498,GG0123,RCB0067,S,2,1,20269892,2,True,,0.7769753932952881,0.06538355350494385,0.15764106810092926,0.6410196638272303,0.1298716508928118,0.2291086852799579,1.5503395205191224,True,A2CFC6311C185EAA2F17BA13E733D522713F64F2850C50F6EEF6E4CE1F592221,20269892,0
R2499,GG0123,RCB0067,S,2,1,20269892,2,True,,0.8296056985855103,0.02047004923224449,0.14992427825927734,0.7024790385884223,0.06450607701261858,0.23301488439895915,1.5503395205191224,True,A2CFC6311C185EAA2F17BA13E733D522713F64F2850C50F6EEF6E4CE1F592221,20269892,0
R2500,GG0123,RCB0067,S,2,1,20269892,2,True,,0.878150224685669,0.015312195755541325,0.1065375804901123,0.7519241007083973,0.0551932686606623,0.19288263063094038,1.5503395205191224,True,A2CFC6311C185EAA2F17BA13E733D522713F64F2850C50F6EEF6E4CE1F592221,20269892,0
R2501,GG0123,RCB0067,S,2,1,20269892,2,True,,0.7500106692314148,0.014142210595309734,0.23584719002246857,0.6445977427751773,0.049764477145492036,0.3056377800793305,1.5503395205191224,True,A2CFC6311C185EAA2F17BA13E733D522713F64F2850C50F6EEF6E4CE1F592221,20269892,0
R2502,GG0123,RCB0067,S,2,1,20269892,2,True,,0.6771771907806396,0.015338723547756672,0.30748409032821655,0.5924724850693629,0.05148329504518115,0.3560442198854561,1.5503395205191224,True,A2CFC6311C185EAA2F17BA13E733D522713F64F2850C50F6EEF6E4CE1F592221,20269892,0
R2503,GG0123,RCB0067,S,2,1,20269892,2,True,,0.6031962037086487,0.022720791399478912,0.374083012342453,0.5389598643176102,0.06501675252138564,0.39602338316100416,1.5503395205191224,True,A2CFC6311C185EAA2F17BA13E733D522713F64F2850C50F6EEF6E4CE1F592221,20269892,0
R2504,GG0123,RCB0067,S,2,1,20269892,2,True,,0.5888310074806213,0.04123859107494354,0.3699304163455963,0.5205832310182995,0.09369017692907361,0.38572659205262694,1.5503395205191224,True,A2CFC6311C185EAA2F17BA13E733D522713F64F2850C50F6EEF6E4CE1F592221,20269892,0
R2505,GG0123,RCB0067,S,2,1,20269892,2,True,,0.5577197074890137,0.035472556948661804,0.4068077504634857,0.5037814064290322,0.08520411051573748,0.4110144830552304,1.5503395205191224,True,A2CFC6311C185EAA2F17BA13E733D522713F64F2850C50F6EEF6E4CE1F592221,20269892,0
R2506,GG0123,RCB0067,S,2,1,20269892,2,True,,0.4397081732749939,0.03056308440864086,0.5297287702560425,0.43351059829025784,0.0776403729047297,0.4888490288050126,1.5503395205191224,True,A2CFC6311C185EAA2F17BA13E733D522713F64F2850C50F6EEF6E4CE1F592221,20269892,0
R2521,GG0008,RCB0008,I,0,1,20269892,2,True,,0.2548809051513672,0.025560498237609863,0.7195585370063782,0.314466440222271,0.07134260723813705,0.614190952539592,1.5503395205191224,True,A2CFC6311C185EAA2F17BA13E733D522713F64F2850C50F6EEF6E4CE1F592221,20269892,0
R2522,GG0008,RCB0008,I,0,1,20269892,2,True,,0.4807843565940857,0.08302327990531921,0.4361923635005951,0.44223098110530856,0.1424491536139971,0.41531986528069437,1.5503395205191224,True,A2CFC6311C185EAA2F17BA13E733D522713F64F2850C50F6EEF6E4CE1F592221,20269892,0
R2523,GG0008,RCB0008,I,0,1,20269892,2,True,,0.2729519307613373,0.02869603969156742,0.698352038860321,0.32606472623574584,0.07626123591904042,0.5976740378452138,1.5503395205191224,True,A2CFC6311C185EAA2F17BA13E733D522713F64F2850C50F6EEF6E4CE1F592221,20269892,0
R2524,GG0008,RCB0008,I,0,1,20269892,2,True,,0.20444269478321075,0.2728295624256134,0.5227277278900146,0.2477213917075535,0.2983989619164895,0.45387964637595707,1.5503395205191224,True,A2CFC6311C185EAA2F17BA13E733D522713F64F2850C50F6EEF6E4CE1F592221,20269892,0
R2525,GG0008,RCB0008,I,0,1,20269892,2,True,,0.38943609595298767,0.43730786442756653,0.173256054520607,0.37442910632732807,0.4035032695940101,0.22206762407866193,1.5503395205191224,True,A2CFC6311C185EAA2F17BA13E733D522713F64F2850C50F6EEF6E4CE1F592221,20269892,0
R2526,GG0008,RCB0008,I,0,1,20269892,2,True,,0.37080666422843933,0.19161535799503326,0.4375779926776886,0.3615415959211782,0.23616739091453812,0.4022910131642838,1.5503395205191224,True,A2CFC6311C185EAA2F17BA13E733D522713F64F2850C50F6EEF6E4CE1F592221,20269892,0
R2527,GG0008,RCB0008,I,0,1,20269892,2,True,,0.5289035439491272,0.13699759542942047,0.3340989053249359,0.4625429581014555,0.1935273549154966,0.3439296869830479,1.5503395205191224,True,A2CFC6311C185EAA2F17BA13E733D522713F64F2850C50F6EEF6E4CE1F592221,20269892,0
R2528,GG0008,RCB0008,I,0,1,20269892,2,True,,0.292917937040329,0.06562170386314392,0.6414603590965271,0.3290567809237384,0.12537251568962413,0.5455707033866375,1.5503395205191224,True,A2CFC6311C185EAA2F17BA13E733D522713F64F2850C50F6EEF6E4CE1F592221,20269892,0
R2529,GG0008,RCB0008,I,0,1,20269892,2,True,,0.3216864764690399,0.03679536283016205,0.6415181756019592,0.3561494698897181,0.0879540520869662,0.5558964780233158,1.5503395205191224,True,A2CFC6311C185EAA2F17BA13E733D522713F64F2850C50F6EEF6E4CE1F592221,20269892,0
R2530,GG0008,RCB0008,I,0,1,20269892,2,True,,0.279410183429718,0.1987559050321579,0.5218338966369629,0.3031262549683865,0.2433384753953294,0.4535352696362841,1.5503395205191224,True,A2CFC6311C185EAA2F17BA13E733D522713F64F2850C50F6EEF6E4CE1F592221,20269892,0
R2531,GG0008,RCB0008,I,0,1,20269892,2,True,,0.29589754343032837,0.26982808113098145,0.43427443504333496,0.31026728549191596,0.292348060147752,0.397384654360332,1.5503395205191224,True,A2CFC6311C185EAA2F17BA13E733D522713F64F2850C50F6EEF6E4CE1F592221,20269892,0
R2532,GG0008,RCB0008,I,0,1,20269892,2,True,,0.4029527008533478,0.1981690526008606,0.39887821674346924,0.3807842356388824,0.2409195437839513,0.3782962205771662,1.5503395205191224,True,A2CFC6311C185EAA2F17BA13E733D522713F64F2850C50F6EEF6E4CE1F592221,20269892,0
R2533,GG0008,RCB0008,I,0,1,20269892,2,True,,0.32324695587158203,0.02422517165541649,0.6525278687477112,0.3621654270492399,0.06809055793437847,0.5697440150163817,1.5503395205191224,True,A2CFC6311C185EAA2F17BA13E733D522713F64F2850C50F6EEF6E4CE1F592221,20269892,0
R2534,GG0008,RCB0008,I,0,1,20269892,2,True,,0.16106365621089935,0.04691321775317192,0.7920230627059937,0.2355691575501875,0.10631136884146404,0.6581194736083484,1.5503395205191224,True,A2CFC6311C185EAA2F17BA13E733D522713F64F2850C50F6EEF6E4CE1F592221,20269892,0
R2535,GG0008,RCB0008,I,0,1,20269892,2,True,,0.3019295632839203,0.0267010647803545,0.6713693737983704,0.34678993943518477,0.0725466258173732,0.5806634347474421,1.5503395205191224,True,A2CFC6311C185EAA2F17BA13E733D522713F64F2850C50F6EEF6E4CE1F592221,20269892,0
R2536,GG0008,RCB0008,I,0,1,20269892,2,True,,0.21386700868606567,0.27300918102264404,0.5131238102912903,0.2545096597151856,0.29791884181680534,0.44757149846800914,1.5503395205191224,True,A2CFC6311C185EAA2F17BA13E733D522713F64F2850C50F6EEF6E4CE1F592221,20269892,0
R2537,GG0008,RCB0008,I,0,1,20269892,2,True,,0.40100517868995667,0.10423117876052856,0.49476367235183716,0.3899435511812609,0.16351845849712304,0.44653799032161606,1.5503395205191224,True,A2CFC6311C185EAA2F17BA13E733D522713F64F2850C50F6EEF6E4CE1F592221,20269892,0
R2538,GG0008,RCB0008,I,0,1,20269892,2,True,,0.07931321114301682,0.8181623816490173,0.10252439230680466,0.14958030466010624,0.6739044093777319,0.176515285962162,1.5503395205191224,True,A2CFC6311C185EAA2F17BA13E733D522713F64F2850C50F6EEF6E4CE1F592221,20269892,0
R2539,GG0008,RCB0008,I,0,1,20269892,2,True,,0.060687001794576645,0.8634927868843079,0.07582016289234161,0.12989882525744245,0.7201425038376175,0.1499586709049401,1.5503395205191224,True,A2CFC6311C185EAA2F17BA13E733D522713F64F2850C50F6EEF6E4CE1F592221,20269892,0
R2540,GG0008,RCB0008,I,0,1,20269892,2,True,,0.2081456184387207,0.5446538925170898,0.24720045924186707,0.25144112418698517,0.4676226824539101,0.28093619335910475,1.5503395205191224,True,A2CFC6311C185EAA2F17BA13E733D522713F64F2850C50F6EEF6E4CE1F592221,20269892,0
R2541,GG0008,RCB0008,I,0,1,20269892,2,False,row_missingness_at_or_above_threshold,,,,,,,1.5503395205191224,True,A2CFC6311C185EAA2F17BA13E733D522713F64F2850C50F6EEF6E4CE1F592221,20269892,0
R2542,GG0008,RCB0008,I,0,1,20269892,2,False,row_missingness_at_or_above_threshold,,,,,,,1.5503395205191224,True,A2CFC6311C185EAA2F17BA13E733D522713F64F2850C50F6EEF6E4CE1F592221,20269892,0
R2543,GG0008,RCB0008,I,0,1,20269892,2,True,,0.4848201274871826,0.12337800860404968,0.3918018639087677,0.43758459385361886,0.18100850210982614,0.38140690403655503,1.5503395205191224,True,A2CFC6311C185EAA2F17BA13E733D522713F64F2850C50F6EEF6E4CE1F592221,20269892,0
R2544,GG0008,RCB0008,I,0,1,20269892,2,True,,0.4984036087989807,0.10685719549655914,0.3947392404079437,0.4482863404151612,0.16602775750291535,0.38568590208192344,1.5503395205191224,True,A2CFC6311C185EAA2F17BA13E733D522713F64F2850C50F6EEF6E4CE1F592221,20269892,0
R2545,GG0008,RCB0008,I,0,1,20269892,2,True,,0.3259176015853882,0.209758922457695,0.4643234610557556,0.33233243082935243,0.2501059599573889,0.4175616092132588,1.5503395205191224,True,A2CFC6311C185EAA2F17BA13E733D522713F64F2850C50F6EEF6E4CE1F592221,20269892,0
R2546,GG0008,RCB0008,I,0,1,20269892,2,True,,0.3542880415916443,0.11719120293855667,0.5285207033157349,0.3591684419864347,0.17595066202108903,0.46488089599247623,1.5503395205191224,True,A2CFC6311C185EAA2F17BA13E733D522713F64F2850C50F6EEF6E4CE1F592221,20269892,0
R2547,GG0008,RCB0008,I,0,1,20269892,2,True,,0.4063691198825836,0.2113504707813263,0.3822804093360901,0.38207366860343295,0.25061938261195266,0.36730694878461445,1.5503395205191224,True,A2CFC6311C185EAA2F17BA13E733D522713F64F2850C50F6EEF6E4CE1F592221,20269892,0
R2548,GG0008,RCB0008,I,0,1,20269892,2,True,,0.49750885367393494,0.041297148913145065,0.4611940383911133,0.4644447984275972,0.09327052128596473,0.4422846802864381,1.5503395205191224,True,A2CFC6311C185EAA2F17BA13E733D522713F64F2850C50F6EEF6E4CE1F592221,20269892,0
R2549,GG0008,RCB0008,I,0,1,20269892,2,True,,0.4135235548019409,0.1305864006280899,0.455890029668808,0.39364174849587075,0.18715552620904932,0.4192027252950799,1.5503395205191224,True,A2CFC6311C185EAA2F17BA13E733D522713F64F2850C50F6EEF6E4CE1F592221,20269892,0
R2550,GG0008,RCB0008,I,0,1,20269892,2,True,,0.20641128718852997,0.313505619764328,0.4800831377506256,0.24794905781138493,0.32466932693121053,0.4273816152574046,1.5503395205191224,True,A2CFC6311C185EAA2F17BA13E733D522713F64F2850C50F6EEF6E4CE1F592221,20269892,0
R2551,GG0008,RCB0008,I,0,1,20269892,2,True,,0.3520185053348541,0.27235788106918335,0.3756236433982849,0.3459931368112539,0.2932214770275973,0.3607853861611488,1.5503395205191224,True,A2CFC6311C185EAA2F17BA13E733D522713F64F2850C50F6EEF6E4CE1F592221,20269892,0
R2552,GG0008,RCB0008,I,0,1,20269892,2,True,,0.4198985695838928,0.13765950500965118,0.4424419403076172,0.39660847729701487,0.1931764459495922,0.4102150767533929,1.5503395205191224,True,A2CFC6311C185EAA2F17BA13E733D522713F64F2850C50F6EEF6E4CE1F592221,20269892,0
R2553,GG0008,RCB0008,I,0,1,20269892,2,True,,0.5112878084182739,0.12517748773097992,0.36353468894958496,0.4533112528512643,0.18289401265693997,0.3637947344917957,1.5503395205191224,True,A2CFC6311C185EAA2F17BA13E733D522713F64F2850C50F6EEF6E4CE1F592221,20269892,0
R2554,GG0008,RCB0008,I,0,1,20269892,2,True,,0.5370286107063293,0.09349281340837479,0.36947858333587646,0.4740494318509046,0.15350130220791514,0.37244926594118016,1.5503395205191224,True,A2CFC6311C185EAA2F17BA13E733D522713F64F2850C50F6EEF6E4CE1F592221,20269892,0
R2555,GG0008,RCB0008,I,0,1,20269892,2,True,,0.4016537070274353,0.1380121260881424,0.4603341221809387,0.38550539467505246,0.19354564623868187,0.4209489590862657,1.5503395205191224,True,A2CFC6311C185EAA2F17BA13E733D522713F64F2850C50F6EEF6E4CE1F592221,20269892,0
R2556,GG0008,RCB0008,I,0,1,20269892,2,True,,0.41722461581230164,0.13017141819000244,0.4526040256023407,0.3959369359043108,0.18678409168483187,0.4172789724108573,1.5503395205191224,True,A2CFC6311C185EAA2F17BA13E733D522713F64F2850C50F6EEF6E4CE1F592221,20269892,0
R2557,GG0008,RCB0008,I,0,1,20269892,2,True,,0.4034479558467865,0.3873363435268402,0.20921562612056732,0.380407689460902,0.37053812821617305,0.24905418232292503,1.5503395205191224,True,A2CFC6311C185EAA2F17BA13E733D522713F64F2850C50F6EEF6E4CE1F592221,20269892,0
R2558,GG0008,RCB0008,I,0,1,20269892,2,True,,0.34865063428878784,0.18683315813541412,0.4645162522792816,0.3481869166151991,0.23283752996644733,0.4189755534183534,1.5503395205191224,True,A2CFC6311C185EAA2F17BA13E733D522713F64F2850C50F6EEF6E4CE1F592221,20269892,0
R2559,GG0008,RCB0008,I,0,1,20269892,2,True,,0.4283613860607147,0.1336728185415268,0.4379658102989197,0.4022172857557578,0.18977140131490447,0.40801131292933773,1.5503395205191224,True,A2CFC6311C185EAA2F17BA13E733D522713F64F2850C50F6EEF6E4CE1F592221,20269892,0
R2560,GG0008,RCB0008,I,0,1,20269892,2,True,,0.4553617835044861,0.06763298064470291,0.477005273103714,0.43053667889381364,0.12583627322048865,0.4436270478856977,1.5503395205191224,True,A2CFC6311C185EAA2F17BA13E733D522713F64F2850C50F6EEF6E4CE1F592221,20269892,0
R2561,GG0008,RCB0008,I,0,1,20269892,2,True,,0.4601537883281708,0.28441599011421204,0.2554302215576172,0.4136860816150278,0.3033155179223819,0.2829984004625904,1.5503395205191224,True,A2CFC6311C185EAA2F17BA13E733D522713F64F2850C50F6EEF6E4CE1F592221,20269892,0
R2562,GG0008,RCB0008,I,0,1,20269892,2,True,,0.1733122020959854,0.07675032317638397,0.7499374747276306,0.24016263309754085,0.14201371962748016,0.617823647274979,1.5503395205191224,True,A2CFC6311C185EAA2F17BA13E733D522713F64F2850C50F6EEF6E4CE1F592221,20269892,0
R2563,GG0008,RCB0008,I,0,1,20269892,2,True,,0.35471346974372864,0.09863490611314774,0.5466516017913818,0.36234986041400197,0.1587068370718846,0.4789433025141134,1.5503395205191224,True,A2CFC6311C185EAA2F17BA13E733D522713F64F2850C50F6EEF6E4CE1F592221,20269892,0
R2564,GG0008,RCB0008,I,0,1,20269892,2,True,,0.3621527850627899,0.5461673736572266,0.0916798934340477,0.3682284088045907,0.47996629540478913,0.15180529579062016,1.5503395205191224,True,A2CFC6311C185EAA2F17BA13E733D522713F64F2850C50F6EEF6E4CE1F592221,20269892,0
R2565,GG0008,RCB0008,I,0,1,20269892,2,True,,0.30431684851646423,0.5662248134613037,0.12945836782455444,0.3258625524280292,0.4863763159922219,0.18776113157974883,1.5503395205191224,True,A2CFC6311C185EAA2F17BA13E733D522713F64F2850C50F6EEF6E4CE1F592221,20269892,0
R2566,GG0008,RCB0008,I,0,1,20269892,2,True,,0.41431984305381775,0.434183806180954,0.15149638056755066,0.3916551368438238,0.40366600034161276,0.20467886281456335,1.5503395205191224,True,A2CFC6311C185EAA2F17BA13E733D522713F64F2850C50F6EEF6E4CE1F592221,20269892,0
R2567,GG0008,RCB0008,I,0,1,20269892,2,True,,0.44913536310195923,0.3577094078063965,0.19315525889396667,0.40921313217865174,0.35333880997817846,0.23744805784316975,1.5503395205191224,True,A2CFC6311C185EAA2F17BA13E733D522713F64F2850C50F6EEF6E4CE1F592221,20269892,0
R2692,GG0023,RCB0019,S,2,1,20269892,2,True,,0.30980461835861206,0.13149552047252655,0.5586998462677002,0.32914725814488976,0.1893776304379149,0.4814751114171955,1.5503395205191224,True,A2CFC6311C185EAA2F17BA13E733D522713F64F2850C50F6EEF6E4CE1F592221,20269892,0
R2693,GG0023,RCB0019,S,2,1,20269892,2,True,,0.34106677770614624,0.06026124954223633,0.5986719727516174,0.36173978210035224,0.11825632712921007,0.5200038907704377,1.5503395205191224,True,A2CFC6311C185EAA2F17BA13E733D522713F64F2850C50F6EEF6E4CE1F592221,20269892,0
R2694,GG0023,RCB0019,S,2,1,20269892,2,True,,0.3809661567211151,0.07143939286470413,0.547594428062439,0.38411494200495455,0.1304862611763321,0.48539879681871334,1.5503395205191224,True,A2CFC6311C185EAA2F17BA13E733D522713F64F2850C50F6EEF6E4CE1F592221,20269892,0
R2695,GG0023,RCB0019,S,2,1,20269892,2,True,,0.1015542522072792,0.021931054070591927,0.8765146136283875,0.18559944209817913,0.06905998045516298,0.7453405774466579,1.5503395205191224,True,A2CFC6311C185EAA2F17BA13E733D522713F64F2850C50F6EEF6E4CE1F592221,20269892,0
R2696,GG0023,RCB0019,S,2,1,20269892,2,True,,0.08589407801628113,0.030535142868757248,0.8835707902908325,0.16637920639293288,0.08538464121728993,0.7482361523897771,1.5503395205191224,True,A2CFC6311C185EAA2F17BA13E733D522713F64F2850C50F6EEF6E4CE1F592221,20269892,0
R2697,GG0023,RCB0019,S,2,1,20269892,2,True,,0.05442317947745323,0.047259848564863205,0.8983169794082642,0.12478074720913318,0.1139234907909982,0.7612957619998686,1.5503395205191224,True,A2CFC6311C185EAA2F17BA13E733D522713F64F2850C50F6EEF6E4CE1F592221,20269892,0
R2698,GG0023,RCB0019,S,2,1,20269892,2,True,,0.4139251410961151,0.10725190490484238,0.4788229763507843,0.3973001703551863,0.16626609228266356,0.43643373736215013,1.5503395205191224,True,A2CFC6311C185EAA2F17BA13E733D522713F64F2850C50F6EEF6E4CE1F592221,20269892,0
R2699,GG0023,RCB0019,S,2,1,20269892,2,True,,0.13091851770877838,0.10722683370113373,0.7618546485900879,0.20026205485013018,0.17606660236442198,0.6236713427854479,1.5503395205191224,True,A2CFC6311C185EAA2F17BA13E733D522713F64F2850C50F6EEF6E4CE1F592221,20269892,0
R2700,GG0023,RCB0019,S,2,1,20269892,2,True,,0.13347108662128448,0.11918472498655319,0.7473441958427429,0.20131285536647098,0.18713631358303762,0.6115508310504914,1.5503395205191224,True,A2CFC6311C185EAA2F17BA13E733D522713F64F2850C50F6EEF6E4CE1F592221,20269892,0
R2701,GG0023,RCB0019,S,2,1,20269892,2,True,,0.2941390573978424,0.24670706689357758,0.45915383100509644,0.31002711338627537,0.2767826005739301,0.4131902860397945,1.5503395205191224,True,A2CFC6311C185EAA2F17BA13E733D522713F64F2850C50F6EEF6E4CE1F592221,20269892,0
R2702,GG0023,RCB0019,S,2,1,20269892,2,True,,0.3593476116657257,0.16659192740917206,0.4740604758262634,0.35654291548078804,0.2171525388444947,0.42630454567471715,1.5503395205191224,True,A2CFC6311C185EAA2F17BA13E733D522713F64F2850C50F6EEF6E4CE1F592221,20269892,0
R2703,GG0023,RCB0019,S,2,1,20269892,2,True,,0.13745182752609253,0.11424148082733154,0.7483066916465759,0.2053057164039587,0.18221692653600463,0.6124773570600367,1.5503395205191224,True,A2CFC6311C185EAA2F17BA13E733D522713F64F2850C50F6EEF6E4CE1F592221,20269892,0
R2704,GG0023,RCB0019,S,2,1,20269892,2,True,,0.1575452834367752,0.10361945629119873,0.7388352751731873,0.22357594596188154,0.17062968734255068,0.6057943666955677,1.5503395205191224,True,A2CFC6311C185EAA2F17BA13E733D522713F64F2850C50F6EEF6E4CE1F592221,20269892,0
R2705,GG0023,RCB0019,S,2,1,20269892,2,True,,0.3866148591041565,0.05819220468401909,0.5551929473876953,0.3909737431370844,0.11525885118464518,0.4937674056782703,1.5503395205191224,True,A2CFC6311C185EAA2F17BA13E733D522713F64F2850C50F6EEF6E4CE1F592221,20269892,0
R2706,GG0023,RCB0019,S,2,1,20269892,2,True,,0.5377284288406372,0.06600379198789597,0.3962678015232086,0.4808315794262806,0.12427493947008855,0.3948934811036308,1.5503395205191224,True,A2CFC6311C185EAA2F17BA13E733D522713F64F2850C50F6EEF6E4CE1F592221,20269892,0
R2707,GG0023,RCB0019,S,2,1,20269892,2,True,,0.34602004289627075,0.025608820840716362,0.6283711194992065,0.3765235740242989,0.07021995176105386,0.5532564742146472,1.5503395205191224,True,A2CFC6311C185EAA2F17BA13E733D522713F64F2850C50F6EEF6E4CE1F592221,20269892,0
R2708,GG0023,RCB0019,S,2,1,20269892,2,True,,0.5886752605438232,0.042141083627939224,0.3691837191581726,0.520116677701287,0.09493867566234032,0.38494464663637273,1.5503395205191224,True,A2CFC6311C185EAA2F17BA13E733D522713F64F2850C50F6EEF6E4CE1F592221,20269892,0
R2709,GG0023,RCB0019,S,2,1,20269892,2,True,,0.43662029504776,0.049081359058618546,0.5142983794212341,0.424520352067138,0.10367014281719708,0.4718095051156649,1.5503395205191224,True,A2CFC6311C185EAA2F17BA13E733D522713F64F2850C50F6EEF6E4CE1F592221,20269892,0
R2710,GG0023,RCB0019,S,2,1,20269892,2,True,,0.7494585514068604,0.037865933030843735,0.21267546713352203,0.6291056760479671,0.09171826787688314,0.27917605607514967,1.5503395205191224,True,A2CFC6311C185EAA2F17BA13E733D522713F64F2850C50F6EEF6E4CE1F592221,20269892,0
R2711,GG0023,RCB0019,S,2,1,20269892,2,True,,0.5337389707565308,0.02802221290767193,0.43823882937431335,0.492601494744223,0.07361766589438787,0.4337808393613891,1.5503395205191224,True,A2CFC6311C185EAA2F17BA13E733D522713F64F2850C50F6EEF6E4CE1F592221,20269892,0
R2712,GG0023,RCB0019,S,2,1,20269892,2,True,,0.13745182752609253,0.11424148082733154,0.7483066916465759,0.2053057164039587,0.18221692653600463,0.6124773570600367,1.5503395205191224,True,A2CFC6311C185EAA2F17BA13E733D522713F64F2850C50F6EEF6E4CE1F592221,20269892,0
R2713,GG0023,RCB0019,S,2,1,20269892,2,True,,0.05579083412885666,0.06453683972358704,0.8796722888946533,0.12465752729709936,0.13693444153132486,0.7384080311715757,1.5503395205191224,True,A2CFC6311C185EAA2F17BA13E733D522713F64F2850C50F6EEF6E4CE1F592221,20269892,0
R2714,GG0023,RCB0019,S,2,1,20269892,2,True,,0.5529699921607971,0.03934317082166672,0.40768682956695557,0.4991693209788325,0.0907555419475315,0.4100751370736361,1.5503395205191224,True,A2CFC6311C185EAA2F17BA13E733D522713F64F2850C50F6EEF6E4CE1F592221,20269892,0
R2715,GG0023,RCB0019,S,2,1,20269892,2,True,,0.6199243664741516,0.05007878318428993,0.32999685406684875,0.5367170456165583,0.10591116547428536,0.3573717889091563,1.5503395205191224,True,A2CFC6311C185EAA2F17BA13E733D522713F64F2850C50F6EEF6E4CE1F592221,20269892,0
R2716,GG0023,RCB0019,S,2,1,20269892,2,True,,0.6732053160667419,0.017389003187417984,0.30940571427345276,0.5881529593110285,0.05562634672568458,0.3562206939632869,1.5503395205191224,True,A2CFC6311C185EAA2F17BA13E733D522713F64F2850C50F6EEF6E4CE1F592221,20269892,0
R2717,GG0023,RCB0019,S,2,1,20269892,2,True,,0.39836329221725464,0.016889303922653198,0.5847474336624146,0.4147476411363809,0.05399902168219327,0.5312533371814259,1.5503395205191224,True,A2CFC6311C185EAA2F17BA13E733D522713F64F2850C50F6EEF6E4CE1F592221,20269892,0
R2718,GG0023,RCB0019,S,2,1,20269892,2,True,,0.2925031781196594,0.024393953382968903,0.6831029057502747,0.34133894371497336,0.06875543653116649,0.5899056197538602,1.5503395205191224,True,A2CFC6311C185EAA2F17BA13E733D522713F64F2850C50F6EEF6E4CE1F592221,20269892,0
R2719,GG0023,RCB0019,S,2,1,20269892,2,True,,0.49172061681747437,0.019368568435311317,0.4889107942581177,0.4715928465643261,0.058554278859995965,0.46985287457567787,1.5503395205191224,True,A2CFC6311C185EAA2F17BA13E733D522713F64F2850C50F6EEF6E4CE1F592221,20269892,0
R2720,GG0023,RCB0019,S,2,1,20269892,2,True,,0.48238328099250793,0.017425574362277985,0.5001911520957947,0.46705396857960696,0.054842330478147384,0.47810370094224575,1.5503395205191224,True,A2CFC6311C185EAA2F17BA13E733D522713F64F2850C50F6EEF6E4CE1F592221,20269892,0
R2721,GG0023,RCB0019,S,2,1,20269892,2,True,,0.6384689211845398,0.017975082620978355,0.3435560464859009,0.5648187525374037,0.056471025753374114,0.3787102217092222,1.5503395205191224,True,A2CFC6311C185EAA2F17BA13E733D522713F64F2850C50F6EEF6E4CE1F592221,20269892,0
R2722,GG0023,RCB0019,S,2,1,20269892,2,True,,0.3797333240509033,0.024157341569662094,0.5961093902587891,0.39892289869379205,0.06747889502112044,0.5335982062850875,1.5503395205191224,True,A2CFC6311C185EAA2F17BA13E733D522713F64F2850C50F6EEF6E4CE1F592221,20269892,0
R2723,GG0023,RCB0019,S,2,1,20269892,2,True,,0.4585147202014923,0.016624286770820618,0.5248610377311707,0.45273839626295675,0.0532874447406598,0.4939741589963834,1.5503395205191224,True,A2CFC6311C185EAA2F17BA13E733D522713F64F2850C50F6EEF6E4CE1F592221,20269892,0
R2724,GG0023,RCB0019,S,2,1,20269892,2,True,,0.49948132038116455,0.014047416858375072,0.4864712655544281,0.4800690014999808,0.047965331414100726,0.47196566708591847,1.5503395205191224,True,A2CFC6311C185EAA2F17BA13E733D522713F64F2850C50F6EEF6E4CE1F592221,20269892,0
R2725,GG0023,RCB0019,S,2,1,20269892,2,True,,0.4937390685081482,0.06217753887176514,0.44408342242240906,0.4552319454056401,0.11961963530856316,0.4251484192857968,1.5503395205191224,True,A2CFC6311C185EAA2F17BA13E733D522713F64F2850C50F6EEF6E4CE1F592221,20269892,0
R2726,GG0023,RCB0019,S,2,1,20269892,2,True,,0.46653515100479126,0.017696773633360863,0.5157680511474609,0.457031910211473,0.055383369442781646,0.4875847203457454,1.5503395205191224,True,A2CFC6311C185EAA2F17BA13E733D522713F64F2850C50F6EEF6E4CE1F592221,20269892,0
R2727,GG0023,RCB0019,S,2,1,20269892,2,True,,0.4941869378089905,0.024082737043499947,0.4817303419113159,0.4703443090750613,0.06699309667346158,0.46266259425147704,1.5503395205191224,True,A2CFC6311C185EAA2F17BA13E733D522713F64F2850C50F6EEF6E4CE1F592221,20269892,0
R2728,GG0023,RCB0019,S,2,1,20269892,2,True,,0.5154129266738892,0.03646402433514595,0.4481230080127716,0.47735806211025816,0.08647364128362779,0.43616829660611417,1.5503395205191224,True,A2CFC6311C185EAA2F17BA13E733D522713F64F2850C50F6EEF6E4CE1F592221,20269892,0
R2729,GG0023,RCB0019,S,2,1,20269892,2,True,,0.2880781590938568,0.016285525634884834,0.6956363320350647,0.34215831063293645,0.053632756737824944,0.6042089326292385,1.5503395205191224,True,A2CFC6311C185EAA2F17BA13E733D522713F64F2850C50F6EEF6E4CE1F592221,20269892,0
R2730,GG0126,RCB0069,A,1,1,20269892,2,True,,0.07529474049806595,0.7049424052238464,0.2197628617286682,0.13835632785887295,0.5855505024815861,0.2760931696595409,1.5503395205191224,True,A2CFC6311C185EAA2F17BA13E733D522713F64F2850C50F6EEF6E4CE1F592221,20269892,0
R2731,GG0126,RCB0069,A,1,1,20269892,2,True,,0.013980954885482788,0.9767678380012512,0.009251211769878864,0.05800666187472491,0.8975505660238734,0.04444277210140165,1.5503395205191224,True,A2CFC6311C185EAA2F17BA13E733D522713F64F2850C50F6EEF6E4CE1F592221,20269892,0
R2732,GG0126,RCB0069,A,1,1,20269892,2,True,,0.08425948023796082,0.7586174607276917,0.1571231186389923,0.151023820173582,0.6232397705852497,0.2257364092411683,1.5503395205191224,True,A2CFC6311C185EAA2F17BA13E733D522713F64F2850C50F6EEF6E4CE1F592221,20269892,0
R2733,GG0126,RCB0069,A,1,1,20269892,2,True,,0.6289246678352356,0.0668812021613121,0.3041941523551941,0.537186077064643,0.12656985729053744,0.33624406564481957,1.5503395205191224,True,A2CFC6311C185EAA2F17BA13E733D522713F64F2850C50F6EEF6E4CE1F592221,20269892,0
R2734,GG0126,RCB0069,A,1,1,20269892,2,True,,0.10373899340629578,0.29970207810401917,0.5965589284896851,0.16466590112076845,0.32643383951852656,0.508900259360705,1.5503395205191224,True,A2CFC6311C185EAA2F17BA13E733D522713F64F2850C50F6EEF6E4CE1F592221,20269892,0
R2735,GG0126,RCB0069,A,1,1,20269892,2,True,,0.10257230699062347,0.8512610197067261,0.04616662859916687,0.18138584236902608,0.7102280336750402,0.10838612395593374,1.5503395205191224,True,A2CFC6311C185EAA2F17BA13E733D522713F64F2850C50F6EEF6E4CE1F592221,20269892,0
R2736,GG0126,RCB0069,A,1,1,20269892,2,True,,0.25979429483413696,0.6514134407043457,0.08879224956035614,0.30214900837767383,0.5466767974413945,0.15117419418093173,1.5503395205191224,True,A2CFC6311C185EAA2F17BA13E733D522713F64F2850C50F6EEF6E4CE1F592221,20269892,0
R2737,GG0126,RCB0069,A,1,1,20269892,2,True,,0.13654346764087677,0.5492776036262512,0.3141788840293884,0.19357193661615207,0.4750841131530849,0.33134395023076296,1.5503395205191224,True,A2CFC6311C185EAA2F17BA13E733D522713F64F2850C50F6EEF6E4CE1F592221,20269892,0
R2738,GG0126,RCB0069,A,1,1,20269892,2,True,,0.12036948651075363,0.8153561353683472,0.0642743706703186,0.19600182868390764,0.6732288130363729,0.13076935827971944,1.5503395205191224,True,A2CFC6311C185EAA2F17BA13E733D522713F64F2850C50F6EEF6E4CE1F592221,20269892,0
R2739,GG0126,RCB0069,A,1,1,20269892,2,True,,0.14391201734542847,0.7051281332969666,0.15095990896224976,0.2075309453620245,0.5784381813011442,0.21403087333683132,1.5503395205191224,True,A2CFC6311C185EAA2F17BA13E733D522713F64F2850C50F6EEF6E4CE1F592221,20269892,0
R2740,GG0126,RCB0069,A,1,1,20269892,2,True,,0.4149511456489563,0.4541562795639038,0.13089261949062347,0.3944664940115654,0.41811937608827243,0.18741412990016212,1.5503395205191224,True,A2CFC6311C185EAA2F17BA13E733D522713F64F2850C50F6EEF6E4CE1F592221,20269892,0
R2741,GG0126,RCB0069,A,1,1,20269892,2,True,,0.1115575060248375,0.7576751112937927,0.13076739013195038,0.18022521305593323,0.6201004030329497,0.1996743839111172,1.5503395205191224,True,A2CFC6311C185EAA2F17BA13E733D522713F64F2850C50F6EEF6E4CE1F592221,20269892,0
R2742,GG0126,RCB0069,A,1,1,20269892,2,True,,0.0640559121966362,0.8597220182418823,0.07622204720973969,0.13409121057401766,0.7159012394297539,0.15000754999622845,1.5503395205191224,True,A2CFC6311C185EAA2F17BA13E733D522713F64F2850C50F6EEF6E4CE1F592221,20269892,0
R2743,GG0126,RCB0069,A,1,1,20269892,2,True,,0.3541111350059509,0.5320220589637756,0.11386682838201523,0.3595443809667105,0.4675043199163364,0.17295129911695306,1.5503395205191224,True,A2CFC6311C185EAA2F17BA13E733D522713F64F2850C50F6EEF6E4CE1F592221,20269892,0
R2744,GG0126,RCB0069,A,1,1,20269892,2,True,,0.03407317399978638,0.9021456837654114,0.06378117203712463,0.09281998159525327,0.7680991280014735,0.13908089040327318,1.5503395205191224,True,A2CFC6311C185EAA2F17BA13E733D522713F64F2850C50F6EEF6E4CE1F592221,20269892,0
R2745,GG0126,RCB0069,A,1,1,20269892,2,True,,0.04882308095693588,0.9244922399520874,0.026684628799557686,0.11985588499477993,0.7989678014352444,0.08117631356997572,1.5503395205191224,True,A2CFC6311C185EAA2F17BA13E733D522713F64F2850C50F6EEF6E4CE1F592221,20269892,0
R2746,GG0126,RCB0069,A,1,1,20269892,2,True,,0.4851074516773224,0.13952010869979858,0.37537240982055664,0.43569838796621785,0.19502953845806117,0.3692720735757209,1.5503395205191224,True,A2CFC6311C185EAA2F17BA13E733D522713F64F2850C50F6EEF6E4CE1F592221,20269892,0
R2747,GG0126,RCB0069,A,1,1,20269892,2,True,,0.5639501810073853,0.20712478458881378,0.22892503440380096,0.48004515886790755,0.25158966733665317,0.26836517379543934,1.5503395205191224,True,A2CFC6311C185EAA2F17BA13E733D522713F64F2850C50F6EEF6E4CE1F592221,20269892,0
R2748,GG0126,RCB0069,A,1,1,20269892,2,True,,0.07616919279098511,0.6584560871124268,0.26537472009658813,0.13780021467032783,0.5539502270026732,0.3082495583269989,1.5503395205191224,True,A2CFC6311C185EAA2F17BA13E733D522713F64F2850C50F6EEF6E4CE1F592221,20269892,0
R2749,GG0126,RCB0069,A,1,1,20269892,2,True,,0.07501178234815598,0.6882242560386658,0.23676398396492004,0.13743482191121376,0.574107676223936,0.2884575018648503,1.5503395205191224,True,A2CFC6311C185EAA2F17BA13E733D522713F64F2850C50F6EEF6E4CE1F592221,20269892,0
R2750,GG0126,RCB0069,A,1,1,20269892,2,True,,0.12117892503738403,0.6098048090934753,0.26901620626449585,0.18154461790982848,0.5147958450911437,0.30365953699902787,1.5503395205191224,True,A2CFC6311C185EAA2F17BA13E733D522713F64F2850C50F6EEF6E4CE1F592221,20269892,0
R2751,GG0126,RCB0069,A,1,1,20269892,2,True,,0.16144779324531555,0.3970085382461548,0.44154366850852966,0.21275513933017248,0.38013080382567044,0.4071140568441572,1.5503395205191224,True,A2CFC6311C185EAA2F17BA13E733D522713F64F2850C50F6EEF6E4CE1F592221,20269892,0
R2752,GG0126,RCB0069,A,1,1,20269892,2,True,,0.09124059975147247,0.8277833461761475,0.08097604662179947,0.16466058345977796,0.6828789458692908,0.15246047067093121,1.5503395205191224,True,A2CFC6311C185EAA2F17BA13E733D522713F64F2850C50F6EEF6E4CE1F592221,20269892,0
R2753,GG0126,RCB0069,A,1,1,20269892,2,True,,0.2936232388019562,0.2761342525482178,0.43024247884750366,0.3085834851157549,0.29659915099529294,0.39481736388895217,1.5503395205191224,True,A2CFC6311C185EAA2F17BA13E733D522713F64F2850C50F6EEF6E4CE1F592221,20269892,0
R2754,GG0126,RCB0069,A,1,1,20269892,2,True,,0.1673557013273239,0.6186779737472534,0.21396631002426147,0.22242761550998977,0.5169477332377944,0.2606246512522159,1.5503395205191224,True,A2CFC6311C185EAA2F17BA13E733D522713F64F2850C50F6EEF6E4CE1F592221,20269892,0
R2755,GG0126,RCB0069,A,1,1,20269892,2,True,,0.25998178124427795,0.5999263525009155,0.14009183645248413,0.2953317983167942,0.5064685289439455,0.19819967273926023,1.5503395205191224,True,A2CFC6311C185EAA2F17BA13E733D522713F64F2850C50F6EEF6E4CE1F592221,20269892,0
R2756,GG0126,RCB0069,A,1,1,20269892,2,True,,0.2671683430671692,0.5888673067092896,0.14396432042121887,0.2997581800306354,0.4990715766099988,0.2011702433593658,1.5503395205191224,True,A2CFC6311C185EAA2F17BA13E733D522713F64F2850C50F6EEF6E4CE1F592221,20269892,0
R2757,GG0126,RCB0069,A,1,1,20269892,2,True,,0.6262341737747192,0.07892727851867676,0.294838547706604,0.5324662391623651,0.13998785864411065,0.32754590219352425,1.5503395205191224,True,A2CFC6311C185EAA2F17BA13E733D522713F64F2850C50F6EEF6E4CE1F592221,20269892,0
R2758,GG0126,RCB0069,A,1,1,20269892,2,True,,0.40921536087989807,0.3720402121543884,0.2187443971633911,0.38342656987780543,0.3605810163657885,0.25599241375640613,1.5503395205191224,True,A2CFC6311C185EAA2F17BA13E733D522713F64F2850C50F6EEF6E4CE1F592221,20269892,0
R2759,GG0126,RCB0069,A,1,1,20269892,2,True,,0.5733956694602966,0.13658352196216583,0.29002076387405396,0.4900425450070111,0.19424512998787352,0.31571232500511537,1.5503395205191224,True,A2CFC6311C185EAA2F17BA13E733D522713F64F2850C50F6EEF6E4CE1F592221,20269892,0
R2760,GG0126,RCB0069,A,1,1,20269892,2,True,,0.634319543838501,0.04781649261713028,0.3178640305995941,0.546711333050751,0.10317501201220082,0.35011365493704805,1.5503395205191224,True,A2CFC6311C185EAA2F17BA13E733D522713F64F2850C50F6EEF6E4CE1F592221,20269892,0
R2761,GG0126,RCB0069,A,1,1,20269892,2,True,,0.6781723499298096,0.05255461856722832,0.2692730128765106,0.5736442453435024,0.1102046949905152,0.31615105966598234,1.5503395205191224,True,A2CFC6311C185EAA2F17BA13E733D522713F64F2850C50F6EEF6E4CE1F592221,20269892,0
R2762,GG0126,RCB0069,A,1,1,20269892,2,True,,0.1429838091135025,0.4362328350543976,0.4207833707332611,0.19764639020100183,0.40584190388745023,0.396511705911548,1.5503395205191224,True,A2CFC6311C185EAA2F17BA13E733D522713F64F2850C50F6EEF6E4CE1F592221,20269892,0
R2763,GG0126,RCB0069,A,1,1,20269892,2,True,,0.09306292980909348,0.6086546182632446,0.2982824146747589,0.15437579621385902,0.5183866196691643,0.3272375841169767,1.5503395205191224,True,A2CFC6311C185EAA2F17BA13E733D522713F64F2850C50F6EEF6E4CE1F592221,20269892,0
R2764,GG0126,RCB0069,A,1,1,20269892,2,True,,0.3121896982192993,0.16707198321819305,0.5207383036613464,0.3268903133405171,0.2184084739520183,0.4547012127074647,1.5503395205191224,True,A2CFC6311C185EAA2F17BA13E733D522713F64F2850C50F6EEF6E4CE1F592221,20269892,0
R2765,GG0126,RCB0069,A,1,1,20269892,2,True,,0.25998178124427795,0.5999263525009155,0.14009183645248413,0.2953317983167942,0.5064685289439455,0.19819967273926023,1.5503395205191224,True,A2CFC6311C185EAA2F17BA13E733D522713F64F2850C50F6EEF6E4CE1F592221,20269892,0
R2766,GG0126,RCB0069,A,1,1,20269892,2,True,,0.46867790818214417,0.15372920036315918,0.37759289145469666,0.42424647942666616,0.20670566537788154,0.3690478551954522,1.5503395205191224,True,A2CFC6311C185EAA2F17BA13E733D522713F64F2850C50F6EEF6E4CE1F592221,20269892,0
R2767,GG0126,RCB0069,A,1,1,20269892,2,True,,0.4464302659034729,0.2803722620010376,0.2731974422931671,0.40497433675583044,0.30000015220336224,0.2950255110408073,1.5503395205191224,True,A2CFC6311C185EAA2F17BA13E733D522713F64F2850C50F6EEF6E4CE1F592221,20269892,0
R2768,GG0126,RCB0069,A,1,1,20269892,2,True,,0.24059104919433594,0.3481426537036896,0.4112662672996521,0.27156961320663875,0.3446613182431356,0.3837690685502256,1.5503395205191224,True,A2CFC6311C185EAA2F17BA13E733D522713F64F2850C50F6EEF6E4CE1F592221,20269892,0
R2769,GG0126,RCB0069,A,1,1,20269892,2,True,,0.3187447786331177,0.4754604697227478,0.20579472184181213,0.3280430994586675,0.4245730189544546,0.24738388158687794,1.5503395205191224,True,A2CFC6311C185EAA2F17BA13E733D522713F64F2850C50F6EEF6E4CE1F592221,20269892,0
R2770,GG0126,RCB0069,A,1,1,20269892,2,True,,0.2812478542327881,0.589422881603241,0.12932927906513214,0.3107994709297349,0.5008983050036988,0.1883022240665663,1.5503395205191224,True,A2CFC6311C185EAA2F17BA13E733D522713F64F2850C50F6EEF6E4CE1F592221,20269892,0
R2771,GG0126,RCB0069,A,1,1,20269892,2,True,,0.4111780524253845,0.32409197092056274,0.2647300064563751,0.38307632294179134,0.32856021675524943,0.2883634603029593,1.5503395205191224,True,A2CFC6311C185EAA2F17BA13E733D522713F64F2850C50F6EEF6E4CE1F592221,20269892,0
R2772,GG0126,RCB0069,A,1,1,20269892,2,True,,0.24487563967704773,0.6580435037612915,0.09708086401224136,0.29048253620702663,0.5495825492144237,0.15993491457854983,1.5503395205191224,True,A2CFC6311C185EAA2F17BA13E733D522713F64F2850C50F6EEF6E4CE1F592221,20269892,0
R2773,GG0126,RCB0069,A,1,1,20269892,2,True,,0.36286818981170654,0.3482418954372406,0.28888994455337524,0.3524784246554294,0.34324751253521374,0.3042740628093568,1.5503395205191224,True,A2CFC6311C185EAA2F17BA13E733D522713F64F2850C50F6EEF6E4CE1F592221,20269892,0
R2774,GG0126,RCB0069,A,1,1,20269892,2,True,,0.23618704080581665,0.5701596736907959,0.19365325570106506,0.27432428484806026,0.4843279026716357,0.24134781248030396,1.5503395205191224,True,A2CFC6311C185EAA2F17BA13E733D522713F64F2850C50F6EEF6E4CE1F592221,20269892,0
R2775,GG0126,RCB0069,A,1,1,20269892,2,True,,0.23605604469776154,0.5899267196655273,0.17401722073554993,0.2757194331780671,0.49778904008011227,0.2264915267418207,1.5503395205191224,True,A2CFC6311C185EAA2F17BA13E733D522713F64F2850C50F6EEF6E4CE1F592221,20269892,0
R2776,GG0126,RCB0069,A,1,1,20269892,2,True,,0.2614510655403137,0.626476526260376,0.1120724081993103,0.29974910711654196,0.5266865991442039,0.1735642937392541,1.5503395205191224,True,A2CFC6311C185EAA2F17BA13E733D522713F64F2850C50F6EEF6E4CE1F592221,20269892,0
R2777,GG0126,RCB0069,A,1,1,20269892,2,True,,0.24780097603797913,0.6440610885620117,0.10813794285058975,0.29091362507230506,0.5386837452102219,0.17040262971747314,1.5503395205191224,True,A2CFC6311C185EAA2F17BA13E733D522713F64F2850C50F6EEF6E4CE1F592221,20269892,0
R2778,GG0126,RCB0069,A,1,1,20269892,2,True,,0.2623077630996704,0.4398936331272125,0.2977985441684723,0.28726394489865437,0.40096980987503295,0.31176624522631274,1.5503395205191224,True,A2CFC6311C185EAA2F17BA13E733D522713F64F2850C50F6EEF6E4CE1F592221,20269892,0
R2779,GG0126,RCB0069,A,1,1,20269892,2,True,,0.03322058916091919,0.8457001447677612,0.12107924371957779,0.08794213767734466,0.7095320044375059,0.20252585788514943,1.5503395205191224,True,A2CFC6311C185EAA2F17BA13E733D522713F64F2850C50F6EEF6E4CE1F592221,20269892,0
R2780,GG0126,RCB0069,A,1,1,20269892,2,True,,0.029410645365715027,0.8096247911453247,0.16096454858779907,0.08013389579930828,0.6799902207413682,0.23987588345932348,1.5503395205191224,True,A2CFC6311C185EAA2F17BA13E733D522713F64F2850C50F6EEF6E4CE1F592221,20269892,0
R2781,GG0126,RCB0069,A,1,1,20269892,2,True,,0.05890834331512451,0.8252639174461365,0.11582773178815842,0.12445120387415842,0.6830624053817888,0.1924863907440528,1.5503395205191224,True,A2CFC6311C185EAA2F17BA13E733D522713F64F2850C50F6EEF6E4CE1F592221,20269892,0
R2782,GG0126,RCB0069,A,1,1,20269892,2,True,,0.02321821264922619,0.8881165385246277,0.08866528421640396,0.07212537738490447,0.7566992622662984,0.17117536034879716,1.5503395205191224,True,A2CFC6311C185EAA2F17BA13E733D522713F64F2850C50F6EEF6E4CE1F592221,20269892,0
R0001,GG0001,RCB0001,S,2,1,20269892,3,True,,0.16891169548034668,0.025555968284606934,0.8055323958396912,0.27027504847939204,0.09657457879074627,0.6331503727298616,1.835059817175885,True,A2CFC6311C185EAA2F17BA13E733D522713F64F2850C50F6EEF6E4CE1F592221,20269892,0
R0002,GG0001,RCB0001,S,2,1,20269892,3,True,,0.15469230711460114,0.026242971420288086,0.819064736366272,0.2590445413250366,0.09851928696387804,0.6424361717110852,1.835059817175885,True,A2CFC6311C185EAA2F17BA13E733D522713F64F2850C50F6EEF6E4CE1F592221,20269892,0
R0003,GG0001,RCB0001,S,2,1,20269892,3,True,,0.16993923485279083,0.034297291189432144,0.7957634329795837,0.26755992985523497,0.11185834404527946,0.6205817260994856,1.835059817175885,True,A2CFC6311C185EAA2F17BA13E733D522713F64F2850C50F6EEF6E4CE1F592221,20269892,0
R0004,GG0001,RCB0001,S,2,1,20269892,3,True,,0.16974763572216034,0.44921088218688965,0.3810414671897888,0.23511804696428043,0.3995798178792444,0.3653021351564751,1.835059817175885,True,A2CFC6311C185EAA2F17BA13E733D522713F64F2850C50F6EEF6E4CE1F592221,20269892,0
R0005,GG0001,RCB0001,S,2,1,20269892,3,True,,0.5100235342979431,0.04998898133635521,0.43998751044273376,0.4535765122052236,0.12792620677065963,0.41849728102411676,1.835059817175885,True,A2CFC6311C185EAA2F17BA13E733D522713F64F2850C50F6EEF6E4CE1F592221,20269892,0
R0006,GG0001,RCB0001,S,2,1,20269892,3,True,,0.13514156639575958,0.29801803827285767,0.566840410232544,0.21172688237975415,0.32579024608976936,0.46248287153047646,1.835059817175885,True,A2CFC6311C185EAA2F17BA13E733D522713F64F2850C50F6EEF6E4CE1F592221,20269892,0
R0007,GG0001,RCB0001,S,2,1,20269892,3,True,,0.1658429205417633,0.20973367989063263,0.6244234442710876,0.23832081853157353,0.2708509282098401,0.49082825325858653,1.835059817175885,True,A2CFC6311C185EAA2F17BA13E733D522713F64F2850C50F6EEF6E4CE1F592221,20269892,0
R0092,GG0003,RCB0003,S,2,1,20269892,3,True,,0.5448662638664246,0.12839213013648987,0.32674166560173035,0.4521433346418746,0.20567824897373865,0.3421784163843866,1.835059817175885,True,A2CFC6311C185EAA2F17BA13E733D522713F64F2850C50F6EEF6E4CE1F592221,20269892,0
R0093,GG0003,RCB0003,S,2,1,20269892,3,True,,0.27319207787513733,0.2608833312988281,0.46592453122138977,0.30185557464507595,0.2943665854244307,0.4037778399304932,1.835059817175885,True,A2CFC6311C185EAA2F17BA13E733D522713F64F2850C50F6EEF6E4CE1F592221,20269892,0
R0094,GG0003,RCB0003,S,2,1,20269892,3,True,,0.4109077453613281,0.050225187093019485,0.5388670563697815,0.40366443119403467,0.12840608383755825,0.467929484968407,1.835059817175885,True,A2CFC6311C185EAA2F17BA13E733D522713F64F2850C50F6EEF6E4CE1F592221,20269892,0
R0095,GG0003,RCB0003,S,2,1,20269892,3,True,,0.5188465118408203,0.11409614235162735,0.36705735325813293,0.44126725143311224,0.1933110762925188,0.365421672274369,1.835059817175885,True,A2CFC6311C185EAA2F17BA13E733D522713F64F2850C50F6EEF6E4CE1F592221,20269892,0
R0096,GG0003,RCB0003,S,2,1,20269892,3,True,,0.13861609995365143,0.05753980576992035,0.8038440942764282,0.23666463328498774,0.14657168234443027,0.6167636843705819,1.835059817175885,True,A2CFC6311C185EAA2F17BA13E733D522713F64F2850C50F6EEF6E4CE1F592221,20269892,0
R0097,GG0003,RCB0003,S,2,1,20269892,3,True,,0.08441608399152756,0.09013377130031586,0.8254501223564148,0.18179080054504085,0.1884005685950611,0.6298086308598981,1.835059817175885,True,A2CFC6311C185EAA2F17BA13E733D522713F64F2850C50F6EEF6E4CE1F592221,20269892,0
R0098,GG0003,RCB0003,S,2,1,20269892,3,True,,0.1990548074245453,0.3478188216686249,0.45312637090682983,0.25503435318015916,0.34568600249328746,0.3992796443265534,1.835059817175885,True,A2CFC6311C185EAA2F17BA13E733D522713F64F2850C50F6EEF6E4CE1F592221,20269892,0
R0099,GG0003,RCB0003,S,2,1,20269892,3,True,,0.12127918004989624,0.2979432940483093,0.5807775259017944,0.2008072972569381,0.32771469448548934,0.4714780082575724,1.835059817175885,True,A2CFC6311C185EAA2F17BA13E733D522713F64F2850C50F6EEF6E4CE1F592221,20269892,0
R0100,GG0003,RCB0003,S,2,1,20269892,3,True,,0.21746976673603058,0.07525502145290375,0.7072752118110657,0.28881393915250847,0.16198493184253634,0.5492011290049552,1.835059817175885,True,A2CFC6311C185EAA2F17BA13E733D522713F64F2850C50F6EEF6E4CE1F592221,20269892,0
R0101,GG0003,RCB0003,S,2,1,20269892,3,True,,0.4590592384338379,0.12973660230636597,0.41120412945747375,0.40915917189344253,0.20550627399732205,0.3853345541092354,1.835059817175885,True,A2CFC6311C185EAA2F17BA13E733D522713F64F2850C50F6EEF6E4CE1F592221,20269892,0
R0102,GG0003,RCB0003,S,2,1,20269892,3,True,,0.29863277077674866,0.5157043933868408,0.18566285073757172,0.3206571181251657,0.43185256973981806,0.24749031213501627,1.835059817175885,True,A2CFC6311C185EAA2F17BA13E733D522713F64F2850C50F6EEF6E4CE1F592221,20269892,0
R0103,GG0003,RCB0003,S,2,1,20269892,3,True,,0.8174334168434143,0.12874123454093933,0.05382537469267845,0.6280233561018368,0.22936779677885455,0.14260884711930855,1.835059817175885,True,A2CFC6311C185EAA2F17BA13E733D522713F64F2850C50F6EEF6E4CE1F592221,20269892,0
R0104,GG0003,RCB0003,S,2,1,20269892,3,True,,0.12173376977443695,0.049807313829660416,0.8284589052200317,0.22431533671635356,0.13783434356723875,0.6378503197164077,1.835059817175885,True,A2CFC6311C185EAA2F17BA13E733D522713F64F2850C50F6EEF6E4CE1F592221,20269892,0
R0105,GG0003,RCB0003,S,2,1,20269892,3,True,,0.24393075704574585,0.11905641853809357,0.637012779712677,0.29729180457729787,0.20110654712749956,0.5016016482952026,1.835059817175885,True,A2CFC6311C185EAA2F17BA13E733D522713F64F2850C50F6EEF6E4CE1F592221,20269892,0
R0106,GG0003,RCB0003,S,2,1,20269892,3,True,,0.44168686866760254,0.15310943126678467,0.40520375967025757,0.39753564176002376,0.22317303237800765,0.3792913258619686,1.835059817175885,True,A2CFC6311C185EAA2F17BA13E733D522713F64F2850C50F6EEF6E4CE1F592221,20269892,0
R0107,GG0003,RCB0003,S,2,1,20269892,3,True,,0.10538516938686371,0.2294861525297165,0.6651286482810974,0.19021148762963522,0.2906794852485069,0.5191090271218579,1.835059817175885,True,A2CFC6311C185EAA2F17BA13E733D522713F64F2850C50F6EEF6E4CE1F592221,20269892,0
R0108,GG0003,RCB0003,S,2,1,20269892,3,True,,0.4211989641189575,0.37035682797431946,0.2084442526102066,0.3825718481543945,0.35667182440393186,0.2607563274416736,1.835059817175885,True,A2CFC6311C185EAA2F17BA13E733D522713F64F2850C50F6EEF6E4CE1F592221,20269892,0
R0109,GG0003,RCB0003,S,2,1,20269892,3,True,,0.5367307066917419,0.11055447161197662,0.352714866399765,0.4508083991043831,0.19057418157068595,0.358617419324931,1.835059817175885,True,A2CFC6311C185EAA2F17BA13E733D522713F64F2850C50F6EEF6E4CE1F592221,20269892,0
R0110,GG0003,RCB0003,S,2,1,20269892,3,True,,0.28012263774871826,0.18362672626972198,0.536250650882721,0.31065617845177,0.24679197754804547,0.4425518440001846,1.835059817175885,True,A2CFC6311C185EAA2F17BA13E733D522713F64F2850C50F6EEF6E4CE1F592221,20269892,0
R0111,GG0003,RCB0003,S,2,1,20269892,3,True,,0.5348486304283142,0.03793277591466904,0.42721858620643616,0.47142898671935163,0.111470719579202,0.4171002937014464,1.835059817175885,True,A2CFC6311C185EAA2F17BA13E733D522713F64F2850C50F6EEF6E4CE1F592221,20269892,0
R0112,GG0003,RCB0003,S,2,1,20269892,3,True,,0.29232949018478394,0.19918613135814667,0.508484423160553,0.31611178220093955,0.2564756136669768,0.42741260413208365,1.835059817175885,True,A2CFC6311C185EAA2F17BA13E733D522713F64F2850C50F6EEF6E4CE1F592221,20269892,0
R0113,GG0003,RCB0003,S,2,1,20269892,3,True,,0.16352669894695282,0.06431107968091965,0.7721621990203857,0.25436501859529304,0.15296465326391379,0.5926703281407932,1.835059817175885,True,A2CFC6311C185EAA2F17BA13E733D522713F64F2850C50F6EEF6E4CE1F592221,20269892,0
R0114,GG0003,RCB0003,S,2,1,20269892,3,True,,0.19665150344371796,0.11737819015979767,0.6859703660011292,0.2680656819241813,0.20235525385056052,0.5295790642252582,1.835059817175885,True,A2CFC6311C185EAA2F17BA13E733D522713F64F2850C50F6EEF6E4CE1F592221,20269892,0
R0115,GG0003,RCB0003,S,2,1,20269892,3,True,,0.21851933002471924,0.18588458001613617,0.5955961346626282,0.2745242842269563,0.2513625344494837,0.47411318132355995,1.835059817175885,True,A2CFC6311C185EAA2F17BA13E733D522713F64F2850C50F6EEF6E4CE1F592221,20269892,0
R0116,GG0003,RCB0003,S,2,1,20269892,3,True,,0.23863807320594788,0.20836710929870605,0.5529947876930237,0.2849322275950584,0.2646298122219162,0.4504379601830254,1.835059817175885,True,A2CFC6311C185EAA2F17BA13E733D522713F64F2850C50F6EEF6E4CE1F592221,20269892,0
R0144,GG0034,RCB0027,S,2,1,20269892,3,True,,0.15389345586299896,0.05824560672044754,0.7878609299659729,0.24851737267494284,0.14635748633373954,0.6051251409913176,1.835059817175885,True,A2CFC6311C185EAA2F17BA13E733D522713F64F2850C50F6EEF6E4CE1F592221,20269892,0
R0145,GG0034,RCB0027,S,2,1,20269892,3,True,,0.18381080031394958,0.10621695220470428,0.7099722027778625,0.26109345634694736,0.1936437054407786,0.545262838212274,1.835059817175885,True,A2CFC6311C185EAA2F17BA13E733D522713F64F2850C50F6EEF6E4CE1F592221,20269892,0
R0146,GG0034,RCB0027,S,2,1,20269892,3,True,,0.15112239122390747,0.05721338838338852,0.7916642427444458,0.2466304829590614,0.1452691890878129,0.6081003279531256,1.835059817175885,True,A2CFC6311C185EAA2F17BA13E733D522713F64F2850C50F6EEF6E4CE1F592221,20269892,0
R0147,GG0034,RCB0027,S,2,1,20269892,3,True,,0.21943055093288422,0.028642302379012108,0.7519271969795227,0.304304141522756,0.10032799136826086,0.595367867108983,1.835059817175885,True,A2CFC6311C185EAA2F17BA13E733D522713F64F2850C50F6EEF6E4CE1F592221,20269892,0
R0148,GG0034,RCB0027,S,2,1,20269892,3,True,,0.21437187492847443,0.05944693088531494,0.7261812090873718,0.29058338742253703,0.1444499958718147,0.5649666167056483,1.835059817175885,True,A2CFC6311C185EAA2F17BA13E733D522713F64F2850C50F6EEF6E4CE1F592221,20269892,0
R0149,GG0034,RCB0027,S,2,1,20269892,3,True,,0.10605239123106003,0.03543728590011597,0.8585103154182434,0.21386529691939923,0.11768348646067778,0.6684512166199231,1.835059817175885,True,A2CFC6311C185EAA2F17BA13E733D522713F64F2850C50F6EEF6E4CE1F592221,20269892,0
R0150,GG0034,RCB0027,S,2,1,20269892,3,True,,0.10018337517976761,0.023220544680953026,0.8765960931777954,0.21223688412573682,0.09568082596462073,0.6920822899096424,1.835059817175885,True,A2CFC6311C185EAA2F17BA13E733D522713F64F2850C50F6EEF6E4CE1F592221,20269892,0
R0151,GG0034,RCB0027,S,2,1,20269892,3,True,,0.1908670961856842,0.03111429139971733,0.7780186533927917,0.2838713432721963,0.10564099107906351,0.6104876656487402,1.835059817175885,True,A2CFC6311C185EAA2F17BA13E733D522713F64F2850C50F6EEF6E4CE1F592221,20269892,0
R0152,GG0034,RCB0027,S,2,1,20269892,3,True,,0.1876547783613205,0.03670497611165047,0.7756402492523193,0.27949055292809566,0.11486898476319002,0.6056404623087143,1.835059817175885,True,A2CFC6311C185EAA2F17BA13E733D522713F64F2850C50F6EEF6E4CE1F592221,20269892,0
R0153,GG0034,RCB0027,S,2,1,20269892,3,True,,0.5693426132202148,0.043915048241615295,0.38674235343933105,0.4860258888649858,0.12030128688608706,0.3936728242489272,1.835059817175885,True,A2CFC6311C185EAA2F17BA13E733D522713F64F2850C50F6EEF6E4CE1F592221,20269892,0
R0154,GG0034,RCB0027,S,2,1,20269892,3,True,,0.11573035269975662,0.023703856393694878,0.8605658411979675,0.22698182526215324,0.0956597090445783,0.6773584656932685,1.835059817175885,True,A2CFC6311C185EAA2F17BA13E733D522713F64F2850C50F6EEF6E4CE1F592221,20269892,0
R0155,GG0034,RCB0027,S,2,1,20269892,3,True,,0.2230193167924881,0.15808936953544617,0.6188912987709045,0.2798720595466733,0.23201903056990567,0.488108909883421,1.835059817175885,True,A2CFC6311C185EAA2F17BA13E733D522713F64F2850C50F6EEF6E4CE1F592221,20269892,0
R0156,GG0034,RCB0027,S,2,1,20269892,3,True,,0.13684837520122528,0.2555559277534485,0.6075957417488098,0.21465913892074112,0.301691253234816,0.4836496078444429,1.835059817175885,True,A2CFC6311C185EAA2F17BA13E733D522713F64F2850C50F6EEF6E4CE1F592221,20269892,0
R0262,GG0051,RCB0038,S,2,1,20269892,3,True,,0.5352911353111267,0.10637705773115158,0.3583317995071411,0.45083295948436247,0.18689917058778396,0.3622678699278537,1.835059817175885,True,A2CFC6311C185EAA2F17BA13E733D522713F64F2850C50F6EEF6E4CE1F592221,20269892,0
R0263,GG0051,RCB0038,S,2,1,20269892,3,True,,0.3736734688282013,0.0961475819349289,0.530178964138031,0.3721274465202047,0.17759036422134844,0.4502821892584469,1.835059817175885,True,A2CFC6311C185EAA2F17BA13E733D522713F64F2850C50F6EEF6E4CE1F592221,20269892,0
R0264,GG0051,RCB0038,S,2,1,20269892,3,True,,0.1867406964302063,0.01969834603369236,0.7935609817504883,0.2862466061307128,0.08403043307287596,0.6297229607964113,1.835059817175885,True,A2CFC6311C185EAA2F17BA13E733D522713F64F2850C50F6EEF6E4CE1F592221,20269892,0
R0265,GG0051,RCB0038,S,2,1,20269892,3,True,,0.3214781880378723,0.09099055826663971,0.5875312685966492,0.3458177231141623,0.17383403630838068,0.4803482405774569,1.835059817175885,True,A2CFC6311C185EAA2F17BA13E733D522713F64F2850C50F6EEF6E4CE1F592221,20269892,0
R0266,GG0051,RCB0038,S,2,1,20269892,3,True,,0.23036809265613556,0.1468944400548935,0.6227375268936157,0.28556406263392886,0.22346667265172243,0.49096926471434876,1.835059817175885,True,A2CFC6311C185EAA2F17BA13E733D522713F64F2850C50F6EEF6E4CE1F592221,20269892,0
R0370,GG0034,RCB0027,S,2,1,20269892,3,True,,0.08126005530357361,0.030637303367257118,0.888102650642395,0.18979967886526602,0.11154338727940981,0.6986569338553242,1.835059817175885,True,A2CFC6311C185EAA2F17BA13E733D522713F64F2850C50F6EEF6E4CE1F592221,20269892,0
R0371,GG0034,RCB0027,S,2,1,20269892,3,True,,0.047781363129615784,0.0543726310133934,0.8978460431098938,0.1424781349227438,0.1528731867390496,0.7046486783382065,1.835059817175885,True,A2CFC6311C185EAA2F17BA13E733D522713F64F2850C50F6EEF6E4CE1F592221,20269892,0
R0372,GG0034,RCB0027,S,2,1,20269892,3,True,,0.24757902324199677,0.03353365883231163,0.7188873291015625,0.3200981652578242,0.10768300388699299,0.5722188308551829,1.835059817175885,True,A2CFC6311C185EAA2F17BA13E733D522713F64F2850C50F6EEF6E4CE1F592221,20269892,0
R0373,GG0034,RCB0027,S,2,1,20269892,3,True,,0.14577624201774597,0.335381418466568,0.518842339515686,0.2187222542231705,0.3444143438541715,0.43686340192265805,1.835059817175885,True,A2CFC6311C185EAA2F17BA13E733D522713F64F2850C50F6EEF6E4CE1F592221,20269892,0
R0374,GG0034,RCB0027,S,2,1,20269892,3,True,,0.1742677539587021,0.29814988374710083,0.5275823473930359,0.2398821295030872,0.32143104360661956,0.43868682689029326,1.835059817175885,True,A2CFC6311C185EAA2F17BA13E733D522713F64F2850C50F6EEF6E4CE1F592221,20269892,0
R0375,GG0034,RCB0027,S,2,1,20269892,3,True,,0.1721123903989792,0.09994608908891678,0.7279415130615234,0.2539417580982623,0.18884379178959432,0.5572144501121434,1.835059817175885,True,A2CFC6311C185EAA2F17BA13E733D522713F64F2850C50F6EEF6E4CE1F592221,20269892,0
R0376,GG0034,RCB0027,S,2,1,20269892,3,True,,0.1629134565591812,0.10363230854272842,0.7334542274475098,0.24680582289210556,0.19288357567272954,0.5603106014351649,1.835059817175885,True,A2CFC6311C185EAA2F17BA13E733D522713F64F2850C50F6EEF6E4CE1F592221,20269892,0
R0377,GG0034,RCB0027,S,2,1,20269892,3,True,,0.17273804545402527,0.10684636980295181,0.7204155325889587,0.2533416750513259,0.19499186156592435,0.5516664633827498,1.835059817175885,True,A2CFC6311C185EAA2F17BA13E733D522713F64F2850C50F6EEF6E4CE1F592221,20269892,0
R0429,GG0056,RCB0041,S,2,1,20269892,3,True,,0.2556767761707306,0.028448108583688736,0.7158750891685486,0.32735778343185046,0.09893408502812592,0.5737081315400236,1.835059817175885,True,A2CFC6311C185EAA2F17BA13E733D522713F64F2850C50F6EEF6E4CE1F592221,20269892,0
R0430,GG0056,RCB0041,S,2,1,20269892,3,True,,0.4227961301803589,0.021420244127511978,0.5557835698127747,0.4241667550648009,0.08349692623253144,0.4923363187026677,1.835059817175885,True,A2CFC6311C185EAA2F17BA13E733D522713F64F2850C50F6EEF6E4CE1F592221,20269892,0
R0431,GG0056,RCB0041,S,2,1,20269892,3,True,,0.13065633177757263,0.02427077107131481,0.8450729250907898,0.24007391401922473,0.09593283636448266,0.6639932496162926,1.835059817175885,True,A2CFC6311C185EAA2F17BA13E733D522713F64F2850C50F6EEF6E4CE1F592221,20269892,0
R0432,GG0056,RCB0041,S,2,1,20269892,3,True,,0.4988827705383301,0.12185407429933548,0.3792631924152374,0.4300859237813281,0.19951004552157792,0.370404030697094,1.835059817175885,True,A2CFC6311C185EAA2F17BA13E733D522713F64F2850C50F6EEF6E4CE1F592221,20269892,0
R0433,GG0056,RCB0041,S,2,1,20269892,3,True,,0.6598501205444336,0.025960037484765053,0.3141898512840271,0.5437992297836655,0.09326521331072378,0.3629355569056106,1.835059817175885,True,A2CFC6311C185EAA2F17BA13E733D522713F64F2850C50F6EEF6E4CE1F592221,20269892,0
R0434,GG0056,RCB0041,S,2,1,20269892,3,True,,0.6241288185119629,0.11087668687105179,0.2649945020675659,0.4957895575352881,0.19335475193581528,0.3108556905288968,1.835059817175885,True,A2CFC6311C185EAA2F17BA13E733D522713F64F2850C50F6EEF6E4CE1F592221,20269892,0
R0435,GG0056,RCB0041,S,2,1,20269892,3,True,,0.23910295963287354,0.025510504841804504,0.7353865504264832,0.3184764364605133,0.09407351610379919,0.5874500474356875,1.835059817175885,True,A2CFC6311C185EAA2F17BA13E733D522713F64F2850C50F6EEF6E4CE1F592221,20269892,0
R0436,GG0056,RCB0041,S,2,1,20269892,3,True,,0.5035603642463684,0.13164189457893372,0.3647977411746979,0.43098350895779625,0.207465805325998,0.3615506857162058,1.835059817175885,True,A2CFC6311C185EAA2F17BA13E733D522713F64F2850C50F6EEF6E4CE1F592221,20269892,0
R0541,GG0034,RCB0027,S,2,1,20269892,3,True,,0.2643668055534363,0.07478051632642746,0.6608527302742004,0.31745726799662155,0.1595252260251444,0.5230175059782342,1.835059817175885,True,A2CFC6311C185EAA2F17BA13E733D522713F64F2850C50F6EEF6E4CE1F592221,20269892,0
R0542,GG0034,RCB0027,S,2,1,20269892,3,True,,0.4561845064163208,0.12322690337896347,0.42058855295181274,0.4087073035208414,0.2002851068193807,0.3910075896597779,1.835059817175885,True,A2CFC6311C185EAA2F17BA13E733D522713F64F2850C50F6EEF6E4CE1F592221,20269892,0
R0543,GG0034,RCB0027,S,2,1,20269892,3,True,,0.1665603369474411,0.38897937536239624,0.44446027278900146,0.2328408923051342,0.3696503504900593,0.3975087572048065,1.835059817175885,True,A2CFC6311C185EAA2F17BA13E733D522713F64F2850C50F6EEF6E4CE1F592221,20269892,0
R0544,GG0034,RCB0027,S,2,1,20269892,3,True,,0.18935011327266693,0.062295857816934586,0.7483540177345276,0.2732012209608534,0.14906698182649483,0.5777317972126518,1.835059817175885,True,A2CFC6311C185EAA2F17BA13E733D522713F64F2850C50F6EEF6E4CE1F592221,20269892,0
R0545,GG0034,RCB0027,S,2,1,20269892,3,True,,0.18751117587089539,0.08488795906305313,0.7276008725166321,0.26717163550077067,0.17347298431161282,0.5593553801876164,1.835059817175885,True,A2CFC6311C185EAA2F17BA13E733D522713F64F2850C50F6EEF6E4CE1F592221,20269892,0
R0546,GG0034,RCB0027,S,2,1,20269892,3,True,,0.7205710411071777,0.0323110893368721,0.247117817401886,0.5739546851488161,0.10571081698021641,0.32033449787096757,1.835059817175885,True,A2CFC6311C185EAA2F17BA13E733D522713F64F2850C50F6EEF6E4CE1F592221,20269892,0
R0547,GG0034,RCB0027,S,2,1,20269892,3,True,,0.03272255137562752,0.10161533951759338,0.865662157535553,0.11346417255319034,0.21039285996925952,0.6761429674775501,1.835059817175885,True,A2CFC6311C185EAA2F17BA13E733D522713F64F2850C50F6EEF6E4CE1F592221,20269892,0
R0548,GG0034,RCB0027,S,2,1,20269892,3,True,,0.03110102191567421,0.1781386435031891,0.790760338306427,0.10615509827381162,0.27478777602558363,0.6190571257006048,1.835059817175885,True,A2CFC6311C185EAA2F17BA13E733D522713F64F2850C50F6EEF6E4CE1F592221,20269892,0
R0549,GG0034,RCB0027,S,2,1,20269892,3,True,,0.44675132632255554,0.08160515874624252,0.4716435670852661,0.41221113940080056,0.16321618728036347,0.4245726733188359,1.835059817175885,True,A2CFC6311C185EAA2F17BA13E733D522713F64F2850C50F6EEF6E4CE1F592221,20269892,0
R0550,GG0034,RCB0027,S,2,1,20269892,3,True,,0.0739336833357811,0.09466876089572906,0.831397533416748,0.16998516872419756,0.194499417871157,0.6355154134046455,1.835059817175885,True,A2CFC6311C185EAA2F17BA13E733D522713F64F2850C50F6EEF6E4CE1F592221,20269892,0
R0551,GG0034,RCB0027,S,2,1,20269892,3,True,,0.47495120763778687,0.024011095985770226,0.5010377168655396,0.44919878414048586,0.08832129054619725,0.462479925313317,1.835059817175885,True,A2CFC6311C185EAA2F17BA13E733D522713F64F2850C50F6EEF6E4CE1F592221,20269892,0
R0552,GG0034,RCB0027,S,2,1,20269892,3,True,,0.20083971321582794,0.0818570926785469,0.7173031568527222,0.27667921994729927,0.1696532026802413,0.5536675773724594,1.835059817175885,True,A2CFC6311C185EAA2F17BA13E733D522713F64F2850C50F6EEF6E4CE1F592221,20269892,0
R0716,GG0059,RCB0043,S,2,1,20269892,3,True,,0.6876190304756165,0.06100565195083618,0.25137534737586975,0.5419968687931226,0.14478732753296317,0.3132158036739143,1.835059817175885,True,A2CFC6311C185EAA2F17BA13E733D522713F64F2850C50F6EEF6E4CE1F592221,20269892,0
R0717,GG0059,RCB0043,S,2,1,20269892,3,True,,0.12445476651191711,0.06470674276351929,0.8108384609222412,0.22336680960685953,0.15639451215450229,0.6202386782386382,1.835059817175885,True,A2CFC6311C185EAA2F17BA13E733D522713F64F2850C50F6EEF6E4CE1F592221,20269892,0
R0718,GG0059,RCB0043,S,2,1,20269892,3,True,,0.048523422330617905,0.010300478897988796,0.9411760568618774,0.15475964691206248,0.0665060207951898,0.7787343322927477,1.835059817175885,True,A2CFC6311C185EAA2F17BA13E733D522713F64F2850C50F6EEF6E4CE1F592221,20269892,0
R0719,GG0059,RCB0043,S,2,1,20269892,3,True,,0.20747731626033783,0.030977077782154083,0.7615456581115723,0.2953427932429012,0.10477142757533149,0.5998857791817672,1.835059817175885,True,A2CFC6311C185EAA2F17BA13E733D522713F64F2850C50F6EEF6E4CE1F592221,20269892,0
R0720,GG0059,RCB0043,S,2,1,20269892,3,True,,0.10189874470233917,0.037706971168518066,0.860394299030304,0.2092085721441573,0.1217033619582766,0.669088065897566,1.835059817175885,True,A2CFC6311C185EAA2F17BA13E733D522713F64F2850C50F6EEF6E4CE1F592221,20269892,0
R0721,GG0059,RCB0043,S,2,1,20269892,3,True,,0.22319097816944122,0.030657056719064713,0.7461519837379456,0.3058745188702005,0.10368697032491728,0.5904385108048822,1.835059817175885,True,A2CFC6311C185EAA2F17BA13E733D522713F64F2850C50F6EEF6E4CE1F592221,20269892,0
R0722,GG0059,RCB0043,S,2,1,20269892,3,True,,0.21442468464374542,0.12015068531036377,0.665424644947052,0.2791018518045557,0.2035558181370793,0.517342330058365,1.835059817175885,True,A2CFC6311C185EAA2F17BA13E733D522713F64F2850C50F6EEF6E4CE1F592221,20269892,0
R0723,GG0059,RCB0043,S,2,1,20269892,3,True,,0.2263106256723404,0.07188273966312408,0.7018066048622131,0.2951467159517393,0.15798410125790033,0.5468691827903603,1.835059817175885,True,A2CFC6311C185EAA2F17BA13E733D522713F64F2850C50F6EEF6E4CE1F592221,20269892,0
R0724,GG0059,RCB0043,S,2,1,20269892,3,True,,0.2544704079627991,0.032590076327323914,0.7129395008087158,0.32473542039470543,0.10595981885725445,0.56930476074804,1.835059817175885,True,A2CFC6311C185EAA2F17BA13E733D522713F64F2850C50F6EEF6E4CE1F592221,20269892,0
R0725,GG0059,RCB0043,S,2,1,20269892,3,True,,0.1180282011628151,0.08764956146478653,0.7943221926689148,0.2138306606863896,0.18182094620779773,0.6043483931058127,1.835059817175885,True,A2CFC6311C185EAA2F17BA13E733D522713F64F2850C50F6EEF6E4CE1F592221,20269892,0
R0726,GG0059,RCB0043,S,2,1,20269892,3,True,,0.1621038168668747,0.09866723418235779,0.7392289042472839,0.24696685201379823,0.1884248824317881,0.5646082655544137,1.835059817175885,True,A2CFC6311C185EAA2F17BA13E733D522713F64F2850C50F6EEF6E4CE1F592221,20269892,0
R0727,GG0059,RCB0043,S,2,1,20269892,3,True,,0.3077545762062073,0.06179346889257431,0.6304519176483154,0.34541618762339915,0.14400441652235016,0.5105793958542507,1.835059817175885,True,A2CFC6311C185EAA2F17BA13E733D522713F64F2850C50F6EEF6E4CE1F592221,20269892,0
R0728,GG0059,RCB0043,S,2,1,20269892,3,True,,0.3151145875453949,0.12248033285140991,0.5624051094055176,0.3368465774879564,0.20127370051905166,0.46187972199299193,1.835059817175885,True,A2CFC6311C185EAA2F17BA13E733D522713F64F2850C50F6EEF6E4CE1F592221,20269892,0
R0729,GG0059,RCB0043,S,2,1,20269892,3,True,,0.26571860909461975,0.1444404125213623,0.5898410081863403,0.306596352948389,0.21993932401599633,0.4734643230356147,1.835059817175885,True,A2CFC6311C185EAA2F17BA13E733D522713F64F2850C50F6EEF6E4CE1F592221,20269892,0
R0730,GG0059,RCB0043,S,2,1,20269892,3,True,,0.43359678983688354,0.11728950589895248,0.449113667011261,0.3984437109183525,0.19540452207713685,0.40615176700451056,1.835059817175885,True,A2CFC6311C185EAA2F17BA13E733D522713F64F2850C50F6EEF6E4CE1F592221,20269892,0
R0786,GG0061,RCB0044,S,2,1,20269892,3,False,row_missingness_at_or_above_threshold,,,,,,,1.835059817175885,True,A2CFC6311C185EAA2F17BA13E733D522713F64F2850C50F6EEF6E4CE1F592221,20269892,0
R0787,GG0061,RCB0044,S,2,1,20269892,3,False,row_missingness_at_or_above_threshold,,,,,,,1.835059817175885,True,A2CFC6311C185EAA2F17BA13E733D522713F64F2850C50F6EEF6E4CE1F592221,20269892,0
R0788,GG0061,RCB0044,S,2,1,20269892,3,False,row_missingness_at_or_above_threshold,,,,,,,1.835059817175885,True,A2CFC6311C185EAA2F17BA13E733D522713F64F2850C50F6EEF6E4CE1F592221,20269892,0
R0789,GG0061,RCB0044,S,2,1,20269892,3,False,row_missingness_at_or_above_threshold,,,,,,,1.835059817175885,True,A2CFC6311C185EAA2F17BA13E733D522713F64F2850C50F6EEF6E4CE1F592221,20269892,0
R0790,GG0061,RCB0044,S,2,1,20269892,3,False,row_missingness_at_or_above_threshold,,,,,,,1.835059817175885,True,A2CFC6311C185EAA2F17BA13E733D522713F64F2850C50F6EEF6E4CE1F592221,20269892,0
R0791,GG0061,RCB0044,S,2,1,20269892,3,False,row_missingness_at_or_above_threshold,,,,,,,1.835059817175885,True,A2CFC6311C185EAA2F17BA13E733D522713F64F2850C50F6EEF6E4CE1F592221,20269892,0
R0792,GG0061,RCB0044,S,2,1,20269892,3,False,row_missingness_at_or_above_threshold,,,,,,,1.835059817175885,True,A2CFC6311C185EAA2F17BA13E733D522713F64F2850C50F6EEF6E4CE1F592221,20269892,0
R0793,GG0061,RCB0044,S,2,1,20269892,3,False,row_missingness_at_or_above_threshold,,,,,,,1.835059817175885,True,A2CFC6311C185EAA2F17BA13E733D522713F64F2850C50F6EEF6E4CE1F592221,20269892,0
R0794,GG0061,RCB0044,S,2,1,20269892,3,False,row_missingness_at_or_above_threshold,,,,,,,1.835059817175885,True,A2CFC6311C185EAA2F17BA13E733D522713F64F2850C50F6EEF6E4CE1F592221,20269892,0
R0795,GG0061,RCB0044,S,2,1,20269892,3,False,row_missingness_at_or_above_threshold,,,,,,,1.835059817175885,True,A2CFC6311C185EAA2F17BA13E733D522713F64F2850C50F6EEF6E4CE1F592221,20269892,0
R0796,GG0034,RCB0027,S,2,1,20269892,3,True,,0.2497165948152542,0.060174062848091125,0.6901093125343323,0.3124433996642605,0.14387218732439136,0.5436844130113482,1.835059817175885,True,A2CFC6311C185EAA2F17BA13E733D522713F64F2850C50F6EEF6E4CE1F592221,20269892,0
R0797,GG0034,RCB0027,S,2,1,20269892,3,True,,0.2233477234840393,0.2988159656524658,0.47783634066581726,0.2713378614750138,0.31798242782095165,0.41067971070403464,1.835059817175885,True,A2CFC6311C185EAA2F17BA13E733D522713F64F2850C50F6EEF6E4CE1F592221,20269892,0
R0798,GG0034,RCB0027,S,2,1,20269892,3,True,,0.25196707248687744,0.44266799092292786,0.3053649365901947,0.2881941479422769,0.39178789822478044,0.3200179538329428,1.835059817175885,True,A2CFC6311C185EAA2F17BA13E733D522713F64F2850C50F6EEF6E4CE1F592221,20269892,0
R0799,GG0034,RCB0027,S,2,1,20269892,3,True,,0.08339156210422516,0.09455789625644684,0.8220505118370056,0.18015927655630534,0.19292885257066936,0.6269118708730252,1.835059817175885,True,A2CFC6311C185EAA2F17BA13E733D522713F64F2850C50F6EEF6E4CE1F592221,20269892,0
R0800,GG0034,RCB0027,S,2,1,20269892,3,True,,0.22782191634178162,0.457085520029068,0.3150925934314728,0.273614386380084,0.3998805369536203,0.32650507666629586,1.835059817175885,True,A2CFC6311C185EAA2F17BA13E733D522713F64F2850C50F6EEF6E4CE1F592221,20269892,0
R0801,GG0034,RCB0027,S,2,1,20269892,3,True,,0.36096614599227905,0.2431725710630417,0.39586129784584045,0.349906588077843,0.28214112958542836,0.3679522823367286,1.835059817175885,True,A2CFC6311C185EAA2F17BA13E733D522713F64F2850C50F6EEF6E4CE1F592221,20269892,0
R0802,GG0034,RCB0027,S,2,1,20269892,3,True,,0.18200752139091492,0.259281724691391,0.5587107539176941,0.24658957306023732,0.2990354656844323,0.45437496125533045,1.835059817175885,True,A2CFC6311C185EAA2F17BA13E733D522713F64F2850C50F6EEF6E4CE1F592221,20269892,0
R0803,GG0034,RCB0027,S,2,1,20269892,3,True,,0.17195448279380798,0.04032811522483826,0.7877174019813538,0.266982976102353,0.12113690117085545,0.6118801227267916,1.835059817175885,True,A2CFC6311C185EAA2F17BA13E733D522713F64F2850C50F6EEF6E4CE1F592221,20269892,0
R0804,GG0034,RCB0027,S,2,1,20269892,3,True,,0.24540629982948303,0.643140971660614,0.11145272850990295,0.29931854944435105,0.5059973631386621,0.19468408741698692,1.835059817175885,True,A2CFC6311C185EAA2F17BA13E733D522713F64F2850C50F6EEF6E4CE1F592221,20269892,0
R0805,GG0034,RCB0027,S,2,1,20269892,3,True,,0.10514315217733383,0.03571910038590431,0.8591377139091492,0.21291224875485795,0.11821927134310818,0.6688684799020338,1.835059817175885,True,A2CFC6311C185EAA2F17BA13E733D522713F64F2850C50F6EEF6E4CE1F592221,20269892,0
R0806,GG0034,RCB0027,S,2,1,20269892,3,True,,0.04907779023051262,0.06314797699451447,0.8877742290496826,0.1430326346286493,0.1640938445148767,0.6928735208564739,1.835059817175885,True,A2CFC6311C185EAA2F17BA13E733D522713F64F2850C50F6EEF6E4CE1F592221,20269892,0
R0807,GG0034,RCB0027,S,2,1,20269892,3,True,,0.13199928402900696,0.5001739263534546,0.36782678961753845,0.20769824177079121,0.429248077898732,0.3630536803304768,1.835059817175885,True,A2CFC6311C185EAA2F17BA13E733D522713F64F2850C50F6EEF6E4CE1F592221,20269892,0
R0808,GG0034,RCB0027,S,2,1,20269892,3,True,,0.15639112889766693,0.09248396009206772,0.751124918460846,0.24373982850717665,0.18306295730124963,0.5731972141915738,1.835059817175885,True,A2CFC6311C185EAA2F17BA13E733D522713F64F2850C50F6EEF6E4CE1F592221,20269892,0
R0809,GG0034,RCB0027,S,2,1,20269892,3,True,,0.374357670545578,0.27971044182777405,0.34593191742897034,0.35574237034735634,0.3034994968794738,0.3407581327731698,1.835059817175885,True,A2CFC6311C185EAA2F17BA13E733D522713F64F2850C50F6EEF6E4CE1F592221,20269892,0
R0810,GG0034,RCB0027,S,2,1,20269892,3,True,,0.16449221968650818,0.2484198957681656,0.587087869644165,0.235168638318029,0.29440573039935186,0.47042563128261916,1.835059817175885,True,A2CFC6311C185EAA2F17BA13E733D522713F64F2850C50F6EEF6E4CE1F592221,20269892,0
R0811,GG0034,RCB0027,S,2,1,20269892,3,True,,0.103457972407341,0.0347067229449749,0.8618353605270386,0.21158762086609825,0.11668018967104458,0.6717321894628573,1.835059817175885,True,A2CFC6311C185EAA2F17BA13E733D522713F64F2850C50F6EEF6E4CE1F592221,20269892,0
R0812,GG0034,RCB0027,S,2,1,20269892,3,True,,0.2741343677043915,0.39444297552108765,0.3314226269721985,0.3004575102265796,0.3663490773196366,0.3331934124537838,1.835059817175885,True,A2CFC6311C185EAA2F17BA13E733D522713F64F2850C50F6EEF6E4CE1F592221,20269892,0
R0813,GG0034,RCB0027,S,2,1,20269892,3,True,,0.06098077446222305,0.022690102458000183,0.9163290858268738,0.16773134736644535,0.09786786865300907,0.7344007839805455,1.835059817175885,True,A2CFC6311C185EAA2F17BA13E733D522713F64F2850C50F6EEF6E4CE1F592221,20269892,0
R0814,GG0034,RCB0027,S,2,1,20269892,3,True,,0.24679598212242126,0.29188263416290283,0.4613213837146759,0.28555690691894303,0.31289789397842993,0.40154519910262715,1.835059817175885,True,A2CFC6311C185EAA2F17BA13E733D522713F64F2850C50F6EEF6E4CE1F592221,20269892,0
R0815,GG0034,RCB0027,S,2,1,20269892,3,True,,0.05313733592629433,0.04912532866001129,0.8977373838424683,0.1509372719345844,0.14461625056031896,0.7044464775050966,1.835059817175885,True,A2CFC6311C185EAA2F17BA13E733D522713F64F2850C50F6EEF6E4CE1F592221,20269892,0
R0816,GG0034,RCB0027,S,2,1,20269892,3,True,,0.20714911818504333,0.10500293225049973,0.6878479719161987,0.27671914416789706,0.19108957852356367,0.5321912773085393,1.835059817175885,True,A2CFC6311C185EAA2F17BA13E733D522713F64F2850C50F6EEF6E4CE1F592221,20269892,0
R0817,GG0034,RCB0027,S,2,1,20269892,3,True,,0.8605570197105408,0.027249278500676155,0.11219378560781479,0.674831497627001,0.10282455393092053,0.22234394844207836,1.835059817175885,True,A2CFC6311C185EAA2F17BA13E733D522713F64F2850C50F6EEF6E4CE1F592221,20269892,0
R0818,GG0034,RCB0027,S,2,1,20269892,3,True,,0.5326265096664429,0.11644913256168365,0.3509243130683899,0.44776386884505076,0.19553819830335692,0.35669793285159235,1.835059817175885,True,A2CFC6311C185EAA2F17BA13E733D522713F64F2850C50F6EEF6E4CE1F592221,20269892,0
R0819,GG0034,RCB0027,S,2,1,20269892,3,True,,0.5683947801589966,0.02579227276146412,0.40581294894218445,0.49562789009207725,0.09187810716686379,0.41249400274105896,1.835059817175885,True,A2CFC6311C185EAA2F17BA13E733D522713F64F2850C50F6EEF6E4CE1F592221,20269892,0
R0820,GG0034,RCB0027,S,2,1,20269892,3,True,,0.09903319925069809,0.0630568191409111,0.837909996509552,0.20065508365527038,0.15689716417203173,0.6424477521726979,1.835059817175885,True,A2CFC6311C185EAA2F17BA13E733D522713F64F2850C50F6EEF6E4CE1F592221,20269892,0
R0821,GG0034,RCB0027,S,2,1,20269892,3,True,,0.7732216119766235,0.027079472318291664,0.19969893991947174,0.610062699753473,0.09820261724168597,0.2917346830048409,1.835059817175885,True,A2CFC6311C185EAA2F17BA13E733D522713F64F2850C50F6EEF6E4CE1F592221,20269892,0
R0822,GG0034,RCB0027,S,2,1,20269892,3,True,,0.13063085079193115,0.04609023034572601,0.8232789039611816,0.23289393406156841,0.13200993228035413,0.6350961336580775,1.835059817175885,True,A2CFC6311C185EAA2F17BA13E733D522713F64F2850C50F6EEF6E4CE1F592221,20269892,0
R0823,GG0034,RCB0027,S,2,1,20269892,3,True,,0.25781339406967163,0.024054381996393204,0.7181322574615479,0.33088750352330043,0.09085108608581655,0.578261410390883,1.835059817175885,True,A2CFC6311C185EAA2F17BA13E733D522713F64F2850C50F6EEF6E4CE1F592221,20269892,0
R0824,GG0034,RCB0027,S,2,1,20269892,3,True,,0.5848699808120728,0.039909448474645615,0.37522053718566895,0.4958655837880932,0.11480776705689458,0.38932664915501214,1.835059817175885,True,A2CFC6311C185EAA2F17BA13E733D522713F64F2850C50F6EEF6E4CE1F592221,20269892,0
R0825,GG0034,RCB0027,S,2,1,20269892,3,True,,0.602286696434021,0.07762612402439117,0.3200872242450714,0.49115535879822186,0.16081723279591184,0.3480274084058664,1.835059817175885,True,A2CFC6311C185EAA2F17BA13E733D522713F64F2850C50F6EEF6E4CE1F592221,20269892,0
R0826,GG0034,RCB0027,S,2,1,20269892,3,True,,0.9058476686477661,0.03791259601712227,0.05623975396156311,0.7156661210400418,0.126950152462031,0.1573837264979272,1.835059817175885,True,A2CFC6311C185EAA2F17BA13E733D522713F64F2850C50F6EEF6E4CE1F592221,20269892,0
R0827,GG0034,RCB0027,S,2,1,20269892,3,True,,0.7837501764297485,0.018706075847148895,0.19754377007484436,0.6240206328396766,0.08150754545834386,0.29447182170197944,1.835059817175885,True,A2CFC6311C185EAA2F17BA13E733D522713F64F2850C50F6EEF6E4CE1F592221,20269892,0
R0828,GG0034,RCB0027,S,2,1,20269892,3,True,,0.1957605928182602,0.056311916559934616,0.7479274868965149,0.2790850444828576,0.14153217764882625,0.5793827778683162,1.835059817175885,True,A2CFC6311C185EAA2F17BA13E733D522713F64F2850C50F6EEF6E4CE1F592221,20269892,0
R0829,GG0034,RCB0027,S,2,1,20269892,3,True,,0.7489733695983887,0.05907221511006355,0.19195446372032166,0.579123050162685,0.1450959301699998,0.27578101966731516,1.835059817175885,True,A2CFC6311C185EAA2F17BA13E733D522713F64F2850C50F6EEF6E4CE1F592221,20269892,0
R0830,GG0034,RCB0027,S,2,1,20269892,3,True,,0.8576030135154724,0.02602476067841053,0.11637220531702042,0.6731190021676833,0.10021335394492455,0.22666764388739202,1.835059817175885,True,A2CFC6311C185EAA2F17BA13E733D522713F64F2850C50F6EEF6E4CE1F592221,20269892,0
R0831,GG0034,RCB0027,S,2,1,20269892,3,True,,0.49747732281684875,0.09896774590015411,0.40355491638183594,0.4334552953603423,0.17979932038074448,0.3867453842589133,1.835059817175885,True,A2CFC6311C185EAA2F17BA13E733D522713F64F2850C50F6EEF6E4CE1F592221,20269892,0
R0840,GG0034,RCB0027,S,2,1,20269892,3,True,,0.03690657392144203,0.04142363369464874,0.9216697812080383,0.12755454486041176,0.13583814079387665,0.7366073143457115,1.835059817175885,True,A2CFC6311C185EAA2F17BA13E733D522713F64F2850C50F6EEF6E4CE1F592221,20269892,0
R0841,GG0034,RCB0027,S,2,1,20269892,3,True,,0.19181254506111145,0.3339330554008484,0.47425439953804016,0.2505991350970798,0.33899388104374356,0.4104069838591766,1.835059817175885,True,A2CFC6311C185EAA2F17BA13E733D522713F64F2850C50F6EEF6E4CE1F592221,20269892,0
R0842,GG0034,RCB0027,S,2,1,20269892,3,True,,0.07358688861131668,0.044943153858184814,0.8814699053764343,0.17749378230756208,0.1356722703006956,0.6868339473917424,1.835059817175885,True,A2CFC6311C185EAA2F17BA13E733D522713F64F2850C50F6EEF6E4CE1F592221,20269892,0
R0843,GG0034,RCB0027,S,2,1,20269892,3,True,,0.050491660833358765,0.04625975713133812,0.9032486081123352,0.1477473047437853,0.14086493797587524,0.7113877572803394,1.835059817175885,True,A2CFC6311C185EAA2F17BA13E733D522713F64F2850C50F6EEF6E4CE1F592221,20269892,0
R0844,GG0034,RCB0027,S,2,1,20269892,3,True,,0.08382068574428558,0.042940352112054825,0.8732389807701111,0.189368008196109,0.13152520508116677,0.6791067867227243,1.835059817175885,True,A2CFC6311C185EAA2F17BA13E733D522713F64F2850C50F6EEF6E4CE1F592221,20269892,0
R0845,GG0034,RCB0027,S,2,1,20269892,3,True,,0.19178690016269684,0.026578320190310478,0.7816348075866699,0.28645022056042735,0.09757322708540367,0.615976552354169,1.835059817175885,True,A2CFC6311C185EAA2F17BA13E733D522713F64F2850C50F6EEF6E4CE1F592221,20269892,0
R0879,GG0014,RCB0014,A,1,1,20269892,3,True,,0.06266572326421738,0.8996164202690125,0.03771783411502838,0.16586106772198306,0.708364032224462,0.1257749000535549,1.835059817175885,True,A2CFC6311C185EAA2F17BA13E733D522713F64F2850C50F6EEF6E4CE1F592221,20269892,0
R0880,GG0014,RCB0014,A,1,1,20269892,3,True,,0.05018443241715431,0.8937793374061584,0.056036219000816345,0.145661816047572,0.6996531465906711,0.1546850373617568,1.835059817175885,True,A2CFC6311C185EAA2F17BA13E733D522713F64F2850C50F6EEF6E4CE1F592221,20269892,0
R0881,GG0014,RCB0014,A,1,1,20269892,3,True,,0.0257364921271801,0.9482638239860535,0.02599974162876606,0.1093648850739657,0.7806620402984481,0.10997307462758626,1.835059817175885,True,A2CFC6311C185EAA2F17BA13E733D522713F64F2850C50F6EEF6E4CE1F592221,20269892,0
R0882,GG0014,RCB0014,A,1,1,20269892,3,True,,0.3197082579135895,0.6377411484718323,0.04255061224102974,0.358412186593325,0.5221623481457357,0.11942546526093926,1.835059817175885,True,A2CFC6311C185EAA2F17BA13E733D522713F64F2850C50F6EEF6E4CE1F592221,20269892,0
R0883,GG0014,RCB0014,A,1,1,20269892,3,True,,0.0645575076341629,0.9021756649017334,0.033266808837652206,0.16933509819963563,0.7126765978248641,0.11798830397550022,1.835059817175885,True,A2CFC6311C185EAA2F17BA13E733D522713F64F2850C50F6EEF6E4CE1F592221,20269892,0
R0884,GG0014,RCB0014,A,1,1,20269892,3,True,,0.04809682443737984,0.9214003086090088,0.03050282411277294,0.14753123998235718,0.7373602381385923,0.11510852187905064,1.835059817175885,True,A2CFC6311C185EAA2F17BA13E733D522713F64F2850C50F6EEF6E4CE1F592221,20269892,0
R0885,GG0014,RCB0014,A,1,1,20269892,3,True,,0.026270359754562378,0.9485937356948853,0.025135841220617294,0.11066488171008894,0.7813007632407264,0.10803435504918471,1.835059817175885,True,A2CFC6311C185EAA2F17BA13E733D522713F64F2850C50F6EEF6E4CE1F592221,20269892,0
R0886,GG0014,RCB0014,A,1,1,20269892,3,True,,0.048107050359249115,0.9157220125198364,0.03617090731859207,0.1462698545270477,0.7285128819565656,0.1252172635163867,1.835059817175885,True,A2CFC6311C185EAA2F17BA13E733D522713F64F2850C50F6EEF6E4CE1F592221,20269892,0
R0887,GG0014,RCB0014,A,1,1,20269892,3,True,,0.034055035561323166,0.9390082955360413,0.026936732232570648,0.12538940550049418,0.7642622147504337,0.11034837974907229,1.835059817175885,True,A2CFC6311C185EAA2F17BA13E733D522713F64F2850C50F6EEF6E4CE1F592221,20269892,0
R0888,GG0014,RCB0014,A,1,1,20269892,3,True,,0.06296201050281525,0.9069115519523621,0.030126413330435753,0.1681282529633683,0.7193625589351428,0.11250918810148902,1.835059817175885,True,A2CFC6311C185EAA2F17BA13E733D522713F64F2850C50F6EEF6E4CE1F592221,20269892,0
R0889,GG0014,RCB0014,A,1,1,20269892,3,True,,0.029831629246473312,0.9457810521125793,0.02438732609152794,0.11802375944867072,0.7762263061945918,0.10574993435673746,1.835059817175885,True,A2CFC6311C185EAA2F17BA13E733D522713F64F2850C50F6EEF6E4CE1F592221,20269892,0
R0890,GG0014,RCB0014,A,1,1,20269892,3,True,,0.038663409650325775,0.9141038656234741,0.04723268002271652,0.12952751834301693,0.7260148217591988,0.14445765989778417,1.835059817175885,True,A2CFC6311C185EAA2F17BA13E733D522713F64F2850C50F6EEF6E4CE1F592221,20269892,0
R0891,GG0014,RCB0014,A,1,1,20269892,3,True,,0.030047856271266937,0.9330949783325195,0.03685713931918144,0.11599932670677829,0.7543436047131371,0.12965706858008458,1.835059817175885,True,A2CFC6311C185EAA2F17BA13E733D522713F64F2850C50F6EEF6E4CE1F592221,20269892,0
R0892,GG0014,RCB0014,A,1,1,20269892,3,True,,0.5578465461730957,0.3268509805202484,0.11530250310897827,0.4606558530899427,0.34423918560759426,0.195104961302463,1.835059817175885,True,A2CFC6311C185EAA2F17BA13E733D522713F64F2850C50F6EEF6E4CE1F592221,20269892,0
R0893,GG0014,RCB0014,A,1,1,20269892,3,True,,0.6825937032699585,0.15663348138332367,0.16077281534671783,0.5254453577725898,0.2355910078967289,0.23896363433068132,1.835059817175885,True,A2CFC6311C185EAA2F17BA13E733D522713F64F2850C50F6EEF6E4CE1F592221,20269892,0
R0908,GG0013,RCB0013,I,0,1,20269892,3,True,,0.3820804953575134,0.5614486932754517,0.05647085979580879,0.3866749231495592,0.4769093033221666,0.13641577352827416,1.835059817175885,True,A2CFC6311C185EAA2F17BA13E733D522713F64F2850C50F6EEF6E4CE1F592221,20269892,0
R0909,GG0013,RCB0013,I,0,1,20269892,3,True,,0.19360677897930145,0.6752394437789917,0.13115379214286804,0.26425954495558895,0.5220134205516561,0.21372703449275496,1.835059817175885,True,A2CFC6311C185EAA2F17BA13E733D522713F64F2850C50F6EEF6E4CE1F592221,20269892,0
R0910,GG0013,RCB0013,I,0,1,20269892,3,True,,0.18897996842861176,0.7648228406906128,0.04619724303483963,0.27729364044159605,0.5940163186615044,0.1286900408968995,1.835059817175885,True,A2CFC6311C185EAA2F17BA13E733D522713F64F2850C50F6EEF6E4CE1F592221,20269892,0
R0911,GG0013,RCB0013,I,0,1,20269892,3,True,,0.15815161168575287,0.7651722431182861,0.07667610049247742,0.24782533010429922,0.5851391954480848,0.16703547444761602,1.835059817175885,True,A2CFC6311C185EAA2F17BA13E733D522713F64F2850C50F6EEF6E4CE1F592221,20269892,0
R0912,GG0013,RCB0013,I,0,1,20269892,3,True,,0.26552078127861023,0.6543864607810974,0.08009278774261475,0.31693178095580266,0.5181301036301431,0.16493811541405412,1.835059817175885,True,A2CFC6311C185EAA2F17BA13E733D522713F64F2850C50F6EEF6E4CE1F592221,20269892,0
R0913,GG0013,RCB0013,I,0,1,20269892,3,True,,0.2890915274620056,0.6164330244064331,0.09447543323040009,0.32739305399566715,0.4946223305954448,0.1779846154088881,1.835059817175885,True,A2CFC6311C185EAA2F17BA13E733D522713F64F2850C50F6EEF6E4CE1F592221,20269892,0
R0914,GG0013,RCB0013,I,0,1,20269892,3,True,,0.3730187714099884,0.4677311182022095,0.15925006568431854,0.3623061920413872,0.4098498062728788,0.22784400168573402,1.835059817175885,True,A2CFC6311C185EAA2F17BA13E733D522713F64F2850C50F6EEF6E4CE1F592221,20269892,0
R0915,GG0013,RCB0013,I,0,1,20269892,3,True,,0.6101220846176147,0.28923043608665466,0.10064748674631119,0.49010920264958757,0.3263155087702909,0.1835752885801214,1.835059817175885,True,A2CFC6311C185EAA2F17BA13E733D522713F64F2850C50F6EEF6E4CE1F592221,20269892,0
R0957,GG0013,RCB0013,I,0,1,20269892,3,True,,0.15007203817367554,0.3486802577972412,0.5012477040290833,0.22160661327524286,0.3508332754955058,0.4275601112292513,1.835059817175885,True,A2CFC6311C185EAA2F17BA13E733D522713F64F2850C50F6EEF6E4CE1F592221,20269892,0
R0958,GG0013,RCB0013,I,0,1,20269892,3,True,,0.19897595047950745,0.4948015511035919,0.30622246861457825,0.25590679835157876,0.42041405667482495,0.3236791449735963,1.835059817175885,True,A2CFC6311C185EAA2F17BA13E733D522713F64F2850C50F6EEF6E4CE1F592221,20269892,0
R0959,GG0013,RCB0013,I,0,1,20269892,3,True,,0.3142518997192383,0.3133211135864258,0.3724270462989807,0.32306423056217065,0.3225424310774946,0.3543933383603347,1.835059817175885,True,A2CFC6311C185EAA2F17BA13E733D522713F64F2850C50F6EEF6E4CE1F592221,20269892,0
R0960,GG0013,RCB0013,I,0,1,20269892,3,True,,0.44748345017433167,0.42839378118515015,0.124122753739357,0.4042533746380394,0.39476244687339207,0.2009841784885686,1.835059817175885,True,A2CFC6311C185EAA2F17BA13E733D522713F64F2850C50F6EEF6E4CE1F592221,20269892,0
R0961,GG0013,RCB0013,I,0,1,20269892,3,True,,0.6882727146148682,0.11176852136850357,0.19995875656604767,0.5315640377674724,0.1974042553626716,0.27103170686985606,1.835059817175885,True,A2CFC6311C185EAA2F17BA13E733D522713F64F2850C50F6EEF6E4CE1F592221,20269892,0
R0962,GG0013,RCB0013,I,0,1,20269892,3,True,,0.40801629424095154,0.21426451206207275,0.3777191638946533,0.3755426019165123,0.264377356508901,0.3600800415745868,1.835059817175885,True,A2CFC6311C185EAA2F17BA13E733D522713F64F2850C50F6EEF6E4CE1F592221,20269892,0
R0963,GG0013,RCB0013,I,0,1,20269892,3,True,,0.2034294456243515,0.675682008266449,0.12088853865861893,0.27199321250707953,0.5231805039649042,0.2048262835280163,1.835059817175885,True,A2CFC6311C185EAA2F17BA13E733D522713F64F2850C50F6EEF6E4CE1F592221,20269892,0
R0964,GG0013,RCB0013,I,0,1,20269892,3,True,,0.28319525718688965,0.6396979093551636,0.07710682600736618,0.3277425184248577,0.5109536628483714,0.16130381872677077,1.835059817175885,True,A2CFC6311C185EAA2F17BA13E733D522713F64F2850C50F6EEF6E4CE1F592221,20269892,0
R1153,GG0076,RCB0051,S,2,1,20269892,3,True,,0.46229851245880127,0.16404086351394653,0.3736606538295746,0.4066597135626626,0.2312190646410794,0.362121221796258,1.835059817175885,True,A2CFC6311C185EAA2F17BA13E733D522713F64F2850C50F6EEF6E4CE1F592221,20269892,0
R1154,GG0076,RCB0051,S,2,1,20269892,3,True,,0.643272876739502,0.10316189378499985,0.2535652816295624,0.5073687796258629,0.18713842246192788,0.30549279791220924,1.835059817175885,True,A2CFC6311C185EAA2F17BA13E733D522713F64F2850C50F6EEF6E4CE1F592221,20269892,0
R1155,GG0076,RCB0051,S,2,1,20269892,3,True,,0.6639695763587952,0.08976852893829346,0.24626192450523376,0.5212317866462112,0.17517161324499328,0.3035966001087956,1.835059817175885,True,A2CFC6311C185EAA2F17BA13E733D522713F64F2850C50F6EEF6E4CE1F592221,20269892,0
R1156,GG0076,RCB0051,S,2,1,20269892,3,True,,0.39954647421836853,0.15703773498535156,0.4434157907962799,0.3759998435233054,0.2260369596833105,0.39796319679338404,1.835059817175885,True,A2CFC6311C185EAA2F17BA13E733D522713F64F2850C50F6EEF6E4CE1F592221,20269892,0
R1157,GG0076,RCB0051,S,2,1,20269892,3,True,,0.7091570496559143,0.09015810489654541,0.20068484544754028,0.5471586119928376,0.17782333140508852,0.27501805660207407,1.835059817175885,True,A2CFC6311C185EAA2F17BA13E733D522713F64F2850C50F6EEF6E4CE1F592221,20269892,0
R1158,GG0076,RCB0051,S,2,1,20269892,3,True,,0.3807757496833801,0.2718799114227295,0.3473443388938904,0.35926569538078346,0.29901646302558715,0.3417178415936295,1.835059817175885,True,A2CFC6311C185EAA2F17BA13E733D522713F64F2850C50F6EEF6E4CE1F592221,20269892,0
R1345,GG0085,RCB0054,S,2,1,20269892,3,True,,0.30381590127944946,0.037792496383190155,0.6583916544914246,0.35145435641955164,0.11287176776353293,0.5356738758169154,1.835059817175885,True,A2CFC6311C185EAA2F17BA13E733D522713F64F2850C50F6EEF6E4CE1F592221,20269892,0
R1346,GG0085,RCB0054,S,2,1,20269892,3,True,,0.3705606162548065,0.03393976762890816,0.5954996347427368,0.3895881800729036,0.10589481098129967,0.5045170089457967,1.835059817175885,True,A2CFC6311C185EAA2F17BA13E733D522713F64F2850C50F6EEF6E4CE1F592221,20269892,0
R1347,GG0085,RCB0054,S,2,1,20269892,3,True,,0.2789566218852997,0.053979866206645966,0.6670635342597961,0.3314813654680092,0.13544088706981106,0.5330777474621797,1.835059817175885,True,A2CFC6311C185EAA2F17BA13E733D522713F64F2850C50F6EEF6E4CE1F592221,20269892,0
R1348,GG0085,RCB0054,S,2,1,20269892,3,True,,0.28140848875045776,0.09367693960666656,0.6249145865440369,0.3232349608104447,0.17749960288919908,0.4992654363003563,1.835059817175885,True,A2CFC6311C185EAA2F17BA13E733D522713F64F2850C50F6EEF6E4CE1F592221,20269892,0
R1349,GG0085,RCB0054,S,2,1,20269892,3,True,,0.33491331338882446,0.06100474298000336,0.604081928730011,0.36043290170352943,0.14249603888067594,0.4970710594157946,1.835059817175885,True,A2CFC6311C185EAA2F17BA13E733D522713F64F2850C50F6EEF6E4CE1F592221,20269892,0
R1350,GG0085,RCB0054,S,2,1,20269892,3,True,,0.40584245324134827,0.03832278028130531,0.5558347702026367,0.405956282658505,0.11219373581530952,0.48184998152618547,1.835059817175885,True,A2CFC6311C185EAA2F17BA13E733D522713F64F2850C50F6EEF6E4CE1F592221,20269892,0
R1351,GG0085,RCB0054,S,2,1,20269892,3,True,,0.2754334807395935,0.044989317655563354,0.6795771718025208,0.33240515448194163,0.12383670814397277,0.5437581373740856,1.835059817175885,True,A2CFC6311C185EAA2F17BA13E733D522713F64F2850C50F6EEF6E4CE1F592221,20269892,0
R1352,GG0085,RCB0054,S,2,1,20269892,3,True,,0.2711692750453949,0.05552145466208458,0.6733092665672302,0.32649327925325444,0.13757189740872022,0.5359348233380253,1.835059817175885,True,A2CFC6311C185EAA2F17BA13E733D522713F64F2850C50F6EEF6E4CE1F592221,20269892,0
R1680,GG0099,RCB0060,S,2,1,20269892,3,True,,0.14732713997364044,0.029459504410624504,0.8232133388519287,0.2519006751354301,0.10478137207766311,0.6433179527869068,1.835059817175885,True,A2CFC6311C185EAA2F17BA13E733D522713F64F2850C50F6EEF6E4CE1F592221,20269892,0
R1681,GG0099,RCB0060,S,2,1,20269892,3,True,,0.06883738189935684,0.04459229111671448,0.8865703344345093,0.17197365490002597,0.13573920270926504,0.692287142390709,1.835059817175885,True,A2CFC6311C185EAA2F17BA13E733D522713F64F2850C50F6EEF6E4CE1F592221,20269892,0
R1682,GG0099,RCB0060,S,2,1,20269892,3,True,,0.26537013053894043,0.02727820910513401,0.7073516845703125,0.33381832518541454,0.09662475106687113,0.5695569237477144,1.835059817175885,True,A2CFC6311C185EAA2F17BA13E733D522713F64F2850C50F6EEF6E4CE1F592221,20269892,0
R1683,GG0099,RCB0060,S,2,1,20269892,3,True,,0.17078474164009094,0.03981894627213478,0.7893962860107422,0.2662891138571432,0.12043554180471347,0.6132753443381433,1.835059817175885,True,A2CFC6311C185EAA2F17BA13E733D522713F64F2850C50F6EEF6E4CE1F592221,20269892,0
R1684,GG0099,RCB0060,S,2,1,20269892,3,True,,0.11334837973117828,0.05038905516266823,0.8362625241279602,0.21671531276332276,0.13932438451526963,0.6439603027214077,1.835059817175885,True,A2CFC6311C185EAA2F17BA13E733D522713F64F2850C50F6EEF6E4CE1F592221,20269892,0
R1685,GG0099,RCB0060,S,2,1,20269892,3,True,,0.3476116955280304,0.022951042279601097,0.629437267780304,0.38322391834485686,0.08714905707292328,0.5296270245822198,1.835059817175885,True,A2CFC6311C185EAA2F17BA13E733D522713F64F2850C50F6EEF6E4CE1F592221,20269892,0
R1686,GG0099,RCB0060,S,2,1,20269892,3,True,,0.129953533411026,0.03180500119924545,0.8382415175437927,0.2366262486751259,0.10988647801105242,0.6534872733138216,1.835059817175885,True,A2CFC6311C185EAA2F17BA13E733D522713F64F2850C50F6EEF6E4CE1F592221,20269892,0
R1746,GG0103,RCB0063,I,0,1,20269892,3,False,row_missingness_at_or_above_threshold,,,,,,,1.835059817175885,True,A2CFC6311C185EAA2F17BA13E733D522713F64F2850C50F6EEF6E4CE1F592221,20269892,0
R1747,GG0103,RCB0063,I,0,1,20269892,3,False,row_missingness_at_or_above_threshold,,,,,,,1.835059817175885,True,A2CFC6311C185EAA2F17BA13E733D522713F64F2850C50F6EEF6E4CE1F592221,20269892,0
R1748,GG0103,RCB0063,I,0,1,20269892,3,False,row_missingness_at_or_above_threshold,,,,,,,1.835059817175885,True,A2CFC6311C185EAA2F17BA13E733D522713F64F2850C50F6EEF6E4CE1F592221,20269892,0
R1749,GG0103,RCB0063,I,0,1,20269892,3,False,row_missingness_at_or_above_threshold,,,,,,,1.835059817175885,True,A2CFC6311C185EAA2F17BA13E733D522713F64F2850C50F6EEF6E4CE1F592221,20269892,0
R1750,GG0103,RCB0063,I,0,1,20269892,3,False,row_missingness_at_or_above_threshold,,,,,,,1.835059817175885,True,A2CFC6311C185EAA2F17BA13E733D522713F64F2850C50F6EEF6E4CE1F592221,20269892,0
R1751,GG0103,RCB0063,I,0,1,20269892,3,True,,0.027057060971856117,0.9381057024002075,0.03483717516064644,0.11045886606466698,0.7627716843960962,0.1267694495392368,1.835059817175885,True,A2CFC6311C185EAA2F17BA13E733D522713F64F2850C50F6EEF6E4CE1F592221,20269892,0
R1752,GG0103,RCB0063,I,0,1,20269892,3,False,row_missingness_at_or_above_threshold,,,,,,,1.835059817175885,True,A2CFC6311C185EAA2F17BA13E733D522713F64F2850C50F6EEF6E4CE1F592221,20269892,0
R1753,GG0103,RCB0063,I,0,1,20269892,3,False,row_missingness_at_or_above_threshold,,,,,,,1.835059817175885,True,A2CFC6311C185EAA2F17BA13E733D522713F64F2850C50F6EEF6E4CE1F592221,20269892,0
R1754,GG0103,RCB0063,I,0,1,20269892,3,False,row_missingness_at_or_above_threshold,,,,,,,1.835059817175885,True,A2CFC6311C185EAA2F17BA13E733D522713F64F2850C50F6EEF6E4CE1F592221,20269892,0
R1755,GG0103,RCB0063,I,0,1,20269892,3,False,row_missingness_at_or_above_threshold,,,,,,,1.835059817175885,True,A2CFC6311C185EAA2F17BA13E733D522713F64F2850C50F6EEF6E4CE1F592221,20269892,0
R1756,GG0103,RCB0063,I,0,1,20269892,3,False,row_missingness_at_or_above_threshold,,,,,,,1.835059817175885,True,A2CFC6311C185EAA2F17BA13E733D522713F64F2850C50F6EEF6E4CE1F592221,20269892,0
R1757,GG0103,RCB0063,I,0,1,20269892,3,False,row_missingness_at_or_above_threshold,,,,,,,1.835059817175885,True,A2CFC6311C185EAA2F17BA13E733D522713F64F2850C50F6EEF6E4CE1F592221,20269892,0
R1919,GG0030,RCB0025,I,0,1,20269892,3,True,,0.7886930108070374,0.02218692936003208,0.1891201138496399,0.6241806592000084,0.08916806848705054,0.2866512723129411,1.835059817175885,True,A2CFC6311C185EAA2F17BA13E733D522713F64F2850C50F6EEF6E4CE1F592221,20269892,0
R1920,GG0030,RCB0025,I,0,1,20269892,3,True,,0.9181451201438904,0.014026193879544735,0.06782867014408112,0.7439409645737498,0.07619745938452463,0.17986157604172548,1.835059817175885,True,A2CFC6311C185EAA2F17BA13E733D522713F64F2850C50F6EEF6E4CE1F592221,20269892,0
R1921,GG0030,RCB0025,I,0,1,20269892,3,True,,0.8639938831329346,0.028247138485312462,0.10775894671678543,0.6772001205951866,0.10499941968235439,0.21780045972245884,1.835059817175885,True,A2CFC6311C185EAA2F17BA13E733D522713F64F2850C50F6EEF6E4CE1F592221,20269892,0
R1922,GG0030,RCB0025,I,0,1,20269892,3,True,,0.6818873882293701,0.08841099590063095,0.22970163822174072,0.5315781645621432,0.17461907399619164,0.2938027614416651,1.835059817175885,True,A2CFC6311C185EAA2F17BA13E733D522713F64F2850C50F6EEF6E4CE1F592221,20269892,0
R1923,GG0030,RCB0025,I,0,1,20269892,3,True,,0.8273764252662659,0.08970177918672562,0.08292181044816971,0.6315266182635472,0.1881813595729987,0.18029202216345408,1.835059817175885,True,A2CFC6311C185EAA2F17BA13E733D522713F64F2850C50F6EEF6E4CE1F592221,20269892,0
R1924,GG0030,RCB0025,I,0,1,20269892,3,True,,0.7650468349456787,0.139436736702919,0.0955163761973381,0.5823180928411416,0.2302922067175609,0.18738970044129746,1.835059817175885,True,A2CFC6311C185EAA2F17BA13E733D522713F64F2850C50F6EEF6E4CE1F592221,20269892,0
R1925,GG0030,RCB0025,I,0,1,20269892,3,True,,0.8387934565544128,0.07148009538650513,0.08972644805908203,0.6422017109304173,0.16783134165434635,0.18996694741523643,1.835059817175885,True,A2CFC6311C185EAA2F17BA13E733D522713F64F2850C50F6EEF6E4CE1F592221,20269892,0
R1926,GG0030,RCB0025,I,0,1,20269892,3,True,,0.8301501870155334,0.07751519978046417,0.09233464300632477,0.6341768645695657,0.1741992317110137,0.19162390371942054,1.835059817175885,True,A2CFC6311C185EAA2F17BA13E733D522713F64F2850C50F6EEF6E4CE1F592221,20269892,0
R1927,GG0030,RCB0025,I,0,1,20269892,3,True,,0.5982350707054138,0.06269622594118118,0.3390687108039856,0.493485019652337,0.14435532496875933,0.3621596553789036,1.835059817175885,True,A2CFC6311C185EAA2F17BA13E733D522713F64F2850C50F6EEF6E4CE1F592221,20269892,0
R1928,GG0030,RCB0025,I,0,1,20269892,3,True,,0.9263776540756226,0.0409201942384243,0.03270220384001732,0.7438549328848963,0.13588584862999817,0.12025921848510554,1.835059817175885,True,A2CFC6311C185EAA2F17BA13E733D522713F64F2850C50F6EEF6E4CE1F592221,20269892,0
R1929,GG0030,RCB0025,I,0,1,20269892,3,True,,0.9173007607460022,0.028766360133886337,0.05393293872475624,0.7325724945679937,0.11103557524994137,0.15639193018206488,1.835059817175885,True,A2CFC6311C185EAA2F17BA13E733D522713F64F2850C50F6EEF6E4CE1F592221,20269892,0
R1930,GG0030,RCB0025,I,0,1,20269892,3,True,,0.9657773971557617,0.014084458351135254,0.020138218998908997,0.8188581167308661,0.08177521944530994,0.09936666382382396,1.835059817175885,True,A2CFC6311C185EAA2F17BA13E733D522713F64F2850C50F6EEF6E4CE1F592221,20269892,0
R1931,GG0030,RCB0025,I,0,1,20269892,3,True,,0.9646089673042297,0.015062667429447174,0.020328421145677567,0.8158558431850091,0.08456768145474101,0.09957647536024977,1.835059817175885,True,A2CFC6311C185EAA2F17BA13E733D522713F64F2850C50F6EEF6E4CE1F592221,20269892,0
R1932,GG0030,RCB0025,I,0,1,20269892,3,True,,0.29241642355918884,0.04511489346623421,0.6624687314033508,0.3421553075332194,0.12356750571811012,0.5342771867486704,1.835059817175885,True,A2CFC6311C185EAA2F17BA13E733D522713F64F2850C50F6EEF6E4CE1F592221,20269892,0
R1933,GG0030,RCB0025,I,0,1,20269892,3,True,,0.7194786667823792,0.021232156082987785,0.2592891752719879,0.5813820752845481,0.0852488184816259,0.3333691062338258,1.835059817175885,True,A2CFC6311C185EAA2F17BA13E733D522713F64F2850C50F6EEF6E4CE1F592221,20269892,0
R1934,GG0030,RCB0025,I,0,1,20269892,3,True,,0.9193512201309204,0.04567377641797066,0.034974999725818634,0.7335918677409747,0.142873616159797,0.1235345160992283,1.835059817175885,True,A2CFC6311C185EAA2F17BA13E733D522713F64F2850C50F6EEF6E4CE1F592221,20269892,0
R1935,GG0030,RCB0025,I,0,1,20269892,3,True,,0.6674452424049377,0.032824061810970306,0.29973071813583374,0.543439637630727,0.10525586664680545,0.3513044957224675,1.835059817175885,True,A2CFC6311C185EAA2F17BA13E733D522713F64F2850C50F6EEF6E4CE1F592221,20269892,0
R1936,GG0030,RCB0025,I,0,1,20269892,3,True,,0.5900945067405701,0.036204855889081955,0.3737006187438965,0.5004701873448444,0.1093515516197155,0.3901782610354402,1.835059817175885,True,A2CFC6311C185EAA2F17BA13E733D522713F64F2850C50F6EEF6E4CE1F592221,20269892,0
R1937,GG0030,RCB0025,I,0,1,20269892,3,True,,0.8008241653442383,0.09771309792995453,0.101462721824646,0.6089455106287569,0.19352118327268825,0.1975333060985549,1.835059817175885,True,A2CFC6311C185EAA2F17BA13E733D522713F64F2850C50F6EEF6E4CE1F592221,20269892,0
R1938,GG0030,RCB0025,I,0,1,20269892,3,False,row_missingness_at_or_above_threshold,,,,,,,1.835059817175885,True,A2CFC6311C185EAA2F17BA13E733D522713F64F2850C50F6EEF6E4CE1F592221,20269892,0
R1939,GG0030,RCB0025,I,0,1,20269892,3,True,,0.5623641014099121,0.017181262373924255,0.4204546809196472,0.4992829573147624,0.07460724443059012,0.4261097982546474,1.835059817175885,True,A2CFC6311C185EAA2F17BA13E733D522713F64F2850C50F6EEF6E4CE1F592221,20269892,0
R1940,GG0030,RCB0025,I,0,1,20269892,3,True,,0.27621564269065857,0.04386965557932854,0.6799147725105286,0.3332617657784846,0.12227327410769209,0.5444649601138233,1.835059817175885,True,A2CFC6311C185EAA2F17BA13E733D522713F64F2850C50F6EEF6E4CE1F592221,20269892,0
R1941,GG0030,RCB0025,I,0,1,20269892,3,True,,0.5865684151649475,0.07854185998439789,0.3348897099494934,0.48283220845564606,0.16141500417961394,0.35575278736474014,1.835059817175885,True,A2CFC6311C185EAA2F17BA13E733D522713F64F2850C50F6EEF6E4CE1F592221,20269892,0
R1942,GG0030,RCB0025,I,0,1,20269892,3,True,,0.6134607195854187,0.024712607264518738,0.36182665824890137,0.5198271618410586,0.09031036403328212,0.3898624741256592,1.835059817175885,True,A2CFC6311C185EAA2F17BA13E733D522713F64F2850C50F6EEF6E4CE1F592221,20269892,0
R1943,GG0030,RCB0025,I,0,1,20269892,3,True,,0.23672112822532654,0.03446892276406288,0.7288098931312561,0.3129368557932481,0.10950771252262109,0.5775554316841308,1.835059817175885,True,A2CFC6311C185EAA2F17BA13E733D522713F64F2850C50F6EEF6E4CE1F592221,20269892,0
R1944,GG0030,RCB0025,I,0,1,20269892,3,True,,0.420960009098053,0.04392695799469948,0.5351129770278931,0.41126541777023357,0.12002091997773946,0.46871366225202704,1.835059817175885,True,A2CFC6311C185EAA2F17BA13E733D522713F64F2850C50F6EEF6E4CE1F592221,20269892,0
R1945,GG0030,RCB0025,I,0,1,20269892,3,True,,0.6536810398101807,0.09420960396528244,0.2521093189716339,0.5146732264793061,0.1790970235381264,0.3062297499825676,1.835059817175885,True,A2CFC6311C185EAA2F17BA13E733D522713F64F2850C50F6EEF6E4CE1F592221,20269892,0
R1946,GG0030,RCB0025,I,0,1,20269892,3,True,,0.8009651303291321,0.09425566345453262,0.1047792062163353,0.609132357833573,0.18979916898929977,0.20106847317712725,1.835059817175885,True,A2CFC6311C185EAA2F17BA13E733D522713F64F2850C50F6EEF6E4CE1F592221,20269892,0
R1947,GG0030,RCB0025,I,0,1,20269892,3,True,,0.521567702293396,0.13290080428123474,0.34553149342536926,0.43980912583040194,0.20877922175582286,0.3514116524137752,1.835059817175885,True,A2CFC6311C185EAA2F17BA13E733D522713F64F2850C50F6EEF6E4CE1F592221,20269892,0
R1948,GG0030,RCB0025,I,0,1,20269892,3,True,,0.796858012676239,0.11418361216783524,0.08895834535360336,0.6061865055488491,0.21027962032870492,0.18353387412244596,1.835059817175885,True,A2CFC6311C185EAA2F17BA13E733D522713F64F2850C50F6EEF6E4CE1F592221,20269892,0
R1949,GG0030,RCB0025,I,0,1,20269892,3,True,,0.4372880756855011,0.039896268397569656,0.5228156447410583,0.42132221057624974,0.11427863800902985,0.4643991514147204,1.835059817175885,True,A2CFC6311C185EAA2F17BA13E733D522713F64F2850C50F6EEF6E4CE1F592221,20269892,0
R1950,GG0030,RCB0025,I,0,1,20269892,3,True,,0.5530219674110413,0.06817027926445007,0.37880775332450867,0.4687681186431712,0.14980492519510077,0.3814269561617279,1.835059817175885,True,A2CFC6311C185EAA2F17BA13E733D522713F64F2850C50F6EEF6E4CE1F592221,20269892,0
R1951,GG0030,RCB0025,I,0,1,20269892,3,False,row_missingness_at_or_above_threshold,,,,,,,1.835059817175885,True,A2CFC6311C185EAA2F17BA13E733D522713F64F2850C50F6EEF6E4CE1F592221,20269892,0
R1952,GG0030,RCB0025,I,0,1,20269892,3,True,,0.7242264747619629,0.09020444750785828,0.18556906282901764,0.5563202547823046,0.17879097961780224,0.2648887655998931,1.835059817175885,True,A2CFC6311C185EAA2F17BA13E733D522713F64F2850C50F6EEF6E4CE1F592221,20269892,0
R1953,GG0030,RCB0025,I,0,1,20269892,3,True,,0.8481160998344421,0.06295391917228699,0.08892996609210968,0.6514657142489038,0.1579126994975677,0.19062158625352857,1.835059817175885,True,A2CFC6311C185EAA2F17BA13E733D522713F64F2850C50F6EEF6E4CE1F592221,20269892,0
R1954,GG0030,RCB0025,I,0,1,20269892,3,True,,0.7105845808982849,0.11729130148887634,0.17212410271167755,0.5445234027371461,0.2040242019065223,0.2514523953563316,1.835059817175885,True,A2CFC6311C185EAA2F17BA13E733D522713F64F2850C50F6EEF6E4CE1F592221,20269892,0
R1955,GG0030,RCB0025,I,0,1,20269892,3,True,,0.8739723563194275,0.05604838952422142,0.06997919082641602,0.6773028331340728,0.1516015029947919,0.17109566387113523,1.835059817175885,True,A2CFC6311C185EAA2F17BA13E733D522713F64F2850C50F6EEF6E4CE1F592221,20269892,0
R1956,GG0030,RCB0025,I,0,1,20269892,3,True,,0.6765301823616028,0.15811994671821594,0.16534993052482605,0.5216703685273595,0.23625140712589088,0.24207822434674964,1.835059817175885,True,A2CFC6311C185EAA2F17BA13E733D522713F64F2850C50F6EEF6E4CE1F592221,20269892,0
R1957,GG0030,RCB0025,I,0,1,20269892,3,True,,0.9133713245391846,0.04294253885746002,0.04368606209754944,0.7247611143911538,0.13697576236114958,0.1382631232476966,1.835059817175885,True,A2CFC6311C185EAA2F17BA13E733D522713F64F2850C50F6EEF6E4CE1F592221,20269892,0
R1958,GG0030,RCB0025,I,0,1,20269892,3,True,,0.6391575336456299,0.14304141700267792,0.2178010642528534,0.5003829450660982,0.22131507218382662,0.27830198275007517,1.835059817175885,True,A2CFC6311C185EAA2F17BA13E733D522713F64F2850C50F6EEF6E4CE1F592221,20269892,0
R1959,GG0030,RCB0025,I,0,1,20269892,3,True,,0.6509337425231934,0.01936333440244198,0.3297029137611389,0.5442067398075302,0.08014566907191403,0.3756475911205557,1.835059817175885,True,A2CFC6311C185EAA2F17BA13E733D522713F64F2850C50F6EEF6E4CE1F592221,20269892,0
R1960,GG0030,RCB0025,I,0,1,20269892,3,True,,0.5202240347862244,0.04496074095368385,0.43481525778770447,0.4607775858752731,0.12134563436192201,0.4178767797628048,1.835059817175885,True,A2CFC6311C185EAA2F17BA13E733D522713F64F2850C50F6EEF6E4CE1F592221,20269892,0
R1961,GG0030,RCB0025,I,0,1,20269892,3,True,,0.6452392339706421,0.07469606399536133,0.2800646722316742,0.514565077803766,0.15890759494834558,0.32652732724788835,1.835059817175885,True,A2CFC6311C185EAA2F17BA13E733D522713F64F2850C50F6EEF6E4CE1F592221,20269892,0
R1962,GG0030,RCB0025,I,0,1,20269892,3,True,,0.6967000961303711,0.027086380869150162,0.27621352672576904,0.5635682270164137,0.09603255406936614,0.34039921891422,1.835059817175885,True,A2CFC6311C185EAA2F17BA13E733D522713F64F2850C50F6EEF6E4CE1F592221,20269892,0
R1963,GG0030,RCB0025,I,0,1,20269892,3,True,,0.5233361721038818,0.04586955904960632,0.43079429864883423,0.46194490781331854,0.12258788567350326,0.4154672065131782,1.835059817175885,True,A2CFC6311C185EAA2F17BA13E733D522713F64F2850C50F6EEF6E4CE1F592221,20269892,0
R1964,GG0030,RCB0025,I,0,1,20269892,3,True,,0.6381090879440308,0.03859054297208786,0.32330042123794556,0.5243389822960618,0.11367054373027352,0.3619904739736647,1.835059817175885,True,A2CFC6311C185EAA2F17BA13E733D522713F64F2850C50F6EEF6E4CE1F592221,20269892,0
R1965,GG0030,RCB0025,I,0,1,20269892,3,True,,0.7381008863449097,0.1175018846988678,0.14439725875854492,0.5623033018692164,0.20657073365781925,0.2311259644729644,1.835059817175885,True,A2CFC6311C185EAA2F17BA13E733D522713F64F2850C50F6EEF6E4CE1F592221,20269892,0
R1966,GG0030,RCB0025,I,0,1,20269892,3,True,,0.8034157156944275,0.12665951251983643,0.0699247419834137,0.6135802996809637,0.22421444196502682,0.16220525835400953,1.835059817175885,True,A2CFC6311C185EAA2F17BA13E733D522713F64F2850C50F6EEF6E4CE1F592221,20269892,0
R1967,GG0030,RCB0025,I,0,1,20269892,3,True,,0.7071080803871155,0.10374382138252258,0.18914805352687836,0.5438267689220437,0.1910905084069974,0.2650827226709589,1.835059817175885,True,A2CFC6311C185EAA2F17BA13E733D522713F64F2850C50F6EEF6E4CE1F592221,20269892,0
R1968,GG0030,RCB0025,I,0,1,20269892,3,True,,0.7939281463623047,0.12602953612804413,0.08004238456487656,0.6048858842601436,0.22186918534722272,0.17324493039263378,1.835059817175885,True,A2CFC6311C185EAA2F17BA13E733D522713F64F2850C50F6EEF6E4CE1F592221,20269892,0
R1969,GG0030,RCB0025,I,0,1,20269892,3,True,,0.710371196269989,0.13522815704345703,0.15440060198307037,0.5433995754658285,0.22005620060669448,0.23654422392747704,1.835059817175885,True,A2CFC6311C185EAA2F17BA13E733D522713F64F2850C50F6EEF6E4CE1F592221,20269892,0
R2804,GG0006,RCB0006,S,2,1,20269892,3,True,,0.04120785370469093,0.9001455903053284,0.0586465559899807,0.13191557337556764,0.708196689786532,0.15988773683790022,1.835059817175885,True,A2CFC6311C185EAA2F17BA13E733D522713F64F2850C50F6EEF6E4CE1F592221,20269892,0
R2805,GG0006,RCB0006,S,2,1,20269892,3,True,,0.0279095396399498,0.9347428679466248,0.03734757378697395,0.1117506954827278,0.7572736387876402,0.1309756657296321,1.835059817175885,True,A2CFC6311C185EAA2F17BA13E733D522713F64F2850C50F6EEF6E4CE1F592221,20269892,0
R2806,GG0006,RCB0006,S,2,1,20269892,3,True,,0.13613174855709076,0.7847787737846375,0.07908948510885239,0.23033425782300287,0.5983334611865058,0.1713322809904913,1.835059817175885,True,A2CFC6311C185EAA2F17BA13E733D522713F64F2850C50F6EEF6E4CE1F592221,20269892,0
R2807,GG0006,RCB0006,S,2,1,20269892,3,True,,0.5569257736206055,0.26952195167541504,0.1735522747039795,0.4539112892574029,0.30563545769366285,0.24045325304893428,1.835059817175885,True,A2CFC6311C185EAA2F17BA13E733D522713F64F2850C50F6EEF6E4CE1F592221,20269892,0
R2808,GG0006,RCB0006,S,2,1,20269892,3,True,,0.04120244085788727,0.8989014625549316,0.05989610776305199,0.13173428315627703,0.7067411747261146,0.16152454211760825,1.835059817175885,True,A2CFC6311C185EAA2F17BA13E733D522713F64F2850C50F6EEF6E4CE1F592221,20269892,0
R2809,GG0006,RCB0006,S,2,1,20269892,3,True,,0.03844045102596283,0.857775866985321,0.10378362983465195,0.1227087419076448,0.6664620782413943,0.21082917985096097,1.835059817175885,True,A2CFC6311C185EAA2F17BA13E733D522713F64F2850C50F6EEF6E4CE1F592221,20269892,0
R2810,GG0006,RCB0006,S,2,1,20269892,3,True,,0.05843743681907654,0.8717634081840515,0.06979909539222717,0.15473131988561958,0.6748076289537761,0.17046105116060448,1.835059817175885,True,A2CFC6311C185EAA2F17BA13E733D522713F64F2850C50F6EEF6E4CE1F592221,20269892,0
R2811,GG0006,RCB0006,S,2,1,20269892,3,True,,0.08673539012670517,0.8332797288894653,0.07998489588499069,0.18559456318060938,0.6368272320953435,0.17757820472404703,1.835059817175885,True,A2CFC6311C185EAA2F17BA13E733D522713F64F2850C50F6EEF6E4CE1F592221,20269892,0
R2812,GG0006,RCB0006,S,2,1,20269892,3,True,,0.07169496268033981,0.8841047883033752,0.044200241565704346,0.17545023821749461,0.6897523978136322,0.13479736396887324,1.835059817175885,True,A2CFC6311C185EAA2F17BA13E733D522713F64F2850C50F6EEF6E4CE1F592221,20269892,0
R2813,GG0006,RCB0006,S,2,1,20269892,3,True,,0.07463943213224411,0.8750638365745544,0.05029669031500816,0.17758787803407164,0.679195109760181,0.1432170122057474,1.835059817175885,True,A2CFC6311C185EAA2F17BA13E733D522713F64F2850C50F6EEF6E4CE1F592221,20269892,0
R0015,GG0021,RCB0010,S,2,1,20269892,4,True,,0.039846260100603104,0.09191922843456268,0.8682344555854797,0.1316111070487346,0.20417183280732762,0.6642170601439378,1.9035791880666308,True,A2CFC6311C185EAA2F17BA13E733D522713F64F2850C50F6EEF6E4CE1F592221,20269892,0
R0016,GG0021,RCB0010,S,2,1,20269892,4,True,,0.17312747240066528,0.34048640727996826,0.48638612031936646,0.24112825590146791,0.3439966058641907,0.41487513823434147,1.9035791880666308,True,A2CFC6311C185EAA2F17BA13E733D522713F64F2850C50F6EEF6E4CE1F592221,20269892,0
R0017,GG0021,RCB0010,S,2,1,20269892,4,True,,0.11282145977020264,0.1774916797876358,0.7096868753433228,0.20423222084920326,0.2591201873662087,0.5366475917845881,1.9035791880666308,True,A2CFC6311C185EAA2F17BA13E733D522713F64F2850C50F6EEF6E4CE1F592221,20269892,0
R0018,GG0021,RCB0010,S,2,1,20269892,4,True,,0.0610729455947876,0.14591942727565765,0.7930076122283936,0.1556335703946308,0.2459322014206155,0.5984342281847537,1.9035791880666308,True,A2CFC6311C185EAA2F17BA13E733D522713F64F2850C50F6EEF6E4CE1F592221,20269892,0
R0019,GG0021,RCB0010,S,2,1,20269892,4,True,,0.02135496214032173,0.03374066948890686,0.9449043869972229,0.10423610092206789,0.13254909714379542,0.7632148019341366,1.9035791880666308,True,A2CFC6311C185EAA2F17BA13E733D522713F64F2850C50F6EEF6E4CE1F592221,20269892,0
R0020,GG0021,RCB0010,S,2,1,20269892,4,True,,0.030543655157089233,0.04137588292360306,0.9280804395675659,0.12220476534545037,0.14333093423344925,0.7344643004211003,1.9035791880666308,True,A2CFC6311C185EAA2F17BA13E733D522713F64F2850C50F6EEF6E4CE1F592221,20269892,0
R0021,GG0021,RCB0010,S,2,1,20269892,4,True,,0.025023197755217552,0.07292649894952774,0.9020503163337708,0.10719609249856614,0.18802488229440456,0.7047790252070293,1.9035791880666308,True,A2CFC6311C185EAA2F17BA13E733D522713F64F2850C50F6EEF6E4CE1F592221,20269892,0
R0022,GG0021,RCB0010,S,2,1,20269892,4,True,,0.1537635177373886,0.05997687205672264,0.786259651184082,0.2521090492820627,0.15374414366915812,0.5941468070487792,1.9035791880666308,True,A2CFC6311C185EAA2F17BA13E733D522713F64F2850C50F6EEF6E4CE1F592221,20269892,0
R0023,GG0021,RCB0010,S,2,1,20269892,4,True,,0.08188716322183609,0.02434469945728779,0.8937681317329407,0.1984662221696351,0.10493944748023849,0.6965943303501264,1.9035791880666308,True,A2CFC6311C185EAA2F17BA13E733D522713F64F2850C50F6EEF6E4CE1F592221,20269892,0
R0024,GG0021,RCB0010,S,2,1,20269892,4,True,,0.11920115351676941,0.050971586257219315,0.8298271894454956,0.22668642757278384,0.14507921868284165,0.6282343537443745,1.9035791880666308,True,A2CFC6311C185EAA2F17BA13E733D522713F64F2850C50F6EEF6E4CE1F592221,20269892,0
R0025,GG0021,RCB0010,S,2,1,20269892,4,True,,0.2464323788881302,0.04326802119612694,0.7102996110916138,0.31798176725654853,0.1274976373032493,0.5545205954402022,1.9035791880666308,True,A2CFC6311C185EAA2F17BA13E733D522713F64F2850C50F6EEF6E4CE1F592221,20269892,0
R0026,GG0021,RCB0010,S,2,1,20269892,4,True,,0.12949256598949432,0.01910141296684742,0.8514060378074646,0.24658927586917465,0.09022645803629407,0.6631842660945313,1.9035791880666308,True,A2CFC6311C185EAA2F17BA13E733D522713F64F2850C50F6EEF6E4CE1F592221,20269892,0
R0027,GG0021,RCB0010,S,2,1,20269892,4,True,,0.24746212363243103,0.03688376396894455,0.7156540751457214,0.32104424327107944,0.11811135367180875,0.5608444030571118,1.9035791880666308,True,A2CFC6311C185EAA2F17BA13E733D522713F64F2850C50F6EEF6E4CE1F592221,20269892,0
R0028,GG0021,RCB0010,S,2,1,20269892,4,True,,0.15829646587371826,0.04137720540165901,0.8003262877464294,0.2606261781198475,0.1287968313135292,0.6105769905666233,1.9035791880666308,True,A2CFC6311C185EAA2F17BA13E733D522713F64F2850C50F6EEF6E4CE1F592221,20269892,0
R0029,GG0021,RCB0010,S,2,1,20269892,4,True,,0.007826556451618671,0.04001307114958763,0.9521603584289551,0.06324124580894505,0.14902630221660967,0.7877324519744453,1.9035791880666308,True,A2CFC6311C185EAA2F17BA13E733D522713F64F2850C50F6EEF6E4CE1F592221,20269892,0
R0030,GG0021,RCB0010,S,2,1,20269892,4,True,,0.009300517849624157,0.00941570196300745,0.9812837243080139,0.07372145487637492,0.07419968586671152,0.8520788592569136,1.9035791880666308,True,A2CFC6311C185EAA2F17BA13E733D522713F64F2850C50F6EEF6E4CE1F592221,20269892,0
R0031,GG0021,RCB0010,S,2,1,20269892,4,True,,0.10937231779098511,0.5339251756668091,0.3567025661468506,0.19376854277127106,0.44566517029900227,0.36056628692972664,1.9035791880666308,True,A2CFC6311C185EAA2F17BA13E733D522713F64F2850C50F6EEF6E4CE1F592221,20269892,0
R0032,GG0021,RCB0010,S,2,1,20269892,4,True,,0.0863412544131279,0.1963215321302414,0.7173371911048889,0.1791866606683131,0.27587705014882463,0.5449362891828623,1.9035791880666308,True,A2CFC6311C185EAA2F17BA13E733D522713F64F2850C50F6EEF6E4CE1F592221,20269892,0
R0033,GG0021,RCB0010,S,2,1,20269892,4,True,,0.05281028896570206,0.7597891092300415,0.18740062415599823,0.14279209373500965,0.5794533835087234,0.2777545227562669,1.9035791880666308,True,A2CFC6311C185EAA2F17BA13E733D522713F64F2850C50F6EEF6E4CE1F592221,20269892,0
R0034,GG0021,RCB0010,S,2,1,20269892,4,True,,0.028072772547602654,0.015043672174215317,0.9568836092948914,0.12338541240838963,0.08890709765104109,0.7877074899405694,1.9035791880666308,True,A2CFC6311C185EAA2F17BA13E733D522713F64F2850C50F6EEF6E4CE1F592221,20269892,0
R0035,GG0021,RCB0010,S,2,1,20269892,4,True,,0.013773300684988499,0.021567340940237045,0.9646593332290649,0.08631572941787807,0.10924503922164237,0.8044392313604796,1.9035791880666308,True,A2CFC6311C185EAA2F17BA13E733D522713F64F2850C50F6EEF6E4CE1F592221,20269892,0
R0036,GG0021,RCB0010,S,2,1,20269892,4,True,,0.015245973132550716,0.0328674241900444,0.9518865942955017,0.08872417008986355,0.13283003547825828,0.7784457944318782,1.9035791880666308,True,A2CFC6311C185EAA2F17BA13E733D522713F64F2850C50F6EEF6E4CE1F592221,20269892,0
R0060,GG0021,RCB0010,S,2,1,20269892,4,True,,0.37752586603164673,0.22877295315265656,0.3937012255191803,0.35830509997897,0.27540540677571285,0.3662894932453171,1.9035791880666308,True,A2CFC6311C185EAA2F17BA13E733D522713F64F2850C50F6EEF6E4CE1F592221,20269892,0
R0061,GG0021,RCB0010,S,2,1,20269892,4,True,,0.16190417110919952,0.05965588986873627,0.7784399390220642,0.25816189848463844,0.15279468124509996,0.5890434202702616,1.9035791880666308,True,A2CFC6311C185EAA2F17BA13E733D522713F64F2850C50F6EEF6E4CE1F592221,20269892,0
R0062,GG0021,RCB0010,S,2,1,20269892,4,True,,0.08618566393852234,0.4364209771156311,0.47739335894584656,0.17234073392764093,0.404077609296577,0.42358165677578213,1.9035791880666308,True,A2CFC6311C185EAA2F17BA13E733D522713F64F2850C50F6EEF6E4CE1F592221,20269892,0
R0063,GG0021,RCB0010,S,2,1,20269892,4,True,,0.28563472628593445,0.07096255570650101,0.6434026956558228,0.33187365877137864,0.1596853547128861,0.5084409865157352,1.9035791880666308,True,A2CFC6311C185EAA2F17BA13E733D522713F64F2850C50F6EEF6E4CE1F592221,20269892,0
R0064,GG0021,RCB0010,S,2,1,20269892,4,True,,0.06638184189796448,0.012528072111308575,0.9210901260375977,0.18525233685003611,0.077150869876878,0.7375967932730859,1.9035791880666308,True,A2CFC6311C185EAA2F17BA13E733D522713F64F2850C50F6EEF6E4CE1F592221,20269892,0
R0065,GG0021,RCB0010,S,2,1,20269892,4,True,,0.5364688038825989,0.07861635833978653,0.3849148452281952,0.45359754359969084,0.16539869497964968,0.3810037614206594,1.9035791880666308,True,A2CFC6311C185EAA2F17BA13E733D522713F64F2850C50F6EEF6E4CE1F592221,20269892,0
R0066,GG0021,RCB0010,S,2,1,20269892,4,True,,0.6132972836494446,0.28718191385269165,0.09952081739902496,0.4863887323504577,0.3264985034827332,0.18711276416680916,1.9035791880666308,True,A2CFC6311C185EAA2F17BA13E733D522713F64F2850C50F6EEF6E4CE1F592221,20269892,0
R0067,GG0021,RCB0010,S,2,1,20269892,4,True,,0.6360313892364502,0.0752299576997757,0.2887386679649353,0.5034614511556591,0.16403735519108723,0.33250119365325376,1.9035791880666308,True,A2CFC6311C185EAA2F17BA13E733D522713F64F2850C50F6EEF6E4CE1F592221,20269892,0
R0068,GG0021,RCB0010,S,2,1,20269892,4,True,,0.40072137117385864,0.05625085532665253,0.5430277585983276,0.39532213720158166,0.14092838256505644,0.46374948023336177,1.9035791880666308,True,A2CFC6311C185EAA2F17BA13E733D522713F64F2850C50F6EEF6E4CE1F592221,20269892,0
R0069,GG0021,RCB0010,S,2,1,20269892,4,True,,0.3981584310531616,0.09948550164699554,0.5023560523986816,0.3827753976872511,0.18473198204926913,0.43249262026347973,1.9035791880666308,True,A2CFC6311C185EAA2F17BA13E733D522713F64F2850C50F6EEF6E4CE1F592221,20269892,0
R0070,GG0021,RCB0010,S,2,1,20269892,4,True,,0.4094298779964447,0.07259968668222427,0.5179703831672668,0.3945506324052256,0.1590208914631945,0.4464284761315799,1.9035791880666308,True,A2CFC6311C185EAA2F17BA13E733D522713F64F2850C50F6EEF6E4CE1F592221,20269892,0
R0071,GG0021,RCB0010,S,2,1,20269892,4,True,,0.31924721598625183,0.17152367532253265,0.5092291235923767,0.3333841852960692,0.24055278493629886,0.42606302976763194,1.9035791880666308,True,A2CFC6311C185EAA2F17BA13E733D522713F64F2850C50F6EEF6E4CE1F592221,20269892,0
R0072,GG0021,RCB0010,S,2,1,20269892,4,True,,0.19811740517616272,0.03533943369984627,0.7665432095527649,0.2907071664183322,0.11753397754298567,0.5917588560386822,1.9035791880666308,True,A2CFC6311C185EAA2F17BA13E733D522713F64F2850C50F6EEF6E4CE1F592221,20269892,0
R0073,GG0021,RCB0010,S,2,1,20269892,4,True,,0.38002878427505493,0.03268689662218094,0.5872843265533447,0.39486395685393233,0.10882846062945893,0.4963075825166087,1.9035791880666308,True,A2CFC6311C185EAA2F17BA13E733D522713F64F2850C50F6EEF6E4CE1F592221,20269892,0
R0074,GG0021,RCB0010,S,2,1,20269892,4,True,,0.3536388874053955,0.03773706778883934,0.6086240410804749,0.37897262582062086,0.11697690455179116,0.5040504696275879,1.9035791880666308,True,A2CFC6311C185EAA2F17BA13E733D522713F64F2850C50F6EEF6E4CE1F592221,20269892,0
R0075,GG0021,RCB0010,S,2,1,20269892,4,True,,0.376923143863678,0.05319812893867493,0.5698786973953247,0.38460779654662197,0.13750027674175225,0.47789192671162567,1.9035791880666308,True,A2CFC6311C185EAA2F17BA13E733D522713F64F2850C50F6EEF6E4CE1F592221,20269892,0
R0076,GG0021,RCB0010,S,2,1,20269892,4,True,,0.0399567186832428,0.022046560421586037,0.9379967451095581,0.14326653763088862,0.10482860741764903,0.7519048549514624,1.9035791880666308,True,A2CFC6311C185EAA2F17BA13E733D522713F64F2850C50F6EEF6E4CE1F592221,20269892,0
R0077,GG0021,RCB0010,S,2,1,20269892,4,True,,0.013861030340194702,0.014004833064973354,0.9721341729164124,0.08824666346217423,0.08872643414605244,0.8230269023917732,1.9035791880666308,True,A2CFC6311C185EAA2F17BA13E733D522713F64F2850C50F6EEF6E4CE1F592221,20269892,0
R0078,GG0021,RCB0010,S,2,1,20269892,4,True,,0.009340159595012665,0.011918360367417336,0.978741466999054,0.07324292307180377,0.08324877711780805,0.8435082998103881,1.9035791880666308,True,A2CFC6311C185EAA2F17BA13E733D522713F64F2850C50F6EEF6E4CE1F592221,20269892,0
R0079,GG0021,RCB0010,S,2,1,20269892,4,True,,0.010697404853999615,0.014865932054817677,0.9744367003440857,0.07759026407102562,0.09223240753283544,0.8301773283961389,1.9035791880666308,True,A2CFC6311C185EAA2F17BA13E733D522713F64F2850C50F6EEF6E4CE1F592221,20269892,0
R0080,GG0021,RCB0010,S,2,1,20269892,4,True,,0.01603694260120392,0.01643017679452896,0.9675329327583313,0.09407325801262426,0.09527807284898433,0.8106486691383914,1.9035791880666308,True,A2CFC6311C185EAA2F17BA13E733D522713F64F2850C50F6EEF6E4CE1F592221,20269892,0
R0117,GG0038,RCB0030,S,2,1,20269892,4,True,,0.07284792512655258,0.4400646984577179,0.48708730936050415,0.1590929011102404,0.4092443980347892,0.4316627008549704,1.9035791880666308,True,A2CFC6311C185EAA2F17BA13E733D522713F64F2850C50F6EEF6E4CE1F592221,20269892,0
R0118,GG0038,RCB0030,S,2,1,20269892,4,True,,0.19835127890110016,0.34358230233192444,0.4580663740634918,0.2572820257122802,0.34336028326492685,0.399357691022793,1.9035791880666308,True,A2CFC6311C185EAA2F17BA13E733D522713F64F2850C50F6EEF6E4CE1F592221,20269892,0
R0119,GG0038,RCB0030,S,2,1,20269892,4,True,,0.06095471233129501,0.6564300060272217,0.2826152443885803,0.14872587803456405,0.5183442979014418,0.33292982406399413,1.9035791880666308,True,A2CFC6311C185EAA2F17BA13E733D522713F64F2850C50F6EEF6E4CE1F592221,20269892,0
R0120,GG0038,RCB0030,S,2,1,20269892,4,True,,0.09925280511379242,0.2651974856853485,0.6355496644973755,0.18768318533911352,0.3145202145529829,0.4977966001079036,1.9035791880666308,True,A2CFC6311C185EAA2F17BA13E733D522713F64F2850C50F6EEF6E4CE1F592221,20269892,0
R0121,GG0038,RCB0030,S,2,1,20269892,4,True,,0.30000853538513184,0.38809677958488464,0.3118947446346283,0.31591234907643195,0.36166080756422603,0.32242684335934196,1.9035791880666308,True,A2CFC6311C185EAA2F17BA13E733D522713F64F2850C50F6EEF6E4CE1F592221,20269892,0
R0122,GG0038,RCB0030,S,2,1,20269892,4,True,,0.4514295160770416,0.22204843163490295,0.3265220522880554,0.3948860349870926,0.2720173378874492,0.33309662712545823,1.9035791880666308,True,A2CFC6311C185EAA2F17BA13E733D522713F64F2850C50F6EEF6E4CE1F592221,20269892,0
R0157,GG0038,RCB0030,S,2,1,20269892,4,True,,0.2721644639968872,0.16808298230171204,0.5597525835037231,0.3089405768867055,0.23983919083631655,0.451220232276978,1.9035791880666308,True,A2CFC6311C185EAA2F17BA13E733D522713F64F2850C50F6EEF6E4CE1F592221,20269892,0
R0158,GG0038,RCB0030,S,2,1,20269892,4,True,,0.3670571446418762,0.25331351161003113,0.37962934374809265,0.3520113858340154,0.2896940822060632,0.35829453195992134,1.9035791880666308,True,A2CFC6311C185EAA2F17BA13E733D522713F64F2850C50F6EEF6E4CE1F592221,20269892,0
R0159,GG0038,RCB0030,S,2,1,20269892,4,True,,0.3091140687465668,0.15995599329471588,0.5309299230575562,0.32937071423746545,0.23301268772052441,0.43761659804201014,1.9035791880666308,True,A2CFC6311C185EAA2F17BA13E733D522713F64F2850C50F6EEF6E4CE1F592221,20269892,0
R0160,GG0038,RCB0030,S,2,1,20269892,4,True,,0.34845995903015137,0.2687115967273712,0.3828284740447998,0.34210951843644777,0.2984512789026773,0.35943920266087487,1.9035791880666308,True,A2CFC6311C185EAA2F17BA13E733D522713F64F2850C50F6EEF6E4CE1F592221,20269892,0
R0161,GG0038,RCB0030,S,2,1,20269892,4,True,,0.4004773199558258,0.23809894919395447,0.3614237606525421,0.36920795441640647,0.2809581627269146,0.34983388285667905,1.9035791880666308,True,A2CFC6311C185EAA2F17BA13E733D522713F64F2850C50F6EEF6E4CE1F592221,20269892,0
R0162,GG0038,RCB0030,S,2,1,20269892,4,True,,0.26786378026008606,0.2032841444015503,0.528852105140686,0.30352569129284146,0.2625765091103374,0.4338977995968212,1.9035791880666308,True,A2CFC6311C185EAA2F17BA13E733D522713F64F2850C50F6EEF6E4CE1F592221,20269892,0
R0180,GG0038,RCB0030,S,2,1,20269892,4,True,,0.23837384581565857,0.04043589159846306,0.721190333366394,0.31420739405071013,0.12372486703516568,0.5620677389141242,1.9035791880666308,True,A2CFC6311C185EAA2F17BA13E733D522713F64F2850C50F6EEF6E4CE1F592221,20269892,0
R0181,GG0038,RCB0030,S,2,1,20269892,4,True,,0.35871225595474243,0.10837700217962265,0.5329107046127319,0.36174332098489725,0.1928995424989332,0.4453571365161695,1.9035791880666308,True,A2CFC6311C185EAA2F17BA13E733D522713F64F2850C50F6EEF6E4CE1F592221,20269892,0
R0182,GG0038,RCB0030,S,2,1,20269892,4,True,,0.5244619250297546,0.17400726675987244,0.3015308082103729,0.43330886814980046,0.2427109281393687,0.32398020371083075,1.9035791880666308,True,A2CFC6311C185EAA2F17BA13E733D522713F64F2850C50F6EEF6E4CE1F592221,20269892,0
R0183,GG0038,RCB0030,S,2,1,20269892,4,True,,0.1454087644815445,0.7309919595718384,0.12359930574893951,0.23507808255589394,0.5490791609151986,0.2158427565289074,1.9035791880666308,True,A2CFC6311C185EAA2F17BA13E733D522713F64F2850C50F6EEF6E4CE1F592221,20269892,0
R0184,GG0038,RCB0030,S,2,1,20269892,4,True,,0.2852954864501953,0.058172207325696945,0.656532347202301,0.33522460280052185,0.1453973405108286,0.5193780566886496,1.9035791880666308,True,A2CFC6311C185EAA2F17BA13E733D522713F64F2850C50F6EEF6E4CE1F592221,20269892,0
R0185,GG0038,RCB0030,S,2,1,20269892,4,True,,0.008665497414767742,0.022156400606036186,0.9691781401634216,0.06870452446990565,0.11250292808053423,0.8187925474495602,1.9035791880666308,True,A2CFC6311C185EAA2F17BA13E733D522713F64F2850C50F6EEF6E4CE1F592221,20269892,0
R0186,GG0038,RCB0030,S,2,1,20269892,4,True,,0.2800282835960388,0.25927650928497314,0.46069517731666565,0.30681648935256717,0.2946540786994144,0.39852943194801843,1.9035791880666308,True,A2CFC6311C185EAA2F17BA13E733D522713F64F2850C50F6EEF6E4CE1F592221,20269892,0
R0187,GG0038,RCB0030,S,2,1,20269892,4,True,,0.012617755681276321,0.019585898146033287,0.9677963256835938,0.08308910287483592,0.10467936576898756,0.8122315313561765,1.9035791880666308,True,A2CFC6311C185EAA2F17BA13E733D522713F64F2850C50F6EEF6E4CE1F592221,20269892,0
R0188,GG0038,RCB0030,S,2,1,20269892,4,True,,0.12602734565734863,0.6178010106086731,0.2561716139316559,0.21023457617843144,0.4845971407016367,0.30516828311993194,1.9035791880666308,True,A2CFC6311C185EAA2F17BA13E733D522713F64F2850C50F6EEF6E4CE1F592221,20269892,0
R0189,GG0038,RCB0030,S,2,1,20269892,4,True,,0.07032526284456253,0.11215661466121674,0.8175181150436401,0.1693208296520168,0.21637202663996305,0.6143071437080201,1.9035791880666308,True,A2CFC6311C185EAA2F17BA13E733D522713F64F2850C50F6EEF6E4CE1F592221,20269892,0
R0190,GG0038,RCB0030,S,2,1,20269892,4,True,,0.03751556575298309,0.03268922120332718,0.9297952651977539,0.1364209384439518,0.1269003699242199,0.7366786916318283,1.9035791880666308,True,A2CFC6311C185EAA2F17BA13E733D522713F64F2850C50F6EEF6E4CE1F592221,20269892,0
R0191,GG0038,RCB0030,S,2,1,20269892,4,True,,0.03606559336185455,0.023526260629296303,0.9404081106185913,0.13614774288889134,0.1087780655649525,0.7550741915461561,1.9035791880666308,True,A2CFC6311C185EAA2F17BA13E733D522713F64F2850C50F6EEF6E4CE1F592221,20269892,0
R0192,GG0038,RCB0030,S,2,1,20269892,4,True,,0.023016706109046936,0.028420131653547287,0.9485631585121155,0.1090417565371108,0.12181583360917038,0.7691424098537188,1.9035791880666308,True,A2CFC6311C185EAA2F17BA13E733D522713F64F2850C50F6EEF6E4CE1F592221,20269892,0
R0193,GG0038,RCB0030,S,2,1,20269892,4,True,,0.02145630680024624,0.04509124904870987,0.9334524869918823,0.10272899259967053,0.15175056520350483,0.7455204421968247,1.9035791880666308,True,A2CFC6311C185EAA2F17BA13E733D522713F64F2850C50F6EEF6E4CE1F592221,20269892,0
R0194,GG0038,RCB0030,S,2,1,20269892,4,True,,0.06061016395688057,0.050109244883060455,0.8892806172370911,0.16652959143657428,0.15069018777114757,0.6827802207922781,1.9035791880666308,True,A2CFC6311C185EAA2F17BA13E733D522713F64F2850C50F6EEF6E4CE1F592221,20269892,0
R0195,GG0038,RCB0030,S,2,1,20269892,4,True,,0.05069314315915108,0.07711674273014069,0.8721901774406433,0.14915546185659903,0.18593164338210702,0.6649128947612939,1.9035791880666308,True,A2CFC6311C185EAA2F17BA13E733D522713F64F2850C50F6EEF6E4CE1F592221,20269892,0
R0196,GG0038,RCB0030,S,2,1,20269892,4,True,,0.08354409039020538,0.09876715391874313,0.8176887035369873,0.1849632878386875,0.20196451541970656,0.613072196741606,1.9035791880666308,True,A2CFC6311C185EAA2F17BA13E733D522713F64F2850C50F6EEF6E4CE1F592221,20269892,0
R0197,GG0038,RCB0030,S,2,1,20269892,4,True,,0.20155426859855652,0.02004663273692131,0.7783991098403931,0.3002035470956011,0.08930069040894915,0.6104957624954497,1.9035791880666308,True,A2CFC6311C185EAA2F17BA13E733D522713F64F2850C50F6EEF6E4CE1F592221,20269892,0
R0198,GG0038,RCB0030,S,2,1,20269892,4,True,,0.06335290521383286,0.10790956765413284,0.8287374973297119,0.16173391368945292,0.21394669657848384,0.6243193897320634,1.9035791880666308,True,A2CFC6311C185EAA2F17BA13E733D522713F64F2850C50F6EEF6E4CE1F592221,20269892,0
R0216,GG0047,RCB0036,S,2,1,20269892,4,True,,0.1265520453453064,0.20892928540706635,0.6645186543464661,0.21316977490748856,0.27739905459373704,0.5094311704987744,1.9035791880666308,True,A2CFC6311C185EAA2F17BA13E733D522713F64F2850C50F6EEF6E4CE1F592221,20269892,0
R0217,GG0047,RCB0036,S,2,1,20269892,4,True,,0.10093527287244797,0.08106352388858795,0.8180012106895447,0.20437668793069177,0.18214242719663973,0.6134808848726685,1.9035791880666308,True,A2CFC6311C185EAA2F17BA13E733D522713F64F2850C50F6EEF6E4CE1F592221,20269892,0
R0218,GG0047,RCB0036,S,2,1,20269892,4,True,,0.2847282588481903,0.4013758599758148,0.31389591097831726,0.30766980550240325,0.36848674795969893,0.3238434465378978,1.9035791880666308,True,A2CFC6311C185EAA2F17BA13E733D522713F64F2850C50F6EEF6E4CE1F592221,20269892,0
R0219,GG0047,RCB0036,S,2,1,20269892,4,True,,0.23471374809741974,0.359121710062027,0.40616458654403687,0.2790012176466018,0.34884740037076717,0.37215138198263115,1.9035791880666308,True,A2CFC6311C185EAA2F17BA13E733D522713F64F2850C50F6EEF6E4CE1F592221,20269892,0
R0220,GG0047,RCB0036,S,2,1,20269892,4,True,,0.19547410309314728,0.60230952501297,0.20221640169620514,0.26150091232921713,0.47229803687936867,0.26620105079141426,1.9035791880666308,True,A2CFC6311C185EAA2F17BA13E733D522713F64F2850C50F6EEF6E4CE1F592221,20269892,0
R0221,GG0047,RCB0036,S,2,1,20269892,4,True,,0.1565975546836853,0.7659496068954468,0.0774528756737709,0.25042696797560804,0.5765659172061751,0.17300711481821682,1.9035791880666308,True,A2CFC6311C185EAA2F17BA13E733D522713F64F2850C50F6EEF6E4CE1F592221,20269892,0
R0222,GG0047,RCB0036,S,2,1,20269892,4,True,,0.1715797632932663,0.2631710469722748,0.5652492046356201,0.24256276538652335,0.30367920586118596,0.4537580287522906,1.9035791880666308,True,A2CFC6311C185EAA2F17BA13E733D522713F64F2850C50F6EEF6E4CE1F592221,20269892,0
R0223,GG0047,RCB0036,S,2,1,20269892,4,True,,0.17212475836277008,0.35023730993270874,0.4776379466056824,0.24028090109743905,0.3489734576951171,0.4107456412074439,1.9035791880666308,True,A2CFC6311C185EAA2F17BA13E733D522713F64F2850C50F6EEF6E4CE1F592221,20269892,0
R0224,GG0047,RCB0036,S,2,1,20269892,4,True,,0.07427535951137543,0.33679521083831787,0.5889294147491455,0.16181308042349907,0.35801512651880146,0.48017179305769947,1.9035791880666308,True,A2CFC6311C185EAA2F17BA13E733D522713F64F2850C50F6EEF6E4CE1F592221,20269892,0
R0225,GG0047,RCB0036,S,2,1,20269892,4,True,,0.7301763296127319,0.1435682773590088,0.12625543773174286,0.5484639963481113,0.23338549025453198,0.2181505133973566,1.9035791880666308,True,A2CFC6311C185EAA2F17BA13E733D522713F64F2850C50F6EEF6E4CE1F592221,20269892,0
R0226,GG0047,RCB0036,S,2,1,20269892,4,True,,0.16092762351036072,0.08148092031478882,0.7575914859771729,0.2527846959249716,0.17679812760990823,0.5704171764651201,1.9035791880666308,True,A2CFC6311C185EAA2F17BA13E733D522713F64F2850C50F6EEF6E4CE1F592221,20269892,0
R0227,GG0047,RCB0036,S,2,1,20269892,4,True,,0.07189527899026871,0.015306794084608555,0.9127978682518005,0.1907037693580895,0.08461291714495134,0.7246833134969591,1.9035791880666308,True,A2CFC6311C185EAA2F17BA13E733D522713F64F2850C50F6EEF6E4CE1F592221,20269892,0
R0267,GG0038,RCB0030,S,2,1,20269892,4,True,,0.023740254342556,0.06696274131536484,0.9092970490455627,0.10513449946378925,0.18126951583340525,0.7135959847028055,1.9035791880666308,True,A2CFC6311C185EAA2F17BA13E733D522713F64F2850C50F6EEF6E4CE1F592221,20269892,0
R0268,GG0038,RCB0030,S,2,1,20269892,4,True,,0.12363258004188538,0.015992362052202225,0.8603751063346863,0.2431685976145086,0.08304282121011365,0.6737885811753779,1.9035791880666308,True,A2CFC6311C185EAA2F17BA13E733D522713F64F2850C50F6EEF6E4CE1F592221,20269892,0
R0274,GG0047,RCB0036,S,2,1,20269892,4,True,,0.048400577157735825,0.08605889230966568,0.8655405640602112,0.14488038722234145,0.19602540660285886,0.6590942061747996,1.9035791880666308,True,A2CFC6311C185EAA2F17BA13E733D522713F64F2850C50F6EEF6E4CE1F592221,20269892,0
R0275,GG0047,RCB0036,S,2,1,20269892,4,True,,0.3237021863460541,0.040189117193222046,0.6361086964607239,0.3622881284402184,0.12108463910490719,0.5166272324548745,1.9035791880666308,True,A2CFC6311C185EAA2F17BA13E733D522713F64F2850C50F6EEF6E4CE1F592221,20269892,0
R0276,GG0047,RCB0036,S,2,1,20269892,4,True,,0.05130091682076454,0.03656229004263878,0.9121367335319519,0.15692455376499864,0.13134687988499721,0.7117285663500041,1.9035791880666308,True,A2CFC6311C185EAA2F17BA13E733D522713F64F2850C50F6EEF6E4CE1F592221,20269892,0
R0286,GG0038,RCB0030,S,2,1,20269892,4,True,,0.07749038934707642,0.019224120303988457,0.9032854437828064,0.1955378360650417,0.09401509986097104,0.7104470640739874,1.9035791880666308,True,A2CFC6311C185EAA2F17BA13E733D522713F64F2850C50F6EEF6E4CE1F592221,20269892,0
R0287,GG0038,RCB0030,S,2,1,20269892,4,True,,0.13840721547603607,0.6345564126968384,0.22703640162944794,0.22112658627595588,0.4920907646046856,0.2867826491193587,1.9035791880666308,True,A2CFC6311C185EAA2F17BA13E733D522713F64F2850C50F6EEF6E4CE1F592221,20269892,0
R0288,GG0038,RCB0030,S,2,1,20269892,4,True,,0.26987224817276,0.2334383875131607,0.4966893196105957,0.30262684851418925,0.2804266506817979,0.4169465008040128,1.9035791880666308,True,A2CFC6311C185EAA2F17BA13E733D522713F64F2850C50F6EEF6E4CE1F592221,20269892,0
R0289,GG0038,RCB0030,S,2,1,20269892,4,True,,0.20342619717121124,0.6943572759628296,0.10221651196479797,0.27758747269259226,0.5290433220486389,0.19336920525876886,1.9035791880666308,True,A2CFC6311C185EAA2F17BA13E733D522713F64F2850C50F6EEF6E4CE1F592221,20269892,0
R0290,GG0038,RCB0030,S,2,1,20269892,4,True,,0.15221484005451202,0.6361382603645325,0.2116469144821167,0.23208469961394845,0.4919531298020008,0.27596217058405076,1.9035791880666308,True,A2CFC6311C185EAA2F17BA13E733D522713F64F2850C50F6EEF6E4CE1F592221,20269892,0
R0291,GG0038,RCB0030,S,2,1,20269892,4,True,,0.10637763887643814,0.7868399620056152,0.10678239166736603,0.2056318503497035,0.5883256535690786,0.20604249608121797,1.9035791880666308,True,A2CFC6311C185EAA2F17BA13E733D522713F64F2850C50F6EEF6E4CE1F592221,20269892,0
R0292,GG0038,RCB0030,S,2,1,20269892,4,True,,0.030225593596696854,0.06784579157829285,0.9019286036491394,0.11789117213494464,0.18028042190422933,0.7018284059608261,1.9035791880666308,True,A2CFC6311C185EAA2F17BA13E733D522713F64F2850C50F6EEF6E4CE1F592221,20269892,0
R0293,GG0038,RCB0030,S,2,1,20269892,4,True,,0.06610900163650513,0.05588909983634949,0.878001868724823,0.17221813379708345,0.15767578786143074,0.6701060783414857,1.9035791880666308,True,A2CFC6311C185EAA2F17BA13E733D522713F64F2850C50F6EEF6E4CE1F592221,20269892,0
R0294,GG0038,RCB0030,S,2,1,20269892,4,True,,0.047277022153139114,0.08370930701494217,0.8690136671066284,0.1435658375387031,0.19381926902367275,0.6626148934376243,1.9035791880666308,True,A2CFC6311C185EAA2F17BA13E733D522713F64F2850C50F6EEF6E4CE1F592221,20269892,0
R0295,GG0038,RCB0030,S,2,1,20269892,4,True,,0.03271900489926338,0.03873920068144798,0.9285417795181274,0.12672557358220965,0.1384832477956558,0.7347911786221345,1.9035791880666308,True,A2CFC6311C185EAA2F17BA13E733D522713F64F2850C50F6EEF6E4CE1F592221,20269892,0
R0296,GG0038,RCB0030,S,2,1,20269892,4,True,,0.028477691113948822,0.0348917618393898,0.9366304874420166,0.11935917193205418,0.13280030981797608,0.7478405182499698,1.9035791880666308,True,A2CFC6311C185EAA2F17BA13E733D522713F64F2850C50F6EEF6E4CE1F592221,20269892,0
R0297,GG0038,RCB0030,S,2,1,20269892,4,True,,0.011489775031805038,0.013857536017894745,0.9746527075767517,0.08058049873498287,0.08891562839001138,0.8305038728750058,1.9035791880666308,True,A2CFC6311C185EAA2F17BA13E733D522713F64F2850C50F6EEF6E4CE1F592221,20269892,0
R0298,GG0038,RCB0030,S,2,1,20269892,4,True,,0.019392145797610283,0.01401028223335743,0.9665975570678711,0.10375812338176407,0.0874695900135422,0.8087722866046937,1.9035791880666308,True,A2CFC6311C185EAA2F17BA13E733D522713F64F2850C50F6EEF6E4CE1F592221,20269892,0
R0299,GG0038,RCB0030,S,2,1,20269892,4,True,,0.013734805397689342,0.01940951868891716,0.9668556451797485,0.08662641981405202,0.10388438928585433,0.8094891909000936,1.9035791880666308,True,A2CFC6311C185EAA2F17BA13E733D522713F64F2850C50F6EEF6E4CE1F592221,20269892,0
R0300,GG0038,RCB0030,S,2,1,20269892,4,True,,0.02513924241065979,0.05879192054271698,0.9160687923431396,0.10899675760633583,0.1703102547991081,0.7206929875945561,1.9035791880666308,True,A2CFC6311C185EAA2F17BA13E733D522713F64F2850C50F6EEF6E4CE1F592221,20269892,0
R0301,GG0038,RCB0030,S,2,1,20269892,4,True,,0.030055757611989975,0.020232250913977623,0.9497119188308716,0.12582961043071256,0.10220872246953044,0.771961667099757,1.9035791880666308,True,A2CFC6311C185EAA2F17BA13E733D522713F64F2850C50F6EEF6E4CE1F592221,20269892,0
R0302,GG0038,RCB0030,S,2,1,20269892,4,True,,0.09272267669439316,0.22471582889556885,0.6825615167617798,0.18362314763822749,0.29233975273060825,0.5240370996311643,1.9035791880666308,True,A2CFC6311C185EAA2F17BA13E733D522713F64F2850C50F6EEF6E4CE1F592221,20269892,0
R0303,GG0038,RCB0030,S,2,1,20269892,4,True,,0.2197308987379074,0.3864567279815674,0.3938123881816864,0.2699808751584164,0.36320188950804666,0.366817235333537,1.9035791880666308,True,A2CFC6311C185EAA2F17BA13E733D522713F64F2850C50F6EEF6E4CE1F592221,20269892,0
R0304,GG0038,RCB0030,S,2,1,20269892,4,True,,0.11017449200153351,0.6686574816703796,0.22116805613040924,0.19917416692560352,0.5136033494381744,0.2872224836362221,1.9035791880666308,True,A2CFC6311C185EAA2F17BA13E733D522713F64F2850C50F6EEF6E4CE1F592221,20269892,0
R0305,GG0038,RCB0030,S,2,1,20269892,4,True,,0.16736619174480438,0.31383413076400757,0.5187996625900269,0.23791793060705343,0.3310230716263823,0.4310589977665642,1.9035791880666308,True,A2CFC6311C185EAA2F17BA13E733D522713F64F2850C50F6EEF6E4CE1F592221,20269892,0
R0306,GG0038,RCB0030,S,2,1,20269892,4,True,,0.016594259068369865,0.03789782524108887,0.9455079436302185,0.09169825352842842,0.1415052900662506,0.766796456405321,1.9035791880666308,True,A2CFC6311C185EAA2F17BA13E733D522713F64F2850C50F6EEF6E4CE1F592221,20269892,0
R0307,GG0038,RCB0030,S,2,1,20269892,4,True,,0.012685690075159073,0.031353626400232315,0.955960750579834,0.08134278975953088,0.13084539114998306,0.7878118190904861,1.9035791880666308,True,A2CFC6311C185EAA2F17BA13E733D522713F64F2850C50F6EEF6E4CE1F592221,20269892,0
R0308,GG0038,RCB0030,S,2,1,20269892,4,True,,0.025034666061401367,0.052011746913194656,0.9229536056518555,0.10963714863110853,0.16098304079835055,0.7293798105705409,1.9035791880666308,True,A2CFC6311C185EAA2F17BA13E733D522713F64F2850C50F6EEF6E4CE1F592221,20269892,0
R0309,GG0038,RCB0030,S,2,1,20269892,4,True,,0.020165253430604935,0.04003192111849785,0.939802885055542,0.10042130112158341,0.14396914536680883,0.7556095535116079,1.9035791880666308,True,A2CFC6311C185EAA2F17BA13E733D522713F64F2850C50F6EEF6E4CE1F592221,20269892,0
R0310,GG0038,RCB0030,S,2,1,20269892,4,True,,0.053520262241363525,0.057172972708940506,0.8893067240715027,0.15595011403712855,0.16145374883420335,0.6825961371286681,1.9035791880666308,True,A2CFC6311C185EAA2F17BA13E733D522713F64F2850C50F6EEF6E4CE1F592221,20269892,0
R0311,GG0038,RCB0030,S,2,1,20269892,4,True,,0.056205473840236664,0.2751532793045044,0.6686412692070007,0.14335402533709227,0.33020058466559543,0.5264453899973123,1.9035791880666308,True,A2CFC6311C185EAA2F17BA13E733D522713F64F2850C50F6EEF6E4CE1F592221,20269892,0
R0312,GG0038,RCB0030,S,2,1,20269892,4,True,,0.03097766637802124,0.08208683878183365,0.8869355320930481,0.11773273595204457,0.19643927608184328,0.6858279879661122,1.9035791880666308,True,A2CFC6311C185EAA2F17BA13E733D522713F64F2850C50F6EEF6E4CE1F592221,20269892,0
R0313,GG0038,RCB0030,S,2,1,20269892,4,True,,0.022534746676683426,0.022326160222291946,0.9551390409469604,0.10924709197854464,0.10871470215548601,0.7820382058659693,1.9035791880666308,True,A2CFC6311C185EAA2F17BA13E733D522713F64F2850C50F6EEF6E4CE1F592221,20269892,0
R0314,GG0038,RCB0030,S,2,1,20269892,4,True,,0.17325466871261597,0.06537728756666183,0.7613680958747864,0.26485134739276706,0.15872803845852826,0.5764206141487046,1.9035791880666308,True,A2CFC6311C185EAA2F17BA13E733D522713F64F2850C50F6EEF6E4CE1F592221,20269892,0
R0315,GG0038,RCB0030,S,2,1,20269892,4,True,,0.13645730912685394,0.07830914109945297,0.7852335572242737,0.2350446828687507,0.17556986684371534,0.5893854502875339,1.9035791880666308,True,A2CFC6311C185EAA2F17BA13E733D522713F64F2850C50F6EEF6E4CE1F592221,20269892,0
R0316,GG0038,RCB0030,S,2,1,20269892,4,True,,0.30457502603530884,0.4293830394744873,0.26604196429252625,0.3195785357115078,0.3827633232815362,0.29765814100695587,1.9035791880666308,True,A2CFC6311C185EAA2F17BA13E733D522713F64F2850C50F6EEF6E4CE1F592221,20269892,0
R0317,GG0038,RCB0030,S,2,1,20269892,4,True,,0.3120911121368408,0.33247873187065125,0.3554302155971527,0.32211315856533523,0.33300114509531265,0.34488569633935207,1.9035791880666308,True,A2CFC6311C185EAA2F17BA13E733D522713F64F2850C50F6EEF6E4CE1F592221,20269892,0
R0318,GG0038,RCB0030,S,2,1,20269892,4,True,,0.08486274629831314,0.06638913601636887,0.8487481474876404,0.1911525700309732,0.1680234233454643,0.6408240066235625,1.9035791880666308,True,A2CFC6311C185EAA2F17BA13E733D522713F64F2850C50F6EEF6E4CE1F592221,20269892,0
R0319,GG0038,RCB0030,S,2,1,20269892,4,True,,0.1935259848833084,0.05206974223256111,0.7544042468070984,0.28205964995989224,0.14152208198813868,0.576418268051969,1.9035791880666308,True,A2CFC6311C185EAA2F17BA13E733D522713F64F2850C50F6EEF6E4CE1F592221,20269892,0
R0320,GG0038,RCB0030,S,2,1,20269892,4,True,,0.025067584589123726,0.015692533925175667,0.9592398405075073,0.1167405358225007,0.09127674353021296,0.7919827206472863,1.9035791880666308,True,A2CFC6311C185EAA2F17BA13E733D522713F64F2850C50F6EEF6E4CE1F592221,20269892,0
R0321,GG0038,RCB0030,S,2,1,20269892,4,True,,0.023008104413747787,0.04679553210735321,0.9301964044570923,0.1059888666152332,0.15389718772354122,0.7401139456612255,1.9035791880666308,True,A2CFC6311C185EAA2F17BA13E733D522713F64F2850C50F6EEF6E4CE1F592221,20269892,0
R0322,GG0038,RCB0030,S,2,1,20269892,4,True,,0.10729479789733887,0.1343223601579666,0.7583827972412109,0.20329869321611807,0.22876547316862636,0.5679358336152556,1.9035791880666308,True,A2CFC6311C185EAA2F17BA13E733D522713F64F2850C50F6EEF6E4CE1F592221,20269892,0
R0323,GG0038,RCB0030,S,2,1,20269892,4,True,,0.4314618408679962,0.04074187949299812,0.5277962684631348,0.4164689148600262,0.12055218338885798,0.4629789017511159,1.9035791880666308,True,A2CFC6311C185EAA2F17BA13E733D522713F64F2850C50F6EEF6E4CE1F592221,20269892,0
R0324,GG0038,RCB0030,S,2,1,20269892,4,True,,0.5505595207214355,0.05375685170292854,0.395683616399765,0.4683202789927542,0.13796499369542925,0.3937147273118166,1.9035791880666308,True,A2CFC6311C185EAA2F17BA13E733D522713F64F2850C50F6EEF6E4CE1F592221,20269892,0
R0325,GG0038,RCB0030,S,2,1,20269892,4,True,,0.2745254635810852,0.28804731369018555,0.43742725253105164,0.30276804387057354,0.3105127760670935,0.386719180062333,1.9035791880666308,True,A2CFC6311C185EAA2F17BA13E733D522713F64F2850C50F6EEF6E4CE1F592221,20269892,0
R0326,GG0038,RCB0030,S,2,1,20269892,4,True,,0.4075206220149994,0.49368152022361755,0.09879784286022186,0.3874423274169508,0.42851428845102124,0.18404338413202787,1.9035791880666308,True,A2CFC6311C185EAA2F17BA13E733D522713F64F2850C50F6EEF6E4CE1F592221,20269892,0
R0327,GG0038,RCB0030,S,2,1,20269892,4,True,,0.18539901077747345,0.16547781229019165,0.6491231918334961,0.25816283164594017,0.24319777695083644,0.4986393914032234,1.9035791880666308,True,A2CFC6311C185EAA2F17BA13E733D522713F64F2850C50F6EEF6E4CE1F592221,20269892,0
R0328,GG0038,RCB0030,S,2,1,20269892,4,True,,0.21736663579940796,0.26342350244522095,0.5192098617553711,0.27128135918613144,0.3000989914141013,0.4286196493997673,1.9035791880666308,True,A2CFC6311C185EAA2F17BA13E733D522713F64F2850C50F6EEF6E4CE1F592221,20269892,0
R0329,GG0038,RCB0030,S,2,1,20269892,4,True,,0.18550008535385132,0.48197227716445923,0.3325275778770447,0.2493655754634496,0.41179179016019174,0.33884263437635864,1.9035791880666308,True,A2CFC6311C185EAA2F17BA13E733D522713F64F2850C50F6EEF6E4CE1F592221,20269892,0
R0330,GG0038,RCB0030,S,2,1,20269892,4,True,,0.18886631727218628,0.2987005412578583,0.5124331116676331,0.252421306623168,0.32115059785243605,0.4264280955243959,1.9035791880666308,True,A2CFC6311C185EAA2F17BA13E733D522713F64F2850C50F6EEF6E4CE1F592221,20269892,0
R0331,GG0038,RCB0030,S,2,1,20269892,4,True,,0.11541756242513657,0.6743000149726868,0.2102823555469513,0.2041635707455386,0.5160401234804066,0.27979630577405484,1.9035791880666308,True,A2CFC6311C185EAA2F17BA13E733D522713F64F2850C50F6EEF6E4CE1F592221,20269892,0
R0332,GG0038,RCB0030,S,2,1,20269892,4,True,,0.0865684449672699,0.11176542937755585,0.8016661405563354,0.1864559414892046,0.2132357661875149,0.6003082923232805,1.9035791880666308,True,A2CFC6311C185EAA2F17BA13E733D522713F64F2850C50F6EEF6E4CE1F592221,20269892,0
R0333,GG0038,RCB0030,S,2,1,20269892,4,True,,0.15292641520500183,0.6663674116134644,0.1807062029838562,0.23483136382173586,0.5088162962519948,0.25635233992626943,1.9035791880666308,True,A2CFC6311C185EAA2F17BA13E733D522713F64F2850C50F6EEF6E4CE1F592221,20269892,0
R0334,GG0038,RCB0030,S,2,1,20269892,4,True,,0.1604912281036377,0.30173927545547485,0.5377694964408875,0.2336064849343279,0.32547610810837113,0.44091740695730103,1.9035791880666308,True,A2CFC6311C185EAA2F17BA13E733D522713F64F2850C50F6EEF6E4CE1F592221,20269892,0
R0335,GG0038,RCB0030,S,2,1,20269892,4,True,,0.351201593875885,0.1493859440088272,0.4994124472141266,0.35194076933689733,0.22461768285977302,0.42344154780332954,1.9035791880666308,True,A2CFC6311C185EAA2F17BA13E733D522713F64F2850C50F6EEF6E4CE1F592221,20269892,0
R0336,GG0038,RCB0030,S,2,1,20269892,4,True,,0.1263008564710617,0.17428980767726898,0.6994093656539917,0.21543338165267156,0.25514561636148597,0.5294210019858424,1.9035791880666308,True,A2CFC6311C185EAA2F17BA13E733D522713F64F2850C50F6EEF6E4CE1F592221,20269892,0
R0337,GG0038,RCB0030,S,2,1,20269892,4,True,,0.18193642795085907,0.39362525939941406,0.4244382977485657,0.24627930124602962,0.3694009174296022,0.3843197813243683,1.9035791880666308,True,A2CFC6311C185EAA2F17BA13E733D522713F64F2850C50F6EEF6E4CE1F592221,20269892,0
R0338,GG0038,RCB0030,S,2,1,20269892,4,True,,0.07673106342554092,0.07472533732652664,0.848543643951416,0.1811486577467023,0.17864551535955464,0.6402058268937431,1.9035791880666308,True,A2CFC6311C185EAA2F17BA13E733D522713F64F2850C50F6EEF6E4CE1F592221,20269892,0
R0360,GG0021,RCB0010,S,2,1,20269892,4,True,,0.039522748440504074,0.04870303347706795,0.911774218082428,0.13667895556590862,0.1525293426383391,0.7107917017957524,1.9035791880666308,True,A2CFC6311C185EAA2F17BA13E733D522713F64F2850C50F6EEF6E4CE1F592221,20269892,0
R0361,GG0021,RCB0010,S,2,1,20269892,4,True,,0.07568401098251343,0.034236278384923935,0.8900797367095947,0.18834362800689416,0.12415574458305746,0.6875006274100484,1.9035791880666308,True,A2CFC6311C185EAA2F17BA13E733D522713F64F2850C50F6EEF6E4CE1F592221,20269892,0
R0362,GG0021,RCB0010,S,2,1,20269892,4,True,,0.07115152478218079,0.0396001823246479,0.889248251914978,0.1816927251928218,0.13355152128581674,0.6847557535213615,1.9035791880666308,True,A2CFC6311C185EAA2F17BA13E733D522713F64F2850C50F6EEF6E4CE1F592221,20269892,0
R0363,GG0021,RCB0010,S,2,1,20269892,4,True,,0.059048935770988464,0.029827997088432312,0.9111230373382568,0.1692471921566338,0.11822682800763037,0.7125259798357357,1.9035791880666308,True,A2CFC6311C185EAA2F17BA13E733D522713F64F2850C50F6EEF6E4CE1F592221,20269892,0
R0364,GG0021,RCB0010,S,2,1,20269892,4,True,,0.07666148245334625,0.0296440701931715,0.8936945199966431,0.19082122879509636,0.11583943087758639,0.6933393403273171,1.9035791880666308,True,A2CFC6311C185EAA2F17BA13E733D522713F64F2850C50F6EEF6E4CE1F592221,20269892,0
R0365,GG0021,RCB0010,S,2,1,20269892,4,True,,0.12528687715530396,0.020573962479829788,0.8541391491889954,0.24223599721928288,0.09377223047388784,0.6639917723068293,1.9035791880666308,True,A2CFC6311C185EAA2F17BA13E733D522713F64F2850C50F6EEF6E4CE1F592221,20269892,0
R0366,GG0021,RCB0010,S,2,1,20269892,4,True,,0.018689794465899467,0.017626777291297913,0.9636834263801575,0.10096494034688715,0.09790631463964725,0.8011287450134656,1.9035791880666308,True,A2CFC6311C185EAA2F17BA13E733D522713F64F2850C50F6EEF6E4CE1F592221,20269892,0
R0367,GG0021,RCB0010,S,2,1,20269892,4,True,,0.035772573202848434,0.02089897356927395,0.9433284997940063,0.13637175250439457,0.10282531251995827,0.7608029349756471,1.9035791880666308,True,A2CFC6311C185EAA2F17BA13E733D522713F64F2850C50F6EEF6E4CE1F592221,20269892,0
R0368,GG0021,RCB0010,S,2,1,20269892,4,True,,0.03450435400009155,0.01672402210533619,0.9487716555595398,0.13538315678702187,0.09254056061441931,0.7720762825985589,1.9035791880666308,True,A2CFC6311C185EAA2F17BA13E733D522713F64F2850C50F6EEF6E4CE1F592221,20269892,0
R0369,GG0021,RCB0010,S,2,1,20269892,4,True,,0.03464309871196747,0.011671241372823715,0.9536857008934021,0.13753250560478852,0.07765848230167852,0.7848090120935329,1.9035791880666308,True,A2CFC6311C185EAA2F17BA13E733D522713F64F2850C50F6EEF6E4CE1F592221,20269892,0
R0383,GG0038,RCB0030,S,2,1,20269892,4,True,,0.16835016012191772,0.2845538556575775,0.5470960140228271,0.23953127367215604,0.31558098165536297,0.44488774467248104,1.9035791880666308,True,A2CFC6311C185EAA2F17BA13E733D522713F64F2850C50F6EEF6E4CE1F592221,20269892,0
R0384,GG0038,RCB0030,S,2,1,20269892,4,True,,0.11670564115047455,0.4392130374908447,0.44408130645751953,0.1990444746878611,0.3993182386165063,0.40163728669563264,1.9035791880666308,True,A2CFC6311C185EAA2F17BA13E733D522713F64F2850C50F6EEF6E4CE1F592221,20269892,0
R0385,GG0038,RCB0030,S,2,1,20269892,4,True,,0.09598369151353836,0.5733890533447266,0.3306272625923157,0.18273695258058553,0.4673172968506234,0.34994575056879096,1.9035791880666308,True,A2CFC6311C185EAA2F17BA13E733D522713F64F2850C50F6EEF6E4CE1F592221,20269892,0
R0386,GG0038,RCB0030,S,2,1,20269892,4,True,,0.3635845184326172,0.4742431342601776,0.16217227280139923,0.3566158348909324,0.4100350582077424,0.2333491069013253,1.9035791880666308,True,A2CFC6311C185EAA2F17BA13E733D522713F64F2850C50F6EEF6E4CE1F592221,20269892,0
R0387,GG0038,RCB0030,S,2,1,20269892,4,True,,0.269107848405838,0.29329797625541687,0.4375942051410675,0.29964898111237903,0.31350965340413145,0.38684136548348963,1.9035791880666308,True,A2CFC6311C185EAA2F17BA13E733D522713F64F2850C50F6EEF6E4CE1F592221,20269892,0
R0388,GG0038,RCB0030,S,2,1,20269892,4,True,,0.043770819902420044,0.28945544362068176,0.6667737364768982,0.12691502618866454,0.34236479000279924,0.5307201838085362,1.9035791880666308,True,A2CFC6311C185EAA2F17BA13E733D522713F64F2850C50F6EEF6E4CE1F592221,20269892,0
R0389,GG0038,RCB0030,S,2,1,20269892,4,True,,0.04676666855812073,0.7901744842529297,0.16305886209011078,0.13618689369030565,0.6013450666639597,0.26246803964573473,1.9035791880666308,True,A2CFC6311C185EAA2F17BA13E733D522713F64F2850C50F6EEF6E4CE1F592221,20269892,0
R0390,GG0038,RCB0030,S,2,1,20269892,4,True,,0.03423679247498512,0.3765067160129547,0.5892565250396729,0.11132809295353904,0.39229813494134463,0.4963737721051163,1.9035791880666308,True,A2CFC6311C185EAA2F17BA13E733D522713F64F2850C50F6EEF6E4CE1F592221,20269892,0
R0391,GG0038,RCB0030,S,2,1,20269892,4,True,,0.01781519502401352,0.08610611408948898,0.8960786461830139,0.0899284162972216,0.20575382979228413,0.7043177539104942,1.9035791880666308,True,A2CFC6311C185EAA2F17BA13E733D522713F64F2850C50F6EEF6E4CE1F592221,20269892,0
R0392,GG0038,RCB0030,S,2,1,20269892,4,True,,0.2688874900341034,0.2641407251358032,0.466971755027771,0.30056468560644267,0.2977655378164547,0.40166977657710257,1.9035791880666308,True,A2CFC6311C185EAA2F17BA13E733D522713F64F2850C50F6EEF6E4CE1F592221,20269892,0
R0393,GG0038,RCB0030,S,2,1,20269892,4,True,,0.20284417271614075,0.335096150636673,0.46205970644950867,0.2602260393038331,0.33874702305415405,0.40102693764201286,1.9035791880666308,True,A2CFC6311C185EAA2F17BA13E733D522713F64F2850C50F6EEF6E4CE1F592221,20269892,0
R0394,GG0038,RCB0030,S,2,1,20269892,4,True,,0.17290332913398743,0.6660539507865906,0.1610427051782608,0.25035998865917736,0.5084539809211657,0.24118603041965694,1.9035791880666308,True,A2CFC6311C185EAA2F17BA13E733D522713F64F2850C50F6EEF6E4CE1F592221,20269892,0
R0395,GG0038,RCB0030,S,2,1,20269892,4,True,,0.10059963911771774,0.7512802481651306,0.14812013506889343,0.19604421859733853,0.5637308239852525,0.24022495741740893,1.9035791880666308,True,A2CFC6311C185EAA2F17BA13E733D522713F64F2850C50F6EEF6E4CE1F592221,20269892,0
R0396,GG0038,RCB0030,S,2,1,20269892,4,True,,0.18503503501415253,0.4353158473968506,0.3796490728855133,0.24837746010910391,0.3893116460667025,0.3623108938241935,1.9035791880666308,True,A2CFC6311C185EAA2F17BA13E733D522713F64F2850C50F6EEF6E4CE1F592221,20269892,0
R0397,GG0038,RCB0030,S,2,1,20269892,4,True,,0.14892899990081787,0.40141910314559937,0.44965189695358276,0.22369273120857733,0.37658861457696746,0.3997186542144552,1.9035791880666308,True,A2CFC6311C185EAA2F17BA13E733D522713F64F2850C50F6EEF6E4CE1F592221,20269892,0
R0398,GG0038,RCB0030,S,2,1,20269892,4,True,,0.12900319695472717,0.6343832612037659,0.23661352694034576,0.21348693224522852,0.4929085371572791,0.2936045305974923,1.9035791880666308,True,A2CFC6311C185EAA2F17BA13E733D522713F64F2850C50F6EEF6E4CE1F592221,20269892,0
R0399,GG0038,RCB0030,S,2,1,20269892,4,True,,0.1659853309392929,0.15811555087566376,0.675899088382721,0.245954783805375,0.23975819108177243,0.5142870251128525,1.9035791880666308,True,A2CFC6311C185EAA2F17BA13E733D522713F64F2850C50F6EEF6E4CE1F592221,20269892,0
R0400,GG0038,RCB0030,S,2,1,20269892,4,True,,0.07479892671108246,0.3155349791049957,0.6096660494804382,0.16284262049951828,0.3468780954213155,0.49027928407916627,1.9035791880666308,True,A2CFC6311C185EAA2F17BA13E733D522713F64F2850C50F6EEF6E4CE1F592221,20269892,0
R0401,GG0038,RCB0030,S,2,1,20269892,4,True,,0.10372697561979294,0.37122076749801636,0.5250522494316101,0.1887485151240439,0.36878899764666656,0.44246248722928966,1.9035791880666308,True,A2CFC6311C185EAA2F17BA13E733D522713F64F2850C50F6EEF6E4CE1F592221,20269892,0
R0402,GG0038,RCB0030,S,2,1,20269892,4,True,,0.1036367192864418,0.6756961345672607,0.22066716849803925,0.1936124556821485,0.5184104197810231,0.28797712453682855,1.9035791880666308,True,A2CFC6311C185EAA2F17BA13E733D522713F64F2850C50F6EEF6E4CE1F592221,20269892,0
R0403,GG0038,RCB0030,S,2,1,20269892,4,True,,0.1750357747077942,0.7418956160545349,0.08306856453418732,0.2623650151008115,0.5602719836183425,0.1773630012808458,1.9035791880666308,True,A2CFC6311C185EAA2F17BA13E733D522713F64F2850C50F6EEF6E4CE1F592221,20269892,0
R0404,GG0038,RCB0030,S,2,1,20269892,4,True,,0.028452258557081223,0.015289454720914364,0.9562583565711975,0.12408967243738879,0.08954516961838134,0.7863651579442298,1.9035791880666308,True,A2CFC6311C185EAA2F17BA13E733D522713F64F2850C50F6EEF6E4CE1F592221,20269892,0
R0405,GG0038,RCB0030,S,2,1,20269892,4,True,,0.10680869966745377,0.28907015919685364,0.6041211485862732,0.19334582271393141,0.32620008447153076,0.4804540928145378,1.9035791880666308,True,A2CFC6311C185EAA2F17BA13E733D522713F64F2850C50F6EEF6E4CE1F592221,20269892,0
R0406,GG0038,RCB0030,S,2,1,20269892,4,True,,0.021102245897054672,0.01125427894294262,0.9676434993743896,0.10894090697513342,0.07830169371967144,0.8127573993051952,1.9035791880666308,True,A2CFC6311C185EAA2F17BA13E733D522713F64F2850C50F6EEF6E4CE1F592221,20269892,0
R0407,GG0038,RCB0030,S,2,1,20269892,4,True,,0.050966281443834305,0.0964188501238823,0.8526148200035095,0.14726644722296334,0.20585224103243283,0.6468813117446038,1.9035791880666308,True,A2CFC6311C185EAA2F17BA13E733D522713F64F2850C50F6EEF6E4CE1F592221,20269892,0
R0408,GG0038,RCB0030,S,2,1,20269892,4,True,,0.030730431899428368,0.0604717880487442,0.9087978005409241,0.11972857810950044,0.17085803050689147,0.7094133913836081,1.9035791880666308,True,A2CFC6311C185EAA2F17BA13E733D522713F64F2850C50F6EEF6E4CE1F592221,20269892,0
R0409,GG0038,RCB0030,S,2,1,20269892,4,True,,0.11390920728445053,0.27416837215423584,0.6119223833084106,0.1998043089084086,0.3169530989847215,0.4832425921068699,1.9035791880666308,True,A2CFC6311C185EAA2F17BA13E733D522713F64F2850C50F6EEF6E4CE1F592221,20269892,0
R0410,GG0038,RCB0030,S,2,1,20269892,4,True,,0.29414665699005127,0.03451121225953102,0.671342134475708,0.34878658340216656,0.11315904527478153,0.5380543713230519,1.9035791880666308,True,A2CFC6311C185EAA2F17BA13E733D522713F64F2850C50F6EEF6E4CE1F592221,20269892,0
R0411,GG0038,RCB0030,S,2,1,20269892,4,True,,0.1244923397898674,0.09541305154561996,0.7800946235656738,0.22262272542154943,0.19358692267636957,0.5837903519020811,1.9035791880666308,True,A2CFC6311C185EAA2F17BA13E733D522713F64F2850C50F6EEF6E4CE1F592221,20269892,0
R0412,GG0038,RCB0030,S,2,1,20269892,4,True,,0.1495819240808487,0.11171073466539383,0.7387073040008545,0.23970364385469048,0.20562294339422044,0.5546734127510892,1.9035791880666308,True,A2CFC6311C185EAA2F17BA13E733D522713F64F2850C50F6EEF6E4CE1F592221,20269892,0
R0413,GG0038,RCB0030,S,2,1,20269892,4,True,,0.028477691113948822,0.0348917618393898,0.9366304874420166,0.11935917193205418,0.13280030981797608,0.7478405182499698,1.9035791880666308,True,A2CFC6311C185EAA2F17BA13E733D522713F64F2850C50F6EEF6E4CE1F592221,20269892,0
R0414,GG0038,RCB0030,S,2,1,20269892,4,True,,0.011489775031805038,0.013857536017894745,0.9746527075767517,0.08058049873498287,0.08891562839001138,0.8305038728750058,1.9035791880666308,True,A2CFC6311C185EAA2F17BA13E733D522713F64F2850C50F6EEF6E4CE1F592221,20269892,0
R0415,GG0038,RCB0030,S,2,1,20269892,4,True,,0.019392145797610283,0.01401028223335743,0.9665975570678711,0.10375812338176407,0.0874695900135422,0.8087722866046937,1.9035791880666308,True,A2CFC6311C185EAA2F17BA13E733D522713F64F2850C50F6EEF6E4CE1F592221,20269892,0
R0416,GG0038,RCB0030,S,2,1,20269892,4,True,,0.013734805397689342,0.01940951868891716,0.9668556451797485,0.08662641981405202,0.10388438928585433,0.8094891909000936,1.9035791880666308,True,A2CFC6311C185EAA2F17BA13E733D522713F64F2850C50F6EEF6E4CE1F592221,20269892,0
R0417,GG0038,RCB0030,S,2,1,20269892,4,True,,0.030722342431545258,0.035610418766736984,0.9336672425270081,0.1235896167314534,0.13355721308373103,0.7428531701848154,1.9035791880666308,True,A2CFC6311C185EAA2F17BA13E733D522713F64F2850C50F6EEF6E4CE1F592221,20269892,0
R0418,GG0038,RCB0030,S,2,1,20269892,4,True,,0.02513924241065979,0.05879192054271698,0.9160687923431396,0.10899675760633583,0.1703102547991081,0.7206929875945561,1.9035791880666308,True,A2CFC6311C185EAA2F17BA13E733D522713F64F2850C50F6EEF6E4CE1F592221,20269892,0
R0419,GG0038,RCB0030,S,2,1,20269892,4,True,,0.00838381052017212,0.01609894260764122,0.975517213344574,0.06860258600261025,0.09664842047825023,0.8347489935191394,1.9035791880666308,True,A2CFC6311C185EAA2F17BA13E733D522713F64F2850C50F6EEF6E4CE1F592221,20269892,0
R0420,GG0038,RCB0030,S,2,1,20269892,4,True,,0.010586465708911419,0.023844173178076744,0.9655693769454956,0.07553625826424397,0.11571826414786758,0.8087454775878884,1.9035791880666308,True,A2CFC6311C185EAA2F17BA13E733D522713F64F2850C50F6EEF6E4CE1F592221,20269892,0
R0421,GG0038,RCB0030,S,2,1,20269892,4,True,,0.007640956435352564,0.017274895682930946,0.975084125995636,0.06532679178808483,0.10027610035528933,0.8343971078566258,1.9035791880666308,True,A2CFC6311C185EAA2F17BA13E733D522713F64F2850C50F6EEF6E4CE1F592221,20269892,0
R0422,GG0038,RCB0030,S,2,1,20269892,4,True,,0.019849037751555443,0.013759324327111244,0.9663916230201721,0.10499744444773247,0.08661180403676783,0.8083907515154998,1.9035791880666308,True,A2CFC6311C185EAA2F17BA13E733D522713F64F2850C50F6EEF6E4CE1F592221,20269892,0
R0423,GG0038,RCB0030,S,2,1,20269892,4,True,,0.019018027931451797,0.014569340273737907,0.9664126634597778,0.10263203260506842,0.08922555225637312,0.8081424151385584,1.9035791880666308,True,A2CFC6311C185EAA2F17BA13E733D522713F64F2850C50F6EEF6E4CE1F592221,20269892,0
R0424,GG0038,RCB0030,S,2,1,20269892,4,True,,0.024055682122707367,0.00719752861186862,0.9687467813491821,0.11765928090926116,0.0624219398181325,0.8199187792726064,1.9035791880666308,True,A2CFC6311C185EAA2F17BA13E733D522713F64F2850C50F6EEF6E4CE1F592221,20269892,0
R0425,GG0038,RCB0030,S,2,1,20269892,4,True,,0.04466884583234787,0.30271995067596436,0.6526111960411072,0.12782081829070904,0.3492743816714346,0.5229048000378563,1.9035791880666308,True,A2CFC6311C185EAA2F17BA13E733D522713F64F2850C50F6EEF6E4CE1F592221,20269892,0
R0426,GG0038,RCB0030,S,2,1,20269892,4,True,,0.017250794917345047,0.10108358412981033,0.8816656470298767,0.08749267306048962,0.22149029645019233,0.6910170304893181,1.9035791880666308,True,A2CFC6311C185EAA2F17BA13E733D522713F64F2850C50F6EEF6E4CE1F592221,20269892,0
R0427,GG0038,RCB0030,S,2,1,20269892,4,True,,0.07627631723880768,0.020439330488443375,0.9032843112945557,0.1936395870848843,0.09695003975662354,0.7094103731584923,1.9035791880666308,True,A2CFC6311C185EAA2F17BA13E733D522713F64F2850C50F6EEF6E4CE1F592221,20269892,0
R0428,GG0038,RCB0030,S,2,1,20269892,4,True,,0.035000767558813095,0.01851840689778328,0.9464807510375977,0.13570677781756196,0.09713204547299065,0.7671611767094475,1.9035791880666308,True,A2CFC6311C185EAA2F17BA13E733D522713F64F2850C50F6EEF6E4CE1F592221,20269892,0
R0437,GG0038,RCB0030,S,2,1,20269892,4,True,,0.192454993724823,0.6473988890647888,0.16014611721038818,0.263207177670258,0.4978081819629157,0.2389846403668263,1.9035791880666308,True,A2CFC6311C185EAA2F17BA13E733D522713F64F2850C50F6EEF6E4CE1F592221,20269892,0
R0438,GG0038,RCB0030,S,2,1,20269892,4,True,,0.10325230658054352,0.05124802142381668,0.8454996347427368,0.2123036839440689,0.14694046166664113,0.64075585438929,1.9035791880666308,True,A2CFC6311C185EAA2F17BA13E733D522713F64F2850C50F6EEF6E4CE1F592221,20269892,0
R0439,GG0038,RCB0030,S,2,1,20269892,4,True,,0.050555966794490814,0.529579758644104,0.4198642671108246,0.1337709878731822,0.4594922082937963,0.4067368038330215,1.9035791880666308,True,A2CFC6311C185EAA2F17BA13E733D522713F64F2850C50F6EEF6E4CE1F592221,20269892,0
R0440,GG0038,RCB0030,S,2,1,20269892,4,True,,0.15719272196292877,0.27356433868408203,0.5692429542541504,0.2323493207390711,0.31084873015787373,0.4568019491030551,1.9035791880666308,True,A2CFC6311C185EAA2F17BA13E733D522713F64F2850C50F6EEF6E4CE1F592221,20269892,0
R0441,GG0038,RCB0030,S,2,1,20269892,4,True,,0.6151971817016602,0.259529173374176,0.12527364492416382,0.48334949469291877,0.3071526194580136,0.20949788584906764,1.9035791880666308,True,A2CFC6311C185EAA2F17BA13E733D522713F64F2850C50F6EEF6E4CE1F592221,20269892,0
R0442,GG0038,RCB0030,S,2,1,20269892,4,True,,0.2325671911239624,0.2630186080932617,0.5044142007827759,0.2802177432540494,0.29892898428644926,0.4208532724595014,1.9035791880666308,True,A2CFC6311C185EAA2F17BA13E733D522713F64F2850C50F6EEF6E4CE1F592221,20269892,0
R0443,GG0038,RCB0030,S,2,1,20269892,4,True,,0.1146405041217804,0.1442681849002838,0.7410913109779358,0.20859627908134945,0.23537003603138304,0.5560336848872675,1.9035791880666308,True,A2CFC6311C185EAA2F17BA13E733D522713F64F2850C50F6EEF6E4CE1F592221,20269892,0
R0444,GG0038,RCB0030,S,2,1,20269892,4,True,,0.2699670195579529,0.40948164463043213,0.32055139541625977,0.29948577548762656,0.3727521625480774,0.327762061964296,1.9035791880666308,True,A2CFC6311C185EAA2F17BA13E733D522713F64F2850C50F6EEF6E4CE1F592221,20269892,0
R0445,GG0038,RCB0030,S,2,1,20269892,4,True,,0.15588222444057465,0.2667168378829956,0.5774009227752686,0.2317246056394285,0.30726033664670327,0.4610150577138683,1.9035791880666308,True,A2CFC6311C185EAA2F17BA13E733D522713F64F2850C50F6EEF6E4CE1F592221,20269892,0
R0446,GG0038,RCB0030,S,2,1,20269892,4,True,,0.010094194673001766,0.027537347748875618,0.9623684883117676,0.07324410330859636,0.12408986535269878,0.8026660313387048,1.9035791880666308,True,A2CFC6311C185EAA2F17BA13E733D522713F64F2850C50F6EEF6E4CE1F592221,20269892,0
R0447,GG0038,RCB0030,S,2,1,20269892,4,True,,0.027210060507059097,0.07995148003101349,0.8928385376930237,0.11087307752936701,0.19531235454213117,0.6938145679285018,1.9035791880666308,True,A2CFC6311C185EAA2F17BA13E733D522713F64F2850C50F6EEF6E4CE1F592221,20269892,0
R0448,GG0038,RCB0030,S,2,1,20269892,4,True,,0.39281103014945984,0.43135663866996765,0.17583230137825012,0.3695533564170754,0.3881799840524213,0.24226665953050333,1.9035791880666308,True,A2CFC6311C185EAA2F17BA13E733D522713F64F2850C50F6EEF6E4CE1F592221,20269892,0
R0449,GG0038,RCB0030,S,2,1,20269892,4,True,,0.20723161101341248,0.27266812324523926,0.5201002359390259,0.2647855266589915,0.30584526358857256,0.429369209752436,1.9035791880666308,True,A2CFC6311C185EAA2F17BA13E733D522713F64F2850C50F6EEF6E4CE1F592221,20269892,0
R0450,GG0038,RCB0030,S,2,1,20269892,4,True,,0.04887744039297104,0.32428985834121704,0.6268327236175537,0.13293565346567976,0.35922588532125277,0.5078384612130674,1.9035791880666308,True,A2CFC6311C185EAA2F17BA13E733D522713F64F2850C50F6EEF6E4CE1F592221,20269892,0
R0451,GG0038,RCB0030,S,2,1,20269892,4,True,,0.09512652456760406,0.09206091612577438,0.8128125667572021,0.19726761422895794,0.19390201597477108,0.608830369796271,1.9035791880666308,True,A2CFC6311C185EAA2F17BA13E733D522713F64F2850C50F6EEF6E4CE1F592221,20269892,0
R0452,GG0038,RCB0030,S,2,1,20269892,4,True,,0.2771751284599304,0.25297805666923523,0.46984678506851196,0.3055641302432746,0.29124732381897617,0.40318854593774917,1.9035791880666308,True,A2CFC6311C185EAA2F17BA13E733D522713F64F2850C50F6EEF6E4CE1F592221,20269892,0
R0453,GG0038,RCB0030,S,2,1,20269892,4,True,,0.15041713416576385,0.3884975016117096,0.46108534932136536,0.2248503805571256,0.37014831739949416,0.40500130204338025,1.9035791880666308,True,A2CFC6311C185EAA2F17BA13E733D522713F64F2850C50F6EEF6E4CE1F592221,20269892,0
R0454,GG0038,RCB0030,S,2,1,20269892,4,True,,0.20893390476703644,0.5304355025291443,0.2606305778026581,0.26634338112601025,0.43451154038044965,0.2991450784935401,1.9035791880666308,True,A2CFC6311C185EAA2F17BA13E733D522713F64F2850C50F6EEF6E4CE1F592221,20269892,0
R0455,GG0038,RCB0030,S,2,1,20269892,4,True,,0.1734151840209961,0.5691270232200623,0.25745776295661926,0.2440417558347681,0.4556135058355095,0.30034473832972236,1.9035791880666308,True,A2CFC6311C185EAA2F17BA13E733D522713F64F2850C50F6EEF6E4CE1F592221,20269892,0
R0456,GG0038,RCB0030,S,2,1,20269892,4,True,,0.42514538764953613,0.3002324402332306,0.2746221423149109,0.380540507446183,0.31698206342948587,0.302477429124331,1.9035791880666308,True,A2CFC6311C185EAA2F17BA13E733D522713F64F2850C50F6EEF6E4CE1F592221,20269892,0
R0457,GG0021,RCB0010,S,2,1,20269892,4,True,,0.0194302499294281,0.008424229919910431,0.9721455574035645,0.10576568090930123,0.0681833896619429,0.8260509294287559,1.9035791880666308,True,A2CFC6311C185EAA2F17BA13E733D522713F64F2850C50F6EEF6E4CE1F592221,20269892,0
R0458,GG0021,RCB0010,S,2,1,20269892,4,True,,0.06902900338172913,0.024764928966760635,0.9062060713768005,0.1834525523004062,0.10706596103007776,0.709481486669516,1.9035791880666308,True,A2CFC6311C185EAA2F17BA13E733D522713F64F2850C50F6EEF6E4CE1F592221,20269892,0
R0459,GG0021,RCB0010,S,2,1,20269892,4,True,,0.02277117781341076,0.020037418231368065,0.9571914076805115,0.11034669666099732,0.10317649249803149,0.7864768108409712,1.9035791880666308,True,A2CFC6311C185EAA2F17BA13E733D522713F64F2850C50F6EEF6E4CE1F592221,20269892,0
R0460,GG0021,RCB0010,S,2,1,20269892,4,True,,0.043585773557424545,0.017686480656266212,0.9387277364730835,0.15063233401805143,0.09378776475535198,0.7555799012265966,1.9035791880666308,True,A2CFC6311C185EAA2F17BA13E733D522713F64F2850C50F6EEF6E4CE1F592221,20269892,0
R0461,GG0021,RCB0010,S,2,1,20269892,4,True,,0.023100102320313454,0.03080521710216999,0.9460946917533875,0.10876805590147996,0.1265239050287157,0.7647080390698043,1.9035791880666308,True,A2CFC6311C185EAA2F17BA13E733D522713F64F2850C50F6EEF6E4CE1F592221,20269892,0
R0462,GG0021,RCB0010,S,2,1,20269892,4,True,,0.025081686675548553,0.01536170020699501,0.9595566391944885,0.11687368642561673,0.0903369926542634,0.7927893209201199,1.9035791880666308,True,A2CFC6311C185EAA2F17BA13E733D522713F64F2850C50F6EEF6E4CE1F592221,20269892,0
R0463,GG0021,RCB0010,S,2,1,20269892,4,True,,0.020603099837899208,0.02702435664832592,0.9523725509643555,0.10367797915083049,0.11955890375039034,0.7767631170987792,1.9035791880666308,True,A2CFC6311C185EAA2F17BA13E733D522713F64F2850C50F6EEF6E4CE1F592221,20269892,0
R0464,GG0021,RCB0010,S,2,1,20269892,4,True,,0.027634086087346077,0.07793258875608444,0.8944333791732788,0.11189505167636843,0.19290860645943467,0.695196341864197,1.9035791880666308,True,A2CFC6311C185EAA2F17BA13E733D522713F64F2850C50F6EEF6E4CE1F592221,20269892,0
R0465,GG0021,RCB0010,S,2,1,20269892,4,True,,0.02731333300471306,0.037554580718278885,0.9351320862770081,0.11653546186166745,0.1377540969956194,0.7457104411427131,1.9035791880666308,True,A2CFC6311C185EAA2F17BA13E733D522713F64F2850C50F6EEF6E4CE1F592221,20269892,0
R0466,GG0021,RCB0010,S,2,1,20269892,4,True,,0.034859150648117065,0.03000413253903389,0.9351366758346558,0.13238727718693605,0.12235697948829713,0.7452557433247667,1.9035791880666308,True,A2CFC6311C185EAA2F17BA13E733D522713F64F2850C50F6EEF6E4CE1F592221,20269892,0
R0467,GG0021,RCB0010,S,2,1,20269892,4,True,,0.02658696472644806,0.06781484931707382,0.9055982232093811,0.11089962627062419,0.18136653301578395,0.7077338407135918,1.9035791880666308,True,A2CFC6311C185EAA2F17BA13E733D522713F64F2850C50F6EEF6E4CE1F592221,20269892,0
R0468,GG0021,RCB0010,S,2,1,20269892,4,True,,0.04184155911207199,0.4084019958972931,0.5497564673423767,0.12226602921853277,0.40467424369646804,0.4730597270849992,1.9035791880666308,True,A2CFC6311C185EAA2F17BA13E733D522713F64F2850C50F6EEF6E4CE1F592221,20269892,0
R0469,GG0021,RCB0010,S,2,1,20269892,4,True,,0.10001305490732193,0.23639222979545593,0.6635947227478027,0.18962418665560818,0.29794990560418977,0.512425907740202,1.9035791880666308,True,A2CFC6311C185EAA2F17BA13E733D522713F64F2850C50F6EEF6E4CE1F592221,20269892,0
R0470,GG0021,RCB0010,S,2,1,20269892,4,True,,0.04123828187584877,0.1957467943429947,0.7630149126052856,0.12661861778467745,0.2869624692791618,0.5864189129361608,1.9035791880666308,True,A2CFC6311C185EAA2F17BA13E733D522713F64F2850C50F6EEF6E4CE1F592221,20269892,0
R0471,GG0021,RCB0010,S,2,1,20269892,4,True,,0.04737246409058571,0.12949641048908234,0.8231310844421387,0.13933400430989634,0.23631089602064834,0.6243550996694552,1.9035791880666308,True,A2CFC6311C185EAA2F17BA13E733D522713F64F2850C50F6EEF6E4CE1F592221,20269892,0
R0472,GG0021,RCB0010,S,2,1,20269892,4,True,,0.062316570430994034,0.08900533616542816,0.8486781120300293,0.16263762933314044,0.19613183709529217,0.6412305335715673,1.9035791880666308,True,A2CFC6311C185EAA2F17BA13E733D522713F64F2850C50F6EEF6E4CE1F592221,20269892,0
R0473,GG0021,RCB0010,S,2,1,20269892,4,True,,0.04417465254664421,0.050840288400650024,0.9049850702285767,0.1436251779076596,0.15463001276621138,0.7017448093261289,1.9035791880666308,True,A2CFC6311C185EAA2F17BA13E733D522713F64F2850C50F6EEF6E4CE1F592221,20269892,0
R0474,GG0021,RCB0010,S,2,1,20269892,4,True,,0.03205329552292824,0.01831495389342308,0.9496317505836487,0.13027506231830108,0.09708941928436007,0.7726355183973389,1.9035791880666308,True,A2CFC6311C185EAA2F17BA13E733D522713F64F2850C50F6EEF6E4CE1F592221,20269892,0
R0475,GG0021,RCB0010,S,2,1,20269892,4,True,,0.05135420337319374,0.029380792751908302,0.9192649722099304,0.15879696414109762,0.11842517492365766,0.7227778609352448,1.9035791880666308,True,A2CFC6311C185EAA2F17BA13E733D522713F64F2850C50F6EEF6E4CE1F592221,20269892,0
R0476,GG0021,RCB0010,S,2,1,20269892,4,True,,0.05869097635149956,0.04527296870946884,0.8960360288619995,0.1650414450658297,0.14400307175763982,0.6909554831765305,1.9035791880666308,True,A2CFC6311C185EAA2F17BA13E733D522713F64F2850C50F6EEF6E4CE1F592221,20269892,0
R0477,GG0021,RCB0010,S,2,1,20269892,4,True,,0.20311041176319122,0.2872926890850067,0.5095968842506409,0.2617041006154224,0.313993496338666,0.42430240304591155,1.9035791880666308,True,A2CFC6311C185EAA2F17BA13E733D522713F64F2850C50F6EEF6E4CE1F592221,20269892,0
R0478,GG0021,RCB0010,S,2,1,20269892,4,True,,0.1178957149386406,0.055846765637397766,0.826257586479187,0.22439093810995395,0.15154337980344,0.6240656820866061,1.9035791880666308,True,A2CFC6311C185EAA2F17BA13E733D522713F64F2850C50F6EEF6E4CE1F592221,20269892,0
R0479,GG0021,RCB0010,S,2,1,20269892,4,True,,0.14558005332946777,0.07375851273536682,0.7806614637374878,0.24295718518372297,0.1699833259426084,0.5870594888736687,1.9035791880666308,True,A2CFC6311C185EAA2F17BA13E733D522713F64F2850C50F6EEF6E4CE1F592221,20269892,0
R0480,GG0021,RCB0010,S,2,1,20269892,4,True,,0.4321022927761078,0.07522895187139511,0.4926687180995941,0.4047727967904913,0.16157823346024563,0.43364896974926315,1.9035791880666308,True,A2CFC6311C185EAA2F17BA13E733D522713F64F2850C50F6EEF6E4CE1F592221,20269892,0
R0481,GG0021,RCB0010,S,2,1,20269892,4,True,,0.3420548141002655,0.1330757588148117,0.5248693823814392,0.349498795181384,0.21284509668237475,0.4376561081362411,1.9035791880666308,True,A2CFC6311C185EAA2F17BA13E733D522713F64F2850C50F6EEF6E4CE1F592221,20269892,0
R0482,GG0021,RCB0010,S,2,1,20269892,4,True,,0.30084559321403503,0.04400579631328583,0.6551486253738403,0.34850986452297505,0.1269565267305224,0.5245336087465026,1.9035791880666308,True,A2CFC6311C185EAA2F17BA13E733D522713F64F2850C50F6EEF6E4CE1F592221,20269892,0
R0483,GG0021,RCB0010,S,2,1,20269892,4,True,,0.3434632420539856,0.2109736055135727,0.4455631375312805,0.3423910087028546,0.2650549622659322,0.3925540290312131,1.9035791880666308,True,A2CFC6311C185EAA2F17BA13E733D522713F64F2850C50F6EEF6E4CE1F592221,20269892,0
R0484,GG0021,RCB0010,S,2,1,20269892,4,True,,0.23520447313785553,0.1933443695306778,0.5714511275291443,0.2860146819688758,0.25803325984607267,0.4559520581850515,1.9035791880666308,True,A2CFC6311C185EAA2F17BA13E733D522713F64F2850C50F6EEF6E4CE1F592221,20269892,0
R0485,GG0021,RCB0010,S,2,1,20269892,4,True,,0.14336097240447998,0.08453604578971863,0.772102952003479,0.23926208854688072,0.1812883247905203,0.579449586662599,1.9035791880666308,True,A2CFC6311C185EAA2F17BA13E733D522713F64F2850C50F6EEF6E4CE1F592221,20269892,0
R0486,GG0021,RCB0010,S,2,1,20269892,4,True,,0.03205184265971184,0.016889482736587524,0.9510587453842163,0.13072155628973386,0.09336459314468605,0.77591385056558,1.9035791880666308,True,A2CFC6311C185EAA2F17BA13E733D522713F64F2850C50F6EEF6E4CE1F592221,20269892,0
R0487,GG0021,RCB0010,S,2,1,20269892,4,True,,0.023803893476724625,0.016758635640144348,0.9594374299049377,0.11359252272655374,0.09446808840506539,0.7919393888683809,1.9035791880666308,True,A2CFC6311C185EAA2F17BA13E733D522713F64F2850C50F6EEF6E4CE1F592221,20269892,0
R0488,GG0021,RCB0010,S,2,1,20269892,4,True,,0.00774348946288228,0.008863690309226513,0.9833927750587463,0.06750483501002678,0.07247027306957607,0.8600248919203971,1.9035791880666308,True,A2CFC6311C185EAA2F17BA13E733D522713F64F2850C50F6EEF6E4CE1F592221,20269892,0
R0489,GG0021,RCB0010,S,2,1,20269892,4,True,,0.02153703197836876,0.022939708083868027,0.9555231928825378,0.10676894009818898,0.11036717787544824,0.7828638820263627,1.9035791880666308,True,A2CFC6311C185EAA2F17BA13E733D522713F64F2850C50F6EEF6E4CE1F592221,20269892,0
R0490,GG0021,RCB0010,S,2,1,20269892,4,True,,0.010301423259079456,0.01041452120989561,0.9792840480804443,0.077232803935608,0.0776770886041375,0.8450901074602545,1.9035791880666308,True,A2CFC6311C185EAA2F17BA13E733D522713F64F2850C50F6EEF6E4CE1F592221,20269892,0
R0491,GG0021,RCB0010,S,2,1,20269892,4,True,,0.017407774925231934,0.018898222595453262,0.9636939764022827,0.09726990754447755,0.1015595883314319,0.8011705041240906,1.9035791880666308,True,A2CFC6311C185EAA2F17BA13E733D522713F64F2850C50F6EEF6E4CE1F592221,20269892,0
R0492,GG0021,RCB0010,S,2,1,20269892,4,True,,0.014540980570018291,0.013895858079195023,0.9715631008148193,0.09034755943207193,0.08821920232369124,0.8214332382442368,1.9035791880666308,True,A2CFC6311C185EAA2F17BA13E733D522713F64F2850C50F6EEF6E4CE1F592221,20269892,0
R0493,GG0021,RCB0010,S,2,1,20269892,4,True,,0.010397260077297688,0.00991930440068245,0.9796834588050842,0.07771863161367247,0.07582085750464136,0.8464605108816861,1.9035791880666308,True,A2CFC6311C185EAA2F17BA13E733D522713F64F2850C50F6EEF6E4CE1F592221,20269892,0
R0494,GG0021,RCB0010,S,2,1,20269892,4,True,,0.010221253149211407,0.012467721477150917,0.9773109555244446,0.07642052228056442,0.08482750496792554,0.83875197275151,1.9035791880666308,True,A2CFC6311C185EAA2F17BA13E733D522713F64F2850C50F6EEF6E4CE1F592221,20269892,0
R0495,GG0021,RCB0010,S,2,1,20269892,4,True,,0.014831343665719032,0.017103297635912895,0.9680653810501099,0.0904265786655732,0.09745709274723344,0.8121163285871933,1.9035791880666308,True,A2CFC6311C185EAA2F17BA13E733D522713F64F2850C50F6EEF6E4CE1F592221,20269892,0
R0496,GG0021,RCB0010,S,2,1,20269892,4,True,,0.012802258133888245,0.031541600823402405,0.955656111240387,0.08167975302146632,0.13116883311124478,0.7871514138672889,1.9035791880666308,True,A2CFC6311C185EAA2F17BA13E733D522713F64F2850C50F6EEF6E4CE1F592221,20269892,0
R0507,GG0010,RCB0010,S,2,1,20269892,4,True,,0.01947724260389805,0.01280478946864605,0.9677179455757141,0.10434209845368714,0.08370834552208482,0.811949556024228,1.9035791880666308,True,A2CFC6311C185EAA2F17BA13E733D522713F64F2850C50F6EEF6E4CE1F592221,20269892,0
R0508,GG0010,RCB0010,S,2,1,20269892,4,True,,0.00935144443064928,0.01072453148663044,0.9799240231513977,0.07357697178914645,0.07906761229382474,0.8473554159170288,1.9035791880666308,True,A2CFC6311C185EAA2F17BA13E733D522713F64F2850C50F6EEF6E4CE1F592221,20269892,0
R0509,GG0010,RCB0010,S,2,1,20269892,4,True,,0.010236090049147606,0.011034280061721802,0.9787295460700989,0.07683020699327148,0.07992135534513878,0.8432484376615899,1.9035791880666308,True,A2CFC6311C185EAA2F17BA13E733D522713F64F2850C50F6EEF6E4CE1F592221,20269892,0
R0510,GG0010,RCB0010,S,2,1,20269892,4,True,,0.022130373865365982,0.022923151031136513,0.9549464583396912,0.10816951444983879,0.11018812368315274,0.7816423618670085,1.9035791880666308,True,A2CFC6311C185EAA2F17BA13E733D522713F64F2850C50F6EEF6E4CE1F592221,20269892,0
R0511,GG0010,RCB0010,S,2,1,20269892,4,True,,0.027515891939401627,0.018502460792660713,0.9539816975593567,0.12116505952660099,0.09836379502894427,0.7804711454444547,1.9035791880666308,True,A2CFC6311C185EAA2F17BA13E733D522713F64F2850C50F6EEF6E4CE1F592221,20269892,0
R0512,GG0010,RCB0010,S,2,1,20269892,4,True,,0.01902434602379799,0.012745958752930164,0.9682296514511108,0.10319027970555039,0.0836113063012078,0.8131984139932418,1.9035791880666308,True,A2CFC6311C185EAA2F17BA13E733D522713F64F2850C50F6EEF6E4CE1F592221,20269892,0
R0513,GG0010,RCB0010,S,2,1,20269892,4,True,,0.01517552137374878,0.011605133302509785,0.9732193946838379,0.09287883538302125,0.08067141624365401,0.8264497483733247,1.9035791880666308,True,A2CFC6311C185EAA2F17BA13E733D522713F64F2850C50F6EEF6E4CE1F592221,20269892,0
R0514,GG0010,RCB0010,S,2,1,20269892,4,True,,0.03155852481722832,0.029322022572159767,0.9391193985939026,0.12647462013124125,0.12168401090087877,0.75184136896788,1.9035791880666308,True,A2CFC6311C185EAA2F17BA13E733D522713F64F2850C50F6EEF6E4CE1F592221,20269892,0
R0515,GG0010,RCB0010,S,2,1,20269892,4,True,,0.018275046721100807,0.027156522497534752,0.9545684456825256,0.09784606608830905,0.12047798646862982,0.7816759474430611,1.9035791880666308,True,A2CFC6311C185EAA2F17BA13E733D522713F64F2850C50F6EEF6E4CE1F592221,20269892,0
R0516,GG0010,RCB0010,S,2,1,20269892,4,True,,0.02340211346745491,0.022449269890785217,0.9541485905647278,0.11120521769656311,0.10880316396493586,0.779991618338501,1.9035791880666308,True,A2CFC6311C185EAA2F17BA13E733D522713F64F2850C50F6EEF6E4CE1F592221,20269892,0
R0517,GG0010,RCB0010,S,2,1,20269892,4,True,,0.014326984994113445,0.02400916814804077,0.9616638422012329,0.08752417553326569,0.11479365357640527,0.797682170890329,1.9035791880666308,True,A2CFC6311C185EAA2F17BA13E733D522713F64F2850C50F6EEF6E4CE1F592221,20269892,0
R0518,GG0038,RCB0030,S,2,1,20269892,4,True,,0.16835016012191772,0.2845538556575775,0.5470960140228271,0.23953127367215604,0.31558098165536297,0.44488774467248104,1.9035791880666308,True,A2CFC6311C185EAA2F17BA13E733D522713F64F2850C50F6EEF6E4CE1F592221,20269892,0
R0519,GG0038,RCB0030,S,2,1,20269892,4,True,,0.11670564115047455,0.4392130374908447,0.44408130645751953,0.1990444746878611,0.3993182386165063,0.40163728669563264,1.9035791880666308,True,A2CFC6311C185EAA2F17BA13E733D522713F64F2850C50F6EEF6E4CE1F592221,20269892,0
R0520,GG0038,RCB0030,S,2,1,20269892,4,True,,0.09598369151353836,0.5733890533447266,0.3306272625923157,0.18273695258058553,0.4673172968506234,0.34994575056879096,1.9035791880666308,True,A2CFC6311C185EAA2F17BA13E733D522713F64F2850C50F6EEF6E4CE1F592221,20269892,0
R0521,GG0038,RCB0030,S,2,1,20269892,4,True,,0.269107848405838,0.29329797625541687,0.4375942051410675,0.29964898111237903,0.31350965340413145,0.38684136548348963,1.9035791880666308,True,A2CFC6311C185EAA2F17BA13E733D522713F64F2850C50F6EEF6E4CE1F592221,20269892,0
R0522,GG0038,RCB0030,S,2,1,20269892,4,True,,0.3193191587924957,0.619317352771759,0.061363499611616135,0.3525278453209174,0.4992563647760273,0.1482157899030553,1.9035791880666308,True,A2CFC6311C185EAA2F17BA13E733D522713F64F2850C50F6EEF6E4CE1F592221,20269892,0
R0523,GG0038,RCB0030,S,2,1,20269892,4,True,,0.043770819902420044,0.28945544362068176,0.6667737364768982,0.12691502618866454,0.34236479000279924,0.5307201838085362,1.9035791880666308,True,A2CFC6311C185EAA2F17BA13E733D522713F64F2850C50F6EEF6E4CE1F592221,20269892,0
R0524,GG0038,RCB0030,S,2,1,20269892,4,True,,0.04676666855812073,0.7901744842529297,0.16305886209011078,0.13618689369030565,0.6013450666639597,0.26246803964573473,1.9035791880666308,True,A2CFC6311C185EAA2F17BA13E733D522713F64F2850C50F6EEF6E4CE1F592221,20269892,0
R0525,GG0038,RCB0030,S,2,1,20269892,4,True,,0.08323278278112411,0.25770071148872375,0.6590664982795715,0.1731292626424591,0.3134813520038748,0.5133893853536661,1.9035791880666308,True,A2CFC6311C185EAA2F17BA13E733D522713F64F2850C50F6EEF6E4CE1F592221,20269892,0
R0526,GG0038,RCB0030,S,2,1,20269892,4,True,,0.03423679247498512,0.3765067160129547,0.5892565250396729,0.11132809295353904,0.39229813494134463,0.4963737721051163,1.9035791880666308,True,A2CFC6311C185EAA2F17BA13E733D522713F64F2850C50F6EEF6E4CE1F592221,20269892,0
R0527,GG0038,RCB0030,S,2,1,20269892,4,True,,0.01781519502401352,0.08610611408948898,0.8960786461830139,0.0899284162972216,0.20575382979228413,0.7043177539104942,1.9035791880666308,True,A2CFC6311C185EAA2F17BA13E733D522713F64F2850C50F6EEF6E4CE1F592221,20269892,0
R0528,GG0038,RCB0030,S,2,1,20269892,4,True,,0.2688874900341034,0.2641407251358032,0.466971755027771,0.30056468560644267,0.2977655378164547,0.40166977657710257,1.9035791880666308,True,A2CFC6311C185EAA2F17BA13E733D522713F64F2850C50F6EEF6E4CE1F592221,20269892,0
R0529,GG0038,RCB0030,S,2,1,20269892,4,True,,0.029982246458530426,0.041801221668720245,0.9282165169715881,0.12106274266637015,0.14415446817075228,0.7347827891628775,1.9035791880666308,True,A2CFC6311C185EAA2F17BA13E733D522713F64F2850C50F6EEF6E4CE1F592221,20269892,0
R0530,GG0038,RCB0030,S,2,1,20269892,4,True,,0.024830874055624008,0.022618353366851807,0.9525507688522339,0.11434891893888642,0.10887798018806981,0.7767731008730439,1.9035791880666308,True,A2CFC6311C185EAA2F17BA13E733D522713F64F2850C50F6EEF6E4CE1F592221,20269892,0
R0531,GG0038,RCB0030,S,2,1,20269892,4,True,,0.039886124432086945,0.02021932415664196,0.9398945569992065,0.14370719789300057,0.10057227981811094,0.7557205222888884,1.9035791880666308,True,A2CFC6311C185EAA2F17BA13E733D522713F64F2850C50F6EEF6E4CE1F592221,20269892,0
R0532,GG0038,RCB0030,S,2,1,20269892,4,True,,0.08081256598234177,0.18200311064720154,0.7371843457221985,0.17463851070442848,0.26752845903694383,0.5578330302586277,1.9035791880666308,True,A2CFC6311C185EAA2F17BA13E733D522713F64F2850C50F6EEF6E4CE1F592221,20269892,0
R0533,GG0038,RCB0030,S,2,1,20269892,4,True,,0.22309757769107819,0.39418983459472656,0.38271260261535645,0.2720108884529001,0.36681954953317125,0.36116956201392864,1.9035791880666308,True,A2CFC6311C185EAA2F17BA13E733D522713F64F2850C50F6EEF6E4CE1F592221,20269892,0
R0534,GG0038,RCB0030,S,2,1,20269892,4,True,,0.12221770733594894,0.14280301332473755,0.7349792718887329,0.21498512266723835,0.23330398611676936,0.5517108912159923,1.9035791880666308,True,A2CFC6311C185EAA2F17BA13E733D522713F64F2850C50F6EEF6E4CE1F592221,20269892,0
R0535,GG0038,RCB0030,S,2,1,20269892,4,True,,0.02437967248260975,0.053303904831409454,0.9223164319992065,0.10808750690701108,0.16302160858094453,0.7288908845120443,1.9035791880666308,True,A2CFC6311C185EAA2F17BA13E733D522713F64F2850C50F6EEF6E4CE1F592221,20269892,0
R0536,GG0028,RCB0023,S,2,1,20269892,4,True,,0.23232007026672363,0.060733918100595474,0.7069460153579712,0.30409060402849625,0.15028611035116557,0.5456232856203382,1.9035791880666308,True,A2CFC6311C185EAA2F17BA13E733D522713F64F2850C50F6EEF6E4CE1F592221,20269892,0
R0537,GG0028,RCB0023,S,2,1,20269892,4,True,,0.3337104022502899,0.03238070383667946,0.6339088678359985,0.37113165915981033,0.10897546482806762,0.519892876012122,1.9035791880666308,True,A2CFC6311C185EAA2F17BA13E733D522713F64F2850C50F6EEF6E4CE1F592221,20269892,0
R0538,GG0028,RCB0023,S,2,1,20269892,4,True,,0.060701899230480194,0.19973324239253998,0.7395648956298828,0.15178778625919517,0.2837662793115643,0.5644459344292406,1.9035791880666308,True,A2CFC6311C185EAA2F17BA13E733D522713F64F2850C50F6EEF6E4CE1F592221,20269892,0
R0539,GG0028,RCB0023,S,2,1,20269892,4,True,,0.11507874727249146,0.01613614149391651,0.8687850832939148,0.2353912441723475,0.08386570452914437,0.6807430512985082,1.9035791880666308,True,A2CFC6311C185EAA2F17BA13E733D522713F64F2850C50F6EEF6E4CE1F592221,20269892,0
R0540,GG0028,RCB0023,S,2,1,20269892,4,True,,0.06108585372567177,0.24603813886642456,0.6928759813308716,0.1501380302444939,0.31213718936809287,0.5377247803874132,1.9035791880666308,True,A2CFC6311C185EAA2F17BA13E733D522713F64F2850C50F6EEF6E4CE1F592221,20269892,0
R0553,GG0038,RCB0030,S,2,1,20269892,4,True,,0.030698969960212708,0.3676917850971222,0.6016092300415039,0.10572183377131618,0.3896327925649364,0.5046453736637475,1.9035791880666308,True,A2CFC6311C185EAA2F17BA13E733D522713F64F2850C50F6EEF6E4CE1F592221,20269892,0
R0554,GG0038,RCB0030,S,2,1,20269892,4,True,,0.3716006577014923,0.030151167884469032,0.5982481241226196,0.39192394704067635,0.10475880278870259,0.503317250170621,1.9035791880666308,True,A2CFC6311C185EAA2F17BA13E733D522713F64F2850C50F6EEF6E4CE1F592221,20269892,0
R0555,GG0038,RCB0030,S,2,1,20269892,4,True,,0.1581912487745285,0.033727776259183884,0.8080809712409973,0.2631944504092406,0.11686394686769731,0.619941602723062,1.9035791880666308,True,A2CFC6311C185EAA2F17BA13E733D522713F64F2850C50F6EEF6E4CE1F592221,20269892,0
R0556,GG0038,RCB0030,S,2,1,20269892,4,True,,0.020179226994514465,0.07040529698133469,0.9094155430793762,0.0968912773030971,0.18680118584464875,0.7163075368522541,1.9035791880666308,True,A2CFC6311C185EAA2F17BA13E733D522713F64F2850C50F6EEF6E4CE1F592221,20269892,0
R0557,GG0038,RCB0030,S,2,1,20269892,4,True,,0.27570271492004395,0.047627322375774384,0.6766699552536011,0.3333088861387241,0.1325076907039737,0.5341834231573023,1.9035791880666308,True,A2CFC6311C185EAA2F17BA13E733D522713F64F2850C50F6EEF6E4CE1F592221,20269892,0
R0558,GG0038,RCB0030,S,2,1,20269892,4,True,,0.06582076847553253,0.019823726266622543,0.914355456829071,0.18127922286904546,0.09650720964029139,0.722213567490663,1.9035791880666308,True,A2CFC6311C185EAA2F17BA13E733D522713F64F2850C50F6EEF6E4CE1F592221,20269892,0
R0559,GG0038,RCB0030,S,2,1,20269892,4,True,,0.2346007078886032,0.02371911145746708,0.7416801452636719,0.31941901096816366,0.09583847702125661,0.5847425120105797,1.9035791880666308,True,A2CFC6311C185EAA2F17BA13E733D522713F64F2850C50F6EEF6E4CE1F592221,20269892,0
R0560,GG0038,RCB0030,S,2,1,20269892,4,True,,0.35470980405807495,0.06936237961053848,0.5759278535842896,0.36842331729397154,0.15632289459362947,0.47525378811239904,1.9035791880666308,True,A2CFC6311C185EAA2F17BA13E733D522713F64F2850C50F6EEF6E4CE1F592221,20269892,0
R0561,GG0038,RCB0030,S,2,1,20269892,4,True,,0.02720797061920166,0.03226330131292343,0.9405287504196167,0.11730102827291601,0.12828698685275697,0.754411984874327,1.9035791880666308,True,A2CFC6311C185EAA2F17BA13E733D522713F64F2850C50F6EEF6E4CE1F592221,20269892,0
R0562,GG0038,RCB0030,S,2,1,20269892,4,True,,0.047684796154499054,0.14231544733047485,0.8099997639656067,0.13881045908572442,0.24653861235788954,0.6146509285563859,1.9035791880666308,True,A2CFC6311C185EAA2F17BA13E733D522713F64F2850C50F6EEF6E4CE1F592221,20269892,0
R0563,GG0038,RCB0030,S,2,1,20269892,4,True,,0.18580473959445953,0.2084665447473526,0.6057286858558655,0.2549244816978132,0.2708115153850467,0.47426400291714016,1.9035791880666308,True,A2CFC6311C185EAA2F17BA13E733D522713F64F2850C50F6EEF6E4CE1F592221,20269892,0
R0564,GG0038,RCB0030,S,2,1,20269892,4,True,,0.13819923996925354,0.13455478847026825,0.7272459864616394,0.22838550110078223,0.225201527968111,0.5464129709311069,1.9035791880666308,True,A2CFC6311C185EAA2F17BA13E733D522713F64F2850C50F6EEF6E4CE1F592221,20269892,0
R0565,GG0038,RCB0030,S,2,1,20269892,4,True,,0.025367019698023796,0.04466763138771057,0.9299653172492981,0.11136872003848411,0.14991607601221657,0.7387152039492993,1.9035791880666308,True,A2CFC6311C185EAA2F17BA13E733D522713F64F2850C50F6EEF6E4CE1F592221,20269892,0
R0566,GG0038,RCB0030,S,2,1,20269892,4,True,,0.1276080161333084,0.07177850604057312,0.8006134629249573,0.22919012438596434,0.16940472972657025,0.6014051458874654,1.9035791880666308,True,A2CFC6311C185EAA2F17BA13E733D522713F64F2850C50F6EEF6E4CE1F592221,20269892,0
R0567,GG0038,RCB0030,S,2,1,20269892,4,True,,0.0876428633928299,0.14507420361042023,0.7672829627990723,0.18419385917409822,0.2400242939353141,0.5757818468905876,1.9035791880666308,True,A2CFC6311C185EAA2F17BA13E733D522713F64F2850C50F6EEF6E4CE1F592221,20269892,0
R0568,GG0038,RCB0030,S,2,1,20269892,4,True,,0.3172963857650757,0.10768014937639236,0.5750234723091125,0.34089532156615704,0.1932279632601854,0.4658767151736576,1.9035791880666308,True,A2CFC6311C185EAA2F17BA13E733D522713F64F2850C50F6EEF6E4CE1F592221,20269892,0
R0569,GG0038,RCB0030,S,2,1,20269892,4,True,,0.1266714632511139,0.13101500272750854,0.7423135638237,0.21980377581589644,0.22373148341406454,0.5564647407700389,1.9035791880666308,True,A2CFC6311C185EAA2F17BA13E733D522713F64F2850C50F6EEF6E4CE1F592221,20269892,0
R0570,GG0038,RCB0030,S,2,1,20269892,4,True,,0.18959595263004303,0.24360011518001556,0.5668039917945862,0.25520760157698774,0.2911216710922223,0.45367072733078995,1.9035791880666308,True,A2CFC6311C185EAA2F17BA13E733D522713F64F2850C50F6EEF6E4CE1F592221,20269892,0
R0571,GG0038,RCB0030,S,2,1,20269892,4,True,,0.10294429957866669,0.16344429552555084,0.7336114048957825,0.19683041580145627,0.2509346398466559,0.5522349443518878,1.9035791880666308,True,A2CFC6311C185EAA2F17BA13E733D522713F64F2850C50F6EEF6E4CE1F592221,20269892,0
R0572,GG0038,RCB0030,S,2,1,20269892,4,True,,0.36785876750946045,0.08862411975860596,0.5435171127319336,0.37022435564297124,0.1752853181757836,0.4544903261812452,1.9035791880666308,True,A2CFC6311C185EAA2F17BA13E733D522713F64F2850C50F6EEF6E4CE1F592221,20269892,0
R0573,GG0038,RCB0030,S,2,1,20269892,4,True,,0.16123569011688232,0.11768756806850433,0.7210767269134521,0.24727480590855264,0.20958090372273327,0.543144290368714,1.9035791880666308,True,A2CFC6311C185EAA2F17BA13E733D522713F64F2850C50F6EEF6E4CE1F592221,20269892,0
R0574,GG0038,RCB0030,S,2,1,20269892,4,True,,0.12414225935935974,0.41458648443222046,0.4612713158130646,0.20504864122356545,0.38633837974642615,0.4086129790300084,1.9035791880666308,True,A2CFC6311C185EAA2F17BA13E733D522713F64F2850C50F6EEF6E4CE1F592221,20269892,0
R0575,GG0038,RCB0030,S,2,1,20269892,4,True,,0.1371534913778305,0.2637839913368225,0.5990625023841858,0.21836791738634817,0.30789547511051735,0.47373660750313457,1.9035791880666308,True,A2CFC6311C185EAA2F17BA13E733D522713F64F2850C50F6EEF6E4CE1F592221,20269892,0
R0576,GG0038,RCB0030,S,2,1,20269892,4,True,,0.5759689211845398,0.021040426567196846,0.4029906988143921,0.49882879615346915,0.08767520763031245,0.41349599621621835,1.9035791880666308,True,A2CFC6311C185EAA2F17BA13E733D522713F64F2850C50F6EEF6E4CE1F592221,20269892,0
R0577,GG0038,RCB0030,S,2,1,20269892,4,True,,0.23245015740394592,0.05816681683063507,0.7093830108642578,0.30487959111149626,0.14725276664082787,0.5478676422476759,1.9035791880666308,True,A2CFC6311C185EAA2F17BA13E733D522713F64F2850C50F6EEF6E4CE1F592221,20269892,0
R0578,GG0038,RCB0030,S,2,1,20269892,4,True,,0.23147527873516083,0.03555712476372719,0.7329675555229187,0.31191999430951384,0.11658680333224654,0.5714932023582396,1.9035791880666308,True,A2CFC6311C185EAA2F17BA13E733D522713F64F2850C50F6EEF6E4CE1F592221,20269892,0
R0579,GG0038,RCB0030,S,2,1,20269892,4,True,,0.4604591727256775,0.04294385388493538,0.4965969920158386,0.42954016868732753,0.12352799864971695,0.4469318326629556,1.9035791880666308,True,A2CFC6311C185EAA2F17BA13E733D522713F64F2850C50F6EEF6E4CE1F592221,20269892,0
R0580,GG0038,RCB0030,S,2,1,20269892,4,True,,0.19682112336158752,0.02637096308171749,0.7768079042434692,0.2937020724241583,0.10217055799431496,0.6041273695815267,1.9035791880666308,True,A2CFC6311C185EAA2F17BA13E733D522713F64F2850C50F6EEF6E4CE1F592221,20269892,0
R0581,GG0038,RCB0030,S,2,1,20269892,4,True,,0.33526572585105896,0.03453086316585541,0.6302034258842468,0.3709071901319879,0.11237581123913175,0.5167169986288804,1.9035791880666308,True,A2CFC6311C185EAA2F17BA13E733D522713F64F2850C50F6EEF6E4CE1F592221,20269892,0
R0582,GG0038,RCB0030,S,2,1,20269892,4,True,,0.179565891623497,0.028618425130844116,0.7918156981468201,0.28078875049121227,0.10700178745115038,0.6122094620576373,1.9035791880666308,True,A2CFC6311C185EAA2F17BA13E733D522713F64F2850C50F6EEF6E4CE1F592221,20269892,0
R0583,GG0038,RCB0030,S,2,1,20269892,4,True,,0.14588677883148193,0.05844982713460922,0.7956633567810059,0.24652578726276012,0.15247042533740143,0.6010037873998385,1.9035791880666308,True,A2CFC6311C185EAA2F17BA13E733D522713F64F2850C50F6EEF6E4CE1F592221,20269892,0
R0584,GG0038,RCB0030,S,2,1,20269892,4,True,,0.38960763812065125,0.04025432467460632,0.5701380372047424,0.3960562203666088,0.12019390497370311,0.483749874659688,1.9035791880666308,True,A2CFC6311C185EAA2F17BA13E733D522713F64F2850C50F6EEF6E4CE1F592221,20269892,0
R0585,GG0038,RCB0030,S,2,1,20269892,4,True,,0.30999261140823364,0.041833244264125824,0.6481741070747375,0.3543011307672805,0.12371665425957404,0.5219822149731455,1.9035791880666308,True,A2CFC6311C185EAA2F17BA13E733D522713F64F2850C50F6EEF6E4CE1F592221,20269892,0
R0586,GG0038,RCB0030,S,2,1,20269892,4,True,,0.22437772154808044,0.04579923674464226,0.7298230528831482,0.3037510904752847,0.1318192850688421,0.5644296244558732,1.9035791880666308,True,A2CFC6311C185EAA2F17BA13E733D522713F64F2850C50F6EEF6E4CE1F592221,20269892,0
R0587,GG0038,RCB0030,S,2,1,20269892,4,True,,0.18107573688030243,0.4049743413925171,0.4139499366283417,0.24568476232279782,0.37498599779406855,0.37932923988313366,1.9035791880666308,True,A2CFC6311C185EAA2F17BA13E733D522713F64F2850C50F6EEF6E4CE1F592221,20269892,0
R0588,GG0038,RCB0030,S,2,1,20269892,4,True,,0.44062983989715576,0.030331287533044815,0.5290389060974121,0.42625768583292745,0.10450739583563816,0.46923491833143444,1.9035791880666308,True,A2CFC6311C185EAA2F17BA13E733D522713F64F2850C50F6EEF6E4CE1F592221,20269892,0
R0589,GG0038,RCB0030,S,2,1,20269892,4,True,,0.16117511689662933,0.20625658333301544,0.6325682401657104,0.2387076712199814,0.271727737250175,0.48956459152984355,1.9035791880666308,True,A2CFC6311C185EAA2F17BA13E733D522713F64F2850C50F6EEF6E4CE1F592221,20269892,0
R0590,GG0038,RCB0030,S,2,1,20269892,4,True,,0.44818514585494995,0.046015914529561996,0.5057989358901978,0.42228565042204336,0.12773074191488173,0.449983607663075,1.9035791880666308,True,A2CFC6311C185EAA2F17BA13E733D522713F64F2850C50F6EEF6E4CE1F592221,20269892,0
R0591,GG0038,RCB0030,S,2,1,20269892,4,True,,0.2555953860282898,0.03744123503565788,0.7069633603096008,0.3256178088872119,0.11870787997653325,0.5556743111362548,1.9035791880666308,True,A2CFC6311C185EAA2F17BA13E733D522713F64F2850C50F6EEF6E4CE1F592221,20269892,0
R0592,GG0038,RCB0030,S,2,1,20269892,4,True,,0.1696343719959259,0.020565692335367203,0.8097999095916748,0.27753077316956626,0.09160469061645081,0.630864536213983,1.9035791880666308,True,A2CFC6311C185EAA2F17BA13E733D522713F64F2850C50F6EEF6E4CE1F592221,20269892,0
R0593,GG0038,RCB0030,S,2,1,20269892,4,True,,0.6349706649780273,0.054161880165338516,0.3108674883842468,0.5097976686250111,0.1398919314776385,0.35031039989735047,1.9035791880666308,True,A2CFC6311C185EAA2F17BA13E733D522713F64F2850C50F6EEF6E4CE1F592221,20269892,0
R0594,GG0038,RCB0030,S,2,1,20269892,4,True,,0.5152003765106201,0.042032018303871155,0.4427676200866699,0.45629687913032024,0.1223163784678698,0.42138674240180996,1.9035791880666308,True,A2CFC6311C185EAA2F17BA13E733D522713F64F2850C50F6EEF6E4CE1F592221,20269892,0
R0595,GG0038,RCB0030,S,2,1,20269892,4,True,,0.5840594172477722,0.056524258106946945,0.35941633582115173,0.4835360024554007,0.1417853481099111,0.37467864943468826,1.9035791880666308,True,A2CFC6311C185EAA2F17BA13E733D522713F64F2850C50F6EEF6E4CE1F592221,20269892,0
R0628,GG0038,RCB0030,S,2,1,20269892,4,True,,0.18906855583190918,0.29174327850341797,0.5191881656646729,0.25278209712580224,0.3174739352705708,0.42974396760362704,1.9035791880666308,True,A2CFC6311C185EAA2F17BA13E733D522713F64F2850C50F6EEF6E4CE1F592221,20269892,0
R0629,GG0038,RCB0030,S,2,1,20269892,4,True,,0.035191457718610764,0.03583335131406784,0.9289752244949341,0.13172634969451652,0.13298313206182324,0.7352905182436601,1.9035791880666308,True,A2CFC6311C185EAA2F17BA13E733D522713F64F2850C50F6EEF6E4CE1F592221,20269892,0
R0630,GG0038,RCB0030,S,2,1,20269892,4,True,,0.08127466589212418,0.30871185660362244,0.610013484954834,0.1695185570831141,0.3417396079000637,0.4887418350168222,1.9035791880666308,True,A2CFC6311C185EAA2F17BA13E733D522713F64F2850C50F6EEF6E4CE1F592221,20269892,0
R0631,GG0038,RCB0030,S,2,1,20269892,4,True,,0.01894530840218067,0.0884489119052887,0.8926057815551758,0.0924708893603049,0.20775356990159796,0.6997755407380972,1.9035791880666308,True,A2CFC6311C185EAA2F17BA13E733D522713F64F2850C50F6EEF6E4CE1F592221,20269892,0
R0632,GG0038,RCB0030,S,2,1,20269892,4,True,,0.036892011761665344,0.23105767369270325,0.732050359249115,0.11867520137200743,0.3111240698103272,0.5702007288176654,1.9035791880666308,True,A2CFC6311C185EAA2F17BA13E733D522713F64F2850C50F6EEF6E4CE1F592221,20269892,0
R0633,GG0038,RCB0030,S,2,1,20269892,4,True,,0.08778436481952667,0.1843011975288391,0.7279144525527954,0.18134003954079608,0.26773616773346914,0.5509237927257348,1.9035791880666308,True,A2CFC6311C185EAA2F17BA13E733D522713F64F2850C50F6EEF6E4CE1F592221,20269892,0
R0634,GG0038,RCB0030,S,2,1,20269892,4,True,,0.2659873068332672,0.2009127140045166,0.5331000089645386,0.30268078026699163,0.2611993033954048,0.43611991633760355,1.9035791880666308,True,A2CFC6311C185EAA2F17BA13E733D522713F64F2850C50F6EEF6E4CE1F592221,20269892,0
R0635,GG0038,RCB0030,S,2,1,20269892,4,True,,0.07498650252819061,0.17397810518741608,0.7510353922843933,0.16917811531180427,0.26324306880668197,0.5675788158815138,1.9035791880666308,True,A2CFC6311C185EAA2F17BA13E733D522713F64F2850C50F6EEF6E4CE1F592221,20269892,0
R0636,GG0038,RCB0030,S,2,1,20269892,4,True,,0.06515629589557648,0.4252075254917145,0.5096361637115479,0.15093933799550893,0.404349174107185,0.444711487897306,1.9035791880666308,True,A2CFC6311C185EAA2F17BA13E733D522713F64F2850C50F6EEF6E4CE1F592221,20269892,0
R0731,GG0021,RCB0010,S,2,1,20269892,4,False,row_missingness_at_or_above_threshold,,,,,,,1.9035791880666308,True,A2CFC6311C185EAA2F17BA13E733D522713F64F2850C50F6EEF6E4CE1F592221,20269892,0
R0732,GG0021,RCB0010,S,2,1,20269892,4,False,row_missingness_at_or_above_threshold,,,,,,,1.9035791880666308,True,A2CFC6311C185EAA2F17BA13E733D522713F64F2850C50F6EEF6E4CE1F592221,20269892,0
R0733,GG0021,RCB0010,S,2,1,20269892,4,False,row_missingness_at_or_above_threshold,,,,,,,1.9035791880666308,True,A2CFC6311C185EAA2F17BA13E733D522713F64F2850C50F6EEF6E4CE1F592221,20269892,0
R0734,GG0021,RCB0010,S,2,1,20269892,4,False,row_missingness_at_or_above_threshold,,,,,,,1.9035791880666308,True,A2CFC6311C185EAA2F17BA13E733D522713F64F2850C50F6EEF6E4CE1F592221,20269892,0
R0735,GG0021,RCB0010,S,2,1,20269892,4,False,row_missingness_at_or_above_threshold,,,,,,,1.9035791880666308,True,A2CFC6311C185EAA2F17BA13E733D522713F64F2850C50F6EEF6E4CE1F592221,20269892,0
R0736,GG0021,RCB0010,S,2,1,20269892,4,False,row_missingness_at_or_above_threshold,,,,,,,1.9035791880666308,True,A2CFC6311C185EAA2F17BA13E733D522713F64F2850C50F6EEF6E4CE1F592221,20269892,0
R0737,GG0021,RCB0010,S,2,1,20269892,4,True,,0.6815393567085266,0.032033201307058334,0.28642746806144714,0.5450053225590185,0.10935157362410182,0.34564310381687974,1.9035791880666308,True,A2CFC6311C185EAA2F17BA13E733D522713F64F2850C50F6EEF6E4CE1F592221,20269892,0
R0738,GG0021,RCB0010,S,2,1,20269892,4,True,,0.1832844763994217,0.09433505684137344,0.7223804593086243,0.26589405391785265,0.18757585617508654,0.5465300899070609,1.9035791880666308,True,A2CFC6311C185EAA2F17BA13E733D522713F64F2850C50F6EEF6E4CE1F592221,20269892,0
R0739,GG0021,RCB0010,S,2,1,20269892,4,True,,0.3086431324481964,0.05650865659117699,0.6348481774330139,0.3483707777383338,0.1427896887588458,0.5088395335028204,1.9035791880666308,True,A2CFC6311C185EAA2F17BA13E733D522713F64F2850C50F6EEF6E4CE1F592221,20269892,0
R0740,GG0021,RCB0010,S,2,1,20269892,4,True,,0.025255775079131126,0.2743052542209625,0.700438916683197,0.09775684593354755,0.34223042725086733,0.5600127268155851,1.9035791880666308,True,A2CFC6311C185EAA2F17BA13E733D522713F64F2850C50F6EEF6E4CE1F592221,20269892,0
R0741,GG0021,RCB0010,S,2,1,20269892,4,True,,0.17065821588039398,0.07669731974601746,0.7526444792747498,0.260591014004913,0.1711941629777898,0.5682148230172972,1.9035791880666308,True,A2CFC6311C185EAA2F17BA13E733D522713F64F2850C50F6EEF6E4CE1F592221,20269892,0
R0742,GG0021,RCB0010,S,2,1,20269892,4,True,,0.1515965610742569,0.12535548210144043,0.7230479717254639,0.2394035843384834,0.2166541754059821,0.5439422402555345,1.9035791880666308,True,A2CFC6311C185EAA2F17BA13E733D522713F64F2850C50F6EEF6E4CE1F592221,20269892,0
R0743,GG0021,RCB0010,S,2,1,20269892,4,True,,0.3342282176017761,0.07455556839704514,0.5912162065505981,0.3566279492911273,0.16215571305883217,0.48121633765004046,1.9035791880666308,True,A2CFC6311C185EAA2F17BA13E733D522713F64F2850C50F6EEF6E4CE1F592221,20269892,0
R0744,GG0021,RCB0010,S,2,1,20269892,4,True,,0.33858925104141235,0.24672375619411469,0.4146869480609894,0.3379298755700855,0.2861634055320997,0.3759067188978148,1.9035791880666308,True,A2CFC6311C185EAA2F17BA13E733D522713F64F2850C50F6EEF6E4CE1F592221,20269892,0
R0745,GG0021,RCB0010,S,2,1,20269892,4,True,,0.40373414754867554,0.06187449023127556,0.5343913435935974,0.3949442299770704,0.14743939638440817,0.45761637363852153,1.9035791880666308,True,A2CFC6311C185EAA2F17BA13E733D522713F64F2850C50F6EEF6E4CE1F592221,20269892,0
R0746,GG0021,RCB0010,S,2,1,20269892,4,True,,0.4764915406703949,0.07449228316545486,0.44901612401008606,0.42616283034704255,0.16076522986487174,0.4130719397880858,1.9035791880666308,True,A2CFC6311C185EAA2F17BA13E733D522713F64F2850C50F6EEF6E4CE1F592221,20269892,0
R0747,GG0021,RCB0010,S,2,1,20269892,4,True,,0.33782705664634705,0.033974628895521164,0.6281983256340027,0.3725171314564786,0.1114583262819558,0.5160245422615657,1.9035791880666308,True,A2CFC6311C185EAA2F17BA13E733D522713F64F2850C50F6EEF6E4CE1F592221,20269892,0
R0748,GG0021,RCB0010,S,2,1,20269892,4,True,,0.3662339448928833,0.17823944985866547,0.4555266499519348,0.3563206381142882,0.24408591003173513,0.39959345185397654,1.9035791880666308,True,A2CFC6311C185EAA2F17BA13E733D522713F64F2850C50F6EEF6E4CE1F592221,20269892,0
R0749,GG0021,RCB0010,S,2,1,20269892,4,False,row_missingness_at_or_above_threshold,,,,,,,1.9035791880666308,True,A2CFC6311C185EAA2F17BA13E733D522713F64F2850C50F6EEF6E4CE1F592221,20269892,0
R0750,GG0021,RCB0010,S,2,1,20269892,4,False,row_missingness_at_or_above_threshold,,,,,,,1.9035791880666308,True,A2CFC6311C185EAA2F17BA13E733D522713F64F2850C50F6EEF6E4CE1F592221,20269892,0
R0751,GG0021,RCB0010,S,2,1,20269892,4,False,row_missingness_at_or_above_threshold,,,,,,,1.9035791880666308,True,A2CFC6311C185EAA2F17BA13E733D522713F64F2850C50F6EEF6E4CE1F592221,20269892,0
R0752,GG0021,RCB0010,S,2,1,20269892,4,False,row_missingness_at_or_above_threshold,,,,,,,1.9035791880666308,True,A2CFC6311C185EAA2F17BA13E733D522713F64F2850C50F6EEF6E4CE1F592221,20269892,0
R0753,GG0021,RCB0010,S,2,1,20269892,4,False,row_missingness_at_or_above_threshold,,,,,,,1.9035791880666308,True,A2CFC6311C185EAA2F17BA13E733D522713F64F2850C50F6EEF6E4CE1F592221,20269892,0
R0754,GG0021,RCB0010,S,2,1,20269892,4,True,,0.055321112275123596,0.036131538450717926,0.9085474014282227,0.16260932649659332,0.13000431540638865,0.707386358097018,1.9035791880666308,True,A2CFC6311C185EAA2F17BA13E733D522713F64F2850C50F6EEF6E4CE1F592221,20269892,0
R0755,GG0021,RCB0010,S,2,1,20269892,4,True,,0.054979708045721054,0.10331270843744278,0.8417075276374817,0.15184777651674078,0.21150577926545422,0.636646444217805,1.9035791880666308,True,A2CFC6311C185EAA2F17BA13E733D522713F64F2850C50F6EEF6E4CE1F592221,20269892,0
R0756,GG0021,RCB0010,S,2,1,20269892,4,True,,0.05793115124106407,0.02820686064660549,0.9138619899749756,0.16822715342929803,0.11526607509158762,0.7165067714791142,1.9035791880666308,True,A2CFC6311C185EAA2F17BA13E733D522713F64F2850C50F6EEF6E4CE1F592221,20269892,0
R0757,GG0021,RCB0010,S,2,1,20269892,4,True,,0.08297324925661087,0.0730908140540123,0.8439359664916992,0.1880496138276912,0.1759300188309159,0.6360203673413929,1.9035791880666308,True,A2CFC6311C185EAA2F17BA13E733D522713F64F2850C50F6EEF6E4CE1F592221,20269892,0
R0894,GG0016,RCB0015,A,1,1,20269892,4,True,,0.05337170511484146,0.4914315640926361,0.455196738243103,0.13711309150387466,0.44012212646311627,0.4227647820330091,1.9035791880666308,True,A2CFC6311C185EAA2F17BA13E733D522713F64F2850C50F6EEF6E4CE1F592221,20269892,0
R0895,GG0016,RCB0015,A,1,1,20269892,4,True,,0.033230770379304886,0.23698768019676208,0.7297815084457397,0.11268414457093648,0.3162739523547011,0.5710419030743624,1.9035791880666308,True,A2CFC6311C185EAA2F17BA13E733D522713F64F2850C50F6EEF6E4CE1F592221,20269892,0
R0896,GG0016,RCB0015,A,1,1,20269892,4,True,,0.2671380937099457,0.6635527014732361,0.06930924952030182,0.3220570294120579,0.5194095882672021,0.15853338232074005,1.9035791880666308,True,A2CFC6311C185EAA2F17BA13E733D522713F64F2850C50F6EEF6E4CE1F592221,20269892,0
R0897,GG0016,RCB0015,A,1,1,20269892,4,True,,0.025387223809957504,0.9407824277877808,0.03383036330342293,0.11320561822723847,0.7551592947204169,0.13163508705234467,1.9035791880666308,True,A2CFC6311C185EAA2F17BA13E733D522713F64F2850C50F6EEF6E4CE1F592221,20269892,0
R0898,GG0016,RCB0015,A,1,1,20269892,4,True,,0.0687723383307457,0.7712749242782593,0.15995272994041443,0.1634439100208706,0.5819072534281365,0.25464883655099285,1.9035791880666308,True,A2CFC6311C185EAA2F17BA13E733D522713F64F2850C50F6EEF6E4CE1F592221,20269892,0
R0899,GG0016,RCB0015,A,1,1,20269892,4,True,,0.18775293231010437,0.7544781565666199,0.05776891112327576,0.2766355606962449,0.5744292074156354,0.14893523188811966,1.9035791880666308,True,A2CFC6311C185EAA2F17BA13E733D522713F64F2850C50F6EEF6E4CE1F592221,20269892,0
R0900,GG0016,RCB0015,A,1,1,20269892,4,True,,0.12010711431503296,0.8142738938331604,0.06561899185180664,0.22416527313467385,0.6126612273308649,0.16317349953446114,1.9035791880666308,True,A2CFC6311C185EAA2F17BA13E733D522713F64F2850C50F6EEF6E4CE1F592221,20269892,0
R0901,GG0062,RCB0045,I,0,1,20269892,4,True,,0.035935256630182266,0.0083853080868721,0.9556794166564941,0.14145575623999798,0.06585876254977512,0.792685481210227,1.9035791880666308,True,A2CFC6311C185EAA2F17BA13E733D522713F64F2850C50F6EEF6E4CE1F592221,20269892,0
R0902,GG0062,RCB0045,I,0,1,20269892,4,True,,0.08577637374401093,0.00853096041828394,0.9056926965713501,0.21067005944517733,0.06266596538557384,0.726663975169249,1.9035791880666308,True,A2CFC6311C185EAA2F17BA13E733D522713F64F2850C50F6EEF6E4CE1F592221,20269892,0
R0903,GG0062,RCB0045,I,0,1,20269892,4,True,,0.1180969625711441,0.012906694784760475,0.8689963817596436,0.2400483630104036,0.07503047691397818,0.6849211600756182,1.9035791880666308,True,A2CFC6311C185EAA2F17BA13E733D522713F64F2850C50F6EEF6E4CE1F592221,20269892,0
R0904,GG0062,RCB0045,I,0,1,20269892,4,True,,0.11279972642660141,0.01162383146584034,0.8755764365196228,0.23598544338271288,0.07151710734432026,0.6924974492729669,1.9035791880666308,True,A2CFC6311C185EAA2F17BA13E733D522713F64F2850C50F6EEF6E4CE1F592221,20269892,0
R0905,GG0062,RCB0045,I,0,1,20269892,4,True,,0.044592685997486115,0.017316555604338646,0.9380907416343689,0.15237231499431933,0.09270452935758806,0.7549231556480926,1.9035791880666308,True,A2CFC6311C185EAA2F17BA13E733D522713F64F2850C50F6EEF6E4CE1F592221,20269892,0
R0906,GG0062,RCB0045,I,0,1,20269892,4,True,,0.060879435390233994,0.009200351312756538,0.9299202561378479,0.1799125167675409,0.06667206847046844,0.7534154147619906,1.9035791880666308,True,A2CFC6311C185EAA2F17BA13E733D522713F64F2850C50F6EEF6E4CE1F592221,20269892,0
R0907,GG0062,RCB0045,I,0,1,20269892,4,True,,0.030506005510687828,0.010269388556480408,0.9592245817184448,0.1301470202887178,0.0734579147793355,0.7963950649319467,1.9035791880666308,True,A2CFC6311C185EAA2F17BA13E733D522713F64F2850C50F6EEF6E4CE1F592221,20269892,0
R0944,GG0026,RCB0022,A,1,1,20269892,4,True,,0.2721294164657593,0.701484739780426,0.026385826990008354,0.34036454642155956,0.5597329791081348,0.09990247447030562,1.9035791880666308,True,A2CFC6311C185EAA2F17BA13E733D522713F64F2850C50F6EEF6E4CE1F592221,20269892,0
R0945,GG0026,RCB0022,A,1,1,20269892,4,True,,0.21544896066188812,0.7605798840522766,0.023971138522028923,0.30718281023713384,0.5958964828964506,0.0969207068664155,1.9035791880666308,True,A2CFC6311C185EAA2F17BA13E733D522713F64F2850C50F6EEF6E4CE1F592221,20269892,0
R0946,GG0026,RCB0022,A,1,1,20269892,4,True,,0.23978473246097565,0.7370584011077881,0.023156922310590744,0.3229231070195784,0.5824925757214018,0.09458431725901982,1.9035791880666308,True,A2CFC6311C185EAA2F17BA13E733D522713F64F2850C50F6EEF6E4CE1F592221,20269892,0
R0947,GG0026,RCB0022,A,1,1,20269892,4,True,,0.3467058539390564,0.6095811724662781,0.04371301084756851,0.37285651066386455,0.501514639240129,0.12562885009600652,1.9035791880666308,True,A2CFC6311C185EAA2F17BA13E733D522713F64F2850C50F6EEF6E4CE1F592221,20269892,0
R0948,GG0026,RCB0022,A,1,1,20269892,4,True,,0.35210973024368286,0.609807550907135,0.038082707673311234,0.3780297813308449,0.5044569046820245,0.11751331398713045,1.9035791880666308,True,A2CFC6311C185EAA2F17BA13E733D522713F64F2850C50F6EEF6E4CE1F592221,20269892,0
R0949,GG0026,RCB0022,A,1,1,20269892,4,True,,0.1955864578485489,0.7691229581832886,0.03529058024287224,0.2890384147659159,0.5933957873119085,0.11756579792217559,1.9035791880666308,True,A2CFC6311C185EAA2F17BA13E733D522713F64F2850C50F6EEF6E4CE1F592221,20269892,0
R0950,GG0026,RCB0022,A,1,1,20269892,4,True,,0.22948238253593445,0.7460107207298279,0.024506838992238045,0.3158115449037444,0.5866684883655899,0.09751996673066575,1.9035791880666308,True,A2CFC6311C185EAA2F17BA13E733D522713F64F2850C50F6EEF6E4CE1F592221,20269892,0
R0951,GG0026,RCB0022,A,1,1,20269892,4,True,,0.29500797390937805,0.669322669506073,0.035669319331645966,0.3487422542545588,0.5363108255178635,0.11494692022757773,1.9035791880666308,True,A2CFC6311C185EAA2F17BA13E733D522713F64F2850C50F6EEF6E4CE1F592221,20269892,0
R0952,GG0064,RCB0046,A,1,1,20269892,4,True,,0.07912740111351013,0.1336694359779358,0.7872031927108765,0.1766721154081075,0.23269525166055893,0.5906326329313335,1.9035791880666308,True,A2CFC6311C185EAA2F17BA13E733D522713F64F2850C50F6EEF6E4CE1F592221,20269892,0
R0953,GG0064,RCB0046,A,1,1,20269892,4,True,,0.16226285696029663,0.5432085990905762,0.2945285737514496,0.23505662587915124,0.4434412721410638,0.3215021019797849,1.9035791880666308,True,A2CFC6311C185EAA2F17BA13E733D522713F64F2850C50F6EEF6E4CE1F592221,20269892,0
R0954,GG0064,RCB0046,A,1,1,20269892,4,True,,0.15537236630916595,0.598283588886261,0.24634402990341187,0.23231928959816744,0.4717167016979667,0.295964008703866,1.9035791880666308,True,A2CFC6311C185EAA2F17BA13E733D522713F64F2850C50F6EEF6E4CE1F592221,20269892,0
R0955,GG0064,RCB0046,A,1,1,20269892,4,True,,0.27261883020401,0.5836902260780334,0.14369092881679535,0.3119114307893609,0.4652839667728806,0.22280460243775846,1.9035791880666308,True,A2CFC6311C185EAA2F17BA13E733D522713F64F2850C50F6EEF6E4CE1F592221,20269892,0
R0956,GG0064,RCB0046,A,1,1,20269892,4,True,,0.13106323778629303,0.6477150321006775,0.2212217003107071,0.2159176488875023,0.499819970948001,0.28426238016449673,1.9035791880666308,True,A2CFC6311C185EAA2F17BA13E733D522713F64F2850C50F6EEF6E4CE1F592221,20269892,0
R1131,GG0074,RCB0050,S,2,1,20269892,4,True,,0.14815986156463623,0.807255208492279,0.04458488151431084,0.2519685142211861,0.6139508358088858,0.13408064996992808,1.9035791880666308,True,A2CFC6311C185EAA2F17BA13E733D522713F64F2850C50F6EEF6E4CE1F592221,20269892,0
R1132,GG0074,RCB0050,S,2,1,20269892,4,True,,0.15030895173549652,0.7967551350593567,0.052935890853405,0.2512786135435893,0.6034903249562718,0.14523106150013895,1.9035791880666308,True,A2CFC6311C185EAA2F17BA13E733D522713F64F2850C50F6EEF6E4CE1F592221,20269892,0
R1133,GG0074,RCB0050,S,2,1,20269892,4,True,,0.15595275163650513,0.8023440837860107,0.04170310124754906,0.2587715123555473,0.6118099008867661,0.12941858675768653,1.9035791880666308,True,A2CFC6311C185EAA2F17BA13E733D522713F64F2850C50F6EEF6E4CE1F592221,20269892,0
R1134,GG0074,RCB0050,S,2,1,20269892,4,True,,0.09871329367160797,0.7651081681251526,0.13617853820323944,0.19545099555295975,0.5731064017987172,0.23144260264832306,1.9035791880666308,True,A2CFC6311C185EAA2F17BA13E733D522713F64F2850C50F6EEF6E4CE1F592221,20269892,0
R1135,GG0074,RCB0050,S,2,1,20269892,4,True,,0.058477625250816345,0.869530439376831,0.07199189811944962,0.16014513343613762,0.6612277062711324,0.17862716029273007,1.9035791880666308,True,A2CFC6311C185EAA2F17BA13E733D522713F64F2850C50F6EEF6E4CE1F592221,20269892,0
R1136,GG0074,RCB0050,S,2,1,20269892,4,True,,0.1615830957889557,0.500893771648407,0.3375231623649597,0.23340829634888874,0.42289753879963443,0.34369416485147686,1.9035791880666308,True,A2CFC6311C185EAA2F17BA13E733D522713F64F2850C50F6EEF6E4CE1F592221,20269892,0
R1137,GG0074,RCB0050,S,2,1,20269892,4,True,,0.1704985499382019,0.4977463483810425,0.33175504207611084,0.23956447067795694,0.42058139964471014,0.3398541296773329,1.9035791880666308,True,A2CFC6311C185EAA2F17BA13E733D522713F64F2850C50F6EEF6E4CE1F592221,20269892,0
R1138,GG0074,RCB0050,S,2,1,20269892,4,True,,0.2471461445093155,0.46002280712127686,0.2928310036659241,0.2874273298567237,0.39835885419299927,0.3142138159502769,1.9035791880666308,True,A2CFC6311C185EAA2F17BA13E733D522713F64F2850C50F6EEF6E4CE1F592221,20269892,0
R1318,GG0082,RCB0053,S,2,1,20269892,4,True,,0.11966963857412338,0.05669354647397995,0.8236367702484131,0.22572278323377276,0.15245200084264357,0.6218252159235838,1.9035791880666308,True,A2CFC6311C185EAA2F17BA13E733D522713F64F2850C50F6EEF6E4CE1F592221,20269892,0
R1319,GG0082,RCB0053,S,2,1,20269892,4,True,,0.12557874619960785,0.07784167677164078,0.7965795397758484,0.22639503444496023,0.17609805828830327,0.5975069072667366,1.9035791880666308,True,A2CFC6311C185EAA2F17BA13E733D522713F64F2850C50F6EEF6E4CE1F592221,20269892,0
R1320,GG0082,RCB0053,S,2,1,20269892,4,True,,0.1295785754919052,0.1379622519016266,0.7324591875076294,0.2213551837009019,0.2287666915455574,0.5498781247535407,1.9035791880666308,True,A2CFC6311C185EAA2F17BA13E733D522713F64F2850C50F6EEF6E4CE1F592221,20269892,0
R1321,GG0082,RCB0053,S,2,1,20269892,4,True,,0.049820415675640106,0.028932614251971245,0.9212470054626465,0.15670180277044818,0.11778410306872476,0.725514094160827,1.9035791880666308,True,A2CFC6311C185EAA2F17BA13E733D522713F64F2850C50F6EEF6E4CE1F592221,20269892,0
R1322,GG0082,RCB0053,S,2,1,20269892,4,True,,0.06292790174484253,0.04868633300065994,0.8883857131004333,0.16972779721524728,0.1483244095178431,0.6819477932669097,1.9035791880666308,True,A2CFC6311C185EAA2F17BA13E733D522713F64F2850C50F6EEF6E4CE1F592221,20269892,0
R1323,GG0082,RCB0053,S,2,1,20269892,4,True,,0.21057623624801636,0.23599380254745483,0.5534299612045288,0.268599201234021,0.2851699508759834,0.44623084788999556,1.9035791880666308,True,A2CFC6311C185EAA2F17BA13E733D522713F64F2850C50F6EEF6E4CE1F592221,20269892,0
R1324,GG0082,RCB0053,S,2,1,20269892,4,True,,0.2179044634103775,0.11671096831560135,0.6653845906257629,0.28425868990814296,0.20477135981808883,0.5109699502737682,1.9035791880666308,True,A2CFC6311C185EAA2F17BA13E733D522713F64F2850C50F6EEF6E4CE1F592221,20269892,0
R1325,GG0082,RCB0053,S,2,1,20269892,4,True,,0.36068248748779297,0.272823691368103,0.3664938509464264,0.3481866777863067,0.3006907304222469,0.35112259179144634,1.9035791880666308,True,A2CFC6311C185EAA2F17BA13E733D522713F64F2850C50F6EEF6E4CE1F592221,20269892,0
R1326,GG0082,RCB0053,S,2,1,20269892,4,True,,0.3854265809059143,0.1373879760503769,0.4771854877471924,0.3703202898669633,0.21539473610750548,0.41428497402553127,1.9035791880666308,True,A2CFC6311C185EAA2F17BA13E733D522713F64F2850C50F6EEF6E4CE1F592221,20269892,0
R1327,GG0082,RCB0053,S,2,1,20269892,4,True,,0.5347095131874084,0.07848966866731644,0.3868008553981781,0.4527894874920758,0.16524912835105876,0.3819613841568654,1.9035791880666308,True,A2CFC6311C185EAA2F17BA13E733D522713F64F2850C50F6EEF6E4CE1F592221,20269892,0
R1328,GG0082,RCB0053,S,2,1,20269892,4,True,,0.5383771061897278,0.05159752070903778,0.41002532839775085,0.4633011877099171,0.13515772884434563,0.4015410834457374,1.9035791880666308,True,A2CFC6311C185EAA2F17BA13E733D522713F64F2850C50F6EEF6E4CE1F592221,20269892,0
R1431,GG0088,RCB0056,A,1,1,20269892,4,True,,0.02357442118227482,0.9567110538482666,0.019714485853910446,0.11226871603870295,0.7855281426718463,0.10220314128945057,1.9035791880666308,True,A2CFC6311C185EAA2F17BA13E733D522713F64F2850C50F6EEF6E4CE1F592221,20269892,0
R1432,GG0088,RCB0056,A,1,1,20269892,4,True,,0.02836833894252777,0.9505867958068848,0.021044915542006493,0.12222062849701391,0.7733033364834022,0.10447603501958377,1.9035791880666308,True,A2CFC6311C185EAA2F17BA13E733D522713F64F2850C50F6EEF6E4CE1F592221,20269892,0
R1433,GG0088,RCB0056,A,1,1,20269892,4,True,,0.02600921504199505,0.9522401094436646,0.021750623360276222,0.11711294632337853,0.7762739909722194,0.10661306270440207,1.9035791880666308,True,A2CFC6311C185EAA2F17BA13E733D522713F64F2850C50F6EEF6E4CE1F592221,20269892,0
R1434,GG0088,RCB0056,A,1,1,20269892,4,True,,0.06363508850336075,0.8935496807098389,0.04281524568796158,0.17186204292433402,0.6885743221331045,0.1395636349425615,1.9035791880666308,True,A2CFC6311C185EAA2F17BA13E733D522713F64F2850C50F6EEF6E4CE1F592221,20269892,0
R1435,GG0088,RCB0056,A,1,1,20269892,4,True,,0.05435324087738991,0.8953787088394165,0.05026809871196747,0.15830346032204515,0.6897591984764854,0.15193734120146934,1.9035791880666308,True,A2CFC6311C185EAA2F17BA13E733D522713F64F2850C50F6EEF6E4CE1F592221,20269892,0
R1436,GG0088,RCB0056,A,1,1,20269892,4,True,,0.05638455972075462,0.8860213160514832,0.05759413540363312,0.15970089634251586,0.6788075372696422,0.161491566387842,1.9035791880666308,True,A2CFC6311C185EAA2F17BA13E733D522713F64F2850C50F6EEF6E4CE1F592221,20269892,0
R1437,GG0088,RCB0056,A,1,1,20269892,4,True,,0.031986624002456665,0.9522333145141602,0.01578006148338318,0.13096288656723604,0.7786832359841218,0.09035387744864208,1.9035791880666308,True,A2CFC6311C185EAA2F17BA13E733D522713F64F2850C50F6EEF6E4CE1F592221,20269892,0
R1438,GG0088,RCB0056,A,1,1,20269892,4,True,,0.03520940616726875,0.9235914349555969,0.041199106723070145,0.13072786635113154,0.727297516668558,0.1419746169803104,1.9035791880666308,True,A2CFC6311C185EAA2F17BA13E733D522713F64F2850C50F6EEF6E4CE1F592221,20269892,0
R1439,GG0088,RCB0056,A,1,1,20269892,4,True,,0.0239766426384449,0.952178418636322,0.0238450039178133,0.11217325302819203,0.7759774459827183,0.11184930098908949,1.9035791880666308,True,A2CFC6311C185EAA2F17BA13E733D522713F64F2850C50F6EEF6E4CE1F592221,20269892,0
R1440,GG0088,RCB0056,A,1,1,20269892,4,True,,0.04646262899041176,0.9319881200790405,0.021549267694354057,0.153846110106663,0.7433995279932367,0.1027543619001004,1.9035791880666308,True,A2CFC6311C185EAA2F17BA13E733D522713F64F2850C50F6EEF6E4CE1F592221,20269892,0
R1441,GG0088,RCB0056,A,1,1,20269892,4,True,,0.06255080550909042,0.9027607440948486,0.034688450396060944,0.17246189133887752,0.7010107561855129,0.12652735247560962,1.9035791880666308,True,A2CFC6311C185EAA2F17BA13E733D522713F64F2850C50F6EEF6E4CE1F592221,20269892,0
R1442,GG0088,RCB0056,A,1,1,20269892,4,True,,0.0343976728618145,0.945107638835907,0.020494677126407623,0.13400483542645328,0.7639057005517007,0.10208946402184599,1.9035791880666308,True,A2CFC6311C185EAA2F17BA13E733D522713F64F2850C50F6EEF6E4CE1F592221,20269892,0
R1443,GG0088,RCB0056,A,1,1,20269892,4,True,,0.01951417699456215,0.9615369439125061,0.01894884556531906,0.10274935733374609,0.7960759204350699,0.10117472223118411,1.9035791880666308,True,A2CFC6311C185EAA2F17BA13E733D522713F64F2850C50F6EEF6E4CE1F592221,20269892,0
R1444,GG0088,RCB0056,A,1,1,20269892,4,True,,0.028355510905385017,0.9263554215431213,0.045289047062397,0.11734028831987964,0.7325961572607318,0.1500635544193886,1.9035791880666308,True,A2CFC6311C185EAA2F17BA13E733D522713F64F2850C50F6EEF6E4CE1F592221,20269892,0
R1445,GG0088,RCB0056,A,1,1,20269892,4,True,,0.026585709303617477,0.9463813900947571,0.027032973244786263,0.11709443561628594,0.7647803685270537,0.11812519585666047,1.9035791880666308,True,A2CFC6311C185EAA2F17BA13E733D522713F64F2850C50F6EEF6E4CE1F592221,20269892,0
R1591,GG0039,RCB0031,I,0,1,20269892,4,True,,0.10018110275268555,0.04018429294228554,0.8596345782279968,0.21222211811279892,0.131334329351032,0.656443552536169,1.9035791880666308,True,A2CFC6311C185EAA2F17BA13E733D522713F64F2850C50F6EEF6E4CE1F592221,20269892,0
R1592,GG0039,RCB0031,I,0,1,20269892,4,True,,0.12334972620010376,0.09520603716373444,0.7814441919326782,0.22171686114247932,0.19351442364242977,0.5847687152150909,1.9035791880666308,True,A2CFC6311C185EAA2F17BA13E733D522713F64F2850C50F6EEF6E4CE1F592221,20269892,0
R1593,GG0039,RCB0031,I,0,1,20269892,4,True,,0.10643987357616425,0.041466861963272095,0.8520932793617249,0.2177761543929112,0.13272114288335238,0.6495027027237363,1.9035791880666308,True,A2CFC6311C185EAA2F17BA13E733D522713F64F2850C50F6EEF6E4CE1F592221,20269892,0
R1594,GG0039,RCB0031,I,0,1,20269892,4,True,,0.11396335810422897,0.05656828731298447,0.829468309879303,0.22079519480710236,0.1528232686514807,0.6263815365414169,1.9035791880666308,True,A2CFC6311C185EAA2F17BA13E733D522713F64F2850C50F6EEF6E4CE1F592221,20269892,0
R1595,GG0039,RCB0031,I,0,1,20269892,4,True,,0.1159467026591301,0.05919893458485603,0.8248543739318848,0.22194644952069584,0.15591291964595552,0.6221406308333487,1.9035791880666308,True,A2CFC6311C185EAA2F17BA13E733D522713F64F2850C50F6EEF6E4CE1F592221,20269892,0
R1596,GG0039,RCB0031,I,0,1,20269892,4,True,,0.146424800157547,0.05703117325901985,0.7965440154075623,0.24728212217223555,0.1506851375239639,0.6020327403038006,1.9035791880666308,True,A2CFC6311C185EAA2F17BA13E733D522713F64F2850C50F6EEF6E4CE1F592221,20269892,0
R1597,GG0039,RCB0031,I,0,1,20269892,4,True,,0.08120368421077728,0.04339791461825371,0.8753983378410339,0.19206149208257414,0.13819598705568306,0.6697425208617428,1.9035791880666308,True,A2CFC6311C185EAA2F17BA13E733D522713F64F2850C50F6EEF6E4CE1F592221,20269892,0
R1598,GG0039,RCB0031,I,0,1,20269892,4,True,,0.09082521498203278,0.04196431487798691,0.8672105073928833,0.20249917928117667,0.13497942742073363,0.6625213932980898,1.9035791880666308,True,A2CFC6311C185EAA2F17BA13E733D522713F64F2850C50F6EEF6E4CE1F592221,20269892,0
R1599,GG0039,RCB0031,I,0,1,20269892,4,True,,0.08256126940250397,0.06706824898719788,0.850370466709137,0.18863731697301905,0.16912662694407615,0.6422360560829048,1.9035791880666308,True,A2CFC6311C185EAA2F17BA13E733D522713F64F2850C50F6EEF6E4CE1F592221,20269892,0
R1600,GG0039,RCB0031,I,0,1,20269892,4,True,,0.08885397017002106,0.046297963708639145,0.8648480772972107,0.19940422665548377,0.14158155019566124,0.659014223148855,1.9035791880666308,True,A2CFC6311C185EAA2F17BA13E733D522713F64F2850C50F6EEF6E4CE1F592221,20269892,0
R1601,GG0039,RCB0031,I,0,1,20269892,4,True,,0.10039763152599335,0.043797485530376434,0.8558048605918884,0.2114522925818633,0.13675741357993584,0.6517902938382008,1.9035791880666308,True,A2CFC6311C185EAA2F17BA13E733D522713F64F2850C50F6EEF6E4CE1F592221,20269892,0
R1602,GG0039,RCB0031,I,0,1,20269892,4,True,,0.09721740335226059,0.04249359294772148,0.8602889776229858,0.20872241962643442,0.1351313345444292,0.6561462458291365,1.9035791880666308,True,A2CFC6311C185EAA2F17BA13E733D522713F64F2850C50F6EEF6E4CE1F592221,20269892,0
R1603,GG0039,RCB0031,I,0,1,20269892,4,True,,0.10203084349632263,0.040313947945833206,0.8576552271842957,0.2139555286131525,0.13136267758489176,0.6546817938019557,1.9035791880666308,True,A2CFC6311C185EAA2F17BA13E733D522713F64F2850C50F6EEF6E4CE1F592221,20269892,0
R1604,GG0039,RCB0031,I,0,1,20269892,4,True,,0.13600027561187744,0.04990258067846298,0.8140971064567566,0.24092786076098163,0.14228240101160816,0.6167897382274102,1.9035791880666308,True,A2CFC6311C185EAA2F17BA13E733D522713F64F2850C50F6EEF6E4CE1F592221,20269892,0
R1605,GG0039,RCB0031,I,0,1,20269892,4,True,,0.11979586631059647,0.052404697984457016,0.8277994394302368,0.22684539514334223,0.14692653859351568,0.6262280662631421,1.9035791880666308,True,A2CFC6311C185EAA2F17BA13E733D522713F64F2850C50F6EEF6E4CE1F592221,20269892,0
R1606,GG0039,RCB0031,I,0,1,20269892,4,True,,0.08248410373926163,0.02973267249763012,0.8877832293510437,0.19726691751645473,0.11541523711171561,0.6873178453718296,1.9035791880666308,True,A2CFC6311C185EAA2F17BA13E733D522713F64F2850C50F6EEF6E4CE1F592221,20269892,0
R1607,GG0039,RCB0031,I,0,1,20269892,4,True,,0.0798109769821167,0.06459490954875946,0.8555941581726074,0.1861592807265795,0.16658118703872896,0.6472595322346915,1.9035791880666308,True,A2CFC6311C185EAA2F17BA13E733D522713F64F2850C50F6EEF6E4CE1F592221,20269892,0
R1608,GG0039,RCB0031,I,0,1,20269892,4,True,,0.07648260146379471,0.03758319467306137,0.8859342336654663,0.18833181877215008,0.1296654721679256,0.6820027090599243,1.9035791880666308,True,A2CFC6311C185EAA2F17BA13E733D522713F64F2850C50F6EEF6E4CE1F592221,20269892,0
R1609,GG0039,RCB0031,I,0,1,20269892,4,True,,0.0650922879576683,0.03715639188885689,0.8977513313293457,0.17501400913968032,0.13036409277470087,0.6946218980856188,1.9035791880666308,True,A2CFC6311C185EAA2F17BA13E733D522713F64F2850C50F6EEF6E4CE1F592221,20269892,0
R1610,GG0039,RCB0031,I,0,1,20269892,4,True,,0.20144614577293396,0.033028580248355865,0.7655253410339355,0.2938386634954219,0.11365447472894846,0.5925068617756296,1.9035791880666308,True,A2CFC6311C185EAA2F17BA13E733D522713F64F2850C50F6EEF6E4CE1F592221,20269892,0
R1611,GG0039,RCB0031,I,0,1,20269892,4,True,,0.1163688376545906,0.03191376477479935,0.8517174124717712,0.229775664619424,0.11645146706013101,0.653772868320445,1.9035791880666308,True,A2CFC6311C185EAA2F17BA13E733D522713F64F2850C50F6EEF6E4CE1F592221,20269892,0
R1612,GG0039,RCB0031,I,0,1,20269892,4,True,,0.11746247857809067,0.037622466683387756,0.8449150323867798,0.2288708658328587,0.12584674391437217,0.6452823902527691,1.9035791880666308,True,A2CFC6311C185EAA2F17BA13E733D522713F64F2850C50F6EEF6E4CE1F592221,20269892,0
R1613,GG0039,RCB0031,I,0,1,20269892,4,True,,0.2635442018508911,0.03498458117246628,0.701471209526062,0.3312792930006397,0.11468204205781501,0.5540386649415452,1.9035791880666308,True,A2CFC6311C185EAA2F17BA13E733D522713F64F2850C50F6EEF6E4CE1F592221,20269892,0
R1614,GG0039,RCB0031,I,0,1,20269892,4,True,,0.06900396198034286,0.05373476445674896,0.877261221408844,0.1760688513828698,0.1543911119403148,0.6695400366768154,1.9035791880666308,True,A2CFC6311C185EAA2F17BA13E733D522713F64F2850C50F6EEF6E4CE1F592221,20269892,0
R1615,GG0039,RCB0031,I,0,1,20269892,4,True,,0.43494945764541626,0.05773003771901131,0.5073205232620239,0.4114604252925918,0.14242872644850615,0.446110848258902,1.9035791880666308,True,A2CFC6311C185EAA2F17BA13E733D522713F64F2850C50F6EEF6E4CE1F592221,20269892,0
R1616,GG0039,RCB0031,I,0,1,20269892,4,True,,0.43806952238082886,0.05097069963812828,0.5109597444534302,0.41541478334650034,0.13418699627127215,0.4503982203822276,1.9035791880666308,True,A2CFC6311C185EAA2F17BA13E733D522713F64F2850C50F6EEF6E4CE1F592221,20269892,0
R1617,GG0039,RCB0031,I,0,1,20269892,4,True,,0.13654211163520813,0.1108471229672432,0.7526108026504517,0.2300049656823977,0.20614510605394037,0.563849928263662,1.9035791880666308,True,A2CFC6311C185EAA2F17BA13E733D522713F64F2850C50F6EEF6E4CE1F592221,20269892,0
R1618,GG0039,RCB0031,I,0,1,20269892,4,True,,0.22247178852558136,0.09391727298498154,0.6836109161376953,0.2907661983078267,0.1848390713068064,0.5243947303853669,1.9035791880666308,True,A2CFC6311C185EAA2F17BA13E733D522713F64F2850C50F6EEF6E4CE1F592221,20269892,0
R1619,GG0039,RCB0031,I,0,1,20269892,4,True,,0.23027019202709198,0.10530468821525574,0.6644250750541687,0.2934415281151672,0.19454540663279585,0.5120130652520369,1.9035791880666308,True,A2CFC6311C185EAA2F17BA13E733D522713F64F2850C50F6EEF6E4CE1F592221,20269892,0
R1620,GG0039,RCB0031,I,0,1,20269892,4,True,,0.19691847264766693,0.09650474041700363,0.7065767645835876,0.27441885906543706,0.18866900982769613,0.5369121311068668,1.9035791880666308,True,A2CFC6311C185EAA2F17BA13E733D522713F64F2850C50F6EEF6E4CE1F592221,20269892,0
R1621,GG0039,RCB0031,I,0,1,20269892,4,True,,0.13960304856300354,0.10752279311418533,0.7528741359710693,0.2328095274046528,0.2029699383347946,0.5642205342605525,1.9035791880666308,True,A2CFC6311C185EAA2F17BA13E733D522713F64F2850C50F6EEF6E4CE1F592221,20269892,0
R1622,GG0039,RCB0031,I,0,1,20269892,4,True,,0.06393004208803177,0.06243445351719856,0.8736355304718018,0.1684230746045163,0.16634160327857034,0.6652353221169133,1.9035791880666308,True,A2CFC6311C185EAA2F17BA13E733D522713F64F2850C50F6EEF6E4CE1F592221,20269892,0
R1623,GG0039,RCB0031,I,0,1,20269892,4,True,,0.02711334079504013,0.10382676124572754,0.8690599203109741,0.10862786163183227,0.21992405452414632,0.6714480838440214,1.9035791880666308,True,A2CFC6311C185EAA2F17BA13E733D522713F64F2850C50F6EEF6E4CE1F592221,20269892,0
R1624,GG0039,RCB0031,I,0,1,20269892,4,True,,0.02739875577390194,0.07674331963062286,0.8958578705787659,0.11155770263994877,0.1916386412697188,0.6968036560903323,1.9035791880666308,True,A2CFC6311C185EAA2F17BA13E733D522713F64F2850C50F6EEF6E4CE1F592221,20269892,0
R1625,GG0039,RCB0031,I,0,1,20269892,4,True,,0.02775346115231514,0.06915025413036346,0.9030963182449341,0.11304870583838106,0.18261865977486824,0.7043326343867508,1.9035791880666308,True,A2CFC6311C185EAA2F17BA13E733D522713F64F2850C50F6EEF6E4CE1F592221,20269892,0
R1626,GG0039,RCB0031,I,0,1,20269892,4,True,,0.10462382435798645,0.10911836475133896,0.786257803440094,0.20377479082202282,0.20832755893758212,0.587897650240395,1.9035791880666308,True,A2CFC6311C185EAA2F17BA13E733D522713F64F2850C50F6EEF6E4CE1F592221,20269892,0
R1627,GG0039,RCB0031,I,0,1,20269892,4,True,,0.062125105410814285,0.04553087800741196,0.8923439979553223,0.1693789949442308,0.14386691938905172,0.6867540856667175,1.9035791880666308,True,A2CFC6311C185EAA2F17BA13E733D522713F64F2850C50F6EEF6E4CE1F592221,20269892,0
R1628,GG0039,RCB0031,I,0,1,20269892,4,True,,0.1714530885219574,0.04794137552380562,0.7806055545806885,0.2681506113262094,0.13729192217263814,0.5945574665011525,1.9035791880666308,True,A2CFC6311C185EAA2F17BA13E733D522713F64F2850C50F6EEF6E4CE1F592221,20269892,0
R1629,GG0039,RCB0031,I,0,1,20269892,4,True,,0.0750560536980629,0.043354518711566925,0.881589412689209,0.18527533902557616,0.1388690315114619,0.675855629462962,1.9035791880666308,True,A2CFC6311C185EAA2F17BA13E733D522713F64F2850C50F6EEF6E4CE1F592221,20269892,0
R1630,GG0039,RCB0031,I,0,1,20269892,4,True,,0.12994299829006195,0.025335730984807014,0.8447213172912598,0.24407596953459262,0.10340301795763676,0.6525210125077707,1.9035791880666308,True,A2CFC6311C185EAA2F17BA13E733D522713F64F2850C50F6EEF6E4CE1F592221,20269892,0
R1631,GG0039,RCB0031,I,0,1,20269892,4,True,,0.17257754504680634,0.038963012397289276,0.7884594798088074,0.27182185669304304,0.12437966259531746,0.6037984807116396,1.9035791880666308,True,A2CFC6311C185EAA2F17BA13E733D522713F64F2850C50F6EEF6E4CE1F592221,20269892,0
R1632,GG0039,RCB0031,I,0,1,20269892,4,True,,0.12386049330234528,0.3104035556316376,0.565735936164856,0.20655524565974473,0.33468647632800863,0.45875827801224656,1.9035791880666308,True,A2CFC6311C185EAA2F17BA13E733D522713F64F2850C50F6EEF6E4CE1F592221,20269892,0
R1633,GG0039,RCB0031,I,0,1,20269892,4,True,,0.0918627455830574,0.339335173368454,0.5688020586967468,0.17880860261424827,0.3552266030051161,0.4659647943806355,1.9035791880666308,True,A2CFC6311C185EAA2F17BA13E733D522713F64F2850C50F6EEF6E4CE1F592221,20269892,0
R1634,GG0039,RCB0031,I,0,1,20269892,4,True,,0.04522482678294182,0.33550769090652466,0.6192675232887268,0.1278853447655466,0.366459168844966,0.5056554863894873,1.9035791880666308,True,A2CFC6311C185EAA2F17BA13E733D522713F64F2850C50F6EEF6E4CE1F592221,20269892,0
R1635,GG0039,RCB0031,I,0,1,20269892,4,True,,0.10189753025770187,0.3547723591327667,0.5433300733566284,0.18744349079367656,0.3609813793862763,0.45157512982004727,1.9035791880666308,True,A2CFC6311C185EAA2F17BA13E733D522713F64F2850C50F6EEF6E4CE1F592221,20269892,0
R1636,GG0039,RCB0031,I,0,1,20269892,4,True,,0.1022128090262413,0.3840840756893158,0.5137031078338623,0.1872667996524165,0.37538925263215844,0.43734394771542506,1.9035791880666308,True,A2CFC6311C185EAA2F17BA13E733D522713F64F2850C50F6EEF6E4CE1F592221,20269892,0
R1715,GG0101,RCB0061,I,0,1,20269892,4,True,,0.5636855363845825,0.07811834663152695,0.35819607973098755,0.46682117003647383,0.16529950754324005,0.3678793224202861,1.9035791880666308,True,A2CFC6311C185EAA2F17BA13E733D522713F64F2850C50F6EEF6E4CE1F592221,20269892,0
R1716,GG0101,RCB0061,I,0,1,20269892,4,True,,0.39202162623405457,0.0928039699792862,0.515174388885498,0.38117916845791006,0.17881737922003735,0.44000345232205273,1.9035791880666308,True,A2CFC6311C185EAA2F17BA13E733D522713F64F2850C50F6EEF6E4CE1F592221,20269892,0
R1717,GG0101,RCB0061,I,0,1,20269892,4,True,,0.5026591420173645,0.08200421184301376,0.4153366982936859,0.43660583564598415,0.16843332958060434,0.3949608347734114,1.9035791880666308,True,A2CFC6311C185EAA2F17BA13E733D522713F64F2850C50F6EEF6E4CE1F592221,20269892,0
R1718,GG0101,RCB0061,I,0,1,20269892,4,True,,0.4339306056499481,0.0944848284125328,0.4715845286846161,0.4010202596675562,0.1800403302405791,0.41893941009186475,1.9035791880666308,True,A2CFC6311C185EAA2F17BA13E733D522713F64F2850C50F6EEF6E4CE1F592221,20269892,0
R1719,GG0101,RCB0061,I,0,1,20269892,4,True,,0.5862037539482117,0.09276407957077026,0.32103216648101807,0.474274102227729,0.1800599581102146,0.3456659396620564,1.9035791880666308,True,A2CFC6311C185EAA2F17BA13E733D522713F64F2850C50F6EEF6E4CE1F592221,20269892,0
R1740,GG0037,RCB0029,A,1,1,20269892,4,True,,0.91173255443573,0.031060729175806046,0.0572066530585289,0.712777993019479,0.12076921587685754,0.16645279110366354,1.9035791880666308,True,A2CFC6311C185EAA2F17BA13E733D522713F64F2850C50F6EEF6E4CE1F592221,20269892,0
R1741,GG0037,RCB0029,A,1,1,20269892,4,True,,0.7957983016967773,0.08441297709941864,0.1197887435555458,0.5961221781919995,0.18342591881492,0.22045190299308046,1.9035791880666308,True,A2CFC6311C185EAA2F17BA13E733D522713F64F2850C50F6EEF6E4CE1F592221,20269892,0
R1742,GG0037,RCB0029,A,1,1,20269892,4,True,,0.5614182353019714,0.36398226022720337,0.07459952682256699,0.4666886593987295,0.3716700368760479,0.16164130372522265,1.9035791880666308,True,A2CFC6311C185EAA2F17BA13E733D522713F64F2850C50F6EEF6E4CE1F592221,20269892,0
R1743,GG0037,RCB0029,A,1,1,20269892,4,True,,0.6792654395103455,0.25787293910980225,0.06286163628101349,0.5297649532475806,0.31850283333462237,0.15173221341779708,1.9035791880666308,True,A2CFC6311C185EAA2F17BA13E733D522713F64F2850C50F6EEF6E4CE1F592221,20269892,0
R1744,GG0037,RCB0029,A,1,1,20269892,4,True,,0.08452297747135162,0.8506214022636414,0.06485564261674881,0.19107687734925258,0.6426655525309615,0.166257570119786,1.9035791880666308,True,A2CFC6311C185EAA2F17BA13E733D522713F64F2850C50F6EEF6E4CE1F592221,20269892,0
R1745,GG0037,RCB0029,A,1,1,20269892,4,True,,0.6867007613182068,0.23121368885040283,0.08208557963371277,0.5285094496663564,0.2983339696992219,0.1731565806344217,1.9035791880666308,True,A2CFC6311C185EAA2F17BA13E733D522713F64F2850C50F6EEF6E4CE1F592221,20269892,0
R2148,GG0039,RCB0031,I,0,1,20269892,4,False,row_missingness_at_or_above_threshold,,,,,,,1.9035791880666308,True,A2CFC6311C185EAA2F17BA13E733D522713F64F2850C50F6EEF6E4CE1F592221,20269892,0
R2149,GG0039,RCB0031,I,0,1,20269892,4,False,row_missingness_at_or_above_threshold,,,,,,,1.9035791880666308,True,A2CFC6311C185EAA2F17BA13E733D522713F64F2850C50F6EEF6E4CE1F592221,20269892,0
R2150,GG0039,RCB0031,I,0,1,20269892,4,False,row_missingness_at_or_above_threshold,,,,,,,1.9035791880666308,True,A2CFC6311C185EAA2F17BA13E733D522713F64F2850C50F6EEF6E4CE1F592221,20269892,0
R2151,GG0039,RCB0031,I,0,1,20269892,4,False,row_missingness_at_or_above_threshold,,,,,,,1.9035791880666308,True,A2CFC6311C185EAA2F17BA13E733D522713F64F2850C50F6EEF6E4CE1F592221,20269892,0
R2152,GG0039,RCB0031,I,0,1,20269892,4,False,row_missingness_at_or_above_threshold,,,,,,,1.9035791880666308,True,A2CFC6311C185EAA2F17BA13E733D522713F64F2850C50F6EEF6E4CE1F592221,20269892,0
R2153,GG0039,RCB0031,I,0,1,20269892,4,False,row_missingness_at_or_above_threshold,,,,,,,1.9035791880666308,True,A2CFC6311C185EAA2F17BA13E733D522713F64F2850C50F6EEF6E4CE1F592221,20269892,0
R2154,GG0039,RCB0031,I,0,1,20269892,4,False,row_missingness_at_or_above_threshold,,,,,,,1.9035791880666308,True,A2CFC6311C185EAA2F17BA13E733D522713F64F2850C50F6EEF6E4CE1F592221,20269892,0
R2155,GG0039,RCB0031,I,0,1,20269892,4,False,row_missingness_at_or_above_threshold,,,,,,,1.9035791880666308,True,A2CFC6311C185EAA2F17BA13E733D522713F64F2850C50F6EEF6E4CE1F592221,20269892,0
R2156,GG0039,RCB0031,I,0,1,20269892,4,False,row_missingness_at_or_above_threshold,,,,,,,1.9035791880666308,True,A2CFC6311C185EAA2F17BA13E733D522713F64F2850C50F6EEF6E4CE1F592221,20269892,0
R2157,GG0039,RCB0031,I,0,1,20269892,4,False,row_missingness_at_or_above_threshold,,,,,,,1.9035791880666308,True,A2CFC6311C185EAA2F17BA13E733D522713F64F2850C50F6EEF6E4CE1F592221,20269892,0
R2158,GG0039,RCB0031,I,0,1,20269892,4,False,row_missingness_at_or_above_threshold,,,,,,,1.9035791880666308,True,A2CFC6311C185EAA2F17BA13E733D522713F64F2850C50F6EEF6E4CE1F592221,20269892,0
R2159,GG0039,RCB0031,I,0,1,20269892,4,False,row_missingness_at_or_above_threshold,,,,,,,1.9035791880666308,True,A2CFC6311C185EAA2F17BA13E733D522713F64F2850C50F6EEF6E4CE1F592221,20269892,0
R2160,GG0039,RCB0031,I,0,1,20269892,4,True,,0.43794339895248413,0.4806808829307556,0.08137574046850204,0.40597523236738087,0.42632729063455505,0.16769747699806417,1.9035791880666308,True,A2CFC6311C185EAA2F17BA13E733D522713F64F2850C50F6EEF6E4CE1F592221,20269892,0
R2161,GG0039,RCB0031,I,0,1,20269892,4,True,,0.3216197192668915,0.42670661211013794,0.25167372822761536,0.3290291230899926,0.3817134046020332,0.2892574723079741,1.9035791880666308,True,A2CFC6311C185EAA2F17BA13E733D522713F64F2850C50F6EEF6E4CE1F592221,20269892,0
R2162,GG0039,RCB0031,I,0,1,20269892,4,True,,0.4577212631702423,0.44056248664855957,0.10171626508235931,0.41086075705036174,0.40269628540675073,0.18644295754288748,1.9035791880666308,True,A2CFC6311C185EAA2F17BA13E733D522713F64F2850C50F6EEF6E4CE1F592221,20269892,0
R2163,GG0039,RCB0031,I,0,1,20269892,4,True,,0.21605291962623596,0.7037397027015686,0.08020740002393723,0.28953847429905305,0.5384195526201074,0.17204197308083946,1.9035791880666308,True,A2CFC6311C185EAA2F17BA13E733D522713F64F2850C50F6EEF6E4CE1F592221,20269892,0
R2164,GG0039,RCB0031,I,0,1,20269892,4,True,,0.17064188420772552,0.6093505024909973,0.22000762820243835,0.2442359843171605,0.4766507362308163,0.2791132794520232,1.9035791880666308,True,A2CFC6311C185EAA2F17BA13E733D522713F64F2850C50F6EEF6E4CE1F592221,20269892,0
R2165,GG0039,RCB0031,I,0,1,20269892,4,True,,0.18244732916355133,0.7477612495422363,0.06979139894247055,0.27014407786668476,0.5667919085218944,0.16306401361142084,1.9035791880666308,True,A2CFC6311C185EAA2F17BA13E733D522713F64F2850C50F6EEF6E4CE1F592221,20269892,0
R2166,GG0039,RCB0031,I,0,1,20269892,4,True,,0.2344074696302414,0.6962026953697205,0.06938985735177994,0.30311117038657504,0.536979102890735,0.15990972672268988,1.9035791880666308,True,A2CFC6311C185EAA2F17BA13E733D522713F64F2850C50F6EEF6E4CE1F592221,20269892,0
R2167,GG0039,RCB0031,I,0,1,20269892,4,True,,0.3594895005226135,0.5192219018936157,0.12128863483667374,0.35995383423391036,0.43664043591535484,0.2034057298507348,1.9035791880666308,True,A2CFC6311C185EAA2F17BA13E733D522713F64F2850C50F6EEF6E4CE1F592221,20269892,0
R2168,GG0039,RCB0031,I,0,1,20269892,4,True,,0.30658313632011414,0.5563185214996338,0.13709832727909088,0.3308225326092078,0.4524144849600339,0.21676298243075837,1.9035791880666308,True,A2CFC6311C185EAA2F17BA13E733D522713F64F2850C50F6EEF6E4CE1F592221,20269892,0
R2169,GG0039,RCB0031,I,0,1,20269892,4,True,,0.2987632155418396,0.4428187906742096,0.2584180235862732,0.316830657306367,0.38958737515933717,0.2935819675342958,1.9035791880666308,True,A2CFC6311C185EAA2F17BA13E733D522713F64F2850C50F6EEF6E4CE1F592221,20269892,0
R2170,GG0039,RCB0031,I,0,1,20269892,4,True,,0.01632428541779518,0.010044760070741177,0.9736310243606567,0.09670944494672776,0.07493426089108965,0.8283562941621826,1.9035791880666308,True,A2CFC6311C185EAA2F17BA13E733D522713F64F2850C50F6EEF6E4CE1F592221,20269892,0
R2171,GG0039,RCB0031,I,0,1,20269892,4,True,,0.01627376303076744,0.013108557090163231,0.9706177115440369,0.09562050785081756,0.08535039387080293,0.8190290982783796,1.9035791880666308,True,A2CFC6311C185EAA2F17BA13E733D522713F64F2850C50F6EEF6E4CE1F592221,20269892,0
R2172,GG0039,RCB0031,I,0,1,20269892,4,True,,0.016290072351694107,0.01211962103843689,0.9715903401374817,0.0959552609739272,0.0821483909837154,0.8218963480423573,1.9035791880666308,True,A2CFC6311C185EAA2F17BA13E733D522713F64F2850C50F6EEF6E4CE1F592221,20269892,0
R2173,GG0039,RCB0031,I,0,1,20269892,4,True,,0.017077011987566948,0.0130978524684906,0.9698250889778137,0.09786962017903669,0.085138135077339,0.8169922447436244,1.9035791880666308,True,A2CFC6311C185EAA2F17BA13E733D522713F64F2850C50F6EEF6E4CE1F592221,20269892,0
R2174,GG0039,RCB0031,I,0,1,20269892,4,True,,0.019131561741232872,0.01637996919453144,0.9644885063171387,0.10242708525705846,0.09440352518844972,0.8031693895544919,1.9035791880666308,True,A2CFC6311C185EAA2F17BA13E733D522713F64F2850C50F6EEF6E4CE1F592221,20269892,0
R2175,GG0039,RCB0031,I,0,1,20269892,4,True,,0.019424306228756905,0.01637507975101471,0.9642006158828735,0.10317734128453283,0.09432461543617186,0.8024980432792953,1.9035791880666308,True,A2CFC6311C185EAA2F17BA13E733D522713F64F2850C50F6EEF6E4CE1F592221,20269892,0
R2176,GG0039,RCB0031,I,0,1,20269892,4,True,,0.019131561741232872,0.01637996919453144,0.9644885063171387,0.10242708525705846,0.09440352518844972,0.8031693895544919,1.9035791880666308,True,A2CFC6311C185EAA2F17BA13E733D522713F64F2850C50F6EEF6E4CE1F592221,20269892,0
R2177,GG0039,RCB0031,I,0,1,20269892,4,True,,0.01776362583041191,0.01362447626888752,0.9686118960380554,0.09958958049468714,0.08663435117739937,0.8137760683279135,1.9035791880666308,True,A2CFC6311C185EAA2F17BA13E733D522713F64F2850C50F6EEF6E4CE1F592221,20269892,0
R2178,GG0039,RCB0031,I,0,1,20269892,4,True,,0.01709986850619316,0.011776987463235855,0.9711230993270874,0.09832986272290627,0.08083591541819009,0.8208342218589035,1.9035791880666308,True,A2CFC6311C185EAA2F17BA13E733D522713F64F2850C50F6EEF6E4CE1F592221,20269892,0
R2179,GG0039,RCB0031,I,0,1,20269892,4,True,,0.018403159454464912,0.01531823631376028,0.9662786722183228,0.10081834239086805,0.09155449219675035,0.8076271654123817,1.9035791880666308,True,A2CFC6311C185EAA2F17BA13E733D522713F64F2850C50F6EEF6E4CE1F592221,20269892,0
R2180,GG0039,RCB0031,I,0,1,20269892,4,True,,0.016168301925063133,0.015353111550211906,0.9684785604476929,0.09471535978543005,0.09217589894982078,0.8131087412647492,1.9035791880666308,True,A2CFC6311C185EAA2F17BA13E733D522713F64F2850C50F6EEF6E4CE1F592221,20269892,0
R2181,GG0039,RCB0031,I,0,1,20269892,4,True,,0.03023526445031166,0.02072935923933983,0.9490353465080261,0.12604524543767562,0.1033738884401826,0.7705808661221417,1.9035791880666308,True,A2CFC6311C185EAA2F17BA13E733D522713F64F2850C50F6EEF6E4CE1F592221,20269892,0
R2182,GG0039,RCB0031,I,0,1,20269892,4,True,,0.019631827250123024,0.013945094309747219,0.9664230346679688,0.10439007856148697,0.08722232455013257,0.8083875968883804,1.9035791880666308,True,A2CFC6311C185EAA2F17BA13E733D522713F64F2850C50F6EEF6E4CE1F592221,20269892,0
R2183,GG0039,RCB0031,I,0,1,20269892,4,True,,0.04233865439891815,0.029425455257296562,0.9282358884811401,0.14515527240840198,0.11990132876533653,0.7349433988262615,1.9035791880666308,True,A2CFC6311C185EAA2F17BA13E733D522713F64F2850C50F6EEF6E4CE1F592221,20269892,0
R2184,GG0039,RCB0031,I,0,1,20269892,4,True,,0.011993362568318844,0.012172557413578033,0.9758340120315552,0.08270549874781026,0.0833523679118731,0.8339421333403165,1.9035791880666308,True,A2CFC6311C185EAA2F17BA13E733D522713F64F2850C50F6EEF6E4CE1F592221,20269892,0
R2185,GG0039,RCB0031,I,0,1,20269892,4,True,,0.11951696872711182,0.034911394119262695,0.8455715775489807,0.23154186048588632,0.12130045630333212,0.6471576832107816,1.9035791880666308,True,A2CFC6311C185EAA2F17BA13E733D522713F64F2850C50F6EEF6E4CE1F592221,20269892,0
R2186,GG0039,RCB0031,I,0,1,20269892,4,True,,0.1501673012971878,0.04167706519365311,0.8081556558609009,0.25439729143191525,0.12974027715123745,0.6158624314168474,1.9035791880666308,True,A2CFC6311C185EAA2F17BA13E733D522713F64F2850C50F6EEF6E4CE1F592221,20269892,0
R2187,GG0039,RCB0031,I,0,1,20269892,4,True,,0.11044630408287048,0.03226182237267494,0.8572918772697449,0.22429855684154984,0.11750583704696532,0.6581956061114849,1.9035791880666308,True,A2CFC6311C185EAA2F17BA13E733D522713F64F2850C50F6EEF6E4CE1F592221,20269892,0
R2188,GG0039,RCB0031,I,0,1,20269892,4,True,,0.1467292755842209,0.03229202330112457,0.8209786415100098,0.25495027816120874,0.11510514879045596,0.6299445730483353,1.9035791880666308,True,A2CFC6311C185EAA2F17BA13E733D522713F64F2850C50F6EEF6E4CE1F592221,20269892,0
R2189,GG0039,RCB0031,I,0,1,20269892,4,True,,0.14578498899936676,0.03672834113240242,0.8174867033958435,0.25262661537608067,0.12245041905429731,0.624922965569622,1.9035791880666308,True,A2CFC6311C185EAA2F17BA13E733D522713F64F2850C50F6EEF6E4CE1F592221,20269892,0
R2190,GG0039,RCB0031,I,0,1,20269892,4,True,,0.11074745655059814,0.02962312288582325,0.8596294522285461,0.225496297123343,0.11279336986608196,0.6617103330105751,1.9035791880666308,True,A2CFC6311C185EAA2F17BA13E733D522713F64F2850C50F6EEF6E4CE1F592221,20269892,0
R2191,GG0039,RCB0031,I,0,1,20269892,4,True,,0.13811255991458893,0.03625762462615967,0.8256298303604126,0.2466969496257681,0.12219025160683566,0.6311127987673962,1.9035791880666308,True,A2CFC6311C185EAA2F17BA13E733D522713F64F2850C50F6EEF6E4CE1F592221,20269892,0
R2192,GG0039,RCB0031,I,0,1,20269892,4,True,,0.1361401379108429,0.022423280403017998,0.8414366245269775,0.25055220473825557,0.09714423531972556,0.6523035599420188,1.9035791880666308,True,A2CFC6311C185EAA2F17BA13E733D522713F64F2850C50F6EEF6E4CE1F592221,20269892,0
R2193,GG0039,RCB0031,I,0,1,20269892,4,True,,0.07742055505514145,0.006362899672240019,0.9162164926528931,0.20278365833487344,0.0545692946871298,0.7426470469779967,1.9035791880666308,True,A2CFC6311C185EAA2F17BA13E733D522713F64F2850C50F6EEF6E4CE1F592221,20269892,0
R2194,GG0039,RCB0031,I,0,1,20269892,4,True,,0.04804278910160065,0.012764050625264645,0.9391931295394897,0.1596011490094765,0.07954949132865315,0.7608493596618703,1.9035791880666308,True,A2CFC6311C185EAA2F17BA13E733D522713F64F2850C50F6EEF6E4CE1F592221,20269892,0
R2195,GG0039,RCB0031,I,0,1,20269892,4,True,,0.08243073523044586,0.016615988686680794,0.9009532332420349,0.2022826231331855,0.08720896342132879,0.7105084134454858,1.9035791880666308,True,A2CFC6311C185EAA2F17BA13E733D522713F64F2850C50F6EEF6E4CE1F592221,20269892,0
R2196,GG0039,RCB0031,I,0,1,20269892,4,True,,0.03202005848288536,0.01664060167968273,0.9513393640518188,0.13074145061054346,0.0927017011518983,0.7765568482375582,1.9035791880666308,True,A2CFC6311C185EAA2F17BA13E733D522713F64F2850C50F6EEF6E4CE1F592221,20269892,0
R2197,GG0039,RCB0031,I,0,1,20269892,4,True,,0.055954672396183014,0.017977779731154442,0.926067590713501,0.16895771278657676,0.09305495838147387,0.7379873288319493,1.9035791880666308,True,A2CFC6311C185EAA2F17BA13E733D522713F64F2850C50F6EEF6E4CE1F592221,20269892,0
R2198,GG0039,RCB0031,I,0,1,20269892,4,True,,0.08214908838272095,0.024128155782818794,0.8937227725982666,0.19883459537162163,0.1044665172250025,0.6966988874033758,1.9035791880666308,True,A2CFC6311C185EAA2F17BA13E733D522713F64F2850C50F6EEF6E4CE1F592221,20269892,0
R2199,GG0039,RCB0031,I,0,1,20269892,4,True,,0.08896925300359726,0.017738264054059982,0.8932924866676331,0.2088582655082022,0.08952629103156293,0.7016154434602349,1.9035791880666308,True,A2CFC6311C185EAA2F17BA13E733D522713F64F2850C50F6EEF6E4CE1F592221,20269892,0
R2200,GG0039,RCB0031,I,0,1,20269892,4,True,,0.05037742853164673,0.011879217810928822,0.9377433061599731,0.163553545399996,0.07656759701397649,0.7598788575860276,1.9035791880666308,True,A2CFC6311C185EAA2F17BA13E733D522713F64F2850C50F6EEF6E4CE1F592221,20269892,0
R2201,GG0039,RCB0031,I,0,1,20269892,4,True,,0.03202005848288536,0.01664060167968273,0.9513393640518188,0.13074145061054346,0.0927017011518983,0.7765568482375582,1.9035791880666308,True,A2CFC6311C185EAA2F17BA13E733D522713F64F2850C50F6EEF6E4CE1F592221,20269892,0
R2202,GG0039,RCB0031,I,0,1,20269892,4,True,,0.06043858081102371,0.02067583240568638,0.9188856482505798,0.17401498062167584,0.09905189150729538,0.7269331278710288,1.9035791880666308,True,A2CFC6311C185EAA2F17BA13E733D522713F64F2850C50F6EEF6E4CE1F592221,20269892,0
R2203,GG0039,RCB0031,I,0,1,20269892,4,True,,0.08810452371835709,0.03137660399079323,0.8805188536643982,0.20273766895982262,0.11786429036309162,0.6793980406770856,1.9035791880666308,True,A2CFC6311C185EAA2F17BA13E733D522713F64F2850C50F6EEF6E4CE1F592221,20269892,0
R2305,GG0040,RCB0032,S,2,1,20269892,4,True,,0.7161571979522705,0.028534889221191406,0.2553079128265381,0.5663654638496937,0.10419174916080426,0.32944278698950197,1.9035791880666308,True,A2CFC6311C185EAA2F17BA13E733D522713F64F2850C50F6EEF6E4CE1F592221,20269892,0
R2306,GG0040,RCB0032,S,2,1,20269892,4,True,,0.33489271998405457,0.08972356468439102,0.5753836631774902,0.35342115107344957,0.17693199889963954,0.46964685002691087,1.9035791880666308,True,A2CFC6311C185EAA2F17BA13E733D522713F64F2850C50F6EEF6E4CE1F592221,20269892,0
R2307,GG0040,RCB0032,S,2,1,20269892,4,True,,0.25771674513816833,0.07514723390340805,0.667136013507843,0.31530345230748413,0.1650283584776983,0.5196681892148176,1.9035791880666308,True,A2CFC6311C185EAA2F17BA13E733D522713F64F2850C50F6EEF6E4CE1F592221,20269892,0
R2308,GG0040,RCB0032,S,2,1,20269892,4,True,,0.26742756366729736,0.0557265505194664,0.6768458485603333,0.32600225323565474,0.1430203434611959,0.5309774033031492,1.9035791880666308,True,A2CFC6311C185EAA2F17BA13E733D522713F64F2850C50F6EEF6E4CE1F592221,20269892,0
R2309,GG0040,RCB0032,S,2,1,20269892,4,True,,0.30105066299438477,0.07044027745723724,0.6285090446472168,0.34032966233351236,0.1586771197095443,0.5009932179569433,1.9035791880666308,True,A2CFC6311C185EAA2F17BA13E733D522713F64F2850C50F6EEF6E4CE1F592221,20269892,0
R2310,GG0040,RCB0032,S,2,1,20269892,4,True,,0.35531535744667053,0.0801389142870903,0.5645456910133362,0.36593813146455273,0.16735634074947361,0.46670552778597374,1.9035791880666308,True,A2CFC6311C185EAA2F17BA13E733D522713F64F2850C50F6EEF6E4CE1F592221,20269892,0
R2311,GG0040,RCB0032,S,2,1,20269892,4,True,,0.2502652108669281,0.04480373114347458,0.7049310207366943,0.3196942362771926,0.12950030985666316,0.5508054538661442,1.9035791880666308,True,A2CFC6311C185EAA2F17BA13E733D522713F64F2850C50F6EEF6E4CE1F592221,20269892,0
R2312,GG0040,RCB0032,S,2,1,20269892,4,True,,0.22141537070274353,0.05704241618514061,0.721542239189148,0.298466125634403,0.14637696782579845,0.5551569065397985,1.9035791880666308,True,A2CFC6311C185EAA2F17BA13E733D522713F64F2850C50F6EEF6E4CE1F592221,20269892,0
R2313,GG0040,RCB0032,S,2,1,20269892,4,True,,0.3201744556427002,0.07188551872968674,0.6079400181770325,0.35004626497983704,0.15970649129370074,0.49024724372646217,1.9035791880666308,True,A2CFC6311C185EAA2F17BA13E733D522713F64F2850C50F6EEF6E4CE1F592221,20269892,0
R2314,GG0040,RCB0032,S,2,1,20269892,4,True,,0.28340816497802734,0.08696646988391876,0.6296253204345703,0.326950189733329,0.17577514626882262,0.4972746639978482,1.9035791880666308,True,A2CFC6311C185EAA2F17BA13E733D522713F64F2850C50F6EEF6E4CE1F592221,20269892,0
R2315,GG0040,RCB0032,S,2,1,20269892,4,True,,0.2577078640460968,0.07410099357366562,0.668191134929657,0.31554548590004206,0.16394606351959556,0.5205084505803623,1.9035791880666308,True,A2CFC6311C185EAA2F17BA13E733D522713F64F2850C50F6EEF6E4CE1F592221,20269892,0
R2316,GG0040,RCB0032,S,2,1,20269892,4,True,,0.28845056891441345,0.06663303822278976,0.6449163556098938,0.33454238654198476,0.1549327157660949,0.5105248976919203,1.9035791880666308,True,A2CFC6311C185EAA2F17BA13E733D522713F64F2850C50F6EEF6E4CE1F592221,20269892,0
R2317,GG0040,RCB0032,S,2,1,20269892,4,True,,0.4300311803817749,0.17344367504119873,0.39652514457702637,0.38775846824233745,0.24065970765179948,0.37158182410586316,1.9035791880666308,True,A2CFC6311C185EAA2F17BA13E733D522713F64F2850C50F6EEF6E4CE1F592221,20269892,0
R2318,GG0040,RCB0032,S,2,1,20269892,4,True,,0.6393723487854004,0.040702980011701584,0.31992465257644653,0.5180312288012179,0.12189861325918018,0.36007015793960184,1.9035791880666308,True,A2CFC6311C185EAA2F17BA13E733D522713F64F2850C50F6EEF6E4CE1F592221,20269892,0
R2319,GG0040,RCB0032,S,2,1,20269892,4,True,,0.5898162126541138,0.04013252258300781,0.37005123496055603,0.4934677881816387,0.12025065334714254,0.3862815584712188,1.9035791880666308,True,A2CFC6311C185EAA2F17BA13E733D522713F64F2850C50F6EEF6E4CE1F592221,20269892,0
R2320,GG0040,RCB0032,S,2,1,20269892,4,True,,0.602501392364502,0.04852782562375069,0.3489707410335541,0.4958194248719555,0.1320182299394038,0.3721623451886407,1.9035791880666308,True,A2CFC6311C185EAA2F17BA13E733D522713F64F2850C50F6EEF6E4CE1F592221,20269892,0
R2321,GG0040,RCB0032,S,2,1,20269892,4,True,,0.6214723587036133,0.07812438905239105,0.3004032075405121,0.4952995439655374,0.16662519851393826,0.3380752575205244,1.9035791880666308,True,A2CFC6311C185EAA2F17BA13E733D522713F64F2850C50F6EEF6E4CE1F592221,20269892,0
R2322,GG0040,RCB0032,S,2,1,20269892,4,True,,0.7058929800987244,0.04639074578881264,0.2477162778377533,0.5506110909984693,0.1317491608256899,0.3176397481758409,1.9035791880666308,True,A2CFC6311C185EAA2F17BA13E733D522713F64F2850C50F6EEF6E4CE1F592221,20269892,0
R2323,GG0040,RCB0032,S,2,1,20269892,4,True,,0.2619868814945221,0.053751904517412186,0.68426114320755,0.32351636366813585,0.14077705809222904,0.5357065782396352,1.9035791880666308,True,A2CFC6311C185EAA2F17BA13E733D522713F64F2850C50F6EEF6E4CE1F592221,20269892,0
R2324,GG0040,RCB0032,S,2,1,20269892,4,True,,0.28065401315689087,0.07887208461761475,0.6404739618301392,0.3272352744162992,0.16798679119425144,0.5047779343894494,1.9035791880666308,True,A2CFC6311C185EAA2F17BA13E733D522713F64F2850C50F6EEF6E4CE1F592221,20269892,0
R2325,GG0040,RCB0032,S,2,1,20269892,4,True,,0.23069898784160614,0.0737084373831749,0.6955925822257996,0.29986960968249715,0.1646714705906348,0.5354589197268681,1.9035791880666308,True,A2CFC6311C185EAA2F17BA13E733D522713F64F2850C50F6EEF6E4CE1F592221,20269892,0
R2326,GG0040,RCB0032,S,2,1,20269892,4,True,,0.1573655754327774,0.06155656278133392,0.7810778617858887,0.2543958826458217,0.1553704921194618,0.5902336252347165,1.9035791880666308,True,A2CFC6311C185EAA2F17BA13E733D522713F64F2850C50F6EEF6E4CE1F592221,20269892,0
R2327,GG0040,RCB0032,S,2,1,20269892,4,True,,0.23547767102718353,0.0659620463848114,0.6985602974891663,0.30460465516105595,0.15610329502537848,0.5392920498135656,1.9035791880666308,True,A2CFC6311C185EAA2F17BA13E733D522713F64F2850C50F6EEF6E4CE1F592221,20269892,0
R2328,GG0040,RCB0032,S,2,1,20269892,4,True,,0.3537021577358246,0.11606698483228683,0.5302308201789856,0.3579233632751499,0.19932853137750833,0.4427481053473419,1.9035791880666308,True,A2CFC6311C185EAA2F17BA13E733D522713F64F2850C50F6EEF6E4CE1F592221,20269892,0
R2329,GG0040,RCB0032,S,2,1,20269892,4,True,,0.8584469556808472,0.0281839482486248,0.11336909234523773,0.6616305819640014,0.10994690133033659,0.22842251670566208,1.9035791880666308,True,A2CFC6311C185EAA2F17BA13E733D522713F64F2850C50F6EEF6E4CE1F592221,20269892,0
R2330,GG0040,RCB0032,S,2,1,20269892,4,True,,0.7744584679603577,0.05147777870297432,0.17406374216079712,0.5892042323102498,0.14182676098647914,0.26896900670327106,1.9035791880666308,True,A2CFC6311C185EAA2F17BA13E733D522713F64F2850C50F6EEF6E4CE1F592221,20269892,0
R2331,GG0040,RCB0032,S,2,1,20269892,4,True,,0.859539806842804,0.02306387759745121,0.11739630997180939,0.6662845260836863,0.0995857042727021,0.23412976964361168,1.9035791880666308,True,A2CFC6311C185EAA2F17BA13E733D522713F64F2850C50F6EEF6E4CE1F592221,20269892,0
R2332,GG0040,RCB0032,S,2,1,20269892,4,True,,0.30695244669914246,0.0848320722579956,0.6082155108451843,0.3400090827558006,0.1730175074922993,0.48697340975190007,1.9035791880666308,True,A2CFC6311C185EAA2F17BA13E733D522713F64F2850C50F6EEF6E4CE1F592221,20269892,0
R2333,GG0040,RCB0032,S,2,1,20269892,4,True,,0.3385166525840759,0.08627321571111679,0.5752101540565491,0.356022507090535,0.17361576863678727,0.4703617242726777,1.9035791880666308,True,A2CFC6311C185EAA2F17BA13E733D522713F64F2850C50F6EEF6E4CE1F592221,20269892,0
R2334,GG0040,RCB0032,S,2,1,20269892,4,True,,0.40593940019607544,0.12145577371120453,0.4726048707962036,0.38260207046208,0.2029802497407236,0.41441767979719646,1.9035791880666308,True,A2CFC6311C185EAA2F17BA13E733D522713F64F2850C50F6EEF6E4CE1F592221,20269892,0
R2335,GG0040,RCB0032,S,2,1,20269892,4,True,,0.31262627243995667,0.08413756638765335,0.6032361388206482,0.3431442328223614,0.1721956252527681,0.4846601419248706,1.9035791880666308,True,A2CFC6311C185EAA2F17BA13E733D522713F64F2850C50F6EEF6E4CE1F592221,20269892,0
R2336,GG0040,RCB0032,S,2,1,20269892,4,True,,0.5141255259513855,0.10633834451436996,0.37953615188598633,0.4367551444654407,0.19086033182342652,0.3723845237111328,1.9035791880666308,True,A2CFC6311C185EAA2F17BA13E733D522713F64F2850C50F6EEF6E4CE1F592221,20269892,0
R2337,GG0040,RCB0032,S,2,1,20269892,4,True,,0.5344110131263733,0.10440430045127869,0.36118465662002563,0.44681140262854574,0.18948965171357418,0.3636989456578802,1.9035791880666308,True,A2CFC6311C185EAA2F17BA13E733D522713F64F2850C50F6EEF6E4CE1F592221,20269892,0
R2338,GG0004,RCB0004,I,0,1,20269892,4,False,row_missingness_at_or_above_threshold,,,,,,,1.9035791880666308,True,A2CFC6311C185EAA2F17BA13E733D522713F64F2850C50F6EEF6E4CE1F592221,20269892,0
R2339,GG0004,RCB0004,I,0,1,20269892,4,False,row_missingness_at_or_above_threshold,,,,,,,1.9035791880666308,True,A2CFC6311C185EAA2F17BA13E733D522713F64F2850C50F6EEF6E4CE1F592221,20269892,0
R2340,GG0004,RCB0004,I,0,1,20269892,4,False,row_missingness_at_or_above_threshold,,,,,,,1.9035791880666308,True,A2CFC6311C185EAA2F17BA13E733D522713F64F2850C50F6EEF6E4CE1F592221,20269892,0
R2341,GG0004,RCB0004,I,0,1,20269892,4,False,row_missingness_at_or_above_threshold,,,,,,,1.9035791880666308,True,A2CFC6311C185EAA2F17BA13E733D522713F64F2850C50F6EEF6E4CE1F592221,20269892,0
R2342,GG0004,RCB0004,I,0,1,20269892,4,False,row_missingness_at_or_above_threshold,,,,,,,1.9035791880666308,True,A2CFC6311C185EAA2F17BA13E733D522713F64F2850C50F6EEF6E4CE1F592221,20269892,0
R2343,GG0004,RCB0004,I,0,1,20269892,4,False,row_missingness_at_or_above_threshold,,,,,,,1.9035791880666308,True,A2CFC6311C185EAA2F17BA13E733D522713F64F2850C50F6EEF6E4CE1F592221,20269892,0
R2344,GG0004,RCB0004,I,0,1,20269892,4,False,row_missingness_at_or_above_threshold,,,,,,,1.9035791880666308,True,A2CFC6311C185EAA2F17BA13E733D522713F64F2850C50F6EEF6E4CE1F592221,20269892,0
R2345,GG0004,RCB0004,I,0,1,20269892,4,False,row_missingness_at_or_above_threshold,,,,,,,1.9035791880666308,True,A2CFC6311C185EAA2F17BA13E733D522713F64F2850C50F6EEF6E4CE1F592221,20269892,0
R2346,GG0004,RCB0004,I,0,1,20269892,4,False,row_missingness_at_or_above_threshold,,,,,,,1.9035791880666308,True,A2CFC6311C185EAA2F17BA13E733D522713F64F2850C50F6EEF6E4CE1F592221,20269892,0
R2347,GG0004,RCB0004,I,0,1,20269892,4,False,row_missingness_at_or_above_threshold,,,,,,,1.9035791880666308,True,A2CFC6311C185EAA2F17BA13E733D522713F64F2850C50F6EEF6E4CE1F592221,20269892,0
R2348,GG0004,RCB0004,I,0,1,20269892,4,False,row_missingness_at_or_above_threshold,,,,,,,1.9035791880666308,True,A2CFC6311C185EAA2F17BA13E733D522713F64F2850C50F6EEF6E4CE1F592221,20269892,0
R2349,GG0004,RCB0004,I,0,1,20269892,4,False,row_missingness_at_or_above_threshold,,,,,,,1.9035791880666308,True,A2CFC6311C185EAA2F17BA13E733D522713F64F2850C50F6EEF6E4CE1F592221,20269892,0
R2350,GG0004,RCB0004,I,0,1,20269892,4,False,row_missingness_at_or_above_threshold,,,,,,,1.9035791880666308,True,A2CFC6311C185EAA2F17BA13E733D522713F64F2850C50F6EEF6E4CE1F592221,20269892,0
R2351,GG0004,RCB0004,I,0,1,20269892,4,False,row_missingness_at_or_above_threshold,,,,,,,1.9035791880666308,True,A2CFC6311C185EAA2F17BA13E733D522713F64F2850C50F6EEF6E4CE1F592221,20269892,0
R2352,GG0004,RCB0004,I,0,1,20269892,4,False,row_missingness_at_or_above_threshold,,,,,,,1.9035791880666308,True,A2CFC6311C185EAA2F17BA13E733D522713F64F2850C50F6EEF6E4CE1F592221,20269892,0
R2353,GG0004,RCB0004,I,0,1,20269892,4,False,row_missingness_at_or_above_threshold,,,,,,,1.9035791880666308,True,A2CFC6311C185EAA2F17BA13E733D522713F64F2850C50F6EEF6E4CE1F592221,20269892,0
R2354,GG0004,RCB0004,I,0,1,20269892,4,False,row_missingness_at_or_above_threshold,,,,,,,1.9035791880666308,True,A2CFC6311C185EAA2F17BA13E733D522713F64F2850C50F6EEF6E4CE1F592221,20269892,0
R2355,GG0004,RCB0004,I,0,1,20269892,4,False,row_missingness_at_or_above_threshold,,,,,,,1.9035791880666308,True,A2CFC6311C185EAA2F17BA13E733D522713F64F2850C50F6EEF6E4CE1F592221,20269892,0
R2356,GG0004,RCB0004,I,0,1,20269892,4,False,row_missingness_at_or_above_threshold,,,,,,,1.9035791880666308,True,A2CFC6311C185EAA2F17BA13E733D522713F64F2850C50F6EEF6E4CE1F592221,20269892,0
R2357,GG0004,RCB0004,I,0,1,20269892,4,False,row_missingness_at_or_above_threshold,,,,,,,1.9035791880666308,True,A2CFC6311C185EAA2F17BA13E733D522713F64F2850C50F6EEF6E4CE1F592221,20269892,0
R2358,GG0004,RCB0004,I,0,1,20269892,4,True,,0.5943245887756348,0.028882121667265892,0.3767933249473572,0.5021876870535867,0.10254287219377045,0.3952694407526428,1.9035791880666308,True,A2CFC6311C185EAA2F17BA13E733D522713F64F2850C50F6EEF6E4CE1F592221,20269892,0
R2359,GG0004,RCB0004,I,0,1,20269892,4,True,,0.9054297208786011,0.025449223816394806,0.06912105530500412,0.7082037932465572,0.10846326243270395,0.18333294432073888,1.9035791880666308,True,A2CFC6311C185EAA2F17BA13E733D522713F64F2850C50F6EEF6E4CE1F592221,20269892,0
R2360,GG0004,RCB0004,I,0,1,20269892,4,True,,0.8813543319702148,0.027252335101366043,0.09139334410429001,0.682556125258637,0.10990787819483441,0.20753599654652855,1.9035791880666308,True,A2CFC6311C185EAA2F17BA13E733D522713F64F2850C50F6EEF6E4CE1F592221,20269892,0
R2361,GG0004,RCB0004,I,0,1,20269892,4,True,,0.5118381381034851,0.22194308042526245,0.26621878147125244,0.4247974246283467,0.27387078811630605,0.30133178725534726,1.9035791880666308,True,A2CFC6311C185EAA2F17BA13E733D522713F64F2850C50F6EEF6E4CE1F592221,20269892,0
R2362,GG0004,RCB0004,I,0,1,20269892,4,True,,0.1330304741859436,0.7477938532829285,0.11917566508054733,0.2262061409037166,0.5602864529334469,0.21350740616283656,1.9035791880666308,True,A2CFC6311C185EAA2F17BA13E733D522713F64F2850C50F6EEF6E4CE1F592221,20269892,0
R2363,GG0004,RCB0004,I,0,1,20269892,4,True,,0.15028569102287292,0.39081326127052307,0.4589010775089264,0.22473698691694366,0.37128898079688427,0.40397403228617207,1.9035791880666308,True,A2CFC6311C185EAA2F17BA13E733D522713F64F2850C50F6EEF6E4CE1F592221,20269892,0
R2364,GG0004,RCB0004,I,0,1,20269892,4,True,,0.10457770526409149,0.05415480583906174,0.8412675261497498,0.21286645487384487,0.1506495701699677,0.6364839749561874,1.9035791880666308,True,A2CFC6311C185EAA2F17BA13E733D522713F64F2850C50F6EEF6E4CE1F592221,20269892,0
R2365,GG0004,RCB0004,I,0,1,20269892,4,True,,0.6889528036117554,0.07347571104764938,0.23757149279117584,0.5318659300190832,0.16411985402146972,0.30401421595944694,1.9035791880666308,True,A2CFC6311C185EAA2F17BA13E733D522713F64F2850C50F6EEF6E4CE1F592221,20269892,0
R2366,GG0004,RCB0004,I,0,1,20269892,4,True,,0.692270815372467,0.0534542016685009,0.25427499413490295,0.5401601593925036,0.14067123127819445,0.31916860932930197,1.9035791880666308,True,A2CFC6311C185EAA2F17BA13E733D522713F64F2850C50F6EEF6E4CE1F592221,20269892,0
R2367,GG0004,RCB0004,I,0,1,20269892,4,True,,0.815260648727417,0.07682182639837265,0.10791756212711334,0.6116920046497577,0.1768670667044964,0.21144092864574587,1.9035791880666308,True,A2CFC6311C185EAA2F17BA13E733D522713F64F2850C50F6EEF6E4CE1F592221,20269892,0
R2368,GG0004,RCB0004,I,0,1,20269892,4,True,,0.7292265892028809,0.03517821431159973,0.23559516668319702,0.5695513952060732,0.1158495612351696,0.3145990435587572,1.9035791880666308,True,A2CFC6311C185EAA2F17BA13E733D522713F64F2850C50F6EEF6E4CE1F592221,20269892,0
R2369,GG0004,RCB0004,I,0,1,20269892,4,True,,0.6650697588920593,0.031965434551239014,0.30296480655670166,0.5362963479373942,0.10887468290603888,0.3548289691565669,1.9035791880666308,True,A2CFC6311C185EAA2F17BA13E733D522713F64F2850C50F6EEF6E4CE1F592221,20269892,0
R2370,GG0004,RCB0004,I,0,1,20269892,4,True,,0.7180579304695129,0.06401240825653076,0.21792960166931152,0.5508544525561165,0.1547032219951187,0.29444232544876475,1.9035791880666308,True,A2CFC6311C185EAA2F17BA13E733D522713F64F2850C50F6EEF6E4CE1F592221,20269892,0
R2371,GG0004,RCB0004,I,0,1,20269892,4,True,,0.5894289016723633,0.09739634394645691,0.3131747543811798,0.47489880640803706,0.18443970937568185,0.34066148421628106,1.9035791880666308,True,A2CFC6311C185EAA2F17BA13E733D522713F64F2850C50F6EEF6E4CE1F592221,20269892,0
R2372,GG0004,RCB0004,I,0,1,20269892,4,True,,0.7473121285438538,0.04646562039852142,0.20622220635414124,0.5744247836063124,0.13350430253650897,0.2920709138571784,1.9035791880666308,True,A2CFC6311C185EAA2F17BA13E733D522713F64F2850C50F6EEF6E4CE1F592221,20269892,0
R2373,GG0004,RCB0004,I,0,1,20269892,4,True,,0.5283154249191284,0.036363840103149414,0.4353207051753998,0.4654507778181236,0.1141109422884167,0.4204382798934598,1.9035791880666308,True,A2CFC6311C185EAA2F17BA13E733D522713F64F2850C50F6EEF6E4CE1F592221,20269892,0
R2374,GG0004,RCB0004,I,0,1,20269892,4,True,,0.5553865432739258,0.06143103912472725,0.38318243622779846,0.4678589329575494,0.14716146035918323,0.3849796066832673,1.9035791880666308,True,A2CFC6311C185EAA2F17BA13E733D522713F64F2850C50F6EEF6E4CE1F592221,20269892,0
R2375,GG0004,RCB0004,I,0,1,20269892,4,True,,0.7357305884361267,0.016491523012518883,0.24777786433696747,0.5880501535089542,0.0799670100314107,0.33198283645963517,1.9035791880666308,True,A2CFC6311C185EAA2F17BA13E733D522713F64F2850C50F6EEF6E4CE1F592221,20269892,0
R2376,GG0004,RCB0004,I,0,1,20269892,4,True,,0.6607925891876221,0.030979836359620094,0.3082275688648224,0.534677690620117,0.10713734749768952,0.35818496188219334,1.9035791880666308,True,A2CFC6311C185EAA2F17BA13E733D522713F64F2850C50F6EEF6E4CE1F592221,20269892,0
R2377,GG0004,RCB0004,I,0,1,20269892,4,True,,0.8913190364837646,0.038298655301332474,0.07038234174251556,0.6873260159479647,0.13155909037071797,0.18111489368131736,1.9035791880666308,True,A2CFC6311C185EAA2F17BA13E733D522713F64F2850C50F6EEF6E4CE1F592221,20269892,0
R2378,GG0004,RCB0004,I,0,1,20269892,4,True,,0.8384827375411987,0.10055149346590042,0.06096581742167473,0.6327060434461598,0.20764481363088044,0.1596491429229598,1.9035791880666308,True,A2CFC6311C185EAA2F17BA13E733D522713F64F2850C50F6EEF6E4CE1F592221,20269892,0
R2379,GG0004,RCB0004,I,0,1,20269892,4,True,,0.6621906757354736,0.03161877393722534,0.3061906099319458,0.535002204938757,0.10823798417128662,0.3567598108899563,1.9035791880666308,True,A2CFC6311C185EAA2F17BA13E733D522713F64F2850C50F6EEF6E4CE1F592221,20269892,0
R2380,GG0004,RCB0004,I,0,1,20269892,4,True,,0.4905933737754822,0.06130361929535866,0.4481029510498047,0.4368948070143934,0.1465155052157703,0.4165896877698363,1.9035791880666308,True,A2CFC6311C185EAA2F17BA13E733D522713F64F2850C50F6EEF6E4CE1F592221,20269892,0
R2381,GG0004,RCB0004,I,0,1,20269892,4,True,,0.4089412987232208,0.236469566822052,0.35458916425704956,0.3734450682066079,0.2800651894744329,0.3464897423189592,1.9035791880666308,True,A2CFC6311C185EAA2F17BA13E733D522713F64F2850C50F6EEF6E4CE1F592221,20269892,0
R2382,GG0004,RCB0004,I,0,1,20269892,4,True,,0.7031875848770142,0.03907378017902374,0.2577386498451233,0.5526972550030932,0.12108918416763118,0.3262135608292756,1.9035791880666308,True,A2CFC6311C185EAA2F17BA13E733D522713F64F2850C50F6EEF6E4CE1F592221,20269892,0
R2383,GG0004,RCB0004,I,0,1,20269892,4,True,,0.7728304266929626,0.07109834253787994,0.15607121586799622,0.5823882929540848,0.16628636705108318,0.2513253399948319,1.9035791880666308,True,A2CFC6311C185EAA2F17BA13E733D522713F64F2850C50F6EEF6E4CE1F592221,20269892,0
R2384,GG0004,RCB0004,I,0,1,20269892,4,True,,0.5990734696388245,0.06224643439054489,0.3386801481246948,0.48888142137530377,0.14880441827257726,0.36231416035211905,1.9035791880666308,True,A2CFC6311C185EAA2F17BA13E733D522713F64F2850C50F6EEF6E4CE1F592221,20269892,0
R2385,GG0004,RCB0004,I,0,1,20269892,4,True,,0.671388566493988,0.13563494384288788,0.1929764598608017,0.5125352618940255,0.22122333997939808,0.2662413981265765,1.9035791880666308,True,A2CFC6311C185EAA2F17BA13E733D522713F64F2850C50F6EEF6E4CE1F592221,20269892,0
R2386,GG0004,RCB0004,I,0,1,20269892,4,True,,0.2942712604999542,0.07271701842546463,0.6330116987228394,0.3361109813441408,0.1612690327215804,0.5026199859342788,1.9035791880666308,True,A2CFC6311C185EAA2F17BA13E733D522713F64F2850C50F6EEF6E4CE1F592221,20269892,0
R2387,GG0004,RCB0004,I,0,1,20269892,4,True,,0.7854536175727844,0.07895895838737488,0.13558737933635712,0.5894355239016795,0.17632273600436224,0.2342417400939582,1.9035791880666308,True,A2CFC6311C185EAA2F17BA13E733D522713F64F2850C50F6EEF6E4CE1F592221,20269892,0
R2388,GG0004,RCB0004,I,0,1,20269892,4,True,,0.6850473284721375,0.06263898313045502,0.2523137331008911,0.5329520128232752,0.15168387016709914,0.3153641170096257,1.9035791880666308,True,A2CFC6311C185EAA2F17BA13E733D522713F64F2850C50F6EEF6E4CE1F592221,20269892,0
R2389,GG0004,RCB0004,I,0,1,20269892,4,False,row_missingness_at_or_above_threshold,,,,,,,1.9035791880666308,True,A2CFC6311C185EAA2F17BA13E733D522713F64F2850C50F6EEF6E4CE1F592221,20269892,0
R2390,GG0004,RCB0004,I,0,1,20269892,4,False,row_missingness_at_or_above_threshold,,,,,,,1.9035791880666308,True,A2CFC6311C185EAA2F17BA13E733D522713F64F2850C50F6EEF6E4CE1F592221,20269892,0
R2391,GG0004,RCB0004,I,0,1,20269892,4,False,row_missingness_at_or_above_threshold,,,,,,,1.9035791880666308,True,A2CFC6311C185EAA2F17BA13E733D522713F64F2850C50F6EEF6E4CE1F592221,20269892,0
R2392,GG0004,RCB0004,I,0,1,20269892,4,False,row_missingness_at_or_above_threshold,,,,,,,1.9035791880666308,True,A2CFC6311C185EAA2F17BA13E733D522713F64F2850C50F6EEF6E4CE1F592221,20269892,0
R2393,GG0004,RCB0004,I,0,1,20269892,4,False,row_missingness_at_or_above_threshold,,,,,,,1.9035791880666308,True,A2CFC6311C185EAA2F17BA13E733D522713F64F2850C50F6EEF6E4CE1F592221,20269892,0
R2394,GG0004,RCB0004,I,0,1,20269892,4,True,,0.36294928193092346,0.2057938128709793,0.43125689029693604,0.35247615182531344,0.26162678620676505,0.38589706196792145,1.9035791880666308,True,A2CFC6311C185EAA2F17BA13E733D522713F64F2850C50F6EEF6E4CE1F592221,20269892,0
R2395,GG0004,RCB0004,I,0,1,20269892,4,True,,0.2897985577583313,0.15962642431259155,0.5505750179290771,0.3192863310318755,0.23341316266671705,0.4473005063014075,1.9035791880666308,True,A2CFC6311C185EAA2F17BA13E733D522713F64F2850C50F6EEF6E4CE1F592221,20269892,0
R2396,GG0004,RCB0004,I,0,1,20269892,4,False,row_missingness_at_or_above_threshold,,,,,,,1.9035791880666308,True,A2CFC6311C185EAA2F17BA13E733D522713F64F2850C50F6EEF6E4CE1F592221,20269892,0
R2397,GG0004,RCB0004,I,0,1,20269892,4,False,row_missingness_at_or_above_threshold,,,,,,,1.9035791880666308,True,A2CFC6311C185EAA2F17BA13E733D522713F64F2850C50F6EEF6E4CE1F592221,20269892,0
R2398,GG0004,RCB0004,I,0,1,20269892,4,False,row_missingness_at_or_above_threshold,,,,,,,1.9035791880666308,True,A2CFC6311C185EAA2F17BA13E733D522713F64F2850C50F6EEF6E4CE1F592221,20269892,0
R2399,GG0004,RCB0004,I,0,1,20269892,4,True,,0.538192629814148,0.15210479497909546,0.3097025454044342,0.4419072580050637,0.2275279910732043,0.33056475092173193,1.9035791880666308,True,A2CFC6311C185EAA2F17BA13E733D522713F64F2850C50F6EEF6E4CE1F592221,20269892,0
R2400,GG0004,RCB0004,I,0,1,20269892,4,False,row_missingness_at_or_above_threshold,,,,,,,1.9035791880666308,True,A2CFC6311C185EAA2F17BA13E733D522713F64F2850C50F6EEF6E4CE1F592221,20269892,0
R2401,GG0004,RCB0004,I,0,1,20269892,4,False,row_missingness_at_or_above_threshold,,,,,,,1.9035791880666308,True,A2CFC6311C185EAA2F17BA13E733D522713F64F2850C50F6EEF6E4CE1F592221,20269892,0
R2402,GG0004,RCB0004,I,0,1,20269892,4,False,row_missingness_at_or_above_threshold,,,,,,,1.9035791880666308,True,A2CFC6311C185EAA2F17BA13E733D522713F64F2850C50F6EEF6E4CE1F592221,20269892,0
R2403,GG0004,RCB0004,I,0,1,20269892,4,False,row_missingness_at_or_above_threshold,,,,,,,1.9035791880666308,True,A2CFC6311C185EAA2F17BA13E733D522713F64F2850C50F6EEF6E4CE1F592221,20269892,0
R2404,GG0004,RCB0004,I,0,1,20269892,4,False,row_missingness_at_or_above_threshold,,,,,,,1.9035791880666308,True,A2CFC6311C185EAA2F17BA13E733D522713F64F2850C50F6EEF6E4CE1F592221,20269892,0
R2601,GG0002,RCB0002,I,0,1,20269892,4,True,,0.609716534614563,0.07804635167121887,0.3122371435165405,0.48942524108558266,0.16622183901179416,0.344352919902623,1.9035791880666308,True,A2CFC6311C185EAA2F17BA13E733D522713F64F2850C50F6EEF6E4CE1F592221,20269892,0
R2602,GG0002,RCB0002,I,0,1,20269892,4,True,,0.6197929382324219,0.10499303042888641,0.2752140164375305,0.4886896011197267,0.1922920581753514,0.31901834070492185,1.9035791880666308,True,A2CFC6311C185EAA2F17BA13E733D522713F64F2850C50F6EEF6E4CE1F592221,20269892,0
R2603,GG0002,RCB0002,I,0,1,20269892,4,True,,0.826948344707489,0.03745664283633232,0.13559503853321075,0.6314759930807131,0.12426389399188024,0.2442601129274066,1.9035791880666308,True,A2CFC6311C185EAA2F17BA13E733D522713F64F2850C50F6EEF6E4CE1F592221,20269892,0
R2604,GG0002,RCB0002,I,0,1,20269892,4,True,,0.9001416563987732,0.020199695602059364,0.07965865731239319,0.7062990417422793,0.096104466941859,0.19759649131586154,1.9035791880666308,True,A2CFC6311C185EAA2F17BA13E733D522713F64F2850C50F6EEF6E4CE1F592221,20269892,0
R2605,GG0002,RCB0002,I,0,1,20269892,4,True,,0.7325268387794495,0.03504553064703941,0.23242761194705963,0.5715362943465392,0.11574785728396589,0.312715848369495,1.9035791880666308,True,A2CFC6311C185EAA2F17BA13E733D522713F64F2850C50F6EEF6E4CE1F592221,20269892,0
R2606,GG0002,RCB0002,I,0,1,20269892,4,True,,0.8703856468200684,0.0461309477686882,0.08348338305950165,0.6642034238148983,0.14194899737688924,0.19384757880821252,1.9035791880666308,True,A2CFC6311C185EAA2F17BA13E733D522713F64F2850C50F6EEF6E4CE1F592221,20269892,0
R2607,GG0002,RCB0002,I,0,1,20269892,4,True,,0.7417840361595154,0.05408157408237457,0.20413437485694885,0.56804897714276,0.14353904336742274,0.2884119794898173,1.9035791880666308,True,A2CFC6311C185EAA2F17BA13E733D522713F64F2850C50F6EEF6E4CE1F592221,20269892,0
R2608,GG0002,RCB0002,I,0,1,20269892,4,True,,0.9326284527778625,0.031067201867699623,0.03630436211824417,0.7411932905084353,0.12411124781491306,0.1346954616766517,1.9035791880666308,True,A2CFC6311C185EAA2F17BA13E733D522713F64F2850C50F6EEF6E4CE1F592221,20269892,0
R2609,GG0002,RCB0002,I,0,1,20269892,4,True,,0.6960945725440979,0.07727111130952835,0.22663430869579315,0.5348328167443903,0.16854459461257612,0.2966225886430336,1.9035791880666308,True,A2CFC6311C185EAA2F17BA13E733D522713F64F2850C50F6EEF6E4CE1F592221,20269892,0
R2610,GG0002,RCB0002,I,0,1,20269892,4,True,,0.5095207095146179,0.043316248804330826,0.44716304540634155,0.45297149684758964,0.12408046452388724,0.42294803862852304,1.9035791880666308,True,A2CFC6311C185EAA2F17BA13E733D522713F64F2850C50F6EEF6E4CE1F592221,20269892,0
R2611,GG0002,RCB0002,I,0,1,20269892,4,True,,0.6366344690322876,0.05706436187028885,0.30630114674568176,0.5095420438864193,0.14351180024368257,0.3469461558698982,1.9035791880666308,True,A2CFC6311C185EAA2F17BA13E733D522713F64F2850C50F6EEF6E4CE1F592221,20269892,0
R2612,GG0002,RCB0002,I,0,1,20269892,4,True,,0.6321749091148376,0.0209683645516634,0.3468567430973053,0.5272540436255292,0.08808850337371514,0.3846574530007556,1.9035791880666308,True,A2CFC6311C185EAA2F17BA13E733D522713F64F2850C50F6EEF6E4CE1F592221,20269892,0
R2613,GG0002,RCB0002,I,0,1,20269892,4,True,,0.5194307565689087,0.043223295360803604,0.4373459219932556,0.45777837470956106,0.12399464024090952,0.4182269850495295,1.9035791880666308,True,A2CFC6311C185EAA2F17BA13E733D522713F64F2850C50F6EEF6E4CE1F592221,20269892,0
R2614,GG0002,RCB0002,I,0,1,20269892,4,True,,0.9005263447761536,0.04502762481570244,0.05444607138633728,0.6962368178776911,0.14431068287167917,0.15945249925062963,1.9035791880666308,True,A2CFC6311C185EAA2F17BA13E733D522713F64F2850C50F6EEF6E4CE1F592221,20269892,0
R2615,GG0002,RCB0002,I,0,1,20269892,4,True,,0.6075301170349121,0.12146058678627014,0.27100932598114014,0.4799280214551782,0.20601722310509746,0.3140547554397244,1.9035791880666308,True,A2CFC6311C185EAA2F17BA13E733D522713F64F2850C50F6EEF6E4CE1F592221,20269892,0
R2616,GG0002,RCB0002,I,0,1,20269892,4,True,,0.7129870057106018,0.12713982164859772,0.15987317264080048,0.5375849011626328,0.21731154692599042,0.24510355191137675,1.9035791880666308,True,A2CFC6311C185EAA2F17BA13E733D522713F64F2850C50F6EEF6E4CE1F592221,20269892,0
R2617,GG0002,RCB0002,I,0,1,20269892,4,True,,0.8672828674316406,0.0660722404718399,0.06664489954710007,0.6586079645032074,0.1703090956573566,0.17108293983943604,1.9035791880666308,True,A2CFC6311C185EAA2F17BA13E733D522713F64F2850C50F6EEF6E4CE1F592221,20269892,0
R2618,GG0002,RCB0002,I,0,1,20269892,4,True,,0.6191516518592834,0.1212356761097908,0.2596127390861511,0.48589915894897934,0.20631351952508376,0.30778732152593696,1.9035791880666308,True,A2CFC6311C185EAA2F17BA13E733D522713F64F2850C50F6EEF6E4CE1F592221,20269892,0
R2619,GG0002,RCB0002,I,0,1,20269892,4,True,,0.3223165273666382,0.24066385626792908,0.4370196461677551,0.32990644811436465,0.28297089948555265,0.3871226524000828,1.9035791880666308,True,A2CFC6311C185EAA2F17BA13E733D522713F64F2850C50F6EEF6E4CE1F592221,20269892,0
R2620,GG0002,RCB0002,I,0,1,20269892,4,True,,0.7079218029975891,0.030789438635110855,0.26128870248794556,0.5602189535784281,0.10791512496838215,0.33186592145318966,1.9035791880666308,True,A2CFC6311C185EAA2F17BA13E733D522713F64F2850C50F6EEF6E4CE1F592221,20269892,0
R2621,GG0002,RCB0002,I,0,1,20269892,4,True,,0.7148135304450989,0.029317723587155342,0.25586873292922974,0.5650648064631322,0.10554507983166606,0.3293901137052019,1.9035791880666308,True,A2CFC6311C185EAA2F17BA13E733D522713F64F2850C50F6EEF6E4CE1F592221,20269892,0
R2622,GG0002,RCB0002,I,0,1,20269892,4,True,,0.5337478518486023,0.13622725009918213,0.3300248980522156,0.4415319998345559,0.21547944684666254,0.34298855331878164,1.9035791880666308,True,A2CFC6311C185EAA2F17BA13E733D522713F64F2850C50F6EEF6E4CE1F592221,20269892,0
R2623,GG0002,RCB0002,I,0,1,20269892,4,True,,0.8172528147697449,0.030833488330245018,0.15191373229026794,0.6281718039538932,0.1122959095784962,0.2595322864676107,1.9035791880666308,True,A2CFC6311C185EAA2F17BA13E733D522713F64F2850C50F6EEF6E4CE1F592221,20269892,0
R2624,GG0002,RCB0002,I,0,1,20269892,4,True,,0.4582376182079315,0.10935968160629272,0.43240270018577576,0.4096535140625837,0.19299281045718342,0.39735367548023287,1.9035791880666308,True,A2CFC6311C185EAA2F17BA13E733D522713F64F2850C50F6EEF6E4CE1F592221,20269892,0
R2625,GG0002,RCB0002,I,0,1,20269892,4,True,,0.5722850561141968,0.043162066489458084,0.38455280661582947,0.4833845350335221,0.12433939765653354,0.39227606730994447,1.9035791880666308,True,A2CFC6311C185EAA2F17BA13E733D522713F64F2850C50F6EEF6E4CE1F592221,20269892,0
R2626,GG0002,RCB0002,I,0,1,20269892,4,True,,0.6546148657798767,0.1078985258936882,0.2374866008758545,0.5063501261733534,0.19639756161139693,0.29725231221524967,1.9035791880666308,True,A2CFC6311C185EAA2F17BA13E733D522713F64F2850C50F6EEF6E4CE1F592221,20269892,0
R2627,GG0002,RCB0002,I,0,1,20269892,4,True,,0.30587276816368103,0.12061156332492828,0.5735156536102295,0.3328221421899992,0.2041270934271234,0.46305076438287746,1.9035791880666308,True,A2CFC6311C185EAA2F17BA13E733D522713F64F2850C50F6EEF6E4CE1F592221,20269892,0
R2628,GG0002,RCB0002,I,0,1,20269892,4,True,,0.2585398852825165,0.08393895626068115,0.65752112865448,0.3138059428439805,0.1737823663640341,0.5124116907919853,1.9035791880666308,True,A2CFC6311C185EAA2F17BA13E733D522713F64F2850C50F6EEF6E4CE1F592221,20269892,0
R2629,GG0002,RCB0002,I,0,1,20269892,4,True,,0.24489422142505646,0.06366303563117981,0.6914427280426025,0.3107688852126641,0.15313476719413574,0.5360963475932001,1.9035791880666308,True,A2CFC6311C185EAA2F17BA13E733D522713F64F2850C50F6EEF6E4CE1F592221,20269892,0
R2630,GG0002,RCB0002,I,0,1,20269892,4,True,,0.1622675061225891,0.05576801300048828,0.7819644212722778,0.2594027998230455,0.1480144114739477,0.5925827887030067,1.9035791880666308,True,A2CFC6311C185EAA2F17BA13E733D522713F64F2850C50F6EEF6E4CE1F592221,20269892,0
R2631,GG0002,RCB0002,I,0,1,20269892,4,True,,0.7203100919723511,0.05943602696061134,0.22025388479232788,0.553621494951191,0.14929247590041367,0.2970860291483953,1.9035791880666308,True,A2CFC6311C185EAA2F17BA13E733D522713F64F2850C50F6EEF6E4CE1F592221,20269892,0
R2632,GG0002,RCB0002,I,0,1,20269892,4,True,,0.2459956556558609,0.13022370636463165,0.6237806081771851,0.29883520093718174,0.2139523299805229,0.48721246908229543,1.9035791880666308,True,A2CFC6311C185EAA2F17BA13E733D522713F64F2850C50F6EEF6E4CE1F592221,20269892,0
R2633,GG0002,RCB0002,I,0,1,20269892,4,True,,0.7283268570899963,0.09891892224550247,0.1727542132139206,0.5494629373872221,0.19251117036676746,0.2580258922460104,1.9035791880666308,True,A2CFC6311C185EAA2F17BA13E733D522713F64F2850C50F6EEF6E4CE1F592221,20269892,0
R2634,GG0002,RCB0002,I,0,1,20269892,4,True,,0.42489907145500183,0.24140888452529907,0.3336920440196991,0.38112149329365086,0.2831905596798246,0.3356879470265246,1.9035791880666308,True,A2CFC6311C185EAA2F17BA13E733D522713F64F2850C50F6EEF6E4CE1F592221,20269892,0
R2635,GG0002,RCB0002,I,0,1,20269892,4,True,,0.2003072053194046,0.2535956799983978,0.5460971593856812,0.2614001829824024,0.295885086125524,0.4427147308920736,1.9035791880666308,True,A2CFC6311C185EAA2F17BA13E733D522713F64F2850C50F6EEF6E4CE1F592221,20269892,0
R2636,GG0002,RCB0002,I,0,1,20269892,4,False,row_missingness_at_or_above_threshold,,,,,,,1.9035791880666308,True,A2CFC6311C185EAA2F17BA13E733D522713F64F2850C50F6EEF6E4CE1F592221,20269892,0
R2637,GG0002,RCB0002,I,0,1,20269892,4,False,row_missingness_at_or_above_threshold,,,,,,,1.9035791880666308,True,A2CFC6311C185EAA2F17BA13E733D522713F64F2850C50F6EEF6E4CE1F592221,20269892,0
R2638,GG0002,RCB0002,I,0,1,20269892,4,False,row_missingness_at_or_above_threshold,,,,,,,1.9035791880666308,True,A2CFC6311C185EAA2F17BA13E733D522713F64F2850C50F6EEF6E4CE1F592221,20269892,0
R2639,GG0002,RCB0002,I,0,1,20269892,4,False,row_missingness_at_or_above_threshold,,,,,,,1.9035791880666308,True,A2CFC6311C185EAA2F17BA13E733D522713F64F2850C50F6EEF6E4CE1F592221,20269892,0
R2640,GG0002,RCB0002,I,0,1,20269892,4,False,row_missingness_at_or_above_threshold,,,,,,,1.9035791880666308,True,A2CFC6311C185EAA2F17BA13E733D522713F64F2850C50F6EEF6E4CE1F592221,20269892,0
R2641,GG0002,RCB0002,I,0,1,20269892,4,False,row_missingness_at_or_above_threshold,,,,,,,1.9035791880666308,True,A2CFC6311C185EAA2F17BA13E733D522713F64F2850C50F6EEF6E4CE1F592221,20269892,0
R2642,GG0015,RCB0002,I,0,1,20269892,4,True,,0.03693157434463501,0.13477173447608948,0.8282967209815979,0.12348870589259744,0.2437620794958536,0.632749214611549,1.9035791880666308,True,A2CFC6311C185EAA2F17BA13E733D522713F64F2850C50F6EEF6E4CE1F592221,20269892,0
R2643,GG0015,RCB0002,I,0,1,20269892,4,True,,0.1099620833992958,0.07630369812250137,0.813734233379364,0.21335126738064467,0.17608701891441036,0.610561713704945,1.9035791880666308,True,A2CFC6311C185EAA2F17BA13E733D522713F64F2850C50F6EEF6E4CE1F592221,20269892,0
R2644,GG0015,RCB0002,I,0,1,20269892,4,True,,0.48640167713165283,0.24763455986976624,0.26596373319625854,0.41157912387420253,0.28869296792679217,0.2997279081990054,1.9035791880666308,True,A2CFC6311C185EAA2F17BA13E733D522713F64F2850C50F6EEF6E4CE1F592221,20269892,0
R2645,GG0015,RCB0002,I,0,1,20269892,4,True,,0.5878545641899109,0.32408761978149414,0.08805788308382034,0.47613348666302185,0.34823743783444683,0.17562907550253126,1.9035791880666308,True,A2CFC6311C185EAA2F17BA13E733D522713F64F2850C50F6EEF6E4CE1F592221,20269892,0
R2646,GG0015,RCB0002,I,0,1,20269892,4,True,,0.6414715051651001,0.16308923065662384,0.19543926417827606,0.4944030560505055,0.2407921365961573,0.26480480735333717,1.9035791880666308,True,A2CFC6311C185EAA2F17BA13E733D522713F64F2850C50F6EEF6E4CE1F592221,20269892,0
R2647,GG0015,RCB0002,I,0,1,20269892,4,True,,0.03634524345397949,0.08432035148143768,0.8793343901634216,0.12677406944472938,0.19725552759319276,0.6759704029620778,1.9035791880666308,True,A2CFC6311C185EAA2F17BA13E733D522713F64F2850C50F6EEF6E4CE1F592221,20269892,0
R2648,GG0015,RCB0002,I,0,1,20269892,4,True,,0.18759532272815704,0.09668178856372833,0.715722918510437,0.26834214704642806,0.18943463682766085,0.5422232161259112,1.9035791880666308,True,A2CFC6311C185EAA2F17BA13E733D522713F64F2850C50F6EEF6E4CE1F592221,20269892,0
R2649,GG0015,RCB0002,I,0,1,20269892,4,True,,0.10137046873569489,0.7639327645301819,0.134696826338768,0.1980078301413019,0.5720960013692008,0.22989616848949723,1.9035791880666308,True,A2CFC6311C185EAA2F17BA13E733D522713F64F2850C50F6EEF6E4CE1F592221,20269892,0
R2650,GG0015,RCB0002,I,0,1,20269892,4,True,,0.08441297709941864,0.7119501829147339,0.20363685488700867,0.17688102114727802,0.5421937472202,0.280925231632522,1.9035791880666308,True,A2CFC6311C185EAA2F17BA13E733D522713F64F2850C50F6EEF6E4CE1F592221,20269892,0
R2651,GG0015,RCB0002,I,0,1,20269892,4,True,,0.05288540571928024,0.608045220375061,0.3390693962574005,0.13771829173021644,0.4967668455833289,0.36551486268645467,1.9035791880666308,True,A2CFC6311C185EAA2F17BA13E733D522713F64F2850C50F6EEF6E4CE1F592221,20269892,0
R2652,GG0015,RCB0002,I,0,1,20269892,4,True,,0.09958313405513763,0.7348428964614868,0.16557395458221436,0.19366084521132237,0.5533877363963314,0.25295141839234625,1.9035791880666308,True,A2CFC6311C185EAA2F17BA13E733D522713F64F2850C50F6EEF6E4CE1F592221,20269892,0
R2653,GG0015,RCB0002,I,0,1,20269892,4,True,,0.023852145299315453,0.9273086190223694,0.04883924126625061,0.10755017228118705,0.7357334440322817,0.15671638368653132,1.9035791880666308,True,A2CFC6311C185EAA2F17BA13E733D522713F64F2850C50F6EEF6E4CE1F592221,20269892,0
R2654,GG0015,RCB0002,I,0,1,20269892,4,True,,0.09479188919067383,0.622836709022522,0.2823713719844818,0.18305618648863994,0.4921445617642888,0.3247992517470713,1.9035791880666308,True,A2CFC6311C185EAA2F17BA13E733D522713F64F2850C50F6EEF6E4CE1F592221,20269892,0
R2655,GG0015,RCB0002,I,0,1,20269892,4,True,,0.04268205165863037,0.8886364102363586,0.06868153065443039,0.13866836895369677,0.6832959696449774,0.1780356614013259,1.9035791880666308,True,A2CFC6311C185EAA2F17BA13E733D522713F64F2850C50F6EEF6E4CE1F592221,20269892,0
R2656,GG0015,RCB0002,I,0,1,20269892,4,True,,0.0930621325969696,0.7177456021308899,0.18919223546981812,0.18600206636223507,0.5439836806368672,0.27001425300089765,1.9035791880666308,True,A2CFC6311C185EAA2F17BA13E733D522713F64F2850C50F6EEF6E4CE1F592221,20269892,0
R2657,GG0015,RCB0002,I,0,1,20269892,4,True,,0.07091378420591354,0.561604380607605,0.3674818277359009,0.15775701121094995,0.4678420175654297,0.37440097122362037,1.9035791880666308,True,A2CFC6311C185EAA2F17BA13E733D522713F64F2850C50F6EEF6E4CE1F592221,20269892,0
R2658,GG0015,RCB0002,I,0,1,20269892,4,True,,0.09959294646978378,0.8154674768447876,0.08493959158658981,0.20252043326636696,0.6112026094144157,0.1862769573192175,1.9035791880666308,True,A2CFC6311C185EAA2F17BA13E733D522713F64F2850C50F6EEF6E4CE1F592221,20269892,0
R2659,GG0015,RCB0002,I,0,1,20269892,4,True,,0.06159880757331848,0.8622713088989258,0.07612986862659454,0.16346006197217114,0.65384243156489,0.1826975064629389,1.9035791880666308,True,A2CFC6311C185EAA2F17BA13E733D522713F64F2850C50F6EEF6E4CE1F592221,20269892,0
R2660,GG0015,RCB0002,I,0,1,20269892,4,True,,0.09919320791959763,0.8099250197410583,0.0908818170428276,0.20126326178255546,0.6065163191982418,0.19222041901920273,1.9035791880666308,True,A2CFC6311C185EAA2F17BA13E733D522713F64F2850C50F6EEF6E4CE1F592221,20269892,0
R2661,GG0015,RCB0002,I,0,1,20269892,4,True,,0.10622600466012955,0.7713646292686462,0.12240937352180481,0.20363186811268819,0.5769879747823662,0.21938015710494563,1.9035791880666308,True,A2CFC6311C185EAA2F17BA13E733D522713F64F2850C50F6EEF6E4CE1F592221,20269892,0
R2662,GG0015,RCB0002,I,0,1,20269892,4,True,,0.09178503602743149,0.8224411606788635,0.0857737585902214,0.19495461990894286,0.6169059696228619,0.18813941046819518,1.9035791880666308,True,A2CFC6311C185EAA2F17BA13E733D522713F64F2850C50F6EEF6E4CE1F592221,20269892,0
R2663,GG0015,RCB0002,I,0,1,20269892,4,True,,0.07006368786096573,0.838355541229248,0.09158074110746384,0.1713905410438793,0.6313271471305795,0.19728231182554135,1.9035791880666308,True,A2CFC6311C185EAA2F17BA13E733D522713F64F2850C50F6EEF6E4CE1F592221,20269892,0
R2664,GG0015,RCB0002,I,0,1,20269892,4,True,,0.07512743026018143,0.8373662829399109,0.08750633150339127,0.17755070502101586,0.6300867547408677,0.19236254023811641,1.9035791880666308,True,A2CFC6311C185EAA2F17BA13E733D522713F64F2850C50F6EEF6E4CE1F592221,20269892,0
R2665,GG0015,RCB0002,I,0,1,20269892,4,True,,0.06276274472475052,0.8551996350288391,0.08203764259815216,0.16407315422867078,0.6470673307976094,0.18885951497371997,1.9035791880666308,True,A2CFC6311C185EAA2F17BA13E733D522713F64F2850C50F6EEF6E4CE1F592221,20269892,0
R2666,GG0015,RCB0002,I,0,1,20269892,4,True,,0.0469997301697731,0.8858845233917236,0.06711578369140625,0.14529570616863252,0.679503473990213,0.17520081984115432,1.9035791880666308,True,A2CFC6311C185EAA2F17BA13E733D522713F64F2850C50F6EEF6E4CE1F592221,20269892,0
R2667,GG0015,RCB0002,I,0,1,20269892,4,True,,0.0967937633395195,0.7974858283996582,0.10572048276662827,0.19703360388600935,0.5965869355568978,0.2063794605570929,1.9035791880666308,True,A2CFC6311C185EAA2F17BA13E733D522713F64F2850C50F6EEF6E4CE1F592221,20269892,0
R2668,GG0015,RCB0002,I,0,1,20269892,4,True,,0.09201163798570633,0.7841170430183411,0.12387131154537201,0.1904371046321704,0.5869317727195288,0.2226311226483008,1.9035791880666308,True,A2CFC6311C185EAA2F17BA13E733D522713F64F2850C50F6EEF6E4CE1F592221,20269892,0
R2669,GG0032,RCB0026,A,1,1,20269892,4,True,,0.20891594886779785,0.6336864829063416,0.1573975831270218,0.27374500947004526,0.4903457289087109,0.23590926162124387,1.9035791880666308,True,A2CFC6311C185EAA2F17BA13E733D522713F64F2850C50F6EEF6E4CE1F592221,20269892,0
R2670,GG0032,RCB0026,A,1,1,20269892,4,True,,0.041266631335020065,0.7981694340705872,0.16056399047374725,0.12849913649968162,0.6091584724153595,0.2623423910849588,1.9035791880666308,True,A2CFC6311C185EAA2F17BA13E733D522713F64F2850C50F6EEF6E4CE1F592221,20269892,0
R2671,GG0032,RCB0026,A,1,1,20269892,4,True,,0.0714109018445015,0.7018865346908569,0.22670254111289978,0.16242859236660548,0.539572714914201,0.29799869271919344,1.9035791880666308,True,A2CFC6311C185EAA2F17BA13E733D522713F64F2850C50F6EEF6E4CE1F592221,20269892,0
R2672,GG0032,RCB0026,A,1,1,20269892,4,True,,0.05749678984284401,0.8254796862602234,0.1170235127210617,0.15370193625138412,0.6230382723830113,0.22325979136560448,1.9035791880666308,True,A2CFC6311C185EAA2F17BA13E733D522713F64F2850C50F6EEF6E4CE1F592221,20269892,0
R2673,GG0032,RCB0026,A,1,1,20269892,4,True,,0.09227702021598816,0.5940651297569275,0.3136579096317291,0.17980736000364822,0.4782555612070876,0.34193707878926427,1.9035791880666308,True,A2CFC6311C185EAA2F17BA13E733D522713F64F2850C50F6EEF6E4CE1F592221,20269892,0
R2674,GG0032,RCB0026,A,1,1,20269892,4,True,,0.06669452041387558,0.8313930034637451,0.1019124686717987,0.16630271429482923,0.6259040460173694,0.20779323968780125,1.9035791880666308,True,A2CFC6311C185EAA2F17BA13E733D522713F64F2850C50F6EEF6E4CE1F592221,20269892,0
R2675,GG0032,RCB0026,A,1,1,20269892,4,True,,0.05074012279510498,0.8846340775489807,0.06462585180997849,0.15095551173227365,0.6776341567597938,0.17141033150793264,1.9035791880666308,True,A2CFC6311C185EAA2F17BA13E733D522713F64F2850C50F6EEF6E4CE1F592221,20269892,0
R2676,GG0032,RCB0026,A,1,1,20269892,4,True,,0.05217525735497475,0.8824148774147034,0.06540989130735397,0.15281320979551488,0.6751042503717996,0.17208253983268557,1.9035791880666308,True,A2CFC6311C185EAA2F17BA13E733D522713F64F2850C50F6EEF6E4CE1F592221,20269892,0
R2677,GG0032,RCB0026,A,1,1,20269892,4,True,,0.08279397338628769,0.7591502666473389,0.15805575251579285,0.17833776990506328,0.5711891771109143,0.2504730529840223,1.9035791880666308,True,A2CFC6311C185EAA2F17BA13E733D522713F64F2850C50F6EEF6E4CE1F592221,20269892,0
R2678,GG0032,RCB0026,A,1,1,20269892,4,True,,0.08124606311321259,0.4347946345806122,0.4839593172073364,0.1675824113741925,0.40450046886930163,0.42791711975650576,1.9035791880666308,True,A2CFC6311C185EAA2F17BA13E733D522713F64F2850C50F6EEF6E4CE1F592221,20269892,0
R2679,GG0032,RCB0026,A,1,1,20269892,4,True,,0.05686621740460396,0.8789060711860657,0.06422776728868484,0.15924338265507165,0.6709969194927495,0.16975969785217893,1.9035791880666308,True,A2CFC6311C185EAA2F17BA13E733D522713F64F2850C50F6EEF6E4CE1F592221,20269892,0
R2680,GG0032,RCB0026,A,1,1,20269892,4,True,,0.05566759034991264,0.8895980715751648,0.054734330624341965,0.1592511928338799,0.6829057703496765,0.15784303681644365,1.9035791880666308,True,A2CFC6311C185EAA2F17BA13E733D522713F64F2850C50F6EEF6E4CE1F592221,20269892,0
R2681,GG0032,RCB0026,A,1,1,20269892,4,True,,0.049737367779016495,0.8960283994674683,0.054234232753515244,0.15120805614439375,0.6905497442524662,0.15824219960314,1.9035791880666308,True,A2CFC6311C185EAA2F17BA13E733D522713F64F2850C50F6EEF6E4CE1F592221,20269892,0
R2682,GG0032,RCB0026,A,1,1,20269892,4,True,,0.026196744292974472,0.9450824856758118,0.028720805421471596,0.11591729057438378,0.7624264016313939,0.12165630779422237,1.9035791880666308,True,A2CFC6311C185EAA2F17BA13E733D522713F64F2850C50F6EEF6E4CE1F592221,20269892,0
R2683,GG0032,RCB0026,A,1,1,20269892,4,True,,0.07748891413211823,0.8025282621383667,0.1199827790260315,0.17628423419691036,0.601915498979511,0.2218002668235786,1.9035791880666308,True,A2CFC6311C185EAA2F17BA13E733D522713F64F2850C50F6EEF6E4CE1F592221,20269892,0
R2684,GG0032,RCB0026,A,1,1,20269892,4,True,,0.13756154477596283,0.35384583473205566,0.5085926651954651,0.2159723544177155,0.35477127718538276,0.4292563683969018,1.9035791880666308,True,A2CFC6311C185EAA2F17BA13E733D522713F64F2850C50F6EEF6E4CE1F592221,20269892,0
R2685,GG0032,RCB0026,A,1,1,20269892,4,True,,0.17752236127853394,0.7680925726890564,0.054385025054216385,0.2705734320001716,0.58408616727665,0.14534040072317847,1.9035791880666308,True,A2CFC6311C185EAA2F17BA13E733D522713F64F2850C50F6EEF6E4CE1F592221,20269892,0
R2686,GG0032,RCB0026,A,1,1,20269892,4,True,,0.13423678278923035,0.7957891225814819,0.06997407972812653,0.23489429645839463,0.5982889544687485,0.16681674907285687,1.9035791880666308,True,A2CFC6311C185EAA2F17BA13E733D522713F64F2850C50F6EEF6E4CE1F592221,20269892,0
R2687,GG0032,RCB0026,A,1,1,20269892,4,True,,0.05642342194914818,0.9151709675788879,0.02840563841164112,0.1661369132716708,0.7180146681146675,0.11584841861366167,1.9035791880666308,True,A2CFC6311C185EAA2F17BA13E733D522713F64F2850C50F6EEF6E4CE1F592221,20269892,0
R2688,GG0032,RCB0026,A,1,1,20269892,4,True,,0.041593145579099655,0.9166553020477295,0.04175148904323578,0.14126229381626357,0.7171931572409511,0.14154454894278537,1.9035791880666308,True,A2CFC6311C185EAA2F17BA13E733D522713F64F2850C50F6EEF6E4CE1F592221,20269892,0
R2689,GG0032,RCB0026,A,1,1,20269892,4,True,,0.10584739595651627,0.6624216437339783,0.23173095285892487,0.19493679295923905,0.5108485179856167,0.29421468905514425,1.9035791880666308,True,A2CFC6311C185EAA2F17BA13E733D522713F64F2850C50F6EEF6E4CE1F592221,20269892,0
R2690,GG0032,RCB0026,A,1,1,20269892,4,True,,0.05443941801786423,0.8425079584121704,0.10305263847112656,0.15117505983918297,0.6374409882553267,0.21138395190549036,1.9035791880666308,True,A2CFC6311C185EAA2F17BA13E733D522713F64F2850C50F6EEF6E4CE1F592221,20269892,0
R2691,GG0032,RCB0026,A,1,1,20269892,4,True,,0.26022475957870483,0.7051990032196045,0.034576259553432465,0.3295285257707384,0.5563394500863035,0.11413202414295813,1.9035791880666308,True,A2CFC6311C185EAA2F17BA13E733D522713F64F2850C50F6EEF6E4CE1F592221,20269892,0
R2842,GG0021,RCB0010,S,2,1,20269892,4,True,,0.3660709261894226,0.4367152452468872,0.19721384346485138,0.35464728965167813,0.38909354620866565,0.25625916413965627,1.9035791880666308,True,A2CFC6311C185EAA2F17BA13E733D522713F64F2850C50F6EEF6E4CE1F592221,20269892,0
R2843,GG0021,RCB0010,S,2,1,20269892,4,True,,0.37321925163269043,0.06728867441415787,0.5594920516014099,0.37827562894163036,0.1537992034736083,0.4679251675847612,1.9035791880666308,True,A2CFC6311C185EAA2F17BA13E733D522713F64F2850C50F6EEF6E4CE1F592221,20269892,0
R2844,GG0021,RCB0010,S,2,1,20269892,4,True,,0.46670520305633545,0.10653658956289291,0.4267582297325134,0.414195812505637,0.19062766001101578,0.3951765274833473,1.9035791880666308,True,A2CFC6311C185EAA2F17BA13E733D522713F64F2850C50F6EEF6E4CE1F592221,20269892,0
R2845,GG0021,RCB0010,S,2,1,20269892,4,True,,0.22467312216758728,0.04454147815704346,0.7307853698730469,0.30436085917178657,0.1300758433643637,0.5655632974638497,1.9035791880666308,True,A2CFC6311C185EAA2F17BA13E733D522713F64F2850C50F6EEF6E4CE1F592221,20269892,0
R2846,GG0021,RCB0010,S,2,1,20269892,4,True,,0.3142278790473938,0.10598304867744446,0.5797890424728394,0.3396068645795836,0.19187488642444908,0.46851824899596745,1.9035791880666308,True,A2CFC6311C185EAA2F17BA13E733D522713F64F2850C50F6EEF6E4CE1F592221,20269892,0
R2847,GG0021,RCB0010,S,2,1,20269892,4,True,,0.20964281260967255,0.03438158333301544,0.7559755444526672,0.29864164902903156,0.11552829434293534,0.5858300566280331,1.9035791880666308,True,A2CFC6311C185EAA2F17BA13E733D522713F64F2850C50F6EEF6E4CE1F592221,20269892,0
R2848,GG0021,RCB0010,S,2,1,20269892,4,True,,0.5879796743392944,0.025191906839609146,0.38682839274406433,0.5015879075184548,0.0958622527806369,0.40254983970090824,1.9035791880666308,True,A2CFC6311C185EAA2F17BA13E733D522713F64F2850C50F6EEF6E4CE1F592221,20269892,0
R2849,GG0021,RCB0010,S,2,1,20269892,4,True,,0.13354350626468658,0.04772357642650604,0.8187329173088074,0.23953033501748525,0.13950751746406023,0.6209621475184545,1.9035791880666308,True,A2CFC6311C185EAA2F17BA13E733D522713F64F2850C50F6EEF6E4CE1F592221,20269892,0
R2865,GG0010,RCB0010,S,2,1,20269892,4,True,,0.016762547194957733,0.018305154517292976,0.9649322628974915,0.0956513813865918,0.10017889688620023,0.804169721727208,1.9035791880666308,True,A2CFC6311C185EAA2F17BA13E733D522713F64F2850C50F6EEF6E4CE1F592221,20269892,0
R2866,GG0010,RCB0010,S,2,1,20269892,4,True,,0.012372464872896671,0.025459276512265205,0.9621682167053223,0.0812513580078005,0.11870322344023312,0.8000454185519664,1.9035791880666308,True,A2CFC6311C185EAA2F17BA13E733D522713F64F2850C50F6EEF6E4CE1F592221,20269892,0
R2867,GG0010,RCB0010,S,2,1,20269892,4,True,,0.011814848519861698,0.01792156882584095,0.9702636003494263,0.08079383832885838,0.10056222969504322,0.8186439319760984,1.9035791880666308,True,A2CFC6311C185EAA2F17BA13E733D522713F64F2850C50F6EEF6E4CE1F592221,20269892,0
R2868,GG0010,RCB0010,S,2,1,20269892,4,True,,0.00767101813107729,0.014546077698469162,0.9777829051017761,0.06594391477566919,0.09229095508634902,0.8417651301379818,1.9035791880666308,True,A2CFC6311C185EAA2F17BA13E733D522713F64F2850C50F6EEF6E4CE1F592221,20269892,0
R2869,GG0021,RCB0010,S,2,1,20269892,4,True,,0.08256267011165619,0.11588847637176514,0.8015488386154175,0.18196949151279473,0.21744843666538224,0.6005820718218231,1.9035791880666308,True,A2CFC6311C185EAA2F17BA13E733D522713F64F2850C50F6EEF6E4CE1F592221,20269892,0
R2870,GG0021,RCB0010,S,2,1,20269892,4,True,,0.026897981762886047,0.03835652768611908,0.9347454905509949,0.11555013588045525,0.1392302225541564,0.7452196415653882,1.9035791880666308,True,A2CFC6311C185EAA2F17BA13E733D522713F64F2850C50F6EEF6E4CE1F592221,20269892,0
R2871,GG0021,RCB0010,S,2,1,20269892,4,True,,0.024115031585097313,0.05326547846198082,0.9226195216178894,0.10752911014082137,0.16305017186857618,0.7294207179906024,1.9035791880666308,True,A2CFC6311C185EAA2F17BA13E733D522713F64F2850C50F6EEF6E4CE1F592221,20269892,0
R2872,GG0021,RCB0010,S,2,1,20269892,4,True,,0.03337164595723152,0.02813914604485035,0.9384891986846924,0.13012437879249508,0.11897329362919529,0.7509023275783095,1.9035791880666308,True,A2CFC6311C185EAA2F17BA13E733D522713F64F2850C50F6EEF6E4CE1F592221,20269892,0
R0123,GG0017,RCB0007,A,1,1,20269892,5,True,,0.2453976422548294,0.6073564291000366,0.14724592864513397,0.265455235025021,0.5603118717807819,0.1742328931941971,1.213090342321643,True,A2CFC6311C185EAA2F17BA13E733D522713F64F2850C50F6EEF6E4CE1F592221,20269892,0
R0124,GG0017,RCB0007,A,1,1,20269892,5,True,,0.11058066040277481,0.3560630679130554,0.533356249332428,0.1373523148179204,0.36014356642346546,0.502504118758614,1.213090342321643,True,A2CFC6311C185EAA2F17BA13E733D522713F64F2850C50F6EEF6E4CE1F592221,20269892,0
R0125,GG0017,RCB0007,A,1,1,20269892,5,True,,0.13352878391742706,0.7375920414924622,0.12887915968894958,0.1649486436926621,0.6748521609872099,0.16019919532012805,1.213090342321643,True,A2CFC6311C185EAA2F17BA13E733D522713F64F2850C50F6EEF6E4CE1F592221,20269892,0
R0126,GG0017,RCB0007,A,1,1,20269892,5,True,,0.17114627361297607,0.7121946811676025,0.11665907502174377,0.2012699205363075,0.6519834208273873,0.14674665863630532,1.213090342321643,True,A2CFC6311C185EAA2F17BA13E733D522713F64F2850C50F6EEF6E4CE1F592221,20269892,0
R0127,GG0017,RCB0007,A,1,1,20269892,5,True,,0.2511105537414551,0.5319740772247314,0.21691536903381348,0.2671592152547402,0.49605099007192,0.23678979467333985,1.213090342321643,True,A2CFC6311C185EAA2F17BA13E733D522713F64F2850C50F6EEF6E4CE1F592221,20269892,0
R0128,GG0017,RCB0007,A,1,1,20269892,5,True,,0.04744250327348709,0.8928778767585754,0.05967968329787254,0.07436507537766236,0.8357841258664075,0.08985079875593024,1.213090342321643,True,A2CFC6311C185EAA2F17BA13E733D522713F64F2850C50F6EEF6E4CE1F592221,20269892,0
R0129,GG0007,RCB0007,I,0,1,20269892,5,True,,0.7809999585151672,0.05359426885843277,0.16540580987930298,0.7204434088757311,0.07915025117213406,0.20040633995213492,1.213090342321643,True,A2CFC6311C185EAA2F17BA13E733D522713F64F2850C50F6EEF6E4CE1F592221,20269892,0
R0130,GG0007,RCB0007,I,0,1,20269892,5,True,,0.32493236660957336,0.5489729642868042,0.12609463930130005,0.3334357219084111,0.5137624377933782,0.15280184029821076,1.213090342321643,True,A2CFC6311C185EAA2F17BA13E733D522713F64F2850C50F6EEF6E4CE1F592221,20269892,0
R0131,GG0007,RCB0007,I,0,1,20269892,5,True,,0.36304062604904175,0.16336689889431,0.47359246015548706,0.3619571314645974,0.18740578566693672,0.45063708286846577,1.213090342321643,True,A2CFC6311C185EAA2F17BA13E733D522713F64F2850C50F6EEF6E4CE1F592221,20269892,0
R0132,GG0007,RCB0007,I,0,1,20269892,5,True,,0.3860117197036743,0.33478227257728577,0.27920597791671753,0.3766606462734483,0.3349458668484502,0.2883934868781014,1.213090342321643,True,A2CFC6311C185EAA2F17BA13E733D522713F64F2850C50F6EEF6E4CE1F592221,20269892,0
R0133,GG0007,RCB0007,I,0,1,20269892,5,True,,0.553186297416687,0.2922707796096802,0.15454290807247162,0.5153283165713824,0.3045584599276059,0.18011322350101167,1.213090342321643,True,A2CFC6311C185EAA2F17BA13E733D522713F64F2850C50F6EEF6E4CE1F592221,20269892,0
R0134,GG0007,RCB0007,I,0,1,20269892,5,True,,0.41095900535583496,0.5233010649681091,0.0657399445772171,0.40964026773751866,0.4999421914454164,0.090417540817065,1.213090342321643,True,A2CFC6311C185EAA2F17BA13E733D522713F64F2850C50F6EEF6E4CE1F592221,20269892,0
R0135,GG0007,RCB0007,I,0,1,20269892,5,True,,0.5594080090522766,0.2490636557340622,0.19152837991714478,0.5190661900523539,0.2664000129624461,0.2145337969852,1.213090342321643,True,A2CFC6311C185EAA2F17BA13E733D522713F64F2850C50F6EEF6E4CE1F592221,20269892,0
R0136,GG0007,RCB0007,I,0,1,20269892,5,True,,0.05623281002044678,0.13413675129413605,0.8096304535865784,0.08292027628592337,0.1697841890996787,0.747295534614398,1.213090342321643,True,A2CFC6311C185EAA2F17BA13E733D522713F64F2850C50F6EEF6E4CE1F592221,20269892,0
R0137,GG0007,RCB0007,I,0,1,20269892,5,True,,0.4034998416900635,0.13115747272968292,0.4653427302837372,0.3967114957816732,0.15709231214048727,0.44619619207783956,1.213090342321643,True,A2CFC6311C185EAA2F17BA13E733D522713F64F2850C50F6EEF6E4CE1F592221,20269892,0
R0138,GG0007,RCB0007,I,0,1,20269892,5,True,,0.2853453755378723,0.26319578289985657,0.45145878195762634,0.2945327773056442,0.275553501323809,0.42991372137054684,1.213090342321643,True,A2CFC6311C185EAA2F17BA13E733D522713F64F2850C50F6EEF6E4CE1F592221,20269892,0
R0139,GG0007,RCB0007,I,0,1,20269892,5,True,,0.015170762315392494,0.6213914155960083,0.36343783140182495,0.02773971656393458,0.5918812153576379,0.38037906807842736,1.213090342321643,True,A2CFC6311C185EAA2F17BA13E733D522713F64F2850C50F6EEF6E4CE1F592221,20269892,0
R0140,GG0020,RCB0018,S,2,1,20269892,5,True,,0.10333199799060822,0.013704273849725723,0.8829637765884399,0.1418216134730715,0.02682150742665759,0.8313568791002709,1.213090342321643,True,A2CFC6311C185EAA2F17BA13E733D522713F64F2850C50F6EEF6E4CE1F592221,20269892,0
R0141,GG0020,RCB0018,S,2,1,20269892,5,True,,0.12343709170818329,0.02821865677833557,0.8483442664146423,0.161422516260441,0.047822945285552025,0.790754538454007,1.213090342321643,True,A2CFC6311C185EAA2F17BA13E733D522713F64F2850C50F6EEF6E4CE1F592221,20269892,0
R0142,GG0020,RCB0018,S,2,1,20269892,5,True,,0.05606099218130112,0.012493852525949478,0.9314451217651367,0.08747622499666236,0.025377515445679764,0.8871462595576579,1.213090342321643,True,A2CFC6311C185EAA2F17BA13E733D522713F64F2850C50F6EEF6E4CE1F592221,20269892,0
R0143,GG0020,RCB0018,S,2,1,20269892,5,True,,0.2106245905160904,0.03344983980059624,0.7559255361557007,0.24469113495520223,0.05368772740714658,0.7016211376376512,1.213090342321643,True,A2CFC6311C185EAA2F17BA13E733D522713F64F2850C50F6EEF6E4CE1F592221,20269892,0
R0163,GG0046,RCB0035,S,2,1,20269892,5,True,,0.058069583028554916,0.22906965017318726,0.7128608226776123,0.08331930334327796,0.2582666615524293,0.6584140351042927,1.213090342321643,True,A2CFC6311C185EAA2F17BA13E733D522713F64F2850C50F6EEF6E4CE1F592221,20269892,0
R0164,GG0046,RCB0035,S,2,1,20269892,5,True,,0.03538021072745323,0.07134751230478287,0.8932722210884094,0.0584735702945174,0.10424831356789231,0.8372781161375903,1.213090342321643,True,A2CFC6311C185EAA2F17BA13E733D522713F64F2850C50F6EEF6E4CE1F592221,20269892,0
R0165,GG0046,RCB0035,S,2,1,20269892,5,True,,0.036372989416122437,0.05042971298098564,0.9131972193717957,0.06037942512584589,0.07904404049507287,0.8605765343790811,1.213090342321643,True,A2CFC6311C185EAA2F17BA13E733D522713F64F2850C50F6EEF6E4CE1F592221,20269892,0
R0166,GG0046,RCB0035,S,2,1,20269892,5,True,,0.0319872722029686,0.09670554846525192,0.8713071346282959,0.05338189789626977,0.13288272928819972,0.8137353728155304,1.213090342321643,True,A2CFC6311C185EAA2F17BA13E733D522713F64F2850C50F6EEF6E4CE1F592221,20269892,0
R0167,GG0046,RCB0035,S,2,1,20269892,5,True,,0.0648256316781044,0.08468867838382721,0.8504856824874878,0.09439469985051303,0.11766192447577299,0.787943375673714,1.213090342321643,True,A2CFC6311C185EAA2F17BA13E733D522713F64F2850C50F6EEF6E4CE1F592221,20269892,0
R0168,GG0046,RCB0035,S,2,1,20269892,5,True,,0.05950397253036499,0.18275314569473267,0.7577428817749023,0.0857150012310952,0.21615920928137577,0.6981257894875289,1.213090342321643,True,A2CFC6311C185EAA2F17BA13E733D522713F64F2850C50F6EEF6E4CE1F592221,20269892,0
R0169,GG0046,RCB0035,S,2,1,20269892,5,True,,0.027592509984970093,0.028406990692019463,0.9440004825592041,0.04897452603726727,0.05016317096592059,0.9008623029968121,1.213090342321643,True,A2CFC6311C185EAA2F17BA13E733D522713F64F2850C50F6EEF6E4CE1F592221,20269892,0
R0170,GG0046,RCB0035,S,2,1,20269892,5,True,,0.06160036101937294,0.12246057391166687,0.8159391283988953,0.08948258068858354,0.15766401165526311,0.7528534076561534,1.213090342321643,True,A2CFC6311C185EAA2F17BA13E733D522713F64F2850C50F6EEF6E4CE1F592221,20269892,0
R0171,GG0046,RCB0035,S,2,1,20269892,5,True,,0.0287850983440876,0.03150134161114693,0.9397135972976685,0.0505699373736437,0.05447217352165327,0.894957889104703,1.213090342321643,True,A2CFC6311C185EAA2F17BA13E733D522713F64F2850C50F6EEF6E4CE1F592221,20269892,0
R0172,GG0046,RCB0035,S,2,1,20269892,5,True,,0.03126077726483345,0.12394369393587112,0.8447955846786499,0.051928866340860844,0.1616403963268156,0.7864307373323235,1.213090342321643,True,A2CFC6311C185EAA2F17BA13E733D522713F64F2850C50F6EEF6E4CE1F592221,20269892,0
R0244,GG0025,RCB0021,S,2,1,20269892,5,True,,0.04769454523921013,0.39483076333999634,0.557474672794342,0.06993010185008332,0.3993572108281184,0.5307126873217982,1.213090342321643,True,A2CFC6311C185EAA2F17BA13E733D522713F64F2850C50F6EEF6E4CE1F592221,20269892,0
R0245,GG0025,RCB0021,S,2,1,20269892,5,True,,0.03401845321059227,0.3212715983390808,0.6447099447250366,0.05356302132215465,0.3409789062618018,0.6054580724160437,1.213090342321643,True,A2CFC6311C185EAA2F17BA13E733D522713F64F2850C50F6EEF6E4CE1F592221,20269892,0
R0246,GG0025,RCB0021,S,2,1,20269892,5,True,,0.04644195735454559,0.016693726181983948,0.9368643164634705,0.07501359108693603,0.03227290893248202,0.892713499980582,1.213090342321643,True,A2CFC6311C185EAA2F17BA13E733D522713F64F2850C50F6EEF6E4CE1F592221,20269892,0
R0247,GG0025,RCB0021,S,2,1,20269892,5,True,,0.06012379005551338,0.3394351899623871,0.6004409790039062,0.08452014974004235,0.3520675432597654,0.5634123070001922,1.213090342321643,True,A2CFC6311C185EAA2F17BA13E733D522713F64F2850C50F6EEF6E4CE1F592221,20269892,0
R0248,GG0025,RCB0021,S,2,1,20269892,5,True,,0.0741892084479332,0.15031318366527557,0.7754976153373718,0.10297335432062882,0.18429528473877815,0.7127313609405931,1.213090342321643,True,A2CFC6311C185EAA2F17BA13E733D522713F64F2850C50F6EEF6E4CE1F592221,20269892,0
R0249,GG0025,RCB0021,S,2,1,20269892,5,True,,0.11718349158763885,0.460453599691391,0.42236292362213135,0.14352974145431133,0.4434694741273423,0.4130007844183464,1.213090342321643,True,A2CFC6311C185EAA2F17BA13E733D522713F64F2850C50F6EEF6E4CE1F592221,20269892,0
R0250,GG0025,RCB0021,S,2,1,20269892,5,True,,0.09611279517412186,0.6441538333892822,0.2597333490848541,0.12395314571534143,0.594750655696097,0.28129619858856164,1.213090342321643,True,A2CFC6311C185EAA2F17BA13E733D522713F64F2850C50F6EEF6E4CE1F592221,20269892,0
R0251,GG0025,RCB0021,S,2,1,20269892,5,True,,0.0649740993976593,0.06234530359506607,0.8726806044578552,0.0954475772665135,0.09225270268749887,0.8122997200459877,1.213090342321643,True,A2CFC6311C185EAA2F17BA13E733D522713F64F2850C50F6EEF6E4CE1F592221,20269892,0
R0252,GG0025,RCB0021,S,2,1,20269892,5,True,,0.15085862576961517,0.6568452715873718,0.192296102643013,0.17908296918407587,0.6021710436637888,0.21874598715213528,1.213090342321643,True,A2CFC6311C185EAA2F17BA13E733D522713F64F2850C50F6EEF6E4CE1F592221,20269892,0
R0253,GG0025,RCB0021,S,2,1,20269892,5,True,,0.08667174726724625,0.10434425622224808,0.8089839816093445,0.11806434824825977,0.1375793423402996,0.7443563094114407,1.213090342321643,True,A2CFC6311C185EAA2F17BA13E733D522713F64F2850C50F6EEF6E4CE1F592221,20269892,0
R0254,GG0025,RCB0021,S,2,1,20269892,5,True,,0.1977759748697281,0.09051050245761871,0.7117135524749756,0.22733979038517657,0.119352820950625,0.6533073886641984,1.213090342321643,True,A2CFC6311C185EAA2F17BA13E733D522713F64F2850C50F6EEF6E4CE1F592221,20269892,0
R0255,GG0025,RCB0021,S,2,1,20269892,5,True,,0.06551425158977509,0.6420575380325317,0.292428195476532,0.09094758633736946,0.5969106827699052,0.31214173089272534,1.213090342321643,True,A2CFC6311C185EAA2F17BA13E733D522713F64F2850C50F6EEF6E4CE1F592221,20269892,0
R0256,GG0050,RCB0037,A,1,1,20269892,5,True,,0.07424209266901016,0.20342007279396057,0.7223379015922546,0.10183824067403212,0.2337549666202873,0.6644067927056806,1.213090342321643,True,A2CFC6311C185EAA2F17BA13E733D522713F64F2850C50F6EEF6E4CE1F592221,20269892,0
R0257,GG0050,RCB0037,A,1,1,20269892,5,True,,0.2201620191335678,0.634901762008667,0.144936203956604,0.2437408278990602,0.5835734631604862,0.17268570894045354,1.213090342321643,True,A2CFC6311C185EAA2F17BA13E733D522713F64F2850C50F6EEF6E4CE1F592221,20269892,0
R0258,GG0050,RCB0037,A,1,1,20269892,5,True,,0.19775785505771637,0.6414908766746521,0.16075123846530914,0.22316151435912607,0.5887138869914041,0.18812459864946976,1.213090342321643,True,A2CFC6311C185EAA2F17BA13E733D522713F64F2850C50F6EEF6E4CE1F592221,20269892,0
R0259,GG0050,RCB0037,A,1,1,20269892,5,True,,0.13115772604942322,0.6711772680282593,0.1976650059223175,0.16016023999386278,0.6152450977041171,0.22459466230202013,1.213090342321643,True,A2CFC6311C185EAA2F17BA13E733D522713F64F2850C50F6EEF6E4CE1F592221,20269892,0
R0260,GG0050,RCB0037,A,1,1,20269892,5,True,,0.17228876054286957,0.49261385202407837,0.3350973427295685,0.19577575247407644,0.46544050364509115,0.3387837438808323,1.213090342321643,True,A2CFC6311C185EAA2F17BA13E733D522713F64F2850C50F6EEF6E4CE1F592221,20269892,0
R0261,GG0050,RCB0037,A,1,1,20269892,5,True,,0.18337295949459076,0.6427561044692993,0.17387095093727112,0.20968032267389156,0.5896375998893807,0.20068207743672772,1.213090342321643,True,A2CFC6311C185EAA2F17BA13E733D522713F64F2850C50F6EEF6E4CE1F592221,20269892,0
R0269,GG0020,RCB0018,S,2,1,20269892,5,True,,0.15412598848342896,0.20539996027946472,0.6404740810394287,0.181727631833554,0.23026952182132104,0.5880028463451249,1.213090342321643,True,A2CFC6311C185EAA2F17BA13E733D522713F64F2850C50F6EEF6E4CE1F592221,20269892,0
R0270,GG0020,RCB0018,S,2,1,20269892,5,True,,0.1752672642469406,0.15039192140102386,0.6743407845497131,0.20333261775285227,0.17922884998468083,0.6174385322624669,1.213090342321643,True,A2CFC6311C185EAA2F17BA13E733D522713F64F2850C50F6EEF6E4CE1F592221,20269892,0
R0271,GG0020,RCB0018,S,2,1,20269892,5,True,,0.03983841463923454,0.029565434902906418,0.9305961728096008,0.0657372488251884,0.05140965897988029,0.8828530921949314,1.213090342321643,True,A2CFC6311C185EAA2F17BA13E733D522713F64F2850C50F6EEF6E4CE1F592221,20269892,0
R0272,GG0020,RCB0018,S,2,1,20269892,5,True,,0.08842315524816513,0.06760022789239883,0.8439766764640808,0.12160598912592217,0.09745903376262535,0.7809349771114525,1.213090342321643,True,A2CFC6311C185EAA2F17BA13E733D522713F64F2850C50F6EEF6E4CE1F592221,20269892,0
R0273,GG0020,RCB0018,S,2,1,20269892,5,True,,0.3634231984615326,0.5087396502494812,0.1278371959924698,0.364676085284053,0.48120422173389593,0.15411969298205105,1.213090342321643,True,A2CFC6311C185EAA2F17BA13E733D522713F64F2850C50F6EEF6E4CE1F592221,20269892,0
R0378,GG0055,RCB0040,I,0,1,20269892,5,True,,0.5740821361541748,0.31011834740638733,0.11579947918653488,0.5350088715673785,0.32202814644101335,0.1429629819916082,1.213090342321643,True,A2CFC6311C185EAA2F17BA13E733D522713F64F2850C50F6EEF6E4CE1F592221,20269892,0
R0379,GG0055,RCB0040,I,0,1,20269892,5,True,,0.2778383493423462,0.6331455111503601,0.08901619911193848,0.297339451112324,0.5863117929445901,0.11634875594308594,1.213090342321643,True,A2CFC6311C185EAA2F17BA13E733D522713F64F2850C50F6EEF6E4CE1F592221,20269892,0
R0380,GG0055,RCB0040,I,0,1,20269892,5,True,,0.8002265095710754,0.12947456538677216,0.070298932492733,0.7366611566344824,0.1641310083167234,0.09920783504879405,1.213090342321643,True,A2CFC6311C185EAA2F17BA13E733D522713F64F2850C50F6EEF6E4CE1F592221,20269892,0
R0381,GG0055,RCB0040,I,0,1,20269892,5,True,,0.5994997024536133,0.2802402377128601,0.1202600747346878,0.5554741786431343,0.29676884010067217,0.14775698125619346,1.213090342321643,True,A2CFC6311C185EAA2F17BA13E733D522713F64F2850C50F6EEF6E4CE1F592221,20269892,0
R0382,GG0055,RCB0040,I,0,1,20269892,5,True,,0.5681456327438354,0.2530054748058319,0.17884889245033264,0.5266001430868175,0.2703120978175178,0.20308775909566473,1.213090342321643,True,A2CFC6311C185EAA2F17BA13E733D522713F64F2850C50F6EEF6E4CE1F592221,20269892,0
R0832,GG0046,RCB0035,S,2,1,20269892,5,True,,0.09951622039079666,0.011338957585394382,0.889144778251648,0.13796141160681047,0.0230218249595903,0.8390167634335991,1.213090342321643,True,A2CFC6311C185EAA2F17BA13E733D522713F64F2850C50F6EEF6E4CE1F592221,20269892,0
R0833,GG0046,RCB0035,S,2,1,20269892,5,True,,0.6414393782615662,0.020263640210032463,0.3382969796657562,0.6067615233209206,0.03516782236803647,0.358070654311043,1.213090342321643,True,A2CFC6311C185EAA2F17BA13E733D522713F64F2850C50F6EEF6E4CE1F592221,20269892,0
R0834,GG0046,RCB0035,S,2,1,20269892,5,True,,0.050244010984897614,0.010765770450234413,0.9389902353286743,0.08028929053142844,0.022549724836264454,0.897160984632307,1.213090342321643,True,A2CFC6311C185EAA2F17BA13E733D522713F64F2850C50F6EEF6E4CE1F592221,20269892,0
R0835,GG0046,RCB0035,S,2,1,20269892,5,True,,0.09917838126420975,0.22604548931121826,0.6747760772705078,0.12771092699800235,0.25186033932214613,0.6204287336798515,1.213090342321643,True,A2CFC6311C185EAA2F17BA13E733D522713F64F2850C50F6EEF6E4CE1F592221,20269892,0
R0836,GG0046,RCB0035,S,2,1,20269892,5,True,,0.04569324478507042,0.35097917914390564,0.6033276319503784,0.06774823200484663,0.3637421322895209,0.5685096357056324,1.213090342321643,True,A2CFC6311C185EAA2F17BA13E733D522713F64F2850C50F6EEF6E4CE1F592221,20269892,0
R0837,GG0046,RCB0035,S,2,1,20269892,5,True,,0.0921417698264122,0.013933971524238586,0.8939242362976074,0.1295428042123537,0.027298523092194715,0.8431586726954515,1.213090342321643,True,A2CFC6311C185EAA2F17BA13E733D522713F64F2850C50F6EEF6E4CE1F592221,20269892,0
R0838,GG0046,RCB0035,S,2,1,20269892,5,True,,0.1756829023361206,0.0875641256570816,0.7367530465126038,0.20732473240233323,0.11677979701305893,0.675895470584608,1.213090342321643,True,A2CFC6311C185EAA2F17BA13E733D522713F64F2850C50F6EEF6E4CE1F592221,20269892,0
R0839,GG0046,RCB0035,S,2,1,20269892,5,True,,0.06637255102396011,0.8752076625823975,0.058419834822416306,0.09725327314046017,0.8152055247738094,0.08754120208573045,1.213090342321643,True,A2CFC6311C185EAA2F17BA13E733D522713F64F2850C50F6EEF6E4CE1F592221,20269892,0
R1006,GG0067,RCB0047,S,2,1,20269892,5,True,,0.7051796913146973,0.18765264749526978,0.10716769844293594,0.6462597440057383,0.21699830194378078,0.136741954050481,1.213090342321643,True,A2CFC6311C185EAA2F17BA13E733D522713F64F2850C50F6EEF6E4CE1F592221,20269892,0
R1007,GG0067,RCB0047,S,2,1,20269892,5,True,,0.4215559959411621,0.09716591238975525,0.48127809166908264,0.4143052337602993,0.12357592772537168,0.462118838514329,1.213090342321643,True,A2CFC6311C185EAA2F17BA13E733D522713F64F2850C50F6EEF6E4CE1F592221,20269892,0
R1008,GG0067,RCB0047,S,2,1,20269892,5,True,,0.5155975222587585,0.16347874701023102,0.32092371582984924,0.48439262634160013,0.18792106013938079,0.327686313519019,1.213090342321643,True,A2CFC6311C185EAA2F17BA13E733D522713F64F2850C50F6EEF6E4CE1F592221,20269892,0
R1009,GG0067,RCB0047,S,2,1,20269892,5,True,,0.4868102967739105,0.12295924872159958,0.3902304470539093,0.4640368207971608,0.14925452432909297,0.38670865487374617,1.213090342321643,True,A2CFC6311C185EAA2F17BA13E733D522713F64F2850C50F6EEF6E4CE1F592221,20269892,0
R1010,GG0067,RCB0047,S,2,1,20269892,5,True,,0.628899335861206,0.020755162462592125,0.35034552216529846,0.5961395887839906,0.0358198693714603,0.3680405418445491,1.213090342321643,True,A2CFC6311C185EAA2F17BA13E733D522713F64F2850C50F6EEF6E4CE1F592221,20269892,0
R1159,GG0077,RCB0052,S,2,1,20269892,5,True,,0.2066843956708908,0.13741785287857056,0.6558977365493774,0.23228438582358224,0.16591804137294008,0.6017975728034778,1.213090342321643,True,A2CFC6311C185EAA2F17BA13E733D522713F64F2850C50F6EEF6E4CE1F592221,20269892,0
R1160,GG0077,RCB0052,S,2,1,20269892,5,True,,0.247458353638649,0.11611723899841309,0.6364244222640991,0.2692107983195984,0.14428114671238754,0.5865080549680142,1.213090342321643,True,A2CFC6311C185EAA2F17BA13E733D522713F64F2850C50F6EEF6E4CE1F592221,20269892,0
R1161,GG0077,RCB0052,S,2,1,20269892,5,True,,0.18719443678855896,0.1128038689494133,0.7000017166137695,0.21622621128281178,0.14242260985794375,0.6413511788592445,1.213090342321643,True,A2CFC6311C185EAA2F17BA13E733D522713F64F2850C50F6EEF6E4CE1F592221,20269892,0
R1162,GG0077,RCB0052,S,2,1,20269892,5,True,,0.22822871804237366,0.1586657613515854,0.6131055355072021,0.25004177075837375,0.18529333318538344,0.5646648960562428,1.213090342321643,True,A2CFC6311C185EAA2F17BA13E733D522713F64F2850C50F6EEF6E4CE1F592221,20269892,0
R1163,GG0077,RCB0052,S,2,1,20269892,5,True,,0.2037980705499649,0.09200051426887512,0.7042014598846436,0.2326543731630574,0.12077464782334188,0.6465709790136007,1.213090342321643,True,A2CFC6311C185EAA2F17BA13E733D522713F64F2850C50F6EEF6E4CE1F592221,20269892,0
R1164,GG0077,RCB0052,S,2,1,20269892,5,True,,0.1808335930109024,0.11795305460691452,0.7012133002281189,0.21011377776192788,0.147734407476881,0.6421518147611912,1.213090342321643,True,A2CFC6311C185EAA2F17BA13E733D522713F64F2850C50F6EEF6E4CE1F592221,20269892,0
R1165,GG0077,RCB0052,S,2,1,20269892,5,True,,0.2330816090106964,0.17268747091293335,0.5942309498786926,0.2535536386654166,0.19801667759752678,0.5484296837370566,1.213090342321643,True,A2CFC6311C185EAA2F17BA13E733D522713F64F2850C50F6EEF6E4CE1F592221,20269892,0
R1166,GG0077,RCB0052,S,2,1,20269892,5,True,,0.3120485246181488,0.08099084347486496,0.606960654258728,0.32685237449068805,0.10751377326950982,0.5656338522398021,1.213090342321643,True,A2CFC6311C185EAA2F17BA13E733D522713F64F2850C50F6EEF6E4CE1F592221,20269892,0
R1167,GG0077,RCB0052,S,2,1,20269892,5,True,,0.21175608038902283,0.15184108912944794,0.6364028453826904,0.23599758092508452,0.17940491060894762,0.5845975084659678,1.213090342321643,True,A2CFC6311C185EAA2F17BA13E733D522713F64F2850C50F6EEF6E4CE1F592221,20269892,0
R1168,GG0077,RCB0052,S,2,1,20269892,5,True,,0.1273440569639206,0.035411491990089417,0.8372445106506348,0.1647159657848119,0.057350685583495604,0.7779333486316925,1.213090342321643,True,A2CFC6311C185EAA2F17BA13E733D522713F64F2850C50F6EEF6E4CE1F592221,20269892,0
R1169,GG0077,RCB0052,S,2,1,20269892,5,True,,0.22127027809619904,0.022841058671474457,0.7558886408805847,0.2559588187320686,0.03937308464006306,0.7046680966278683,1.213090342321643,True,A2CFC6311C185EAA2F17BA13E733D522713F64F2850C50F6EEF6E4CE1F592221,20269892,0
R1170,GG0077,RCB0052,S,2,1,20269892,5,True,,0.15673425793647766,0.047520916908979416,0.795744776725769,0.19266390491837662,0.07203800468991291,0.7352980903917106,1.213090342321643,True,A2CFC6311C185EAA2F17BA13E733D522713F64F2850C50F6EEF6E4CE1F592221,20269892,0
R1171,GG0077,RCB0052,S,2,1,20269892,5,True,,0.1704483926296234,0.10774058103561401,0.7218109965324402,0.20114435598775043,0.13781228474829424,0.6610433592639553,1.213090342321643,True,A2CFC6311C185EAA2F17BA13E733D522713F64F2850C50F6EEF6E4CE1F592221,20269892,0
R1172,GG0077,RCB0052,S,2,1,20269892,5,True,,0.1789347231388092,0.08965655416250229,0.7314087152481079,0.21018673957378717,0.11890776971260886,0.670905490713604,1.213090342321643,True,A2CFC6311C185EAA2F17BA13E733D522713F64F2850C50F6EEF6E4CE1F592221,20269892,0
R1173,GG0077,RCB0052,S,2,1,20269892,5,True,,0.1776040941476822,0.09642621129751205,0.725969672203064,0.2084911250284019,0.1260157006066168,0.6654931743649812,1.213090342321643,True,A2CFC6311C185EAA2F17BA13E733D522713F64F2850C50F6EEF6E4CE1F592221,20269892,0
R1369,GG0087,RCB0055,I,0,1,20269892,5,True,,0.0674976333975792,0.0715143084526062,0.8609880208969116,0.09799240990761335,0.10277488991060119,0.7992327001817855,1.213090342321643,True,A2CFC6311C185EAA2F17BA13E733D522713F64F2850C50F6EEF6E4CE1F592221,20269892,0
R1370,GG0087,RCB0055,I,0,1,20269892,5,True,,0.3590249717235565,0.2117139846086502,0.4292609989643097,0.35641657108865044,0.23060812231194436,0.4129753065994053,1.213090342321643,True,A2CFC6311C185EAA2F17BA13E733D522713F64F2850C50F6EEF6E4CE1F592221,20269892,0
R1371,GG0087,RCB0055,I,0,1,20269892,5,True,,0.03348739445209503,0.7625846862792969,0.2039279192686081,0.053806849565873574,0.7076254770453351,0.2385676733887913,1.213090342321643,True,A2CFC6311C185EAA2F17BA13E733D522713F64F2850C50F6EEF6E4CE1F592221,20269892,0
R1372,GG0087,RCB0055,I,0,1,20269892,5,True,,0.055521585047245026,0.8910080194473267,0.05347040668129921,0.0845672849687145,0.8334493465107511,0.08198336852053423,1.213090342321643,True,A2CFC6311C185EAA2F17BA13E733D522713F64F2850C50F6EEF6E4CE1F592221,20269892,0
R1373,GG0087,RCB0055,I,0,1,20269892,5,True,,0.11344055831432343,0.8614910244941711,0.02506834827363491,0.15135603843075907,0.8050399241748472,0.04360403739439384,1.213090342321643,True,A2CFC6311C185EAA2F17BA13E733D522713F64F2850C50F6EEF6E4CE1F592221,20269892,0
R1374,GG0087,RCB0055,I,0,1,20269892,5,True,,0.11990021169185638,0.6277320384979248,0.2523677349090576,0.14790135220717798,0.5789427579003891,0.27315588989243295,1.213090342321643,True,A2CFC6311C185EAA2F17BA13E733D522713F64F2850C50F6EEF6E4CE1F592221,20269892,0
R1375,GG0087,RCB0055,I,0,1,20269892,5,True,,0.2715495526790619,0.16515903174877167,0.5632914304733276,0.28665254266477,0.1902576140936707,0.5230898432415593,1.213090342321643,True,A2CFC6311C185EAA2F17BA13E733D522713F64F2850C50F6EEF6E4CE1F592221,20269892,0
R1376,GG0087,RCB0055,I,0,1,20269892,5,True,,0.5773084759712219,0.10339681059122086,0.31929469108581543,0.5387977902654385,0.13053438457855907,0.3306678251560024,1.213090342321643,True,A2CFC6311C185EAA2F17BA13E733D522713F64F2850C50F6EEF6E4CE1F592221,20269892,0
R1377,GG0087,RCB0055,I,0,1,20269892,5,True,,0.14036796987056732,0.7693160176277161,0.09031600505113602,0.17360584419248665,0.7056960828739235,0.12069807293358988,1.213090342321643,True,A2CFC6311C185EAA2F17BA13E733D522713F64F2850C50F6EEF6E4CE1F592221,20269892,0
R1378,GG0087,RCB0055,I,0,1,20269892,5,True,,0.6373928785324097,0.19619353115558624,0.16641353070735931,0.585092565841473,0.2215086898103543,0.1933987443481728,1.213090342321643,True,A2CFC6311C185EAA2F17BA13E733D522713F64F2850C50F6EEF6E4CE1F592221,20269892,0
R1379,GG0087,RCB0055,I,0,1,20269892,5,True,,0.04322415217757225,0.41454002261161804,0.5422358512878418,0.06455010203165364,0.41616715443761737,0.519282743530729,1.213090342321643,True,A2CFC6311C185EAA2F17BA13E733D522713F64F2850C50F6EEF6E4CE1F592221,20269892,0
R1380,GG0087,RCB0055,I,0,1,20269892,5,True,,0.1899110972881317,0.30219823122024536,0.5078907012939453,0.21202010612655778,0.3109430696308547,0.4770368242425875,1.213090342321643,True,A2CFC6311C185EAA2F17BA13E733D522713F64F2850C50F6EEF6E4CE1F592221,20269892,0
R1381,GG0087,RCB0055,I,0,1,20269892,5,True,,0.11979948729276657,0.10303595662117004,0.7771645784378052,0.15257442821197198,0.13474582684889067,0.7126797449391373,1.213090342321643,True,A2CFC6311C185EAA2F17BA13E733D522713F64F2850C50F6EEF6E4CE1F592221,20269892,0
R1382,GG0087,RCB0055,I,0,1,20269892,5,True,,0.05927883833646774,0.24033668637275696,0.7003844976425171,0.0845490546177401,0.26806641153207333,0.6473845338501866,1.213090342321643,True,A2CFC6311C185EAA2F17BA13E733D522713F64F2850C50F6EEF6E4CE1F592221,20269892,0
R1383,GG0087,RCB0055,I,0,1,20269892,5,True,,0.161729097366333,0.7361288070678711,0.1021420881152153,0.19333120091567793,0.6743025807900082,0.13236621829431378,1.213090342321643,True,A2CFC6311C185EAA2F17BA13E733D522713F64F2850C50F6EEF6E4CE1F592221,20269892,0
R1384,GG0087,RCB0055,I,0,1,20269892,5,True,,0.13245020806789398,0.7598821520805359,0.10766767710447311,0.1649053895113505,0.6960765829354837,0.13901802755316586,1.213090342321643,True,A2CFC6311C185EAA2F17BA13E733D522713F64F2850C50F6EEF6E4CE1F592221,20269892,0
R1385,GG0087,RCB0055,I,0,1,20269892,5,True,,0.05222632735967636,0.277790904045105,0.6699827909469604,0.075987142067711,0.301349355735233,0.622663502197056,1.213090342321643,True,A2CFC6311C185EAA2F17BA13E733D522713F64F2850C50F6EEF6E4CE1F592221,20269892,0
R1386,GG0087,RCB0055,I,0,1,20269892,5,True,,0.04803869500756264,0.6911898255348206,0.2607715129852295,0.07122434032943521,0.6415348747790882,0.2872407848914764,1.213090342321643,True,A2CFC6311C185EAA2F17BA13E733D522713F64F2850C50F6EEF6E4CE1F592221,20269892,0
R1387,GG0087,RCB0055,I,0,1,20269892,5,True,,0.16660761833190918,0.1103103905916214,0.7230820059776306,0.19741646089894146,0.140527617219567,0.6620559218814915,1.213090342321643,True,A2CFC6311C185EAA2F17BA13E733D522713F64F2850C50F6EEF6E4CE1F592221,20269892,0
R1700,GG0018,RCB0016,S,2,1,20269892,5,True,,0.650391161441803,0.018846677616238594,0.33076220750808716,0.614751028877373,0.03318276274968961,0.3520662083729374,1.213090342321643,True,A2CFC6311C185EAA2F17BA13E733D522713F64F2850C50F6EEF6E4CE1F592221,20269892,0
R1701,GG0018,RCB0016,S,2,1,20269892,5,True,,0.6676903963088989,0.08468455821275711,0.24762505292892456,0.6158601283458032,0.11226312911143595,0.2718767425427609,1.213090342321643,True,A2CFC6311C185EAA2F17BA13E733D522713F64F2850C50F6EEF6E4CE1F592221,20269892,0
R1702,GG0018,RCB0016,S,2,1,20269892,5,True,,0.6471062302589417,0.03594004362821579,0.31695377826690674,0.6069760947665658,0.056013987969956054,0.3370099172634782,1.213090342321643,True,A2CFC6311C185EAA2F17BA13E733D522713F64F2850C50F6EEF6E4CE1F592221,20269892,0
R1703,GG0018,RCB0016,S,2,1,20269892,5,True,,0.7846871018409729,0.01404370367527008,0.2012692242860794,0.7341980898470882,0.02663867138856753,0.23916323876434414,1.213090342321643,True,A2CFC6311C185EAA2F17BA13E733D522713F64F2850C50F6EEF6E4CE1F592221,20269892,0
R1704,GG0018,RCB0016,S,2,1,20269892,5,True,,0.7810065150260925,0.018611397594213486,0.2003820836544037,0.7289880971711578,0.03349019116198694,0.2375217116668554,1.213090342321643,True,A2CFC6311C185EAA2F17BA13E733D522713F64F2850C50F6EEF6E4CE1F592221,20269892,0
R1705,GG0018,RCB0016,S,2,1,20269892,5,True,,0.7932199835777283,0.015429837629199028,0.19135023653507233,0.7415403678686897,0.028817803631290703,0.2296418285000196,1.213090342321643,True,A2CFC6311C185EAA2F17BA13E733D522713F64F2850C50F6EEF6E4CE1F592221,20269892,0
R1706,GG0018,RCB0016,S,2,1,20269892,5,True,,0.5482168793678284,0.02693834714591503,0.42484477162361145,0.5280181548367496,0.0440485505026964,0.42793329466055396,1.213090342321643,True,A2CFC6311C185EAA2F17BA13E733D522713F64F2850C50F6EEF6E4CE1F592221,20269892,0
R1707,GG0018,RCB0016,S,2,1,20269892,5,True,,0.6101668477058411,0.01920703984797001,0.3706261217594147,0.5811253258525875,0.0335830011082578,0.3852916730391548,1.213090342321643,True,A2CFC6311C185EAA2F17BA13E733D522713F64F2850C50F6EEF6E4CE1F592221,20269892,0
R1708,GG0018,RCB0016,S,2,1,20269892,5,True,,0.8942633867263794,0.007816284894943237,0.09792035818099976,0.846320016697063,0.017008171974971013,0.1366718113279659,1.213090342321643,True,A2CFC6311C185EAA2F17BA13E733D522713F64F2850C50F6EEF6E4CE1F592221,20269892,0
R1709,GG0018,RCB0016,S,2,1,20269892,5,True,,0.7579157948493958,0.02294992282986641,0.21913427114486694,0.7064562030714707,0.03954062365666474,0.2540031732718645,1.213090342321643,True,A2CFC6311C185EAA2F17BA13E733D522713F64F2850C50F6EEF6E4CE1F592221,20269892,0
R1710,GG0018,RCB0016,S,2,1,20269892,5,True,,0.46411341428756714,0.022567108273506165,0.5133194327354431,0.46097427249601186,0.0381236869672986,0.5009020405366896,1.213090342321643,True,A2CFC6311C185EAA2F17BA13E733D522713F64F2850C50F6EEF6E4CE1F592221,20269892,0
R1711,GG0018,RCB0016,S,2,1,20269892,5,True,,0.7163073420524597,0.01706492155790329,0.2666277587413788,0.6717178819951006,0.030852164807785274,0.2974299531971141,1.213090342321643,True,A2CFC6311C185EAA2F17BA13E733D522713F64F2850C50F6EEF6E4CE1F592221,20269892,0
R1712,GG0018,RCB0016,S,2,1,20269892,5,True,,0.6414839625358582,0.017226219177246094,0.34128981828689575,0.6078675379041019,0.030815754893444923,0.36131670720245335,1.213090342321643,True,A2CFC6311C185EAA2F17BA13E733D522713F64F2850C50F6EEF6E4CE1F592221,20269892,0
R1713,GG0018,RCB0016,S,2,1,20269892,5,True,,0.8240538835525513,0.011738578788936138,0.1642075479030609,0.7724371744044785,0.023219319664046792,0.2043435059314748,1.213090342321643,True,A2CFC6311C185EAA2F17BA13E733D522713F64F2850C50F6EEF6E4CE1F592221,20269892,0
R1714,GG0018,RCB0016,S,2,1,20269892,5,True,,0.38726717233657837,0.018321568146348,0.5944112539291382,0.39928718118435774,0.032284499290043074,0.5684283195255991,1.213090342321643,True,A2CFC6311C185EAA2F17BA13E733D522713F64F2850C50F6EEF6E4CE1F592221,20269892,0
R2025,GG0009,RCB0009,I,0,1,20269892,5,True,,0.5954553484916687,0.014214769005775452,0.39032986760139465,0.5707754893500536,0.026259967048616162,0.40296454360133027,1.213090342321643,True,A2CFC6311C185EAA2F17BA13E733D522713F64F2850C50F6EEF6E4CE1F592221,20269892,0
R2026,GG0009,RCB0009,I,0,1,20269892,5,True,,0.6734195947647095,0.016578558832406998,0.3100018799304962,0.6350262873488377,0.029966936612110365,0.3350067760390519,1.213090342321643,True,A2CFC6311C185EAA2F17BA13E733D522713F64F2850C50F6EEF6E4CE1F592221,20269892,0
R2027,GG0009,RCB0009,I,0,1,20269892,5,True,,0.645400881767273,0.016848640516400337,0.33775049448013306,0.6112871382936754,0.030275784018724116,0.3584370776876005,1.213090342321643,True,A2CFC6311C185EAA2F17BA13E733D522713F64F2850C50F6EEF6E4CE1F592221,20269892,0
R2028,GG0009,RCB0009,I,0,1,20269892,5,True,,0.823742151260376,0.06544759124517441,0.11081025749444962,0.7602733728726756,0.09424952508725745,0.14547710204006697,1.213090342321643,True,A2CFC6311C185EAA2F17BA13E733D522713F64F2850C50F6EEF6E4CE1F592221,20269892,0
R2029,GG0009,RCB0009,I,0,1,20269892,5,True,,0.8271118998527527,0.07345106452703476,0.09943701326847076,0.7631856003519347,0.10370057089795606,0.13311382875010927,1.213090342321643,True,A2CFC6311C185EAA2F17BA13E733D522713F64F2850C50F6EEF6E4CE1F592221,20269892,0
R2030,GG0009,RCB0009,I,0,1,20269892,5,True,,0.7187622785568237,0.012877624481916428,0.26836007833480835,0.6755747249607724,0.02453331863461922,0.2998919564046084,1.213090342321643,True,A2CFC6311C185EAA2F17BA13E733D522713F64F2850C50F6EEF6E4CE1F592221,20269892,0
R2031,GG0009,RCB0009,I,0,1,20269892,5,True,,0.7497441172599792,0.018780695274472237,0.23147515952587128,0.7005730851843495,0.03353649138015854,0.26589042343549213,1.213090342321643,True,A2CFC6311C185EAA2F17BA13E733D522713F64F2850C50F6EEF6E4CE1F592221,20269892,0
R2032,GG0009,RCB0009,I,0,1,20269892,5,True,,0.8906867504119873,0.011653794907033443,0.09765943884849548,0.8405526722691553,0.02355692649842291,0.13589040123242163,1.213090342321643,True,A2CFC6311C185EAA2F17BA13E733D522713F64F2850C50F6EEF6E4CE1F592221,20269892,0
R2033,GG0009,RCB0009,I,0,1,20269892,5,True,,0.49536657333374023,0.02272097021341324,0.48191240429878235,0.48629289101968814,0.03832814078932245,0.47537896819098935,1.213090342321643,True,A2CFC6311C185EAA2F17BA13E733D522713F64F2850C50F6EEF6E4CE1F592221,20269892,0
R2034,GG0009,RCB0009,I,0,1,20269892,5,True,,0.37474027276039124,0.016606813296675682,0.6086529493331909,0.3893830008968165,0.029831677239874493,0.580785321863309,1.213090342321643,True,A2CFC6311C185EAA2F17BA13E733D522713F64F2850C50F6EEF6E4CE1F592221,20269892,0
R2035,GG0009,RCB0009,I,0,1,20269892,5,True,,0.44932788610458374,0.017613578587770462,0.5330585241317749,0.4503468938580542,0.031184142690592904,0.518468963451353,1.213090342321643,True,A2CFC6311C185EAA2F17BA13E733D522713F64F2850C50F6EEF6E4CE1F592221,20269892,0
R2036,GG0009,RCB0009,I,0,1,20269892,5,True,,0.5069165229797363,0.013876509852707386,0.47920694947242737,0.49844940868223936,0.025671996674186456,0.4758785946435742,1.213090342321643,True,A2CFC6311C185EAA2F17BA13E733D522713F64F2850C50F6EEF6E4CE1F592221,20269892,0
R2037,GG0009,RCB0009,I,0,1,20269892,5,True,,0.36781877279281616,0.016300082206726074,0.6158811450004578,0.3837184674884784,0.02939770040121669,0.5868838321103049,1.213090342321643,True,A2CFC6311C185EAA2F17BA13E733D522713F64F2850C50F6EEF6E4CE1F592221,20269892,0
R2038,GG0009,RCB0009,I,0,1,20269892,5,True,,0.6563493013381958,0.07118988782167435,0.27246084809303284,0.6080241382978443,0.09742386625750923,0.29455199544464655,1.213090342321643,True,A2CFC6311C185EAA2F17BA13E733D522713F64F2850C50F6EEF6E4CE1F592221,20269892,0
R2039,GG0009,RCB0009,I,0,1,20269892,5,True,,0.6335496306419373,0.13224761188030243,0.23420275747776031,0.5830399310778492,0.16025909089104312,0.2567009780311077,1.213090342321643,True,A2CFC6311C185EAA2F17BA13E733D522713F64F2850C50F6EEF6E4CE1F592221,20269892,0
R2040,GG0009,RCB0009,I,0,1,20269892,5,True,,0.6614170670509338,0.014065698720514774,0.32451722025871277,0.625846504404095,0.026176459798897083,0.34797703579700806,1.213090342321643,True,A2CFC6311C185EAA2F17BA13E733D522713F64F2850C50F6EEF6E4CE1F592221,20269892,0
R2041,GG0009,RCB0009,I,0,1,20269892,5,True,,0.7114598751068115,0.02265300415456295,0.2658870816230774,0.6655165732303904,0.038823996940160574,0.2956594298294489,1.213090342321643,True,A2CFC6311C185EAA2F17BA13E733D522713F64F2850C50F6EEF6E4CE1F592221,20269892,0
R2042,GG0009,RCB0009,I,0,1,20269892,5,True,,0.6857737898826599,0.009920488111674786,0.30430570244789124,0.648398909955594,0.01973991577705318,0.33186117426735273,1.213090342321643,True,A2CFC6311C185EAA2F17BA13E733D522713F64F2850C50F6EEF6E4CE1F592221,20269892,0
R2043,GG0009,RCB0009,I,0,1,20269892,5,True,,0.7368131279945374,0.014786757528781891,0.24840006232261658,0.6906311651687,0.027538503084844054,0.28183033174645594,1.213090342321643,True,A2CFC6311C185EAA2F17BA13E733D522713F64F2850C50F6EEF6E4CE1F592221,20269892,0
R2044,GG0009,RCB0009,I,0,1,20269892,5,True,,0.6164493560791016,0.013742592185735703,0.36980804800987244,0.5883314715519743,0.025583035053366197,0.38608549339465953,1.213090342321643,True,A2CFC6311C185EAA2F17BA13E733D522713F64F2850C50F6EEF6E4CE1F592221,20269892,0
R2045,GG0009,RCB0009,I,0,1,20269892,5,True,,0.3736857771873474,0.025813426822423935,0.600500762462616,0.3862556053643595,0.04266723740755593,0.5710771572280846,1.213090342321643,True,A2CFC6311C185EAA2F17BA13E733D522713F64F2850C50F6EEF6E4CE1F592221,20269892,0
R2046,GG0009,RCB0009,I,0,1,20269892,5,True,,0.7534784078598022,0.08034653961658478,0.1661749929189682,0.6917460385150199,0.10929539994342657,0.19895856154155345,1.213090342321643,True,A2CFC6311C185EAA2F17BA13E733D522713F64F2850C50F6EEF6E4CE1F592221,20269892,0
R2047,GG0009,RCB0009,I,0,1,20269892,5,True,,0.8763136863708496,0.030886169523000717,0.09280014038085938,0.8193138516536953,0.05197195558282874,0.12871419276347604,1.213090342321643,True,A2CFC6311C185EAA2F17BA13E733D522713F64F2850C50F6EEF6E4CE1F592221,20269892,0
R2048,GG0009,RCB0009,I,0,1,20269892,5,True,,0.6646642684936523,0.06019695848226547,0.27513882517814636,0.6167433968171357,0.08517144848259364,0.2980851547002706,1.213090342321643,True,A2CFC6311C185EAA2F17BA13E733D522713F64F2850C50F6EEF6E4CE1F592221,20269892,0
R2049,GG0009,RCB0009,I,0,1,20269892,5,True,,0.6755062937736511,0.03758468106389046,0.28690898418426514,0.6304798195196808,0.05826903230170717,0.31125114817861216,1.213090342321643,True,A2CFC6311C185EAA2F17BA13E733D522713F64F2850C50F6EEF6E4CE1F592221,20269892,0
R2050,GG0009,RCB0009,I,0,1,20269892,5,True,,0.6108289361000061,0.0322088822722435,0.3569621741771698,0.5778219448162117,0.05108960571292423,0.37108844947086406,1.213090342321643,True,A2CFC6311C185EAA2F17BA13E733D522713F64F2850C50F6EEF6E4CE1F592221,20269892,0
R2051,GG0009,RCB0009,I,0,1,20269892,5,True,,0.5473208427429199,0.020503511652350426,0.4321756362915039,0.5291634438848821,0.03529706802102807,0.4355394880940897,1.213090342321643,True,A2CFC6311C185EAA2F17BA13E733D522713F64F2850C50F6EEF6E4CE1F592221,20269892,0
R2052,GG0009,RCB0009,I,0,1,20269892,5,True,,0.614895224571228,0.01189961563795805,0.37320515513420105,0.5877933322788341,0.022746134074114244,0.3894605336470517,1.213090342321643,True,A2CFC6311C185EAA2F17BA13E733D522713F64F2850C50F6EEF6E4CE1F592221,20269892,0
R2053,GG0009,RCB0009,I,0,1,20269892,5,True,,0.6040065884590149,0.009929734282195568,0.38606372475624084,0.579615506791235,0.019607852706144124,0.4007766405026209,1.213090342321643,True,A2CFC6311C185EAA2F17BA13E733D522713F64F2850C50F6EEF6E4CE1F592221,20269892,0
R2054,GG0009,RCB0009,I,0,1,20269892,5,True,,0.6387706398963928,0.010084886103868484,0.3511444926261902,0.6085084016209892,0.01991008122409084,0.37158151715492,1.213090342321643,True,A2CFC6311C185EAA2F17BA13E733D522713F64F2850C50F6EEF6E4CE1F592221,20269892,0
R2055,GG0009,RCB0009,I,0,1,20269892,5,True,,0.5234939455986023,0.047716353088617325,0.4287897050380707,0.5032347644046774,0.06986418561523718,0.4269010499800855,1.213090342321643,True,A2CFC6311C185EAA2F17BA13E733D522713F64F2850C50F6EEF6E4CE1F592221,20269892,0
R2056,GG0009,RCB0009,I,0,1,20269892,5,True,,0.6358222961425781,0.013039427809417248,0.35113823413848877,0.6047557171072573,0.024548720847787933,0.3706955620449548,1.213090342321643,True,A2CFC6311C185EAA2F17BA13E733D522713F64F2850C50F6EEF6E4CE1F592221,20269892,0
R2057,GG0009,RCB0009,I,0,1,20269892,5,True,,0.5858075022697449,0.08379528671503067,0.33039724826812744,0.5479511915291356,0.11029525886277892,0.34175354960808535,1.213090342321643,True,A2CFC6311C185EAA2F17BA13E733D522713F64F2850C50F6EEF6E4CE1F592221,20269892,0
R2058,GG0009,RCB0009,I,0,1,20269892,5,True,,0.7366163730621338,0.020964693278074265,0.24241890013217926,0.6881221891300037,0.036596389650525064,0.2752814212194712,1.213090342321643,True,A2CFC6311C185EAA2F17BA13E733D522713F64F2850C50F6EEF6E4CE1F592221,20269892,0
R2059,GG0009,RCB0009,I,0,1,20269892,5,True,,0.7648020386695862,0.08590328693389893,0.1492946594953537,0.7017519627686588,0.11572830161878418,0.18251973561255688,1.213090342321643,True,A2CFC6311C185EAA2F17BA13E733D522713F64F2850C50F6EEF6E4CE1F592221,20269892,0
R2060,GG0009,RCB0009,I,0,1,20269892,5,True,,0.5941058993339539,0.02049926295876503,0.3853948414325714,0.567450510896036,0.035370241461271275,0.39717924764269275,1.213090342321643,True,A2CFC6311C185EAA2F17BA13E733D522713F64F2850C50F6EEF6E4CE1F592221,20269892,0
R2061,GG0009,RCB0009,I,0,1,20269892,5,True,,0.6114228963851929,0.012700986117124557,0.37587612867355347,0.584579823160457,0.02398207334873007,0.3914381034908129,1.213090342321643,True,A2CFC6311C185EAA2F17BA13E733D522713F64F2850C50F6EEF6E4CE1F592221,20269892,0
R2062,GG0009,RCB0009,I,0,1,20269892,5,True,,0.5936760306358337,0.02554124966263771,0.38078269362449646,0.5655460913700701,0.04228291680585751,0.3921709918240723,1.213090342321643,True,A2CFC6311C185EAA2F17BA13E733D522713F64F2850C50F6EEF6E4CE1F592221,20269892,0
R2063,GG0009,RCB0009,I,0,1,20269892,5,True,,0.6190310716629028,0.016494620591402054,0.36447426676750183,0.5894256450724625,0.0296900772294803,0.38088427769805705,1.213090342321643,True,A2CFC6311C185EAA2F17BA13E733D522713F64F2850C50F6EEF6E4CE1F592221,20269892,0
R2064,GG0009,RCB0009,I,0,1,20269892,5,True,,0.6472046971321106,0.012366002425551414,0.34042930603027344,0.6145784183685721,0.023533687265440393,0.3618878943659876,1.213090342321643,True,A2CFC6311C185EAA2F17BA13E733D522713F64F2850C50F6EEF6E4CE1F592221,20269892,0
R2065,GG0009,RCB0009,I,0,1,20269892,5,True,,0.6127312183380127,0.030483771115541458,0.35678499937057495,0.5798473154507533,0.04886877905109493,0.37128390549815177,1.213090342321643,True,A2CFC6311C185EAA2F17BA13E733D522713F64F2850C50F6EEF6E4CE1F592221,20269892,0
R2066,GG0009,RCB0009,I,0,1,20269892,5,True,,0.6092443466186523,0.036000993102788925,0.35475462675094604,0.5755611428582873,0.055899457454941,0.3685393996867717,1.213090342321643,True,A2CFC6311C185EAA2F17BA13E733D522713F64F2850C50F6EEF6E4CE1F592221,20269892,0
R2067,GG0009,RCB0009,I,0,1,20269892,5,True,,0.643165647983551,0.027635984122753143,0.3291983902454376,0.6059026445572766,0.04525371087343288,0.34884364456929046,1.213090342321643,True,A2CFC6311C185EAA2F17BA13E733D522713F64F2850C50F6EEF6E4CE1F592221,20269892,0
R2068,GG0009,RCB0009,I,0,1,20269892,5,True,,0.8286440372467041,0.07566280663013458,0.0956931933760643,0.7646663770051589,0.1063118111250452,0.12902181186979583,1.213090342321643,True,A2CFC6311C185EAA2F17BA13E733D522713F64F2850C50F6EEF6E4CE1F592221,20269892,0
R2069,GG0009,RCB0009,I,0,1,20269892,5,True,,0.5328472852706909,0.2046162188053131,0.2625364661216736,0.49695638708341466,0.2257722208634647,0.2772713920531205,1.213090342321643,True,A2CFC6311C185EAA2F17BA13E733D522713F64F2850C50F6EEF6E4CE1F592221,20269892,0
R2070,GG0009,RCB0009,I,0,1,20269892,5,True,,0.7490710020065308,0.05284419283270836,0.19808483123779297,0.6913534271390499,0.07770524963907494,0.2309413232218752,1.213090342321643,True,A2CFC6311C185EAA2F17BA13E733D522713F64F2850C50F6EEF6E4CE1F592221,20269892,0
R2071,GG0009,RCB0009,I,0,1,20269892,5,True,,0.6283555030822754,0.015204706229269505,0.35643982887268066,0.5976631503074155,0.027805718282131565,0.3745311314104531,1.213090342321643,True,A2CFC6311C185EAA2F17BA13E733D522713F64F2850C50F6EEF6E4CE1F592221,20269892,0
R2072,GG0009,RCB0009,I,0,1,20269892,5,True,,0.7200362086296082,0.02762710116803646,0.252336710691452,0.6714306309890415,0.045679226369998834,0.2828901426409596,1.213090342321643,True,A2CFC6311C185EAA2F17BA13E733D522713F64F2850C50F6EEF6E4CE1F592221,20269892,0
R2073,GG0009,RCB0009,I,0,1,20269892,5,True,,0.9306115508079529,0.01167459785938263,0.05771388113498688,0.8864152900903582,0.023995573873433887,0.0895891360362078,1.213090342321643,True,A2CFC6311C185EAA2F17BA13E733D522713F64F2850C50F6EEF6E4CE1F592221,20269892,0
R2074,GG0009,RCB0009,I,0,1,20269892,5,True,,0.9242908954620361,0.01231700461357832,0.06339210271835327,0.8785301342414781,0.024995809454788874,0.096474056303733,1.213090342321643,True,A2CFC6311C185EAA2F17BA13E733D522713F64F2850C50F6EEF6E4CE1F592221,20269892,0
R2075,GG0009,RCB0009,I,0,1,20269892,5,True,,0.5653401017189026,0.019977638497948647,0.4146822690963745,0.5440347734469415,0.03458412919045259,0.4213810973626059,1.213090342321643,True,A2CFC6311C185EAA2F17BA13E733D522713F64F2850C50F6EEF6E4CE1F592221,20269892,0
R2076,GG0009,RCB0009,I,0,1,20269892,5,True,,0.6797642111778259,0.011403939686715603,0.3088318407535553,0.64256812139326,0.02210364841282555,0.3353282301939145,1.213090342321643,True,A2CFC6311C185EAA2F17BA13E733D522713F64F2850C50F6EEF6E4CE1F592221,20269892,0
R2077,GG0009,RCB0009,I,0,1,20269892,5,True,,0.8183448910713196,0.02764994651079178,0.15400516986846924,0.7612531173122725,0.04663629545677833,0.19211058723094912,1.213090342321643,True,A2CFC6311C185EAA2F17BA13E733D522713F64F2850C50F6EEF6E4CE1F592221,20269892,0
R2078,GG0009,RCB0009,I,0,1,20269892,5,True,,0.7003608345985413,0.012598687782883644,0.28704047203063965,0.6597165588297795,0.024037281310263562,0.31624615985995697,1.213090342321643,True,A2CFC6311C185EAA2F17BA13E733D522713F64F2850C50F6EEF6E4CE1F592221,20269892,0
R2079,GG0009,RCB0009,I,0,1,20269892,5,True,,0.8150630593299866,0.013097318820655346,0.1718396246433258,0.7631648648114305,0.02533631834425847,0.21149881684431104,1.213090342321643,True,A2CFC6311C185EAA2F17BA13E733D522713F64F2850C50F6EEF6E4CE1F592221,20269892,0
R2240,GG0118,RCB0064,S,2,1,20269892,5,True,,0.4495641589164734,0.018414124846458435,0.5320217609405518,0.45030451994754495,0.03233086990589381,0.5173646101465612,1.213090342321643,True,A2CFC6311C185EAA2F17BA13E733D522713F64F2850C50F6EEF6E4CE1F592221,20269892,0
R2241,GG0118,RCB0064,S,2,1,20269892,5,True,,0.7216313481330872,0.029080085456371307,0.24928852915763855,0.6724028209027045,0.04763267875225511,0.2799645003450403,1.213090342321643,True,A2CFC6311C185EAA2F17BA13E733D522713F64F2850C50F6EEF6E4CE1F592221,20269892,0
R2242,GG0118,RCB0064,S,2,1,20269892,5,True,,0.245746448636055,0.08262952417135239,0.6716240048408508,0.270435652152348,0.11011856075375138,0.6194457870939006,1.213090342321643,True,A2CFC6311C185EAA2F17BA13E733D522713F64F2850C50F6EEF6E4CE1F592221,20269892,0
R2243,GG0118,RCB0064,S,2,1,20269892,5,True,,0.22486552596092224,0.1508103609085083,0.6243241429328918,0.2475285147334341,0.1780774506845018,0.5743940345820642,1.213090342321643,True,A2CFC6311C185EAA2F17BA13E733D522713F64F2850C50F6EEF6E4CE1F592221,20269892,0
R2244,GG0118,RCB0064,S,2,1,20269892,5,True,,0.2809883952140808,0.22482994198799133,0.49418166279792786,0.29199004444346277,0.24296494724116147,0.4650450083153759,1.213090342321643,True,A2CFC6311C185EAA2F17BA13E733D522713F64F2850C50F6EEF6E4CE1F592221,20269892,0
R2245,GG0118,RCB0064,S,2,1,20269892,5,True,,0.5218006372451782,0.1574966013431549,0.32070276141166687,0.4897176097828228,0.18242990415060376,0.3278524860665735,1.213090342321643,True,A2CFC6311C185EAA2F17BA13E733D522713F64F2850C50F6EEF6E4CE1F592221,20269892,0
R2246,GG0118,RCB0064,S,2,1,20269892,5,True,,0.5114599466323853,0.08018545061349869,0.40835458040237427,0.4883511783734425,0.1060161119618904,0.4056327096646671,1.213090342321643,True,A2CFC6311C185EAA2F17BA13E733D522713F64F2850C50F6EEF6E4CE1F592221,20269892,0
R2247,GG0118,RCB0064,S,2,1,20269892,5,True,,0.13249215483665466,0.15796609222888947,0.7095417380332947,0.16275689473963234,0.18814703128750102,0.6490960739728666,1.213090342321643,True,A2CFC6311C185EAA2F17BA13E733D522713F64F2850C50F6EEF6E4CE1F592221,20269892,0
R2248,GG0118,RCB0064,S,2,1,20269892,5,True,,0.6871804594993591,0.01937808282673359,0.29344144463539124,0.64572487428959,0.034081362510744555,0.32019376319966547,1.213090342321643,True,A2CFC6311C185EAA2F17BA13E733D522713F64F2850C50F6EEF6E4CE1F592221,20269892,0
R2249,GG0118,RCB0064,S,2,1,20269892,5,True,,0.17031152546405792,0.016004115343093872,0.813684344291687,0.20954151386468003,0.029830584699091774,0.7606279014362282,1.213090342321643,True,A2CFC6311C185EAA2F17BA13E733D522713F64F2850C50F6EEF6E4CE1F592221,20269892,0
R2250,GG0118,RCB0064,S,2,1,20269892,5,True,,0.21433541178703308,0.07098184525966644,0.7146827578544617,0.24385649288624894,0.09806062762404547,0.6580828794897056,1.213090342321643,True,A2CFC6311C185EAA2F17BA13E733D522713F64F2850C50F6EEF6E4CE1F592221,20269892,0
R2251,GG0118,RCB0064,S,2,1,20269892,5,True,,0.20600798726081848,0.48135626316070557,0.31263577938079834,0.22607340098761675,0.4550793805924852,0.318847218419898,1.213090342321643,True,A2CFC6311C185EAA2F17BA13E733D522713F64F2850C50F6EEF6E4CE1F592221,20269892,0
R2252,GG0118,RCB0064,S,2,1,20269892,5,True,,0.5781733393669128,0.05963006988167763,0.36219656467437744,0.5453154074196148,0.08382219049783933,0.37086240208254573,1.213090342321643,True,A2CFC6311C185EAA2F17BA13E733D522713F64F2850C50F6EEF6E4CE1F592221,20269892,0
R2253,GG0118,RCB0064,S,2,1,20269892,5,True,,0.18106472492218018,0.08681218326091766,0.7321231365203857,0.212357102662565,0.11584928059606445,0.6717936167413705,1.213090342321643,True,A2CFC6311C185EAA2F17BA13E733D522713F64F2850C50F6EEF6E4CE1F592221,20269892,0
R2254,GG0118,RCB0064,S,2,1,20269892,5,True,,0.29511842131614685,0.021740689873695374,0.6831408739089966,0.3211339110458574,0.037405568396261406,0.641460520557881,1.213090342321643,True,A2CFC6311C185EAA2F17BA13E733D522713F64F2850C50F6EEF6E4CE1F592221,20269892,0
R2255,GG0118,RCB0064,S,2,1,20269892,5,True,,0.3124050498008728,0.022997967898845673,0.6645969748497009,0.33561767746329785,0.039069964116340394,0.6253123584203618,1.213090342321643,True,A2CFC6311C185EAA2F17BA13E733D522713F64F2850C50F6EEF6E4CE1F592221,20269892,0
R2256,GG0118,RCB0064,S,2,1,20269892,5,True,,0.2916592061519623,0.023957863450050354,0.6843829154968262,0.31771873657672206,0.04048372303681948,0.6417975403864584,1.213090342321643,True,A2CFC6311C185EAA2F17BA13E733D522713F64F2850C50F6EEF6E4CE1F592221,20269892,0
R2257,GG0118,RCB0064,S,2,1,20269892,5,True,,0.31507745385169983,0.018270904198288918,0.6666516065597534,0.33892893045351974,0.032410180115949205,0.628660889430531,1.213090342321643,True,A2CFC6311C185EAA2F17BA13E733D522713F64F2850C50F6EEF6E4CE1F592221,20269892,0
R2258,GG0118,RCB0064,S,2,1,20269892,5,True,,0.32394126057624817,0.02672385238111019,0.6493349075317383,0.34460558317464524,0.04406497537047274,0.611329441454882,1.213090342321643,True,A2CFC6311C185EAA2F17BA13E733D522713F64F2850C50F6EEF6E4CE1F592221,20269892,0
R2259,GG0118,RCB0064,S,2,1,20269892,5,True,,0.3142354190349579,0.017273740842938423,0.6684908270835876,0.33844699335765727,0.030969152250106935,0.6305838543922359,1.213090342321643,True,A2CFC6311C185EAA2F17BA13E733D522713F64F2850C50F6EEF6E4CE1F592221,20269892,0
R2260,GG0118,RCB0064,S,2,1,20269892,5,True,,0.3353029191493988,0.01833200454711914,0.6463650465011597,0.3560129063553927,0.03243098008866981,0.6115561135559374,1.213090342321643,True,A2CFC6311C185EAA2F17BA13E733D522713F64F2850C50F6EEF6E4CE1F592221,20269892,0
R2261,GG0118,RCB0064,S,2,1,20269892,5,True,,0.3511779010295868,0.019275572150945663,0.629546582698822,0.36909049622911194,0.033731428769827924,0.5971780750010602,1.213090342321643,True,A2CFC6311C185EAA2F17BA13E733D522713F64F2850C50F6EEF6E4CE1F592221,20269892,0
R2262,GG0118,RCB0064,S,2,1,20269892,5,True,,0.2676548659801483,0.02106047235429287,0.7112846374511719,0.2975109357419794,0.03658830850509609,0.6659007557529245,1.213090342321643,True,A2CFC6311C185EAA2F17BA13E733D522713F64F2850C50F6EEF6E4CE1F592221,20269892,0
R2263,GG0118,RCB0064,S,2,1,20269892,5,True,,0.3766065239906311,0.016566993668675423,0.6068264842033386,0.3909410485755479,0.029769669338471458,0.5792892820859807,1.213090342321643,True,A2CFC6311C185EAA2F17BA13E733D522713F64F2850C50F6EEF6E4CE1F592221,20269892,0
R2264,GG0118,RCB0064,S,2,1,20269892,5,True,,0.2937071919441223,0.03357148543000221,0.6727213859558105,0.3177170528704455,0.0531566409600221,0.6291263061695324,1.213090342321643,True,A2CFC6311C185EAA2F17BA13E733D522713F64F2850C50F6EEF6E4CE1F592221,20269892,0
R2265,GG0118,RCB0064,S,2,1,20269892,5,True,,0.29717713594436646,0.026611939072608948,0.6762109398841858,0.32192988169592773,0.04404558712232081,0.6340245311817515,1.213090342321643,True,A2CFC6311C185EAA2F17BA13E733D522713F64F2850C50F6EEF6E4CE1F592221,20269892,0
R2266,GG0118,RCB0064,S,2,1,20269892,5,True,,0.31475314497947693,0.030203914269804955,0.6550429463386536,0.33618248146997554,0.04869370465856254,0.6151238138714619,1.213090342321643,True,A2CFC6311C185EAA2F17BA13E733D522713F64F2850C50F6EEF6E4CE1F592221,20269892,0
R2267,GG0118,RCB0064,S,2,1,20269892,5,True,,0.26533976197242737,0.029527904465794563,0.7051323056221008,0.29395371257688985,0.04810745984971709,0.6579388275733932,1.213090342321643,True,A2CFC6311C185EAA2F17BA13E733D522713F64F2850C50F6EEF6E4CE1F592221,20269892,0
R2268,GG0118,RCB0064,S,2,1,20269892,5,True,,0.26204612851142883,0.02268105186522007,0.715272843837738,0.2922939812270187,0.03888488201439047,0.6688211367585909,1.213090342321643,True,A2CFC6311C185EAA2F17BA13E733D522713F64F2850C50F6EEF6E4CE1F592221,20269892,0
R2269,GG0118,RCB0064,S,2,1,20269892,5,True,,0.3111751079559326,0.04000472277402878,0.6488202214241028,0.3314646338921159,0.061099431248991753,0.6074359348588925,1.213090342321643,True,A2CFC6311C185EAA2F17BA13E733D522713F64F2850C50F6EEF6E4CE1F592221,20269892,0
R2270,GG0118,RCB0064,S,2,1,20269892,5,True,,0.13116298615932465,0.027458570897579193,0.8413784503936768,0.1693908372510043,0.04667157923208155,0.7839375835169142,1.213090342321643,True,A2CFC6311C185EAA2F17BA13E733D522713F64F2850C50F6EEF6E4CE1F592221,20269892,0
R2271,GG0118,RCB0064,S,2,1,20269892,5,True,,0.38436996936798096,0.028521517291665077,0.5871085524559021,0.39446145548608824,0.04622194144426091,0.5593166030696508,1.213090342321643,True,A2CFC6311C185EAA2F17BA13E733D522713F64F2850C50F6EEF6E4CE1F592221,20269892,0
R2272,GG0118,RCB0064,S,2,1,20269892,5,True,,0.821945309638977,0.031007615849375725,0.1470470428466797,0.7638626754648924,0.05124711445295169,0.18489021008215606,1.213090342321643,True,A2CFC6311C185EAA2F17BA13E733D522713F64F2850C50F6EEF6E4CE1F592221,20269892,0
R2273,GG0118,RCB0064,S,2,1,20269892,5,True,,0.3405582308769226,0.06122776120901108,0.5982140302658081,0.35284608971079656,0.08575333380182956,0.5614005764873738,1.213090342321643,True,A2CFC6311C185EAA2F17BA13E733D522713F64F2850C50F6EEF6E4CE1F592221,20269892,0
R2274,GG0118,RCB0064,S,2,1,20269892,5,True,,0.6991751790046692,0.017736366018652916,0.28308844566345215,0.6566193166385081,0.03176107934090339,0.3116196040205883,1.213090342321643,True,A2CFC6311C185EAA2F17BA13E733D522713F64F2850C50F6EEF6E4CE1F592221,20269892,0
R2275,GG0118,RCB0064,S,2,1,20269892,5,True,,0.23483426868915558,0.04423739016056061,0.7209283113479614,0.2650058320843564,0.06693162543383979,0.6680625424818037,1.213090342321643,True,A2CFC6311C185EAA2F17BA13E733D522713F64F2850C50F6EEF6E4CE1F592221,20269892,0
R2276,GG0118,RCB0064,S,2,1,20269892,5,True,,0.43611955642700195,0.18335270881652832,0.3805277347564697,0.41960050438770025,0.20540995498608744,0.37498954062621237,1.213090342321643,True,A2CFC6311C185EAA2F17BA13E733D522713F64F2850C50F6EEF6E4CE1F592221,20269892,0
R2277,GG0118,RCB0064,S,2,1,20269892,5,True,,0.0909990668296814,0.04416348412632942,0.8648374080657959,0.12578356075457098,0.06931106820769131,0.8049053710377378,1.213090342321643,True,A2CFC6311C185EAA2F17BA13E733D522713F64F2850C50F6EEF6E4CE1F592221,20269892,0
R2278,GG0118,RCB0064,S,2,1,20269892,5,True,,0.0987209752202034,0.032487593591213226,0.8687914609909058,0.13502258269983528,0.05401367600254106,0.8109637412976237,1.213090342321643,True,A2CFC6311C185EAA2F17BA13E733D522713F64F2850C50F6EEF6E4CE1F592221,20269892,0
R2279,GG0118,RCB0064,S,2,1,20269892,5,True,,0.07931051403284073,0.03320806100964546,0.8874813914299011,0.11351686222928047,0.05538441748309946,0.8310987202876201,1.213090342321643,True,A2CFC6311C185EAA2F17BA13E733D522713F64F2850C50F6EEF6E4CE1F592221,20269892,0
R2280,GG0118,RCB0064,S,2,1,20269892,5,True,,0.0989379957318306,0.025039473548531532,0.8760225772857666,0.13589641544092745,0.043781690269076065,0.8203218942899965,1.213090342321643,True,A2CFC6311C185EAA2F17BA13E733D522713F64F2850C50F6EEF6E4CE1F592221,20269892,0
R2281,GG0118,RCB0064,S,2,1,20269892,5,True,,0.07790306210517883,0.039925478398799896,0.8821714520454407,0.11148367698275946,0.06425419548749468,0.8242621275297459,1.213090342321643,True,A2CFC6311C185EAA2F17BA13E733D522713F64F2850C50F6EEF6E4CE1F592221,20269892,0
R2282,GG0118,RCB0064,S,2,1,20269892,5,True,,0.07867911458015442,0.03756525367498398,0.8837555646896362,0.11251237147029386,0.06116832032402627,0.8263193082056799,1.213090342321643,True,A2CFC6311C185EAA2F17BA13E733D522713F64F2850C50F6EEF6E4CE1F592221,20269892,0
R2283,GG0118,RCB0064,S,2,1,20269892,5,True,,0.10313505679368973,0.04173845797777176,0.8551265001296997,0.13903184237796967,0.0659561862936605,0.7950119713283698,1.213090342321643,True,A2CFC6311C185EAA2F17BA13E733D522713F64F2850C50F6EEF6E4CE1F592221,20269892,0
R2284,GG0118,RCB0064,S,2,1,20269892,5,True,,0.08341477811336517,0.0234074629843235,0.8931778073310852,0.11889136367743972,0.04170670805523292,0.8394019282673274,1.213090342321643,True,A2CFC6311C185EAA2F17BA13E733D522713F64F2850C50F6EEF6E4CE1F592221,20269892,0
R2285,GG0118,RCB0064,S,2,1,20269892,5,True,,0.4076066017150879,0.02302537113428116,0.5693680047988892,0.4148015936348046,0.0388181165362654,0.5463802898289299,1.213090342321643,True,A2CFC6311C185EAA2F17BA13E733D522713F64F2850C50F6EEF6E4CE1F592221,20269892,0
R2286,GG0118,RCB0064,S,2,1,20269892,5,True,,0.6530272364616394,0.06873605400323868,0.2782367169857025,0.6055932501213152,0.09466390593113026,0.2997428439475545,1.213090342321643,True,A2CFC6311C185EAA2F17BA13E733D522713F64F2850C50F6EEF6E4CE1F592221,20269892,0
R2287,GG0118,RCB0064,S,2,1,20269892,5,True,,0.25611600279808044,0.030700096860527992,0.7131838798522949,0.2857023879640838,0.04971083815044396,0.6645867738854722,1.213090342321643,True,A2CFC6311C185EAA2F17BA13E733D522713F64F2850C50F6EEF6E4CE1F592221,20269892,0
R2288,GG0118,RCB0064,S,2,1,20269892,5,True,,0.18274639546871185,0.01934307999908924,0.7979105114936829,0.2208817444536259,0.034686542610330266,0.7444317129360439,1.213090342321643,True,A2CFC6311C185EAA2F17BA13E733D522713F64F2850C50F6EEF6E4CE1F592221,20269892,0
R2289,GG0118,RCB0064,S,2,1,20269892,5,True,,0.13675758242607117,0.03294403478503227,0.8302983641624451,0.17445704131258208,0.053963718309057,0.771579240378361,1.213090342321643,True,A2CFC6311C185EAA2F17BA13E733D522713F64F2850C50F6EEF6E4CE1F592221,20269892,0
R2290,GG0118,RCB0064,S,2,1,20269892,5,True,,0.15351997315883636,0.02445222996175289,0.8220278024673462,0.1920281099453086,0.04223450086320274,0.7657373891914887,1.213090342321643,True,A2CFC6311C185EAA2F17BA13E733D522713F64F2850C50F6EEF6E4CE1F592221,20269892,0
R2291,GG0118,RCB0064,S,2,1,20269892,5,True,,0.43338435888290405,0.022717934101819992,0.5438976883888245,0.43593828140869917,0.03835772521767157,0.5257039933736293,1.213090342321643,True,A2CFC6311C185EAA2F17BA13E733D522713F64F2850C50F6EEF6E4CE1F592221,20269892,0
R2292,GG0118,RCB0064,S,2,1,20269892,5,True,,0.26853251457214355,0.009244858287274837,0.722222626209259,0.3009615707699442,0.018724948912036743,0.6803134803180191,1.213090342321643,True,A2CFC6311C185EAA2F17BA13E733D522713F64F2850C50F6EEF6E4CE1F592221,20269892,0
R2293,GG0118,RCB0064,S,2,1,20269892,5,True,,0.2095586061477661,0.027139298617839813,0.7633021473884583,0.24461925531323347,0.04536464731489812,0.7100160973718684,1.213090342321643,True,A2CFC6311C185EAA2F17BA13E733D522713F64F2850C50F6EEF6E4CE1F592221,20269892,0
R2294,GG0118,RCB0064,S,2,1,20269892,5,True,,0.12859618663787842,0.023395759984850883,0.8480080962181091,0.16722542005514915,0.041040728420264745,0.7917338515245861,1.213090342321643,True,A2CFC6311C185EAA2F17BA13E733D522713F64F2850C50F6EEF6E4CE1F592221,20269892,0
R2295,GG0118,RCB0064,S,2,1,20269892,5,True,,0.2121405005455017,0.059040870517492294,0.7288186550140381,0.24305096579853755,0.08468373693792462,0.6722652972635379,1.213090342321643,True,A2CFC6311C185EAA2F17BA13E733D522713F64F2850C50F6EEF6E4CE1F592221,20269892,0
R2296,GG0118,RCB0064,S,2,1,20269892,5,True,,0.16084793210029602,0.020425135269761086,0.8187268972396851,0.19971943243763496,0.03644217880372876,0.7638383887586362,1.213090342321643,True,A2CFC6311C185EAA2F17BA13E733D522713F64F2850C50F6EEF6E4CE1F592221,20269892,0
R2297,GG0118,RCB0064,S,2,1,20269892,5,True,,0.1181754544377327,0.05262257531285286,0.8292019367218018,0.15393095301387108,0.07901135434959404,0.7670576926365349,1.213090342321643,True,A2CFC6311C185EAA2F17BA13E733D522713F64F2850C50F6EEF6E4CE1F592221,20269892,0
R2298,GG0118,RCB0064,S,2,1,20269892,5,True,,0.20777112245559692,0.048994556069374084,0.7432343363761902,0.24018031491788985,0.07299869977395376,0.6868209853081563,1.213090342321643,True,A2CFC6311C185EAA2F17BA13E733D522713F64F2850C50F6EEF6E4CE1F592221,20269892,0
R2299,GG0118,RCB0064,S,2,1,20269892,5,True,,0.4086376130580902,0.04532482475042343,0.5460376143455505,0.4109952711884315,0.0670794411110919,0.5219252877004766,1.213090342321643,True,A2CFC6311C185EAA2F17BA13E733D522713F64F2850C50F6EEF6E4CE1F592221,20269892,0
R2300,GG0118,RCB0064,S,2,1,20269892,5,True,,0.19597584009170532,0.03856190666556358,0.7654622197151184,0.2306089728126401,0.060374732082665444,0.7090162951046944,1.213090342321643,True,A2CFC6311C185EAA2F17BA13E733D522713F64F2850C50F6EEF6E4CE1F592221,20269892,0
R2301,GG0118,RCB0064,S,2,1,20269892,5,True,,0.3589648902416229,0.021037327125668526,0.6199977993965149,0.3751568017005815,0.03618880106280646,0.5886543972366121,1.213090342321643,True,A2CFC6311C185EAA2F17BA13E733D522713F64F2850C50F6EEF6E4CE1F592221,20269892,0
R2302,GG0118,RCB0064,S,2,1,20269892,5,True,,0.26348426938056946,0.04591123387217522,0.6906044483184814,0.289874944018674,0.06865486883194666,0.6414701871493793,1.213090342321643,True,A2CFC6311C185EAA2F17BA13E733D522713F64F2850C50F6EEF6E4CE1F592221,20269892,0
R2303,GG0118,RCB0064,S,2,1,20269892,5,True,,0.1518542766571045,0.018905678763985634,0.8292400240898132,0.19112233206748344,0.03430987452325239,0.7745677934092642,1.213090342321643,True,A2CFC6311C185EAA2F17BA13E733D522713F64F2850C50F6EEF6E4CE1F592221,20269892,0
R2304,GG0118,RCB0064,S,2,1,20269892,5,True,,0.06466661393642426,0.04045592248439789,0.8948774337768555,0.09613674689124815,0.06530896731496778,0.838554285793784,1.213090342321643,True,A2CFC6311C185EAA2F17BA13E733D522713F64F2850C50F6EEF6E4CE1F592221,20269892,0
R2433,GG0121,RCB0065,S,2,1,20269892,5,True,,0.5065548419952393,0.01866886392235756,0.4747762978076935,0.4965725769295706,0.03268006864967077,0.47074735442075877,1.213090342321643,True,A2CFC6311C185EAA2F17BA13E733D522713F64F2850C50F6EEF6E4CE1F592221,20269892,0
R2434,GG0121,RCB0065,S,2,1,20269892,5,True,,0.7013645768165588,0.016872093081474304,0.28176334500312805,0.658834165304547,0.03050378721513503,0.310662047480318,1.213090342321643,True,A2CFC6311C185EAA2F17BA13E733D522713F64F2850C50F6EEF6E4CE1F592221,20269892,0
R2435,GG0121,RCB0065,S,2,1,20269892,5,True,,0.7427853941917419,0.013068247586488724,0.24414639174938202,0.6966634333275339,0.024922782612006346,0.27841378406045975,1.213090342321643,True,A2CFC6311C185EAA2F17BA13E733D522713F64F2850C50F6EEF6E4CE1F592221,20269892,0
R2436,GG0121,RCB0065,S,2,1,20269892,5,True,,0.6208692789077759,0.035630229860544205,0.3435004651546478,0.5852440656479467,0.0554856003370177,0.3592703340150355,1.213090342321643,True,A2CFC6311C185EAA2F17BA13E733D522713F64F2850C50F6EEF6E4CE1F592221,20269892,0
R2437,GG0121,RCB0065,S,2,1,20269892,5,True,,0.799339234828949,0.02817465364933014,0.1724860668182373,0.7429810398277196,0.047131954716930144,0.20988700545535027,1.213090342321643,True,A2CFC6311C185EAA2F17BA13E733D522713F64F2850C50F6EEF6E4CE1F592221,20269892,0
R2438,GG0121,RCB0065,S,2,1,20269892,5,True,,0.6413102149963379,0.008346945978701115,0.35034286975860596,0.6114682657474566,0.017062619296354237,0.3714691149561892,1.213090342321643,True,A2CFC6311C185EAA2F17BA13E733D522713F64F2850C50F6EEF6E4CE1F592221,20269892,0
R2447,GG0122,RCB0066,I,0,1,20269892,5,True,,0.3174450993537903,0.02638440765440464,0.6561704874038696,0.3391934136610023,0.043640968689421716,0.6171656176495759,1.213090342321643,True,A2CFC6311C185EAA2F17BA13E733D522713F64F2850C50F6EEF6E4CE1F592221,20269892,0
R2448,GG0122,RCB0066,I,0,1,20269892,5,True,,0.33149680495262146,0.03141171857714653,0.6370914578437805,0.3500366540591741,0.05017567401994731,0.5997876719208786,1.213090342321643,True,A2CFC6311C185EAA2F17BA13E733D522713F64F2850C50F6EEF6E4CE1F592221,20269892,0
R2449,GG0122,RCB0066,I,0,1,20269892,5,True,,0.3935193419456482,0.10168028622865677,0.5048003792762756,0.3912968650406785,0.12823809023276686,0.48046504472655466,1.213090342321643,True,A2CFC6311C185EAA2F17BA13E733D522713F64F2850C50F6EEF6E4CE1F592221,20269892,0
R2450,GG0122,RCB0066,I,0,1,20269892,5,True,,0.32013097405433655,0.048338383436203,0.6315306425094604,0.33769357890920776,0.07107380863325706,0.5912326124575351,1.213090342321643,True,A2CFC6311C185EAA2F17BA13E733D522713F64F2850C50F6EEF6E4CE1F592221,20269892,0
R2451,GG0122,RCB0066,I,0,1,20269892,5,True,,0.37563684582710266,0.044292137026786804,0.5800710320472717,0.3842604166189748,0.06595888329058268,0.5497807000904426,1.213090342321643,True,A2CFC6311C185EAA2F17BA13E733D522713F64F2850C50F6EEF6E4CE1F592221,20269892,0
R2452,GG0122,RCB0066,I,0,1,20269892,5,True,,0.2099381387233734,0.019519908353686333,0.7705419063568115,0.24618571685600704,0.03474254127666529,0.7190717418673277,1.213090342321643,True,A2CFC6311C185EAA2F17BA13E733D522713F64F2850C50F6EEF6E4CE1F592221,20269892,0
R2453,GG0122,RCB0066,I,0,1,20269892,5,True,,0.21950431168079376,0.017879819497466087,0.7626158595085144,0.25522226990373215,0.03229575391882927,0.7124819761774386,1.213090342321643,True,A2CFC6311C185EAA2F17BA13E733D522713F64F2850C50F6EEF6E4CE1F592221,20269892,0
R2454,GG0122,RCB0066,I,0,1,20269892,5,True,,0.19321930408477783,0.014843499287962914,0.7919372320175171,0.23150019210346706,0.027913332467213607,0.7405864754293193,1.213090342321643,True,A2CFC6311C185EAA2F17BA13E733D522713F64F2850C50F6EEF6E4CE1F592221,20269892,0
R2455,GG0122,RCB0066,I,0,1,20269892,5,True,,0.43083032965660095,0.035976968705654144,0.5331926941871643,0.4307989312202643,0.0556420209912404,0.5135590477884954,1.213090342321643,True,A2CFC6311C185EAA2F17BA13E733D522713F64F2850C50F6EEF6E4CE1F592221,20269892,0
R2456,GG0122,RCB0066,I,0,1,20269892,5,True,,0.2968212366104126,0.08985293656587601,0.613325834274292,0.3132434110997179,0.1169714202503896,0.5697851686498925,1.213090342321643,True,A2CFC6311C185EAA2F17BA13E733D522713F64F2850C50F6EEF6E4CE1F592221,20269892,0
R2457,GG0122,RCB0066,I,0,1,20269892,5,True,,0.41140568256378174,0.05005025863647461,0.5385440587997437,0.4124243415566375,0.07264144887707331,0.5149342095662892,1.213090342321643,True,A2CFC6311C185EAA2F17BA13E733D522713F64F2850C50F6EEF6E4CE1F592221,20269892,0
R2458,GG0122,RCB0066,I,0,1,20269892,5,True,,0.2631525993347168,0.046441126614809036,0.6904062628746033,0.2895162244500949,0.06929355509905664,0.6411902204508485,1.213090342321643,True,A2CFC6311C185EAA2F17BA13E733D522713F64F2850C50F6EEF6E4CE1F592221,20269892,0
R2459,GG0122,RCB0066,I,0,1,20269892,5,True,,0.09598091244697571,0.03233448415994644,0.8716846108436584,0.13206844744640045,0.05386198819401661,0.8140695643595829,1.213090342321643,True,A2CFC6311C185EAA2F17BA13E733D522713F64F2850C50F6EEF6E4CE1F592221,20269892,0
R2460,GG0122,RCB0066,I,0,1,20269892,5,True,,0.4079967439174652,0.05550486594438553,0.5364983677864075,0.4087737626886283,0.07894694787231028,0.5122792894390614,1.213090342321643,True,A2CFC6311C185EAA2F17BA13E733D522713F64F2850C50F6EEF6E4CE1F592221,20269892,0
R2461,GG0122,RCB0066,I,0,1,20269892,5,True,,0.3356568515300751,0.023693734779953957,0.6406493782997131,0.3550846156861219,0.03993001688529238,0.6049853674285858,1.213090342321643,True,A2CFC6311C185EAA2F17BA13E733D522713F64F2850C50F6EEF6E4CE1F592221,20269892,0
R2462,GG0122,RCB0066,I,0,1,20269892,5,True,,0.44938111305236816,0.03486553207039833,0.5157533288002014,0.44606595433317364,0.05422512109176755,0.49970892457505883,1.213090342321643,True,A2CFC6311C185EAA2F17BA13E733D522713F64F2850C50F6EEF6E4CE1F592221,20269892,0
R2463,GG0122,RCB0066,I,0,1,20269892,5,True,,0.445048987865448,0.029917018488049507,0.5250340104103088,0.4436606487048974,0.047920334267451584,0.5084190170276509,1.213090342321643,True,A2CFC6311C185EAA2F17BA13E733D522713F64F2850C50F6EEF6E4CE1F592221,20269892,0
R2464,GG0122,RCB0066,I,0,1,20269892,5,True,,0.35631266236305237,0.023656118661165237,0.6200312376022339,0.37234365724263924,0.039807314853729174,0.5878490279036316,1.213090342321643,True,A2CFC6311C185EAA2F17BA13E733D522713F64F2850C50F6EEF6E4CE1F592221,20269892,0
R2465,GG0122,RCB0066,I,0,1,20269892,5,True,,0.3978908061981201,0.0361272431910038,0.565981924533844,0.4039648711092332,0.05590347826571155,0.5401316506250553,1.213090342321643,True,A2CFC6311C185EAA2F17BA13E733D522713F64F2850C50F6EEF6E4CE1F592221,20269892,0
R2783,GG0017,RCB0007,A,1,1,20269892,5,True,,0.2382776439189911,0.17337995767593384,0.5883424282073975,0.2579923256042032,0.19850806832588452,0.5434996060699123,1.213090342321643,True,A2CFC6311C185EAA2F17BA13E733D522713F64F2850C50F6EEF6E4CE1F592221,20269892,0
R2784,GG0017,RCB0007,A,1,1,20269892,5,False,row_missingness_at_or_above_threshold,,,,,,,1.213090342321643,True,A2CFC6311C185EAA2F17BA13E733D522713F64F2850C50F6EEF6E4CE1F592221,20269892,0
R2785,GG0017,RCB0007,A,1,1,20269892,5,True,,0.23371349275112152,0.1843130737543106,0.5819734930992126,0.2535750167366397,0.20849427134179457,0.5379307119215658,1.213090342321643,True,A2CFC6311C185EAA2F17BA13E733D522713F64F2850C50F6EEF6E4CE1F592221,20269892,0
R2786,GG0017,RCB0007,A,1,1,20269892,5,True,,0.09132292866706848,0.20290887355804443,0.7057681679725647,0.12008718025134657,0.2319066089558284,0.6480062107928249,1.213090342321643,True,A2CFC6311C185EAA2F17BA13E733D522713F64F2850C50F6EEF6E4CE1F592221,20269892,0
R2787,GG0017,RCB0007,A,1,1,20269892,5,True,,0.05687515810132027,0.695439875125885,0.24768498539924622,0.08170189466503713,0.6435295288372426,0.2747685764977203,1.213090342321643,True,A2CFC6311C185EAA2F17BA13E733D522713F64F2850C50F6EEF6E4CE1F592221,20269892,0
R2788,GG0017,RCB0007,A,1,1,20269892,5,True,,0.12337196618318558,0.5740011930465698,0.3026267886161804,0.15044966841677868,0.5343190024191418,0.3152313291640795,1.213090342321643,True,A2CFC6311C185EAA2F17BA13E733D522713F64F2850C50F6EEF6E4CE1F592221,20269892,0
R2789,GG0017,RCB0007,A,1,1,20269892,5,True,,0.09038972854614258,0.3725910186767578,0.5370192527770996,0.11684205071820669,0.37554521239400024,0.5076127368877932,1.213090342321643,True,A2CFC6311C185EAA2F17BA13E733D522713F64F2850C50F6EEF6E4CE1F592221,20269892,0
R2790,GG0017,RCB0007,A,1,1,20269892,5,False,row_missingness_at_or_above_threshold,,,,,,,1.213090342321643,True,A2CFC6311C185EAA2F17BA13E733D522713F64F2850C50F6EEF6E4CE1F592221,20269892,0
R2791,GG0017,RCB0007,A,1,1,20269892,5,True,,0.15768761932849884,0.6202636957168579,0.22204869985580444,0.18455565192876291,0.5707262140443995,0.24471813402683745,1.213090342321643,True,A2CFC6311C185EAA2F17BA13E733D522713F64F2850C50F6EEF6E4CE1F592221,20269892,0
R2792,GG0017,RCB0007,A,1,1,20269892,5,False,row_missingness_at_or_above_threshold,,,,,,,1.213090342321643,True,A2CFC6311C185EAA2F17BA13E733D522713F64F2850C50F6EEF6E4CE1F592221,20269892,0
R2793,GG0017,RCB0007,A,1,1,20269892,5,False,row_missingness_at_or_above_threshold,,,,,,,1.213090342321643,True,A2CFC6311C185EAA2F17BA13E733D522713F64F2850C50F6EEF6E4CE1F592221,20269892,0
R2794,GG0017,RCB0007,A,1,1,20269892,5,False,row_missingness_at_or_above_threshold,,,,,,,1.213090342321643,True,A2CFC6311C185EAA2F17BA13E733D522713F64F2850C50F6EEF6E4CE1F592221,20269892,0
R2795,GG0017,RCB0007,A,1,1,20269892,5,False,row_missingness_at_or_above_threshold,,,,,,,1.213090342321643,True,A2CFC6311C185EAA2F17BA13E733D522713F64F2850C50F6EEF6E4CE1F592221,20269892,0
R2796,GG0017,RCB0007,A,1,1,20269892,5,False,row_missingness_at_or_above_threshold,,,,,,,1.213090342321643,True,A2CFC6311C185EAA2F17BA13E733D522713F64F2850C50F6EEF6E4CE1F592221,20269892,0
R2797,GG0017,RCB0007,A,1,1,20269892,5,True,,0.15809568762779236,0.7074247598648071,0.1344795674085617,0.1881725999753329,0.6471495735969223,0.16467782642774484,1.213090342321643,True,A2CFC6311C185EAA2F17BA13E733D522713F64F2850C50F6EEF6E4CE1F592221,20269892,0
R2798,GG0017,RCB0007,A,1,1,20269892,5,False,row_missingness_at_or_above_threshold,,,,,,,1.213090342321643,True,A2CFC6311C185EAA2F17BA13E733D522713F64F2850C50F6EEF6E4CE1F592221,20269892,0
R2799,GG0017,RCB0007,A,1,1,20269892,5,False,row_missingness_at_or_above_threshold,,,,,,,1.213090342321643,True,A2CFC6311C185EAA2F17BA13E733D522713F64F2850C50F6EEF6E4CE1F592221,20269892,0
R2800,GG0017,RCB0007,A,1,1,20269892,5,False,row_missingness_at_or_above_threshold,,,,,,,1.213090342321643,True,A2CFC6311C185EAA2F17BA13E733D522713F64F2850C50F6EEF6E4CE1F592221,20269892,0
R2801,GG0017,RCB0007,A,1,1,20269892,5,False,row_missingness_at_or_above_threshold,,,,,,,1.213090342321643,True,A2CFC6311C185EAA2F17BA13E733D522713F64F2850C50F6EEF6E4CE1F592221,20269892,0
R2802,GG0017,RCB0007,A,1,1,20269892,5,False,row_missingness_at_or_above_threshold,,,,,,,1.213090342321643,True,A2CFC6311C185EAA2F17BA13E733D522713F64F2850C50F6EEF6E4CE1F592221,20269892,0
R2803,GG0017,RCB0007,A,1,1,20269892,5,False,row_missingness_at_or_above_threshold,,,,,,,1.213090342321643,True,A2CFC6311C185EAA2F17BA13E733D522713F64F2850C50F6EEF6E4CE1F592221,20269892,0
R2837,GG0128,RCB0070,I,0,1,20269892,5,True,,0.4409823417663574,0.021153448149561882,0.5378642082214355,0.44254416875196484,0.03619244816662341,0.5212633830814118,1.213090342321643,True,A2CFC6311C185EAA2F17BA13E733D522713F64F2850C50F6EEF6E4CE1F592221,20269892,0
R2838,GG0128,RCB0070,I,0,1,20269892,5,True,,0.2401978224515915,0.010751406662166119,0.7490507364273071,0.27540722486757935,0.0212742319624531,0.7033185431699676,1.213090342321643,True,A2CFC6311C185EAA2F17BA13E733D522713F64F2850C50F6EEF6E4CE1F592221,20269892,0
R2839,GG0128,RCB0070,I,0,1,20269892,5,True,,0.10825552046298981,0.018730344250798225,0.8730141520500183,0.14653443828813645,0.03450410952530612,0.8189614521865575,1.213090342321643,True,A2CFC6311C185EAA2F17BA13E733D522713F64F2850C50F6EEF6E4CE1F592221,20269892,0
R2840,GG0128,RCB0070,I,0,1,20269892,5,True,,0.5838196277618408,0.038256410509347916,0.37792396545410156,0.5541755241849593,0.05861091206452545,0.38721356375051524,1.213090342321643,True,A2CFC6311C185EAA2F17BA13E733D522713F64F2850C50F6EEF6E4CE1F592221,20269892,0
R2841,GG0128,RCB0070,I,0,1,20269892,5,True,,0.43190810084342957,0.048836320638656616,0.5192555785179138,0.4292245232219365,0.07117435003911166,0.4996011267389519,1.213090342321643,True,A2CFC6311C185EAA2F17BA13E733D522713F64F2850C50F6EEF6E4CE1F592221,20269892,0
