Geological Group ID,target,target_nunique,cv_block,model_score,model_score_mean_sensitivity,record_count,prediction,score_type,threshold,threshold_status,repeat,outer_fold,model,parameter_hash,analysis_protocol_hash,optimizer_converged,optimizer_iterations,optimizer_fit_cycles
GG0012,1,1,CVB0012,0.11892111470662892,0.15111713199707633,28,0,predict_proba,0.45999999999999996,constraints_met,1,1,RF,f6eaa8254f4b2d2bc62a7945af87d62804b2bd8f985aed0baeff452631f62f8b,9eb1905b0d2d4dff99236976201e564cbe25ee258ba901ad38107c5c6b5846f0,True,0,1
GG0019,0,1,CVB0017,0.017601327395911002,0.05078608463605958,5,0,predict_proba,0.45999999999999996,constraints_met,1,1,RF,f6eaa8254f4b2d2bc62a7945af87d62804b2bd8f985aed0baeff452631f62f8b,9eb1905b0d2d4dff99236976201e564cbe25ee258ba901ad38107c5c6b5846f0,True,0,1
GG0023,0,1,CVB0020,0.17769701852224257,0.21774800154238427,38,0,predict_proba,0.45999999999999996,constraints_met,1,1,RF,f6eaa8254f4b2d2bc62a7945af87d62804b2bd8f985aed0baeff452631f62f8b,9eb1905b0d2d4dff99236976201e564cbe25ee258ba901ad38107c5c6b5846f0,True,0,1
GG0029,0,1,CVB0026,0.006641918073031161,0.10942137390847165,7,0,predict_proba,0.45999999999999996,constraints_met,1,1,RF,f6eaa8254f4b2d2bc62a7945af87d62804b2bd8f985aed0baeff452631f62f8b,9eb1905b0d2d4dff99236976201e564cbe25ee258ba901ad38107c5c6b5846f0,True,0,1
GG0030,0,1,CVB0027,0.04614353469267584,0.08430255122616881,59,0,predict_proba,0.45999999999999996,constraints_met,1,1,RF,f6eaa8254f4b2d2bc62a7945af87d62804b2bd8f985aed0baeff452631f62f8b,9eb1905b0d2d4dff99236976201e564cbe25ee258ba901ad38107c5c6b5846f0,True,0,1
GG0037,0,1,CVB0034,0.14123139152072328,0.15878175204002457,6,0,predict_proba,0.45999999999999996,constraints_met,1,1,RF,f6eaa8254f4b2d2bc62a7945af87d62804b2bd8f985aed0baeff452631f62f8b,9eb1905b0d2d4dff99236976201e564cbe25ee258ba901ad38107c5c6b5846f0,True,0,1
GG0041,1,1,CVB0038,0.6477985541075268,0.6234317172889272,21,1,predict_proba,0.45999999999999996,constraints_met,1,1,RF,f6eaa8254f4b2d2bc62a7945af87d62804b2bd8f985aed0baeff452631f62f8b,9eb1905b0d2d4dff99236976201e564cbe25ee258ba901ad38107c5c6b5846f0,True,0,1
GG0048,1,1,CVB0044,0.09154966666608257,0.1003831812589816,4,0,predict_proba,0.45999999999999996,constraints_met,1,1,RF,f6eaa8254f4b2d2bc62a7945af87d62804b2bd8f985aed0baeff452631f62f8b,9eb1905b0d2d4dff99236976201e564cbe25ee258ba901ad38107c5c6b5846f0,True,0,1
GG0054,1,1,CVB0050,0.5308864364787491,0.5242560222006208,21,1,predict_proba,0.45999999999999996,constraints_met,1,1,RF,f6eaa8254f4b2d2bc62a7945af87d62804b2bd8f985aed0baeff452631f62f8b,9eb1905b0d2d4dff99236976201e564cbe25ee258ba901ad38107c5c6b5846f0,True,0,1
GG0059,1,1,CVB0055,0.5461222212644303,0.5387315466620493,15,1,predict_proba,0.45999999999999996,constraints_met,1,1,RF,f6eaa8254f4b2d2bc62a7945af87d62804b2bd8f985aed0baeff452631f62f8b,9eb1905b0d2d4dff99236976201e564cbe25ee258ba901ad38107c5c6b5846f0,True,0,1
GG0064,1,1,CVB0060,0.695351423201232,0.7071146416139862,5,1,predict_proba,0.45999999999999996,constraints_met,1,1,RF,f6eaa8254f4b2d2bc62a7945af87d62804b2bd8f985aed0baeff452631f62f8b,9eb1905b0d2d4dff99236976201e564cbe25ee258ba901ad38107c5c6b5846f0,True,0,1
GG0071,0,1,CVB0067,0.43856923979901413,0.36717575397816565,14,0,predict_proba,0.45999999999999996,constraints_met,1,1,RF,f6eaa8254f4b2d2bc62a7945af87d62804b2bd8f985aed0baeff452631f62f8b,9eb1905b0d2d4dff99236976201e564cbe25ee258ba901ad38107c5c6b5846f0,True,0,1
GG0074,0,1,CVB0070,0.1607342253423301,0.1553996783499429,8,0,predict_proba,0.45999999999999996,constraints_met,1,1,RF,f6eaa8254f4b2d2bc62a7945af87d62804b2bd8f985aed0baeff452631f62f8b,9eb1905b0d2d4dff99236976201e564cbe25ee258ba901ad38107c5c6b5846f0,True,0,1
GG0081,0,1,CVB0077,0.28546481826767245,0.28127686131999086,5,0,predict_proba,0.45999999999999996,constraints_met,1,1,RF,f6eaa8254f4b2d2bc62a7945af87d62804b2bd8f985aed0baeff452631f62f8b,9eb1905b0d2d4dff99236976201e564cbe25ee258ba901ad38107c5c6b5846f0,True,0,1
GG0084,0,1,CVB0080,0.0308560832086378,0.05238018787557217,4,0,predict_proba,0.45999999999999996,constraints_met,1,1,RF,f6eaa8254f4b2d2bc62a7945af87d62804b2bd8f985aed0baeff452631f62f8b,9eb1905b0d2d4dff99236976201e564cbe25ee258ba901ad38107c5c6b5846f0,True,0,1
GG0089,0,1,CVB0085,0.09437787708466906,0.09603182724383631,7,0,predict_proba,0.45999999999999996,constraints_met,1,1,RF,f6eaa8254f4b2d2bc62a7945af87d62804b2bd8f985aed0baeff452631f62f8b,9eb1905b0d2d4dff99236976201e564cbe25ee258ba901ad38107c5c6b5846f0,True,0,1
GG0096,0,1,CVB0092,0.7409746108033509,0.7422077616399322,9,1,predict_proba,0.45999999999999996,constraints_met,1,1,RF,f6eaa8254f4b2d2bc62a7945af87d62804b2bd8f985aed0baeff452631f62f8b,9eb1905b0d2d4dff99236976201e564cbe25ee258ba901ad38107c5c6b5846f0,True,0,1
GG0101,0,1,CVB0097,0.0,5.441584589432443e-05,5,0,predict_proba,0.45999999999999996,constraints_met,1,1,RF,f6eaa8254f4b2d2bc62a7945af87d62804b2bd8f985aed0baeff452631f62f8b,9eb1905b0d2d4dff99236976201e564cbe25ee258ba901ad38107c5c6b5846f0,True,0,1
GG0106,0,1,CVB0102,0.06341432635988836,0.1128438657532948,24,0,predict_proba,0.45999999999999996,constraints_met,1,1,RF,f6eaa8254f4b2d2bc62a7945af87d62804b2bd8f985aed0baeff452631f62f8b,9eb1905b0d2d4dff99236976201e564cbe25ee258ba901ad38107c5c6b5846f0,True,0,1
GG0110,0,1,CVB0106,0.016962612202305213,0.02898644612492242,13,0,predict_proba,0.45999999999999996,constraints_met,1,1,RF,f6eaa8254f4b2d2bc62a7945af87d62804b2bd8f985aed0baeff452631f62f8b,9eb1905b0d2d4dff99236976201e564cbe25ee258ba901ad38107c5c6b5846f0,True,0,1
GG0115,0,1,CVB0111,0.13469998610722364,0.13388817938110648,23,0,predict_proba,0.45999999999999996,constraints_met,1,1,RF,f6eaa8254f4b2d2bc62a7945af87d62804b2bd8f985aed0baeff452631f62f8b,9eb1905b0d2d4dff99236976201e564cbe25ee258ba901ad38107c5c6b5846f0,True,0,1
GG0120,0,1,CVB0116,0.03445490333197797,0.11800090971329383,16,0,predict_proba,0.45999999999999996,constraints_met,1,1,RF,f6eaa8254f4b2d2bc62a7945af87d62804b2bd8f985aed0baeff452631f62f8b,9eb1905b0d2d4dff99236976201e564cbe25ee258ba901ad38107c5c6b5846f0,True,0,1
GG0124,0,1,CVB0120,0.3156160526046229,0.2653826335576073,9,0,predict_proba,0.45999999999999996,constraints_met,1,1,RF,f6eaa8254f4b2d2bc62a7945af87d62804b2bd8f985aed0baeff452631f62f8b,9eb1905b0d2d4dff99236976201e564cbe25ee258ba901ad38107c5c6b5846f0,True,0,1
GG0128,0,1,CVB0124,0.22013314627048844,0.1569574681521714,5,0,predict_proba,0.45999999999999996,constraints_met,1,1,RF,f6eaa8254f4b2d2bc62a7945af87d62804b2bd8f985aed0baeff452631f62f8b,9eb1905b0d2d4dff99236976201e564cbe25ee258ba901ad38107c5c6b5846f0,True,0,1
GG0012,1,1,CVB0012,0.18601964345703176,0.19505418493548668,28,0,monotonic_transformed_decision_score_not_calibrated,0.54,constraints_met,1,1,SVM,1eabd5293d0de0d20b09b2b3967fef1a35087bac10b7cb29330d5b74e8d4c83c,9eb1905b0d2d4dff99236976201e564cbe25ee258ba901ad38107c5c6b5846f0,True,0,1
GG0019,0,1,CVB0017,0.20725698843347165,0.19907238277313477,5,0,monotonic_transformed_decision_score_not_calibrated,0.54,constraints_met,1,1,SVM,1eabd5293d0de0d20b09b2b3967fef1a35087bac10b7cb29330d5b74e8d4c83c,9eb1905b0d2d4dff99236976201e564cbe25ee258ba901ad38107c5c6b5846f0,True,0,1
GG0023,0,1,CVB0020,0.2766425740302274,0.3297639986051422,38,0,monotonic_transformed_decision_score_not_calibrated,0.54,constraints_met,1,1,SVM,1eabd5293d0de0d20b09b2b3967fef1a35087bac10b7cb29330d5b74e8d4c83c,9eb1905b0d2d4dff99236976201e564cbe25ee258ba901ad38107c5c6b5846f0,True,0,1
GG0029,0,1,CVB0026,0.2406200608641235,0.3277241488800753,7,0,monotonic_transformed_decision_score_not_calibrated,0.54,constraints_met,1,1,SVM,1eabd5293d0de0d20b09b2b3967fef1a35087bac10b7cb29330d5b74e8d4c83c,9eb1905b0d2d4dff99236976201e564cbe25ee258ba901ad38107c5c6b5846f0,True,0,1
GG0030,0,1,CVB0027,0.18851776260719724,0.21195479431028785,59,0,monotonic_transformed_decision_score_not_calibrated,0.54,constraints_met,1,1,SVM,1eabd5293d0de0d20b09b2b3967fef1a35087bac10b7cb29330d5b74e8d4c83c,9eb1905b0d2d4dff99236976201e564cbe25ee258ba901ad38107c5c6b5846f0,True,0,1
GG0037,0,1,CVB0034,0.3188364821492443,0.31248502060848543,6,0,monotonic_transformed_decision_score_not_calibrated,0.54,constraints_met,1,1,SVM,1eabd5293d0de0d20b09b2b3967fef1a35087bac10b7cb29330d5b74e8d4c83c,9eb1905b0d2d4dff99236976201e564cbe25ee258ba901ad38107c5c6b5846f0,True,0,1
GG0041,1,1,CVB0038,0.6187910052752521,0.6929109101394657,21,1,monotonic_transformed_decision_score_not_calibrated,0.54,constraints_met,1,1,SVM,1eabd5293d0de0d20b09b2b3967fef1a35087bac10b7cb29330d5b74e8d4c83c,9eb1905b0d2d4dff99236976201e564cbe25ee258ba901ad38107c5c6b5846f0,True,0,1
GG0048,1,1,CVB0044,0.17835227395295059,0.17868271314566203,4,0,monotonic_transformed_decision_score_not_calibrated,0.54,constraints_met,1,1,SVM,1eabd5293d0de0d20b09b2b3967fef1a35087bac10b7cb29330d5b74e8d4c83c,9eb1905b0d2d4dff99236976201e564cbe25ee258ba901ad38107c5c6b5846f0,True,0,1
GG0054,1,1,CVB0050,0.6345819169435184,0.6004128387335109,21,1,monotonic_transformed_decision_score_not_calibrated,0.54,constraints_met,1,1,SVM,1eabd5293d0de0d20b09b2b3967fef1a35087bac10b7cb29330d5b74e8d4c83c,9eb1905b0d2d4dff99236976201e564cbe25ee258ba901ad38107c5c6b5846f0,True,0,1
GG0059,1,1,CVB0055,0.5197654361510866,0.4905969481792285,15,0,monotonic_transformed_decision_score_not_calibrated,0.54,constraints_met,1,1,SVM,1eabd5293d0de0d20b09b2b3967fef1a35087bac10b7cb29330d5b74e8d4c83c,9eb1905b0d2d4dff99236976201e564cbe25ee258ba901ad38107c5c6b5846f0,True,0,1
GG0064,1,1,CVB0060,0.6127100776357451,0.5925776020257842,5,1,monotonic_transformed_decision_score_not_calibrated,0.54,constraints_met,1,1,SVM,1eabd5293d0de0d20b09b2b3967fef1a35087bac10b7cb29330d5b74e8d4c83c,9eb1905b0d2d4dff99236976201e564cbe25ee258ba901ad38107c5c6b5846f0,True,0,1
GG0071,0,1,CVB0067,0.48530898944113615,0.48208321396865,14,0,monotonic_transformed_decision_score_not_calibrated,0.54,constraints_met,1,1,SVM,1eabd5293d0de0d20b09b2b3967fef1a35087bac10b7cb29330d5b74e8d4c83c,9eb1905b0d2d4dff99236976201e564cbe25ee258ba901ad38107c5c6b5846f0,True,0,1
GG0074,0,1,CVB0070,0.29543658317152655,0.29891929679449414,8,0,monotonic_transformed_decision_score_not_calibrated,0.54,constraints_met,1,1,SVM,1eabd5293d0de0d20b09b2b3967fef1a35087bac10b7cb29330d5b74e8d4c83c,9eb1905b0d2d4dff99236976201e564cbe25ee258ba901ad38107c5c6b5846f0,True,0,1
GG0081,0,1,CVB0077,0.32392534843847404,0.3130457027328707,5,0,monotonic_transformed_decision_score_not_calibrated,0.54,constraints_met,1,1,SVM,1eabd5293d0de0d20b09b2b3967fef1a35087bac10b7cb29330d5b74e8d4c83c,9eb1905b0d2d4dff99236976201e564cbe25ee258ba901ad38107c5c6b5846f0,True,0,1
GG0084,0,1,CVB0080,0.16833056703624505,0.18543560092368722,4,0,monotonic_transformed_decision_score_not_calibrated,0.54,constraints_met,1,1,SVM,1eabd5293d0de0d20b09b2b3967fef1a35087bac10b7cb29330d5b74e8d4c83c,9eb1905b0d2d4dff99236976201e564cbe25ee258ba901ad38107c5c6b5846f0,True,0,1
GG0089,0,1,CVB0085,0.1595198435064392,0.16519633403214234,7,0,monotonic_transformed_decision_score_not_calibrated,0.54,constraints_met,1,1,SVM,1eabd5293d0de0d20b09b2b3967fef1a35087bac10b7cb29330d5b74e8d4c83c,9eb1905b0d2d4dff99236976201e564cbe25ee258ba901ad38107c5c6b5846f0,True,0,1
GG0096,0,1,CVB0092,0.7252393935215397,0.7002259607027274,9,1,monotonic_transformed_decision_score_not_calibrated,0.54,constraints_met,1,1,SVM,1eabd5293d0de0d20b09b2b3967fef1a35087bac10b7cb29330d5b74e8d4c83c,9eb1905b0d2d4dff99236976201e564cbe25ee258ba901ad38107c5c6b5846f0,True,0,1
GG0101,0,1,CVB0097,0.12045880737027218,0.1288224917643751,5,0,monotonic_transformed_decision_score_not_calibrated,0.54,constraints_met,1,1,SVM,1eabd5293d0de0d20b09b2b3967fef1a35087bac10b7cb29330d5b74e8d4c83c,9eb1905b0d2d4dff99236976201e564cbe25ee258ba901ad38107c5c6b5846f0,True,0,1
GG0106,0,1,CVB0102,0.11058938816812847,0.14163146643123303,24,0,monotonic_transformed_decision_score_not_calibrated,0.54,constraints_met,1,1,SVM,1eabd5293d0de0d20b09b2b3967fef1a35087bac10b7cb29330d5b74e8d4c83c,9eb1905b0d2d4dff99236976201e564cbe25ee258ba901ad38107c5c6b5846f0,True,0,1
GG0110,0,1,CVB0106,0.11415943861524475,0.15313507511687396,13,0,monotonic_transformed_decision_score_not_calibrated,0.54,constraints_met,1,1,SVM,1eabd5293d0de0d20b09b2b3967fef1a35087bac10b7cb29330d5b74e8d4c83c,9eb1905b0d2d4dff99236976201e564cbe25ee258ba901ad38107c5c6b5846f0,True,0,1
GG0115,0,1,CVB0111,0.2690338140939807,0.26969982605261766,23,0,monotonic_transformed_decision_score_not_calibrated,0.54,constraints_met,1,1,SVM,1eabd5293d0de0d20b09b2b3967fef1a35087bac10b7cb29330d5b74e8d4c83c,9eb1905b0d2d4dff99236976201e564cbe25ee258ba901ad38107c5c6b5846f0,True,0,1
GG0120,0,1,CVB0116,0.25135440388989794,0.2594832602142168,16,0,monotonic_transformed_decision_score_not_calibrated,0.54,constraints_met,1,1,SVM,1eabd5293d0de0d20b09b2b3967fef1a35087bac10b7cb29330d5b74e8d4c83c,9eb1905b0d2d4dff99236976201e564cbe25ee258ba901ad38107c5c6b5846f0,True,0,1
GG0124,0,1,CVB0120,0.32285761933411683,0.2909745938575996,9,0,monotonic_transformed_decision_score_not_calibrated,0.54,constraints_met,1,1,SVM,1eabd5293d0de0d20b09b2b3967fef1a35087bac10b7cb29330d5b74e8d4c83c,9eb1905b0d2d4dff99236976201e564cbe25ee258ba901ad38107c5c6b5846f0,True,0,1
GG0128,0,1,CVB0124,0.17720573220209007,0.22739680815224284,5,0,monotonic_transformed_decision_score_not_calibrated,0.54,constraints_met,1,1,SVM,1eabd5293d0de0d20b09b2b3967fef1a35087bac10b7cb29330d5b74e8d4c83c,9eb1905b0d2d4dff99236976201e564cbe25ee258ba901ad38107c5c6b5846f0,True,0,1
GG0012,1,1,CVB0012,1.3415479763012673e-06,0.00477296293627461,28,0,predict_proba,0.42500000000000004,constraints_met,1,1,MLP,f556307e0680cb81a2f4789e663cb6be742c39e36a755d1c0839790b3b551ac7,9eb1905b0d2d4dff99236976201e564cbe25ee258ba901ad38107c5c6b5846f0,True,440,1
GG0019,0,1,CVB0017,9.663523903289137e-10,1.715555423049963e-07,5,0,predict_proba,0.42500000000000004,constraints_met,1,1,MLP,f556307e0680cb81a2f4789e663cb6be742c39e36a755d1c0839790b3b551ac7,9eb1905b0d2d4dff99236976201e564cbe25ee258ba901ad38107c5c6b5846f0,True,440,1
GG0023,0,1,CVB0020,2.6993865280445328e-05,0.14557651687623607,38,0,predict_proba,0.42500000000000004,constraints_met,1,1,MLP,f556307e0680cb81a2f4789e663cb6be742c39e36a755d1c0839790b3b551ac7,9eb1905b0d2d4dff99236976201e564cbe25ee258ba901ad38107c5c6b5846f0,True,440,1
GG0029,0,1,CVB0026,4.751219086501665e-14,0.2835946639962225,7,0,predict_proba,0.42500000000000004,constraints_met,1,1,MLP,f556307e0680cb81a2f4789e663cb6be742c39e36a755d1c0839790b3b551ac7,9eb1905b0d2d4dff99236976201e564cbe25ee258ba901ad38107c5c6b5846f0,True,440,1
GG0030,0,1,CVB0027,3.8085030660984066e-07,0.00048734546650832186,59,0,predict_proba,0.42500000000000004,constraints_met,1,1,MLP,f556307e0680cb81a2f4789e663cb6be742c39e36a755d1c0839790b3b551ac7,9eb1905b0d2d4dff99236976201e564cbe25ee258ba901ad38107c5c6b5846f0,True,440,1
GG0037,0,1,CVB0034,3.725054662299982e-05,0.0009259364070511073,6,0,predict_proba,0.42500000000000004,constraints_met,1,1,MLP,f556307e0680cb81a2f4789e663cb6be742c39e36a755d1c0839790b3b551ac7,9eb1905b0d2d4dff99236976201e564cbe25ee258ba901ad38107c5c6b5846f0,True,440,1
GG0041,1,1,CVB0038,0.6949277495109124,0.5903044717026239,21,1,predict_proba,0.42500000000000004,constraints_met,1,1,MLP,f556307e0680cb81a2f4789e663cb6be742c39e36a755d1c0839790b3b551ac7,9eb1905b0d2d4dff99236976201e564cbe25ee258ba901ad38107c5c6b5846f0,True,440,1
GG0048,1,1,CVB0044,1.750365694255391e-05,0.00021257130927134345,4,0,predict_proba,0.42500000000000004,constraints_met,1,1,MLP,f556307e0680cb81a2f4789e663cb6be742c39e36a755d1c0839790b3b551ac7,9eb1905b0d2d4dff99236976201e564cbe25ee258ba901ad38107c5c6b5846f0,True,440,1
GG0054,1,1,CVB0050,0.971962287384525,0.7215601124995947,21,1,predict_proba,0.42500000000000004,constraints_met,1,1,MLP,f556307e0680cb81a2f4789e663cb6be742c39e36a755d1c0839790b3b551ac7,9eb1905b0d2d4dff99236976201e564cbe25ee258ba901ad38107c5c6b5846f0,True,440,1
GG0059,1,1,CVB0055,0.7681622624340392,0.5904309972175259,15,1,predict_proba,0.42500000000000004,constraints_met,1,1,MLP,f556307e0680cb81a2f4789e663cb6be742c39e36a755d1c0839790b3b551ac7,9eb1905b0d2d4dff99236976201e564cbe25ee258ba901ad38107c5c6b5846f0,True,440,1
GG0064,1,1,CVB0060,0.9999557078314274,0.8098974551444911,5,1,predict_proba,0.42500000000000004,constraints_met,1,1,MLP,f556307e0680cb81a2f4789e663cb6be742c39e36a755d1c0839790b3b551ac7,9eb1905b0d2d4dff99236976201e564cbe25ee258ba901ad38107c5c6b5846f0,True,440,1
GG0071,0,1,CVB0067,0.7136883150243988,0.527836061097033,14,1,predict_proba,0.42500000000000004,constraints_met,1,1,MLP,f556307e0680cb81a2f4789e663cb6be742c39e36a755d1c0839790b3b551ac7,9eb1905b0d2d4dff99236976201e564cbe25ee258ba901ad38107c5c6b5846f0,True,440,1
GG0074,0,1,CVB0070,2.962570405849694e-09,0.005025302937659167,8,0,predict_proba,0.42500000000000004,constraints_met,1,1,MLP,f556307e0680cb81a2f4789e663cb6be742c39e36a755d1c0839790b3b551ac7,9eb1905b0d2d4dff99236976201e564cbe25ee258ba901ad38107c5c6b5846f0,True,440,1
GG0081,0,1,CVB0077,0.005625392267153904,0.005322130192033289,5,0,predict_proba,0.42500000000000004,constraints_met,1,1,MLP,f556307e0680cb81a2f4789e663cb6be742c39e36a755d1c0839790b3b551ac7,9eb1905b0d2d4dff99236976201e564cbe25ee258ba901ad38107c5c6b5846f0,True,440,1
GG0084,0,1,CVB0080,4.940354952390726e-08,2.1630336739290132e-07,4,0,predict_proba,0.42500000000000004,constraints_met,1,1,MLP,f556307e0680cb81a2f4789e663cb6be742c39e36a755d1c0839790b3b551ac7,9eb1905b0d2d4dff99236976201e564cbe25ee258ba901ad38107c5c6b5846f0,True,440,1
GG0089,0,1,CVB0085,2.9721873107357073e-09,5.398946594027268e-08,7,0,predict_proba,0.42500000000000004,constraints_met,1,1,MLP,f556307e0680cb81a2f4789e663cb6be742c39e36a755d1c0839790b3b551ac7,9eb1905b0d2d4dff99236976201e564cbe25ee258ba901ad38107c5c6b5846f0,True,440,1
GG0096,0,1,CVB0092,0.9999816417838551,0.9994613173391351,9,1,predict_proba,0.42500000000000004,constraints_met,1,1,MLP,f556307e0680cb81a2f4789e663cb6be742c39e36a755d1c0839790b3b551ac7,9eb1905b0d2d4dff99236976201e564cbe25ee258ba901ad38107c5c6b5846f0,True,440,1
GG0101,0,1,CVB0097,5.0745391425999845e-11,8.422959028092962e-11,5,0,predict_proba,0.42500000000000004,constraints_met,1,1,MLP,f556307e0680cb81a2f4789e663cb6be742c39e36a755d1c0839790b3b551ac7,9eb1905b0d2d4dff99236976201e564cbe25ee258ba901ad38107c5c6b5846f0,True,440,1
GG0106,0,1,CVB0102,2.150707402642889e-09,0.02242671628470851,24,0,predict_proba,0.42500000000000004,constraints_met,1,1,MLP,f556307e0680cb81a2f4789e663cb6be742c39e36a755d1c0839790b3b551ac7,9eb1905b0d2d4dff99236976201e564cbe25ee258ba901ad38107c5c6b5846f0,True,440,1
GG0110,0,1,CVB0106,4.281166649573879e-10,1.7686690839268748e-06,13,0,predict_proba,0.42500000000000004,constraints_met,1,1,MLP,f556307e0680cb81a2f4789e663cb6be742c39e36a755d1c0839790b3b551ac7,9eb1905b0d2d4dff99236976201e564cbe25ee258ba901ad38107c5c6b5846f0,True,440,1
GG0115,0,1,CVB0111,0.0002434564613171519,0.06413225877344178,23,0,predict_proba,0.42500000000000004,constraints_met,1,1,MLP,f556307e0680cb81a2f4789e663cb6be742c39e36a755d1c0839790b3b551ac7,9eb1905b0d2d4dff99236976201e564cbe25ee258ba901ad38107c5c6b5846f0,True,440,1
GG0120,0,1,CVB0116,0.000523521561888615,0.019003598353337,16,0,predict_proba,0.42500000000000004,constraints_met,1,1,MLP,f556307e0680cb81a2f4789e663cb6be742c39e36a755d1c0839790b3b551ac7,9eb1905b0d2d4dff99236976201e564cbe25ee258ba901ad38107c5c6b5846f0,True,440,1
GG0124,0,1,CVB0120,0.00010362712135668631,0.11032625133307655,9,0,predict_proba,0.42500000000000004,constraints_met,1,1,MLP,f556307e0680cb81a2f4789e663cb6be742c39e36a755d1c0839790b3b551ac7,9eb1905b0d2d4dff99236976201e564cbe25ee258ba901ad38107c5c6b5846f0,True,440,1
GG0128,0,1,CVB0124,0.00015813768285719338,0.0002845345084182993,5,0,predict_proba,0.42500000000000004,constraints_met,1,1,MLP,f556307e0680cb81a2f4789e663cb6be742c39e36a755d1c0839790b3b551ac7,9eb1905b0d2d4dff99236976201e564cbe25ee258ba901ad38107c5c6b5846f0,True,440,1
GG0012,1,1,CVB0012,0.008470116648823023,0.03619814742290016,28,0,predict_proba,0.27,constraints_met,1,1,XGBoost,8585aaa05cfdc45db07a6521f3455fad438715e7016e8c3af2d92b7b3190896e,9eb1905b0d2d4dff99236976201e564cbe25ee258ba901ad38107c5c6b5846f0,True,0,1
GG0019,0,1,CVB0017,0.00032719914452172816,0.0005534325864573475,5,0,predict_proba,0.27,constraints_met,1,1,XGBoost,8585aaa05cfdc45db07a6521f3455fad438715e7016e8c3af2d92b7b3190896e,9eb1905b0d2d4dff99236976201e564cbe25ee258ba901ad38107c5c6b5846f0,True,0,1
GG0023,0,1,CVB0020,0.023387467488646507,0.14231907233663246,38,0,predict_proba,0.27,constraints_met,1,1,XGBoost,8585aaa05cfdc45db07a6521f3455fad438715e7016e8c3af2d92b7b3190896e,9eb1905b0d2d4dff99236976201e564cbe25ee258ba901ad38107c5c6b5846f0,True,0,1
GG0029,0,1,CVB0026,0.0003631515137385577,0.035213541424517256,7,0,predict_proba,0.27,constraints_met,1,1,XGBoost,8585aaa05cfdc45db07a6521f3455fad438715e7016e8c3af2d92b7b3190896e,9eb1905b0d2d4dff99236976201e564cbe25ee258ba901ad38107c5c6b5846f0,True,0,1
GG0030,0,1,CVB0027,0.0024148032534867525,0.010481044434752059,59,0,predict_proba,0.27,constraints_met,1,1,XGBoost,8585aaa05cfdc45db07a6521f3455fad438715e7016e8c3af2d92b7b3190896e,9eb1905b0d2d4dff99236976201e564cbe25ee258ba901ad38107c5c6b5846f0,True,0,1
GG0037,0,1,CVB0034,0.003381314338184893,0.15864829864585772,6,0,predict_proba,0.27,constraints_met,1,1,XGBoost,8585aaa05cfdc45db07a6521f3455fad438715e7016e8c3af2d92b7b3190896e,9eb1905b0d2d4dff99236976201e564cbe25ee258ba901ad38107c5c6b5846f0,True,0,1
GG0041,1,1,CVB0038,0.7802271842956543,0.6459505788627125,21,1,predict_proba,0.27,constraints_met,1,1,XGBoost,8585aaa05cfdc45db07a6521f3455fad438715e7016e8c3af2d92b7b3190896e,9eb1905b0d2d4dff99236976201e564cbe25ee258ba901ad38107c5c6b5846f0,True,0,1
GG0048,1,1,CVB0044,0.004205619799904525,0.02010334470833186,4,0,predict_proba,0.27,constraints_met,1,1,XGBoost,8585aaa05cfdc45db07a6521f3455fad438715e7016e8c3af2d92b7b3190896e,9eb1905b0d2d4dff99236976201e564cbe25ee258ba901ad38107c5c6b5846f0,True,0,1
GG0054,1,1,CVB0050,0.760711133480072,0.6292692688737243,21,1,predict_proba,0.27,constraints_met,1,1,XGBoost,8585aaa05cfdc45db07a6521f3455fad438715e7016e8c3af2d92b7b3190896e,9eb1905b0d2d4dff99236976201e564cbe25ee258ba901ad38107c5c6b5846f0,True,0,1
GG0059,1,1,CVB0055,0.7896480560302734,0.6099028920133909,15,1,predict_proba,0.27,constraints_met,1,1,XGBoost,8585aaa05cfdc45db07a6521f3455fad438715e7016e8c3af2d92b7b3190896e,9eb1905b0d2d4dff99236976201e564cbe25ee258ba901ad38107c5c6b5846f0,True,0,1
GG0064,1,1,CVB0060,0.9638298153877258,0.9618094086647033,5,1,predict_proba,0.27,constraints_met,1,1,XGBoost,8585aaa05cfdc45db07a6521f3455fad438715e7016e8c3af2d92b7b3190896e,9eb1905b0d2d4dff99236976201e564cbe25ee258ba901ad38107c5c6b5846f0,True,0,1
GG0071,0,1,CVB0067,0.2116682007908821,0.379254069900136,14,0,predict_proba,0.27,constraints_met,1,1,XGBoost,8585aaa05cfdc45db07a6521f3455fad438715e7016e8c3af2d92b7b3190896e,9eb1905b0d2d4dff99236976201e564cbe25ee258ba901ad38107c5c6b5846f0,True,0,1
GG0074,0,1,CVB0070,0.0016904735239222646,0.0021484097833308624,8,0,predict_proba,0.27,constraints_met,1,1,XGBoost,8585aaa05cfdc45db07a6521f3455fad438715e7016e8c3af2d92b7b3190896e,9eb1905b0d2d4dff99236976201e564cbe25ee258ba901ad38107c5c6b5846f0,True,0,1
GG0081,0,1,CVB0077,0.02994791604578495,0.036235596239566806,5,0,predict_proba,0.27,constraints_met,1,1,XGBoost,8585aaa05cfdc45db07a6521f3455fad438715e7016e8c3af2d92b7b3190896e,9eb1905b0d2d4dff99236976201e564cbe25ee258ba901ad38107c5c6b5846f0,True,0,1
GG0084,0,1,CVB0080,0.0011793573794420809,0.003384448471479118,4,0,predict_proba,0.27,constraints_met,1,1,XGBoost,8585aaa05cfdc45db07a6521f3455fad438715e7016e8c3af2d92b7b3190896e,9eb1905b0d2d4dff99236976201e564cbe25ee258ba901ad38107c5c6b5846f0,True,0,1
GG0089,0,1,CVB0085,0.0007597053190693259,0.0019414073571429721,7,0,predict_proba,0.27,constraints_met,1,1,XGBoost,8585aaa05cfdc45db07a6521f3455fad438715e7016e8c3af2d92b7b3190896e,9eb1905b0d2d4dff99236976201e564cbe25ee258ba901ad38107c5c6b5846f0,True,0,1
GG0096,0,1,CVB0092,0.9910678267478943,0.9711932076348199,9,1,predict_proba,0.27,constraints_met,1,1,XGBoost,8585aaa05cfdc45db07a6521f3455fad438715e7016e8c3af2d92b7b3190896e,9eb1905b0d2d4dff99236976201e564cbe25ee258ba901ad38107c5c6b5846f0,True,0,1
GG0101,0,1,CVB0097,6.344064604490995e-05,5.890993415960111e-05,5,0,predict_proba,0.27,constraints_met,1,1,XGBoost,8585aaa05cfdc45db07a6521f3455fad438715e7016e8c3af2d92b7b3190896e,9eb1905b0d2d4dff99236976201e564cbe25ee258ba901ad38107c5c6b5846f0,True,0,1
GG0106,0,1,CVB0102,0.0011194549733772874,0.037092026427823534,24,0,predict_proba,0.27,constraints_met,1,1,XGBoost,8585aaa05cfdc45db07a6521f3455fad438715e7016e8c3af2d92b7b3190896e,9eb1905b0d2d4dff99236976201e564cbe25ee258ba901ad38107c5c6b5846f0,True,0,1
GG0110,0,1,CVB0106,3.524075509631075e-05,6.50425306678069e-05,13,0,predict_proba,0.27,constraints_met,1,1,XGBoost,8585aaa05cfdc45db07a6521f3455fad438715e7016e8c3af2d92b7b3190896e,9eb1905b0d2d4dff99236976201e564cbe25ee258ba901ad38107c5c6b5846f0,True,0,1
GG0115,0,1,CVB0111,0.008703391999006271,0.03336343309416881,23,0,predict_proba,0.27,constraints_met,1,1,XGBoost,8585aaa05cfdc45db07a6521f3455fad438715e7016e8c3af2d92b7b3190896e,9eb1905b0d2d4dff99236976201e564cbe25ee258ba901ad38107c5c6b5846f0,True,0,1
GG0120,0,1,CVB0116,0.011027861386537552,0.04915192195039708,16,0,predict_proba,0.27,constraints_met,1,1,XGBoost,8585aaa05cfdc45db07a6521f3455fad438715e7016e8c3af2d92b7b3190896e,9eb1905b0d2d4dff99236976201e564cbe25ee258ba901ad38107c5c6b5846f0,True,0,1
GG0124,0,1,CVB0120,0.03700162470340729,0.16707147606131104,9,0,predict_proba,0.27,constraints_met,1,1,XGBoost,8585aaa05cfdc45db07a6521f3455fad438715e7016e8c3af2d92b7b3190896e,9eb1905b0d2d4dff99236976201e564cbe25ee258ba901ad38107c5c6b5846f0,True,0,1
GG0128,0,1,CVB0124,0.15869870781898499,0.10493982915213565,5,0,predict_proba,0.27,constraints_met,1,1,XGBoost,8585aaa05cfdc45db07a6521f3455fad438715e7016e8c3af2d92b7b3190896e,9eb1905b0d2d4dff99236976201e564cbe25ee258ba901ad38107c5c6b5846f0,True,0,1
GG0001,1,1,CVB0001,0.5287906755413668,0.5249799357036753,7,1,predict_proba,0.475,constraints_met,1,2,RF,524b665e7886c59d45a540381626605749f185b46449066b98b383ad21d1d842,9eb1905b0d2d4dff99236976201e564cbe25ee258ba901ad38107c5c6b5846f0,True,0,1
GG0005,0,1,CVB0005,0.505079155458968,0.4214561932242022,55,1,predict_proba,0.475,constraints_met,1,2,RF,524b665e7886c59d45a540381626605749f185b46449066b98b383ad21d1d842,9eb1905b0d2d4dff99236976201e564cbe25ee258ba901ad38107c5c6b5846f0,True,0,1
GG0009,0,1,CVB0009,0.008257526824541277,0.018936636678197866,55,0,predict_proba,0.475,constraints_met,1,2,RF,524b665e7886c59d45a540381626605749f185b46449066b98b383ad21d1d842,9eb1905b0d2d4dff99236976201e564cbe25ee258ba901ad38107c5c6b5846f0,True,0,1
GG0016,1,1,CVB0015,0.5895179822839138,0.55264234040722,7,1,predict_proba,0.475,constraints_met,1,2,RF,524b665e7886c59d45a540381626605749f185b46449066b98b383ad21d1d842,9eb1905b0d2d4dff99236976201e564cbe25ee258ba901ad38107c5c6b5846f0,True,0,1
GG0025,1,1,CVB0022,0.6807928373696959,0.6465653941361461,12,1,predict_proba,0.475,constraints_met,1,2,RF,524b665e7886c59d45a540381626605749f185b46449066b98b383ad21d1d842,9eb1905b0d2d4dff99236976201e564cbe25ee258ba901ad38107c5c6b5846f0,True,0,1
GG0031,0,1,CVB0028,0.13383154823151036,0.11928933154798174,4,0,predict_proba,0.475,constraints_met,1,2,RF,524b665e7886c59d45a540381626605749f185b46449066b98b383ad21d1d842,9eb1905b0d2d4dff99236976201e564cbe25ee258ba901ad38107c5c6b5846f0,True,0,1
GG0036,0,1,CVB0033,0.12479395085685488,0.1661703559569895,84,0,predict_proba,0.475,constraints_met,1,2,RF,524b665e7886c59d45a540381626605749f185b46449066b98b383ad21d1d842,9eb1905b0d2d4dff99236976201e564cbe25ee258ba901ad38107c5c6b5846f0,True,0,1
GG0045,1,1,CVB0041,0.4503772722025137,0.4012097575075138,11,0,predict_proba,0.475,constraints_met,1,2,RF,524b665e7886c59d45a540381626605749f185b46449066b98b383ad21d1d842,9eb1905b0d2d4dff99236976201e564cbe25ee258ba901ad38107c5c6b5846f0,True,0,1
GG0049,1,1,CVB0045,0.7476007555032125,0.7512646585708899,12,1,predict_proba,0.475,constraints_met,1,2,RF,524b665e7886c59d45a540381626605749f185b46449066b98b383ad21d1d842,9eb1905b0d2d4dff99236976201e564cbe25ee258ba901ad38107c5c6b5846f0,True,0,1
GG0052,1,1,CVB0048,0.6126364266170393,0.680994467163183,3,1,predict_proba,0.475,constraints_met,1,2,RF,524b665e7886c59d45a540381626605749f185b46449066b98b383ad21d1d842,9eb1905b0d2d4dff99236976201e564cbe25ee258ba901ad38107c5c6b5846f0,True,0,1
GG0057,1,1,CVB0053,0.6083863410275405,0.5768308223006382,10,1,predict_proba,0.475,constraints_met,1,2,RF,524b665e7886c59d45a540381626605749f185b46449066b98b383ad21d1d842,9eb1905b0d2d4dff99236976201e564cbe25ee258ba901ad38107c5c6b5846f0,True,0,1
GG0065,0,1,CVB0061,0.03567403918928589,0.04245924919084793,11,0,predict_proba,0.475,constraints_met,1,2,RF,524b665e7886c59d45a540381626605749f185b46449066b98b383ad21d1d842,9eb1905b0d2d4dff99236976201e564cbe25ee258ba901ad38107c5c6b5846f0,True,0,1
GG0072,0,1,CVB0068,0.32549488304178414,0.3188234485273992,8,0,predict_proba,0.475,constraints_met,1,2,RF,524b665e7886c59d45a540381626605749f185b46449066b98b383ad21d1d842,9eb1905b0d2d4dff99236976201e564cbe25ee258ba901ad38107c5c6b5846f0,True,0,1
GG0076,0,1,CVB0072,0.7635869214674402,0.73231352933675,6,1,predict_proba,0.475,constraints_met,1,2,RF,524b665e7886c59d45a540381626605749f185b46449066b98b383ad21d1d842,9eb1905b0d2d4dff99236976201e564cbe25ee258ba901ad38107c5c6b5846f0,True,0,1
GG0083,0,1,CVB0079,0.14123143876296912,0.289310783747821,12,0,predict_proba,0.475,constraints_met,1,2,RF,524b665e7886c59d45a540381626605749f185b46449066b98b383ad21d1d842,9eb1905b0d2d4dff99236976201e564cbe25ee258ba901ad38107c5c6b5846f0,True,0,1
GG0087,0,1,CVB0083,0.40924386675226215,0.4021983985154134,19,0,predict_proba,0.475,constraints_met,1,2,RF,524b665e7886c59d45a540381626605749f185b46449066b98b383ad21d1d842,9eb1905b0d2d4dff99236976201e564cbe25ee258ba901ad38107c5c6b5846f0,True,0,1
GG0090,0,1,CVB0086,0.3705289148982531,0.34633134548407307,16,0,predict_proba,0.475,constraints_met,1,2,RF,524b665e7886c59d45a540381626605749f185b46449066b98b383ad21d1d842,9eb1905b0d2d4dff99236976201e564cbe25ee258ba901ad38107c5c6b5846f0,True,0,1
GG0097,0,1,CVB0093,0.6451418487842742,0.5506714078206886,8,1,predict_proba,0.475,constraints_met,1,2,RF,524b665e7886c59d45a540381626605749f185b46449066b98b383ad21d1d842,9eb1905b0d2d4dff99236976201e564cbe25ee258ba901ad38107c5c6b5846f0,True,0,1
GG0103,0,1,CVB0099,0.09430510733415057,0.07373250272435693,6,0,predict_proba,0.475,constraints_met,1,2,RF,524b665e7886c59d45a540381626605749f185b46449066b98b383ad21d1d842,9eb1905b0d2d4dff99236976201e564cbe25ee258ba901ad38107c5c6b5846f0,True,0,1
GG0104,0,1,CVB0100,0.22793694650862914,0.22867667925086002,6,0,predict_proba,0.475,constraints_met,1,2,RF,524b665e7886c59d45a540381626605749f185b46449066b98b383ad21d1d842,9eb1905b0d2d4dff99236976201e564cbe25ee258ba901ad38107c5c6b5846f0,True,0,1
GG0111,0,1,CVB0107,0.006857579107612862,0.008589031534023043,25,0,predict_proba,0.475,constraints_met,1,2,RF,524b665e7886c59d45a540381626605749f185b46449066b98b383ad21d1d842,9eb1905b0d2d4dff99236976201e564cbe25ee258ba901ad38107c5c6b5846f0,True,0,1
GG0116,0,1,CVB0112,0.0014650384196731071,0.001634579880790621,10,0,predict_proba,0.475,constraints_met,1,2,RF,524b665e7886c59d45a540381626605749f185b46449066b98b383ad21d1d842,9eb1905b0d2d4dff99236976201e564cbe25ee258ba901ad38107c5c6b5846f0,True,0,1
GG0121,0,1,CVB0117,0.11043593855396826,0.10025856760444574,6,0,predict_proba,0.475,constraints_met,1,2,RF,524b665e7886c59d45a540381626605749f185b46449066b98b383ad21d1d842,9eb1905b0d2d4dff99236976201e564cbe25ee258ba901ad38107c5c6b5846f0,True,0,1
GG0125,0,1,CVB0121,0.003751062252697883,0.007899761439211726,8,0,predict_proba,0.475,constraints_met,1,2,RF,524b665e7886c59d45a540381626605749f185b46449066b98b383ad21d1d842,9eb1905b0d2d4dff99236976201e564cbe25ee258ba901ad38107c5c6b5846f0,True,0,1
GG0001,1,1,CVB0001,0.6543018732407728,0.6199901038006663,7,1,monotonic_transformed_decision_score_not_calibrated,0.5,constraints_met,1,2,SVM,30984325f21d7e51e97a2be857f1f9b554e5ac13110396eb44facbb335316e27,9eb1905b0d2d4dff99236976201e564cbe25ee258ba901ad38107c5c6b5846f0,True,0,1
GG0005,0,1,CVB0005,0.3468896394009512,0.38654185157833165,55,0,monotonic_transformed_decision_score_not_calibrated,0.5,constraints_met,1,2,SVM,30984325f21d7e51e97a2be857f1f9b554e5ac13110396eb44facbb335316e27,9eb1905b0d2d4dff99236976201e564cbe25ee258ba901ad38107c5c6b5846f0,True,0,1
GG0009,0,1,CVB0009,0.24556125908853982,0.2539665873695075,55,0,monotonic_transformed_decision_score_not_calibrated,0.5,constraints_met,1,2,SVM,30984325f21d7e51e97a2be857f1f9b554e5ac13110396eb44facbb335316e27,9eb1905b0d2d4dff99236976201e564cbe25ee258ba901ad38107c5c6b5846f0,True,0,1
GG0016,1,1,CVB0015,0.6329597249718489,0.6156172538106829,7,1,monotonic_transformed_decision_score_not_calibrated,0.5,constraints_met,1,2,SVM,30984325f21d7e51e97a2be857f1f9b554e5ac13110396eb44facbb335316e27,9eb1905b0d2d4dff99236976201e564cbe25ee258ba901ad38107c5c6b5846f0,True,0,1
GG0025,1,1,CVB0022,0.7158325774065626,0.6450285431459895,12,1,monotonic_transformed_decision_score_not_calibrated,0.5,constraints_met,1,2,SVM,30984325f21d7e51e97a2be857f1f9b554e5ac13110396eb44facbb335316e27,9eb1905b0d2d4dff99236976201e564cbe25ee258ba901ad38107c5c6b5846f0,True,0,1
GG0031,0,1,CVB0028,0.20126170832705553,0.1884324475528443,4,0,monotonic_transformed_decision_score_not_calibrated,0.5,constraints_met,1,2,SVM,30984325f21d7e51e97a2be857f1f9b554e5ac13110396eb44facbb335316e27,9eb1905b0d2d4dff99236976201e564cbe25ee258ba901ad38107c5c6b5846f0,True,0,1
GG0036,0,1,CVB0033,0.2286326370790568,0.2834034474371168,84,0,monotonic_transformed_decision_score_not_calibrated,0.5,constraints_met,1,2,SVM,30984325f21d7e51e97a2be857f1f9b554e5ac13110396eb44facbb335316e27,9eb1905b0d2d4dff99236976201e564cbe25ee258ba901ad38107c5c6b5846f0,True,0,1
GG0045,1,1,CVB0041,0.5725359179355451,0.5514282077306601,11,1,monotonic_transformed_decision_score_not_calibrated,0.5,constraints_met,1,2,SVM,30984325f21d7e51e97a2be857f1f9b554e5ac13110396eb44facbb335316e27,9eb1905b0d2d4dff99236976201e564cbe25ee258ba901ad38107c5c6b5846f0,True,0,1
GG0049,1,1,CVB0045,0.7047913197366895,0.6616235134713434,12,1,monotonic_transformed_decision_score_not_calibrated,0.5,constraints_met,1,2,SVM,30984325f21d7e51e97a2be857f1f9b554e5ac13110396eb44facbb335316e27,9eb1905b0d2d4dff99236976201e564cbe25ee258ba901ad38107c5c6b5846f0,True,0,1
GG0052,1,1,CVB0048,0.6153331655989819,0.6160127632593588,3,1,monotonic_transformed_decision_score_not_calibrated,0.5,constraints_met,1,2,SVM,30984325f21d7e51e97a2be857f1f9b554e5ac13110396eb44facbb335316e27,9eb1905b0d2d4dff99236976201e564cbe25ee258ba901ad38107c5c6b5846f0,True,0,1
GG0057,1,1,CVB0053,0.5111708920187312,0.5160762096271897,10,1,monotonic_transformed_decision_score_not_calibrated,0.5,constraints_met,1,2,SVM,30984325f21d7e51e97a2be857f1f9b554e5ac13110396eb44facbb335316e27,9eb1905b0d2d4dff99236976201e564cbe25ee258ba901ad38107c5c6b5846f0,True,0,1
GG0065,0,1,CVB0061,0.13003024544503658,0.14542655848258393,11,0,monotonic_transformed_decision_score_not_calibrated,0.5,constraints_met,1,2,SVM,30984325f21d7e51e97a2be857f1f9b554e5ac13110396eb44facbb335316e27,9eb1905b0d2d4dff99236976201e564cbe25ee258ba901ad38107c5c6b5846f0,True,0,1
GG0072,0,1,CVB0068,0.34380317159575624,0.45699774661731046,8,0,monotonic_transformed_decision_score_not_calibrated,0.5,constraints_met,1,2,SVM,30984325f21d7e51e97a2be857f1f9b554e5ac13110396eb44facbb335316e27,9eb1905b0d2d4dff99236976201e564cbe25ee258ba901ad38107c5c6b5846f0,True,0,1
GG0076,0,1,CVB0072,0.6925552249111414,0.7035317102729817,6,1,monotonic_transformed_decision_score_not_calibrated,0.5,constraints_met,1,2,SVM,30984325f21d7e51e97a2be857f1f9b554e5ac13110396eb44facbb335316e27,9eb1905b0d2d4dff99236976201e564cbe25ee258ba901ad38107c5c6b5846f0,True,0,1
GG0083,0,1,CVB0079,0.3672013759816852,0.4022119234063913,12,0,monotonic_transformed_decision_score_not_calibrated,0.5,constraints_met,1,2,SVM,30984325f21d7e51e97a2be857f1f9b554e5ac13110396eb44facbb335316e27,9eb1905b0d2d4dff99236976201e564cbe25ee258ba901ad38107c5c6b5846f0,True,0,1
GG0087,0,1,CVB0083,0.39277914517901846,0.4001589372441857,19,0,monotonic_transformed_decision_score_not_calibrated,0.5,constraints_met,1,2,SVM,30984325f21d7e51e97a2be857f1f9b554e5ac13110396eb44facbb335316e27,9eb1905b0d2d4dff99236976201e564cbe25ee258ba901ad38107c5c6b5846f0,True,0,1
GG0090,0,1,CVB0086,0.35747284082924147,0.36256536392810246,16,0,monotonic_transformed_decision_score_not_calibrated,0.5,constraints_met,1,2,SVM,30984325f21d7e51e97a2be857f1f9b554e5ac13110396eb44facbb335316e27,9eb1905b0d2d4dff99236976201e564cbe25ee258ba901ad38107c5c6b5846f0,True,0,1
GG0097,0,1,CVB0093,0.4480324195369924,0.5149266623222646,8,0,monotonic_transformed_decision_score_not_calibrated,0.5,constraints_met,1,2,SVM,30984325f21d7e51e97a2be857f1f9b554e5ac13110396eb44facbb335316e27,9eb1905b0d2d4dff99236976201e564cbe25ee258ba901ad38107c5c6b5846f0,True,0,1
GG0103,0,1,CVB0099,0.18930851747642347,0.19275959341549842,6,0,monotonic_transformed_decision_score_not_calibrated,0.5,constraints_met,1,2,SVM,30984325f21d7e51e97a2be857f1f9b554e5ac13110396eb44facbb335316e27,9eb1905b0d2d4dff99236976201e564cbe25ee258ba901ad38107c5c6b5846f0,True,0,1
GG0104,0,1,CVB0100,0.36529352199412285,0.38571289695817,6,0,monotonic_transformed_decision_score_not_calibrated,0.5,constraints_met,1,2,SVM,30984325f21d7e51e97a2be857f1f9b554e5ac13110396eb44facbb335316e27,9eb1905b0d2d4dff99236976201e564cbe25ee258ba901ad38107c5c6b5846f0,True,0,1
GG0111,0,1,CVB0107,0.2415521457959429,0.23612903264908425,25,0,monotonic_transformed_decision_score_not_calibrated,0.5,constraints_met,1,2,SVM,30984325f21d7e51e97a2be857f1f9b554e5ac13110396eb44facbb335316e27,9eb1905b0d2d4dff99236976201e564cbe25ee258ba901ad38107c5c6b5846f0,True,0,1
GG0116,0,1,CVB0112,0.15211571326905088,0.15099885432166524,10,0,monotonic_transformed_decision_score_not_calibrated,0.5,constraints_met,1,2,SVM,30984325f21d7e51e97a2be857f1f9b554e5ac13110396eb44facbb335316e27,9eb1905b0d2d4dff99236976201e564cbe25ee258ba901ad38107c5c6b5846f0,True,0,1
GG0121,0,1,CVB0117,0.19979870279736933,0.20055166099527835,6,0,monotonic_transformed_decision_score_not_calibrated,0.5,constraints_met,1,2,SVM,30984325f21d7e51e97a2be857f1f9b554e5ac13110396eb44facbb335316e27,9eb1905b0d2d4dff99236976201e564cbe25ee258ba901ad38107c5c6b5846f0,True,0,1
GG0125,0,1,CVB0121,0.08575231796137371,0.10306946287701109,8,0,monotonic_transformed_decision_score_not_calibrated,0.5,constraints_met,1,2,SVM,30984325f21d7e51e97a2be857f1f9b554e5ac13110396eb44facbb335316e27,9eb1905b0d2d4dff99236976201e564cbe25ee258ba901ad38107c5c6b5846f0,True,0,1
GG0001,1,1,CVB0001,0.5662072939400588,0.5947999830631606,7,1,predict_proba,0.11,constraints_met,1,2,MLP,2213497e33c6e472650e05b4b926ed941436053a2d75884eb2be8511d3a63ba9,9eb1905b0d2d4dff99236976201e564cbe25ee258ba901ad38107c5c6b5846f0,True,73,1
GG0005,0,1,CVB0005,0.0035494066159726004,0.3400704331917522,55,0,predict_proba,0.11,constraints_met,1,2,MLP,2213497e33c6e472650e05b4b926ed941436053a2d75884eb2be8511d3a63ba9,9eb1905b0d2d4dff99236976201e564cbe25ee258ba901ad38107c5c6b5846f0,True,73,1
GG0009,0,1,CVB0009,1.6196398237578495e-17,0.018181741877890144,55,0,predict_proba,0.11,constraints_met,1,2,MLP,2213497e33c6e472650e05b4b926ed941436053a2d75884eb2be8511d3a63ba9,9eb1905b0d2d4dff99236976201e564cbe25ee258ba901ad38107c5c6b5846f0,True,73,1
GG0016,1,1,CVB0015,0.44356072219203324,0.4481361129977377,7,1,predict_proba,0.11,constraints_met,1,2,MLP,2213497e33c6e472650e05b4b926ed941436053a2d75884eb2be8511d3a63ba9,9eb1905b0d2d4dff99236976201e564cbe25ee258ba901ad38107c5c6b5846f0,True,73,1
GG0025,1,1,CVB0022,0.8612890574228342,0.5683686904731847,12,1,predict_proba,0.11,constraints_met,1,2,MLP,2213497e33c6e472650e05b4b926ed941436053a2d75884eb2be8511d3a63ba9,9eb1905b0d2d4dff99236976201e564cbe25ee258ba901ad38107c5c6b5846f0,True,73,1
GG0031,0,1,CVB0028,1.8742324041271712e-06,0.0014750563454924669,4,0,predict_proba,0.11,constraints_met,1,2,MLP,2213497e33c6e472650e05b4b926ed941436053a2d75884eb2be8511d3a63ba9,9eb1905b0d2d4dff99236976201e564cbe25ee258ba901ad38107c5c6b5846f0,True,73,1
GG0036,0,1,CVB0033,2.2084637210667437e-07,0.1539677768777023,84,0,predict_proba,0.11,constraints_met,1,2,MLP,2213497e33c6e472650e05b4b926ed941436053a2d75884eb2be8511d3a63ba9,9eb1905b0d2d4dff99236976201e564cbe25ee258ba901ad38107c5c6b5846f0,True,73,1
GG0045,1,1,CVB0041,0.0008849272626341872,0.29444726924777265,11,0,predict_proba,0.11,constraints_met,1,2,MLP,2213497e33c6e472650e05b4b926ed941436053a2d75884eb2be8511d3a63ba9,9eb1905b0d2d4dff99236976201e564cbe25ee258ba901ad38107c5c6b5846f0,True,73,1
GG0049,1,1,CVB0045,0.9919354903614894,0.7958274441027892,12,1,predict_proba,0.11,constraints_met,1,2,MLP,2213497e33c6e472650e05b4b926ed941436053a2d75884eb2be8511d3a63ba9,9eb1905b0d2d4dff99236976201e564cbe25ee258ba901ad38107c5c6b5846f0,True,73,1
GG0052,1,1,CVB0048,0.2632980875060722,0.4240057981146294,3,1,predict_proba,0.11,constraints_met,1,2,MLP,2213497e33c6e472650e05b4b926ed941436053a2d75884eb2be8511d3a63ba9,9eb1905b0d2d4dff99236976201e564cbe25ee258ba901ad38107c5c6b5846f0,True,73,1
GG0057,1,1,CVB0053,0.019319447186950587,0.3261534546600596,10,0,predict_proba,0.11,constraints_met,1,2,MLP,2213497e33c6e472650e05b4b926ed941436053a2d75884eb2be8511d3a63ba9,9eb1905b0d2d4dff99236976201e564cbe25ee258ba901ad38107c5c6b5846f0,True,73,1
GG0065,0,1,CVB0061,4.9105633830363493e-17,8.035062014937108e-12,11,0,predict_proba,0.11,constraints_met,1,2,MLP,2213497e33c6e472650e05b4b926ed941436053a2d75884eb2be8511d3a63ba9,9eb1905b0d2d4dff99236976201e564cbe25ee258ba901ad38107c5c6b5846f0,True,73,1
GG0072,0,1,CVB0068,0.010126093730101478,0.26980617812648405,8,0,predict_proba,0.11,constraints_met,1,2,MLP,2213497e33c6e472650e05b4b926ed941436053a2d75884eb2be8511d3a63ba9,9eb1905b0d2d4dff99236976201e564cbe25ee258ba901ad38107c5c6b5846f0,True,73,1
GG0076,0,1,CVB0072,0.9848337988528144,0.9742666933517178,6,1,predict_proba,0.11,constraints_met,1,2,MLP,2213497e33c6e472650e05b4b926ed941436053a2d75884eb2be8511d3a63ba9,9eb1905b0d2d4dff99236976201e564cbe25ee258ba901ad38107c5c6b5846f0,True,73,1
GG0083,0,1,CVB0079,7.144150803184003e-12,0.23939632030066535,12,0,predict_proba,0.11,constraints_met,1,2,MLP,2213497e33c6e472650e05b4b926ed941436053a2d75884eb2be8511d3a63ba9,9eb1905b0d2d4dff99236976201e564cbe25ee258ba901ad38107c5c6b5846f0,True,73,1
GG0087,0,1,CVB0083,0.026686691856459225,0.33186036786644574,19,0,predict_proba,0.11,constraints_met,1,2,MLP,2213497e33c6e472650e05b4b926ed941436053a2d75884eb2be8511d3a63ba9,9eb1905b0d2d4dff99236976201e564cbe25ee258ba901ad38107c5c6b5846f0,True,73,1
GG0090,0,1,CVB0086,0.0671819670031443,0.3443965083062237,16,0,predict_proba,0.11,constraints_met,1,2,MLP,2213497e33c6e472650e05b4b926ed941436053a2d75884eb2be8511d3a63ba9,9eb1905b0d2d4dff99236976201e564cbe25ee258ba901ad38107c5c6b5846f0,True,73,1
GG0097,0,1,CVB0093,0.16378087106102757,0.3875099531146453,8,1,predict_proba,0.11,constraints_met,1,2,MLP,2213497e33c6e472650e05b4b926ed941436053a2d75884eb2be8511d3a63ba9,9eb1905b0d2d4dff99236976201e564cbe25ee258ba901ad38107c5c6b5846f0,True,73,1
GG0103,0,1,CVB0099,3.2834663070117385e-10,7.022537045354728e-07,6,0,predict_proba,0.11,constraints_met,1,2,MLP,2213497e33c6e472650e05b4b926ed941436053a2d75884eb2be8511d3a63ba9,9eb1905b0d2d4dff99236976201e564cbe25ee258ba901ad38107c5c6b5846f0,True,73,1
GG0104,0,1,CVB0100,2.7722124901195453e-27,0.008697226546478932,6,0,predict_proba,0.11,constraints_met,1,2,MLP,2213497e33c6e472650e05b4b926ed941436053a2d75884eb2be8511d3a63ba9,9eb1905b0d2d4dff99236976201e564cbe25ee258ba901ad38107c5c6b5846f0,True,73,1
GG0111,0,1,CVB0107,2.4949931725159707e-24,3.0396336892168823e-16,25,0,predict_proba,0.11,constraints_met,1,2,MLP,2213497e33c6e472650e05b4b926ed941436053a2d75884eb2be8511d3a63ba9,9eb1905b0d2d4dff99236976201e564cbe25ee258ba901ad38107c5c6b5846f0,True,73,1
GG0116,0,1,CVB0112,6.2702047758981594e-21,2.0064472395533862e-16,10,0,predict_proba,0.11,constraints_met,1,2,MLP,2213497e33c6e472650e05b4b926ed941436053a2d75884eb2be8511d3a63ba9,9eb1905b0d2d4dff99236976201e564cbe25ee258ba901ad38107c5c6b5846f0,True,73,1
GG0121,0,1,CVB0117,4.0664620532361667e-10,6.2640585914808614e-09,6,0,predict_proba,0.11,constraints_met,1,2,MLP,2213497e33c6e472650e05b4b926ed941436053a2d75884eb2be8511d3a63ba9,9eb1905b0d2d4dff99236976201e564cbe25ee258ba901ad38107c5c6b5846f0,True,73,1
GG0125,0,1,CVB0121,9.536484548091584e-10,1.1230341684199348e-07,8,0,predict_proba,0.11,constraints_met,1,2,MLP,2213497e33c6e472650e05b4b926ed941436053a2d75884eb2be8511d3a63ba9,9eb1905b0d2d4dff99236976201e564cbe25ee258ba901ad38107c5c6b5846f0,True,73,1
GG0001,1,1,CVB0001,0.23824211955070496,0.40072943376643316,7,0,predict_proba,0.64,constraints_met,1,2,XGBoost,346ddaf5046939880747f8abfdd9d7bd219590954e73ecb9a4c5f431db560ccd,9eb1905b0d2d4dff99236976201e564cbe25ee258ba901ad38107c5c6b5846f0,True,0,1
GG0005,0,1,CVB0005,0.6202366352081299,0.5247851880267262,55,0,predict_proba,0.64,constraints_met,1,2,XGBoost,346ddaf5046939880747f8abfdd9d7bd219590954e73ecb9a4c5f431db560ccd,9eb1905b0d2d4dff99236976201e564cbe25ee258ba901ad38107c5c6b5846f0,True,0,1
GG0009,0,1,CVB0009,4.718264608527534e-05,0.0004268830921360363,55,0,predict_proba,0.64,constraints_met,1,2,XGBoost,346ddaf5046939880747f8abfdd9d7bd219590954e73ecb9a4c5f431db560ccd,9eb1905b0d2d4dff99236976201e564cbe25ee258ba901ad38107c5c6b5846f0,True,0,1
GG0016,1,1,CVB0015,0.4853673577308655,0.5357807661805835,7,0,predict_proba,0.64,constraints_met,1,2,XGBoost,346ddaf5046939880747f8abfdd9d7bd219590954e73ecb9a4c5f431db560ccd,9eb1905b0d2d4dff99236976201e564cbe25ee258ba901ad38107c5c6b5846f0,True,0,1
GG0025,1,1,CVB0022,0.809662401676178,0.676820038507382,12,1,predict_proba,0.64,constraints_met,1,2,XGBoost,346ddaf5046939880747f8abfdd9d7bd219590954e73ecb9a4c5f431db560ccd,9eb1905b0d2d4dff99236976201e564cbe25ee258ba901ad38107c5c6b5846f0,True,0,1
GG0031,0,1,CVB0028,0.022315822076052427,0.0210317240293989,4,0,predict_proba,0.64,constraints_met,1,2,XGBoost,346ddaf5046939880747f8abfdd9d7bd219590954e73ecb9a4c5f431db560ccd,9eb1905b0d2d4dff99236976201e564cbe25ee258ba901ad38107c5c6b5846f0,True,0,1
GG0036,0,1,CVB0033,0.008157654665410519,0.07500524935656878,84,0,predict_proba,0.64,constraints_met,1,2,XGBoost,346ddaf5046939880747f8abfdd9d7bd219590954e73ecb9a4c5f431db560ccd,9eb1905b0d2d4dff99236976201e564cbe25ee258ba901ad38107c5c6b5846f0,True,0,1
GG0045,1,1,CVB0041,0.6503052711486816,0.46118359767239203,11,1,predict_proba,0.64,constraints_met,1,2,XGBoost,346ddaf5046939880747f8abfdd9d7bd219590954e73ecb9a4c5f431db560ccd,9eb1905b0d2d4dff99236976201e564cbe25ee258ba901ad38107c5c6b5846f0,True,0,1
GG0049,1,1,CVB0045,0.8664421737194061,0.8016995502014955,12,1,predict_proba,0.64,constraints_met,1,2,XGBoost,346ddaf5046939880747f8abfdd9d7bd219590954e73ecb9a4c5f431db560ccd,9eb1905b0d2d4dff99236976201e564cbe25ee258ba901ad38107c5c6b5846f0,True,0,1
GG0052,1,1,CVB0048,0.9403665065765381,0.9538444677988688,3,1,predict_proba,0.64,constraints_met,1,2,XGBoost,346ddaf5046939880747f8abfdd9d7bd219590954e73ecb9a4c5f431db560ccd,9eb1905b0d2d4dff99236976201e564cbe25ee258ba901ad38107c5c6b5846f0,True,0,1
GG0057,1,1,CVB0053,0.5366061478853226,0.5382658012211323,10,0,predict_proba,0.64,constraints_met,1,2,XGBoost,346ddaf5046939880747f8abfdd9d7bd219590954e73ecb9a4c5f431db560ccd,9eb1905b0d2d4dff99236976201e564cbe25ee258ba901ad38107c5c6b5846f0,True,0,1
GG0065,0,1,CVB0061,0.00014094598009251058,0.0005012545739604816,11,0,predict_proba,0.64,constraints_met,1,2,XGBoost,346ddaf5046939880747f8abfdd9d7bd219590954e73ecb9a4c5f431db560ccd,9eb1905b0d2d4dff99236976201e564cbe25ee258ba901ad38107c5c6b5846f0,True,0,1
GG0072,0,1,CVB0068,0.13376041501760483,0.3454037709161639,8,0,predict_proba,0.64,constraints_met,1,2,XGBoost,346ddaf5046939880747f8abfdd9d7bd219590954e73ecb9a4c5f431db560ccd,9eb1905b0d2d4dff99236976201e564cbe25ee258ba901ad38107c5c6b5846f0,True,0,1
GG0076,0,1,CVB0072,0.8306776583194733,0.8415056566397349,6,1,predict_proba,0.64,constraints_met,1,2,XGBoost,346ddaf5046939880747f8abfdd9d7bd219590954e73ecb9a4c5f431db560ccd,9eb1905b0d2d4dff99236976201e564cbe25ee258ba901ad38107c5c6b5846f0,True,0,1
GG0083,0,1,CVB0079,0.004464532248675823,0.22557653097707467,12,0,predict_proba,0.64,constraints_met,1,2,XGBoost,346ddaf5046939880747f8abfdd9d7bd219590954e73ecb9a4c5f431db560ccd,9eb1905b0d2d4dff99236976201e564cbe25ee258ba901ad38107c5c6b5846f0,True,0,1
GG0087,0,1,CVB0083,0.13941845297813416,0.2622651947956336,19,0,predict_proba,0.64,constraints_met,1,2,XGBoost,346ddaf5046939880747f8abfdd9d7bd219590954e73ecb9a4c5f431db560ccd,9eb1905b0d2d4dff99236976201e564cbe25ee258ba901ad38107c5c6b5846f0,True,0,1
GG0090,0,1,CVB0086,0.10369283705949783,0.17419265751959756,16,0,predict_proba,0.64,constraints_met,1,2,XGBoost,346ddaf5046939880747f8abfdd9d7bd219590954e73ecb9a4c5f431db560ccd,9eb1905b0d2d4dff99236976201e564cbe25ee258ba901ad38107c5c6b5846f0,True,0,1
GG0097,0,1,CVB0093,0.48921139538288116,0.4789564125239849,8,0,predict_proba,0.64,constraints_met,1,2,XGBoost,346ddaf5046939880747f8abfdd9d7bd219590954e73ecb9a4c5f431db560ccd,9eb1905b0d2d4dff99236976201e564cbe25ee258ba901ad38107c5c6b5846f0,True,0,1
GG0103,0,1,CVB0099,0.004479813505895436,0.004248710252189388,6,0,predict_proba,0.64,constraints_met,1,2,XGBoost,346ddaf5046939880747f8abfdd9d7bd219590954e73ecb9a4c5f431db560ccd,9eb1905b0d2d4dff99236976201e564cbe25ee258ba901ad38107c5c6b5846f0,True,0,1
GG0104,0,1,CVB0100,0.0751747414469719,0.06574516380593802,6,0,predict_proba,0.64,constraints_met,1,2,XGBoost,346ddaf5046939880747f8abfdd9d7bd219590954e73ecb9a4c5f431db560ccd,9eb1905b0d2d4dff99236976201e564cbe25ee258ba901ad38107c5c6b5846f0,True,0,1
GG0111,0,1,CVB0107,2.7778818548540585e-05,5.933575146627845e-05,25,0,predict_proba,0.64,constraints_met,1,2,XGBoost,346ddaf5046939880747f8abfdd9d7bd219590954e73ecb9a4c5f431db560ccd,9eb1905b0d2d4dff99236976201e564cbe25ee258ba901ad38107c5c6b5846f0,True,0,1
GG0116,0,1,CVB0112,1.9598612198024057e-05,1.9703005364135606e-05,10,0,predict_proba,0.64,constraints_met,1,2,XGBoost,346ddaf5046939880747f8abfdd9d7bd219590954e73ecb9a4c5f431db560ccd,9eb1905b0d2d4dff99236976201e564cbe25ee258ba901ad38107c5c6b5846f0,True,0,1
GG0121,0,1,CVB0117,0.0036474724765866995,0.006345277186483145,6,0,predict_proba,0.64,constraints_met,1,2,XGBoost,346ddaf5046939880747f8abfdd9d7bd219590954e73ecb9a4c5f431db560ccd,9eb1905b0d2d4dff99236976201e564cbe25ee258ba901ad38107c5c6b5846f0,True,0,1
GG0125,0,1,CVB0121,0.00029838115733582526,0.0006704765359017983,8,0,predict_proba,0.64,constraints_met,1,2,XGBoost,346ddaf5046939880747f8abfdd9d7bd219590954e73ecb9a4c5f431db560ccd,9eb1905b0d2d4dff99236976201e564cbe25ee258ba901ad38107c5c6b5846f0,True,0,1
GG0002,0,1,CVB0002,0.03467225738509614,0.07805188552621997,39,0,predict_proba,0.385,constraints_met,1,3,RF,092f683bb82138f6b36af62c8c89b40acfca1e1ff5c6887140096d88b6823f67,9eb1905b0d2d4dff99236976201e564cbe25ee258ba901ad38107c5c6b5846f0,True,0,1
GG0006,0,1,CVB0006,0.4399768948419036,0.46870277174363517,10,1,predict_proba,0.385,constraints_met,1,3,RF,092f683bb82138f6b36af62c8c89b40acfca1e1ff5c6887140096d88b6823f67,9eb1905b0d2d4dff99236976201e564cbe25ee258ba901ad38107c5c6b5846f0,True,0,1
GG0013,1,1,CVB0013,0.45685973940985725,0.423081185625925,16,1,predict_proba,0.385,constraints_met,1,3,RF,092f683bb82138f6b36af62c8c89b40acfca1e1ff5c6887140096d88b6823f67,9eb1905b0d2d4dff99236976201e564cbe25ee258ba901ad38107c5c6b5846f0,True,0,1
GG0015,0,1,CVB0002,0.14172763503257718,0.24702889469555356,27,0,predict_proba,0.385,constraints_met,1,3,RF,092f683bb82138f6b36af62c8c89b40acfca1e1ff5c6887140096d88b6823f67,9eb1905b0d2d4dff99236976201e564cbe25ee258ba901ad38107c5c6b5846f0,True,0,1
GG0020,1,1,CVB0018,0.46206010270568953,0.45975337455717014,9,1,predict_proba,0.385,constraints_met,1,3,RF,092f683bb82138f6b36af62c8c89b40acfca1e1ff5c6887140096d88b6823f67,9eb1905b0d2d4dff99236976201e564cbe25ee258ba901ad38107c5c6b5846f0,True,0,1
GG0026,1,1,CVB0023,0.305081465154699,0.3005509973812488,8,0,predict_proba,0.385,constraints_met,1,3,RF,092f683bb82138f6b36af62c8c89b40acfca1e1ff5c6887140096d88b6823f67,9eb1905b0d2d4dff99236976201e564cbe25ee258ba901ad38107c5c6b5846f0,True,0,1
GG0032,0,1,CVB0029,0.11103999610507542,0.14958677356658348,23,0,predict_proba,0.385,constraints_met,1,3,RF,092f683bb82138f6b36af62c8c89b40acfca1e1ff5c6887140096d88b6823f67,9eb1905b0d2d4dff99236976201e564cbe25ee258ba901ad38107c5c6b5846f0,True,0,1
GG0038,1,1,CVB0035,0.5230264706731418,0.5214307951857879,222,1,predict_proba,0.385,constraints_met,1,3,RF,092f683bb82138f6b36af62c8c89b40acfca1e1ff5c6887140096d88b6823f67,9eb1905b0d2d4dff99236976201e564cbe25ee258ba901ad38107c5c6b5846f0,True,0,1
GG0046,1,1,CVB0042,0.5180666200796782,0.5735840028342414,18,1,predict_proba,0.385,constraints_met,1,3,RF,092f683bb82138f6b36af62c8c89b40acfca1e1ff5c6887140096d88b6823f67,9eb1905b0d2d4dff99236976201e564cbe25ee258ba901ad38107c5c6b5846f0,True,0,1
GG0047,1,1,CVB0043,0.6366845993452753,0.562471772924312,15,1,predict_proba,0.385,constraints_met,1,3,RF,092f683bb82138f6b36af62c8c89b40acfca1e1ff5c6887140096d88b6823f67,9eb1905b0d2d4dff99236976201e564cbe25ee258ba901ad38107c5c6b5846f0,True,0,1
GG0053,1,1,CVB0049,0.3573354062544548,0.3822272322436246,6,0,predict_proba,0.385,constraints_met,1,3,RF,092f683bb82138f6b36af62c8c89b40acfca1e1ff5c6887140096d88b6823f67,9eb1905b0d2d4dff99236976201e564cbe25ee258ba901ad38107c5c6b5846f0,True,0,1
GG0058,1,1,CVB0054,0.5808807374129502,0.5257350961181957,7,1,predict_proba,0.385,constraints_met,1,3,RF,092f683bb82138f6b36af62c8c89b40acfca1e1ff5c6887140096d88b6823f67,9eb1905b0d2d4dff99236976201e564cbe25ee258ba901ad38107c5c6b5846f0,True,0,1
GG0066,0,1,CVB0062,0.47578428648395343,0.4435555668047313,3,1,predict_proba,0.385,constraints_met,1,3,RF,092f683bb82138f6b36af62c8c89b40acfca1e1ff5c6887140096d88b6823f67,9eb1905b0d2d4dff99236976201e564cbe25ee258ba901ad38107c5c6b5846f0,True,0,1
GG0073,0,1,CVB0069,0.2603016478854262,0.25149310098561034,5,0,predict_proba,0.385,constraints_met,1,3,RF,092f683bb82138f6b36af62c8c89b40acfca1e1ff5c6887140096d88b6823f67,9eb1905b0d2d4dff99236976201e564cbe25ee258ba901ad38107c5c6b5846f0,True,0,1
GG0075,0,1,CVB0071,0.2265072797465537,0.258172705256699,10,0,predict_proba,0.385,constraints_met,1,3,RF,092f683bb82138f6b36af62c8c89b40acfca1e1ff5c6887140096d88b6823f67,9eb1905b0d2d4dff99236976201e564cbe25ee258ba901ad38107c5c6b5846f0,True,0,1
GG0079,0,1,CVB0075,0.19094766127513868,0.19818715226409506,99,0,predict_proba,0.385,constraints_met,1,3,RF,092f683bb82138f6b36af62c8c89b40acfca1e1ff5c6887140096d88b6823f67,9eb1905b0d2d4dff99236976201e564cbe25ee258ba901ad38107c5c6b5846f0,True,0,1
GG0085,0,1,CVB0081,0.5111851037076749,0.5214082211518821,8,1,predict_proba,0.385,constraints_met,1,3,RF,092f683bb82138f6b36af62c8c89b40acfca1e1ff5c6887140096d88b6823f67,9eb1905b0d2d4dff99236976201e564cbe25ee258ba901ad38107c5c6b5846f0,True,0,1
GG0091,0,1,CVB0087,0.12224298587303677,0.19135693174622767,25,0,predict_proba,0.385,constraints_met,1,3,RF,092f683bb82138f6b36af62c8c89b40acfca1e1ff5c6887140096d88b6823f67,9eb1905b0d2d4dff99236976201e564cbe25ee258ba901ad38107c5c6b5846f0,True,0,1
GG0094,0,1,CVB0090,0.372301396748206,0.3884947344588394,13,0,predict_proba,0.385,constraints_met,1,3,RF,092f683bb82138f6b36af62c8c89b40acfca1e1ff5c6887140096d88b6823f67,9eb1905b0d2d4dff99236976201e564cbe25ee258ba901ad38107c5c6b5846f0,True,0,1
GG0099,0,1,CVB0095,0.4634846338016454,0.4721104010472558,7,1,predict_proba,0.385,constraints_met,1,3,RF,092f683bb82138f6b36af62c8c89b40acfca1e1ff5c6887140096d88b6823f67,9eb1905b0d2d4dff99236976201e564cbe25ee258ba901ad38107c5c6b5846f0,True,0,1
GG0105,0,1,CVB0101,0.059824281855499595,0.07657073994125793,11,0,predict_proba,0.385,constraints_met,1,3,RF,092f683bb82138f6b36af62c8c89b40acfca1e1ff5c6887140096d88b6823f67,9eb1905b0d2d4dff99236976201e564cbe25ee258ba901ad38107c5c6b5846f0,True,0,1
GG0112,0,1,CVB0108,0.07089597018077631,0.06821464349949974,11,0,predict_proba,0.385,constraints_met,1,3,RF,092f683bb82138f6b36af62c8c89b40acfca1e1ff5c6887140096d88b6823f67,9eb1905b0d2d4dff99236976201e564cbe25ee258ba901ad38107c5c6b5846f0,True,0,1
GG0118,0,1,CVB0114,0.023253878283200653,0.045507964468688156,65,0,predict_proba,0.385,constraints_met,1,3,RF,092f683bb82138f6b36af62c8c89b40acfca1e1ff5c6887140096d88b6823f67,9eb1905b0d2d4dff99236976201e564cbe25ee258ba901ad38107c5c6b5846f0,True,0,1
GG0123,0,1,CVB0119,0.17050185720102143,0.18818355668251477,33,0,predict_proba,0.385,constraints_met,1,3,RF,092f683bb82138f6b36af62c8c89b40acfca1e1ff5c6887140096d88b6823f67,9eb1905b0d2d4dff99236976201e564cbe25ee258ba901ad38107c5c6b5846f0,True,0,1
GG0129,0,1,CVB0125,0.1658956467329063,0.18526317718688484,8,0,predict_proba,0.385,constraints_met,1,3,RF,092f683bb82138f6b36af62c8c89b40acfca1e1ff5c6887140096d88b6823f67,9eb1905b0d2d4dff99236976201e564cbe25ee258ba901ad38107c5c6b5846f0,True,0,1
GG0002,0,1,CVB0002,0.19248122215505484,0.1982907854925347,39,0,monotonic_transformed_decision_score_not_calibrated,0.36,constraints_met,1,3,SVM,2f96755415e843cdb37d149418584815a6bcc5aaab4c957e97f9868cf7aef7d6,9eb1905b0d2d4dff99236976201e564cbe25ee258ba901ad38107c5c6b5846f0,True,0,1
GG0006,0,1,CVB0006,0.489045498162903,0.5158379368660546,10,1,monotonic_transformed_decision_score_not_calibrated,0.36,constraints_met,1,3,SVM,2f96755415e843cdb37d149418584815a6bcc5aaab4c957e97f9868cf7aef7d6,9eb1905b0d2d4dff99236976201e564cbe25ee258ba901ad38107c5c6b5846f0,True,0,1
GG0013,1,1,CVB0013,0.40421709623984614,0.4097708492795296,16,1,monotonic_transformed_decision_score_not_calibrated,0.36,constraints_met,1,3,SVM,2f96755415e843cdb37d149418584815a6bcc5aaab4c957e97f9868cf7aef7d6,9eb1905b0d2d4dff99236976201e564cbe25ee258ba901ad38107c5c6b5846f0,True,0,1
GG0015,0,1,CVB0002,0.37141567316434493,0.38363705729734304,27,1,monotonic_transformed_decision_score_not_calibrated,0.36,constraints_met,1,3,SVM,2f96755415e843cdb37d149418584815a6bcc5aaab4c957e97f9868cf7aef7d6,9eb1905b0d2d4dff99236976201e564cbe25ee258ba901ad38107c5c6b5846f0,True,0,1
GG0020,1,1,CVB0018,0.5016868144400318,0.4780380735282726,9,1,monotonic_transformed_decision_score_not_calibrated,0.36,constraints_met,1,3,SVM,2f96755415e843cdb37d149418584815a6bcc5aaab4c957e97f9868cf7aef7d6,9eb1905b0d2d4dff99236976201e564cbe25ee258ba901ad38107c5c6b5846f0,True,0,1
GG0026,1,1,CVB0023,0.20464375333735774,0.20295837787294352,8,0,monotonic_transformed_decision_score_not_calibrated,0.36,constraints_met,1,3,SVM,2f96755415e843cdb37d149418584815a6bcc5aaab4c957e97f9868cf7aef7d6,9eb1905b0d2d4dff99236976201e564cbe25ee258ba901ad38107c5c6b5846f0,True,0,1
GG0032,0,1,CVB0029,0.32670565052571837,0.30788934479301544,23,0,monotonic_transformed_decision_score_not_calibrated,0.36,constraints_met,1,3,SVM,2f96755415e843cdb37d149418584815a6bcc5aaab4c957e97f9868cf7aef7d6,9eb1905b0d2d4dff99236976201e564cbe25ee258ba901ad38107c5c6b5846f0,True,0,1
GG0038,1,1,CVB0035,0.48037388254688546,0.47617071040803827,222,1,monotonic_transformed_decision_score_not_calibrated,0.36,constraints_met,1,3,SVM,2f96755415e843cdb37d149418584815a6bcc5aaab4c957e97f9868cf7aef7d6,9eb1905b0d2d4dff99236976201e564cbe25ee258ba901ad38107c5c6b5846f0,True,0,1
GG0046,1,1,CVB0042,0.5500351544293831,0.547172975240055,18,1,monotonic_transformed_decision_score_not_calibrated,0.36,constraints_met,1,3,SVM,2f96755415e843cdb37d149418584815a6bcc5aaab4c957e97f9868cf7aef7d6,9eb1905b0d2d4dff99236976201e564cbe25ee258ba901ad38107c5c6b5846f0,True,0,1
GG0047,1,1,CVB0043,0.44651647424811447,0.5006271791253268,15,1,monotonic_transformed_decision_score_not_calibrated,0.36,constraints_met,1,3,SVM,2f96755415e843cdb37d149418584815a6bcc5aaab4c957e97f9868cf7aef7d6,9eb1905b0d2d4dff99236976201e564cbe25ee258ba901ad38107c5c6b5846f0,True,0,1
GG0053,1,1,CVB0049,0.2953673946698153,0.3191310135412471,6,0,monotonic_transformed_decision_score_not_calibrated,0.36,constraints_met,1,3,SVM,2f96755415e843cdb37d149418584815a6bcc5aaab4c957e97f9868cf7aef7d6,9eb1905b0d2d4dff99236976201e564cbe25ee258ba901ad38107c5c6b5846f0,True,0,1
GG0058,1,1,CVB0054,0.443230042913848,0.4179748763499821,7,1,monotonic_transformed_decision_score_not_calibrated,0.36,constraints_met,1,3,SVM,2f96755415e843cdb37d149418584815a6bcc5aaab4c957e97f9868cf7aef7d6,9eb1905b0d2d4dff99236976201e564cbe25ee258ba901ad38107c5c6b5846f0,True,0,1
GG0066,0,1,CVB0062,0.3216645481587623,0.3220463848147281,3,0,monotonic_transformed_decision_score_not_calibrated,0.36,constraints_met,1,3,SVM,2f96755415e843cdb37d149418584815a6bcc5aaab4c957e97f9868cf7aef7d6,9eb1905b0d2d4dff99236976201e564cbe25ee258ba901ad38107c5c6b5846f0,True,0,1
GG0073,0,1,CVB0069,0.21838205825046833,0.2157586260993758,5,0,monotonic_transformed_decision_score_not_calibrated,0.36,constraints_met,1,3,SVM,2f96755415e843cdb37d149418584815a6bcc5aaab4c957e97f9868cf7aef7d6,9eb1905b0d2d4dff99236976201e564cbe25ee258ba901ad38107c5c6b5846f0,True,0,1
GG0075,0,1,CVB0071,0.3783299975498352,0.3408139342745734,10,1,monotonic_transformed_decision_score_not_calibrated,0.36,constraints_met,1,3,SVM,2f96755415e843cdb37d149418584815a6bcc5aaab4c957e97f9868cf7aef7d6,9eb1905b0d2d4dff99236976201e564cbe25ee258ba901ad38107c5c6b5846f0,True,0,1
GG0079,0,1,CVB0075,0.37347704998454795,0.3891298012505863,99,1,monotonic_transformed_decision_score_not_calibrated,0.36,constraints_met,1,3,SVM,2f96755415e843cdb37d149418584815a6bcc5aaab4c957e97f9868cf7aef7d6,9eb1905b0d2d4dff99236976201e564cbe25ee258ba901ad38107c5c6b5846f0,True,0,1
GG0085,0,1,CVB0081,0.5378360652824077,0.5356323560353189,8,1,monotonic_transformed_decision_score_not_calibrated,0.36,constraints_met,1,3,SVM,2f96755415e843cdb37d149418584815a6bcc5aaab4c957e97f9868cf7aef7d6,9eb1905b0d2d4dff99236976201e564cbe25ee258ba901ad38107c5c6b5846f0,True,0,1
GG0091,0,1,CVB0087,0.27093402090206403,0.2819569808424398,25,0,monotonic_transformed_decision_score_not_calibrated,0.36,constraints_met,1,3,SVM,2f96755415e843cdb37d149418584815a6bcc5aaab4c957e97f9868cf7aef7d6,9eb1905b0d2d4dff99236976201e564cbe25ee258ba901ad38107c5c6b5846f0,True,0,1
GG0094,0,1,CVB0090,0.2909037596095953,0.30201136203221696,13,0,monotonic_transformed_decision_score_not_calibrated,0.36,constraints_met,1,3,SVM,2f96755415e843cdb37d149418584815a6bcc5aaab4c957e97f9868cf7aef7d6,9eb1905b0d2d4dff99236976201e564cbe25ee258ba901ad38107c5c6b5846f0,True,0,1
GG0099,0,1,CVB0095,0.5044869461590513,0.5308579726466148,7,1,monotonic_transformed_decision_score_not_calibrated,0.36,constraints_met,1,3,SVM,2f96755415e843cdb37d149418584815a6bcc5aaab4c957e97f9868cf7aef7d6,9eb1905b0d2d4dff99236976201e564cbe25ee258ba901ad38107c5c6b5846f0,True,0,1
GG0105,0,1,CVB0101,0.2273552655673836,0.21552801220429652,11,0,monotonic_transformed_decision_score_not_calibrated,0.36,constraints_met,1,3,SVM,2f96755415e843cdb37d149418584815a6bcc5aaab4c957e97f9868cf7aef7d6,9eb1905b0d2d4dff99236976201e564cbe25ee258ba901ad38107c5c6b5846f0,True,0,1
GG0112,0,1,CVB0108,0.20241182464702956,0.20619882057859612,11,0,monotonic_transformed_decision_score_not_calibrated,0.36,constraints_met,1,3,SVM,2f96755415e843cdb37d149418584815a6bcc5aaab4c957e97f9868cf7aef7d6,9eb1905b0d2d4dff99236976201e564cbe25ee258ba901ad38107c5c6b5846f0,True,0,1
GG0118,0,1,CVB0114,0.17161210320635434,0.19102392235853652,65,0,monotonic_transformed_decision_score_not_calibrated,0.36,constraints_met,1,3,SVM,2f96755415e843cdb37d149418584815a6bcc5aaab4c957e97f9868cf7aef7d6,9eb1905b0d2d4dff99236976201e564cbe25ee258ba901ad38107c5c6b5846f0,True,0,1
GG0123,0,1,CVB0119,0.2763441512038855,0.28085927826076595,33,0,monotonic_transformed_decision_score_not_calibrated,0.36,constraints_met,1,3,SVM,2f96755415e843cdb37d149418584815a6bcc5aaab4c957e97f9868cf7aef7d6,9eb1905b0d2d4dff99236976201e564cbe25ee258ba901ad38107c5c6b5846f0,True,0,1
GG0129,0,1,CVB0125,0.24884616687342687,0.24726754845075044,8,0,monotonic_transformed_decision_score_not_calibrated,0.36,constraints_met,1,3,SVM,2f96755415e843cdb37d149418584815a6bcc5aaab4c957e97f9868cf7aef7d6,9eb1905b0d2d4dff99236976201e564cbe25ee258ba901ad38107c5c6b5846f0,True,0,1
GG0002,0,1,CVB0002,5.2479770482239396e-06,0.0024078150282451248,39,0,predict_proba,0.16,constraints_met,1,3,MLP,177f6cf95b8d2ad76a0b5bf0182435344faca0311c1b3e659cab5e1b7dfba2cd,9eb1905b0d2d4dff99236976201e564cbe25ee258ba901ad38107c5c6b5846f0,True,364,1
GG0006,0,1,CVB0006,0.9960838948102068,0.9209281833489313,10,1,predict_proba,0.16,constraints_met,1,3,MLP,177f6cf95b8d2ad76a0b5bf0182435344faca0311c1b3e659cab5e1b7dfba2cd,9eb1905b0d2d4dff99236976201e564cbe25ee258ba901ad38107c5c6b5846f0,True,364,1
GG0013,1,1,CVB0013,0.0008354299358381959,0.07754299447513362,16,0,predict_proba,0.16,constraints_met,1,3,MLP,177f6cf95b8d2ad76a0b5bf0182435344faca0311c1b3e659cab5e1b7dfba2cd,9eb1905b0d2d4dff99236976201e564cbe25ee258ba901ad38107c5c6b5846f0,True,364,1
GG0015,0,1,CVB0002,0.9948870774738297,0.8391764607595575,27,1,predict_proba,0.16,constraints_met,1,3,MLP,177f6cf95b8d2ad76a0b5bf0182435344faca0311c1b3e659cab5e1b7dfba2cd,9eb1905b0d2d4dff99236976201e564cbe25ee258ba901ad38107c5c6b5846f0,True,364,1
GG0020,1,1,CVB0018,0.5081519557795263,0.42016535486884166,9,1,predict_proba,0.16,constraints_met,1,3,MLP,177f6cf95b8d2ad76a0b5bf0182435344faca0311c1b3e659cab5e1b7dfba2cd,9eb1905b0d2d4dff99236976201e564cbe25ee258ba901ad38107c5c6b5846f0,True,364,1
GG0026,1,1,CVB0023,0.0007217562573766307,0.0026301617904151676,8,0,predict_proba,0.16,constraints_met,1,3,MLP,177f6cf95b8d2ad76a0b5bf0182435344faca0311c1b3e659cab5e1b7dfba2cd,9eb1905b0d2d4dff99236976201e564cbe25ee258ba901ad38107c5c6b5846f0,True,364,1
GG0032,0,1,CVB0029,4.897731571648769e-06,0.08770848304926672,23,0,predict_proba,0.16,constraints_met,1,3,MLP,177f6cf95b8d2ad76a0b5bf0182435344faca0311c1b3e659cab5e1b7dfba2cd,9eb1905b0d2d4dff99236976201e564cbe25ee258ba901ad38107c5c6b5846f0,True,364,1
GG0038,1,1,CVB0035,0.8372556032071208,0.6341960575509825,222,1,predict_proba,0.16,constraints_met,1,3,MLP,177f6cf95b8d2ad76a0b5bf0182435344faca0311c1b3e659cab5e1b7dfba2cd,9eb1905b0d2d4dff99236976201e564cbe25ee258ba901ad38107c5c6b5846f0,True,364,1
GG0046,1,1,CVB0042,0.5968348773147583,0.5146656048811065,18,1,predict_proba,0.16,constraints_met,1,3,MLP,177f6cf95b8d2ad76a0b5bf0182435344faca0311c1b3e659cab5e1b7dfba2cd,9eb1905b0d2d4dff99236976201e564cbe25ee258ba901ad38107c5c6b5846f0,True,364,1
GG0047,1,1,CVB0043,0.8635009051358529,0.6447897363900933,15,1,predict_proba,0.16,constraints_met,1,3,MLP,177f6cf95b8d2ad76a0b5bf0182435344faca0311c1b3e659cab5e1b7dfba2cd,9eb1905b0d2d4dff99236976201e564cbe25ee258ba901ad38107c5c6b5846f0,True,364,1
GG0053,1,1,CVB0049,0.062238007022555115,0.2916086031656276,6,0,predict_proba,0.16,constraints_met,1,3,MLP,177f6cf95b8d2ad76a0b5bf0182435344faca0311c1b3e659cab5e1b7dfba2cd,9eb1905b0d2d4dff99236976201e564cbe25ee258ba901ad38107c5c6b5846f0,True,364,1
GG0058,1,1,CVB0054,0.0799592799226892,0.3228701983014052,7,0,predict_proba,0.16,constraints_met,1,3,MLP,177f6cf95b8d2ad76a0b5bf0182435344faca0311c1b3e659cab5e1b7dfba2cd,9eb1905b0d2d4dff99236976201e564cbe25ee258ba901ad38107c5c6b5846f0,True,364,1
GG0066,0,1,CVB0062,4.441188864685283e-06,4.291821992419506e-05,3,0,predict_proba,0.16,constraints_met,1,3,MLP,177f6cf95b8d2ad76a0b5bf0182435344faca0311c1b3e659cab5e1b7dfba2cd,9eb1905b0d2d4dff99236976201e564cbe25ee258ba901ad38107c5c6b5846f0,True,364,1
GG0073,0,1,CVB0069,7.2535889391594974e-09,0.0004930153581554902,5,0,predict_proba,0.16,constraints_met,1,3,MLP,177f6cf95b8d2ad76a0b5bf0182435344faca0311c1b3e659cab5e1b7dfba2cd,9eb1905b0d2d4dff99236976201e564cbe25ee258ba901ad38107c5c6b5846f0,True,364,1
GG0075,0,1,CVB0071,0.024369546574734655,0.3866583494763117,10,0,predict_proba,0.16,constraints_met,1,3,MLP,177f6cf95b8d2ad76a0b5bf0182435344faca0311c1b3e659cab5e1b7dfba2cd,9eb1905b0d2d4dff99236976201e564cbe25ee258ba901ad38107c5c6b5846f0,True,364,1
GG0079,0,1,CVB0075,0.0003817961769637912,0.23630842449395711,99,0,predict_proba,0.16,constraints_met,1,3,MLP,177f6cf95b8d2ad76a0b5bf0182435344faca0311c1b3e659cab5e1b7dfba2cd,9eb1905b0d2d4dff99236976201e564cbe25ee258ba901ad38107c5c6b5846f0,True,364,1
GG0085,0,1,CVB0081,7.700149398671493e-07,1.3013966464382066e-06,8,0,predict_proba,0.16,constraints_met,1,3,MLP,177f6cf95b8d2ad76a0b5bf0182435344faca0311c1b3e659cab5e1b7dfba2cd,9eb1905b0d2d4dff99236976201e564cbe25ee258ba901ad38107c5c6b5846f0,True,364,1
GG0091,0,1,CVB0087,1.3513878216838057e-05,0.10074103441566608,25,0,predict_proba,0.16,constraints_met,1,3,MLP,177f6cf95b8d2ad76a0b5bf0182435344faca0311c1b3e659cab5e1b7dfba2cd,9eb1905b0d2d4dff99236976201e564cbe25ee258ba901ad38107c5c6b5846f0,True,364,1
GG0094,0,1,CVB0090,0.0004787844240045973,0.1390779669072248,13,0,predict_proba,0.16,constraints_met,1,3,MLP,177f6cf95b8d2ad76a0b5bf0182435344faca0311c1b3e659cab5e1b7dfba2cd,9eb1905b0d2d4dff99236976201e564cbe25ee258ba901ad38107c5c6b5846f0,True,364,1
GG0099,0,1,CVB0095,0.811010317527388,0.5443364600086843,7,1,predict_proba,0.16,constraints_met,1,3,MLP,177f6cf95b8d2ad76a0b5bf0182435344faca0311c1b3e659cab5e1b7dfba2cd,9eb1905b0d2d4dff99236976201e564cbe25ee258ba901ad38107c5c6b5846f0,True,364,1
GG0105,0,1,CVB0101,1.07527208279685e-05,0.0005624011787387338,11,0,predict_proba,0.16,constraints_met,1,3,MLP,177f6cf95b8d2ad76a0b5bf0182435344faca0311c1b3e659cab5e1b7dfba2cd,9eb1905b0d2d4dff99236976201e564cbe25ee258ba901ad38107c5c6b5846f0,True,364,1
GG0112,0,1,CVB0108,1.4569622026346653e-12,5.728815305911637e-10,11,0,predict_proba,0.16,constraints_met,1,3,MLP,177f6cf95b8d2ad76a0b5bf0182435344faca0311c1b3e659cab5e1b7dfba2cd,9eb1905b0d2d4dff99236976201e564cbe25ee258ba901ad38107c5c6b5846f0,True,364,1
GG0118,0,1,CVB0114,2.811159038954491e-08,0.007879448061630283,65,0,predict_proba,0.16,constraints_met,1,3,MLP,177f6cf95b8d2ad76a0b5bf0182435344faca0311c1b3e659cab5e1b7dfba2cd,9eb1905b0d2d4dff99236976201e564cbe25ee258ba901ad38107c5c6b5846f0,True,364,1
GG0123,0,1,CVB0119,0.005531937643345674,0.17201736900305914,33,0,predict_proba,0.16,constraints_met,1,3,MLP,177f6cf95b8d2ad76a0b5bf0182435344faca0311c1b3e659cab5e1b7dfba2cd,9eb1905b0d2d4dff99236976201e564cbe25ee258ba901ad38107c5c6b5846f0,True,364,1
GG0129,0,1,CVB0125,1.244387076899229e-09,5.704346265039326e-05,8,0,predict_proba,0.16,constraints_met,1,3,MLP,177f6cf95b8d2ad76a0b5bf0182435344faca0311c1b3e659cab5e1b7dfba2cd,9eb1905b0d2d4dff99236976201e564cbe25ee258ba901ad38107c5c6b5846f0,True,364,1
GG0002,0,1,CVB0002,0.0018662464572116733,0.019015234504760697,39,0,predict_proba,0.2,constraints_met,1,3,XGBoost,ef4f82564a9ba494f340b55224365edc9cfc5cba40b00edea526e21aa7f8439a,9eb1905b0d2d4dff99236976201e564cbe25ee258ba901ad38107c5c6b5846f0,True,0,1
GG0006,0,1,CVB0006,0.5398658215999603,0.594183549284935,10,1,predict_proba,0.2,constraints_met,1,3,XGBoost,ef4f82564a9ba494f340b55224365edc9cfc5cba40b00edea526e21aa7f8439a,9eb1905b0d2d4dff99236976201e564cbe25ee258ba901ad38107c5c6b5846f0,True,0,1
GG0013,1,1,CVB0013,0.2252998948097229,0.33553529728669673,16,1,predict_proba,0.2,constraints_met,1,3,XGBoost,ef4f82564a9ba494f340b55224365edc9cfc5cba40b00edea526e21aa7f8439a,9eb1905b0d2d4dff99236976201e564cbe25ee258ba901ad38107c5c6b5846f0,True,0,1
GG0015,0,1,CVB0002,0.039790987968444824,0.21020909943574764,27,0,predict_proba,0.2,constraints_met,1,3,XGBoost,ef4f82564a9ba494f340b55224365edc9cfc5cba40b00edea526e21aa7f8439a,9eb1905b0d2d4dff99236976201e564cbe25ee258ba901ad38107c5c6b5846f0,True,0,1
GG0020,1,1,CVB0018,0.3685188293457031,0.4514022332926591,9,1,predict_proba,0.2,constraints_met,1,3,XGBoost,ef4f82564a9ba494f340b55224365edc9cfc5cba40b00edea526e21aa7f8439a,9eb1905b0d2d4dff99236976201e564cbe25ee258ba901ad38107c5c6b5846f0,True,0,1
GG0026,1,1,CVB0023,0.09473360702395439,0.09561307053081691,8,0,predict_proba,0.2,constraints_met,1,3,XGBoost,ef4f82564a9ba494f340b55224365edc9cfc5cba40b00edea526e21aa7f8439a,9eb1905b0d2d4dff99236976201e564cbe25ee258ba901ad38107c5c6b5846f0,True,0,1
GG0032,0,1,CVB0029,0.008692138828337193,0.08461101818829775,23,0,predict_proba,0.2,constraints_met,1,3,XGBoost,ef4f82564a9ba494f340b55224365edc9cfc5cba40b00edea526e21aa7f8439a,9eb1905b0d2d4dff99236976201e564cbe25ee258ba901ad38107c5c6b5846f0,True,0,1
GG0038,1,1,CVB0035,0.6971415281295776,0.6278026071880516,222,1,predict_proba,0.2,constraints_met,1,3,XGBoost,ef4f82564a9ba494f340b55224365edc9cfc5cba40b00edea526e21aa7f8439a,9eb1905b0d2d4dff99236976201e564cbe25ee258ba901ad38107c5c6b5846f0,True,0,1
GG0046,1,1,CVB0042,0.7364695370197296,0.606991698137588,18,1,predict_proba,0.2,constraints_met,1,3,XGBoost,ef4f82564a9ba494f340b55224365edc9cfc5cba40b00edea526e21aa7f8439a,9eb1905b0d2d4dff99236976201e564cbe25ee258ba901ad38107c5c6b5846f0,True,0,1
GG0047,1,1,CVB0043,0.9079504013061523,0.737256138275067,15,1,predict_proba,0.2,constraints_met,1,3,XGBoost,ef4f82564a9ba494f340b55224365edc9cfc5cba40b00edea526e21aa7f8439a,9eb1905b0d2d4dff99236976201e564cbe25ee258ba901ad38107c5c6b5846f0,True,0,1
GG0053,1,1,CVB0049,0.2715991735458374,0.373477050413688,6,1,predict_proba,0.2,constraints_met,1,3,XGBoost,ef4f82564a9ba494f340b55224365edc9cfc5cba40b00edea526e21aa7f8439a,9eb1905b0d2d4dff99236976201e564cbe25ee258ba901ad38107c5c6b5846f0,True,0,1
GG0058,1,1,CVB0054,0.6533845067024231,0.6485837059361594,7,1,predict_proba,0.2,constraints_met,1,3,XGBoost,ef4f82564a9ba494f340b55224365edc9cfc5cba40b00edea526e21aa7f8439a,9eb1905b0d2d4dff99236976201e564cbe25ee258ba901ad38107c5c6b5846f0,True,0,1
GG0066,0,1,CVB0062,0.13481181859970093,0.12440414726734161,3,0,predict_proba,0.2,constraints_met,1,3,XGBoost,ef4f82564a9ba494f340b55224365edc9cfc5cba40b00edea526e21aa7f8439a,9eb1905b0d2d4dff99236976201e564cbe25ee258ba901ad38107c5c6b5846f0,True,0,1
GG0073,0,1,CVB0069,0.02281350828707218,0.023490556329488755,5,0,predict_proba,0.2,constraints_met,1,3,XGBoost,ef4f82564a9ba494f340b55224365edc9cfc5cba40b00edea526e21aa7f8439a,9eb1905b0d2d4dff99236976201e564cbe25ee258ba901ad38107c5c6b5846f0,True,0,1
GG0075,0,1,CVB0071,0.17629499500617385,0.25547756501619007,10,0,predict_proba,0.2,constraints_met,1,3,XGBoost,ef4f82564a9ba494f340b55224365edc9cfc5cba40b00edea526e21aa7f8439a,9eb1905b0d2d4dff99236976201e564cbe25ee258ba901ad38107c5c6b5846f0,True,0,1
GG0079,0,1,CVB0075,0.02904980257153511,0.18634904790734355,99,0,predict_proba,0.2,constraints_met,1,3,XGBoost,ef4f82564a9ba494f340b55224365edc9cfc5cba40b00edea526e21aa7f8439a,9eb1905b0d2d4dff99236976201e564cbe25ee258ba901ad38107c5c6b5846f0,True,0,1
GG0085,0,1,CVB0081,0.3634611517190933,0.3915575295686722,8,1,predict_proba,0.2,constraints_met,1,3,XGBoost,ef4f82564a9ba494f340b55224365edc9cfc5cba40b00edea526e21aa7f8439a,9eb1905b0d2d4dff99236976201e564cbe25ee258ba901ad38107c5c6b5846f0,True,0,1
GG0091,0,1,CVB0087,0.005207129288464785,0.09571638423658442,25,0,predict_proba,0.2,constraints_met,1,3,XGBoost,ef4f82564a9ba494f340b55224365edc9cfc5cba40b00edea526e21aa7f8439a,9eb1905b0d2d4dff99236976201e564cbe25ee258ba901ad38107c5c6b5846f0,True,0,1
GG0094,0,1,CVB0090,0.07513058185577393,0.13443340439922535,13,0,predict_proba,0.2,constraints_met,1,3,XGBoost,ef4f82564a9ba494f340b55224365edc9cfc5cba40b00edea526e21aa7f8439a,9eb1905b0d2d4dff99236976201e564cbe25ee258ba901ad38107c5c6b5846f0,True,0,1
GG0099,0,1,CVB0095,0.2901087701320648,0.392779603600502,7,1,predict_proba,0.2,constraints_met,1,3,XGBoost,ef4f82564a9ba494f340b55224365edc9cfc5cba40b00edea526e21aa7f8439a,9eb1905b0d2d4dff99236976201e564cbe25ee258ba901ad38107c5c6b5846f0,True,0,1
GG0105,0,1,CVB0101,0.003508219262585044,0.005856713565828448,11,0,predict_proba,0.2,constraints_met,1,3,XGBoost,ef4f82564a9ba494f340b55224365edc9cfc5cba40b00edea526e21aa7f8439a,9eb1905b0d2d4dff99236976201e564cbe25ee258ba901ad38107c5c6b5846f0,True,0,1
GG0112,0,1,CVB0108,0.003048940794542432,0.008027096956290981,11,0,predict_proba,0.2,constraints_met,1,3,XGBoost,ef4f82564a9ba494f340b55224365edc9cfc5cba40b00edea526e21aa7f8439a,9eb1905b0d2d4dff99236976201e564cbe25ee258ba901ad38107c5c6b5846f0,True,0,1
GG0118,0,1,CVB0114,0.0003798624675255269,0.011403372339862891,65,0,predict_proba,0.2,constraints_met,1,3,XGBoost,ef4f82564a9ba494f340b55224365edc9cfc5cba40b00edea526e21aa7f8439a,9eb1905b0d2d4dff99236976201e564cbe25ee258ba901ad38107c5c6b5846f0,True,0,1
GG0123,0,1,CVB0119,0.1110236644744873,0.20412605777726806,33,0,predict_proba,0.2,constraints_met,1,3,XGBoost,ef4f82564a9ba494f340b55224365edc9cfc5cba40b00edea526e21aa7f8439a,9eb1905b0d2d4dff99236976201e564cbe25ee258ba901ad38107c5c6b5846f0,True,0,1
GG0129,0,1,CVB0125,0.029104324989020824,0.06613253487012116,8,0,predict_proba,0.2,constraints_met,1,3,XGBoost,ef4f82564a9ba494f340b55224365edc9cfc5cba40b00edea526e21aa7f8439a,9eb1905b0d2d4dff99236976201e564cbe25ee258ba901ad38107c5c6b5846f0,True,0,1
GG0003,1,1,CVB0003,0.5507865805042189,0.5211566794004151,25,1,predict_proba,0.395,constraints_met,1,4,RF,fb80954f908f0a8fec654d7f0bd2c8e8bca916a7ee8075726d83e223782fc38a,9eb1905b0d2d4dff99236976201e564cbe25ee258ba901ad38107c5c6b5846f0,True,0,1
GG0007,0,1,CVB0007,0.3439939282788273,0.4029236677265191,11,0,predict_proba,0.395,constraints_met,1,4,RF,fb80954f908f0a8fec654d7f0bd2c8e8bca916a7ee8075726d83e223782fc38a,9eb1905b0d2d4dff99236976201e564cbe25ee258ba901ad38107c5c6b5846f0,True,0,1
GG0014,1,1,CVB0014,0.36775147701820277,0.35210371003128665,15,0,predict_proba,0.395,constraints_met,1,4,RF,fb80954f908f0a8fec654d7f0bd2c8e8bca916a7ee8075726d83e223782fc38a,9eb1905b0d2d4dff99236976201e564cbe25ee258ba901ad38107c5c6b5846f0,True,0,1
GG0024,0,1,CVB0021,0.3137155984528244,0.30538187465137634,20,0,predict_proba,0.395,constraints_met,1,4,RF,fb80954f908f0a8fec654d7f0bd2c8e8bca916a7ee8075726d83e223782fc38a,9eb1905b0d2d4dff99236976201e564cbe25ee258ba901ad38107c5c6b5846f0,True,0,1
GG0027,0,1,CVB0024,0.038978516395484566,0.2065890390228056,14,0,predict_proba,0.395,constraints_met,1,4,RF,fb80954f908f0a8fec654d7f0bd2c8e8bca916a7ee8075726d83e223782fc38a,9eb1905b0d2d4dff99236976201e564cbe25ee258ba901ad38107c5c6b5846f0,True,0,1
GG0034,1,1,CVB0031,0.5860609485469592,0.5419523702988739,75,1,predict_proba,0.395,constraints_met,1,4,RF,fb80954f908f0a8fec654d7f0bd2c8e8bca916a7ee8075726d83e223782fc38a,9eb1905b0d2d4dff99236976201e564cbe25ee258ba901ad38107c5c6b5846f0,True,0,1
GG0039,0,1,CVB0036,0.30981451254854303,0.31969345202995414,107,0,predict_proba,0.395,constraints_met,1,4,RF,fb80954f908f0a8fec654d7f0bd2c8e8bca916a7ee8075726d83e223782fc38a,9eb1905b0d2d4dff99236976201e564cbe25ee258ba901ad38107c5c6b5846f0,True,0,1
GG0042,1,1,CVB0039,0.251356767894123,0.2525379348058459,7,0,predict_proba,0.395,constraints_met,1,4,RF,fb80954f908f0a8fec654d7f0bd2c8e8bca916a7ee8075726d83e223782fc38a,9eb1905b0d2d4dff99236976201e564cbe25ee258ba901ad38107c5c6b5846f0,True,0,1
GG0050,1,1,CVB0046,0.5406425024875852,0.5417218185390918,6,1,predict_proba,0.395,constraints_met,1,4,RF,fb80954f908f0a8fec654d7f0bd2c8e8bca916a7ee8075726d83e223782fc38a,9eb1905b0d2d4dff99236976201e564cbe25ee258ba901ad38107c5c6b5846f0,True,0,1
GG0055,0,1,CVB0051,0.09232738755191912,0.09675490458739518,5,0,predict_proba,0.395,constraints_met,1,4,RF,fb80954f908f0a8fec654d7f0bd2c8e8bca916a7ee8075726d83e223782fc38a,9eb1905b0d2d4dff99236976201e564cbe25ee258ba901ad38107c5c6b5846f0,True,0,1
GG0061,1,1,CVB0057,0.5838732713535367,0.5953338350400017,5,1,predict_proba,0.395,constraints_met,1,4,RF,fb80954f908f0a8fec654d7f0bd2c8e8bca916a7ee8075726d83e223782fc38a,9eb1905b0d2d4dff99236976201e564cbe25ee258ba901ad38107c5c6b5846f0,True,0,1
GG0067,0,1,CVB0063,0.42023594469819,0.34931173660035847,5,1,predict_proba,0.395,constraints_met,1,4,RF,fb80954f908f0a8fec654d7f0bd2c8e8bca916a7ee8075726d83e223782fc38a,9eb1905b0d2d4dff99236976201e564cbe25ee258ba901ad38107c5c6b5846f0,True,0,1
GG0069,0,1,CVB0065,0.5267165898404655,0.5263572252800531,4,1,predict_proba,0.395,constraints_met,1,4,RF,fb80954f908f0a8fec654d7f0bd2c8e8bca916a7ee8075726d83e223782fc38a,9eb1905b0d2d4dff99236976201e564cbe25ee258ba901ad38107c5c6b5846f0,True,0,1
GG0077,0,1,CVB0073,0.23137681161764123,0.23740578048982305,15,0,predict_proba,0.395,constraints_met,1,4,RF,fb80954f908f0a8fec654d7f0bd2c8e8bca916a7ee8075726d83e223782fc38a,9eb1905b0d2d4dff99236976201e564cbe25ee258ba901ad38107c5c6b5846f0,True,0,1
GG0080,0,1,CVB0076,0.08913194366406829,0.09009753103305655,6,0,predict_proba,0.395,constraints_met,1,4,RF,fb80954f908f0a8fec654d7f0bd2c8e8bca916a7ee8075726d83e223782fc38a,9eb1905b0d2d4dff99236976201e564cbe25ee258ba901ad38107c5c6b5846f0,True,0,1
GG0086,0,1,CVB0082,0.09132241703699012,0.09716163406910457,16,0,predict_proba,0.395,constraints_met,1,4,RF,fb80954f908f0a8fec654d7f0bd2c8e8bca916a7ee8075726d83e223782fc38a,9eb1905b0d2d4dff99236976201e564cbe25ee258ba901ad38107c5c6b5846f0,True,0,1
GG0092,0,1,CVB0088,0.29623669267226244,0.2934369965825766,13,0,predict_proba,0.395,constraints_met,1,4,RF,fb80954f908f0a8fec654d7f0bd2c8e8bca916a7ee8075726d83e223782fc38a,9eb1905b0d2d4dff99236976201e564cbe25ee258ba901ad38107c5c6b5846f0,True,0,1
GG0098,0,1,CVB0094,0.21543443014161184,0.2308649748421066,18,0,predict_proba,0.395,constraints_met,1,4,RF,fb80954f908f0a8fec654d7f0bd2c8e8bca916a7ee8075726d83e223782fc38a,9eb1905b0d2d4dff99236976201e564cbe25ee258ba901ad38107c5c6b5846f0,True,0,1
GG0102,0,1,CVB0098,0.2764456894129722,0.33154084578055554,20,0,predict_proba,0.395,constraints_met,1,4,RF,fb80954f908f0a8fec654d7f0bd2c8e8bca916a7ee8075726d83e223782fc38a,9eb1905b0d2d4dff99236976201e564cbe25ee258ba901ad38107c5c6b5846f0,True,0,1
GG0107,0,1,CVB0103,0.22189323985805742,0.1826549005949409,5,0,predict_proba,0.395,constraints_met,1,4,RF,fb80954f908f0a8fec654d7f0bd2c8e8bca916a7ee8075726d83e223782fc38a,9eb1905b0d2d4dff99236976201e564cbe25ee258ba901ad38107c5c6b5846f0,True,0,1
GG0109,0,1,CVB0105,0.2671778669206215,0.25977585821566873,9,0,predict_proba,0.395,constraints_met,1,4,RF,fb80954f908f0a8fec654d7f0bd2c8e8bca916a7ee8075726d83e223782fc38a,9eb1905b0d2d4dff99236976201e564cbe25ee258ba901ad38107c5c6b5846f0,True,0,1
GG0114,0,1,CVB0110,0.2868059321715186,0.33096423572475464,16,0,predict_proba,0.395,constraints_met,1,4,RF,fb80954f908f0a8fec654d7f0bd2c8e8bca916a7ee8075726d83e223782fc38a,9eb1905b0d2d4dff99236976201e564cbe25ee258ba901ad38107c5c6b5846f0,True,0,1
GG0122,0,1,CVB0118,0.055410666021214916,0.06511449039126536,19,0,predict_proba,0.395,constraints_met,1,4,RF,fb80954f908f0a8fec654d7f0bd2c8e8bca916a7ee8075726d83e223782fc38a,9eb1905b0d2d4dff99236976201e564cbe25ee258ba901ad38107c5c6b5846f0,True,0,1
GG0126,0,1,CVB0122,0.21568825049873389,0.22920596706453386,53,0,predict_proba,0.395,constraints_met,1,4,RF,fb80954f908f0a8fec654d7f0bd2c8e8bca916a7ee8075726d83e223782fc38a,9eb1905b0d2d4dff99236976201e564cbe25ee258ba901ad38107c5c6b5846f0,True,0,1
GG0003,1,1,CVB0003,0.5132760056921729,0.5179178734190725,25,1,monotonic_transformed_decision_score_not_calibrated,0.485,constraints_met,1,4,SVM,73f9a81e69f10ff60d89c420dea462c8aa28c72f6bb372b8d127941f1caa6e3a,9eb1905b0d2d4dff99236976201e564cbe25ee258ba901ad38107c5c6b5846f0,True,0,1
GG0007,0,1,CVB0007,0.33571696774425364,0.36064499264484434,11,0,monotonic_transformed_decision_score_not_calibrated,0.485,constraints_met,1,4,SVM,73f9a81e69f10ff60d89c420dea462c8aa28c72f6bb372b8d127941f1caa6e3a,9eb1905b0d2d4dff99236976201e564cbe25ee258ba901ad38107c5c6b5846f0,True,0,1
GG0014,1,1,CVB0014,0.18823510263359497,0.2067608784318587,15,0,monotonic_transformed_decision_score_not_calibrated,0.485,constraints_met,1,4,SVM,73f9a81e69f10ff60d89c420dea462c8aa28c72f6bb372b8d127941f1caa6e3a,9eb1905b0d2d4dff99236976201e564cbe25ee258ba901ad38107c5c6b5846f0,True,0,1
GG0024,0,1,CVB0021,0.34830435020344064,0.36109169013022463,20,0,monotonic_transformed_decision_score_not_calibrated,0.485,constraints_met,1,4,SVM,73f9a81e69f10ff60d89c420dea462c8aa28c72f6bb372b8d127941f1caa6e3a,9eb1905b0d2d4dff99236976201e564cbe25ee258ba901ad38107c5c6b5846f0,True,0,1
GG0027,0,1,CVB0024,0.1320145178643281,0.2590718507841582,14,0,monotonic_transformed_decision_score_not_calibrated,0.485,constraints_met,1,4,SVM,73f9a81e69f10ff60d89c420dea462c8aa28c72f6bb372b8d127941f1caa6e3a,9eb1905b0d2d4dff99236976201e564cbe25ee258ba901ad38107c5c6b5846f0,True,0,1
GG0034,1,1,CVB0031,0.5900522258684847,0.5448709500468422,75,1,monotonic_transformed_decision_score_not_calibrated,0.485,constraints_met,1,4,SVM,73f9a81e69f10ff60d89c420dea462c8aa28c72f6bb372b8d127941f1caa6e3a,9eb1905b0d2d4dff99236976201e564cbe25ee258ba901ad38107c5c6b5846f0,True,0,1
GG0039,0,1,CVB0036,0.5149778182240995,0.47637812135616014,107,1,monotonic_transformed_decision_score_not_calibrated,0.485,constraints_met,1,4,SVM,73f9a81e69f10ff60d89c420dea462c8aa28c72f6bb372b8d127941f1caa6e3a,9eb1905b0d2d4dff99236976201e564cbe25ee258ba901ad38107c5c6b5846f0,True,0,1
GG0042,1,1,CVB0039,0.21512970872554008,0.20868635519044543,7,0,monotonic_transformed_decision_score_not_calibrated,0.485,constraints_met,1,4,SVM,73f9a81e69f10ff60d89c420dea462c8aa28c72f6bb372b8d127941f1caa6e3a,9eb1905b0d2d4dff99236976201e564cbe25ee258ba901ad38107c5c6b5846f0,True,0,1
GG0050,1,1,CVB0046,0.663253084292942,0.603154892354956,6,1,monotonic_transformed_decision_score_not_calibrated,0.485,constraints_met,1,4,SVM,73f9a81e69f10ff60d89c420dea462c8aa28c72f6bb372b8d127941f1caa6e3a,9eb1905b0d2d4dff99236976201e564cbe25ee258ba901ad38107c5c6b5846f0,True,0,1
GG0055,0,1,CVB0051,0.38593856394141374,0.4105714385943272,5,0,monotonic_transformed_decision_score_not_calibrated,0.485,constraints_met,1,4,SVM,73f9a81e69f10ff60d89c420dea462c8aa28c72f6bb372b8d127941f1caa6e3a,9eb1905b0d2d4dff99236976201e564cbe25ee258ba901ad38107c5c6b5846f0,True,0,1
GG0061,1,1,CVB0057,0.48830327696538894,0.4415097216288518,5,1,monotonic_transformed_decision_score_not_calibrated,0.485,constraints_met,1,4,SVM,73f9a81e69f10ff60d89c420dea462c8aa28c72f6bb372b8d127941f1caa6e3a,9eb1905b0d2d4dff99236976201e564cbe25ee258ba901ad38107c5c6b5846f0,True,0,1
GG0067,0,1,CVB0063,0.3890540205152302,0.36696783679250544,5,0,monotonic_transformed_decision_score_not_calibrated,0.485,constraints_met,1,4,SVM,73f9a81e69f10ff60d89c420dea462c8aa28c72f6bb372b8d127941f1caa6e3a,9eb1905b0d2d4dff99236976201e564cbe25ee258ba901ad38107c5c6b5846f0,True,0,1
GG0069,0,1,CVB0065,0.3014535352780586,0.3277208328284594,4,0,monotonic_transformed_decision_score_not_calibrated,0.485,constraints_met,1,4,SVM,73f9a81e69f10ff60d89c420dea462c8aa28c72f6bb372b8d127941f1caa6e3a,9eb1905b0d2d4dff99236976201e564cbe25ee258ba901ad38107c5c6b5846f0,True,0,1
GG0077,0,1,CVB0073,0.20339093624166854,0.2033916498136378,15,0,monotonic_transformed_decision_score_not_calibrated,0.485,constraints_met,1,4,SVM,73f9a81e69f10ff60d89c420dea462c8aa28c72f6bb372b8d127941f1caa6e3a,9eb1905b0d2d4dff99236976201e564cbe25ee258ba901ad38107c5c6b5846f0,True,0,1
GG0080,0,1,CVB0076,0.10953573985169598,0.11459624819121739,6,0,monotonic_transformed_decision_score_not_calibrated,0.485,constraints_met,1,4,SVM,73f9a81e69f10ff60d89c420dea462c8aa28c72f6bb372b8d127941f1caa6e3a,9eb1905b0d2d4dff99236976201e564cbe25ee258ba901ad38107c5c6b5846f0,True,0,1
GG0086,0,1,CVB0082,0.13076741353954222,0.13334356034610698,16,0,monotonic_transformed_decision_score_not_calibrated,0.485,constraints_met,1,4,SVM,73f9a81e69f10ff60d89c420dea462c8aa28c72f6bb372b8d127941f1caa6e3a,9eb1905b0d2d4dff99236976201e564cbe25ee258ba901ad38107c5c6b5846f0,True,0,1
GG0092,0,1,CVB0088,0.35567607790325273,0.32304239782403443,13,0,monotonic_transformed_decision_score_not_calibrated,0.485,constraints_met,1,4,SVM,73f9a81e69f10ff60d89c420dea462c8aa28c72f6bb372b8d127941f1caa6e3a,9eb1905b0d2d4dff99236976201e564cbe25ee258ba901ad38107c5c6b5846f0,True,0,1
GG0098,0,1,CVB0094,0.23228155175301812,0.26807877226356247,18,0,monotonic_transformed_decision_score_not_calibrated,0.485,constraints_met,1,4,SVM,73f9a81e69f10ff60d89c420dea462c8aa28c72f6bb372b8d127941f1caa6e3a,9eb1905b0d2d4dff99236976201e564cbe25ee258ba901ad38107c5c6b5846f0,True,0,1
GG0102,0,1,CVB0098,0.5184793685384064,0.5180833934510838,20,1,monotonic_transformed_decision_score_not_calibrated,0.485,constraints_met,1,4,SVM,73f9a81e69f10ff60d89c420dea462c8aa28c72f6bb372b8d127941f1caa6e3a,9eb1905b0d2d4dff99236976201e564cbe25ee258ba901ad38107c5c6b5846f0,True,0,1
GG0107,0,1,CVB0103,0.2820571229286448,0.29325145172008,5,0,monotonic_transformed_decision_score_not_calibrated,0.485,constraints_met,1,4,SVM,73f9a81e69f10ff60d89c420dea462c8aa28c72f6bb372b8d127941f1caa6e3a,9eb1905b0d2d4dff99236976201e564cbe25ee258ba901ad38107c5c6b5846f0,True,0,1
GG0109,0,1,CVB0105,0.24764076793773446,0.3114373718654383,9,0,monotonic_transformed_decision_score_not_calibrated,0.485,constraints_met,1,4,SVM,73f9a81e69f10ff60d89c420dea462c8aa28c72f6bb372b8d127941f1caa6e3a,9eb1905b0d2d4dff99236976201e564cbe25ee258ba901ad38107c5c6b5846f0,True,0,1
GG0114,0,1,CVB0110,0.3516937384926748,0.35240849971240834,16,0,monotonic_transformed_decision_score_not_calibrated,0.485,constraints_met,1,4,SVM,73f9a81e69f10ff60d89c420dea462c8aa28c72f6bb372b8d127941f1caa6e3a,9eb1905b0d2d4dff99236976201e564cbe25ee258ba901ad38107c5c6b5846f0,True,0,1
GG0122,0,1,CVB0118,0.16277103159671685,0.19384877390526986,19,0,monotonic_transformed_decision_score_not_calibrated,0.485,constraints_met,1,4,SVM,73f9a81e69f10ff60d89c420dea462c8aa28c72f6bb372b8d127941f1caa6e3a,9eb1905b0d2d4dff99236976201e564cbe25ee258ba901ad38107c5c6b5846f0,True,0,1
GG0126,0,1,CVB0122,0.1450380255167921,0.19327130735426593,53,0,monotonic_transformed_decision_score_not_calibrated,0.485,constraints_met,1,4,SVM,73f9a81e69f10ff60d89c420dea462c8aa28c72f6bb372b8d127941f1caa6e3a,9eb1905b0d2d4dff99236976201e564cbe25ee258ba901ad38107c5c6b5846f0,True,0,1
GG0003,1,1,CVB0003,0.8061806011155533,0.5720363743756047,25,1,predict_proba,0.12000000000000001,constraints_met,1,4,MLP,3f42412155d2efbc5c112cb100d2d5d1e427594006fe8a3a80388f5a93ebdf65,9eb1905b0d2d4dff99236976201e564cbe25ee258ba901ad38107c5c6b5846f0,True,75,1
GG0007,0,1,CVB0007,6.811072535222386e-06,0.09251350421436105,11,0,predict_proba,0.12000000000000001,constraints_met,1,4,MLP,3f42412155d2efbc5c112cb100d2d5d1e427594006fe8a3a80388f5a93ebdf65,9eb1905b0d2d4dff99236976201e564cbe25ee258ba901ad38107c5c6b5846f0,True,75,1
GG0014,1,1,CVB0014,0.002139117145198335,0.20593057369035728,15,0,predict_proba,0.12000000000000001,constraints_met,1,4,MLP,3f42412155d2efbc5c112cb100d2d5d1e427594006fe8a3a80388f5a93ebdf65,9eb1905b0d2d4dff99236976201e564cbe25ee258ba901ad38107c5c6b5846f0,True,75,1
GG0024,0,1,CVB0021,0.018205260479777385,0.33207625011151504,20,0,predict_proba,0.12000000000000001,constraints_met,1,4,MLP,3f42412155d2efbc5c112cb100d2d5d1e427594006fe8a3a80388f5a93ebdf65,9eb1905b0d2d4dff99236976201e564cbe25ee258ba901ad38107c5c6b5846f0,True,75,1
GG0027,0,1,CVB0024,3.8994953869987126e-19,0.21074974927662424,14,0,predict_proba,0.12000000000000001,constraints_met,1,4,MLP,3f42412155d2efbc5c112cb100d2d5d1e427594006fe8a3a80388f5a93ebdf65,9eb1905b0d2d4dff99236976201e564cbe25ee258ba901ad38107c5c6b5846f0,True,75,1
GG0034,1,1,CVB0031,0.9868453886726665,0.6650720955288288,75,1,predict_proba,0.12000000000000001,constraints_met,1,4,MLP,3f42412155d2efbc5c112cb100d2d5d1e427594006fe8a3a80388f5a93ebdf65,9eb1905b0d2d4dff99236976201e564cbe25ee258ba901ad38107c5c6b5846f0,True,75,1
GG0039,0,1,CVB0036,7.369169463483876e-06,0.2764520166767923,107,0,predict_proba,0.12000000000000001,constraints_met,1,4,MLP,3f42412155d2efbc5c112cb100d2d5d1e427594006fe8a3a80388f5a93ebdf65,9eb1905b0d2d4dff99236976201e564cbe25ee258ba901ad38107c5c6b5846f0,True,75,1
GG0042,1,1,CVB0039,8.602921103963122e-06,0.00029183862703232346,7,0,predict_proba,0.12000000000000001,constraints_met,1,4,MLP,3f42412155d2efbc5c112cb100d2d5d1e427594006fe8a3a80388f5a93ebdf65,9eb1905b0d2d4dff99236976201e564cbe25ee258ba901ad38107c5c6b5846f0,True,75,1
GG0050,1,1,CVB0046,0.9942407688245991,0.7163637945413912,6,1,predict_proba,0.12000000000000001,constraints_met,1,4,MLP,3f42412155d2efbc5c112cb100d2d5d1e427594006fe8a3a80388f5a93ebdf65,9eb1905b0d2d4dff99236976201e564cbe25ee258ba901ad38107c5c6b5846f0,True,75,1
GG0055,0,1,CVB0051,0.000441063020767745,0.1036504649233777,5,0,predict_proba,0.12000000000000001,constraints_met,1,4,MLP,3f42412155d2efbc5c112cb100d2d5d1e427594006fe8a3a80388f5a93ebdf65,9eb1905b0d2d4dff99236976201e564cbe25ee258ba901ad38107c5c6b5846f0,True,75,1
GG0061,1,1,CVB0057,0.06818169665891385,0.22632272952840427,5,0,predict_proba,0.12000000000000001,constraints_met,1,4,MLP,3f42412155d2efbc5c112cb100d2d5d1e427594006fe8a3a80388f5a93ebdf65,9eb1905b0d2d4dff99236976201e564cbe25ee258ba901ad38107c5c6b5846f0,True,75,1
GG0067,0,1,CVB0063,0.004360822672421463,0.0040781607707685,5,0,predict_proba,0.12000000000000001,constraints_met,1,4,MLP,3f42412155d2efbc5c112cb100d2d5d1e427594006fe8a3a80388f5a93ebdf65,9eb1905b0d2d4dff99236976201e564cbe25ee258ba901ad38107c5c6b5846f0,True,75,1
GG0069,0,1,CVB0065,0.9999983961335521,0.9999476457474437,4,1,predict_proba,0.12000000000000001,constraints_met,1,4,MLP,3f42412155d2efbc5c112cb100d2d5d1e427594006fe8a3a80388f5a93ebdf65,9eb1905b0d2d4dff99236976201e564cbe25ee258ba901ad38107c5c6b5846f0,True,75,1
GG0077,0,1,CVB0073,1.4704689064170641e-49,7.614865534922325e-47,15,0,predict_proba,0.12000000000000001,constraints_met,1,4,MLP,3f42412155d2efbc5c112cb100d2d5d1e427594006fe8a3a80388f5a93ebdf65,9eb1905b0d2d4dff99236976201e564cbe25ee258ba901ad38107c5c6b5846f0,True,75,1
GG0080,0,1,CVB0076,5.6768283817053344e-21,1.0634940173144297e-19,6,0,predict_proba,0.12000000000000001,constraints_met,1,4,MLP,3f42412155d2efbc5c112cb100d2d5d1e427594006fe8a3a80388f5a93ebdf65,9eb1905b0d2d4dff99236976201e564cbe25ee258ba901ad38107c5c6b5846f0,True,75,1
GG0086,0,1,CVB0082,7.3435370284579e-17,8.880397784313784e-08,16,0,predict_proba,0.12000000000000001,constraints_met,1,4,MLP,3f42412155d2efbc5c112cb100d2d5d1e427594006fe8a3a80388f5a93ebdf65,9eb1905b0d2d4dff99236976201e564cbe25ee258ba901ad38107c5c6b5846f0,True,75,1
GG0092,0,1,CVB0088,0.045167153094015484,0.342171645622705,13,0,predict_proba,0.12000000000000001,constraints_met,1,4,MLP,3f42412155d2efbc5c112cb100d2d5d1e427594006fe8a3a80388f5a93ebdf65,9eb1905b0d2d4dff99236976201e564cbe25ee258ba901ad38107c5c6b5846f0,True,75,1
GG0098,0,1,CVB0094,0.00030867699564309686,0.13473588007861226,18,0,predict_proba,0.12000000000000001,constraints_met,1,4,MLP,3f42412155d2efbc5c112cb100d2d5d1e427594006fe8a3a80388f5a93ebdf65,9eb1905b0d2d4dff99236976201e564cbe25ee258ba901ad38107c5c6b5846f0,True,75,1
GG0102,0,1,CVB0098,0.9236673646452644,0.6112640420601341,20,1,predict_proba,0.12000000000000001,constraints_met,1,4,MLP,3f42412155d2efbc5c112cb100d2d5d1e427594006fe8a3a80388f5a93ebdf65,9eb1905b0d2d4dff99236976201e564cbe25ee258ba901ad38107c5c6b5846f0,True,75,1
GG0107,0,1,CVB0103,2.268880217247635e-07,5.9809993993587735e-06,5,0,predict_proba,0.12000000000000001,constraints_met,1,4,MLP,3f42412155d2efbc5c112cb100d2d5d1e427594006fe8a3a80388f5a93ebdf65,9eb1905b0d2d4dff99236976201e564cbe25ee258ba901ad38107c5c6b5846f0,True,75,1
GG0109,0,1,CVB0105,0.0011803948016927228,0.17186578292600177,9,0,predict_proba,0.12000000000000001,constraints_met,1,4,MLP,3f42412155d2efbc5c112cb100d2d5d1e427594006fe8a3a80388f5a93ebdf65,9eb1905b0d2d4dff99236976201e564cbe25ee258ba901ad38107c5c6b5846f0,True,75,1
GG0114,0,1,CVB0110,4.3339631871755987e-07,0.03473597091708658,16,0,predict_proba,0.12000000000000001,constraints_met,1,4,MLP,3f42412155d2efbc5c112cb100d2d5d1e427594006fe8a3a80388f5a93ebdf65,9eb1905b0d2d4dff99236976201e564cbe25ee258ba901ad38107c5c6b5846f0,True,75,1
GG0122,0,1,CVB0118,6.809340881986652e-09,0.00019945814439596625,19,0,predict_proba,0.12000000000000001,constraints_met,1,4,MLP,3f42412155d2efbc5c112cb100d2d5d1e427594006fe8a3a80388f5a93ebdf65,9eb1905b0d2d4dff99236976201e564cbe25ee258ba901ad38107c5c6b5846f0,True,75,1
GG0126,0,1,CVB0122,6.878733154000075e-08,0.07939659530317646,53,0,predict_proba,0.12000000000000001,constraints_met,1,4,MLP,3f42412155d2efbc5c112cb100d2d5d1e427594006fe8a3a80388f5a93ebdf65,9eb1905b0d2d4dff99236976201e564cbe25ee258ba901ad38107c5c6b5846f0,True,75,1
GG0003,1,1,CVB0003,0.39292773604393005,0.43601964473724364,25,0,predict_proba,0.46499999999999997,constraints_met,1,4,XGBoost,2a8b1d148acd67bb10e93abe1211393f264d78f08459ade4caba8041b6f90760,9eb1905b0d2d4dff99236976201e564cbe25ee258ba901ad38107c5c6b5846f0,True,0,1
GG0007,0,1,CVB0007,0.20249894261360168,0.24976553734053264,11,0,predict_proba,0.46499999999999997,constraints_met,1,4,XGBoost,2a8b1d148acd67bb10e93abe1211393f264d78f08459ade4caba8041b6f90760,9eb1905b0d2d4dff99236976201e564cbe25ee258ba901ad38107c5c6b5846f0,True,0,1
GG0014,1,1,CVB0014,0.22141826152801514,0.245042056341966,15,0,predict_proba,0.46499999999999997,constraints_met,1,4,XGBoost,2a8b1d148acd67bb10e93abe1211393f264d78f08459ade4caba8041b6f90760,9eb1905b0d2d4dff99236976201e564cbe25ee258ba901ad38107c5c6b5846f0,True,0,1
GG0024,0,1,CVB0021,0.12095791846513748,0.22050770696951077,20,0,predict_proba,0.46499999999999997,constraints_met,1,4,XGBoost,2a8b1d148acd67bb10e93abe1211393f264d78f08459ade4caba8041b6f90760,9eb1905b0d2d4dff99236976201e564cbe25ee258ba901ad38107c5c6b5846f0,True,0,1
GG0027,0,1,CVB0024,0.0016062046634033322,0.19643819450720912,14,0,predict_proba,0.46499999999999997,constraints_met,1,4,XGBoost,2a8b1d148acd67bb10e93abe1211393f264d78f08459ade4caba8041b6f90760,9eb1905b0d2d4dff99236976201e564cbe25ee258ba901ad38107c5c6b5846f0,True,0,1
GG0034,1,1,CVB0031,0.6694198846817017,0.5809758778661489,75,1,predict_proba,0.46499999999999997,constraints_met,1,4,XGBoost,2a8b1d148acd67bb10e93abe1211393f264d78f08459ade4caba8041b6f90760,9eb1905b0d2d4dff99236976201e564cbe25ee258ba901ad38107c5c6b5846f0,True,0,1
GG0039,0,1,CVB0036,0.23855870962142944,0.2914840767734519,107,0,predict_proba,0.46499999999999997,constraints_met,1,4,XGBoost,2a8b1d148acd67bb10e93abe1211393f264d78f08459ade4caba8041b6f90760,9eb1905b0d2d4dff99236976201e564cbe25ee258ba901ad38107c5c6b5846f0,True,0,1
GG0042,1,1,CVB0039,0.05627857521176338,0.08983257412910461,7,0,predict_proba,0.46499999999999997,constraints_met,1,4,XGBoost,2a8b1d148acd67bb10e93abe1211393f264d78f08459ade4caba8041b6f90760,9eb1905b0d2d4dff99236976201e564cbe25ee258ba901ad38107c5c6b5846f0,True,0,1
GG0050,1,1,CVB0046,0.677110105752945,0.6871435443560282,6,1,predict_proba,0.46499999999999997,constraints_met,1,4,XGBoost,2a8b1d148acd67bb10e93abe1211393f264d78f08459ade4caba8041b6f90760,9eb1905b0d2d4dff99236976201e564cbe25ee258ba901ad38107c5c6b5846f0,True,0,1
GG0055,0,1,CVB0051,0.05223393440246582,0.0869953628629446,5,0,predict_proba,0.46499999999999997,constraints_met,1,4,XGBoost,2a8b1d148acd67bb10e93abe1211393f264d78f08459ade4caba8041b6f90760,9eb1905b0d2d4dff99236976201e564cbe25ee258ba901ad38107c5c6b5846f0,True,0,1
GG0061,1,1,CVB0057,0.6461233496665955,0.5741460442543029,5,1,predict_proba,0.46499999999999997,constraints_met,1,4,XGBoost,2a8b1d148acd67bb10e93abe1211393f264d78f08459ade4caba8041b6f90760,9eb1905b0d2d4dff99236976201e564cbe25ee258ba901ad38107c5c6b5846f0,True,0,1
GG0067,0,1,CVB0063,0.18124796450138092,0.1831794903613627,5,0,predict_proba,0.46499999999999997,constraints_met,1,4,XGBoost,2a8b1d148acd67bb10e93abe1211393f264d78f08459ade4caba8041b6f90760,9eb1905b0d2d4dff99236976201e564cbe25ee258ba901ad38107c5c6b5846f0,True,0,1
GG0069,0,1,CVB0065,0.32898780703544617,0.3020966164767742,4,0,predict_proba,0.46499999999999997,constraints_met,1,4,XGBoost,2a8b1d148acd67bb10e93abe1211393f264d78f08459ade4caba8041b6f90760,9eb1905b0d2d4dff99236976201e564cbe25ee258ba901ad38107c5c6b5846f0,True,0,1
GG0077,0,1,CVB0073,0.1386459618806839,0.15089172447721164,15,0,predict_proba,0.46499999999999997,constraints_met,1,4,XGBoost,2a8b1d148acd67bb10e93abe1211393f264d78f08459ade4caba8041b6f90760,9eb1905b0d2d4dff99236976201e564cbe25ee258ba901ad38107c5c6b5846f0,True,0,1
GG0080,0,1,CVB0076,0.0027112964307889342,0.002956549394487714,6,0,predict_proba,0.46499999999999997,constraints_met,1,4,XGBoost,2a8b1d148acd67bb10e93abe1211393f264d78f08459ade4caba8041b6f90760,9eb1905b0d2d4dff99236976201e564cbe25ee258ba901ad38107c5c6b5846f0,True,0,1
GG0086,0,1,CVB0082,0.006372996838763356,0.017419037452782504,16,0,predict_proba,0.46499999999999997,constraints_met,1,4,XGBoost,2a8b1d148acd67bb10e93abe1211393f264d78f08459ade4caba8041b6f90760,9eb1905b0d2d4dff99236976201e564cbe25ee258ba901ad38107c5c6b5846f0,True,0,1
GG0092,0,1,CVB0088,0.06853792071342468,0.11172597762197256,13,0,predict_proba,0.46499999999999997,constraints_met,1,4,XGBoost,2a8b1d148acd67bb10e93abe1211393f264d78f08459ade4caba8041b6f90760,9eb1905b0d2d4dff99236976201e564cbe25ee258ba901ad38107c5c6b5846f0,True,0,1
GG0098,0,1,CVB0094,0.0954015851020813,0.12742537477364144,18,0,predict_proba,0.46499999999999997,constraints_met,1,4,XGBoost,2a8b1d148acd67bb10e93abe1211393f264d78f08459ade4caba8041b6f90760,9eb1905b0d2d4dff99236976201e564cbe25ee258ba901ad38107c5c6b5846f0,True,0,1
GG0102,0,1,CVB0098,0.2845727875828743,0.40910623157396914,20,0,predict_proba,0.46499999999999997,constraints_met,1,4,XGBoost,2a8b1d148acd67bb10e93abe1211393f264d78f08459ade4caba8041b6f90760,9eb1905b0d2d4dff99236976201e564cbe25ee258ba901ad38107c5c6b5846f0,True,0,1
GG0107,0,1,CVB0103,0.11733357608318329,0.11926625594496727,5,0,predict_proba,0.46499999999999997,constraints_met,1,4,XGBoost,2a8b1d148acd67bb10e93abe1211393f264d78f08459ade4caba8041b6f90760,9eb1905b0d2d4dff99236976201e564cbe25ee258ba901ad38107c5c6b5846f0,True,0,1
GG0109,0,1,CVB0105,0.0446300245821476,0.10533702264850338,9,0,predict_proba,0.46499999999999997,constraints_met,1,4,XGBoost,2a8b1d148acd67bb10e93abe1211393f264d78f08459ade4caba8041b6f90760,9eb1905b0d2d4dff99236976201e564cbe25ee258ba901ad38107c5c6b5846f0,True,0,1
GG0114,0,1,CVB0110,0.31418104469776154,0.36411043256521225,16,0,predict_proba,0.46499999999999997,constraints_met,1,4,XGBoost,2a8b1d148acd67bb10e93abe1211393f264d78f08459ade4caba8041b6f90760,9eb1905b0d2d4dff99236976201e564cbe25ee258ba901ad38107c5c6b5846f0,True,0,1
GG0122,0,1,CVB0118,0.003857061732560396,0.005985723544941529,19,0,predict_proba,0.46499999999999997,constraints_met,1,4,XGBoost,2a8b1d148acd67bb10e93abe1211393f264d78f08459ade4caba8041b6f90760,9eb1905b0d2d4dff99236976201e564cbe25ee258ba901ad38107c5c6b5846f0,True,0,1
GG0126,0,1,CVB0122,0.010600009001791477,0.05186296533216626,53,0,predict_proba,0.46499999999999997,constraints_met,1,4,XGBoost,2a8b1d148acd67bb10e93abe1211393f264d78f08459ade4caba8041b6f90760,9eb1905b0d2d4dff99236976201e564cbe25ee258ba901ad38107c5c6b5846f0,True,0,1
GG0004,0,1,CVB0004,0.09718135490017023,0.17383354755842725,35,0,predict_proba,0.49,constraints_met,1,5,RF,0a1f82f77679a88d1a356b6b4711e4b425ebd6f1115a98bac96ad1d5b1d27c16,9eb1905b0d2d4dff99236976201e564cbe25ee258ba901ad38107c5c6b5846f0,True,0,1
GG0008,0,1,CVB0008,0.11714490217452582,0.16426537532422392,47,0,predict_proba,0.49,constraints_met,1,5,RF,0a1f82f77679a88d1a356b6b4711e4b425ebd6f1115a98bac96ad1d5b1d27c16,9eb1905b0d2d4dff99236976201e564cbe25ee258ba901ad38107c5c6b5846f0,True,0,1
GG0010,1,1,CVB0010,0.8178154749150424,0.7983435919830003,15,1,predict_proba,0.49,constraints_met,1,5,RF,0a1f82f77679a88d1a356b6b4711e4b425ebd6f1115a98bac96ad1d5b1d27c16,9eb1905b0d2d4dff99236976201e564cbe25ee258ba901ad38107c5c6b5846f0,True,0,1
GG0018,0,1,CVB0016,0.01931748496890203,0.03550945841620992,15,0,predict_proba,0.49,constraints_met,1,5,RF,0a1f82f77679a88d1a356b6b4711e4b425ebd6f1115a98bac96ad1d5b1d27c16,9eb1905b0d2d4dff99236976201e564cbe25ee258ba901ad38107c5c6b5846f0,True,0,1
GG0028,1,1,CVB0025,0.38578274123147516,0.4268670412091081,5,0,predict_proba,0.49,constraints_met,1,5,RF,0a1f82f77679a88d1a356b6b4711e4b425ebd6f1115a98bac96ad1d5b1d27c16,9eb1905b0d2d4dff99236976201e564cbe25ee258ba901ad38107c5c6b5846f0,True,0,1
GG0035,1,1,CVB0032,0.3713350740185048,0.40013989615578566,72,0,predict_proba,0.49,constraints_met,1,5,RF,0a1f82f77679a88d1a356b6b4711e4b425ebd6f1115a98bac96ad1d5b1d27c16,9eb1905b0d2d4dff99236976201e564cbe25ee258ba901ad38107c5c6b5846f0,True,0,1
GG0040,0,1,CVB0037,0.0011005933673911403,0.005396959570689913,33,0,predict_proba,0.49,constraints_met,1,5,RF,0a1f82f77679a88d1a356b6b4711e4b425ebd6f1115a98bac96ad1d5b1d27c16,9eb1905b0d2d4dff99236976201e564cbe25ee258ba901ad38107c5c6b5846f0,True,0,1
GG0043,1,1,CVB0040,0.5507501863832003,0.5166543215048414,6,1,predict_proba,0.49,constraints_met,1,5,RF,0a1f82f77679a88d1a356b6b4711e4b425ebd6f1115a98bac96ad1d5b1d27c16,9eb1905b0d2d4dff99236976201e564cbe25ee258ba901ad38107c5c6b5846f0,True,0,1
GG0044,0,1,CVB0010,0.7038208762036038,0.702939502168631,12,1,predict_proba,0.49,constraints_met,1,5,RF,0a1f82f77679a88d1a356b6b4711e4b425ebd6f1115a98bac96ad1d5b1d27c16,9eb1905b0d2d4dff99236976201e564cbe25ee258ba901ad38107c5c6b5846f0,True,0,1
GG0051,1,1,CVB0047,0.54880018803582,0.5652108052389472,5,1,predict_proba,0.49,constraints_met,1,5,RF,0a1f82f77679a88d1a356b6b4711e4b425ebd6f1115a98bac96ad1d5b1d27c16,9eb1905b0d2d4dff99236976201e564cbe25ee258ba901ad38107c5c6b5846f0,True,0,1
GG0056,1,1,CVB0052,0.03129119117722285,0.046620827597442856,8,0,predict_proba,0.49,constraints_met,1,5,RF,0a1f82f77679a88d1a356b6b4711e4b425ebd6f1115a98bac96ad1d5b1d27c16,9eb1905b0d2d4dff99236976201e564cbe25ee258ba901ad38107c5c6b5846f0,True,0,1
GG0062,1,1,CVB0058,0.19069823768119473,0.1830144144885361,7,0,predict_proba,0.49,constraints_met,1,5,RF,0a1f82f77679a88d1a356b6b4711e4b425ebd6f1115a98bac96ad1d5b1d27c16,9eb1905b0d2d4dff99236976201e564cbe25ee258ba901ad38107c5c6b5846f0,True,0,1
GG0068,0,1,CVB0064,0.3275250758770984,0.3166427651641673,5,0,predict_proba,0.49,constraints_met,1,5,RF,0a1f82f77679a88d1a356b6b4711e4b425ebd6f1115a98bac96ad1d5b1d27c16,9eb1905b0d2d4dff99236976201e564cbe25ee258ba901ad38107c5c6b5846f0,True,0,1
GG0070,0,1,CVB0066,0.020289258811849717,0.0346479421639904,14,0,predict_proba,0.49,constraints_met,1,5,RF,0a1f82f77679a88d1a356b6b4711e4b425ebd6f1115a98bac96ad1d5b1d27c16,9eb1905b0d2d4dff99236976201e564cbe25ee258ba901ad38107c5c6b5846f0,True,0,1
GG0078,0,1,CVB0074,0.08042947596201995,0.16597304465089063,34,0,predict_proba,0.49,constraints_met,1,5,RF,0a1f82f77679a88d1a356b6b4711e4b425ebd6f1115a98bac96ad1d5b1d27c16,9eb1905b0d2d4dff99236976201e564cbe25ee258ba901ad38107c5c6b5846f0,True,0,1
GG0082,0,1,CVB0078,0.051648452201738575,0.056487516001316566,11,0,predict_proba,0.49,constraints_met,1,5,RF,0a1f82f77679a88d1a356b6b4711e4b425ebd6f1115a98bac96ad1d5b1d27c16,9eb1905b0d2d4dff99236976201e564cbe25ee258ba901ad38107c5c6b5846f0,True,0,1
GG0088,0,1,CVB0084,0.05508662284549444,0.06637830211387265,15,0,predict_proba,0.49,constraints_met,1,5,RF,0a1f82f77679a88d1a356b6b4711e4b425ebd6f1115a98bac96ad1d5b1d27c16,9eb1905b0d2d4dff99236976201e564cbe25ee258ba901ad38107c5c6b5846f0,True,0,1
GG0093,0,1,CVB0089,0.29707748199489187,0.3960498649834093,21,0,predict_proba,0.49,constraints_met,1,5,RF,0a1f82f77679a88d1a356b6b4711e4b425ebd6f1115a98bac96ad1d5b1d27c16,9eb1905b0d2d4dff99236976201e564cbe25ee258ba901ad38107c5c6b5846f0,True,0,1
GG0095,0,1,CVB0091,0.22195744245680726,0.23344189893404238,33,0,predict_proba,0.49,constraints_met,1,5,RF,0a1f82f77679a88d1a356b6b4711e4b425ebd6f1115a98bac96ad1d5b1d27c16,9eb1905b0d2d4dff99236976201e564cbe25ee258ba901ad38107c5c6b5846f0,True,0,1
GG0100,0,1,CVB0096,0.012861555643249655,0.014092900821462683,13,0,predict_proba,0.49,constraints_met,1,5,RF,0a1f82f77679a88d1a356b6b4711e4b425ebd6f1115a98bac96ad1d5b1d27c16,9eb1905b0d2d4dff99236976201e564cbe25ee258ba901ad38107c5c6b5846f0,True,0,1
GG0108,0,1,CVB0104,0.020683924628935,0.044898915219458414,40,0,predict_proba,0.49,constraints_met,1,5,RF,0a1f82f77679a88d1a356b6b4711e4b425ebd6f1115a98bac96ad1d5b1d27c16,9eb1905b0d2d4dff99236976201e564cbe25ee258ba901ad38107c5c6b5846f0,True,0,1
GG0113,0,1,CVB0109,0.0023218975320050098,0.006177723119941887,12,0,predict_proba,0.49,constraints_met,1,5,RF,0a1f82f77679a88d1a356b6b4711e4b425ebd6f1115a98bac96ad1d5b1d27c16,9eb1905b0d2d4dff99236976201e564cbe25ee258ba901ad38107c5c6b5846f0,True,0,1
GG0117,0,1,CVB0113,0.004495426620702658,0.013890934524989572,26,0,predict_proba,0.49,constraints_met,1,5,RF,0a1f82f77679a88d1a356b6b4711e4b425ebd6f1115a98bac96ad1d5b1d27c16,9eb1905b0d2d4dff99236976201e564cbe25ee258ba901ad38107c5c6b5846f0,True,0,1
GG0119,0,1,CVB0115,0.26892288807426323,0.24793072544710942,5,0,predict_proba,0.49,constraints_met,1,5,RF,0a1f82f77679a88d1a356b6b4711e4b425ebd6f1115a98bac96ad1d5b1d27c16,9eb1905b0d2d4dff99236976201e564cbe25ee258ba901ad38107c5c6b5846f0,True,0,1
GG0127,0,1,CVB0123,0.0033861151688226333,0.0047656175069641475,3,0,predict_proba,0.49,constraints_met,1,5,RF,0a1f82f77679a88d1a356b6b4711e4b425ebd6f1115a98bac96ad1d5b1d27c16,9eb1905b0d2d4dff99236976201e564cbe25ee258ba901ad38107c5c6b5846f0,True,0,1
GG0004,0,1,CVB0004,0.2641321030788804,0.2982632005776489,35,0,monotonic_transformed_decision_score_not_calibrated,0.46499999999999997,constraints_met,1,5,SVM,d59f5a2979c0f15c7662a57de41f8255b1f6ef840e3687133496f4c13628c441,9eb1905b0d2d4dff99236976201e564cbe25ee258ba901ad38107c5c6b5846f0,True,0,1
GG0008,0,1,CVB0008,0.2306323578196928,0.2571018161837424,47,0,monotonic_transformed_decision_score_not_calibrated,0.46499999999999997,constraints_met,1,5,SVM,d59f5a2979c0f15c7662a57de41f8255b1f6ef840e3687133496f4c13628c441,9eb1905b0d2d4dff99236976201e564cbe25ee258ba901ad38107c5c6b5846f0,True,0,1
GG0010,1,1,CVB0010,0.766690798077351,0.712562052292895,15,1,monotonic_transformed_decision_score_not_calibrated,0.46499999999999997,constraints_met,1,5,SVM,d59f5a2979c0f15c7662a57de41f8255b1f6ef840e3687133496f4c13628c441,9eb1905b0d2d4dff99236976201e564cbe25ee258ba901ad38107c5c6b5846f0,True,0,1
GG0018,0,1,CVB0016,0.30314652364007777,0.30490328607218414,15,0,monotonic_transformed_decision_score_not_calibrated,0.46499999999999997,constraints_met,1,5,SVM,d59f5a2979c0f15c7662a57de41f8255b1f6ef840e3687133496f4c13628c441,9eb1905b0d2d4dff99236976201e564cbe25ee258ba901ad38107c5c6b5846f0,True,0,1
GG0028,1,1,CVB0025,0.474628566528275,0.4757847889861391,5,1,monotonic_transformed_decision_score_not_calibrated,0.46499999999999997,constraints_met,1,5,SVM,d59f5a2979c0f15c7662a57de41f8255b1f6ef840e3687133496f4c13628c441,9eb1905b0d2d4dff99236976201e564cbe25ee258ba901ad38107c5c6b5846f0,True,0,1
GG0035,1,1,CVB0032,0.3551112806736897,0.3916681451191131,72,0,monotonic_transformed_decision_score_not_calibrated,0.46499999999999997,constraints_met,1,5,SVM,d59f5a2979c0f15c7662a57de41f8255b1f6ef840e3687133496f4c13628c441,9eb1905b0d2d4dff99236976201e564cbe25ee258ba901ad38107c5c6b5846f0,True,0,1
GG0040,0,1,CVB0037,0.06250894869171437,0.08269206917994831,33,0,monotonic_transformed_decision_score_not_calibrated,0.46499999999999997,constraints_met,1,5,SVM,d59f5a2979c0f15c7662a57de41f8255b1f6ef840e3687133496f4c13628c441,9eb1905b0d2d4dff99236976201e564cbe25ee258ba901ad38107c5c6b5846f0,True,0,1
GG0043,1,1,CVB0040,0.6017182701403516,0.642824676472254,6,1,monotonic_transformed_decision_score_not_calibrated,0.46499999999999997,constraints_met,1,5,SVM,d59f5a2979c0f15c7662a57de41f8255b1f6ef840e3687133496f4c13628c441,9eb1905b0d2d4dff99236976201e564cbe25ee258ba901ad38107c5c6b5846f0,True,0,1
GG0044,0,1,CVB0010,0.6528164579097818,0.6068983386613629,12,1,monotonic_transformed_decision_score_not_calibrated,0.46499999999999997,constraints_met,1,5,SVM,d59f5a2979c0f15c7662a57de41f8255b1f6ef840e3687133496f4c13628c441,9eb1905b0d2d4dff99236976201e564cbe25ee258ba901ad38107c5c6b5846f0,True,0,1
GG0051,1,1,CVB0047,0.5146927613151643,0.49370023269000296,5,1,monotonic_transformed_decision_score_not_calibrated,0.46499999999999997,constraints_met,1,5,SVM,d59f5a2979c0f15c7662a57de41f8255b1f6ef840e3687133496f4c13628c441,9eb1905b0d2d4dff99236976201e564cbe25ee258ba901ad38107c5c6b5846f0,True,0,1
GG0056,1,1,CVB0052,0.184533121634527,0.22129050979409115,8,0,monotonic_transformed_decision_score_not_calibrated,0.46499999999999997,constraints_met,1,5,SVM,d59f5a2979c0f15c7662a57de41f8255b1f6ef840e3687133496f4c13628c441,9eb1905b0d2d4dff99236976201e564cbe25ee258ba901ad38107c5c6b5846f0,True,0,1
GG0062,1,1,CVB0058,0.29288161417781466,0.3451119148770063,7,0,monotonic_transformed_decision_score_not_calibrated,0.46499999999999997,constraints_met,1,5,SVM,d59f5a2979c0f15c7662a57de41f8255b1f6ef840e3687133496f4c13628c441,9eb1905b0d2d4dff99236976201e564cbe25ee258ba901ad38107c5c6b5846f0,True,0,1
GG0068,0,1,CVB0064,0.4208501762119743,0.4104570358913652,5,0,monotonic_transformed_decision_score_not_calibrated,0.46499999999999997,constraints_met,1,5,SVM,d59f5a2979c0f15c7662a57de41f8255b1f6ef840e3687133496f4c13628c441,9eb1905b0d2d4dff99236976201e564cbe25ee258ba901ad38107c5c6b5846f0,True,0,1
GG0070,0,1,CVB0066,0.09539634196406047,0.10422840360682119,14,0,monotonic_transformed_decision_score_not_calibrated,0.46499999999999997,constraints_met,1,5,SVM,d59f5a2979c0f15c7662a57de41f8255b1f6ef840e3687133496f4c13628c441,9eb1905b0d2d4dff99236976201e564cbe25ee258ba901ad38107c5c6b5846f0,True,0,1
GG0078,0,1,CVB0074,0.25157661206738047,0.27266442547154257,34,0,monotonic_transformed_decision_score_not_calibrated,0.46499999999999997,constraints_met,1,5,SVM,d59f5a2979c0f15c7662a57de41f8255b1f6ef840e3687133496f4c13628c441,9eb1905b0d2d4dff99236976201e564cbe25ee258ba901ad38107c5c6b5846f0,True,0,1
GG0082,0,1,CVB0078,0.19121580199457788,0.19553427112404134,11,0,monotonic_transformed_decision_score_not_calibrated,0.46499999999999997,constraints_met,1,5,SVM,d59f5a2979c0f15c7662a57de41f8255b1f6ef840e3687133496f4c13628c441,9eb1905b0d2d4dff99236976201e564cbe25ee258ba901ad38107c5c6b5846f0,True,0,1
GG0088,0,1,CVB0084,0.22297808550431672,0.23395845937516752,15,0,monotonic_transformed_decision_score_not_calibrated,0.46499999999999997,constraints_met,1,5,SVM,d59f5a2979c0f15c7662a57de41f8255b1f6ef840e3687133496f4c13628c441,9eb1905b0d2d4dff99236976201e564cbe25ee258ba901ad38107c5c6b5846f0,True,0,1
GG0093,0,1,CVB0089,0.3369964861400098,0.4320909951848358,21,0,monotonic_transformed_decision_score_not_calibrated,0.46499999999999997,constraints_met,1,5,SVM,d59f5a2979c0f15c7662a57de41f8255b1f6ef840e3687133496f4c13628c441,9eb1905b0d2d4dff99236976201e564cbe25ee258ba901ad38107c5c6b5846f0,True,0,1
GG0095,0,1,CVB0091,0.31869838913470255,0.3052675350021781,33,0,monotonic_transformed_decision_score_not_calibrated,0.46499999999999997,constraints_met,1,5,SVM,d59f5a2979c0f15c7662a57de41f8255b1f6ef840e3687133496f4c13628c441,9eb1905b0d2d4dff99236976201e564cbe25ee258ba901ad38107c5c6b5846f0,True,0,1
GG0100,0,1,CVB0096,0.11306551116531097,0.11100394224159124,13,0,monotonic_transformed_decision_score_not_calibrated,0.46499999999999997,constraints_met,1,5,SVM,d59f5a2979c0f15c7662a57de41f8255b1f6ef840e3687133496f4c13628c441,9eb1905b0d2d4dff99236976201e564cbe25ee258ba901ad38107c5c6b5846f0,True,0,1
GG0108,0,1,CVB0104,0.29546449959917526,0.2934298998996249,40,0,monotonic_transformed_decision_score_not_calibrated,0.46499999999999997,constraints_met,1,5,SVM,d59f5a2979c0f15c7662a57de41f8255b1f6ef840e3687133496f4c13628c441,9eb1905b0d2d4dff99236976201e564cbe25ee258ba901ad38107c5c6b5846f0,True,0,1
GG0113,0,1,CVB0109,0.08111243529404179,0.10312850307369592,12,0,monotonic_transformed_decision_score_not_calibrated,0.46499999999999997,constraints_met,1,5,SVM,d59f5a2979c0f15c7662a57de41f8255b1f6ef840e3687133496f4c13628c441,9eb1905b0d2d4dff99236976201e564cbe25ee258ba901ad38107c5c6b5846f0,True,0,1
GG0117,0,1,CVB0113,0.11561861869556969,0.12149091000742361,26,0,monotonic_transformed_decision_score_not_calibrated,0.46499999999999997,constraints_met,1,5,SVM,d59f5a2979c0f15c7662a57de41f8255b1f6ef840e3687133496f4c13628c441,9eb1905b0d2d4dff99236976201e564cbe25ee258ba901ad38107c5c6b5846f0,True,0,1
GG0119,0,1,CVB0115,0.3550996236696067,0.30522473681568074,5,0,monotonic_transformed_decision_score_not_calibrated,0.46499999999999997,constraints_met,1,5,SVM,d59f5a2979c0f15c7662a57de41f8255b1f6ef840e3687133496f4c13628c441,9eb1905b0d2d4dff99236976201e564cbe25ee258ba901ad38107c5c6b5846f0,True,0,1
GG0127,0,1,CVB0123,0.17429961774290084,0.1786472141064733,3,0,monotonic_transformed_decision_score_not_calibrated,0.46499999999999997,constraints_met,1,5,SVM,d59f5a2979c0f15c7662a57de41f8255b1f6ef840e3687133496f4c13628c441,9eb1905b0d2d4dff99236976201e564cbe25ee258ba901ad38107c5c6b5846f0,True,0,1
GG0004,0,1,CVB0004,1.1627239101441283e-07,0.1235098258966072,35,0,predict_proba,0.275,constraints_met,1,5,MLP,acb49521732b9bcf049542a2dea5a4b7f812ac36c18c2e327600257eb9f88370,9eb1905b0d2d4dff99236976201e564cbe25ee258ba901ad38107c5c6b5846f0,True,358,1
GG0008,0,1,CVB0008,0.01781261548981328,0.1983480334211101,47,0,predict_proba,0.275,constraints_met,1,5,MLP,acb49521732b9bcf049542a2dea5a4b7f812ac36c18c2e327600257eb9f88370,9eb1905b0d2d4dff99236976201e564cbe25ee258ba901ad38107c5c6b5846f0,True,358,1
GG0010,1,1,CVB0010,0.9995849332274042,0.9883715266843972,15,1,predict_proba,0.275,constraints_met,1,5,MLP,acb49521732b9bcf049542a2dea5a4b7f812ac36c18c2e327600257eb9f88370,9eb1905b0d2d4dff99236976201e564cbe25ee258ba901ad38107c5c6b5846f0,True,358,1
GG0018,0,1,CVB0016,2.4120005006525112e-14,1.3785617411277544e-09,15,0,predict_proba,0.275,constraints_met,1,5,MLP,acb49521732b9bcf049542a2dea5a4b7f812ac36c18c2e327600257eb9f88370,9eb1905b0d2d4dff99236976201e564cbe25ee258ba901ad38107c5c6b5846f0,True,358,1
GG0028,1,1,CVB0025,0.4268430164038194,0.44785402599722757,5,1,predict_proba,0.275,constraints_met,1,5,MLP,acb49521732b9bcf049542a2dea5a4b7f812ac36c18c2e327600257eb9f88370,9eb1905b0d2d4dff99236976201e564cbe25ee258ba901ad38107c5c6b5846f0,True,358,1
GG0035,1,1,CVB0032,1.0536631830320553e-37,0.10368109781873756,72,0,predict_proba,0.275,constraints_met,1,5,MLP,acb49521732b9bcf049542a2dea5a4b7f812ac36c18c2e327600257eb9f88370,9eb1905b0d2d4dff99236976201e564cbe25ee258ba901ad38107c5c6b5846f0,True,358,1
GG0040,0,1,CVB0037,9.535694692643936e-12,2.1971235140828314e-08,33,0,predict_proba,0.275,constraints_met,1,5,MLP,acb49521732b9bcf049542a2dea5a4b7f812ac36c18c2e327600257eb9f88370,9eb1905b0d2d4dff99236976201e564cbe25ee258ba901ad38107c5c6b5846f0,True,358,1
GG0043,1,1,CVB0040,0.11504805142486299,0.25422041965970227,6,0,predict_proba,0.275,constraints_met,1,5,MLP,acb49521732b9bcf049542a2dea5a4b7f812ac36c18c2e327600257eb9f88370,9eb1905b0d2d4dff99236976201e564cbe25ee258ba901ad38107c5c6b5846f0,True,358,1
GG0044,0,1,CVB0010,0.9809788119031377,0.7891934021607154,12,1,predict_proba,0.275,constraints_met,1,5,MLP,acb49521732b9bcf049542a2dea5a4b7f812ac36c18c2e327600257eb9f88370,9eb1905b0d2d4dff99236976201e564cbe25ee258ba901ad38107c5c6b5846f0,True,358,1
GG0051,1,1,CVB0047,0.7119877406892557,0.5476212934429215,5,1,predict_proba,0.275,constraints_met,1,5,MLP,acb49521732b9bcf049542a2dea5a4b7f812ac36c18c2e327600257eb9f88370,9eb1905b0d2d4dff99236976201e564cbe25ee258ba901ad38107c5c6b5846f0,True,358,1
GG0056,1,1,CVB0052,0.09325919433014343,0.21598211203206683,8,0,predict_proba,0.275,constraints_met,1,5,MLP,acb49521732b9bcf049542a2dea5a4b7f812ac36c18c2e327600257eb9f88370,9eb1905b0d2d4dff99236976201e564cbe25ee258ba901ad38107c5c6b5846f0,True,358,1
GG0062,1,1,CVB0058,0.026619657288514103,0.31588496123483917,7,0,predict_proba,0.275,constraints_met,1,5,MLP,acb49521732b9bcf049542a2dea5a4b7f812ac36c18c2e327600257eb9f88370,9eb1905b0d2d4dff99236976201e564cbe25ee258ba901ad38107c5c6b5846f0,True,358,1
GG0068,0,1,CVB0064,0.13296027882740588,0.12687574962759668,5,0,predict_proba,0.275,constraints_met,1,5,MLP,acb49521732b9bcf049542a2dea5a4b7f812ac36c18c2e327600257eb9f88370,9eb1905b0d2d4dff99236976201e564cbe25ee258ba901ad38107c5c6b5846f0,True,358,1
GG0070,0,1,CVB0066,7.075761607482114e-07,8.633825494070173e-06,14,0,predict_proba,0.275,constraints_met,1,5,MLP,acb49521732b9bcf049542a2dea5a4b7f812ac36c18c2e327600257eb9f88370,9eb1905b0d2d4dff99236976201e564cbe25ee258ba901ad38107c5c6b5846f0,True,358,1
GG0078,0,1,CVB0074,0.00016018067049993815,0.14991397186062125,34,0,predict_proba,0.275,constraints_met,1,5,MLP,acb49521732b9bcf049542a2dea5a4b7f812ac36c18c2e327600257eb9f88370,9eb1905b0d2d4dff99236976201e564cbe25ee258ba901ad38107c5c6b5846f0,True,358,1
GG0082,0,1,CVB0078,0.0021498280134920294,0.012562388357537986,11,0,predict_proba,0.275,constraints_met,1,5,MLP,acb49521732b9bcf049542a2dea5a4b7f812ac36c18c2e327600257eb9f88370,9eb1905b0d2d4dff99236976201e564cbe25ee258ba901ad38107c5c6b5846f0,True,358,1
GG0088,0,1,CVB0084,3.849487114955806e-07,9.66163411855446e-06,15,0,predict_proba,0.275,constraints_met,1,5,MLP,acb49521732b9bcf049542a2dea5a4b7f812ac36c18c2e327600257eb9f88370,9eb1905b0d2d4dff99236976201e564cbe25ee258ba901ad38107c5c6b5846f0,True,358,1
GG0093,0,1,CVB0089,0.0008038036367226826,0.26385577766163404,21,0,predict_proba,0.275,constraints_met,1,5,MLP,acb49521732b9bcf049542a2dea5a4b7f812ac36c18c2e327600257eb9f88370,9eb1905b0d2d4dff99236976201e564cbe25ee258ba901ad38107c5c6b5846f0,True,358,1
GG0095,0,1,CVB0091,6.458696406378534e-07,0.029376050805969712,33,0,predict_proba,0.275,constraints_met,1,5,MLP,acb49521732b9bcf049542a2dea5a4b7f812ac36c18c2e327600257eb9f88370,9eb1905b0d2d4dff99236976201e564cbe25ee258ba901ad38107c5c6b5846f0,True,358,1
GG0100,0,1,CVB0096,2.4823958397519658e-06,0.00010032245796269856,13,0,predict_proba,0.275,constraints_met,1,5,MLP,acb49521732b9bcf049542a2dea5a4b7f812ac36c18c2e327600257eb9f88370,9eb1905b0d2d4dff99236976201e564cbe25ee258ba901ad38107c5c6b5846f0,True,358,1
GG0108,0,1,CVB0104,1.671185104484548e-11,0.0007245470056271383,40,0,predict_proba,0.275,constraints_met,1,5,MLP,acb49521732b9bcf049542a2dea5a4b7f812ac36c18c2e327600257eb9f88370,9eb1905b0d2d4dff99236976201e564cbe25ee258ba901ad38107c5c6b5846f0,True,358,1
GG0113,0,1,CVB0109,2.5284557990657957e-08,0.003885188482746447,12,0,predict_proba,0.275,constraints_met,1,5,MLP,acb49521732b9bcf049542a2dea5a4b7f812ac36c18c2e327600257eb9f88370,9eb1905b0d2d4dff99236976201e564cbe25ee258ba901ad38107c5c6b5846f0,True,358,1
GG0117,0,1,CVB0113,1.1382709223372594e-08,1.4509388763563055e-07,26,0,predict_proba,0.275,constraints_met,1,5,MLP,acb49521732b9bcf049542a2dea5a4b7f812ac36c18c2e327600257eb9f88370,9eb1905b0d2d4dff99236976201e564cbe25ee258ba901ad38107c5c6b5846f0,True,358,1
GG0119,0,1,CVB0115,0.00022338081253100265,0.39977897077084934,5,0,predict_proba,0.275,constraints_met,1,5,MLP,acb49521732b9bcf049542a2dea5a4b7f812ac36c18c2e327600257eb9f88370,9eb1905b0d2d4dff99236976201e564cbe25ee258ba901ad38107c5c6b5846f0,True,358,1
GG0127,0,1,CVB0123,4.902004781414654e-12,4.026440944082412e-12,3,0,predict_proba,0.275,constraints_met,1,5,MLP,acb49521732b9bcf049542a2dea5a4b7f812ac36c18c2e327600257eb9f88370,9eb1905b0d2d4dff99236976201e564cbe25ee258ba901ad38107c5c6b5846f0,True,358,1
GG0004,0,1,CVB0004,0.0019834369886666536,0.13260410859220428,35,0,predict_proba,0.33,constraints_met,1,5,XGBoost,5f62d3872bc5b0320c77367b04fd72f500b433ab1cfe1ba74280d204b50cc69f,9eb1905b0d2d4dff99236976201e564cbe25ee258ba901ad38107c5c6b5846f0,True,0,1
GG0008,0,1,CVB0008,0.02349976636469364,0.07495053019374609,47,0,predict_proba,0.33,constraints_met,1,5,XGBoost,5f62d3872bc5b0320c77367b04fd72f500b433ab1cfe1ba74280d204b50cc69f,9eb1905b0d2d4dff99236976201e564cbe25ee258ba901ad38107c5c6b5846f0,True,0,1
GG0010,1,1,CVB0010,0.9247711300849915,0.8921311934789021,15,1,predict_proba,0.33,constraints_met,1,5,XGBoost,5f62d3872bc5b0320c77367b04fd72f500b433ab1cfe1ba74280d204b50cc69f,9eb1905b0d2d4dff99236976201e564cbe25ee258ba901ad38107c5c6b5846f0,True,0,1
GG0018,0,1,CVB0016,0.0003809936170000583,0.00045918587275082243,15,0,predict_proba,0.33,constraints_met,1,5,XGBoost,5f62d3872bc5b0320c77367b04fd72f500b433ab1cfe1ba74280d204b50cc69f,9eb1905b0d2d4dff99236976201e564cbe25ee258ba901ad38107c5c6b5846f0,True,0,1
GG0028,1,1,CVB0025,0.4032030999660492,0.44822326898574827,5,1,predict_proba,0.33,constraints_met,1,5,XGBoost,5f62d3872bc5b0320c77367b04fd72f500b433ab1cfe1ba74280d204b50cc69f,9eb1905b0d2d4dff99236976201e564cbe25ee258ba901ad38107c5c6b5846f0,True,0,1
GG0035,1,1,CVB0032,0.03936736099421978,0.15871350955502647,72,0,predict_proba,0.33,constraints_met,1,5,XGBoost,5f62d3872bc5b0320c77367b04fd72f500b433ab1cfe1ba74280d204b50cc69f,9eb1905b0d2d4dff99236976201e564cbe25ee258ba901ad38107c5c6b5846f0,True,0,1
GG0040,0,1,CVB0037,0.00013158108049537987,0.0001995348054950944,33,0,predict_proba,0.33,constraints_met,1,5,XGBoost,5f62d3872bc5b0320c77367b04fd72f500b433ab1cfe1ba74280d204b50cc69f,9eb1905b0d2d4dff99236976201e564cbe25ee258ba901ad38107c5c6b5846f0,True,0,1
GG0043,1,1,CVB0040,0.764604777097702,0.6900341957807541,6,1,predict_proba,0.33,constraints_met,1,5,XGBoost,5f62d3872bc5b0320c77367b04fd72f500b433ab1cfe1ba74280d204b50cc69f,9eb1905b0d2d4dff99236976201e564cbe25ee258ba901ad38107c5c6b5846f0,True,0,1
GG0044,0,1,CVB0010,0.920867383480072,0.8942069063584009,12,1,predict_proba,0.33,constraints_met,1,5,XGBoost,5f62d3872bc5b0320c77367b04fd72f500b433ab1cfe1ba74280d204b50cc69f,9eb1905b0d2d4dff99236976201e564cbe25ee258ba901ad38107c5c6b5846f0,True,0,1
GG0051,1,1,CVB0047,0.7229850888252258,0.6951749980449676,5,1,predict_proba,0.33,constraints_met,1,5,XGBoost,5f62d3872bc5b0320c77367b04fd72f500b433ab1cfe1ba74280d204b50cc69f,9eb1905b0d2d4dff99236976201e564cbe25ee258ba901ad38107c5c6b5846f0,True,0,1
GG0056,1,1,CVB0052,0.04882253706455231,0.05543065146775916,8,0,predict_proba,0.33,constraints_met,1,5,XGBoost,5f62d3872bc5b0320c77367b04fd72f500b433ab1cfe1ba74280d204b50cc69f,9eb1905b0d2d4dff99236976201e564cbe25ee258ba901ad38107c5c6b5846f0,True,0,1
GG0062,1,1,CVB0058,0.028622977435588837,0.08327787928283215,7,0,predict_proba,0.33,constraints_met,1,5,XGBoost,5f62d3872bc5b0320c77367b04fd72f500b433ab1cfe1ba74280d204b50cc69f,9eb1905b0d2d4dff99236976201e564cbe25ee258ba901ad38107c5c6b5846f0,True,0,1
GG0068,0,1,CVB0064,0.10403154045343399,0.15139714404940605,5,0,predict_proba,0.33,constraints_met,1,5,XGBoost,5f62d3872bc5b0320c77367b04fd72f500b433ab1cfe1ba74280d204b50cc69f,9eb1905b0d2d4dff99236976201e564cbe25ee258ba901ad38107c5c6b5846f0,True,0,1
GG0070,0,1,CVB0066,0.0015924260951578617,0.0024703792005311698,14,0,predict_proba,0.33,constraints_met,1,5,XGBoost,5f62d3872bc5b0320c77367b04fd72f500b433ab1cfe1ba74280d204b50cc69f,9eb1905b0d2d4dff99236976201e564cbe25ee258ba901ad38107c5c6b5846f0,True,0,1
GG0078,0,1,CVB0074,0.012662754859775305,0.10680438570852857,34,0,predict_proba,0.33,constraints_met,1,5,XGBoost,5f62d3872bc5b0320c77367b04fd72f500b433ab1cfe1ba74280d204b50cc69f,9eb1905b0d2d4dff99236976201e564cbe25ee258ba901ad38107c5c6b5846f0,True,0,1
GG0082,0,1,CVB0078,0.01282439474016428,0.02054762357676571,11,0,predict_proba,0.33,constraints_met,1,5,XGBoost,5f62d3872bc5b0320c77367b04fd72f500b433ab1cfe1ba74280d204b50cc69f,9eb1905b0d2d4dff99236976201e564cbe25ee258ba901ad38107c5c6b5846f0,True,0,1
GG0088,0,1,CVB0084,0.004746988415718079,0.00684913966494302,15,0,predict_proba,0.33,constraints_met,1,5,XGBoost,5f62d3872bc5b0320c77367b04fd72f500b433ab1cfe1ba74280d204b50cc69f,9eb1905b0d2d4dff99236976201e564cbe25ee258ba901ad38107c5c6b5846f0,True,0,1
GG0093,0,1,CVB0089,0.32854512333869934,0.36620991286777316,21,0,predict_proba,0.33,constraints_met,1,5,XGBoost,5f62d3872bc5b0320c77367b04fd72f500b433ab1cfe1ba74280d204b50cc69f,9eb1905b0d2d4dff99236976201e564cbe25ee258ba901ad38107c5c6b5846f0,True,0,1
GG0095,0,1,CVB0091,0.005348659586161375,0.11119401933022098,33,0,predict_proba,0.33,constraints_met,1,5,XGBoost,5f62d3872bc5b0320c77367b04fd72f500b433ab1cfe1ba74280d204b50cc69f,9eb1905b0d2d4dff99236976201e564cbe25ee258ba901ad38107c5c6b5846f0,True,0,1
GG0100,0,1,CVB0096,0.0004354578268248588,0.0006232236471707717,13,0,predict_proba,0.33,constraints_met,1,5,XGBoost,5f62d3872bc5b0320c77367b04fd72f500b433ab1cfe1ba74280d204b50cc69f,9eb1905b0d2d4dff99236976201e564cbe25ee258ba901ad38107c5c6b5846f0,True,0,1
GG0108,0,1,CVB0104,0.0007709877099841833,0.007531716415996925,40,0,predict_proba,0.33,constraints_met,1,5,XGBoost,5f62d3872bc5b0320c77367b04fd72f500b433ab1cfe1ba74280d204b50cc69f,9eb1905b0d2d4dff99236976201e564cbe25ee258ba901ad38107c5c6b5846f0,True,0,1
GG0113,0,1,CVB0109,0.00024445664166705683,0.0002590686029482943,12,0,predict_proba,0.33,constraints_met,1,5,XGBoost,5f62d3872bc5b0320c77367b04fd72f500b433ab1cfe1ba74280d204b50cc69f,9eb1905b0d2d4dff99236976201e564cbe25ee258ba901ad38107c5c6b5846f0,True,0,1
GG0117,0,1,CVB0113,0.00010199800817645155,0.00042985471680787247,26,0,predict_proba,0.33,constraints_met,1,5,XGBoost,5f62d3872bc5b0320c77367b04fd72f500b433ab1cfe1ba74280d204b50cc69f,9eb1905b0d2d4dff99236976201e564cbe25ee258ba901ad38107c5c6b5846f0,True,0,1
GG0119,0,1,CVB0115,0.1706727296113968,0.27029781602323055,5,0,predict_proba,0.33,constraints_met,1,5,XGBoost,5f62d3872bc5b0320c77367b04fd72f500b433ab1cfe1ba74280d204b50cc69f,9eb1905b0d2d4dff99236976201e564cbe25ee258ba901ad38107c5c6b5846f0,True,0,1
GG0127,0,1,CVB0123,0.0007224314613267779,0.0014141355738199006,3,0,predict_proba,0.33,constraints_met,1,5,XGBoost,5f62d3872bc5b0320c77367b04fd72f500b433ab1cfe1ba74280d204b50cc69f,9eb1905b0d2d4dff99236976201e564cbe25ee258ba901ad38107c5c6b5846f0,True,0,1
GG0010,1,1,CVB0010,0.8278745644431498,0.8088924576324767,15,1,predict_proba,0.405,constraints_met,2,1,RF,5433d0f0a4d6ea328db2349074630567f5298b63732b314b3553fc709de342bb,9eb1905b0d2d4dff99236976201e564cbe25ee258ba901ad38107c5c6b5846f0,True,0,1
GG0018,0,1,CVB0016,0.04046075276175217,0.06199352883186067,15,0,predict_proba,0.405,constraints_met,2,1,RF,5433d0f0a4d6ea328db2349074630567f5298b63732b314b3553fc709de342bb,9eb1905b0d2d4dff99236976201e564cbe25ee258ba901ad38107c5c6b5846f0,True,0,1
GG0024,0,1,CVB0021,0.34168734106872245,0.3174848570971142,20,0,predict_proba,0.405,constraints_met,2,1,RF,5433d0f0a4d6ea328db2349074630567f5298b63732b314b3553fc709de342bb,9eb1905b0d2d4dff99236976201e564cbe25ee258ba901ad38107c5c6b5846f0,True,0,1
GG0029,0,1,CVB0026,0.03233807313887882,0.11372547627598958,7,0,predict_proba,0.405,constraints_met,2,1,RF,5433d0f0a4d6ea328db2349074630567f5298b63732b314b3553fc709de342bb,9eb1905b0d2d4dff99236976201e564cbe25ee258ba901ad38107c5c6b5846f0,True,0,1
GG0030,0,1,CVB0027,0.11663319960225532,0.1380103572246114,59,0,predict_proba,0.405,constraints_met,2,1,RF,5433d0f0a4d6ea328db2349074630567f5298b63732b314b3553fc709de342bb,9eb1905b0d2d4dff99236976201e564cbe25ee258ba901ad38107c5c6b5846f0,True,0,1
GG0037,0,1,CVB0034,0.18634518952509302,0.20817718353275527,6,0,predict_proba,0.405,constraints_met,2,1,RF,5433d0f0a4d6ea328db2349074630567f5298b63732b314b3553fc709de342bb,9eb1905b0d2d4dff99236976201e564cbe25ee258ba901ad38107c5c6b5846f0,True,0,1
GG0041,1,1,CVB0038,0.5467615126521228,0.5759069437852992,21,1,predict_proba,0.405,constraints_met,2,1,RF,5433d0f0a4d6ea328db2349074630567f5298b63732b314b3553fc709de342bb,9eb1905b0d2d4dff99236976201e564cbe25ee258ba901ad38107c5c6b5846f0,True,0,1
GG0044,0,1,CVB0010,0.8417436546572279,0.7925095557231537,12,1,predict_proba,0.405,constraints_met,2,1,RF,5433d0f0a4d6ea328db2349074630567f5298b63732b314b3553fc709de342bb,9eb1905b0d2d4dff99236976201e564cbe25ee258ba901ad38107c5c6b5846f0,True,0,1
GG0047,1,1,CVB0043,0.6589514789266465,0.6300410594091214,15,1,predict_proba,0.405,constraints_met,2,1,RF,5433d0f0a4d6ea328db2349074630567f5298b63732b314b3553fc709de342bb,9eb1905b0d2d4dff99236976201e564cbe25ee258ba901ad38107c5c6b5846f0,True,0,1
GG0053,1,1,CVB0049,0.4685620850767048,0.42699917485178385,6,1,predict_proba,0.405,constraints_met,2,1,RF,5433d0f0a4d6ea328db2349074630567f5298b63732b314b3553fc709de342bb,9eb1905b0d2d4dff99236976201e564cbe25ee258ba901ad38107c5c6b5846f0,True,0,1
GG0061,1,1,CVB0057,0.7304300016921905,0.6612604317400103,5,1,predict_proba,0.405,constraints_met,2,1,RF,5433d0f0a4d6ea328db2349074630567f5298b63732b314b3553fc709de342bb,9eb1905b0d2d4dff99236976201e564cbe25ee258ba901ad38107c5c6b5846f0,True,0,1
GG0064,1,1,CVB0060,0.557699076405263,0.6045290820961734,5,1,predict_proba,0.405,constraints_met,2,1,RF,5433d0f0a4d6ea328db2349074630567f5298b63732b314b3553fc709de342bb,9eb1905b0d2d4dff99236976201e564cbe25ee258ba901ad38107c5c6b5846f0,True,0,1
GG0068,0,1,CVB0064,0.30331704384898195,0.2999352777687042,5,0,predict_proba,0.405,constraints_met,2,1,RF,5433d0f0a4d6ea328db2349074630567f5298b63732b314b3553fc709de342bb,9eb1905b0d2d4dff99236976201e564cbe25ee258ba901ad38107c5c6b5846f0,True,0,1
GG0071,0,1,CVB0067,0.42643915840780067,0.3683999876079763,14,1,predict_proba,0.405,constraints_met,2,1,RF,5433d0f0a4d6ea328db2349074630567f5298b63732b314b3553fc709de342bb,9eb1905b0d2d4dff99236976201e564cbe25ee258ba901ad38107c5c6b5846f0,True,0,1
GG0075,0,1,CVB0071,0.23810393179853712,0.2761797325172353,10,0,predict_proba,0.405,constraints_met,2,1,RF,5433d0f0a4d6ea328db2349074630567f5298b63732b314b3553fc709de342bb,9eb1905b0d2d4dff99236976201e564cbe25ee258ba901ad38107c5c6b5846f0,True,0,1
GG0080,0,1,CVB0076,0.14190779165000744,0.14336915460691713,6,0,predict_proba,0.405,constraints_met,2,1,RF,5433d0f0a4d6ea328db2349074630567f5298b63732b314b3553fc709de342bb,9eb1905b0d2d4dff99236976201e564cbe25ee258ba901ad38107c5c6b5846f0,True,0,1
GG0086,0,1,CVB0082,0.09275418619162622,0.1003566284765086,16,0,predict_proba,0.405,constraints_met,2,1,RF,5433d0f0a4d6ea328db2349074630567f5298b63732b314b3553fc709de342bb,9eb1905b0d2d4dff99236976201e564cbe25ee258ba901ad38107c5c6b5846f0,True,0,1
GG0090,0,1,CVB0086,0.4534172326489651,0.41277810599374326,16,1,predict_proba,0.405,constraints_met,2,1,RF,5433d0f0a4d6ea328db2349074630567f5298b63732b314b3553fc709de342bb,9eb1905b0d2d4dff99236976201e564cbe25ee258ba901ad38107c5c6b5846f0,True,0,1
GG0095,0,1,CVB0091,0.3444617311508594,0.30864758545084375,33,0,predict_proba,0.405,constraints_met,2,1,RF,5433d0f0a4d6ea328db2349074630567f5298b63732b314b3553fc709de342bb,9eb1905b0d2d4dff99236976201e564cbe25ee258ba901ad38107c5c6b5846f0,True,0,1
GG0102,0,1,CVB0098,0.3184297877767772,0.35450296196191233,20,0,predict_proba,0.405,constraints_met,2,1,RF,5433d0f0a4d6ea328db2349074630567f5298b63732b314b3553fc709de342bb,9eb1905b0d2d4dff99236976201e564cbe25ee258ba901ad38107c5c6b5846f0,True,0,1
GG0106,0,1,CVB0102,0.08620377140669844,0.19904320577628498,24,0,predict_proba,0.405,constraints_met,2,1,RF,5433d0f0a4d6ea328db2349074630567f5298b63732b314b3553fc709de342bb,9eb1905b0d2d4dff99236976201e564cbe25ee258ba901ad38107c5c6b5846f0,True,0,1
GG0110,0,1,CVB0106,0.049073815198306635,0.053682276150278,13,0,predict_proba,0.405,constraints_met,2,1,RF,5433d0f0a4d6ea328db2349074630567f5298b63732b314b3553fc709de342bb,9eb1905b0d2d4dff99236976201e564cbe25ee258ba901ad38107c5c6b5846f0,True,0,1
GG0116,0,1,CVB0112,0.000795261726381687,0.0012736799437418416,10,0,predict_proba,0.405,constraints_met,2,1,RF,5433d0f0a4d6ea328db2349074630567f5298b63732b314b3553fc709de342bb,9eb1905b0d2d4dff99236976201e564cbe25ee258ba901ad38107c5c6b5846f0,True,0,1
GG0121,0,1,CVB0117,0.09897288930977938,0.08159956993327043,6,0,predict_proba,0.405,constraints_met,2,1,RF,5433d0f0a4d6ea328db2349074630567f5298b63732b314b3553fc709de342bb,9eb1905b0d2d4dff99236976201e564cbe25ee258ba901ad38107c5c6b5846f0,True,0,1
GG0128,0,1,CVB0124,0.3821396755124506,0.2733775774765566,5,0,predict_proba,0.405,constraints_met,2,1,RF,5433d0f0a4d6ea328db2349074630567f5298b63732b314b3553fc709de342bb,9eb1905b0d2d4dff99236976201e564cbe25ee258ba901ad38107c5c6b5846f0,True,0,1
GG0010,1,1,CVB0010,0.77047989799693,0.7352583316057231,15,1,monotonic_transformed_decision_score_not_calibrated,0.47,constraints_met,2,1,SVM,21d4b1502bd0fee5baf7a05de6be7be21cd926ad8b2e619d376fcf39947c84b6,9eb1905b0d2d4dff99236976201e564cbe25ee258ba901ad38107c5c6b5846f0,True,0,1
GG0018,0,1,CVB0016,0.1716875471151301,0.19126129969313485,15,0,monotonic_transformed_decision_score_not_calibrated,0.47,constraints_met,2,1,SVM,21d4b1502bd0fee5baf7a05de6be7be21cd926ad8b2e619d376fcf39947c84b6,9eb1905b0d2d4dff99236976201e564cbe25ee258ba901ad38107c5c6b5846f0,True,0,1
GG0024,0,1,CVB0021,0.4182752693537056,0.4242403846814777,20,0,monotonic_transformed_decision_score_not_calibrated,0.47,constraints_met,2,1,SVM,21d4b1502bd0fee5baf7a05de6be7be21cd926ad8b2e619d376fcf39947c84b6,9eb1905b0d2d4dff99236976201e564cbe25ee258ba901ad38107c5c6b5846f0,True,0,1
GG0029,0,1,CVB0026,0.0835333174401426,0.24574572596910826,7,0,monotonic_transformed_decision_score_not_calibrated,0.47,constraints_met,2,1,SVM,21d4b1502bd0fee5baf7a05de6be7be21cd926ad8b2e619d376fcf39947c84b6,9eb1905b0d2d4dff99236976201e564cbe25ee258ba901ad38107c5c6b5846f0,True,0,1
GG0030,0,1,CVB0027,0.24609580004527762,0.24295107597722188,59,0,monotonic_transformed_decision_score_not_calibrated,0.47,constraints_met,2,1,SVM,21d4b1502bd0fee5baf7a05de6be7be21cd926ad8b2e619d376fcf39947c84b6,9eb1905b0d2d4dff99236976201e564cbe25ee258ba901ad38107c5c6b5846f0,True,0,1
GG0037,0,1,CVB0034,0.25652334459625836,0.34246677303147394,6,0,monotonic_transformed_decision_score_not_calibrated,0.47,constraints_met,2,1,SVM,21d4b1502bd0fee5baf7a05de6be7be21cd926ad8b2e619d376fcf39947c84b6,9eb1905b0d2d4dff99236976201e564cbe25ee258ba901ad38107c5c6b5846f0,True,0,1
GG0041,1,1,CVB0038,0.7499674830235337,0.7108389826219363,21,1,monotonic_transformed_decision_score_not_calibrated,0.47,constraints_met,2,1,SVM,21d4b1502bd0fee5baf7a05de6be7be21cd926ad8b2e619d376fcf39947c84b6,9eb1905b0d2d4dff99236976201e564cbe25ee258ba901ad38107c5c6b5846f0,True,0,1
GG0044,0,1,CVB0010,0.7038163675846484,0.6517784044332712,12,1,monotonic_transformed_decision_score_not_calibrated,0.47,constraints_met,2,1,SVM,21d4b1502bd0fee5baf7a05de6be7be21cd926ad8b2e619d376fcf39947c84b6,9eb1905b0d2d4dff99236976201e564cbe25ee258ba901ad38107c5c6b5846f0,True,0,1
GG0047,1,1,CVB0043,0.7418354412591237,0.6713685658545004,15,1,monotonic_transformed_decision_score_not_calibrated,0.47,constraints_met,2,1,SVM,21d4b1502bd0fee5baf7a05de6be7be21cd926ad8b2e619d376fcf39947c84b6,9eb1905b0d2d4dff99236976201e564cbe25ee258ba901ad38107c5c6b5846f0,True,0,1
GG0053,1,1,CVB0049,0.6643309353249867,0.5664078112557615,6,1,monotonic_transformed_decision_score_not_calibrated,0.47,constraints_met,2,1,SVM,21d4b1502bd0fee5baf7a05de6be7be21cd926ad8b2e619d376fcf39947c84b6,9eb1905b0d2d4dff99236976201e564cbe25ee258ba901ad38107c5c6b5846f0,True,0,1
GG0061,1,1,CVB0057,0.6200930165131862,0.5635504395590412,5,1,monotonic_transformed_decision_score_not_calibrated,0.47,constraints_met,2,1,SVM,21d4b1502bd0fee5baf7a05de6be7be21cd926ad8b2e619d376fcf39947c84b6,9eb1905b0d2d4dff99236976201e564cbe25ee258ba901ad38107c5c6b5846f0,True,0,1
GG0064,1,1,CVB0060,0.5327913073044281,0.5553732347173609,5,1,monotonic_transformed_decision_score_not_calibrated,0.47,constraints_met,2,1,SVM,21d4b1502bd0fee5baf7a05de6be7be21cd926ad8b2e619d376fcf39947c84b6,9eb1905b0d2d4dff99236976201e564cbe25ee258ba901ad38107c5c6b5846f0,True,0,1
GG0068,0,1,CVB0064,0.672894792728234,0.625886188076514,5,1,monotonic_transformed_decision_score_not_calibrated,0.47,constraints_met,2,1,SVM,21d4b1502bd0fee5baf7a05de6be7be21cd926ad8b2e619d376fcf39947c84b6,9eb1905b0d2d4dff99236976201e564cbe25ee258ba901ad38107c5c6b5846f0,True,0,1
GG0071,0,1,CVB0067,0.5615216229981903,0.5293878125930881,14,1,monotonic_transformed_decision_score_not_calibrated,0.47,constraints_met,2,1,SVM,21d4b1502bd0fee5baf7a05de6be7be21cd926ad8b2e619d376fcf39947c84b6,9eb1905b0d2d4dff99236976201e564cbe25ee258ba901ad38107c5c6b5846f0,True,0,1
GG0075,0,1,CVB0071,0.3953942089112975,0.3907159873492406,10,0,monotonic_transformed_decision_score_not_calibrated,0.47,constraints_met,2,1,SVM,21d4b1502bd0fee5baf7a05de6be7be21cd926ad8b2e619d376fcf39947c84b6,9eb1905b0d2d4dff99236976201e564cbe25ee258ba901ad38107c5c6b5846f0,True,0,1
GG0080,0,1,CVB0076,0.07838446407536864,0.09115744011687853,6,0,monotonic_transformed_decision_score_not_calibrated,0.47,constraints_met,2,1,SVM,21d4b1502bd0fee5baf7a05de6be7be21cd926ad8b2e619d376fcf39947c84b6,9eb1905b0d2d4dff99236976201e564cbe25ee258ba901ad38107c5c6b5846f0,True,0,1
GG0086,0,1,CVB0082,0.16307547643070824,0.14706827889887464,16,0,monotonic_transformed_decision_score_not_calibrated,0.47,constraints_met,2,1,SVM,21d4b1502bd0fee5baf7a05de6be7be21cd926ad8b2e619d376fcf39947c84b6,9eb1905b0d2d4dff99236976201e564cbe25ee258ba901ad38107c5c6b5846f0,True,0,1
GG0090,0,1,CVB0086,0.4933136496259922,0.5449146195981515,16,1,monotonic_transformed_decision_score_not_calibrated,0.47,constraints_met,2,1,SVM,21d4b1502bd0fee5baf7a05de6be7be21cd926ad8b2e619d376fcf39947c84b6,9eb1905b0d2d4dff99236976201e564cbe25ee258ba901ad38107c5c6b5846f0,True,0,1
GG0095,0,1,CVB0091,0.33862519927563167,0.36667700616542986,33,0,monotonic_transformed_decision_score_not_calibrated,0.47,constraints_met,2,1,SVM,21d4b1502bd0fee5baf7a05de6be7be21cd926ad8b2e619d376fcf39947c84b6,9eb1905b0d2d4dff99236976201e564cbe25ee258ba901ad38107c5c6b5846f0,True,0,1
GG0102,0,1,CVB0098,0.6505222233339762,0.6629163269151718,20,1,monotonic_transformed_decision_score_not_calibrated,0.47,constraints_met,2,1,SVM,21d4b1502bd0fee5baf7a05de6be7be21cd926ad8b2e619d376fcf39947c84b6,9eb1905b0d2d4dff99236976201e564cbe25ee258ba901ad38107c5c6b5846f0,True,0,1
GG0106,0,1,CVB0102,0.11965791118531502,0.21952810570216277,24,0,monotonic_transformed_decision_score_not_calibrated,0.47,constraints_met,2,1,SVM,21d4b1502bd0fee5baf7a05de6be7be21cd926ad8b2e619d376fcf39947c84b6,9eb1905b0d2d4dff99236976201e564cbe25ee258ba901ad38107c5c6b5846f0,True,0,1
GG0110,0,1,CVB0106,0.0634779965205745,0.08033494939155071,13,0,monotonic_transformed_decision_score_not_calibrated,0.47,constraints_met,2,1,SVM,21d4b1502bd0fee5baf7a05de6be7be21cd926ad8b2e619d376fcf39947c84b6,9eb1905b0d2d4dff99236976201e564cbe25ee258ba901ad38107c5c6b5846f0,True,0,1
GG0116,0,1,CVB0112,0.10299583456300535,0.11115972919578743,10,0,monotonic_transformed_decision_score_not_calibrated,0.47,constraints_met,2,1,SVM,21d4b1502bd0fee5baf7a05de6be7be21cd926ad8b2e619d376fcf39947c84b6,9eb1905b0d2d4dff99236976201e564cbe25ee258ba901ad38107c5c6b5846f0,True,0,1
GG0121,0,1,CVB0117,0.1705030551056142,0.1749257460355413,6,0,monotonic_transformed_decision_score_not_calibrated,0.47,constraints_met,2,1,SVM,21d4b1502bd0fee5baf7a05de6be7be21cd926ad8b2e619d376fcf39947c84b6,9eb1905b0d2d4dff99236976201e564cbe25ee258ba901ad38107c5c6b5846f0,True,0,1
GG0128,0,1,CVB0124,0.43140213729701077,0.32786051522285103,5,0,monotonic_transformed_decision_score_not_calibrated,0.47,constraints_met,2,1,SVM,21d4b1502bd0fee5baf7a05de6be7be21cd926ad8b2e619d376fcf39947c84b6,9eb1905b0d2d4dff99236976201e564cbe25ee258ba901ad38107c5c6b5846f0,True,0,1
GG0010,1,1,CVB0010,0.9280364393305731,0.8252748104030242,15,1,predict_proba,0.115,constraints_met,2,1,MLP,a8ccb76d4be1988275ca9170a41ebb3b66b70c29fb3aa3fa6b3b4696da3bb31b,9eb1905b0d2d4dff99236976201e564cbe25ee258ba901ad38107c5c6b5846f0,True,696,2
GG0018,0,1,CVB0016,1.241683804232515e-19,1.960341336605991e-14,15,0,predict_proba,0.115,constraints_met,2,1,MLP,a8ccb76d4be1988275ca9170a41ebb3b66b70c29fb3aa3fa6b3b4696da3bb31b,9eb1905b0d2d4dff99236976201e564cbe25ee258ba901ad38107c5c6b5846f0,True,696,2
GG0024,0,1,CVB0021,0.421632060118208,0.4315045720848688,20,1,predict_proba,0.115,constraints_met,2,1,MLP,a8ccb76d4be1988275ca9170a41ebb3b66b70c29fb3aa3fa6b3b4696da3bb31b,9eb1905b0d2d4dff99236976201e564cbe25ee258ba901ad38107c5c6b5846f0,True,696,2
GG0029,0,1,CVB0026,2.444686629456929e-14,0.2763697274468367,7,0,predict_proba,0.115,constraints_met,2,1,MLP,a8ccb76d4be1988275ca9170a41ebb3b66b70c29fb3aa3fa6b3b4696da3bb31b,9eb1905b0d2d4dff99236976201e564cbe25ee258ba901ad38107c5c6b5846f0,True,696,2
GG0030,0,1,CVB0027,2.4543575425953833e-05,0.09851904929457232,59,0,predict_proba,0.115,constraints_met,2,1,MLP,a8ccb76d4be1988275ca9170a41ebb3b66b70c29fb3aa3fa6b3b4696da3bb31b,9eb1905b0d2d4dff99236976201e564cbe25ee258ba901ad38107c5c6b5846f0,True,696,2
GG0037,0,1,CVB0034,3.731541922717838e-05,0.10694661115106706,6,0,predict_proba,0.115,constraints_met,2,1,MLP,a8ccb76d4be1988275ca9170a41ebb3b66b70c29fb3aa3fa6b3b4696da3bb31b,9eb1905b0d2d4dff99236976201e564cbe25ee258ba901ad38107c5c6b5846f0,True,696,2
GG0041,1,1,CVB0038,0.9163335814088034,0.6551436889801268,21,1,predict_proba,0.115,constraints_met,2,1,MLP,a8ccb76d4be1988275ca9170a41ebb3b66b70c29fb3aa3fa6b3b4696da3bb31b,9eb1905b0d2d4dff99236976201e564cbe25ee258ba901ad38107c5c6b5846f0,True,696,2
GG0044,0,1,CVB0010,0.9736002555171841,0.8956981663264704,12,1,predict_proba,0.115,constraints_met,2,1,MLP,a8ccb76d4be1988275ca9170a41ebb3b66b70c29fb3aa3fa6b3b4696da3bb31b,9eb1905b0d2d4dff99236976201e564cbe25ee258ba901ad38107c5c6b5846f0,True,696,2
GG0047,1,1,CVB0043,0.9914634761179102,0.7826945252640645,15,1,predict_proba,0.115,constraints_met,2,1,MLP,a8ccb76d4be1988275ca9170a41ebb3b66b70c29fb3aa3fa6b3b4696da3bb31b,9eb1905b0d2d4dff99236976201e564cbe25ee258ba901ad38107c5c6b5846f0,True,696,2
GG0053,1,1,CVB0049,0.9984121760953598,0.6731277834444409,6,1,predict_proba,0.115,constraints_met,2,1,MLP,a8ccb76d4be1988275ca9170a41ebb3b66b70c29fb3aa3fa6b3b4696da3bb31b,9eb1905b0d2d4dff99236976201e564cbe25ee258ba901ad38107c5c6b5846f0,True,696,2
GG0061,1,1,CVB0057,0.7164793706845203,0.473597471317336,5,1,predict_proba,0.115,constraints_met,2,1,MLP,a8ccb76d4be1988275ca9170a41ebb3b66b70c29fb3aa3fa6b3b4696da3bb31b,9eb1905b0d2d4dff99236976201e564cbe25ee258ba901ad38107c5c6b5846f0,True,696,2
GG0064,1,1,CVB0060,0.9999999915664389,0.9999849946610025,5,1,predict_proba,0.115,constraints_met,2,1,MLP,a8ccb76d4be1988275ca9170a41ebb3b66b70c29fb3aa3fa6b3b4696da3bb31b,9eb1905b0d2d4dff99236976201e564cbe25ee258ba901ad38107c5c6b5846f0,True,696,2
GG0068,0,1,CVB0064,0.001305859915023132,0.020042359469049052,5,0,predict_proba,0.115,constraints_met,2,1,MLP,a8ccb76d4be1988275ca9170a41ebb3b66b70c29fb3aa3fa6b3b4696da3bb31b,9eb1905b0d2d4dff99236976201e564cbe25ee258ba901ad38107c5c6b5846f0,True,696,2
GG0071,0,1,CVB0067,0.2210790334643645,0.29356874376892855,14,1,predict_proba,0.115,constraints_met,2,1,MLP,a8ccb76d4be1988275ca9170a41ebb3b66b70c29fb3aa3fa6b3b4696da3bb31b,9eb1905b0d2d4dff99236976201e564cbe25ee258ba901ad38107c5c6b5846f0,True,696,2
GG0075,0,1,CVB0071,0.4949978288244804,0.49848295746398097,10,1,predict_proba,0.115,constraints_met,2,1,MLP,a8ccb76d4be1988275ca9170a41ebb3b66b70c29fb3aa3fa6b3b4696da3bb31b,9eb1905b0d2d4dff99236976201e564cbe25ee258ba901ad38107c5c6b5846f0,True,696,2
GG0080,0,1,CVB0076,2.548692451431689e-10,4.398437702843901e-10,6,0,predict_proba,0.115,constraints_met,2,1,MLP,a8ccb76d4be1988275ca9170a41ebb3b66b70c29fb3aa3fa6b3b4696da3bb31b,9eb1905b0d2d4dff99236976201e564cbe25ee258ba901ad38107c5c6b5846f0,True,696,2
GG0086,0,1,CVB0082,2.979667787198786e-11,9.075103267377319e-05,16,0,predict_proba,0.115,constraints_met,2,1,MLP,a8ccb76d4be1988275ca9170a41ebb3b66b70c29fb3aa3fa6b3b4696da3bb31b,9eb1905b0d2d4dff99236976201e564cbe25ee258ba901ad38107c5c6b5846f0,True,696,2
GG0090,0,1,CVB0086,0.5627224197603191,0.4708969825547925,16,1,predict_proba,0.115,constraints_met,2,1,MLP,a8ccb76d4be1988275ca9170a41ebb3b66b70c29fb3aa3fa6b3b4696da3bb31b,9eb1905b0d2d4dff99236976201e564cbe25ee258ba901ad38107c5c6b5846f0,True,696,2
GG0095,0,1,CVB0091,0.002996903408790064,0.14678202214455452,33,0,predict_proba,0.115,constraints_met,2,1,MLP,a8ccb76d4be1988275ca9170a41ebb3b66b70c29fb3aa3fa6b3b4696da3bb31b,9eb1905b0d2d4dff99236976201e564cbe25ee258ba901ad38107c5c6b5846f0,True,696,2
GG0102,0,1,CVB0098,0.5518166156600877,0.5375366112267308,20,1,predict_proba,0.115,constraints_met,2,1,MLP,a8ccb76d4be1988275ca9170a41ebb3b66b70c29fb3aa3fa6b3b4696da3bb31b,9eb1905b0d2d4dff99236976201e564cbe25ee258ba901ad38107c5c6b5846f0,True,696,2
GG0106,0,1,CVB0102,3.220773758032918e-07,0.21765104528953852,24,0,predict_proba,0.115,constraints_met,2,1,MLP,a8ccb76d4be1988275ca9170a41ebb3b66b70c29fb3aa3fa6b3b4696da3bb31b,9eb1905b0d2d4dff99236976201e564cbe25ee258ba901ad38107c5c6b5846f0,True,696,2
GG0110,0,1,CVB0106,9.142800278141612e-10,4.347120951187764e-08,13,0,predict_proba,0.115,constraints_met,2,1,MLP,a8ccb76d4be1988275ca9170a41ebb3b66b70c29fb3aa3fa6b3b4696da3bb31b,9eb1905b0d2d4dff99236976201e564cbe25ee258ba901ad38107c5c6b5846f0,True,696,2
GG0116,0,1,CVB0112,2.778004466856475e-15,9.85093181099762e-15,10,0,predict_proba,0.115,constraints_met,2,1,MLP,a8ccb76d4be1988275ca9170a41ebb3b66b70c29fb3aa3fa6b3b4696da3bb31b,9eb1905b0d2d4dff99236976201e564cbe25ee258ba901ad38107c5c6b5846f0,True,696,2
GG0121,0,1,CVB0117,1.4944053376631523e-07,3.565526656939922e-06,6,0,predict_proba,0.115,constraints_met,2,1,MLP,a8ccb76d4be1988275ca9170a41ebb3b66b70c29fb3aa3fa6b3b4696da3bb31b,9eb1905b0d2d4dff99236976201e564cbe25ee258ba901ad38107c5c6b5846f0,True,696,2
GG0128,0,1,CVB0124,0.007138150741787978,0.12793795955282963,5,0,predict_proba,0.115,constraints_met,2,1,MLP,a8ccb76d4be1988275ca9170a41ebb3b66b70c29fb3aa3fa6b3b4696da3bb31b,9eb1905b0d2d4dff99236976201e564cbe25ee258ba901ad38107c5c6b5846f0,True,696,2
GG0010,1,1,CVB0010,0.947985827922821,0.9018032034238179,15,1,predict_proba,0.345,constraints_met,2,1,XGBoost,1ece5d830ab3e8d5a297a5d654d4d15166e82c716f155d9a1f3c2508225edd93,9eb1905b0d2d4dff99236976201e564cbe25ee258ba901ad38107c5c6b5846f0,True,0,1
GG0018,0,1,CVB0016,0.0007786519126966596,0.0013840601284755393,15,0,predict_proba,0.345,constraints_met,2,1,XGBoost,1ece5d830ab3e8d5a297a5d654d4d15166e82c716f155d9a1f3c2508225edd93,9eb1905b0d2d4dff99236976201e564cbe25ee258ba901ad38107c5c6b5846f0,True,0,1
GG0024,0,1,CVB0021,0.4373879134654999,0.42395673056598754,20,1,predict_proba,0.345,constraints_met,2,1,XGBoost,1ece5d830ab3e8d5a297a5d654d4d15166e82c716f155d9a1f3c2508225edd93,9eb1905b0d2d4dff99236976201e564cbe25ee258ba901ad38107c5c6b5846f0,True,0,1
GG0029,0,1,CVB0026,0.00158296141307801,0.03145613378312971,7,0,predict_proba,0.345,constraints_met,2,1,XGBoost,1ece5d830ab3e8d5a297a5d654d4d15166e82c716f155d9a1f3c2508225edd93,9eb1905b0d2d4dff99236976201e564cbe25ee258ba901ad38107c5c6b5846f0,True,0,1
GG0030,0,1,CVB0027,0.006384076084941626,0.05943575806150428,59,0,predict_proba,0.345,constraints_met,2,1,XGBoost,1ece5d830ab3e8d5a297a5d654d4d15166e82c716f155d9a1f3c2508225edd93,9eb1905b0d2d4dff99236976201e564cbe25ee258ba901ad38107c5c6b5846f0,True,0,1
GG0037,0,1,CVB0034,0.023538243025541306,0.08460567348326246,6,0,predict_proba,0.345,constraints_met,2,1,XGBoost,1ece5d830ab3e8d5a297a5d654d4d15166e82c716f155d9a1f3c2508225edd93,9eb1905b0d2d4dff99236976201e564cbe25ee258ba901ad38107c5c6b5846f0,True,0,1
GG0041,1,1,CVB0038,0.832694947719574,0.6532695254399663,21,1,predict_proba,0.345,constraints_met,2,1,XGBoost,1ece5d830ab3e8d5a297a5d654d4d15166e82c716f155d9a1f3c2508225edd93,9eb1905b0d2d4dff99236976201e564cbe25ee258ba901ad38107c5c6b5846f0,True,0,1
GG0044,0,1,CVB0010,0.9640261232852936,0.9347850481669108,12,1,predict_proba,0.345,constraints_met,2,1,XGBoost,1ece5d830ab3e8d5a297a5d654d4d15166e82c716f155d9a1f3c2508225edd93,9eb1905b0d2d4dff99236976201e564cbe25ee258ba901ad38107c5c6b5846f0,True,0,1
GG0047,1,1,CVB0043,0.9422598481178284,0.7978342970833182,15,1,predict_proba,0.345,constraints_met,2,1,XGBoost,1ece5d830ab3e8d5a297a5d654d4d15166e82c716f155d9a1f3c2508225edd93,9eb1905b0d2d4dff99236976201e564cbe25ee258ba901ad38107c5c6b5846f0,True,0,1
GG0053,1,1,CVB0049,0.6403437852859497,0.5400064786275228,6,1,predict_proba,0.345,constraints_met,2,1,XGBoost,1ece5d830ab3e8d5a297a5d654d4d15166e82c716f155d9a1f3c2508225edd93,9eb1905b0d2d4dff99236976201e564cbe25ee258ba901ad38107c5c6b5846f0,True,0,1
GG0061,1,1,CVB0057,0.8008831739425659,0.6818981990218163,5,1,predict_proba,0.345,constraints_met,2,1,XGBoost,1ece5d830ab3e8d5a297a5d654d4d15166e82c716f155d9a1f3c2508225edd93,9eb1905b0d2d4dff99236976201e564cbe25ee258ba901ad38107c5c6b5846f0,True,0,1
GG0064,1,1,CVB0060,0.9148516654968262,0.9154318928718567,5,1,predict_proba,0.345,constraints_met,2,1,XGBoost,1ece5d830ab3e8d5a297a5d654d4d15166e82c716f155d9a1f3c2508225edd93,9eb1905b0d2d4dff99236976201e564cbe25ee258ba901ad38107c5c6b5846f0,True,0,1
GG0068,0,1,CVB0064,0.17541971802711487,0.2715742468833923,5,0,predict_proba,0.345,constraints_met,2,1,XGBoost,1ece5d830ab3e8d5a297a5d654d4d15166e82c716f155d9a1f3c2508225edd93,9eb1905b0d2d4dff99236976201e564cbe25ee258ba901ad38107c5c6b5846f0,True,0,1
GG0071,0,1,CVB0067,0.12213945016264915,0.3057362145503118,14,0,predict_proba,0.345,constraints_met,2,1,XGBoost,1ece5d830ab3e8d5a297a5d654d4d15166e82c716f155d9a1f3c2508225edd93,9eb1905b0d2d4dff99236976201e564cbe25ee258ba901ad38107c5c6b5846f0,True,0,1
GG0075,0,1,CVB0071,0.2763750043231994,0.36434940405306404,10,0,predict_proba,0.345,constraints_met,2,1,XGBoost,1ece5d830ab3e8d5a297a5d654d4d15166e82c716f155d9a1f3c2508225edd93,9eb1905b0d2d4dff99236976201e564cbe25ee258ba901ad38107c5c6b5846f0,True,0,1
GG0080,0,1,CVB0076,0.0027222785865888,0.0028835326277961335,6,0,predict_proba,0.345,constraints_met,2,1,XGBoost,1ece5d830ab3e8d5a297a5d654d4d15166e82c716f155d9a1f3c2508225edd93,9eb1905b0d2d4dff99236976201e564cbe25ee258ba901ad38107c5c6b5846f0,True,0,1
GG0086,0,1,CVB0082,0.004307333379983902,0.006680562464680406,16,0,predict_proba,0.345,constraints_met,2,1,XGBoost,1ece5d830ab3e8d5a297a5d654d4d15166e82c716f155d9a1f3c2508225edd93,9eb1905b0d2d4dff99236976201e564cbe25ee258ba901ad38107c5c6b5846f0,True,0,1
GG0090,0,1,CVB0086,0.3730291873216629,0.36767639813479036,16,1,predict_proba,0.345,constraints_met,2,1,XGBoost,1ece5d830ab3e8d5a297a5d654d4d15166e82c716f155d9a1f3c2508225edd93,9eb1905b0d2d4dff99236976201e564cbe25ee258ba901ad38107c5c6b5846f0,True,0,1
GG0095,0,1,CVB0091,0.04620185121893883,0.10789621910732945,33,0,predict_proba,0.345,constraints_met,2,1,XGBoost,1ece5d830ab3e8d5a297a5d654d4d15166e82c716f155d9a1f3c2508225edd93,9eb1905b0d2d4dff99236976201e564cbe25ee258ba901ad38107c5c6b5846f0,True,0,1
GG0102,0,1,CVB0098,0.33624979853630066,0.4565622411668301,20,0,predict_proba,0.345,constraints_met,2,1,XGBoost,1ece5d830ab3e8d5a297a5d654d4d15166e82c716f155d9a1f3c2508225edd93,9eb1905b0d2d4dff99236976201e564cbe25ee258ba901ad38107c5c6b5846f0,True,0,1
GG0106,0,1,CVB0102,0.009246572619304061,0.19864697907178197,24,0,predict_proba,0.345,constraints_met,2,1,XGBoost,1ece5d830ab3e8d5a297a5d654d4d15166e82c716f155d9a1f3c2508225edd93,9eb1905b0d2d4dff99236976201e564cbe25ee258ba901ad38107c5c6b5846f0,True,0,1
GG0110,0,1,CVB0106,0.0004780600138474256,0.0017933867985937889,13,0,predict_proba,0.345,constraints_met,2,1,XGBoost,1ece5d830ab3e8d5a297a5d654d4d15166e82c716f155d9a1f3c2508225edd93,9eb1905b0d2d4dff99236976201e564cbe25ee258ba901ad38107c5c6b5846f0,True,0,1
GG0116,0,1,CVB0112,0.00036312907468527555,0.0004145726270508021,10,0,predict_proba,0.345,constraints_met,2,1,XGBoost,1ece5d830ab3e8d5a297a5d654d4d15166e82c716f155d9a1f3c2508225edd93,9eb1905b0d2d4dff99236976201e564cbe25ee258ba901ad38107c5c6b5846f0,True,0,1
GG0121,0,1,CVB0117,0.016434871591627598,0.022753289978330333,6,0,predict_proba,0.345,constraints_met,2,1,XGBoost,1ece5d830ab3e8d5a297a5d654d4d15166e82c716f155d9a1f3c2508225edd93,9eb1905b0d2d4dff99236976201e564cbe25ee258ba901ad38107c5c6b5846f0,True,0,1
GG0128,0,1,CVB0124,0.5045018196105957,0.3385033213533461,5,1,predict_proba,0.345,constraints_met,2,1,XGBoost,1ece5d830ab3e8d5a297a5d654d4d15166e82c716f155d9a1f3c2508225edd93,9eb1905b0d2d4dff99236976201e564cbe25ee258ba901ad38107c5c6b5846f0,True,0,1
GG0001,1,1,CVB0001,0.4224229234012819,0.3789059418414299,7,1,predict_proba,0.30500000000000005,constraints_met,2,2,RF,739854b091c5587619ddef5df4e1c071edd970e599b8e92d497267dde0267524,9eb1905b0d2d4dff99236976201e564cbe25ee258ba901ad38107c5c6b5846f0,True,0,1
GG0005,0,1,CVB0005,0.1263215192953138,0.2169110511633873,55,0,predict_proba,0.30500000000000005,constraints_met,2,2,RF,739854b091c5587619ddef5df4e1c071edd970e599b8e92d497267dde0267524,9eb1905b0d2d4dff99236976201e564cbe25ee258ba901ad38107c5c6b5846f0,True,0,1
GG0012,1,1,CVB0012,0.09260722347329199,0.12188932764394436,28,0,predict_proba,0.30500000000000005,constraints_met,2,2,RF,739854b091c5587619ddef5df4e1c071edd970e599b8e92d497267dde0267524,9eb1905b0d2d4dff99236976201e564cbe25ee258ba901ad38107c5c6b5846f0,True,0,1
GG0016,1,1,CVB0015,0.38043134670130374,0.4112556893680378,7,1,predict_proba,0.30500000000000005,constraints_met,2,2,RF,739854b091c5587619ddef5df4e1c071edd970e599b8e92d497267dde0267524,9eb1905b0d2d4dff99236976201e564cbe25ee258ba901ad38107c5c6b5846f0,True,0,1
GG0025,1,1,CVB0022,0.5417730926360842,0.5638290377219859,12,1,predict_proba,0.30500000000000005,constraints_met,2,2,RF,739854b091c5587619ddef5df4e1c071edd970e599b8e92d497267dde0267524,9eb1905b0d2d4dff99236976201e564cbe25ee258ba901ad38107c5c6b5846f0,True,0,1
GG0031,0,1,CVB0028,0.06788707735739874,0.06788755410321659,4,0,predict_proba,0.30500000000000005,constraints_met,2,2,RF,739854b091c5587619ddef5df4e1c071edd970e599b8e92d497267dde0267524,9eb1905b0d2d4dff99236976201e564cbe25ee258ba901ad38107c5c6b5846f0,True,0,1
GG0038,1,1,CVB0035,0.5202460037709706,0.5044442671845233,222,1,predict_proba,0.30500000000000005,constraints_met,2,2,RF,739854b091c5587619ddef5df4e1c071edd970e599b8e92d497267dde0267524,9eb1905b0d2d4dff99236976201e564cbe25ee258ba901ad38107c5c6b5846f0,True,0,1
GG0042,1,1,CVB0039,0.10532564639792123,0.1181246932723807,7,0,predict_proba,0.30500000000000005,constraints_met,2,2,RF,739854b091c5587619ddef5df4e1c071edd970e599b8e92d497267dde0267524,9eb1905b0d2d4dff99236976201e564cbe25ee258ba901ad38107c5c6b5846f0,True,0,1
GG0048,1,1,CVB0044,0.06805278422193506,0.09064329910145845,4,0,predict_proba,0.30500000000000005,constraints_met,2,2,RF,739854b091c5587619ddef5df4e1c071edd970e599b8e92d497267dde0267524,9eb1905b0d2d4dff99236976201e564cbe25ee258ba901ad38107c5c6b5846f0,True,0,1
GG0054,1,1,CVB0050,0.45888364320498987,0.4316419038756913,21,1,predict_proba,0.30500000000000005,constraints_met,2,2,RF,739854b091c5587619ddef5df4e1c071edd970e599b8e92d497267dde0267524,9eb1905b0d2d4dff99236976201e564cbe25ee258ba901ad38107c5c6b5846f0,True,0,1
GG0057,1,1,CVB0053,0.5195415521639513,0.5125917848467929,10,1,predict_proba,0.30500000000000005,constraints_met,2,2,RF,739854b091c5587619ddef5df4e1c071edd970e599b8e92d497267dde0267524,9eb1905b0d2d4dff99236976201e564cbe25ee258ba901ad38107c5c6b5846f0,True,0,1
GG0065,0,1,CVB0061,0.01539792899705984,0.023018979907475878,11,0,predict_proba,0.30500000000000005,constraints_met,2,2,RF,739854b091c5587619ddef5df4e1c071edd970e599b8e92d497267dde0267524,9eb1905b0d2d4dff99236976201e564cbe25ee258ba901ad38107c5c6b5846f0,True,0,1
GG0072,0,1,CVB0068,0.20413877913353873,0.2559498057757169,8,0,predict_proba,0.30500000000000005,constraints_met,2,2,RF,739854b091c5587619ddef5df4e1c071edd970e599b8e92d497267dde0267524,9eb1905b0d2d4dff99236976201e564cbe25ee258ba901ad38107c5c6b5846f0,True,0,1
GG0076,0,1,CVB0072,0.5547921880765216,0.49973414770885544,6,1,predict_proba,0.30500000000000005,constraints_met,2,2,RF,739854b091c5587619ddef5df4e1c071edd970e599b8e92d497267dde0267524,9eb1905b0d2d4dff99236976201e564cbe25ee258ba901ad38107c5c6b5846f0,True,0,1
GG0082,0,1,CVB0078,0.01503990633095021,0.02241633555002604,11,0,predict_proba,0.30500000000000005,constraints_met,2,2,RF,739854b091c5587619ddef5df4e1c071edd970e599b8e92d497267dde0267524,9eb1905b0d2d4dff99236976201e564cbe25ee258ba901ad38107c5c6b5846f0,True,0,1
GG0085,0,1,CVB0081,0.6221196751744058,0.6168987405176037,8,1,predict_proba,0.30500000000000005,constraints_met,2,2,RF,739854b091c5587619ddef5df4e1c071edd970e599b8e92d497267dde0267524,9eb1905b0d2d4dff99236976201e564cbe25ee258ba901ad38107c5c6b5846f0,True,0,1
GG0091,0,1,CVB0087,0.08902089179806252,0.14699019686155534,25,0,predict_proba,0.30500000000000005,constraints_met,2,2,RF,739854b091c5587619ddef5df4e1c071edd970e599b8e92d497267dde0267524,9eb1905b0d2d4dff99236976201e564cbe25ee258ba901ad38107c5c6b5846f0,True,0,1
GG0096,0,1,CVB0092,0.8645210078100283,0.8445088283847206,9,1,predict_proba,0.30500000000000005,constraints_met,2,2,RF,739854b091c5587619ddef5df4e1c071edd970e599b8e92d497267dde0267524,9eb1905b0d2d4dff99236976201e564cbe25ee258ba901ad38107c5c6b5846f0,True,0,1
GG0103,0,1,CVB0099,0.021431525032108448,0.024979162883256703,6,0,predict_proba,0.30500000000000005,constraints_met,2,2,RF,739854b091c5587619ddef5df4e1c071edd970e599b8e92d497267dde0267524,9eb1905b0d2d4dff99236976201e564cbe25ee258ba901ad38107c5c6b5846f0,True,0,1
GG0107,0,1,CVB0103,0.0641125153252217,0.06343301506886187,5,0,predict_proba,0.30500000000000005,constraints_met,2,2,RF,739854b091c5587619ddef5df4e1c071edd970e599b8e92d497267dde0267524,9eb1905b0d2d4dff99236976201e564cbe25ee258ba901ad38107c5c6b5846f0,True,0,1
GG0111,0,1,CVB0107,0.0008024762123122779,0.0014654274195809404,25,0,predict_proba,0.30500000000000005,constraints_met,2,2,RF,739854b091c5587619ddef5df4e1c071edd970e599b8e92d497267dde0267524,9eb1905b0d2d4dff99236976201e564cbe25ee258ba901ad38107c5c6b5846f0,True,0,1
GG0117,0,1,CVB0113,0.0021297864929126836,0.003635838678261121,26,0,predict_proba,0.30500000000000005,constraints_met,2,2,RF,739854b091c5587619ddef5df4e1c071edd970e599b8e92d497267dde0267524,9eb1905b0d2d4dff99236976201e564cbe25ee258ba901ad38107c5c6b5846f0,True,0,1
GG0122,0,1,CVB0118,0.022769369500108345,0.030947807898134373,19,0,predict_proba,0.30500000000000005,constraints_met,2,2,RF,739854b091c5587619ddef5df4e1c071edd970e599b8e92d497267dde0267524,9eb1905b0d2d4dff99236976201e564cbe25ee258ba901ad38107c5c6b5846f0,True,0,1
GG0125,0,1,CVB0121,0.0004850130953535745,0.004254397437769631,8,0,predict_proba,0.30500000000000005,constraints_met,2,2,RF,739854b091c5587619ddef5df4e1c071edd970e599b8e92d497267dde0267524,9eb1905b0d2d4dff99236976201e564cbe25ee258ba901ad38107c5c6b5846f0,True,0,1
GG0001,1,1,CVB0001,0.527342841343512,0.5382758184301155,7,1,monotonic_transformed_decision_score_not_calibrated,0.44000000000000006,constraints_met,2,2,SVM,870db6db54a1511ef97dd4ab1ea512f5183fee5d281771cfbe0954133500296a,9eb1905b0d2d4dff99236976201e564cbe25ee258ba901ad38107c5c6b5846f0,True,0,1
GG0005,0,1,CVB0005,0.2174849840602609,0.2524032429737204,55,0,monotonic_transformed_decision_score_not_calibrated,0.44000000000000006,constraints_met,2,2,SVM,870db6db54a1511ef97dd4ab1ea512f5183fee5d281771cfbe0954133500296a,9eb1905b0d2d4dff99236976201e564cbe25ee258ba901ad38107c5c6b5846f0,True,0,1
GG0012,1,1,CVB0012,0.11918796114678226,0.1765210036739942,28,0,monotonic_transformed_decision_score_not_calibrated,0.44000000000000006,constraints_met,2,2,SVM,870db6db54a1511ef97dd4ab1ea512f5183fee5d281771cfbe0954133500296a,9eb1905b0d2d4dff99236976201e564cbe25ee258ba901ad38107c5c6b5846f0,True,0,1
GG0016,1,1,CVB0015,0.6471181819164804,0.5815404467178833,7,1,monotonic_transformed_decision_score_not_calibrated,0.44000000000000006,constraints_met,2,2,SVM,870db6db54a1511ef97dd4ab1ea512f5183fee5d281771cfbe0954133500296a,9eb1905b0d2d4dff99236976201e564cbe25ee258ba901ad38107c5c6b5846f0,True,0,1
GG0025,1,1,CVB0022,0.7280765487312286,0.6879468470398339,12,1,monotonic_transformed_decision_score_not_calibrated,0.44000000000000006,constraints_met,2,2,SVM,870db6db54a1511ef97dd4ab1ea512f5183fee5d281771cfbe0954133500296a,9eb1905b0d2d4dff99236976201e564cbe25ee258ba901ad38107c5c6b5846f0,True,0,1
GG0031,0,1,CVB0028,0.18244444382154595,0.16909669200515068,4,0,monotonic_transformed_decision_score_not_calibrated,0.44000000000000006,constraints_met,2,2,SVM,870db6db54a1511ef97dd4ab1ea512f5183fee5d281771cfbe0954133500296a,9eb1905b0d2d4dff99236976201e564cbe25ee258ba901ad38107c5c6b5846f0,True,0,1
GG0038,1,1,CVB0035,0.6345706660443111,0.60135581071628,222,1,monotonic_transformed_decision_score_not_calibrated,0.44000000000000006,constraints_met,2,2,SVM,870db6db54a1511ef97dd4ab1ea512f5183fee5d281771cfbe0954133500296a,9eb1905b0d2d4dff99236976201e564cbe25ee258ba901ad38107c5c6b5846f0,True,0,1
GG0042,1,1,CVB0039,0.38232153046137257,0.37168316149975,7,0,monotonic_transformed_decision_score_not_calibrated,0.44000000000000006,constraints_met,2,2,SVM,870db6db54a1511ef97dd4ab1ea512f5183fee5d281771cfbe0954133500296a,9eb1905b0d2d4dff99236976201e564cbe25ee258ba901ad38107c5c6b5846f0,True,0,1
GG0048,1,1,CVB0044,0.15668215541745262,0.16888126439606926,4,0,monotonic_transformed_decision_score_not_calibrated,0.44000000000000006,constraints_met,2,2,SVM,870db6db54a1511ef97dd4ab1ea512f5183fee5d281771cfbe0954133500296a,9eb1905b0d2d4dff99236976201e564cbe25ee258ba901ad38107c5c6b5846f0,True,0,1
GG0054,1,1,CVB0050,0.5504079143908526,0.5278712706404141,21,1,monotonic_transformed_decision_score_not_calibrated,0.44000000000000006,constraints_met,2,2,SVM,870db6db54a1511ef97dd4ab1ea512f5183fee5d281771cfbe0954133500296a,9eb1905b0d2d4dff99236976201e564cbe25ee258ba901ad38107c5c6b5846f0,True,0,1
GG0057,1,1,CVB0053,0.5993204686111673,0.565678548828651,10,1,monotonic_transformed_decision_score_not_calibrated,0.44000000000000006,constraints_met,2,2,SVM,870db6db54a1511ef97dd4ab1ea512f5183fee5d281771cfbe0954133500296a,9eb1905b0d2d4dff99236976201e564cbe25ee258ba901ad38107c5c6b5846f0,True,0,1
GG0065,0,1,CVB0061,0.06289855075741609,0.07469594839733511,11,0,monotonic_transformed_decision_score_not_calibrated,0.44000000000000006,constraints_met,2,2,SVM,870db6db54a1511ef97dd4ab1ea512f5183fee5d281771cfbe0954133500296a,9eb1905b0d2d4dff99236976201e564cbe25ee258ba901ad38107c5c6b5846f0,True,0,1
GG0072,0,1,CVB0068,0.3819395898237799,0.35328808760598296,8,0,monotonic_transformed_decision_score_not_calibrated,0.44000000000000006,constraints_met,2,2,SVM,870db6db54a1511ef97dd4ab1ea512f5183fee5d281771cfbe0954133500296a,9eb1905b0d2d4dff99236976201e564cbe25ee258ba901ad38107c5c6b5846f0,True,0,1
GG0076,0,1,CVB0072,0.7170120210487894,0.7193717653430621,6,1,monotonic_transformed_decision_score_not_calibrated,0.44000000000000006,constraints_met,2,2,SVM,870db6db54a1511ef97dd4ab1ea512f5183fee5d281771cfbe0954133500296a,9eb1905b0d2d4dff99236976201e564cbe25ee258ba901ad38107c5c6b5846f0,True,0,1
GG0082,0,1,CVB0078,0.16503389261818743,0.18987545711236198,11,0,monotonic_transformed_decision_score_not_calibrated,0.44000000000000006,constraints_met,2,2,SVM,870db6db54a1511ef97dd4ab1ea512f5183fee5d281771cfbe0954133500296a,9eb1905b0d2d4dff99236976201e564cbe25ee258ba901ad38107c5c6b5846f0,True,0,1
GG0085,0,1,CVB0081,0.6364715633445124,0.6360588102555274,8,1,monotonic_transformed_decision_score_not_calibrated,0.44000000000000006,constraints_met,2,2,SVM,870db6db54a1511ef97dd4ab1ea512f5183fee5d281771cfbe0954133500296a,9eb1905b0d2d4dff99236976201e564cbe25ee258ba901ad38107c5c6b5846f0,True,0,1
GG0091,0,1,CVB0087,0.15759075091498842,0.2732995408565402,25,0,monotonic_transformed_decision_score_not_calibrated,0.44000000000000006,constraints_met,2,2,SVM,870db6db54a1511ef97dd4ab1ea512f5183fee5d281771cfbe0954133500296a,9eb1905b0d2d4dff99236976201e564cbe25ee258ba901ad38107c5c6b5846f0,True,0,1
GG0096,0,1,CVB0092,0.7799012728865936,0.7709515806200504,9,1,monotonic_transformed_decision_score_not_calibrated,0.44000000000000006,constraints_met,2,2,SVM,870db6db54a1511ef97dd4ab1ea512f5183fee5d281771cfbe0954133500296a,9eb1905b0d2d4dff99236976201e564cbe25ee258ba901ad38107c5c6b5846f0,True,0,1
GG0103,0,1,CVB0099,0.09100083985359245,0.0888229067067119,6,0,monotonic_transformed_decision_score_not_calibrated,0.44000000000000006,constraints_met,2,2,SVM,870db6db54a1511ef97dd4ab1ea512f5183fee5d281771cfbe0954133500296a,9eb1905b0d2d4dff99236976201e564cbe25ee258ba901ad38107c5c6b5846f0,True,0,1
GG0107,0,1,CVB0103,0.16418366671084528,0.17659429849872982,5,0,monotonic_transformed_decision_score_not_calibrated,0.44000000000000006,constraints_met,2,2,SVM,870db6db54a1511ef97dd4ab1ea512f5183fee5d281771cfbe0954133500296a,9eb1905b0d2d4dff99236976201e564cbe25ee258ba901ad38107c5c6b5846f0,True,0,1
GG0111,0,1,CVB0107,0.04983732230885411,0.0804634072510788,25,0,monotonic_transformed_decision_score_not_calibrated,0.44000000000000006,constraints_met,2,2,SVM,870db6db54a1511ef97dd4ab1ea512f5183fee5d281771cfbe0954133500296a,9eb1905b0d2d4dff99236976201e564cbe25ee258ba901ad38107c5c6b5846f0,True,0,1
GG0117,0,1,CVB0113,0.02746671786871917,0.02811184200351345,26,0,monotonic_transformed_decision_score_not_calibrated,0.44000000000000006,constraints_met,2,2,SVM,870db6db54a1511ef97dd4ab1ea512f5183fee5d281771cfbe0954133500296a,9eb1905b0d2d4dff99236976201e564cbe25ee258ba901ad38107c5c6b5846f0,True,0,1
GG0122,0,1,CVB0118,0.09318752256049054,0.12912584573364233,19,0,monotonic_transformed_decision_score_not_calibrated,0.44000000000000006,constraints_met,2,2,SVM,870db6db54a1511ef97dd4ab1ea512f5183fee5d281771cfbe0954133500296a,9eb1905b0d2d4dff99236976201e564cbe25ee258ba901ad38107c5c6b5846f0,True,0,1
GG0125,0,1,CVB0121,0.04438812908089817,0.05654119329816205,8,0,monotonic_transformed_decision_score_not_calibrated,0.44000000000000006,constraints_met,2,2,SVM,870db6db54a1511ef97dd4ab1ea512f5183fee5d281771cfbe0954133500296a,9eb1905b0d2d4dff99236976201e564cbe25ee258ba901ad38107c5c6b5846f0,True,0,1
GG0001,1,1,CVB0001,0.3081899680200632,0.32250508059541744,7,0,predict_proba,0.36,constraints_met,2,2,MLP,f5bd8ad573e263b966b7d4b69582fd468ccb1b8da8d4a2e110c5dd0c994b8aa7,9eb1905b0d2d4dff99236976201e564cbe25ee258ba901ad38107c5c6b5846f0,True,71,1
GG0005,0,1,CVB0005,0.00023771952261376623,0.09788947954625118,55,0,predict_proba,0.36,constraints_met,2,2,MLP,f5bd8ad573e263b966b7d4b69582fd468ccb1b8da8d4a2e110c5dd0c994b8aa7,9eb1905b0d2d4dff99236976201e564cbe25ee258ba901ad38107c5c6b5846f0,True,71,1
GG0012,1,1,CVB0012,4.298285946035046e-13,0.05778480521931473,28,0,predict_proba,0.36,constraints_met,2,2,MLP,f5bd8ad573e263b966b7d4b69582fd468ccb1b8da8d4a2e110c5dd0c994b8aa7,9eb1905b0d2d4dff99236976201e564cbe25ee258ba901ad38107c5c6b5846f0,True,71,1
GG0016,1,1,CVB0015,0.9891774285081916,0.8291009843490279,7,1,predict_proba,0.36,constraints_met,2,2,MLP,f5bd8ad573e263b966b7d4b69582fd468ccb1b8da8d4a2e110c5dd0c994b8aa7,9eb1905b0d2d4dff99236976201e564cbe25ee258ba901ad38107c5c6b5846f0,True,71,1
GG0025,1,1,CVB0022,0.9014166384780045,0.6324411034641254,12,1,predict_proba,0.36,constraints_met,2,2,MLP,f5bd8ad573e263b966b7d4b69582fd468ccb1b8da8d4a2e110c5dd0c994b8aa7,9eb1905b0d2d4dff99236976201e564cbe25ee258ba901ad38107c5c6b5846f0,True,71,1
GG0031,0,1,CVB0028,2.58533639580745e-06,4.5653113568769635e-05,4,0,predict_proba,0.36,constraints_met,2,2,MLP,f5bd8ad573e263b966b7d4b69582fd468ccb1b8da8d4a2e110c5dd0c994b8aa7,9eb1905b0d2d4dff99236976201e564cbe25ee258ba901ad38107c5c6b5846f0,True,71,1
GG0038,1,1,CVB0035,0.9883914561178688,0.7541116413880062,222,1,predict_proba,0.36,constraints_met,2,2,MLP,f5bd8ad573e263b966b7d4b69582fd468ccb1b8da8d4a2e110c5dd0c994b8aa7,9eb1905b0d2d4dff99236976201e564cbe25ee258ba901ad38107c5c6b5846f0,True,71,1
GG0042,1,1,CVB0039,0.00020077691273220956,0.05508395184319492,7,0,predict_proba,0.36,constraints_met,2,2,MLP,f5bd8ad573e263b966b7d4b69582fd468ccb1b8da8d4a2e110c5dd0c994b8aa7,9eb1905b0d2d4dff99236976201e564cbe25ee258ba901ad38107c5c6b5846f0,True,71,1
GG0048,1,1,CVB0044,4.344627755017818e-06,8.03224212831515e-06,4,0,predict_proba,0.36,constraints_met,2,2,MLP,f5bd8ad573e263b966b7d4b69582fd468ccb1b8da8d4a2e110c5dd0c994b8aa7,9eb1905b0d2d4dff99236976201e564cbe25ee258ba901ad38107c5c6b5846f0,True,71,1
GG0054,1,1,CVB0050,0.9273664615374236,0.6485707968661603,21,1,predict_proba,0.36,constraints_met,2,2,MLP,f5bd8ad573e263b966b7d4b69582fd468ccb1b8da8d4a2e110c5dd0c994b8aa7,9eb1905b0d2d4dff99236976201e564cbe25ee258ba901ad38107c5c6b5846f0,True,71,1
GG0057,1,1,CVB0053,0.0023485884969482924,0.36975227324042653,10,0,predict_proba,0.36,constraints_met,2,2,MLP,f5bd8ad573e263b966b7d4b69582fd468ccb1b8da8d4a2e110c5dd0c994b8aa7,9eb1905b0d2d4dff99236976201e564cbe25ee258ba901ad38107c5c6b5846f0,True,71,1
GG0065,0,1,CVB0061,9.603420138853835e-16,8.827129976660302e-15,11,0,predict_proba,0.36,constraints_met,2,2,MLP,f5bd8ad573e263b966b7d4b69582fd468ccb1b8da8d4a2e110c5dd0c994b8aa7,9eb1905b0d2d4dff99236976201e564cbe25ee258ba901ad38107c5c6b5846f0,True,71,1
GG0072,0,1,CVB0068,0.000111489540389543,0.2843653821514805,8,0,predict_proba,0.36,constraints_met,2,2,MLP,f5bd8ad573e263b966b7d4b69582fd468ccb1b8da8d4a2e110c5dd0c994b8aa7,9eb1905b0d2d4dff99236976201e564cbe25ee258ba901ad38107c5c6b5846f0,True,71,1
GG0076,0,1,CVB0072,0.999879987717397,0.9989016196645655,6,1,predict_proba,0.36,constraints_met,2,2,MLP,f5bd8ad573e263b966b7d4b69582fd468ccb1b8da8d4a2e110c5dd0c994b8aa7,9eb1905b0d2d4dff99236976201e564cbe25ee258ba901ad38107c5c6b5846f0,True,71,1
GG0082,0,1,CVB0078,4.798711611523927e-08,9.373276151045606e-07,11,0,predict_proba,0.36,constraints_met,2,2,MLP,f5bd8ad573e263b966b7d4b69582fd468ccb1b8da8d4a2e110c5dd0c994b8aa7,9eb1905b0d2d4dff99236976201e564cbe25ee258ba901ad38107c5c6b5846f0,True,71,1
GG0085,0,1,CVB0081,0.9672351303133198,0.8941703238629848,8,1,predict_proba,0.36,constraints_met,2,2,MLP,f5bd8ad573e263b966b7d4b69582fd468ccb1b8da8d4a2e110c5dd0c994b8aa7,9eb1905b0d2d4dff99236976201e564cbe25ee258ba901ad38107c5c6b5846f0,True,71,1
GG0091,0,1,CVB0087,1.4762078864737656e-10,0.16880276656634308,25,0,predict_proba,0.36,constraints_met,2,2,MLP,f5bd8ad573e263b966b7d4b69582fd468ccb1b8da8d4a2e110c5dd0c994b8aa7,9eb1905b0d2d4dff99236976201e564cbe25ee258ba901ad38107c5c6b5846f0,True,71,1
GG0096,0,1,CVB0092,0.9999396107403965,0.9995656156051808,9,1,predict_proba,0.36,constraints_met,2,2,MLP,f5bd8ad573e263b966b7d4b69582fd468ccb1b8da8d4a2e110c5dd0c994b8aa7,9eb1905b0d2d4dff99236976201e564cbe25ee258ba901ad38107c5c6b5846f0,True,71,1
GG0103,0,1,CVB0099,1.8334039461020606e-09,2.7295559188459497e-09,6,0,predict_proba,0.36,constraints_met,2,2,MLP,f5bd8ad573e263b966b7d4b69582fd468ccb1b8da8d4a2e110c5dd0c994b8aa7,9eb1905b0d2d4dff99236976201e564cbe25ee258ba901ad38107c5c6b5846f0,True,71,1
GG0107,0,1,CVB0103,2.546375069196439e-09,3.2694597047999592e-06,5,0,predict_proba,0.36,constraints_met,2,2,MLP,f5bd8ad573e263b966b7d4b69582fd468ccb1b8da8d4a2e110c5dd0c994b8aa7,9eb1905b0d2d4dff99236976201e564cbe25ee258ba901ad38107c5c6b5846f0,True,71,1
GG0111,0,1,CVB0107,7.098884309983572e-38,5.189805370120024e-22,25,0,predict_proba,0.36,constraints_met,2,2,MLP,f5bd8ad573e263b966b7d4b69582fd468ccb1b8da8d4a2e110c5dd0c994b8aa7,9eb1905b0d2d4dff99236976201e564cbe25ee258ba901ad38107c5c6b5846f0,True,71,1
GG0117,0,1,CVB0113,4.1721881679199766e-24,6.723206581693664e-20,26,0,predict_proba,0.36,constraints_met,2,2,MLP,f5bd8ad573e263b966b7d4b69582fd468ccb1b8da8d4a2e110c5dd0c994b8aa7,9eb1905b0d2d4dff99236976201e564cbe25ee258ba901ad38107c5c6b5846f0,True,71,1
GG0122,0,1,CVB0118,4.8535647130649867e-17,3.6945408883650746e-09,19,0,predict_proba,0.36,constraints_met,2,2,MLP,f5bd8ad573e263b966b7d4b69582fd468ccb1b8da8d4a2e110c5dd0c994b8aa7,9eb1905b0d2d4dff99236976201e564cbe25ee258ba901ad38107c5c6b5846f0,True,71,1
GG0125,0,1,CVB0121,2.8665985147274755e-17,3.2360629350260154e-10,8,0,predict_proba,0.36,constraints_met,2,2,MLP,f5bd8ad573e263b966b7d4b69582fd468ccb1b8da8d4a2e110c5dd0c994b8aa7,9eb1905b0d2d4dff99236976201e564cbe25ee258ba901ad38107c5c6b5846f0,True,71,1
GG0001,1,1,CVB0001,0.25389060378074646,0.2728857018851808,7,0,predict_proba,0.41000000000000003,constraints_met,2,2,XGBoost,9c6ef1372de324832af1a3a11298ab0f70c60e7c6607f338577a7e844b51225e,9eb1905b0d2d4dff99236976201e564cbe25ee258ba901ad38107c5c6b5846f0,True,0,1
GG0005,0,1,CVB0005,0.09190236777067184,0.1818292026323351,55,0,predict_proba,0.41000000000000003,constraints_met,2,2,XGBoost,9c6ef1372de324832af1a3a11298ab0f70c60e7c6607f338577a7e844b51225e,9eb1905b0d2d4dff99236976201e564cbe25ee258ba901ad38107c5c6b5846f0,True,0,1
GG0012,1,1,CVB0012,0.013382756151258945,0.049188030318224,28,0,predict_proba,0.41000000000000003,constraints_met,2,2,XGBoost,9c6ef1372de324832af1a3a11298ab0f70c60e7c6607f338577a7e844b51225e,9eb1905b0d2d4dff99236976201e564cbe25ee258ba901ad38107c5c6b5846f0,True,0,1
GG0016,1,1,CVB0015,0.49741077423095703,0.5162303703171867,7,1,predict_proba,0.41000000000000003,constraints_met,2,2,XGBoost,9c6ef1372de324832af1a3a11298ab0f70c60e7c6607f338577a7e844b51225e,9eb1905b0d2d4dff99236976201e564cbe25ee258ba901ad38107c5c6b5846f0,True,0,1
GG0025,1,1,CVB0022,0.8894599974155426,0.706106203297774,12,1,predict_proba,0.41000000000000003,constraints_met,2,2,XGBoost,9c6ef1372de324832af1a3a11298ab0f70c60e7c6607f338577a7e844b51225e,9eb1905b0d2d4dff99236976201e564cbe25ee258ba901ad38107c5c6b5846f0,True,0,1
GG0031,0,1,CVB0028,0.007038604933768511,0.009010795380163472,4,0,predict_proba,0.41000000000000003,constraints_met,2,2,XGBoost,9c6ef1372de324832af1a3a11298ab0f70c60e7c6607f338577a7e844b51225e,9eb1905b0d2d4dff99236976201e564cbe25ee258ba901ad38107c5c6b5846f0,True,0,1
GG0038,1,1,CVB0035,0.7278164625167847,0.6318772432209739,222,1,predict_proba,0.41000000000000003,constraints_met,2,2,XGBoost,9c6ef1372de324832af1a3a11298ab0f70c60e7c6607f338577a7e844b51225e,9eb1905b0d2d4dff99236976201e564cbe25ee258ba901ad38107c5c6b5846f0,True,0,1
GG0042,1,1,CVB0039,0.02854112908244133,0.08325137829940234,7,0,predict_proba,0.41000000000000003,constraints_met,2,2,XGBoost,9c6ef1372de324832af1a3a11298ab0f70c60e7c6607f338577a7e844b51225e,9eb1905b0d2d4dff99236976201e564cbe25ee258ba901ad38107c5c6b5846f0,True,0,1
GG0048,1,1,CVB0044,0.03065202385187149,0.03238993161357939,4,0,predict_proba,0.41000000000000003,constraints_met,2,2,XGBoost,9c6ef1372de324832af1a3a11298ab0f70c60e7c6607f338577a7e844b51225e,9eb1905b0d2d4dff99236976201e564cbe25ee258ba901ad38107c5c6b5846f0,True,0,1
GG0054,1,1,CVB0050,0.5886822938919067,0.4905504998529241,21,1,predict_proba,0.41000000000000003,constraints_met,2,2,XGBoost,9c6ef1372de324832af1a3a11298ab0f70c60e7c6607f338577a7e844b51225e,9eb1905b0d2d4dff99236976201e564cbe25ee258ba901ad38107c5c6b5846f0,True,0,1
GG0057,1,1,CVB0053,0.7174994349479675,0.6744238510727882,10,1,predict_proba,0.41000000000000003,constraints_met,2,2,XGBoost,9c6ef1372de324832af1a3a11298ab0f70c60e7c6607f338577a7e844b51225e,9eb1905b0d2d4dff99236976201e564cbe25ee258ba901ad38107c5c6b5846f0,True,0,1
GG0065,0,1,CVB0061,0.0005687143420800567,0.001041236768783578,11,0,predict_proba,0.41000000000000003,constraints_met,2,2,XGBoost,9c6ef1372de324832af1a3a11298ab0f70c60e7c6607f338577a7e844b51225e,9eb1905b0d2d4dff99236976201e564cbe25ee258ba901ad38107c5c6b5846f0,True,0,1
GG0072,0,1,CVB0068,0.10762283205986023,0.23724114801734686,8,0,predict_proba,0.41000000000000003,constraints_met,2,2,XGBoost,9c6ef1372de324832af1a3a11298ab0f70c60e7c6607f338577a7e844b51225e,9eb1905b0d2d4dff99236976201e564cbe25ee258ba901ad38107c5c6b5846f0,True,0,1
GG0076,0,1,CVB0072,0.7970247566699982,0.7362185964981715,6,1,predict_proba,0.41000000000000003,constraints_met,2,2,XGBoost,9c6ef1372de324832af1a3a11298ab0f70c60e7c6607f338577a7e844b51225e,9eb1905b0d2d4dff99236976201e564cbe25ee258ba901ad38107c5c6b5846f0,True,0,1
GG0082,0,1,CVB0078,0.003599138930439949,0.005821392490443858,11,0,predict_proba,0.41000000000000003,constraints_met,2,2,XGBoost,9c6ef1372de324832af1a3a11298ab0f70c60e7c6607f338577a7e844b51225e,9eb1905b0d2d4dff99236976201e564cbe25ee258ba901ad38107c5c6b5846f0,True,0,1
GG0085,0,1,CVB0081,0.606074333190918,0.5314334332942963,8,1,predict_proba,0.41000000000000003,constraints_met,2,2,XGBoost,9c6ef1372de324832af1a3a11298ab0f70c60e7c6607f338577a7e844b51225e,9eb1905b0d2d4dff99236976201e564cbe25ee258ba901ad38107c5c6b5846f0,True,0,1
GG0091,0,1,CVB0087,0.008932512253522873,0.10796017370885239,25,0,predict_proba,0.41000000000000003,constraints_met,2,2,XGBoost,9c6ef1372de324832af1a3a11298ab0f70c60e7c6607f338577a7e844b51225e,9eb1905b0d2d4dff99236976201e564cbe25ee258ba901ad38107c5c6b5846f0,True,0,1
GG0096,0,1,CVB0092,0.9886541366577148,0.9828778439097934,9,1,predict_proba,0.41000000000000003,constraints_met,2,2,XGBoost,9c6ef1372de324832af1a3a11298ab0f70c60e7c6607f338577a7e844b51225e,9eb1905b0d2d4dff99236976201e564cbe25ee258ba901ad38107c5c6b5846f0,True,0,1
GG0103,0,1,CVB0099,0.00753665785305202,0.010645851182440916,6,0,predict_proba,0.41000000000000003,constraints_met,2,2,XGBoost,9c6ef1372de324832af1a3a11298ab0f70c60e7c6607f338577a7e844b51225e,9eb1905b0d2d4dff99236976201e564cbe25ee258ba901ad38107c5c6b5846f0,True,0,1
GG0107,0,1,CVB0103,0.0063443719409406185,0.010583652486093342,5,0,predict_proba,0.41000000000000003,constraints_met,2,2,XGBoost,9c6ef1372de324832af1a3a11298ab0f70c60e7c6607f338577a7e844b51225e,9eb1905b0d2d4dff99236976201e564cbe25ee258ba901ad38107c5c6b5846f0,True,0,1
GG0111,0,1,CVB0107,0.00019054337462875992,0.00025752039829967543,25,0,predict_proba,0.41000000000000003,constraints_met,2,2,XGBoost,9c6ef1372de324832af1a3a11298ab0f70c60e7c6607f338577a7e844b51225e,9eb1905b0d2d4dff99236976201e564cbe25ee258ba901ad38107c5c6b5846f0,True,0,1
GG0117,0,1,CVB0113,0.00015853755758143961,0.0002394135160732101,26,0,predict_proba,0.41000000000000003,constraints_met,2,2,XGBoost,9c6ef1372de324832af1a3a11298ab0f70c60e7c6607f338577a7e844b51225e,9eb1905b0d2d4dff99236976201e564cbe25ee258ba901ad38107c5c6b5846f0,True,0,1
GG0122,0,1,CVB0118,0.0013639519456773996,0.0019367879078919558,19,0,predict_proba,0.41000000000000003,constraints_met,2,2,XGBoost,9c6ef1372de324832af1a3a11298ab0f70c60e7c6607f338577a7e844b51225e,9eb1905b0d2d4dff99236976201e564cbe25ee258ba901ad38107c5c6b5846f0,True,0,1
GG0125,0,1,CVB0121,0.00036351119342725724,0.000815415485703852,8,0,predict_proba,0.41000000000000003,constraints_met,2,2,XGBoost,9c6ef1372de324832af1a3a11298ab0f70c60e7c6607f338577a7e844b51225e,9eb1905b0d2d4dff99236976201e564cbe25ee258ba901ad38107c5c6b5846f0,True,0,1
GG0002,0,1,CVB0002,0.06029805855431978,0.09011516139894771,39,0,predict_proba,0.42500000000000004,constraints_met,2,3,RF,5725a783a6dbc64c9e8933c2f70577610eb3bc2692dbcdc4642bdae295a9eced,9eb1905b0d2d4dff99236976201e564cbe25ee258ba901ad38107c5c6b5846f0,True,0,1
GG0006,0,1,CVB0006,0.525581060094135,0.5576431064652543,10,1,predict_proba,0.42500000000000004,constraints_met,2,3,RF,5725a783a6dbc64c9e8933c2f70577610eb3bc2692dbcdc4642bdae295a9eced,9eb1905b0d2d4dff99236976201e564cbe25ee258ba901ad38107c5c6b5846f0,True,0,1
GG0009,0,1,CVB0009,0.012337673920119398,0.02183951849744583,55,0,predict_proba,0.42500000000000004,constraints_met,2,3,RF,5725a783a6dbc64c9e8933c2f70577610eb3bc2692dbcdc4642bdae295a9eced,9eb1905b0d2d4dff99236976201e564cbe25ee258ba901ad38107c5c6b5846f0,True,0,1
GG0015,0,1,CVB0002,0.15941455821072834,0.23348862695325365,27,0,predict_proba,0.42500000000000004,constraints_met,2,3,RF,5725a783a6dbc64c9e8933c2f70577610eb3bc2692dbcdc4642bdae295a9eced,9eb1905b0d2d4dff99236976201e564cbe25ee258ba901ad38107c5c6b5846f0,True,0,1
GG0023,0,1,CVB0020,0.28004240587950924,0.22684755748683733,38,0,predict_proba,0.42500000000000004,constraints_met,2,3,RF,5725a783a6dbc64c9e8933c2f70577610eb3bc2692dbcdc4642bdae295a9eced,9eb1905b0d2d4dff99236976201e564cbe25ee258ba901ad38107c5c6b5846f0,True,0,1
GG0026,1,1,CVB0023,0.292645416711415,0.28909118107396825,8,0,predict_proba,0.42500000000000004,constraints_met,2,3,RF,5725a783a6dbc64c9e8933c2f70577610eb3bc2692dbcdc4642bdae295a9eced,9eb1905b0d2d4dff99236976201e564cbe25ee258ba901ad38107c5c6b5846f0,True,0,1
GG0034,1,1,CVB0031,0.5750429198884972,0.5824804683856852,75,1,predict_proba,0.42500000000000004,constraints_met,2,3,RF,5725a783a6dbc64c9e8933c2f70577610eb3bc2692dbcdc4642bdae295a9eced,9eb1905b0d2d4dff99236976201e564cbe25ee258ba901ad38107c5c6b5846f0,True,0,1
GG0039,0,1,CVB0036,0.3229739351867198,0.353163874093705,107,0,predict_proba,0.42500000000000004,constraints_met,2,3,RF,5725a783a6dbc64c9e8933c2f70577610eb3bc2692dbcdc4642bdae295a9eced,9eb1905b0d2d4dff99236976201e564cbe25ee258ba901ad38107c5c6b5846f0,True,0,1
GG0043,1,1,CVB0040,0.4992792586288446,0.5018455329931611,6,1,predict_proba,0.42500000000000004,constraints_met,2,3,RF,5725a783a6dbc64c9e8933c2f70577610eb3bc2692dbcdc4642bdae295a9eced,9eb1905b0d2d4dff99236976201e564cbe25ee258ba901ad38107c5c6b5846f0,True,0,1
GG0049,1,1,CVB0045,0.6902236923853181,0.6904628186778786,12,1,predict_proba,0.42500000000000004,constraints_met,2,3,RF,5725a783a6dbc64c9e8933c2f70577610eb3bc2692dbcdc4642bdae295a9eced,9eb1905b0d2d4dff99236976201e564cbe25ee258ba901ad38107c5c6b5846f0,True,0,1
GG0055,0,1,CVB0051,0.1248274801172985,0.14567933974562708,5,0,predict_proba,0.42500000000000004,constraints_met,2,3,RF,5725a783a6dbc64c9e8933c2f70577610eb3bc2692dbcdc4642bdae295a9eced,9eb1905b0d2d4dff99236976201e564cbe25ee258ba901ad38107c5c6b5846f0,True,0,1
GG0062,1,1,CVB0058,0.2456443919308152,0.23621981944150572,7,0,predict_proba,0.42500000000000004,constraints_met,2,3,RF,5725a783a6dbc64c9e8933c2f70577610eb3bc2692dbcdc4642bdae295a9eced,9eb1905b0d2d4dff99236976201e564cbe25ee258ba901ad38107c5c6b5846f0,True,0,1
GG0069,0,1,CVB0065,0.3668577153629514,0.3733780683581638,4,0,predict_proba,0.42500000000000004,constraints_met,2,3,RF,5725a783a6dbc64c9e8933c2f70577610eb3bc2692dbcdc4642bdae295a9eced,9eb1905b0d2d4dff99236976201e564cbe25ee258ba901ad38107c5c6b5846f0,True,0,1
GG0073,0,1,CVB0069,0.30513593526505906,0.2853063106697162,5,0,predict_proba,0.42500000000000004,constraints_met,2,3,RF,5725a783a6dbc64c9e8933c2f70577610eb3bc2692dbcdc4642bdae295a9eced,9eb1905b0d2d4dff99236976201e564cbe25ee258ba901ad38107c5c6b5846f0,True,0,1
GG0077,0,1,CVB0073,0.3019465688716457,0.2885936688008453,15,0,predict_proba,0.42500000000000004,constraints_met,2,3,RF,5725a783a6dbc64c9e8933c2f70577610eb3bc2692dbcdc4642bdae295a9eced,9eb1905b0d2d4dff99236976201e564cbe25ee258ba901ad38107c5c6b5846f0,True,0,1
GG0083,0,1,CVB0079,0.23276338824783174,0.3316103622604958,12,0,predict_proba,0.42500000000000004,constraints_met,2,3,RF,5725a783a6dbc64c9e8933c2f70577610eb3bc2692dbcdc4642bdae295a9eced,9eb1905b0d2d4dff99236976201e564cbe25ee258ba901ad38107c5c6b5846f0,True,0,1
GG0087,0,1,CVB0083,0.6110810060900063,0.532020842202231,19,1,predict_proba,0.42500000000000004,constraints_met,2,3,RF,5725a783a6dbc64c9e8933c2f70577610eb3bc2692dbcdc4642bdae295a9eced,9eb1905b0d2d4dff99236976201e564cbe25ee258ba901ad38107c5c6b5846f0,True,0,1
GG0092,0,1,CVB0088,0.3283450661107387,0.3228595452956361,13,0,predict_proba,0.42500000000000004,constraints_met,2,3,RF,5725a783a6dbc64c9e8933c2f70577610eb3bc2692dbcdc4642bdae295a9eced,9eb1905b0d2d4dff99236976201e564cbe25ee258ba901ad38107c5c6b5846f0,True,0,1
GG0097,0,1,CVB0093,0.462687164343923,0.457560703186019,8,1,predict_proba,0.42500000000000004,constraints_met,2,3,RF,5725a783a6dbc64c9e8933c2f70577610eb3bc2692dbcdc4642bdae295a9eced,9eb1905b0d2d4dff99236976201e564cbe25ee258ba901ad38107c5c6b5846f0,True,0,1
GG0100,0,1,CVB0096,0.05131255402326373,0.04088355738981437,13,0,predict_proba,0.42500000000000004,constraints_met,2,3,RF,5725a783a6dbc64c9e8933c2f70577610eb3bc2692dbcdc4642bdae295a9eced,9eb1905b0d2d4dff99236976201e564cbe25ee258ba901ad38107c5c6b5846f0,True,0,1
GG0108,0,1,CVB0104,0.14279830080336478,0.1656817000362732,40,0,predict_proba,0.42500000000000004,constraints_met,2,3,RF,5725a783a6dbc64c9e8933c2f70577610eb3bc2692dbcdc4642bdae295a9eced,9eb1905b0d2d4dff99236976201e564cbe25ee258ba901ad38107c5c6b5846f0,True,0,1
GG0113,0,1,CVB0109,0.005039139573405021,0.010622382467388046,12,0,predict_proba,0.42500000000000004,constraints_met,2,3,RF,5725a783a6dbc64c9e8933c2f70577610eb3bc2692dbcdc4642bdae295a9eced,9eb1905b0d2d4dff99236976201e564cbe25ee258ba901ad38107c5c6b5846f0,True,0,1
GG0118,0,1,CVB0114,0.0306644724110603,0.05687170791083788,65,0,predict_proba,0.42500000000000004,constraints_met,2,3,RF,5725a783a6dbc64c9e8933c2f70577610eb3bc2692dbcdc4642bdae295a9eced,9eb1905b0d2d4dff99236976201e564cbe25ee258ba901ad38107c5c6b5846f0,True,0,1
GG0123,0,1,CVB0119,0.1798950347531561,0.2184073545104858,33,0,predict_proba,0.42500000000000004,constraints_met,2,3,RF,5725a783a6dbc64c9e8933c2f70577610eb3bc2692dbcdc4642bdae295a9eced,9eb1905b0d2d4dff99236976201e564cbe25ee258ba901ad38107c5c6b5846f0,True,0,1
GG0129,0,1,CVB0125,0.1997897875945004,0.23105763617112687,8,0,predict_proba,0.42500000000000004,constraints_met,2,3,RF,5725a783a6dbc64c9e8933c2f70577610eb3bc2692dbcdc4642bdae295a9eced,9eb1905b0d2d4dff99236976201e564cbe25ee258ba901ad38107c5c6b5846f0,True,0,1
GG0002,0,1,CVB0002,0.2623555520335671,0.26232806079935744,39,0,monotonic_transformed_decision_score_not_calibrated,0.275,constraints_met,2,3,SVM,9e2c18583baaab29596541e6d128ba7c354ae9991aa0a6f5bcee7ad32e0e1058,9eb1905b0d2d4dff99236976201e564cbe25ee258ba901ad38107c5c6b5846f0,True,0,1
GG0006,0,1,CVB0006,0.2905987799397849,0.2920254335964338,10,1,monotonic_transformed_decision_score_not_calibrated,0.275,constraints_met,2,3,SVM,9e2c18583baaab29596541e6d128ba7c354ae9991aa0a6f5bcee7ad32e0e1058,9eb1905b0d2d4dff99236976201e564cbe25ee258ba901ad38107c5c6b5846f0,True,0,1
GG0009,0,1,CVB0009,0.25031659402911205,0.2510056207023418,55,0,monotonic_transformed_decision_score_not_calibrated,0.275,constraints_met,2,3,SVM,9e2c18583baaab29596541e6d128ba7c354ae9991aa0a6f5bcee7ad32e0e1058,9eb1905b0d2d4dff99236976201e564cbe25ee258ba901ad38107c5c6b5846f0,True,0,1
GG0015,0,1,CVB0002,0.2738061199556181,0.274443980769838,27,0,monotonic_transformed_decision_score_not_calibrated,0.275,constraints_met,2,3,SVM,9e2c18583baaab29596541e6d128ba7c354ae9991aa0a6f5bcee7ad32e0e1058,9eb1905b0d2d4dff99236976201e564cbe25ee258ba901ad38107c5c6b5846f0,True,0,1
GG0023,0,1,CVB0020,0.2629361201215468,0.26318187653743147,38,0,monotonic_transformed_decision_score_not_calibrated,0.275,constraints_met,2,3,SVM,9e2c18583baaab29596541e6d128ba7c354ae9991aa0a6f5bcee7ad32e0e1058,9eb1905b0d2d4dff99236976201e564cbe25ee258ba901ad38107c5c6b5846f0,True,0,1
GG0026,1,1,CVB0023,0.25777199790706357,0.257733486774146,8,0,monotonic_transformed_decision_score_not_calibrated,0.275,constraints_met,2,3,SVM,9e2c18583baaab29596541e6d128ba7c354ae9991aa0a6f5bcee7ad32e0e1058,9eb1905b0d2d4dff99236976201e564cbe25ee258ba901ad38107c5c6b5846f0,True,0,1
GG0034,1,1,CVB0031,0.28628062625154727,0.28562563887862635,75,1,monotonic_transformed_decision_score_not_calibrated,0.275,constraints_met,2,3,SVM,9e2c18583baaab29596541e6d128ba7c354ae9991aa0a6f5bcee7ad32e0e1058,9eb1905b0d2d4dff99236976201e564cbe25ee258ba901ad38107c5c6b5846f0,True,0,1
GG0039,0,1,CVB0036,0.2739712265890921,0.27370348536721556,107,0,monotonic_transformed_decision_score_not_calibrated,0.275,constraints_met,2,3,SVM,9e2c18583baaab29596541e6d128ba7c354ae9991aa0a6f5bcee7ad32e0e1058,9eb1905b0d2d4dff99236976201e564cbe25ee258ba901ad38107c5c6b5846f0,True,0,1
GG0043,1,1,CVB0040,0.2775536648021486,0.2772043496946352,6,1,monotonic_transformed_decision_score_not_calibrated,0.275,constraints_met,2,3,SVM,9e2c18583baaab29596541e6d128ba7c354ae9991aa0a6f5bcee7ad32e0e1058,9eb1905b0d2d4dff99236976201e564cbe25ee258ba901ad38107c5c6b5846f0,True,0,1
GG0049,1,1,CVB0045,0.2849005949831187,0.28448114585367373,12,1,monotonic_transformed_decision_score_not_calibrated,0.275,constraints_met,2,3,SVM,9e2c18583baaab29596541e6d128ba7c354ae9991aa0a6f5bcee7ad32e0e1058,9eb1905b0d2d4dff99236976201e564cbe25ee258ba901ad38107c5c6b5846f0,True,0,1
GG0055,0,1,CVB0051,0.270601245241511,0.27211436512196185,5,0,monotonic_transformed_decision_score_not_calibrated,0.275,constraints_met,2,3,SVM,9e2c18583baaab29596541e6d128ba7c354ae9991aa0a6f5bcee7ad32e0e1058,9eb1905b0d2d4dff99236976201e564cbe25ee258ba901ad38107c5c6b5846f0,True,0,1
GG0062,1,1,CVB0058,0.27059666183062453,0.2719471303910247,7,0,monotonic_transformed_decision_score_not_calibrated,0.275,constraints_met,2,3,SVM,9e2c18583baaab29596541e6d128ba7c354ae9991aa0a6f5bcee7ad32e0e1058,9eb1905b0d2d4dff99236976201e564cbe25ee258ba901ad38107c5c6b5846f0,True,0,1
GG0069,0,1,CVB0065,0.27164219790971333,0.2713719095384364,4,0,monotonic_transformed_decision_score_not_calibrated,0.275,constraints_met,2,3,SVM,9e2c18583baaab29596541e6d128ba7c354ae9991aa0a6f5bcee7ad32e0e1058,9eb1905b0d2d4dff99236976201e564cbe25ee258ba901ad38107c5c6b5846f0,True,0,1
GG0073,0,1,CVB0069,0.2635686258723072,0.2652298109524613,5,0,monotonic_transformed_decision_score_not_calibrated,0.275,constraints_met,2,3,SVM,9e2c18583baaab29596541e6d128ba7c354ae9991aa0a6f5bcee7ad32e0e1058,9eb1905b0d2d4dff99236976201e564cbe25ee258ba901ad38107c5c6b5846f0,True,0,1
GG0077,0,1,CVB0073,0.2703487665437701,0.2703357168995724,15,0,monotonic_transformed_decision_score_not_calibrated,0.275,constraints_met,2,3,SVM,9e2c18583baaab29596541e6d128ba7c354ae9991aa0a6f5bcee7ad32e0e1058,9eb1905b0d2d4dff99236976201e564cbe25ee258ba901ad38107c5c6b5846f0,True,0,1
GG0083,0,1,CVB0079,0.2700754423803034,0.273648665827554,12,0,monotonic_transformed_decision_score_not_calibrated,0.275,constraints_met,2,3,SVM,9e2c18583baaab29596541e6d128ba7c354ae9991aa0a6f5bcee7ad32e0e1058,9eb1905b0d2d4dff99236976201e564cbe25ee258ba901ad38107c5c6b5846f0,True,0,1
GG0087,0,1,CVB0083,0.28899543399783045,0.2852089587385136,19,1,monotonic_transformed_decision_score_not_calibrated,0.275,constraints_met,2,3,SVM,9e2c18583baaab29596541e6d128ba7c354ae9991aa0a6f5bcee7ad32e0e1058,9eb1905b0d2d4dff99236976201e564cbe25ee258ba901ad38107c5c6b5846f0,True,0,1
GG0092,0,1,CVB0088,0.2738836808669528,0.2736834873661777,13,0,monotonic_transformed_decision_score_not_calibrated,0.275,constraints_met,2,3,SVM,9e2c18583baaab29596541e6d128ba7c354ae9991aa0a6f5bcee7ad32e0e1058,9eb1905b0d2d4dff99236976201e564cbe25ee258ba901ad38107c5c6b5846f0,True,0,1
GG0097,0,1,CVB0093,0.2799313820454335,0.27853797842216077,8,1,monotonic_transformed_decision_score_not_calibrated,0.275,constraints_met,2,3,SVM,9e2c18583baaab29596541e6d128ba7c354ae9991aa0a6f5bcee7ad32e0e1058,9eb1905b0d2d4dff99236976201e564cbe25ee258ba901ad38107c5c6b5846f0,True,0,1
GG0100,0,1,CVB0096,0.26045154091642464,0.2570883469294662,13,0,monotonic_transformed_decision_score_not_calibrated,0.275,constraints_met,2,3,SVM,9e2c18583baaab29596541e6d128ba7c354ae9991aa0a6f5bcee7ad32e0e1058,9eb1905b0d2d4dff99236976201e564cbe25ee258ba901ad38107c5c6b5846f0,True,0,1
GG0108,0,1,CVB0104,0.2611799274522384,0.2625658133222619,40,0,monotonic_transformed_decision_score_not_calibrated,0.275,constraints_met,2,3,SVM,9e2c18583baaab29596541e6d128ba7c354ae9991aa0a6f5bcee7ad32e0e1058,9eb1905b0d2d4dff99236976201e564cbe25ee258ba901ad38107c5c6b5846f0,True,0,1
GG0113,0,1,CVB0109,0.2563780046130213,0.2563171741944774,12,0,monotonic_transformed_decision_score_not_calibrated,0.275,constraints_met,2,3,SVM,9e2c18583baaab29596541e6d128ba7c354ae9991aa0a6f5bcee7ad32e0e1058,9eb1905b0d2d4dff99236976201e564cbe25ee258ba901ad38107c5c6b5846f0,True,0,1
GG0118,0,1,CVB0114,0.2600864751554946,0.25977956510586975,65,0,monotonic_transformed_decision_score_not_calibrated,0.275,constraints_met,2,3,SVM,9e2c18583baaab29596541e6d128ba7c354ae9991aa0a6f5bcee7ad32e0e1058,9eb1905b0d2d4dff99236976201e564cbe25ee258ba901ad38107c5c6b5846f0,True,0,1
GG0123,0,1,CVB0119,0.26922234039274767,0.2692131729812401,33,0,monotonic_transformed_decision_score_not_calibrated,0.275,constraints_met,2,3,SVM,9e2c18583baaab29596541e6d128ba7c354ae9991aa0a6f5bcee7ad32e0e1058,9eb1905b0d2d4dff99236976201e564cbe25ee258ba901ad38107c5c6b5846f0,True,0,1
GG0129,0,1,CVB0125,0.26901325475771604,0.26749690511486834,8,0,monotonic_transformed_decision_score_not_calibrated,0.275,constraints_met,2,3,SVM,9e2c18583baaab29596541e6d128ba7c354ae9991aa0a6f5bcee7ad32e0e1058,9eb1905b0d2d4dff99236976201e564cbe25ee258ba901ad38107c5c6b5846f0,True,0,1
GG0002,0,1,CVB0002,3.719180637944383e-05,0.0355295453253968,39,0,predict_proba,0.13,constraints_met,2,3,MLP,04377b3544fb54831f0fcd164b44c612854046551db5ac937020e30f0b400884,9eb1905b0d2d4dff99236976201e564cbe25ee258ba901ad38107c5c6b5846f0,True,229,1
GG0006,0,1,CVB0006,0.6012657105811774,0.5387821660172715,10,1,predict_proba,0.13,constraints_met,2,3,MLP,04377b3544fb54831f0fcd164b44c612854046551db5ac937020e30f0b400884,9eb1905b0d2d4dff99236976201e564cbe25ee258ba901ad38107c5c6b5846f0,True,229,1
GG0009,0,1,CVB0009,1.5008758804266397e-11,0.0007829047550858981,55,0,predict_proba,0.13,constraints_met,2,3,MLP,04377b3544fb54831f0fcd164b44c612854046551db5ac937020e30f0b400884,9eb1905b0d2d4dff99236976201e564cbe25ee258ba901ad38107c5c6b5846f0,True,229,1
GG0015,0,1,CVB0002,0.005365653775383245,0.40898477672031996,27,0,predict_proba,0.13,constraints_met,2,3,MLP,04377b3544fb54831f0fcd164b44c612854046551db5ac937020e30f0b400884,9eb1905b0d2d4dff99236976201e564cbe25ee258ba901ad38107c5c6b5846f0,True,229,1
GG0023,0,1,CVB0020,7.154879843592519e-07,0.16697956191768248,38,0,predict_proba,0.13,constraints_met,2,3,MLP,04377b3544fb54831f0fcd164b44c612854046551db5ac937020e30f0b400884,9eb1905b0d2d4dff99236976201e564cbe25ee258ba901ad38107c5c6b5846f0,True,229,1
GG0026,1,1,CVB0023,1.164326343648567e-05,1.782923177961761e-05,8,0,predict_proba,0.13,constraints_met,2,3,MLP,04377b3544fb54831f0fcd164b44c612854046551db5ac937020e30f0b400884,9eb1905b0d2d4dff99236976201e564cbe25ee258ba901ad38107c5c6b5846f0,True,229,1
GG0034,1,1,CVB0031,0.821453841394592,0.5854331330548195,75,1,predict_proba,0.13,constraints_met,2,3,MLP,04377b3544fb54831f0fcd164b44c612854046551db5ac937020e30f0b400884,9eb1905b0d2d4dff99236976201e564cbe25ee258ba901ad38107c5c6b5846f0,True,229,1
GG0039,0,1,CVB0036,0.0914146035653649,0.41261617321203553,107,0,predict_proba,0.13,constraints_met,2,3,MLP,04377b3544fb54831f0fcd164b44c612854046551db5ac937020e30f0b400884,9eb1905b0d2d4dff99236976201e564cbe25ee258ba901ad38107c5c6b5846f0,True,229,1
GG0043,1,1,CVB0040,0.24705504706408887,0.32623134006712234,6,1,predict_proba,0.13,constraints_met,2,3,MLP,04377b3544fb54831f0fcd164b44c612854046551db5ac937020e30f0b400884,9eb1905b0d2d4dff99236976201e564cbe25ee258ba901ad38107c5c6b5846f0,True,229,1
GG0049,1,1,CVB0045,0.9688389268142045,0.8063381314014132,12,1,predict_proba,0.13,constraints_met,2,3,MLP,04377b3544fb54831f0fcd164b44c612854046551db5ac937020e30f0b400884,9eb1905b0d2d4dff99236976201e564cbe25ee258ba901ad38107c5c6b5846f0,True,229,1
GG0055,0,1,CVB0051,0.0016225671929361492,0.019099551357573605,5,0,predict_proba,0.13,constraints_met,2,3,MLP,04377b3544fb54831f0fcd164b44c612854046551db5ac937020e30f0b400884,9eb1905b0d2d4dff99236976201e564cbe25ee258ba901ad38107c5c6b5846f0,True,229,1
GG0062,1,1,CVB0058,0.026955492337660578,0.2943134985863663,7,0,predict_proba,0.13,constraints_met,2,3,MLP,04377b3544fb54831f0fcd164b44c612854046551db5ac937020e30f0b400884,9eb1905b0d2d4dff99236976201e564cbe25ee258ba901ad38107c5c6b5846f0,True,229,1
GG0069,0,1,CVB0065,0.9094996151942373,0.8353021152788443,4,1,predict_proba,0.13,constraints_met,2,3,MLP,04377b3544fb54831f0fcd164b44c612854046551db5ac937020e30f0b400884,9eb1905b0d2d4dff99236976201e564cbe25ee258ba901ad38107c5c6b5846f0,True,229,1
GG0073,0,1,CVB0069,0.10257935325580074,0.33993235537306826,5,0,predict_proba,0.13,constraints_met,2,3,MLP,04377b3544fb54831f0fcd164b44c612854046551db5ac937020e30f0b400884,9eb1905b0d2d4dff99236976201e564cbe25ee258ba901ad38107c5c6b5846f0,True,229,1
GG0077,0,1,CVB0073,2.721786307493952e-17,8.657559812392562e-14,15,0,predict_proba,0.13,constraints_met,2,3,MLP,04377b3544fb54831f0fcd164b44c612854046551db5ac937020e30f0b400884,9eb1905b0d2d4dff99236976201e564cbe25ee258ba901ad38107c5c6b5846f0,True,229,1
GG0083,0,1,CVB0079,0.00016351530815279737,0.12367626612062677,12,0,predict_proba,0.13,constraints_met,2,3,MLP,04377b3544fb54831f0fcd164b44c612854046551db5ac937020e30f0b400884,9eb1905b0d2d4dff99236976201e564cbe25ee258ba901ad38107c5c6b5846f0,True,229,1
GG0087,0,1,CVB0083,0.9108472145673713,0.6356087388769068,19,1,predict_proba,0.13,constraints_met,2,3,MLP,04377b3544fb54831f0fcd164b44c612854046551db5ac937020e30f0b400884,9eb1905b0d2d4dff99236976201e564cbe25ee258ba901ad38107c5c6b5846f0,True,229,1
GG0092,0,1,CVB0088,0.2032389876774684,0.3668350690875707,13,1,predict_proba,0.13,constraints_met,2,3,MLP,04377b3544fb54831f0fcd164b44c612854046551db5ac937020e30f0b400884,9eb1905b0d2d4dff99236976201e564cbe25ee258ba901ad38107c5c6b5846f0,True,229,1
GG0097,0,1,CVB0093,0.761929443272495,0.5666201142729885,8,1,predict_proba,0.13,constraints_met,2,3,MLP,04377b3544fb54831f0fcd164b44c612854046551db5ac937020e30f0b400884,9eb1905b0d2d4dff99236976201e564cbe25ee258ba901ad38107c5c6b5846f0,True,229,1
GG0100,0,1,CVB0096,5.359265156754951e-06,9.665443534842665e-05,13,0,predict_proba,0.13,constraints_met,2,3,MLP,04377b3544fb54831f0fcd164b44c612854046551db5ac937020e30f0b400884,9eb1905b0d2d4dff99236976201e564cbe25ee258ba901ad38107c5c6b5846f0,True,229,1
GG0108,0,1,CVB0104,0.002111379798290636,0.2490971087279537,40,0,predict_proba,0.13,constraints_met,2,3,MLP,04377b3544fb54831f0fcd164b44c612854046551db5ac937020e30f0b400884,9eb1905b0d2d4dff99236976201e564cbe25ee258ba901ad38107c5c6b5846f0,True,229,1
GG0113,0,1,CVB0109,8.875799429394734e-08,2.335941280126186e-07,12,0,predict_proba,0.13,constraints_met,2,3,MLP,04377b3544fb54831f0fcd164b44c612854046551db5ac937020e30f0b400884,9eb1905b0d2d4dff99236976201e564cbe25ee258ba901ad38107c5c6b5846f0,True,229,1
GG0118,0,1,CVB0114,2.9452336878684698e-08,0.045267231773990065,65,0,predict_proba,0.13,constraints_met,2,3,MLP,04377b3544fb54831f0fcd164b44c612854046551db5ac937020e30f0b400884,9eb1905b0d2d4dff99236976201e564cbe25ee258ba901ad38107c5c6b5846f0,True,229,1
GG0123,0,1,CVB0119,0.003079172123757606,0.15561033639934743,33,0,predict_proba,0.13,constraints_met,2,3,MLP,04377b3544fb54831f0fcd164b44c612854046551db5ac937020e30f0b400884,9eb1905b0d2d4dff99236976201e564cbe25ee258ba901ad38107c5c6b5846f0,True,229,1
GG0129,0,1,CVB0125,0.0002109622462667123,0.035933246661420795,8,0,predict_proba,0.13,constraints_met,2,3,MLP,04377b3544fb54831f0fcd164b44c612854046551db5ac937020e30f0b400884,9eb1905b0d2d4dff99236976201e564cbe25ee258ba901ad38107c5c6b5846f0,True,229,1
GG0002,0,1,CVB0002,0.006099056452512741,0.036636920775867436,39,0,predict_proba,0.35,constraints_met,2,3,XGBoost,40f455f4e8aaedd0a9d3bd7cc2aee6a89380eb0e7ca14605e93e85e5c5cf4dbe,9eb1905b0d2d4dff99236976201e564cbe25ee258ba901ad38107c5c6b5846f0,True,0,1
GG0006,0,1,CVB0006,0.805617481470108,0.6818087249994278,10,1,predict_proba,0.35,constraints_met,2,3,XGBoost,40f455f4e8aaedd0a9d3bd7cc2aee6a89380eb0e7ca14605e93e85e5c5cf4dbe,9eb1905b0d2d4dff99236976201e564cbe25ee258ba901ad38107c5c6b5846f0,True,0,1
GG0009,0,1,CVB0009,0.000332773313857615,0.0013003808982003564,55,0,predict_proba,0.35,constraints_met,2,3,XGBoost,40f455f4e8aaedd0a9d3bd7cc2aee6a89380eb0e7ca14605e93e85e5c5cf4dbe,9eb1905b0d2d4dff99236976201e564cbe25ee258ba901ad38107c5c6b5846f0,True,0,1
GG0015,0,1,CVB0002,0.033002302050590515,0.1882189826487943,27,0,predict_proba,0.35,constraints_met,2,3,XGBoost,40f455f4e8aaedd0a9d3bd7cc2aee6a89380eb0e7ca14605e93e85e5c5cf4dbe,9eb1905b0d2d4dff99236976201e564cbe25ee258ba901ad38107c5c6b5846f0,True,0,1
GG0023,0,1,CVB0020,0.0796709768474102,0.10436903977748252,38,0,predict_proba,0.35,constraints_met,2,3,XGBoost,40f455f4e8aaedd0a9d3bd7cc2aee6a89380eb0e7ca14605e93e85e5c5cf4dbe,9eb1905b0d2d4dff99236976201e564cbe25ee258ba901ad38107c5c6b5846f0,True,0,1
GG0026,1,1,CVB0023,0.07273246720433235,0.06848593126051128,8,0,predict_proba,0.35,constraints_met,2,3,XGBoost,40f455f4e8aaedd0a9d3bd7cc2aee6a89380eb0e7ca14605e93e85e5c5cf4dbe,9eb1905b0d2d4dff99236976201e564cbe25ee258ba901ad38107c5c6b5846f0,True,0,1
GG0034,1,1,CVB0031,0.636449933052063,0.5739892595012983,75,1,predict_proba,0.35,constraints_met,2,3,XGBoost,40f455f4e8aaedd0a9d3bd7cc2aee6a89380eb0e7ca14605e93e85e5c5cf4dbe,9eb1905b0d2d4dff99236976201e564cbe25ee258ba901ad38107c5c6b5846f0,True,0,1
GG0039,0,1,CVB0036,0.18673771619796753,0.27019294888373013,107,0,predict_proba,0.35,constraints_met,2,3,XGBoost,40f455f4e8aaedd0a9d3bd7cc2aee6a89380eb0e7ca14605e93e85e5c5cf4dbe,9eb1905b0d2d4dff99236976201e564cbe25ee258ba901ad38107c5c6b5846f0,True,0,1
GG0043,1,1,CVB0040,0.7032061815261841,0.6889499525229136,6,1,predict_proba,0.35,constraints_met,2,3,XGBoost,40f455f4e8aaedd0a9d3bd7cc2aee6a89380eb0e7ca14605e93e85e5c5cf4dbe,9eb1905b0d2d4dff99236976201e564cbe25ee258ba901ad38107c5c6b5846f0,True,0,1
GG0049,1,1,CVB0045,0.727877289056778,0.6496206000447273,12,1,predict_proba,0.35,constraints_met,2,3,XGBoost,40f455f4e8aaedd0a9d3bd7cc2aee6a89380eb0e7ca14605e93e85e5c5cf4dbe,9eb1905b0d2d4dff99236976201e564cbe25ee258ba901ad38107c5c6b5846f0,True,0,1
GG0055,0,1,CVB0051,0.06045127660036087,0.10332815945148469,5,0,predict_proba,0.35,constraints_met,2,3,XGBoost,40f455f4e8aaedd0a9d3bd7cc2aee6a89380eb0e7ca14605e93e85e5c5cf4dbe,9eb1905b0d2d4dff99236976201e564cbe25ee258ba901ad38107c5c6b5846f0,True,0,1
GG0062,1,1,CVB0058,0.048294179141521454,0.12963865105328815,7,0,predict_proba,0.35,constraints_met,2,3,XGBoost,40f455f4e8aaedd0a9d3bd7cc2aee6a89380eb0e7ca14605e93e85e5c5cf4dbe,9eb1905b0d2d4dff99236976201e564cbe25ee258ba901ad38107c5c6b5846f0,True,0,1
GG0069,0,1,CVB0065,0.10796093568205833,0.09958427585661411,4,0,predict_proba,0.35,constraints_met,2,3,XGBoost,40f455f4e8aaedd0a9d3bd7cc2aee6a89380eb0e7ca14605e93e85e5c5cf4dbe,9eb1905b0d2d4dff99236976201e564cbe25ee258ba901ad38107c5c6b5846f0,True,0,1
GG0073,0,1,CVB0069,0.020035892724990845,0.05798578429967165,5,0,predict_proba,0.35,constraints_met,2,3,XGBoost,40f455f4e8aaedd0a9d3bd7cc2aee6a89380eb0e7ca14605e93e85e5c5cf4dbe,9eb1905b0d2d4dff99236976201e564cbe25ee258ba901ad38107c5c6b5846f0,True,0,1
GG0077,0,1,CVB0073,0.08061050623655319,0.08975224817792575,15,0,predict_proba,0.35,constraints_met,2,3,XGBoost,40f455f4e8aaedd0a9d3bd7cc2aee6a89380eb0e7ca14605e93e85e5c5cf4dbe,9eb1905b0d2d4dff99236976201e564cbe25ee258ba901ad38107c5c6b5846f0,True,0,1
GG0083,0,1,CVB0079,0.0635719820857048,0.2401090640341863,12,0,predict_proba,0.35,constraints_met,2,3,XGBoost,40f455f4e8aaedd0a9d3bd7cc2aee6a89380eb0e7ca14605e93e85e5c5cf4dbe,9eb1905b0d2d4dff99236976201e564cbe25ee258ba901ad38107c5c6b5846f0,True,0,1
GG0087,0,1,CVB0083,0.6946771144866943,0.6202287324949315,19,1,predict_proba,0.35,constraints_met,2,3,XGBoost,40f455f4e8aaedd0a9d3bd7cc2aee6a89380eb0e7ca14605e93e85e5c5cf4dbe,9eb1905b0d2d4dff99236976201e564cbe25ee258ba901ad38107c5c6b5846f0,True,0,1
GG0092,0,1,CVB0088,0.1006900742650032,0.16180900427011344,13,0,predict_proba,0.35,constraints_met,2,3,XGBoost,40f455f4e8aaedd0a9d3bd7cc2aee6a89380eb0e7ca14605e93e85e5c5cf4dbe,9eb1905b0d2d4dff99236976201e564cbe25ee258ba901ad38107c5c6b5846f0,True,0,1
GG0097,0,1,CVB0093,0.5719828605651855,0.4288343370426446,8,1,predict_proba,0.35,constraints_met,2,3,XGBoost,40f455f4e8aaedd0a9d3bd7cc2aee6a89380eb0e7ca14605e93e85e5c5cf4dbe,9eb1905b0d2d4dff99236976201e564cbe25ee258ba901ad38107c5c6b5846f0,True,0,1
GG0100,0,1,CVB0096,0.003555271541699767,0.009865959623801665,13,0,predict_proba,0.35,constraints_met,2,3,XGBoost,40f455f4e8aaedd0a9d3bd7cc2aee6a89380eb0e7ca14605e93e85e5c5cf4dbe,9eb1905b0d2d4dff99236976201e564cbe25ee258ba901ad38107c5c6b5846f0,True,0,1
GG0108,0,1,CVB0104,0.009727565571665764,0.023103340770467183,40,0,predict_proba,0.35,constraints_met,2,3,XGBoost,40f455f4e8aaedd0a9d3bd7cc2aee6a89380eb0e7ca14605e93e85e5c5cf4dbe,9eb1905b0d2d4dff99236976201e564cbe25ee258ba901ad38107c5c6b5846f0,True,0,1
GG0113,0,1,CVB0109,0.0006123224447946995,0.000678978867654223,12,0,predict_proba,0.35,constraints_met,2,3,XGBoost,40f455f4e8aaedd0a9d3bd7cc2aee6a89380eb0e7ca14605e93e85e5c5cf4dbe,9eb1905b0d2d4dff99236976201e564cbe25ee258ba901ad38107c5c6b5846f0,True,0,1
GG0118,0,1,CVB0114,0.002522921422496438,0.026153365176399417,65,0,predict_proba,0.35,constraints_met,2,3,XGBoost,40f455f4e8aaedd0a9d3bd7cc2aee6a89380eb0e7ca14605e93e85e5c5cf4dbe,9eb1905b0d2d4dff99236976201e564cbe25ee258ba901ad38107c5c6b5846f0,True,0,1
GG0123,0,1,CVB0119,0.1250038743019104,0.22914091578797635,33,0,predict_proba,0.35,constraints_met,2,3,XGBoost,40f455f4e8aaedd0a9d3bd7cc2aee6a89380eb0e7ca14605e93e85e5c5cf4dbe,9eb1905b0d2d4dff99236976201e564cbe25ee258ba901ad38107c5c6b5846f0,True,0,1
GG0129,0,1,CVB0125,0.07714564725756645,0.15909116092370823,8,0,predict_proba,0.35,constraints_met,2,3,XGBoost,40f455f4e8aaedd0a9d3bd7cc2aee6a89380eb0e7ca14605e93e85e5c5cf4dbe,9eb1905b0d2d4dff99236976201e564cbe25ee258ba901ad38107c5c6b5846f0,True,0,1
GG0003,1,1,CVB0003,0.4337976057907164,0.40448529930226695,25,1,predict_proba,0.38,constraints_met,2,4,RF,1d19e9f34430b93b9a4a37ee4331a0c630a8a19b05607754fa0adbfd9d3cbd06,9eb1905b0d2d4dff99236976201e564cbe25ee258ba901ad38107c5c6b5846f0,True,0,1
GG0007,0,1,CVB0007,0.4423896099396214,0.3951587011403768,11,1,predict_proba,0.38,constraints_met,2,4,RF,1d19e9f34430b93b9a4a37ee4331a0c630a8a19b05607754fa0adbfd9d3cbd06,9eb1905b0d2d4dff99236976201e564cbe25ee258ba901ad38107c5c6b5846f0,True,0,1
GG0013,1,1,CVB0013,0.5305609063718655,0.4801877201330583,16,1,predict_proba,0.38,constraints_met,2,4,RF,1d19e9f34430b93b9a4a37ee4331a0c630a8a19b05607754fa0adbfd9d3cbd06,9eb1905b0d2d4dff99236976201e564cbe25ee258ba901ad38107c5c6b5846f0,True,0,1
GG0020,1,1,CVB0018,0.40769205064545416,0.40797042570220793,9,1,predict_proba,0.38,constraints_met,2,4,RF,1d19e9f34430b93b9a4a37ee4331a0c630a8a19b05607754fa0adbfd9d3cbd06,9eb1905b0d2d4dff99236976201e564cbe25ee258ba901ad38107c5c6b5846f0,True,0,1
GG0027,0,1,CVB0024,0.033857747691989334,0.17175785148493322,14,0,predict_proba,0.38,constraints_met,2,4,RF,1d19e9f34430b93b9a4a37ee4331a0c630a8a19b05607754fa0adbfd9d3cbd06,9eb1905b0d2d4dff99236976201e564cbe25ee258ba901ad38107c5c6b5846f0,True,0,1
GG0032,0,1,CVB0029,0.20513169647109053,0.30831448112488236,23,0,predict_proba,0.38,constraints_met,2,4,RF,1d19e9f34430b93b9a4a37ee4331a0c630a8a19b05607754fa0adbfd9d3cbd06,9eb1905b0d2d4dff99236976201e564cbe25ee258ba901ad38107c5c6b5846f0,True,0,1
GG0040,0,1,CVB0037,0.018979585261173156,0.04882937139816245,33,0,predict_proba,0.38,constraints_met,2,4,RF,1d19e9f34430b93b9a4a37ee4331a0c630a8a19b05607754fa0adbfd9d3cbd06,9eb1905b0d2d4dff99236976201e564cbe25ee258ba901ad38107c5c6b5846f0,True,0,1
GG0045,1,1,CVB0041,0.29535302238417754,0.31065386075743784,11,0,predict_proba,0.38,constraints_met,2,4,RF,1d19e9f34430b93b9a4a37ee4331a0c630a8a19b05607754fa0adbfd9d3cbd06,9eb1905b0d2d4dff99236976201e564cbe25ee258ba901ad38107c5c6b5846f0,True,0,1
GG0051,1,1,CVB0047,0.587143107312244,0.5488717282288693,5,1,predict_proba,0.38,constraints_met,2,4,RF,1d19e9f34430b93b9a4a37ee4331a0c630a8a19b05607754fa0adbfd9d3cbd06,9eb1905b0d2d4dff99236976201e564cbe25ee258ba901ad38107c5c6b5846f0,True,0,1
GG0052,1,1,CVB0048,0.5116452236711043,0.553131094997071,3,1,predict_proba,0.38,constraints_met,2,4,RF,1d19e9f34430b93b9a4a37ee4331a0c630a8a19b05607754fa0adbfd9d3cbd06,9eb1905b0d2d4dff99236976201e564cbe25ee258ba901ad38107c5c6b5846f0,True,0,1
GG0058,1,1,CVB0054,0.47080459860616,0.4395098486607426,7,1,predict_proba,0.38,constraints_met,2,4,RF,1d19e9f34430b93b9a4a37ee4331a0c630a8a19b05607754fa0adbfd9d3cbd06,9eb1905b0d2d4dff99236976201e564cbe25ee258ba901ad38107c5c6b5846f0,True,0,1
GG0066,0,1,CVB0062,0.6033777560257962,0.5807511465589227,3,1,predict_proba,0.38,constraints_met,2,4,RF,1d19e9f34430b93b9a4a37ee4331a0c630a8a19b05607754fa0adbfd9d3cbd06,9eb1905b0d2d4dff99236976201e564cbe25ee258ba901ad38107c5c6b5846f0,True,0,1
GG0074,0,1,CVB0070,0.1944056869401019,0.20475569108298958,8,0,predict_proba,0.38,constraints_met,2,4,RF,1d19e9f34430b93b9a4a37ee4331a0c630a8a19b05607754fa0adbfd9d3cbd06,9eb1905b0d2d4dff99236976201e564cbe25ee258ba901ad38107c5c6b5846f0,True,0,1
GG0079,0,1,CVB0075,0.1540226002730428,0.17502573196301682,99,0,predict_proba,0.38,constraints_met,2,4,RF,1d19e9f34430b93b9a4a37ee4331a0c630a8a19b05607754fa0adbfd9d3cbd06,9eb1905b0d2d4dff99236976201e564cbe25ee258ba901ad38107c5c6b5846f0,True,0,1
GG0081,0,1,CVB0077,0.4445654437930143,0.4504872590895883,5,1,predict_proba,0.38,constraints_met,2,4,RF,1d19e9f34430b93b9a4a37ee4331a0c630a8a19b05607754fa0adbfd9d3cbd06,9eb1905b0d2d4dff99236976201e564cbe25ee258ba901ad38107c5c6b5846f0,True,0,1
GG0088,0,1,CVB0084,0.1441570251708496,0.14905431661857682,15,0,predict_proba,0.38,constraints_met,2,4,RF,1d19e9f34430b93b9a4a37ee4331a0c630a8a19b05607754fa0adbfd9d3cbd06,9eb1905b0d2d4dff99236976201e564cbe25ee258ba901ad38107c5c6b5846f0,True,0,1
GG0093,0,1,CVB0089,0.3345875789151301,0.3950190760642817,21,0,predict_proba,0.38,constraints_met,2,4,RF,1d19e9f34430b93b9a4a37ee4331a0c630a8a19b05607754fa0adbfd9d3cbd06,9eb1905b0d2d4dff99236976201e564cbe25ee258ba901ad38107c5c6b5846f0,True,0,1
GG0098,0,1,CVB0094,0.24439417191252044,0.24799205016667292,18,0,predict_proba,0.38,constraints_met,2,4,RF,1d19e9f34430b93b9a4a37ee4331a0c630a8a19b05607754fa0adbfd9d3cbd06,9eb1905b0d2d4dff99236976201e564cbe25ee258ba901ad38107c5c6b5846f0,True,0,1
GG0101,0,1,CVB0097,0.013663021958469879,0.0140628206265239,5,0,predict_proba,0.38,constraints_met,2,4,RF,1d19e9f34430b93b9a4a37ee4331a0c630a8a19b05607754fa0adbfd9d3cbd06,9eb1905b0d2d4dff99236976201e564cbe25ee258ba901ad38107c5c6b5846f0,True,0,1
GG0109,0,1,CVB0105,0.30472652460042565,0.25211190816405193,9,0,predict_proba,0.38,constraints_met,2,4,RF,1d19e9f34430b93b9a4a37ee4331a0c630a8a19b05607754fa0adbfd9d3cbd06,9eb1905b0d2d4dff99236976201e564cbe25ee258ba901ad38107c5c6b5846f0,True,0,1
GG0114,0,1,CVB0110,0.16854137513733258,0.19319708166719823,16,0,predict_proba,0.38,constraints_met,2,4,RF,1d19e9f34430b93b9a4a37ee4331a0c630a8a19b05607754fa0adbfd9d3cbd06,9eb1905b0d2d4dff99236976201e564cbe25ee258ba901ad38107c5c6b5846f0,True,0,1
GG0119,0,1,CVB0115,0.3072609149541566,0.2698913472595035,5,0,predict_proba,0.38,constraints_met,2,4,RF,1d19e9f34430b93b9a4a37ee4331a0c630a8a19b05607754fa0adbfd9d3cbd06,9eb1905b0d2d4dff99236976201e564cbe25ee258ba901ad38107c5c6b5846f0,True,0,1
GG0124,0,1,CVB0120,0.2647777000442114,0.25918365600152965,9,0,predict_proba,0.38,constraints_met,2,4,RF,1d19e9f34430b93b9a4a37ee4331a0c630a8a19b05607754fa0adbfd9d3cbd06,9eb1905b0d2d4dff99236976201e564cbe25ee258ba901ad38107c5c6b5846f0,True,0,1
GG0126,0,1,CVB0122,0.2105103542141044,0.24596949870748613,53,0,predict_proba,0.38,constraints_met,2,4,RF,1d19e9f34430b93b9a4a37ee4331a0c630a8a19b05607754fa0adbfd9d3cbd06,9eb1905b0d2d4dff99236976201e564cbe25ee258ba901ad38107c5c6b5846f0,True,0,1
GG0003,1,1,CVB0003,0.5126070749351793,0.4781606682060559,25,1,monotonic_transformed_decision_score_not_calibrated,0.355,constraints_met,2,4,SVM,9921da45a20cf250f0041e27c0ee67c30ec26f9aa822d11e73a7a602079828ff,9eb1905b0d2d4dff99236976201e564cbe25ee258ba901ad38107c5c6b5846f0,True,0,1
GG0007,0,1,CVB0007,0.29735326259467487,0.3397631704263297,11,0,monotonic_transformed_decision_score_not_calibrated,0.355,constraints_met,2,4,SVM,9921da45a20cf250f0041e27c0ee67c30ec26f9aa822d11e73a7a602079828ff,9eb1905b0d2d4dff99236976201e564cbe25ee258ba901ad38107c5c6b5846f0,True,0,1
GG0013,1,1,CVB0013,0.45035186161904395,0.4387252813743543,16,1,monotonic_transformed_decision_score_not_calibrated,0.355,constraints_met,2,4,SVM,9921da45a20cf250f0041e27c0ee67c30ec26f9aa822d11e73a7a602079828ff,9eb1905b0d2d4dff99236976201e564cbe25ee258ba901ad38107c5c6b5846f0,True,0,1
GG0020,1,1,CVB0018,0.4499570002866517,0.47495666941498516,9,1,monotonic_transformed_decision_score_not_calibrated,0.355,constraints_met,2,4,SVM,9921da45a20cf250f0041e27c0ee67c30ec26f9aa822d11e73a7a602079828ff,9eb1905b0d2d4dff99236976201e564cbe25ee258ba901ad38107c5c6b5846f0,True,0,1
GG0027,0,1,CVB0024,0.23623449822415182,0.3352087575514408,14,0,monotonic_transformed_decision_score_not_calibrated,0.355,constraints_met,2,4,SVM,9921da45a20cf250f0041e27c0ee67c30ec26f9aa822d11e73a7a602079828ff,9eb1905b0d2d4dff99236976201e564cbe25ee258ba901ad38107c5c6b5846f0,True,0,1
GG0032,0,1,CVB0029,0.26243365351060166,0.2929947467377601,23,0,monotonic_transformed_decision_score_not_calibrated,0.355,constraints_met,2,4,SVM,9921da45a20cf250f0041e27c0ee67c30ec26f9aa822d11e73a7a602079828ff,9eb1905b0d2d4dff99236976201e564cbe25ee258ba901ad38107c5c6b5846f0,True,0,1
GG0040,0,1,CVB0037,0.1644034731256857,0.16262880763450727,33,0,monotonic_transformed_decision_score_not_calibrated,0.355,constraints_met,2,4,SVM,9921da45a20cf250f0041e27c0ee67c30ec26f9aa822d11e73a7a602079828ff,9eb1905b0d2d4dff99236976201e564cbe25ee258ba901ad38107c5c6b5846f0,True,0,1
GG0045,1,1,CVB0041,0.5652944752106649,0.5125238285629873,11,1,monotonic_transformed_decision_score_not_calibrated,0.355,constraints_met,2,4,SVM,9921da45a20cf250f0041e27c0ee67c30ec26f9aa822d11e73a7a602079828ff,9eb1905b0d2d4dff99236976201e564cbe25ee258ba901ad38107c5c6b5846f0,True,0,1
GG0051,1,1,CVB0047,0.5035628132991745,0.4899785839810583,5,1,monotonic_transformed_decision_score_not_calibrated,0.355,constraints_met,2,4,SVM,9921da45a20cf250f0041e27c0ee67c30ec26f9aa822d11e73a7a602079828ff,9eb1905b0d2d4dff99236976201e564cbe25ee258ba901ad38107c5c6b5846f0,True,0,1
GG0052,1,1,CVB0048,0.7175806972998718,0.6469088202889631,3,1,monotonic_transformed_decision_score_not_calibrated,0.355,constraints_met,2,4,SVM,9921da45a20cf250f0041e27c0ee67c30ec26f9aa822d11e73a7a602079828ff,9eb1905b0d2d4dff99236976201e564cbe25ee258ba901ad38107c5c6b5846f0,True,0,1
GG0058,1,1,CVB0054,0.46714500339305903,0.48465777985446895,7,1,monotonic_transformed_decision_score_not_calibrated,0.355,constraints_met,2,4,SVM,9921da45a20cf250f0041e27c0ee67c30ec26f9aa822d11e73a7a602079828ff,9eb1905b0d2d4dff99236976201e564cbe25ee258ba901ad38107c5c6b5846f0,True,0,1
GG0066,0,1,CVB0062,0.4902075101208905,0.4719479976034601,3,1,monotonic_transformed_decision_score_not_calibrated,0.355,constraints_met,2,4,SVM,9921da45a20cf250f0041e27c0ee67c30ec26f9aa822d11e73a7a602079828ff,9eb1905b0d2d4dff99236976201e564cbe25ee258ba901ad38107c5c6b5846f0,True,0,1
GG0074,0,1,CVB0070,0.30259284659440266,0.302198363704286,8,0,monotonic_transformed_decision_score_not_calibrated,0.355,constraints_met,2,4,SVM,9921da45a20cf250f0041e27c0ee67c30ec26f9aa822d11e73a7a602079828ff,9eb1905b0d2d4dff99236976201e564cbe25ee258ba901ad38107c5c6b5846f0,True,0,1
GG0079,0,1,CVB0075,0.3060476351202482,0.34648936339327346,99,0,monotonic_transformed_decision_score_not_calibrated,0.355,constraints_met,2,4,SVM,9921da45a20cf250f0041e27c0ee67c30ec26f9aa822d11e73a7a602079828ff,9eb1905b0d2d4dff99236976201e564cbe25ee258ba901ad38107c5c6b5846f0,True,0,1
GG0081,0,1,CVB0077,0.44127813214912665,0.4274375461486655,5,1,monotonic_transformed_decision_score_not_calibrated,0.355,constraints_met,2,4,SVM,9921da45a20cf250f0041e27c0ee67c30ec26f9aa822d11e73a7a602079828ff,9eb1905b0d2d4dff99236976201e564cbe25ee258ba901ad38107c5c6b5846f0,True,0,1
GG0088,0,1,CVB0084,0.211224797310504,0.2235229398216662,15,0,monotonic_transformed_decision_score_not_calibrated,0.355,constraints_met,2,4,SVM,9921da45a20cf250f0041e27c0ee67c30ec26f9aa822d11e73a7a602079828ff,9eb1905b0d2d4dff99236976201e564cbe25ee258ba901ad38107c5c6b5846f0,True,0,1
GG0093,0,1,CVB0089,0.2678411743493864,0.3688434013561689,21,0,monotonic_transformed_decision_score_not_calibrated,0.355,constraints_met,2,4,SVM,9921da45a20cf250f0041e27c0ee67c30ec26f9aa822d11e73a7a602079828ff,9eb1905b0d2d4dff99236976201e564cbe25ee258ba901ad38107c5c6b5846f0,True,0,1
GG0098,0,1,CVB0094,0.29113383281103805,0.31415316012497985,18,0,monotonic_transformed_decision_score_not_calibrated,0.355,constraints_met,2,4,SVM,9921da45a20cf250f0041e27c0ee67c30ec26f9aa822d11e73a7a602079828ff,9eb1905b0d2d4dff99236976201e564cbe25ee258ba901ad38107c5c6b5846f0,True,0,1
GG0101,0,1,CVB0097,0.16647046872104407,0.1661400204503101,5,0,monotonic_transformed_decision_score_not_calibrated,0.355,constraints_met,2,4,SVM,9921da45a20cf250f0041e27c0ee67c30ec26f9aa822d11e73a7a602079828ff,9eb1905b0d2d4dff99236976201e564cbe25ee258ba901ad38107c5c6b5846f0,True,0,1
GG0109,0,1,CVB0105,0.29706166360597114,0.30059180080507425,9,0,monotonic_transformed_decision_score_not_calibrated,0.355,constraints_met,2,4,SVM,9921da45a20cf250f0041e27c0ee67c30ec26f9aa822d11e73a7a602079828ff,9eb1905b0d2d4dff99236976201e564cbe25ee258ba901ad38107c5c6b5846f0,True,0,1
GG0114,0,1,CVB0110,0.3553872326565004,0.3753135787610696,16,1,monotonic_transformed_decision_score_not_calibrated,0.355,constraints_met,2,4,SVM,9921da45a20cf250f0041e27c0ee67c30ec26f9aa822d11e73a7a602079828ff,9eb1905b0d2d4dff99236976201e564cbe25ee258ba901ad38107c5c6b5846f0,True,0,1
GG0119,0,1,CVB0115,0.30078505996283245,0.28263706192632904,5,0,monotonic_transformed_decision_score_not_calibrated,0.355,constraints_met,2,4,SVM,9921da45a20cf250f0041e27c0ee67c30ec26f9aa822d11e73a7a602079828ff,9eb1905b0d2d4dff99236976201e564cbe25ee258ba901ad38107c5c6b5846f0,True,0,1
GG0124,0,1,CVB0120,0.22015552779731948,0.22327168607621894,9,0,monotonic_transformed_decision_score_not_calibrated,0.355,constraints_met,2,4,SVM,9921da45a20cf250f0041e27c0ee67c30ec26f9aa822d11e73a7a602079828ff,9eb1905b0d2d4dff99236976201e564cbe25ee258ba901ad38107c5c6b5846f0,True,0,1
GG0126,0,1,CVB0122,0.2848499297246585,0.2941337658871108,53,0,monotonic_transformed_decision_score_not_calibrated,0.355,constraints_met,2,4,SVM,9921da45a20cf250f0041e27c0ee67c30ec26f9aa822d11e73a7a602079828ff,9eb1905b0d2d4dff99236976201e564cbe25ee258ba901ad38107c5c6b5846f0,True,0,1
GG0003,1,1,CVB0003,0.9998446905022168,0.8491532073914979,25,1,predict_proba,0.19,constraints_met,2,4,MLP,152db42b91535d6040ff429b7751b78bf7ff1cd48a85d159b5eb72d908984cc5,9eb1905b0d2d4dff99236976201e564cbe25ee258ba901ad38107c5c6b5846f0,True,171,1
GG0007,0,1,CVB0007,1.6226406209399923e-07,0.001060673411285511,11,0,predict_proba,0.19,constraints_met,2,4,MLP,152db42b91535d6040ff429b7751b78bf7ff1cd48a85d159b5eb72d908984cc5,9eb1905b0d2d4dff99236976201e564cbe25ee258ba901ad38107c5c6b5846f0,True,171,1
GG0013,1,1,CVB0013,0.0005058150142818386,0.034524826888049254,16,0,predict_proba,0.19,constraints_met,2,4,MLP,152db42b91535d6040ff429b7751b78bf7ff1cd48a85d159b5eb72d908984cc5,9eb1905b0d2d4dff99236976201e564cbe25ee258ba901ad38107c5c6b5846f0,True,171,1
GG0020,1,1,CVB0018,0.15806130266546214,0.34991896031092573,9,0,predict_proba,0.19,constraints_met,2,4,MLP,152db42b91535d6040ff429b7751b78bf7ff1cd48a85d159b5eb72d908984cc5,9eb1905b0d2d4dff99236976201e564cbe25ee258ba901ad38107c5c6b5846f0,True,171,1
GG0027,0,1,CVB0024,3.1304990645951664e-07,0.21258341789635352,14,0,predict_proba,0.19,constraints_met,2,4,MLP,152db42b91535d6040ff429b7751b78bf7ff1cd48a85d159b5eb72d908984cc5,9eb1905b0d2d4dff99236976201e564cbe25ee258ba901ad38107c5c6b5846f0,True,171,1
GG0032,0,1,CVB0029,6.09982377626886e-08,0.00015803667643548417,23,0,predict_proba,0.19,constraints_met,2,4,MLP,152db42b91535d6040ff429b7751b78bf7ff1cd48a85d159b5eb72d908984cc5,9eb1905b0d2d4dff99236976201e564cbe25ee258ba901ad38107c5c6b5846f0,True,171,1
GG0040,0,1,CVB0037,1.738433613289214e-15,7.340313316208915e-05,33,0,predict_proba,0.19,constraints_met,2,4,MLP,152db42b91535d6040ff429b7751b78bf7ff1cd48a85d159b5eb72d908984cc5,9eb1905b0d2d4dff99236976201e564cbe25ee258ba901ad38107c5c6b5846f0,True,171,1
GG0045,1,1,CVB0041,0.39236140235502787,0.46670422491092545,11,1,predict_proba,0.19,constraints_met,2,4,MLP,152db42b91535d6040ff429b7751b78bf7ff1cd48a85d159b5eb72d908984cc5,9eb1905b0d2d4dff99236976201e564cbe25ee258ba901ad38107c5c6b5846f0,True,171,1
GG0051,1,1,CVB0047,0.5960226026639761,0.5900051480117963,5,1,predict_proba,0.19,constraints_met,2,4,MLP,152db42b91535d6040ff429b7751b78bf7ff1cd48a85d159b5eb72d908984cc5,9eb1905b0d2d4dff99236976201e564cbe25ee258ba901ad38107c5c6b5846f0,True,171,1
GG0052,1,1,CVB0048,0.9923760609002252,0.9455157561684432,3,1,predict_proba,0.19,constraints_met,2,4,MLP,152db42b91535d6040ff429b7751b78bf7ff1cd48a85d159b5eb72d908984cc5,9eb1905b0d2d4dff99236976201e564cbe25ee258ba901ad38107c5c6b5846f0,True,171,1
GG0058,1,1,CVB0054,0.404436008710098,0.42572160685780824,7,1,predict_proba,0.19,constraints_met,2,4,MLP,152db42b91535d6040ff429b7751b78bf7ff1cd48a85d159b5eb72d908984cc5,9eb1905b0d2d4dff99236976201e564cbe25ee258ba901ad38107c5c6b5846f0,True,171,1
GG0066,0,1,CVB0062,0.00010531910446312688,0.0008897067318720544,3,0,predict_proba,0.19,constraints_met,2,4,MLP,152db42b91535d6040ff429b7751b78bf7ff1cd48a85d159b5eb72d908984cc5,9eb1905b0d2d4dff99236976201e564cbe25ee258ba901ad38107c5c6b5846f0,True,171,1
GG0074,0,1,CVB0070,3.844541486543843e-08,2.3335057157840387e-07,8,0,predict_proba,0.19,constraints_met,2,4,MLP,152db42b91535d6040ff429b7751b78bf7ff1cd48a85d159b5eb72d908984cc5,9eb1905b0d2d4dff99236976201e564cbe25ee258ba901ad38107c5c6b5846f0,True,171,1
GG0079,0,1,CVB0075,0.000494539100297225,0.25722344039955286,99,0,predict_proba,0.19,constraints_met,2,4,MLP,152db42b91535d6040ff429b7751b78bf7ff1cd48a85d159b5eb72d908984cc5,9eb1905b0d2d4dff99236976201e564cbe25ee258ba901ad38107c5c6b5846f0,True,171,1
GG0081,0,1,CVB0077,0.0005322066279650888,0.0007315085850959193,5,0,predict_proba,0.19,constraints_met,2,4,MLP,152db42b91535d6040ff429b7751b78bf7ff1cd48a85d159b5eb72d908984cc5,9eb1905b0d2d4dff99236976201e564cbe25ee258ba901ad38107c5c6b5846f0,True,171,1
GG0088,0,1,CVB0084,2.2905029611370857e-08,4.586492884132409e-05,15,0,predict_proba,0.19,constraints_met,2,4,MLP,152db42b91535d6040ff429b7751b78bf7ff1cd48a85d159b5eb72d908984cc5,9eb1905b0d2d4dff99236976201e564cbe25ee258ba901ad38107c5c6b5846f0,True,171,1
GG0093,0,1,CVB0089,0.00010811063626617769,0.16915457909582046,21,0,predict_proba,0.19,constraints_met,2,4,MLP,152db42b91535d6040ff429b7751b78bf7ff1cd48a85d159b5eb72d908984cc5,9eb1905b0d2d4dff99236976201e564cbe25ee258ba901ad38107c5c6b5846f0,True,171,1
GG0098,0,1,CVB0094,0.001139938792751985,0.110435220330826,18,0,predict_proba,0.19,constraints_met,2,4,MLP,152db42b91535d6040ff429b7751b78bf7ff1cd48a85d159b5eb72d908984cc5,9eb1905b0d2d4dff99236976201e564cbe25ee258ba901ad38107c5c6b5846f0,True,171,1
GG0101,0,1,CVB0097,1.2977165969158869e-12,2.902891484205265e-11,5,0,predict_proba,0.19,constraints_met,2,4,MLP,152db42b91535d6040ff429b7751b78bf7ff1cd48a85d159b5eb72d908984cc5,9eb1905b0d2d4dff99236976201e564cbe25ee258ba901ad38107c5c6b5846f0,True,171,1
GG0109,0,1,CVB0105,2.459145118078249e-21,0.10110247591133957,9,0,predict_proba,0.19,constraints_met,2,4,MLP,152db42b91535d6040ff429b7751b78bf7ff1cd48a85d159b5eb72d908984cc5,9eb1905b0d2d4dff99236976201e564cbe25ee258ba901ad38107c5c6b5846f0,True,171,1
GG0114,0,1,CVB0110,0.9899256224488964,0.6775250105458882,16,1,predict_proba,0.19,constraints_met,2,4,MLP,152db42b91535d6040ff429b7751b78bf7ff1cd48a85d159b5eb72d908984cc5,9eb1905b0d2d4dff99236976201e564cbe25ee258ba901ad38107c5c6b5846f0,True,171,1
GG0119,0,1,CVB0115,0.004066452105656975,0.400824470009734,5,0,predict_proba,0.19,constraints_met,2,4,MLP,152db42b91535d6040ff429b7751b78bf7ff1cd48a85d159b5eb72d908984cc5,9eb1905b0d2d4dff99236976201e564cbe25ee258ba901ad38107c5c6b5846f0,True,171,1
GG0124,0,1,CVB0120,1.5701962069954936e-11,5.988185484757575e-05,9,0,predict_proba,0.19,constraints_met,2,4,MLP,152db42b91535d6040ff429b7751b78bf7ff1cd48a85d159b5eb72d908984cc5,9eb1905b0d2d4dff99236976201e564cbe25ee258ba901ad38107c5c6b5846f0,True,171,1
GG0126,0,1,CVB0122,7.272762404554822e-08,0.008653117174794566,53,0,predict_proba,0.19,constraints_met,2,4,MLP,152db42b91535d6040ff429b7751b78bf7ff1cd48a85d159b5eb72d908984cc5,9eb1905b0d2d4dff99236976201e564cbe25ee258ba901ad38107c5c6b5846f0,True,171,1
GG0003,1,1,CVB0003,0.34374135732650757,0.3548687493801117,25,0,predict_proba,0.45499999999999996,constraints_met,2,4,XGBoost,5c88e068396f32f89d85756e9dbc6ab2fb26afa93a4d5569f61d74bfd99473ad,9eb1905b0d2d4dff99236976201e564cbe25ee258ba901ad38107c5c6b5846f0,True,0,1
GG0007,0,1,CVB0007,0.2919536232948303,0.28098689832470636,11,0,predict_proba,0.45499999999999996,constraints_met,2,4,XGBoost,5c88e068396f32f89d85756e9dbc6ab2fb26afa93a4d5569f61d74bfd99473ad,9eb1905b0d2d4dff99236976201e564cbe25ee258ba901ad38107c5c6b5846f0,True,0,1
GG0013,1,1,CVB0013,0.5069132149219513,0.4554212582297623,16,1,predict_proba,0.45499999999999996,constraints_met,2,4,XGBoost,5c88e068396f32f89d85756e9dbc6ab2fb26afa93a4d5569f61d74bfd99473ad,9eb1905b0d2d4dff99236976201e564cbe25ee258ba901ad38107c5c6b5846f0,True,0,1
GG0020,1,1,CVB0018,0.45806506276130676,0.4194168812698788,9,1,predict_proba,0.45499999999999996,constraints_met,2,4,XGBoost,5c88e068396f32f89d85756e9dbc6ab2fb26afa93a4d5569f61d74bfd99473ad,9eb1905b0d2d4dff99236976201e564cbe25ee258ba901ad38107c5c6b5846f0,True,0,1
GG0027,0,1,CVB0024,0.03381718322634697,0.20234988071024418,14,0,predict_proba,0.45499999999999996,constraints_met,2,4,XGBoost,5c88e068396f32f89d85756e9dbc6ab2fb26afa93a4d5569f61d74bfd99473ad,9eb1905b0d2d4dff99236976201e564cbe25ee258ba901ad38107c5c6b5846f0,True,0,1
GG0032,0,1,CVB0029,0.15932588279247284,0.267119407005932,23,0,predict_proba,0.45499999999999996,constraints_met,2,4,XGBoost,5c88e068396f32f89d85756e9dbc6ab2fb26afa93a4d5569f61d74bfd99473ad,9eb1905b0d2d4dff99236976201e564cbe25ee258ba901ad38107c5c6b5846f0,True,0,1
GG0040,0,1,CVB0037,0.028839459642767906,0.049874340550917565,33,0,predict_proba,0.45499999999999996,constraints_met,2,4,XGBoost,5c88e068396f32f89d85756e9dbc6ab2fb26afa93a4d5569f61d74bfd99473ad,9eb1905b0d2d4dff99236976201e564cbe25ee258ba901ad38107c5c6b5846f0,True,0,1
GG0045,1,1,CVB0041,0.3020170032978058,0.2959393181584098,11,0,predict_proba,0.45499999999999996,constraints_met,2,4,XGBoost,5c88e068396f32f89d85756e9dbc6ab2fb26afa93a4d5569f61d74bfd99473ad,9eb1905b0d2d4dff99236976201e564cbe25ee258ba901ad38107c5c6b5846f0,True,0,1
GG0051,1,1,CVB0047,0.5227956175804138,0.5451791465282441,5,1,predict_proba,0.45499999999999996,constraints_met,2,4,XGBoost,5c88e068396f32f89d85756e9dbc6ab2fb26afa93a4d5569f61d74bfd99473ad,9eb1905b0d2d4dff99236976201e564cbe25ee258ba901ad38107c5c6b5846f0,True,0,1
GG0052,1,1,CVB0048,0.5852692723274231,0.6430524388949076,3,1,predict_proba,0.45499999999999996,constraints_met,2,4,XGBoost,5c88e068396f32f89d85756e9dbc6ab2fb26afa93a4d5569f61d74bfd99473ad,9eb1905b0d2d4dff99236976201e564cbe25ee258ba901ad38107c5c6b5846f0,True,0,1
GG0058,1,1,CVB0054,0.4696038067340851,0.44772773555346895,7,1,predict_proba,0.45499999999999996,constraints_met,2,4,XGBoost,5c88e068396f32f89d85756e9dbc6ab2fb26afa93a4d5569f61d74bfd99473ad,9eb1905b0d2d4dff99236976201e564cbe25ee258ba901ad38107c5c6b5846f0,True,0,1
GG0066,0,1,CVB0062,0.4743616580963135,0.48099978764851886,3,1,predict_proba,0.45499999999999996,constraints_met,2,4,XGBoost,5c88e068396f32f89d85756e9dbc6ab2fb26afa93a4d5569f61d74bfd99473ad,9eb1905b0d2d4dff99236976201e564cbe25ee258ba901ad38107c5c6b5846f0,True,0,1
GG0074,0,1,CVB0070,0.13713862746953964,0.14792325999587774,8,0,predict_proba,0.45499999999999996,constraints_met,2,4,XGBoost,5c88e068396f32f89d85756e9dbc6ab2fb26afa93a4d5569f61d74bfd99473ad,9eb1905b0d2d4dff99236976201e564cbe25ee258ba901ad38107c5c6b5846f0,True,0,1
GG0079,0,1,CVB0075,0.13123942911624908,0.18742879017284422,99,0,predict_proba,0.45499999999999996,constraints_met,2,4,XGBoost,5c88e068396f32f89d85756e9dbc6ab2fb26afa93a4d5569f61d74bfd99473ad,9eb1905b0d2d4dff99236976201e564cbe25ee258ba901ad38107c5c6b5846f0,True,0,1
GG0081,0,1,CVB0077,0.3574939966201782,0.35128875970840456,5,0,predict_proba,0.45499999999999996,constraints_met,2,4,XGBoost,5c88e068396f32f89d85756e9dbc6ab2fb26afa93a4d5569f61d74bfd99473ad,9eb1905b0d2d4dff99236976201e564cbe25ee258ba901ad38107c5c6b5846f0,True,0,1
GG0088,0,1,CVB0084,0.11096358299255371,0.11124218652645747,15,0,predict_proba,0.45499999999999996,constraints_met,2,4,XGBoost,5c88e068396f32f89d85756e9dbc6ab2fb26afa93a4d5569f61d74bfd99473ad,9eb1905b0d2d4dff99236976201e564cbe25ee258ba901ad38107c5c6b5846f0,True,0,1
GG0093,0,1,CVB0089,0.32255619764328003,0.3094701065371434,21,0,predict_proba,0.45499999999999996,constraints_met,2,4,XGBoost,5c88e068396f32f89d85756e9dbc6ab2fb26afa93a4d5569f61d74bfd99473ad,9eb1905b0d2d4dff99236976201e564cbe25ee258ba901ad38107c5c6b5846f0,True,0,1
GG0098,0,1,CVB0094,0.19171135127544403,0.20631908294227388,18,0,predict_proba,0.45499999999999996,constraints_met,2,4,XGBoost,5c88e068396f32f89d85756e9dbc6ab2fb26afa93a4d5569f61d74bfd99473ad,9eb1905b0d2d4dff99236976201e564cbe25ee258ba901ad38107c5c6b5846f0,True,0,1
GG0101,0,1,CVB0097,0.023782895877957344,0.02390984296798706,5,0,predict_proba,0.45499999999999996,constraints_met,2,4,XGBoost,5c88e068396f32f89d85756e9dbc6ab2fb26afa93a4d5569f61d74bfd99473ad,9eb1905b0d2d4dff99236976201e564cbe25ee258ba901ad38107c5c6b5846f0,True,0,1
GG0109,0,1,CVB0105,0.16518311202526093,0.15964422788884905,9,0,predict_proba,0.45499999999999996,constraints_met,2,4,XGBoost,5c88e068396f32f89d85756e9dbc6ab2fb26afa93a4d5569f61d74bfd99473ad,9eb1905b0d2d4dff99236976201e564cbe25ee258ba901ad38107c5c6b5846f0,True,0,1
GG0114,0,1,CVB0110,0.20727930217981339,0.23738581035286188,16,0,predict_proba,0.45499999999999996,constraints_met,2,4,XGBoost,5c88e068396f32f89d85756e9dbc6ab2fb26afa93a4d5569f61d74bfd99473ad,9eb1905b0d2d4dff99236976201e564cbe25ee258ba901ad38107c5c6b5846f0,True,0,1
GG0119,0,1,CVB0115,0.2325899600982666,0.25056603699922564,5,0,predict_proba,0.45499999999999996,constraints_met,2,4,XGBoost,5c88e068396f32f89d85756e9dbc6ab2fb26afa93a4d5569f61d74bfd99473ad,9eb1905b0d2d4dff99236976201e564cbe25ee258ba901ad38107c5c6b5846f0,True,0,1
GG0124,0,1,CVB0120,0.17765019834041595,0.17033736987246406,9,0,predict_proba,0.45499999999999996,constraints_met,2,4,XGBoost,5c88e068396f32f89d85756e9dbc6ab2fb26afa93a4d5569f61d74bfd99473ad,9eb1905b0d2d4dff99236976201e564cbe25ee258ba901ad38107c5c6b5846f0,True,0,1
GG0126,0,1,CVB0122,0.1538461446762085,0.18397883410161397,53,0,predict_proba,0.45499999999999996,constraints_met,2,4,XGBoost,5c88e068396f32f89d85756e9dbc6ab2fb26afa93a4d5569f61d74bfd99473ad,9eb1905b0d2d4dff99236976201e564cbe25ee258ba901ad38107c5c6b5846f0,True,0,1
GG0004,0,1,CVB0004,0.0849990607001813,0.16758047002901189,35,0,predict_proba,0.43500000000000005,constraints_met,2,5,RF,32edf90ee31ea362988440603e037112ea76f0471a27477f823589ae1729b14c,9eb1905b0d2d4dff99236976201e564cbe25ee258ba901ad38107c5c6b5846f0,True,0,1
GG0008,0,1,CVB0008,0.10455074235027985,0.1414590583712814,47,0,predict_proba,0.43500000000000005,constraints_met,2,5,RF,32edf90ee31ea362988440603e037112ea76f0471a27477f823589ae1729b14c,9eb1905b0d2d4dff99236976201e564cbe25ee258ba901ad38107c5c6b5846f0,True,0,1
GG0014,1,1,CVB0014,0.3454702056936154,0.34101261797837235,15,0,predict_proba,0.43500000000000005,constraints_met,2,5,RF,32edf90ee31ea362988440603e037112ea76f0471a27477f823589ae1729b14c,9eb1905b0d2d4dff99236976201e564cbe25ee258ba901ad38107c5c6b5846f0,True,0,1
GG0019,0,1,CVB0017,0.02906799364925168,0.06585983921108558,5,0,predict_proba,0.43500000000000005,constraints_met,2,5,RF,32edf90ee31ea362988440603e037112ea76f0471a27477f823589ae1729b14c,9eb1905b0d2d4dff99236976201e564cbe25ee258ba901ad38107c5c6b5846f0,True,0,1
GG0028,1,1,CVB0025,0.39306683220933253,0.43793537529996585,5,0,predict_proba,0.43500000000000005,constraints_met,2,5,RF,32edf90ee31ea362988440603e037112ea76f0471a27477f823589ae1729b14c,9eb1905b0d2d4dff99236976201e564cbe25ee258ba901ad38107c5c6b5846f0,True,0,1
GG0035,1,1,CVB0032,0.3772296745741914,0.377101020345344,72,0,predict_proba,0.43500000000000005,constraints_met,2,5,RF,32edf90ee31ea362988440603e037112ea76f0471a27477f823589ae1729b14c,9eb1905b0d2d4dff99236976201e564cbe25ee258ba901ad38107c5c6b5846f0,True,0,1
GG0036,0,1,CVB0033,0.11060098651266,0.13980154521213706,84,0,predict_proba,0.43500000000000005,constraints_met,2,5,RF,32edf90ee31ea362988440603e037112ea76f0471a27477f823589ae1729b14c,9eb1905b0d2d4dff99236976201e564cbe25ee258ba901ad38107c5c6b5846f0,True,0,1
GG0046,1,1,CVB0042,0.575516871809963,0.5885955137243459,18,1,predict_proba,0.43500000000000005,constraints_met,2,5,RF,32edf90ee31ea362988440603e037112ea76f0471a27477f823589ae1729b14c,9eb1905b0d2d4dff99236976201e564cbe25ee258ba901ad38107c5c6b5846f0,True,0,1
GG0050,1,1,CVB0046,0.5933454372878697,0.6067439037376534,6,1,predict_proba,0.43500000000000005,constraints_met,2,5,RF,32edf90ee31ea362988440603e037112ea76f0471a27477f823589ae1729b14c,9eb1905b0d2d4dff99236976201e564cbe25ee258ba901ad38107c5c6b5846f0,True,0,1
GG0056,1,1,CVB0052,0.021879319032582528,0.025374224588918352,8,0,predict_proba,0.43500000000000005,constraints_met,2,5,RF,32edf90ee31ea362988440603e037112ea76f0471a27477f823589ae1729b14c,9eb1905b0d2d4dff99236976201e564cbe25ee258ba901ad38107c5c6b5846f0,True,0,1
GG0059,1,1,CVB0055,0.4533222410593182,0.4401219029917981,15,1,predict_proba,0.43500000000000005,constraints_met,2,5,RF,32edf90ee31ea362988440603e037112ea76f0471a27477f823589ae1729b14c,9eb1905b0d2d4dff99236976201e564cbe25ee258ba901ad38107c5c6b5846f0,True,0,1
GG0067,0,1,CVB0063,0.5770053995622135,0.48010538202058883,5,1,predict_proba,0.43500000000000005,constraints_met,2,5,RF,32edf90ee31ea362988440603e037112ea76f0471a27477f823589ae1729b14c,9eb1905b0d2d4dff99236976201e564cbe25ee258ba901ad38107c5c6b5846f0,True,0,1
GG0070,0,1,CVB0066,0.03507435546621153,0.04587741805569876,14,0,predict_proba,0.43500000000000005,constraints_met,2,5,RF,32edf90ee31ea362988440603e037112ea76f0471a27477f823589ae1729b14c,9eb1905b0d2d4dff99236976201e564cbe25ee258ba901ad38107c5c6b5846f0,True,0,1
GG0078,0,1,CVB0074,0.0807184113735919,0.18749310243788156,34,0,predict_proba,0.43500000000000005,constraints_met,2,5,RF,32edf90ee31ea362988440603e037112ea76f0471a27477f823589ae1729b14c,9eb1905b0d2d4dff99236976201e564cbe25ee258ba901ad38107c5c6b5846f0,True,0,1
GG0084,0,1,CVB0080,0.1819757606585136,0.17138305489788144,4,0,predict_proba,0.43500000000000005,constraints_met,2,5,RF,32edf90ee31ea362988440603e037112ea76f0471a27477f823589ae1729b14c,9eb1905b0d2d4dff99236976201e564cbe25ee258ba901ad38107c5c6b5846f0,True,0,1
GG0089,0,1,CVB0085,0.09360831868417088,0.10450734524421337,7,0,predict_proba,0.43500000000000005,constraints_met,2,5,RF,32edf90ee31ea362988440603e037112ea76f0471a27477f823589ae1729b14c,9eb1905b0d2d4dff99236976201e564cbe25ee258ba901ad38107c5c6b5846f0,True,0,1
GG0094,0,1,CVB0090,0.3964573730964144,0.4065663660307975,13,0,predict_proba,0.43500000000000005,constraints_met,2,5,RF,32edf90ee31ea362988440603e037112ea76f0471a27477f823589ae1729b14c,9eb1905b0d2d4dff99236976201e564cbe25ee258ba901ad38107c5c6b5846f0,True,0,1
GG0099,0,1,CVB0095,0.6240206951875592,0.6142478685428635,7,1,predict_proba,0.43500000000000005,constraints_met,2,5,RF,32edf90ee31ea362988440603e037112ea76f0471a27477f823589ae1729b14c,9eb1905b0d2d4dff99236976201e564cbe25ee258ba901ad38107c5c6b5846f0,True,0,1
GG0104,0,1,CVB0100,0.30547736150457505,0.2887763901819888,6,0,predict_proba,0.43500000000000005,constraints_met,2,5,RF,32edf90ee31ea362988440603e037112ea76f0471a27477f823589ae1729b14c,9eb1905b0d2d4dff99236976201e564cbe25ee258ba901ad38107c5c6b5846f0,True,0,1
GG0105,0,1,CVB0101,0.06915551092625473,0.08011720094729992,11,0,predict_proba,0.43500000000000005,constraints_met,2,5,RF,32edf90ee31ea362988440603e037112ea76f0471a27477f823589ae1729b14c,9eb1905b0d2d4dff99236976201e564cbe25ee258ba901ad38107c5c6b5846f0,True,0,1
GG0112,0,1,CVB0108,0.07537191820748415,0.07933987822483403,11,0,predict_proba,0.43500000000000005,constraints_met,2,5,RF,32edf90ee31ea362988440603e037112ea76f0471a27477f823589ae1729b14c,9eb1905b0d2d4dff99236976201e564cbe25ee258ba901ad38107c5c6b5846f0,True,0,1
GG0115,0,1,CVB0111,0.12068175599509352,0.12033914712497432,23,0,predict_proba,0.43500000000000005,constraints_met,2,5,RF,32edf90ee31ea362988440603e037112ea76f0471a27477f823589ae1729b14c,9eb1905b0d2d4dff99236976201e564cbe25ee258ba901ad38107c5c6b5846f0,True,0,1
GG0120,0,1,CVB0116,0.07410360193492167,0.08439404276881828,16,0,predict_proba,0.43500000000000005,constraints_met,2,5,RF,32edf90ee31ea362988440603e037112ea76f0471a27477f823589ae1729b14c,9eb1905b0d2d4dff99236976201e564cbe25ee258ba901ad38107c5c6b5846f0,True,0,1
GG0127,0,1,CVB0123,0.00714794409060191,0.008613166432732229,3,0,predict_proba,0.43500000000000005,constraints_met,2,5,RF,32edf90ee31ea362988440603e037112ea76f0471a27477f823589ae1729b14c,9eb1905b0d2d4dff99236976201e564cbe25ee258ba901ad38107c5c6b5846f0,True,0,1
GG0004,0,1,CVB0004,0.19791130964130335,0.2547805506881449,35,0,monotonic_transformed_decision_score_not_calibrated,0.42000000000000004,constraints_met,2,5,SVM,fa69ecd5b41de47936e64e6d6e9ed1d2fedc6a25eefa86cb67402c6b15170a43,9eb1905b0d2d4dff99236976201e564cbe25ee258ba901ad38107c5c6b5846f0,True,0,1
GG0008,0,1,CVB0008,0.23128311794420592,0.2525389814070168,47,0,monotonic_transformed_decision_score_not_calibrated,0.42000000000000004,constraints_met,2,5,SVM,fa69ecd5b41de47936e64e6d6e9ed1d2fedc6a25eefa86cb67402c6b15170a43,9eb1905b0d2d4dff99236976201e564cbe25ee258ba901ad38107c5c6b5846f0,True,0,1
GG0014,1,1,CVB0014,0.23889355472618548,0.24849782309858995,15,0,monotonic_transformed_decision_score_not_calibrated,0.42000000000000004,constraints_met,2,5,SVM,fa69ecd5b41de47936e64e6d6e9ed1d2fedc6a25eefa86cb67402c6b15170a43,9eb1905b0d2d4dff99236976201e564cbe25ee258ba901ad38107c5c6b5846f0,True,0,1
GG0019,0,1,CVB0017,0.17049295368323752,0.1844068988224778,5,0,monotonic_transformed_decision_score_not_calibrated,0.42000000000000004,constraints_met,2,5,SVM,fa69ecd5b41de47936e64e6d6e9ed1d2fedc6a25eefa86cb67402c6b15170a43,9eb1905b0d2d4dff99236976201e564cbe25ee258ba901ad38107c5c6b5846f0,True,0,1
GG0028,1,1,CVB0025,0.5421588518840654,0.528050855153125,5,1,monotonic_transformed_decision_score_not_calibrated,0.42000000000000004,constraints_met,2,5,SVM,fa69ecd5b41de47936e64e6d6e9ed1d2fedc6a25eefa86cb67402c6b15170a43,9eb1905b0d2d4dff99236976201e564cbe25ee258ba901ad38107c5c6b5846f0,True,0,1
GG0035,1,1,CVB0032,0.3064593864027552,0.3372927298418775,72,0,monotonic_transformed_decision_score_not_calibrated,0.42000000000000004,constraints_met,2,5,SVM,fa69ecd5b41de47936e64e6d6e9ed1d2fedc6a25eefa86cb67402c6b15170a43,9eb1905b0d2d4dff99236976201e564cbe25ee258ba901ad38107c5c6b5846f0,True,0,1
GG0036,0,1,CVB0033,0.26606798103571117,0.2926739324757591,84,0,monotonic_transformed_decision_score_not_calibrated,0.42000000000000004,constraints_met,2,5,SVM,fa69ecd5b41de47936e64e6d6e9ed1d2fedc6a25eefa86cb67402c6b15170a43,9eb1905b0d2d4dff99236976201e564cbe25ee258ba901ad38107c5c6b5846f0,True,0,1
GG0046,1,1,CVB0042,0.6247100762840762,0.6046189559075403,18,1,monotonic_transformed_decision_score_not_calibrated,0.42000000000000004,constraints_met,2,5,SVM,fa69ecd5b41de47936e64e6d6e9ed1d2fedc6a25eefa86cb67402c6b15170a43,9eb1905b0d2d4dff99236976201e564cbe25ee258ba901ad38107c5c6b5846f0,True,0,1
GG0050,1,1,CVB0046,0.7008850121071142,0.7241683739770189,6,1,monotonic_transformed_decision_score_not_calibrated,0.42000000000000004,constraints_met,2,5,SVM,fa69ecd5b41de47936e64e6d6e9ed1d2fedc6a25eefa86cb67402c6b15170a43,9eb1905b0d2d4dff99236976201e564cbe25ee258ba901ad38107c5c6b5846f0,True,0,1
GG0056,1,1,CVB0052,0.18180092079522597,0.19387429553736427,8,0,monotonic_transformed_decision_score_not_calibrated,0.42000000000000004,constraints_met,2,5,SVM,fa69ecd5b41de47936e64e6d6e9ed1d2fedc6a25eefa86cb67402c6b15170a43,9eb1905b0d2d4dff99236976201e564cbe25ee258ba901ad38107c5c6b5846f0,True,0,1
GG0059,1,1,CVB0055,0.464332882237454,0.4676041013962476,15,1,monotonic_transformed_decision_score_not_calibrated,0.42000000000000004,constraints_met,2,5,SVM,fa69ecd5b41de47936e64e6d6e9ed1d2fedc6a25eefa86cb67402c6b15170a43,9eb1905b0d2d4dff99236976201e564cbe25ee258ba901ad38107c5c6b5846f0,True,0,1
GG0067,0,1,CVB0063,0.2817246424257009,0.35081879853743675,5,0,monotonic_transformed_decision_score_not_calibrated,0.42000000000000004,constraints_met,2,5,SVM,fa69ecd5b41de47936e64e6d6e9ed1d2fedc6a25eefa86cb67402c6b15170a43,9eb1905b0d2d4dff99236976201e564cbe25ee258ba901ad38107c5c6b5846f0,True,0,1
GG0070,0,1,CVB0066,0.13360814918992495,0.13759547761444044,14,0,monotonic_transformed_decision_score_not_calibrated,0.42000000000000004,constraints_met,2,5,SVM,fa69ecd5b41de47936e64e6d6e9ed1d2fedc6a25eefa86cb67402c6b15170a43,9eb1905b0d2d4dff99236976201e564cbe25ee258ba901ad38107c5c6b5846f0,True,0,1
GG0078,0,1,CVB0074,0.29248201778066424,0.30956165127587604,34,0,monotonic_transformed_decision_score_not_calibrated,0.42000000000000004,constraints_met,2,5,SVM,fa69ecd5b41de47936e64e6d6e9ed1d2fedc6a25eefa86cb67402c6b15170a43,9eb1905b0d2d4dff99236976201e564cbe25ee258ba901ad38107c5c6b5846f0,True,0,1
GG0084,0,1,CVB0080,0.30975990247300256,0.31811785108157914,4,0,monotonic_transformed_decision_score_not_calibrated,0.42000000000000004,constraints_met,2,5,SVM,fa69ecd5b41de47936e64e6d6e9ed1d2fedc6a25eefa86cb67402c6b15170a43,9eb1905b0d2d4dff99236976201e564cbe25ee258ba901ad38107c5c6b5846f0,True,0,1
GG0089,0,1,CVB0085,0.20540442434707148,0.2116142020306825,7,0,monotonic_transformed_decision_score_not_calibrated,0.42000000000000004,constraints_met,2,5,SVM,fa69ecd5b41de47936e64e6d6e9ed1d2fedc6a25eefa86cb67402c6b15170a43,9eb1905b0d2d4dff99236976201e564cbe25ee258ba901ad38107c5c6b5846f0,True,0,1
GG0094,0,1,CVB0090,0.4554580363689157,0.47474358044034154,13,1,monotonic_transformed_decision_score_not_calibrated,0.42000000000000004,constraints_met,2,5,SVM,fa69ecd5b41de47936e64e6d6e9ed1d2fedc6a25eefa86cb67402c6b15170a43,9eb1905b0d2d4dff99236976201e564cbe25ee258ba901ad38107c5c6b5846f0,True,0,1
GG0099,0,1,CVB0095,0.6824669115001446,0.663314383636344,7,1,monotonic_transformed_decision_score_not_calibrated,0.42000000000000004,constraints_met,2,5,SVM,fa69ecd5b41de47936e64e6d6e9ed1d2fedc6a25eefa86cb67402c6b15170a43,9eb1905b0d2d4dff99236976201e564cbe25ee258ba901ad38107c5c6b5846f0,True,0,1
GG0104,0,1,CVB0100,0.28724815235645934,0.33727458458066367,6,0,monotonic_transformed_decision_score_not_calibrated,0.42000000000000004,constraints_met,2,5,SVM,fa69ecd5b41de47936e64e6d6e9ed1d2fedc6a25eefa86cb67402c6b15170a43,9eb1905b0d2d4dff99236976201e564cbe25ee258ba901ad38107c5c6b5846f0,True,0,1
GG0105,0,1,CVB0101,0.07917087193419385,0.11697954933211459,11,0,monotonic_transformed_decision_score_not_calibrated,0.42000000000000004,constraints_met,2,5,SVM,fa69ecd5b41de47936e64e6d6e9ed1d2fedc6a25eefa86cb67402c6b15170a43,9eb1905b0d2d4dff99236976201e564cbe25ee258ba901ad38107c5c6b5846f0,True,0,1
GG0112,0,1,CVB0108,0.2102461153421674,0.20758069081581346,11,0,monotonic_transformed_decision_score_not_calibrated,0.42000000000000004,constraints_met,2,5,SVM,fa69ecd5b41de47936e64e6d6e9ed1d2fedc6a25eefa86cb67402c6b15170a43,9eb1905b0d2d4dff99236976201e564cbe25ee258ba901ad38107c5c6b5846f0,True,0,1
GG0115,0,1,CVB0111,0.2646829991110023,0.2692773902502874,23,0,monotonic_transformed_decision_score_not_calibrated,0.42000000000000004,constraints_met,2,5,SVM,fa69ecd5b41de47936e64e6d6e9ed1d2fedc6a25eefa86cb67402c6b15170a43,9eb1905b0d2d4dff99236976201e564cbe25ee258ba901ad38107c5c6b5846f0,True,0,1
GG0120,0,1,CVB0116,0.20094124150320208,0.21484315457404268,16,0,monotonic_transformed_decision_score_not_calibrated,0.42000000000000004,constraints_met,2,5,SVM,fa69ecd5b41de47936e64e6d6e9ed1d2fedc6a25eefa86cb67402c6b15170a43,9eb1905b0d2d4dff99236976201e564cbe25ee258ba901ad38107c5c6b5846f0,True,0,1
GG0127,0,1,CVB0123,0.13089009874698537,0.1248179119207532,3,0,monotonic_transformed_decision_score_not_calibrated,0.42000000000000004,constraints_met,2,5,SVM,fa69ecd5b41de47936e64e6d6e9ed1d2fedc6a25eefa86cb67402c6b15170a43,9eb1905b0d2d4dff99236976201e564cbe25ee258ba901ad38107c5c6b5846f0,True,0,1
GG0004,0,1,CVB0004,6.042188108617051e-11,0.14278743274097136,35,0,predict_proba,0.21500000000000002,constraints_met,2,5,MLP,b77615b417cf5d401441daca2e57b57a7b0ad08c21bef8e8c13fe65f670efa32,9eb1905b0d2d4dff99236976201e564cbe25ee258ba901ad38107c5c6b5846f0,True,51,1
GG0008,0,1,CVB0008,3.1005808881029786e-06,0.12336499081574041,47,0,predict_proba,0.21500000000000002,constraints_met,2,5,MLP,b77615b417cf5d401441daca2e57b57a7b0ad08c21bef8e8c13fe65f670efa32,9eb1905b0d2d4dff99236976201e564cbe25ee258ba901ad38107c5c6b5846f0,True,51,1
GG0014,1,1,CVB0014,9.512986693199134e-09,0.0018327951183661035,15,0,predict_proba,0.21500000000000002,constraints_met,2,5,MLP,b77615b417cf5d401441daca2e57b57a7b0ad08c21bef8e8c13fe65f670efa32,9eb1905b0d2d4dff99236976201e564cbe25ee258ba901ad38107c5c6b5846f0,True,51,1
GG0019,0,1,CVB0017,2.656841797825606e-12,1.2328524112270245e-08,5,0,predict_proba,0.21500000000000002,constraints_met,2,5,MLP,b77615b417cf5d401441daca2e57b57a7b0ad08c21bef8e8c13fe65f670efa32,9eb1905b0d2d4dff99236976201e564cbe25ee258ba901ad38107c5c6b5846f0,True,51,1
GG0028,1,1,CVB0025,0.982481939403451,0.7906957556861085,5,1,predict_proba,0.21500000000000002,constraints_met,2,5,MLP,b77615b417cf5d401441daca2e57b57a7b0ad08c21bef8e8c13fe65f670efa32,9eb1905b0d2d4dff99236976201e564cbe25ee258ba901ad38107c5c6b5846f0,True,51,1
GG0035,1,1,CVB0032,4.8467084934646657e-45,0.07631179740604437,72,0,predict_proba,0.21500000000000002,constraints_met,2,5,MLP,b77615b417cf5d401441daca2e57b57a7b0ad08c21bef8e8c13fe65f670efa32,9eb1905b0d2d4dff99236976201e564cbe25ee258ba901ad38107c5c6b5846f0,True,51,1
GG0036,0,1,CVB0033,6.392194729204465e-08,0.15140555761824123,84,0,predict_proba,0.21500000000000002,constraints_met,2,5,MLP,b77615b417cf5d401441daca2e57b57a7b0ad08c21bef8e8c13fe65f670efa32,9eb1905b0d2d4dff99236976201e564cbe25ee258ba901ad38107c5c6b5846f0,True,51,1
GG0046,1,1,CVB0042,0.9971341275171768,0.707241470130332,18,1,predict_proba,0.21500000000000002,constraints_met,2,5,MLP,b77615b417cf5d401441daca2e57b57a7b0ad08c21bef8e8c13fe65f670efa32,9eb1905b0d2d4dff99236976201e564cbe25ee258ba901ad38107c5c6b5846f0,True,51,1
GG0050,1,1,CVB0046,0.9999915307783903,0.9998873582605032,6,1,predict_proba,0.21500000000000002,constraints_met,2,5,MLP,b77615b417cf5d401441daca2e57b57a7b0ad08c21bef8e8c13fe65f670efa32,9eb1905b0d2d4dff99236976201e564cbe25ee258ba901ad38107c5c6b5846f0,True,51,1
GG0056,1,1,CVB0052,7.405202838671582e-07,0.020646529495814688,8,0,predict_proba,0.21500000000000002,constraints_met,2,5,MLP,b77615b417cf5d401441daca2e57b57a7b0ad08c21bef8e8c13fe65f670efa32,9eb1905b0d2d4dff99236976201e564cbe25ee258ba901ad38107c5c6b5846f0,True,51,1
GG0059,1,1,CVB0055,0.6839452281994134,0.4988342842637617,15,1,predict_proba,0.21500000000000002,constraints_met,2,5,MLP,b77615b417cf5d401441daca2e57b57a7b0ad08c21bef8e8c13fe65f670efa32,9eb1905b0d2d4dff99236976201e564cbe25ee258ba901ad38107c5c6b5846f0,True,51,1
GG0067,0,1,CVB0063,3.719141687252244e-05,0.00012874007439295912,5,0,predict_proba,0.21500000000000002,constraints_met,2,5,MLP,b77615b417cf5d401441daca2e57b57a7b0ad08c21bef8e8c13fe65f670efa32,9eb1905b0d2d4dff99236976201e564cbe25ee258ba901ad38107c5c6b5846f0,True,51,1
GG0070,0,1,CVB0066,1.4967041365302776e-12,1.4972136733407141e-10,14,0,predict_proba,0.21500000000000002,constraints_met,2,5,MLP,b77615b417cf5d401441daca2e57b57a7b0ad08c21bef8e8c13fe65f670efa32,9eb1905b0d2d4dff99236976201e564cbe25ee258ba901ad38107c5c6b5846f0,True,51,1
GG0078,0,1,CVB0074,5.1058540653907853e-08,0.1277889144012677,34,0,predict_proba,0.21500000000000002,constraints_met,2,5,MLP,b77615b417cf5d401441daca2e57b57a7b0ad08c21bef8e8c13fe65f670efa32,9eb1905b0d2d4dff99236976201e564cbe25ee258ba901ad38107c5c6b5846f0,True,51,1
GG0084,0,1,CVB0080,5.6976880812634896e-09,1.911594223270599e-05,4,0,predict_proba,0.21500000000000002,constraints_met,2,5,MLP,b77615b417cf5d401441daca2e57b57a7b0ad08c21bef8e8c13fe65f670efa32,9eb1905b0d2d4dff99236976201e564cbe25ee258ba901ad38107c5c6b5846f0,True,51,1
GG0089,0,1,CVB0085,8.006566740086292e-18,1.3293616167121812e-16,7,0,predict_proba,0.21500000000000002,constraints_met,2,5,MLP,b77615b417cf5d401441daca2e57b57a7b0ad08c21bef8e8c13fe65f670efa32,9eb1905b0d2d4dff99236976201e564cbe25ee258ba901ad38107c5c6b5846f0,True,51,1
GG0094,0,1,CVB0090,0.9955450099830855,0.8665278192841392,13,1,predict_proba,0.21500000000000002,constraints_met,2,5,MLP,b77615b417cf5d401441daca2e57b57a7b0ad08c21bef8e8c13fe65f670efa32,9eb1905b0d2d4dff99236976201e564cbe25ee258ba901ad38107c5c6b5846f0,True,51,1
GG0099,0,1,CVB0095,0.9999676535239934,0.9976641268371911,7,1,predict_proba,0.21500000000000002,constraints_met,2,5,MLP,b77615b417cf5d401441daca2e57b57a7b0ad08c21bef8e8c13fe65f670efa32,9eb1905b0d2d4dff99236976201e564cbe25ee258ba901ad38107c5c6b5846f0,True,51,1
GG0104,0,1,CVB0100,2.589921723403215e-16,0.18889450104830183,6,0,predict_proba,0.21500000000000002,constraints_met,2,5,MLP,b77615b417cf5d401441daca2e57b57a7b0ad08c21bef8e8c13fe65f670efa32,9eb1905b0d2d4dff99236976201e564cbe25ee258ba901ad38107c5c6b5846f0,True,51,1
GG0105,0,1,CVB0101,2.7610650710436675e-12,2.703289163558037e-09,11,0,predict_proba,0.21500000000000002,constraints_met,2,5,MLP,b77615b417cf5d401441daca2e57b57a7b0ad08c21bef8e8c13fe65f670efa32,9eb1905b0d2d4dff99236976201e564cbe25ee258ba901ad38107c5c6b5846f0,True,51,1
GG0112,0,1,CVB0108,7.013246278777933e-14,2.647061500495986e-11,11,0,predict_proba,0.21500000000000002,constraints_met,2,5,MLP,b77615b417cf5d401441daca2e57b57a7b0ad08c21bef8e8c13fe65f670efa32,9eb1905b0d2d4dff99236976201e564cbe25ee258ba901ad38107c5c6b5846f0,True,51,1
GG0115,0,1,CVB0111,4.3588602432819006e-07,0.04670385235569747,23,0,predict_proba,0.21500000000000002,constraints_met,2,5,MLP,b77615b417cf5d401441daca2e57b57a7b0ad08c21bef8e8c13fe65f670efa32,9eb1905b0d2d4dff99236976201e564cbe25ee258ba901ad38107c5c6b5846f0,True,51,1
GG0120,0,1,CVB0116,9.044881165916084e-10,0.05140803914697252,16,0,predict_proba,0.21500000000000002,constraints_met,2,5,MLP,b77615b417cf5d401441daca2e57b57a7b0ad08c21bef8e8c13fe65f670efa32,9eb1905b0d2d4dff99236976201e564cbe25ee258ba901ad38107c5c6b5846f0,True,51,1
GG0127,0,1,CVB0123,6.443707990478634e-16,2.1089844883940677e-14,3,0,predict_proba,0.21500000000000002,constraints_met,2,5,MLP,b77615b417cf5d401441daca2e57b57a7b0ad08c21bef8e8c13fe65f670efa32,9eb1905b0d2d4dff99236976201e564cbe25ee258ba901ad38107c5c6b5846f0,True,51,1
GG0004,0,1,CVB0004,0.004122744780033827,0.10950751287995704,35,0,predict_proba,0.35,constraints_met,2,5,XGBoost,56796d49f176b4495e43225dcb173289cd9c6688936c5fede3dbd4f9365bb5e7,9eb1905b0d2d4dff99236976201e564cbe25ee258ba901ad38107c5c6b5846f0,True,0,1
GG0008,0,1,CVB0008,0.05940310284495354,0.10383590550578022,47,0,predict_proba,0.35,constraints_met,2,5,XGBoost,56796d49f176b4495e43225dcb173289cd9c6688936c5fede3dbd4f9365bb5e7,9eb1905b0d2d4dff99236976201e564cbe25ee258ba901ad38107c5c6b5846f0,True,0,1
GG0014,1,1,CVB0014,0.14829441905021667,0.1427999459207058,15,0,predict_proba,0.35,constraints_met,2,5,XGBoost,56796d49f176b4495e43225dcb173289cd9c6688936c5fede3dbd4f9365bb5e7,9eb1905b0d2d4dff99236976201e564cbe25ee258ba901ad38107c5c6b5846f0,True,0,1
GG0019,0,1,CVB0017,0.0023750283289700747,0.006029248709091916,5,0,predict_proba,0.35,constraints_met,2,5,XGBoost,56796d49f176b4495e43225dcb173289cd9c6688936c5fede3dbd4f9365bb5e7,9eb1905b0d2d4dff99236976201e564cbe25ee258ba901ad38107c5c6b5846f0,True,0,1
GG0028,1,1,CVB0025,0.29686808586120605,0.4440902233123779,5,0,predict_proba,0.35,constraints_met,2,5,XGBoost,56796d49f176b4495e43225dcb173289cd9c6688936c5fede3dbd4f9365bb5e7,9eb1905b0d2d4dff99236976201e564cbe25ee258ba901ad38107c5c6b5846f0,True,0,1
GG0035,1,1,CVB0032,0.1975325345993042,0.257042877169119,72,0,predict_proba,0.35,constraints_met,2,5,XGBoost,56796d49f176b4495e43225dcb173289cd9c6688936c5fede3dbd4f9365bb5e7,9eb1905b0d2d4dff99236976201e564cbe25ee258ba901ad38107c5c6b5846f0,True,0,1
GG0036,0,1,CVB0033,0.010454208124428988,0.05243985124356446,84,0,predict_proba,0.35,constraints_met,2,5,XGBoost,56796d49f176b4495e43225dcb173289cd9c6688936c5fede3dbd4f9365bb5e7,9eb1905b0d2d4dff99236976201e564cbe25ee258ba901ad38107c5c6b5846f0,True,0,1
GG0046,1,1,CVB0042,0.6788123548030853,0.6114507139556937,18,1,predict_proba,0.35,constraints_met,2,5,XGBoost,56796d49f176b4495e43225dcb173289cd9c6688936c5fede3dbd4f9365bb5e7,9eb1905b0d2d4dff99236976201e564cbe25ee258ba901ad38107c5c6b5846f0,True,0,1
GG0050,1,1,CVB0046,0.8603455722332001,0.876973291238149,6,1,predict_proba,0.35,constraints_met,2,5,XGBoost,56796d49f176b4495e43225dcb173289cd9c6688936c5fede3dbd4f9365bb5e7,9eb1905b0d2d4dff99236976201e564cbe25ee258ba901ad38107c5c6b5846f0,True,0,1
GG0056,1,1,CVB0052,0.015194345265626907,0.017873127799248323,8,0,predict_proba,0.35,constraints_met,2,5,XGBoost,56796d49f176b4495e43225dcb173289cd9c6688936c5fede3dbd4f9365bb5e7,9eb1905b0d2d4dff99236976201e564cbe25ee258ba901ad38107c5c6b5846f0,True,0,1
GG0059,1,1,CVB0055,0.3577561676502228,0.4485857546329498,15,1,predict_proba,0.35,constraints_met,2,5,XGBoost,56796d49f176b4495e43225dcb173289cd9c6688936c5fede3dbd4f9365bb5e7,9eb1905b0d2d4dff99236976201e564cbe25ee258ba901ad38107c5c6b5846f0,True,0,1
GG0067,0,1,CVB0063,0.34289121627807617,0.3287973023019731,5,0,predict_proba,0.35,constraints_met,2,5,XGBoost,56796d49f176b4495e43225dcb173289cd9c6688936c5fede3dbd4f9365bb5e7,9eb1905b0d2d4dff99236976201e564cbe25ee258ba901ad38107c5c6b5846f0,True,0,1
GG0070,0,1,CVB0066,0.008615319151431322,0.010827529210863369,14,0,predict_proba,0.35,constraints_met,2,5,XGBoost,56796d49f176b4495e43225dcb173289cd9c6688936c5fede3dbd4f9365bb5e7,9eb1905b0d2d4dff99236976201e564cbe25ee258ba901ad38107c5c6b5846f0,True,0,1
GG0078,0,1,CVB0074,0.028305177576839924,0.15540877816965804,34,0,predict_proba,0.35,constraints_met,2,5,XGBoost,56796d49f176b4495e43225dcb173289cd9c6688936c5fede3dbd4f9365bb5e7,9eb1905b0d2d4dff99236976201e564cbe25ee258ba901ad38107c5c6b5846f0,True,0,1
GG0084,0,1,CVB0080,0.08637812826782465,0.08906205254606903,4,0,predict_proba,0.35,constraints_met,2,5,XGBoost,56796d49f176b4495e43225dcb173289cd9c6688936c5fede3dbd4f9365bb5e7,9eb1905b0d2d4dff99236976201e564cbe25ee258ba901ad38107c5c6b5846f0,True,0,1
GG0089,0,1,CVB0085,0.00591487530618906,0.008602461810888988,7,0,predict_proba,0.35,constraints_met,2,5,XGBoost,56796d49f176b4495e43225dcb173289cd9c6688936c5fede3dbd4f9365bb5e7,9eb1905b0d2d4dff99236976201e564cbe25ee258ba901ad38107c5c6b5846f0,True,0,1
GG0094,0,1,CVB0090,0.1781528890132904,0.24891008150119048,13,0,predict_proba,0.35,constraints_met,2,5,XGBoost,56796d49f176b4495e43225dcb173289cd9c6688936c5fede3dbd4f9365bb5e7,9eb1905b0d2d4dff99236976201e564cbe25ee258ba901ad38107c5c6b5846f0,True,0,1
GG0099,0,1,CVB0095,0.5972347855567932,0.5868076235055923,7,1,predict_proba,0.35,constraints_met,2,5,XGBoost,56796d49f176b4495e43225dcb173289cd9c6688936c5fede3dbd4f9365bb5e7,9eb1905b0d2d4dff99236976201e564cbe25ee258ba901ad38107c5c6b5846f0,True,0,1
GG0104,0,1,CVB0100,0.17054468393325806,0.17242479510605335,6,0,predict_proba,0.35,constraints_met,2,5,XGBoost,56796d49f176b4495e43225dcb173289cd9c6688936c5fede3dbd4f9365bb5e7,9eb1905b0d2d4dff99236976201e564cbe25ee258ba901ad38107c5c6b5846f0,True,0,1
GG0105,0,1,CVB0101,0.02907584421336651,0.0322092241734605,11,0,predict_proba,0.35,constraints_met,2,5,XGBoost,56796d49f176b4495e43225dcb173289cd9c6688936c5fede3dbd4f9365bb5e7,9eb1905b0d2d4dff99236976201e564cbe25ee258ba901ad38107c5c6b5846f0,True,0,1
GG0112,0,1,CVB0108,0.008950093761086464,0.021247589812529357,11,0,predict_proba,0.35,constraints_met,2,5,XGBoost,56796d49f176b4495e43225dcb173289cd9c6688936c5fede3dbd4f9365bb5e7,9eb1905b0d2d4dff99236976201e564cbe25ee258ba901ad38107c5c6b5846f0,True,0,1
GG0115,0,1,CVB0111,0.020769553259015083,0.03286634723696372,23,0,predict_proba,0.35,constraints_met,2,5,XGBoost,56796d49f176b4495e43225dcb173289cd9c6688936c5fede3dbd4f9365bb5e7,9eb1905b0d2d4dff99236976201e564cbe25ee258ba901ad38107c5c6b5846f0,True,0,1
GG0120,0,1,CVB0116,0.006803036667406559,0.023053979653923307,16,0,predict_proba,0.35,constraints_met,2,5,XGBoost,56796d49f176b4495e43225dcb173289cd9c6688936c5fede3dbd4f9365bb5e7,9eb1905b0d2d4dff99236976201e564cbe25ee258ba901ad38107c5c6b5846f0,True,0,1
GG0127,0,1,CVB0123,0.002212370513007045,0.004321668374662598,3,0,predict_proba,0.35,constraints_met,2,5,XGBoost,56796d49f176b4495e43225dcb173289cd9c6688936c5fede3dbd4f9365bb5e7,9eb1905b0d2d4dff99236976201e564cbe25ee258ba901ad38107c5c6b5846f0,True,0,1
GG0010,1,1,CVB0010,0.7784032937570982,0.7510096716687561,15,1,predict_proba,0.43000000000000005,constraints_met,3,1,RF,6260831435dd564087aefb0637e210e7fbd087e38561f041a655f11da00e734f,9eb1905b0d2d4dff99236976201e564cbe25ee258ba901ad38107c5c6b5846f0,True,0,1
GG0016,1,1,CVB0015,0.45816181748429186,0.5151928708929685,7,1,predict_proba,0.43000000000000005,constraints_met,3,1,RF,6260831435dd564087aefb0637e210e7fbd087e38561f041a655f11da00e734f,9eb1905b0d2d4dff99236976201e564cbe25ee258ba901ad38107c5c6b5846f0,True,0,1
GG0025,1,1,CVB0022,0.5952813558879959,0.5842840684198233,12,1,predict_proba,0.43000000000000005,constraints_met,3,1,RF,6260831435dd564087aefb0637e210e7fbd087e38561f041a655f11da00e734f,9eb1905b0d2d4dff99236976201e564cbe25ee258ba901ad38107c5c6b5846f0,True,0,1
GG0029,0,1,CVB0026,0.013212782266687666,0.09162044193484149,7,0,predict_proba,0.43000000000000005,constraints_met,3,1,RF,6260831435dd564087aefb0637e210e7fbd087e38561f041a655f11da00e734f,9eb1905b0d2d4dff99236976201e564cbe25ee258ba901ad38107c5c6b5846f0,True,0,1
GG0035,1,1,CVB0032,0.36016619643504444,0.3770181123664387,72,0,predict_proba,0.43000000000000005,constraints_met,3,1,RF,6260831435dd564087aefb0637e210e7fbd087e38561f041a655f11da00e734f,9eb1905b0d2d4dff99236976201e564cbe25ee258ba901ad38107c5c6b5846f0,True,0,1
GG0040,0,1,CVB0037,0.0027524766009949025,0.006059102284227542,33,0,predict_proba,0.43000000000000005,constraints_met,3,1,RF,6260831435dd564087aefb0637e210e7fbd087e38561f041a655f11da00e734f,9eb1905b0d2d4dff99236976201e564cbe25ee258ba901ad38107c5c6b5846f0,True,0,1
GG0044,0,1,CVB0010,0.726473215420276,0.7214731339663194,12,1,predict_proba,0.43000000000000005,constraints_met,3,1,RF,6260831435dd564087aefb0637e210e7fbd087e38561f041a655f11da00e734f,9eb1905b0d2d4dff99236976201e564cbe25ee258ba901ad38107c5c6b5846f0,True,0,1
GG0049,1,1,CVB0045,0.6080441562253343,0.6047067265046074,12,1,predict_proba,0.43000000000000005,constraints_met,3,1,RF,6260831435dd564087aefb0637e210e7fbd087e38561f041a655f11da00e734f,9eb1905b0d2d4dff99236976201e564cbe25ee258ba901ad38107c5c6b5846f0,True,0,1
GG0051,1,1,CVB0047,0.562908889872906,0.5328976009861354,5,1,predict_proba,0.43000000000000005,constraints_met,3,1,RF,6260831435dd564087aefb0637e210e7fbd087e38561f041a655f11da00e734f,9eb1905b0d2d4dff99236976201e564cbe25ee258ba901ad38107c5c6b5846f0,True,0,1
GG0056,1,1,CVB0052,0.02762213610193786,0.03797434002582095,8,0,predict_proba,0.43000000000000005,constraints_met,3,1,RF,6260831435dd564087aefb0637e210e7fbd087e38561f041a655f11da00e734f,9eb1905b0d2d4dff99236976201e564cbe25ee258ba901ad38107c5c6b5846f0,True,0,1
GG0062,1,1,CVB0058,0.24807038375244053,0.23499305506119433,7,0,predict_proba,0.43000000000000005,constraints_met,3,1,RF,6260831435dd564087aefb0637e210e7fbd087e38561f041a655f11da00e734f,9eb1905b0d2d4dff99236976201e564cbe25ee258ba901ad38107c5c6b5846f0,True,0,1
GG0069,0,1,CVB0065,0.3515325524383438,0.344512538645274,4,0,predict_proba,0.43000000000000005,constraints_met,3,1,RF,6260831435dd564087aefb0637e210e7fbd087e38561f041a655f11da00e734f,9eb1905b0d2d4dff99236976201e564cbe25ee258ba901ad38107c5c6b5846f0,True,0,1
GG0073,0,1,CVB0069,0.23884641984863922,0.2431155599885324,5,0,predict_proba,0.43000000000000005,constraints_met,3,1,RF,6260831435dd564087aefb0637e210e7fbd087e38561f041a655f11da00e734f,9eb1905b0d2d4dff99236976201e564cbe25ee258ba901ad38107c5c6b5846f0,True,0,1
GG0078,0,1,CVB0074,0.09613086765148682,0.17252508766268995,34,0,predict_proba,0.43000000000000005,constraints_met,3,1,RF,6260831435dd564087aefb0637e210e7fbd087e38561f041a655f11da00e734f,9eb1905b0d2d4dff99236976201e564cbe25ee258ba901ad38107c5c6b5846f0,True,0,1
GG0083,0,1,CVB0079,0.17643802964275218,0.29413024269059784,12,0,predict_proba,0.43000000000000005,constraints_met,3,1,RF,6260831435dd564087aefb0637e210e7fbd087e38561f041a655f11da00e734f,9eb1905b0d2d4dff99236976201e564cbe25ee258ba901ad38107c5c6b5846f0,True,0,1
GG0088,0,1,CVB0084,0.05699918089359987,0.0666764293636649,15,0,predict_proba,0.43000000000000005,constraints_met,3,1,RF,6260831435dd564087aefb0637e210e7fbd087e38561f041a655f11da00e734f,9eb1905b0d2d4dff99236976201e564cbe25ee258ba901ad38107c5c6b5846f0,True,0,1
GG0089,0,1,CVB0085,0.06845879243972469,0.07965365151066751,7,0,predict_proba,0.43000000000000005,constraints_met,3,1,RF,6260831435dd564087aefb0637e210e7fbd087e38561f041a655f11da00e734f,9eb1905b0d2d4dff99236976201e564cbe25ee258ba901ad38107c5c6b5846f0,True,0,1
GG0094,0,1,CVB0090,0.37658835360067944,0.38195877138853007,13,0,predict_proba,0.43000000000000005,constraints_met,3,1,RF,6260831435dd564087aefb0637e210e7fbd087e38561f041a655f11da00e734f,9eb1905b0d2d4dff99236976201e564cbe25ee258ba901ad38107c5c6b5846f0,True,0,1
GG0099,0,1,CVB0095,0.5497333791321481,0.5365804913030011,7,1,predict_proba,0.43000000000000005,constraints_met,3,1,RF,6260831435dd564087aefb0637e210e7fbd087e38561f041a655f11da00e734f,9eb1905b0d2d4dff99236976201e564cbe25ee258ba901ad38107c5c6b5846f0,True,0,1
GG0105,0,1,CVB0101,0.07263301733255195,0.09499871099206078,11,0,predict_proba,0.43000000000000005,constraints_met,3,1,RF,6260831435dd564087aefb0637e210e7fbd087e38561f041a655f11da00e734f,9eb1905b0d2d4dff99236976201e564cbe25ee258ba901ad38107c5c6b5846f0,True,0,1
GG0110,0,1,CVB0106,0.07416718050155925,0.0691438576311617,13,0,predict_proba,0.43000000000000005,constraints_met,3,1,RF,6260831435dd564087aefb0637e210e7fbd087e38561f041a655f11da00e734f,9eb1905b0d2d4dff99236976201e564cbe25ee258ba901ad38107c5c6b5846f0,True,0,1
GG0115,0,1,CVB0111,0.16763717280298646,0.17669715092045565,23,0,predict_proba,0.43000000000000005,constraints_met,3,1,RF,6260831435dd564087aefb0637e210e7fbd087e38561f041a655f11da00e734f,9eb1905b0d2d4dff99236976201e564cbe25ee258ba901ad38107c5c6b5846f0,True,0,1
GG0120,0,1,CVB0116,0.07445279857978668,0.08546078762286614,16,0,predict_proba,0.43000000000000005,constraints_met,3,1,RF,6260831435dd564087aefb0637e210e7fbd087e38561f041a655f11da00e734f,9eb1905b0d2d4dff99236976201e564cbe25ee258ba901ad38107c5c6b5846f0,True,0,1
GG0125,0,1,CVB0121,0.00045447106384535746,0.00042342275764207707,8,0,predict_proba,0.43000000000000005,constraints_met,3,1,RF,6260831435dd564087aefb0637e210e7fbd087e38561f041a655f11da00e734f,9eb1905b0d2d4dff99236976201e564cbe25ee258ba901ad38107c5c6b5846f0,True,0,1
GG0010,1,1,CVB0010,0.7831793499483047,0.7437294251362164,15,1,monotonic_transformed_decision_score_not_calibrated,0.36,constraints_met,3,1,SVM,c0279fbf0da09f964e1982c49152adb15a1ec266b5791d48a6deb5baf354fad8,9eb1905b0d2d4dff99236976201e564cbe25ee258ba901ad38107c5c6b5846f0,True,0,1
GG0016,1,1,CVB0015,0.652861740221727,0.6101054700488796,7,1,monotonic_transformed_decision_score_not_calibrated,0.36,constraints_met,3,1,SVM,c0279fbf0da09f964e1982c49152adb15a1ec266b5791d48a6deb5baf354fad8,9eb1905b0d2d4dff99236976201e564cbe25ee258ba901ad38107c5c6b5846f0,True,0,1
GG0025,1,1,CVB0022,0.7566448549996669,0.7006184291287907,12,1,monotonic_transformed_decision_score_not_calibrated,0.36,constraints_met,3,1,SVM,c0279fbf0da09f964e1982c49152adb15a1ec266b5791d48a6deb5baf354fad8,9eb1905b0d2d4dff99236976201e564cbe25ee258ba901ad38107c5c6b5846f0,True,0,1
GG0029,0,1,CVB0026,0.002076813200329896,0.18988784012269314,7,0,monotonic_transformed_decision_score_not_calibrated,0.36,constraints_met,3,1,SVM,c0279fbf0da09f964e1982c49152adb15a1ec266b5791d48a6deb5baf354fad8,9eb1905b0d2d4dff99236976201e564cbe25ee258ba901ad38107c5c6b5846f0,True,0,1
GG0035,1,1,CVB0032,0.10872144082925594,0.17241438547574311,72,0,monotonic_transformed_decision_score_not_calibrated,0.36,constraints_met,3,1,SVM,c0279fbf0da09f964e1982c49152adb15a1ec266b5791d48a6deb5baf354fad8,9eb1905b0d2d4dff99236976201e564cbe25ee258ba901ad38107c5c6b5846f0,True,0,1
GG0040,0,1,CVB0037,0.0010139354813039126,0.004962429553070431,33,0,monotonic_transformed_decision_score_not_calibrated,0.36,constraints_met,3,1,SVM,c0279fbf0da09f964e1982c49152adb15a1ec266b5791d48a6deb5baf354fad8,9eb1905b0d2d4dff99236976201e564cbe25ee258ba901ad38107c5c6b5846f0,True,0,1
GG0044,0,1,CVB0010,0.6455193569759522,0.6371590722410094,12,1,monotonic_transformed_decision_score_not_calibrated,0.36,constraints_met,3,1,SVM,c0279fbf0da09f964e1982c49152adb15a1ec266b5791d48a6deb5baf354fad8,9eb1905b0d2d4dff99236976201e564cbe25ee258ba901ad38107c5c6b5846f0,True,0,1
GG0049,1,1,CVB0045,0.7567211417168633,0.6576881620893694,12,1,monotonic_transformed_decision_score_not_calibrated,0.36,constraints_met,3,1,SVM,c0279fbf0da09f964e1982c49152adb15a1ec266b5791d48a6deb5baf354fad8,9eb1905b0d2d4dff99236976201e564cbe25ee258ba901ad38107c5c6b5846f0,True,0,1
GG0051,1,1,CVB0047,0.7622716400360376,0.633428432158719,5,1,monotonic_transformed_decision_score_not_calibrated,0.36,constraints_met,3,1,SVM,c0279fbf0da09f964e1982c49152adb15a1ec266b5791d48a6deb5baf354fad8,9eb1905b0d2d4dff99236976201e564cbe25ee258ba901ad38107c5c6b5846f0,True,0,1
GG0056,1,1,CVB0052,0.11239336763953459,0.1982793194280757,8,0,monotonic_transformed_decision_score_not_calibrated,0.36,constraints_met,3,1,SVM,c0279fbf0da09f964e1982c49152adb15a1ec266b5791d48a6deb5baf354fad8,9eb1905b0d2d4dff99236976201e564cbe25ee258ba901ad38107c5c6b5846f0,True,0,1
GG0062,1,1,CVB0058,0.33071145588809087,0.39260782117569654,7,0,monotonic_transformed_decision_score_not_calibrated,0.36,constraints_met,3,1,SVM,c0279fbf0da09f964e1982c49152adb15a1ec266b5791d48a6deb5baf354fad8,9eb1905b0d2d4dff99236976201e564cbe25ee258ba901ad38107c5c6b5846f0,True,0,1
GG0069,0,1,CVB0065,0.08632666848624784,0.0862915754569382,4,0,monotonic_transformed_decision_score_not_calibrated,0.36,constraints_met,3,1,SVM,c0279fbf0da09f964e1982c49152adb15a1ec266b5791d48a6deb5baf354fad8,9eb1905b0d2d4dff99236976201e564cbe25ee258ba901ad38107c5c6b5846f0,True,0,1
GG0073,0,1,CVB0069,0.25597804926136,0.3710831507599407,5,0,monotonic_transformed_decision_score_not_calibrated,0.36,constraints_met,3,1,SVM,c0279fbf0da09f964e1982c49152adb15a1ec266b5791d48a6deb5baf354fad8,9eb1905b0d2d4dff99236976201e564cbe25ee258ba901ad38107c5c6b5846f0,True,0,1
GG0078,0,1,CVB0074,0.1363650688280456,0.18928038707148648,34,0,monotonic_transformed_decision_score_not_calibrated,0.36,constraints_met,3,1,SVM,c0279fbf0da09f964e1982c49152adb15a1ec266b5791d48a6deb5baf354fad8,9eb1905b0d2d4dff99236976201e564cbe25ee258ba901ad38107c5c6b5846f0,True,0,1
GG0083,0,1,CVB0079,0.17557755980568548,0.2879443041821664,12,0,monotonic_transformed_decision_score_not_calibrated,0.36,constraints_met,3,1,SVM,c0279fbf0da09f964e1982c49152adb15a1ec266b5791d48a6deb5baf354fad8,9eb1905b0d2d4dff99236976201e564cbe25ee258ba901ad38107c5c6b5846f0,True,0,1
GG0088,0,1,CVB0084,0.03211617260463248,0.04743388650548865,15,0,monotonic_transformed_decision_score_not_calibrated,0.36,constraints_met,3,1,SVM,c0279fbf0da09f964e1982c49152adb15a1ec266b5791d48a6deb5baf354fad8,9eb1905b0d2d4dff99236976201e564cbe25ee258ba901ad38107c5c6b5846f0,True,0,1
GG0089,0,1,CVB0085,0.10398205140986151,0.09857645347120818,7,0,monotonic_transformed_decision_score_not_calibrated,0.36,constraints_met,3,1,SVM,c0279fbf0da09f964e1982c49152adb15a1ec266b5791d48a6deb5baf354fad8,9eb1905b0d2d4dff99236976201e564cbe25ee258ba901ad38107c5c6b5846f0,True,0,1
GG0094,0,1,CVB0090,0.21216317805655294,0.2591559253128907,13,0,monotonic_transformed_decision_score_not_calibrated,0.36,constraints_met,3,1,SVM,c0279fbf0da09f964e1982c49152adb15a1ec266b5791d48a6deb5baf354fad8,9eb1905b0d2d4dff99236976201e564cbe25ee258ba901ad38107c5c6b5846f0,True,0,1
GG0099,0,1,CVB0095,0.7623837314481584,0.7259759699780203,7,1,monotonic_transformed_decision_score_not_calibrated,0.36,constraints_met,3,1,SVM,c0279fbf0da09f964e1982c49152adb15a1ec266b5791d48a6deb5baf354fad8,9eb1905b0d2d4dff99236976201e564cbe25ee258ba901ad38107c5c6b5846f0,True,0,1
GG0105,0,1,CVB0101,0.040617735931746855,0.06563855383715266,11,0,monotonic_transformed_decision_score_not_calibrated,0.36,constraints_met,3,1,SVM,c0279fbf0da09f964e1982c49152adb15a1ec266b5791d48a6deb5baf354fad8,9eb1905b0d2d4dff99236976201e564cbe25ee258ba901ad38107c5c6b5846f0,True,0,1
GG0110,0,1,CVB0106,0.06976967950942245,0.0880302264432956,13,0,monotonic_transformed_decision_score_not_calibrated,0.36,constraints_met,3,1,SVM,c0279fbf0da09f964e1982c49152adb15a1ec266b5791d48a6deb5baf354fad8,9eb1905b0d2d4dff99236976201e564cbe25ee258ba901ad38107c5c6b5846f0,True,0,1
GG0115,0,1,CVB0111,0.0953900857379771,0.09815280931367573,23,0,monotonic_transformed_decision_score_not_calibrated,0.36,constraints_met,3,1,SVM,c0279fbf0da09f964e1982c49152adb15a1ec266b5791d48a6deb5baf354fad8,9eb1905b0d2d4dff99236976201e564cbe25ee258ba901ad38107c5c6b5846f0,True,0,1
GG0120,0,1,CVB0116,0.09574140946898971,0.11087930894513168,16,0,monotonic_transformed_decision_score_not_calibrated,0.36,constraints_met,3,1,SVM,c0279fbf0da09f964e1982c49152adb15a1ec266b5791d48a6deb5baf354fad8,9eb1905b0d2d4dff99236976201e564cbe25ee258ba901ad38107c5c6b5846f0,True,0,1
GG0125,0,1,CVB0121,0.003469400968440863,0.011058426083367379,8,0,monotonic_transformed_decision_score_not_calibrated,0.36,constraints_met,3,1,SVM,c0279fbf0da09f964e1982c49152adb15a1ec266b5791d48a6deb5baf354fad8,9eb1905b0d2d4dff99236976201e564cbe25ee258ba901ad38107c5c6b5846f0,True,0,1
GG0010,1,1,CVB0010,0.9643457323058476,0.8670685406991173,15,1,predict_proba,0.175,constraints_met,3,1,MLP,41438da2877b5db4037544808832c23ed75bb9e43e37f3150705dcd3c2b744c9,9eb1905b0d2d4dff99236976201e564cbe25ee258ba901ad38107c5c6b5846f0,True,704,2
GG0016,1,1,CVB0015,0.13555737922597216,0.24761094546881043,7,0,predict_proba,0.175,constraints_met,3,1,MLP,41438da2877b5db4037544808832c23ed75bb9e43e37f3150705dcd3c2b744c9,9eb1905b0d2d4dff99236976201e564cbe25ee258ba901ad38107c5c6b5846f0,True,704,2
GG0025,1,1,CVB0022,0.9614954308380931,0.8041653604951032,12,1,predict_proba,0.175,constraints_met,3,1,MLP,41438da2877b5db4037544808832c23ed75bb9e43e37f3150705dcd3c2b744c9,9eb1905b0d2d4dff99236976201e564cbe25ee258ba901ad38107c5c6b5846f0,True,704,2
GG0029,0,1,CVB0026,6.958346085084377e-18,0.004752962267527238,7,0,predict_proba,0.175,constraints_met,3,1,MLP,41438da2877b5db4037544808832c23ed75bb9e43e37f3150705dcd3c2b744c9,9eb1905b0d2d4dff99236976201e564cbe25ee258ba901ad38107c5c6b5846f0,True,704,2
GG0035,1,1,CVB0032,5.533571474592821e-47,0.11142718292931916,72,0,predict_proba,0.175,constraints_met,3,1,MLP,41438da2877b5db4037544808832c23ed75bb9e43e37f3150705dcd3c2b744c9,9eb1905b0d2d4dff99236976201e564cbe25ee258ba901ad38107c5c6b5846f0,True,704,2
GG0040,0,1,CVB0037,1.0850516182931466e-16,1.8520321896033531e-10,33,0,predict_proba,0.175,constraints_met,3,1,MLP,41438da2877b5db4037544808832c23ed75bb9e43e37f3150705dcd3c2b744c9,9eb1905b0d2d4dff99236976201e564cbe25ee258ba901ad38107c5c6b5846f0,True,704,2
GG0044,0,1,CVB0010,0.9519494171235081,0.8818361779261968,12,1,predict_proba,0.175,constraints_met,3,1,MLP,41438da2877b5db4037544808832c23ed75bb9e43e37f3150705dcd3c2b744c9,9eb1905b0d2d4dff99236976201e564cbe25ee258ba901ad38107c5c6b5846f0,True,704,2
GG0049,1,1,CVB0045,0.9258778357951691,0.6841354570069447,12,1,predict_proba,0.175,constraints_met,3,1,MLP,41438da2877b5db4037544808832c23ed75bb9e43e37f3150705dcd3c2b744c9,9eb1905b0d2d4dff99236976201e564cbe25ee258ba901ad38107c5c6b5846f0,True,704,2
GG0051,1,1,CVB0047,0.9447182493125111,0.9282103384977495,5,1,predict_proba,0.175,constraints_met,3,1,MLP,41438da2877b5db4037544808832c23ed75bb9e43e37f3150705dcd3c2b744c9,9eb1905b0d2d4dff99236976201e564cbe25ee258ba901ad38107c5c6b5846f0,True,704,2
GG0056,1,1,CVB0052,1.017169165887362e-05,0.017692525275944632,8,0,predict_proba,0.175,constraints_met,3,1,MLP,41438da2877b5db4037544808832c23ed75bb9e43e37f3150705dcd3c2b744c9,9eb1905b0d2d4dff99236976201e564cbe25ee258ba901ad38107c5c6b5846f0,True,704,2
GG0062,1,1,CVB0058,0.24645391485696477,0.29145808729796824,7,1,predict_proba,0.175,constraints_met,3,1,MLP,41438da2877b5db4037544808832c23ed75bb9e43e37f3150705dcd3c2b744c9,9eb1905b0d2d4dff99236976201e564cbe25ee258ba901ad38107c5c6b5846f0,True,704,2
GG0069,0,1,CVB0065,1.2134787412498877e-14,1.4169502694183065e-14,4,0,predict_proba,0.175,constraints_met,3,1,MLP,41438da2877b5db4037544808832c23ed75bb9e43e37f3150705dcd3c2b744c9,9eb1905b0d2d4dff99236976201e564cbe25ee258ba901ad38107c5c6b5846f0,True,704,2
GG0073,0,1,CVB0069,1.3770417411848343e-05,0.08653179944415419,5,0,predict_proba,0.175,constraints_met,3,1,MLP,41438da2877b5db4037544808832c23ed75bb9e43e37f3150705dcd3c2b744c9,9eb1905b0d2d4dff99236976201e564cbe25ee258ba901ad38107c5c6b5846f0,True,704,2
GG0078,0,1,CVB0074,4.647518245835064e-06,0.01647753753800284,34,0,predict_proba,0.175,constraints_met,3,1,MLP,41438da2877b5db4037544808832c23ed75bb9e43e37f3150705dcd3c2b744c9,9eb1905b0d2d4dff99236976201e564cbe25ee258ba901ad38107c5c6b5846f0,True,704,2
GG0083,0,1,CVB0079,0.004390499505738905,0.20892178226150723,12,0,predict_proba,0.175,constraints_met,3,1,MLP,41438da2877b5db4037544808832c23ed75bb9e43e37f3150705dcd3c2b744c9,9eb1905b0d2d4dff99236976201e564cbe25ee258ba901ad38107c5c6b5846f0,True,704,2
GG0088,0,1,CVB0084,1.6614196773319952e-06,0.0007548911024733833,15,0,predict_proba,0.175,constraints_met,3,1,MLP,41438da2877b5db4037544808832c23ed75bb9e43e37f3150705dcd3c2b744c9,9eb1905b0d2d4dff99236976201e564cbe25ee258ba901ad38107c5c6b5846f0,True,704,2
GG0089,0,1,CVB0085,1.945252141115953e-12,2.3085909074731742e-12,7,0,predict_proba,0.175,constraints_met,3,1,MLP,41438da2877b5db4037544808832c23ed75bb9e43e37f3150705dcd3c2b744c9,9eb1905b0d2d4dff99236976201e564cbe25ee258ba901ad38107c5c6b5846f0,True,704,2
GG0094,0,1,CVB0090,0.041061096573208083,0.09061762208729023,13,0,predict_proba,0.175,constraints_met,3,1,MLP,41438da2877b5db4037544808832c23ed75bb9e43e37f3150705dcd3c2b744c9,9eb1905b0d2d4dff99236976201e564cbe25ee258ba901ad38107c5c6b5846f0,True,704,2
GG0099,0,1,CVB0095,0.9962371652525841,0.9965283417245817,7,1,predict_proba,0.175,constraints_met,3,1,MLP,41438da2877b5db4037544808832c23ed75bb9e43e37f3150705dcd3c2b744c9,9eb1905b0d2d4dff99236976201e564cbe25ee258ba901ad38107c5c6b5846f0,True,704,2
GG0105,0,1,CVB0101,5.977631526964929e-09,1.3129379482483214e-07,11,0,predict_proba,0.175,constraints_met,3,1,MLP,41438da2877b5db4037544808832c23ed75bb9e43e37f3150705dcd3c2b744c9,9eb1905b0d2d4dff99236976201e564cbe25ee258ba901ad38107c5c6b5846f0,True,704,2
GG0110,0,1,CVB0106,2.437389980895211e-08,1.4366068677110068e-05,13,0,predict_proba,0.175,constraints_met,3,1,MLP,41438da2877b5db4037544808832c23ed75bb9e43e37f3150705dcd3c2b744c9,9eb1905b0d2d4dff99236976201e564cbe25ee258ba901ad38107c5c6b5846f0,True,704,2
GG0115,0,1,CVB0111,5.2085100259064824e-05,0.0012175048444957885,23,0,predict_proba,0.175,constraints_met,3,1,MLP,41438da2877b5db4037544808832c23ed75bb9e43e37f3150705dcd3c2b744c9,9eb1905b0d2d4dff99236976201e564cbe25ee258ba901ad38107c5c6b5846f0,True,704,2
GG0120,0,1,CVB0116,1.0797637259135734e-06,4.5246340767113115e-05,16,0,predict_proba,0.175,constraints_met,3,1,MLP,41438da2877b5db4037544808832c23ed75bb9e43e37f3150705dcd3c2b744c9,9eb1905b0d2d4dff99236976201e564cbe25ee258ba901ad38107c5c6b5846f0,True,704,2
GG0125,0,1,CVB0121,5.229776163949944e-14,2.2550319648487795e-10,8,0,predict_proba,0.175,constraints_met,3,1,MLP,41438da2877b5db4037544808832c23ed75bb9e43e37f3150705dcd3c2b744c9,9eb1905b0d2d4dff99236976201e564cbe25ee258ba901ad38107c5c6b5846f0,True,704,2
GG0010,1,1,CVB0010,0.9382050037384033,0.9024566213289896,15,1,predict_proba,0.175,constraints_met,3,1,XGBoost,f4a802cdc1e43d5f56d758d699e74da4821ce57f5514d7dcb5b58cf07195fff2,9eb1905b0d2d4dff99236976201e564cbe25ee258ba901ad38107c5c6b5846f0,True,0,1
GG0016,1,1,CVB0015,0.4145998954772949,0.4556108926023756,7,1,predict_proba,0.175,constraints_met,3,1,XGBoost,f4a802cdc1e43d5f56d758d699e74da4821ce57f5514d7dcb5b58cf07195fff2,9eb1905b0d2d4dff99236976201e564cbe25ee258ba901ad38107c5c6b5846f0,True,0,1
GG0025,1,1,CVB0022,0.8227010071277618,0.7091361433267593,12,1,predict_proba,0.175,constraints_met,3,1,XGBoost,f4a802cdc1e43d5f56d758d699e74da4821ce57f5514d7dcb5b58cf07195fff2,9eb1905b0d2d4dff99236976201e564cbe25ee258ba901ad38107c5c6b5846f0,True,0,1
GG0029,0,1,CVB0026,0.001134723424911499,0.06788446201244369,7,0,predict_proba,0.175,constraints_met,3,1,XGBoost,f4a802cdc1e43d5f56d758d699e74da4821ce57f5514d7dcb5b58cf07195fff2,9eb1905b0d2d4dff99236976201e564cbe25ee258ba901ad38107c5c6b5846f0,True,0,1
GG0035,1,1,CVB0032,0.4193802922964096,0.4958462156355381,72,1,predict_proba,0.175,constraints_met,3,1,XGBoost,f4a802cdc1e43d5f56d758d699e74da4821ce57f5514d7dcb5b58cf07195fff2,9eb1905b0d2d4dff99236976201e564cbe25ee258ba901ad38107c5c6b5846f0,True,0,1
GG0040,0,1,CVB0037,0.0002865968563128263,0.0004157108386138906,33,0,predict_proba,0.175,constraints_met,3,1,XGBoost,f4a802cdc1e43d5f56d758d699e74da4821ce57f5514d7dcb5b58cf07195fff2,9eb1905b0d2d4dff99236976201e564cbe25ee258ba901ad38107c5c6b5846f0,True,0,1
GG0044,0,1,CVB0010,0.9247075617313385,0.9240526258945465,12,1,predict_proba,0.175,constraints_met,3,1,XGBoost,f4a802cdc1e43d5f56d758d699e74da4821ce57f5514d7dcb5b58cf07195fff2,9eb1905b0d2d4dff99236976201e564cbe25ee258ba901ad38107c5c6b5846f0,True,0,1
GG0049,1,1,CVB0045,0.7444203794002533,0.7013084354499975,12,1,predict_proba,0.175,constraints_met,3,1,XGBoost,f4a802cdc1e43d5f56d758d699e74da4821ce57f5514d7dcb5b58cf07195fff2,9eb1905b0d2d4dff99236976201e564cbe25ee258ba901ad38107c5c6b5846f0,True,0,1
GG0051,1,1,CVB0047,0.7721869349479675,0.736864447593689,5,1,predict_proba,0.175,constraints_met,3,1,XGBoost,f4a802cdc1e43d5f56d758d699e74da4821ce57f5514d7dcb5b58cf07195fff2,9eb1905b0d2d4dff99236976201e564cbe25ee258ba901ad38107c5c6b5846f0,True,0,1
GG0056,1,1,CVB0052,0.026921221986413002,0.06147555267671123,8,0,predict_proba,0.175,constraints_met,3,1,XGBoost,f4a802cdc1e43d5f56d758d699e74da4821ce57f5514d7dcb5b58cf07195fff2,9eb1905b0d2d4dff99236976201e564cbe25ee258ba901ad38107c5c6b5846f0,True,0,1
GG0062,1,1,CVB0058,0.022958701476454735,0.0804653359976198,7,0,predict_proba,0.175,constraints_met,3,1,XGBoost,f4a802cdc1e43d5f56d758d699e74da4821ce57f5514d7dcb5b58cf07195fff2,9eb1905b0d2d4dff99236976201e564cbe25ee258ba901ad38107c5c6b5846f0,True,0,1
GG0069,0,1,CVB0065,0.2582787945866585,0.23024937137961388,4,1,predict_proba,0.175,constraints_met,3,1,XGBoost,f4a802cdc1e43d5f56d758d699e74da4821ce57f5514d7dcb5b58cf07195fff2,9eb1905b0d2d4dff99236976201e564cbe25ee258ba901ad38107c5c6b5846f0,True,0,1
GG0073,0,1,CVB0069,0.029628058895468712,0.032741902954876424,5,0,predict_proba,0.175,constraints_met,3,1,XGBoost,f4a802cdc1e43d5f56d758d699e74da4821ce57f5514d7dcb5b58cf07195fff2,9eb1905b0d2d4dff99236976201e564cbe25ee258ba901ad38107c5c6b5846f0,True,0,1
GG0078,0,1,CVB0074,0.01451309397816658,0.10002125941751086,34,0,predict_proba,0.175,constraints_met,3,1,XGBoost,f4a802cdc1e43d5f56d758d699e74da4821ce57f5514d7dcb5b58cf07195fff2,9eb1905b0d2d4dff99236976201e564cbe25ee258ba901ad38107c5c6b5846f0,True,0,1
GG0083,0,1,CVB0079,0.029898121021687984,0.2484177191120883,12,0,predict_proba,0.175,constraints_met,3,1,XGBoost,f4a802cdc1e43d5f56d758d699e74da4821ce57f5514d7dcb5b58cf07195fff2,9eb1905b0d2d4dff99236976201e564cbe25ee258ba901ad38107c5c6b5846f0,True,0,1
GG0088,0,1,CVB0084,0.010270381346344948,0.009887469621996084,15,0,predict_proba,0.175,constraints_met,3,1,XGBoost,f4a802cdc1e43d5f56d758d699e74da4821ce57f5514d7dcb5b58cf07195fff2,9eb1905b0d2d4dff99236976201e564cbe25ee258ba901ad38107c5c6b5846f0,True,0,1
GG0089,0,1,CVB0085,0.0069723837077617645,0.007346964441239834,7,0,predict_proba,0.175,constraints_met,3,1,XGBoost,f4a802cdc1e43d5f56d758d699e74da4821ce57f5514d7dcb5b58cf07195fff2,9eb1905b0d2d4dff99236976201e564cbe25ee258ba901ad38107c5c6b5846f0,True,0,1
GG0094,0,1,CVB0090,0.107338085770607,0.11037402514081734,13,0,predict_proba,0.175,constraints_met,3,1,XGBoost,f4a802cdc1e43d5f56d758d699e74da4821ce57f5514d7dcb5b58cf07195fff2,9eb1905b0d2d4dff99236976201e564cbe25ee258ba901ad38107c5c6b5846f0,True,0,1
GG0099,0,1,CVB0095,0.8054966330528259,0.6868100847516742,7,1,predict_proba,0.175,constraints_met,3,1,XGBoost,f4a802cdc1e43d5f56d758d699e74da4821ce57f5514d7dcb5b58cf07195fff2,9eb1905b0d2d4dff99236976201e564cbe25ee258ba901ad38107c5c6b5846f0,True,0,1
GG0105,0,1,CVB0101,0.005337212234735489,0.009849156612869014,11,0,predict_proba,0.175,constraints_met,3,1,XGBoost,f4a802cdc1e43d5f56d758d699e74da4821ce57f5514d7dcb5b58cf07195fff2,9eb1905b0d2d4dff99236976201e564cbe25ee258ba901ad38107c5c6b5846f0,True,0,1
GG0110,0,1,CVB0106,0.0009774714708328247,0.002447172155370936,13,0,predict_proba,0.175,constraints_met,3,1,XGBoost,f4a802cdc1e43d5f56d758d699e74da4821ce57f5514d7dcb5b58cf07195fff2,9eb1905b0d2d4dff99236976201e564cbe25ee258ba901ad38107c5c6b5846f0,True,0,1
GG0115,0,1,CVB0111,0.029963012784719467,0.04313592183525148,23,0,predict_proba,0.175,constraints_met,3,1,XGBoost,f4a802cdc1e43d5f56d758d699e74da4821ce57f5514d7dcb5b58cf07195fff2,9eb1905b0d2d4dff99236976201e564cbe25ee258ba901ad38107c5c6b5846f0,True,0,1
GG0120,0,1,CVB0116,0.012383829336613417,0.01658124954701634,16,0,predict_proba,0.175,constraints_met,3,1,XGBoost,f4a802cdc1e43d5f56d758d699e74da4821ce57f5514d7dcb5b58cf07195fff2,9eb1905b0d2d4dff99236976201e564cbe25ee258ba901ad38107c5c6b5846f0,True,0,1
GG0125,0,1,CVB0121,0.0004379632737254724,0.0005508409485628363,8,0,predict_proba,0.175,constraints_met,3,1,XGBoost,f4a802cdc1e43d5f56d758d699e74da4821ce57f5514d7dcb5b58cf07195fff2,9eb1905b0d2d4dff99236976201e564cbe25ee258ba901ad38107c5c6b5846f0,True,0,1
GG0001,1,1,CVB0001,0.5418798235536547,0.5486619924869937,7,1,predict_proba,0.45000000000000007,constraints_met,3,2,RF,830f5a626880a1ca71f261ed67a8c916e793d67c54b6efaf23e5197e1da492ad,9eb1905b0d2d4dff99236976201e564cbe25ee258ba901ad38107c5c6b5846f0,True,0,1
GG0007,0,1,CVB0007,0.3787410632738689,0.40601456075754166,11,0,predict_proba,0.45000000000000007,constraints_met,3,2,RF,830f5a626880a1ca71f261ed67a8c916e793d67c54b6efaf23e5197e1da492ad,9eb1905b0d2d4dff99236976201e564cbe25ee258ba901ad38107c5c6b5846f0,True,0,1
GG0009,0,1,CVB0009,0.014929297102401831,0.024624006252118812,55,0,predict_proba,0.45000000000000007,constraints_met,3,2,RF,830f5a626880a1ca71f261ed67a8c916e793d67c54b6efaf23e5197e1da492ad,9eb1905b0d2d4dff99236976201e564cbe25ee258ba901ad38107c5c6b5846f0,True,0,1
GG0018,0,1,CVB0016,0.046696586861841215,0.0604202853722875,15,0,predict_proba,0.45000000000000007,constraints_met,3,2,RF,830f5a626880a1ca71f261ed67a8c916e793d67c54b6efaf23e5197e1da492ad,9eb1905b0d2d4dff99236976201e564cbe25ee258ba901ad38107c5c6b5846f0,True,0,1
GG0026,1,1,CVB0023,0.19071901642892863,0.20270552390414168,8,0,predict_proba,0.45000000000000007,constraints_met,3,2,RF,830f5a626880a1ca71f261ed67a8c916e793d67c54b6efaf23e5197e1da492ad,9eb1905b0d2d4dff99236976201e564cbe25ee258ba901ad38107c5c6b5846f0,True,0,1
GG0032,0,1,CVB0029,0.22510608313878377,0.20937237394123634,23,0,predict_proba,0.45000000000000007,constraints_met,3,2,RF,830f5a626880a1ca71f261ed67a8c916e793d67c54b6efaf23e5197e1da492ad,9eb1905b0d2d4dff99236976201e564cbe25ee258ba901ad38107c5c6b5846f0,True,0,1
GG0036,0,1,CVB0033,0.14512261502832643,0.1995807375481704,84,0,predict_proba,0.45000000000000007,constraints_met,3,2,RF,830f5a626880a1ca71f261ed67a8c916e793d67c54b6efaf23e5197e1da492ad,9eb1905b0d2d4dff99236976201e564cbe25ee258ba901ad38107c5c6b5846f0,True,0,1
GG0041,1,1,CVB0038,0.6242082850554166,0.6261255908007571,21,1,predict_proba,0.45000000000000007,constraints_met,3,2,RF,830f5a626880a1ca71f261ed67a8c916e793d67c54b6efaf23e5197e1da492ad,9eb1905b0d2d4dff99236976201e564cbe25ee258ba901ad38107c5c6b5846f0,True,0,1
GG0047,1,1,CVB0043,0.6762910372413463,0.6529333057340707,15,1,predict_proba,0.45000000000000007,constraints_met,3,2,RF,830f5a626880a1ca71f261ed67a8c916e793d67c54b6efaf23e5197e1da492ad,9eb1905b0d2d4dff99236976201e564cbe25ee258ba901ad38107c5c6b5846f0,True,0,1
GG0053,1,1,CVB0049,0.4695094925419072,0.4584958681585723,6,1,predict_proba,0.45000000000000007,constraints_met,3,2,RF,830f5a626880a1ca71f261ed67a8c916e793d67c54b6efaf23e5197e1da492ad,9eb1905b0d2d4dff99236976201e564cbe25ee258ba901ad38107c5c6b5846f0,True,0,1
GG0057,1,1,CVB0053,0.6636914988961276,0.6643761797648902,10,1,predict_proba,0.45000000000000007,constraints_met,3,2,RF,830f5a626880a1ca71f261ed67a8c916e793d67c54b6efaf23e5197e1da492ad,9eb1905b0d2d4dff99236976201e564cbe25ee258ba901ad38107c5c6b5846f0,True,0,1
GG0064,1,1,CVB0060,0.6598167829538978,0.7001884562456847,5,1,predict_proba,0.45000000000000007,constraints_met,3,2,RF,830f5a626880a1ca71f261ed67a8c916e793d67c54b6efaf23e5197e1da492ad,9eb1905b0d2d4dff99236976201e564cbe25ee258ba901ad38107c5c6b5846f0,True,0,1
GG0071,0,1,CVB0067,0.41592172308160585,0.34247328845643865,14,0,predict_proba,0.45000000000000007,constraints_met,3,2,RF,830f5a626880a1ca71f261ed67a8c916e793d67c54b6efaf23e5197e1da492ad,9eb1905b0d2d4dff99236976201e564cbe25ee258ba901ad38107c5c6b5846f0,True,0,1
GG0074,0,1,CVB0070,0.17884358934583358,0.1987147016594987,8,0,predict_proba,0.45000000000000007,constraints_met,3,2,RF,830f5a626880a1ca71f261ed67a8c916e793d67c54b6efaf23e5197e1da492ad,9eb1905b0d2d4dff99236976201e564cbe25ee258ba901ad38107c5c6b5846f0,True,0,1
GG0079,0,1,CVB0075,0.18223962822203832,0.22298320042379322,99,0,predict_proba,0.45000000000000007,constraints_met,3,2,RF,830f5a626880a1ca71f261ed67a8c916e793d67c54b6efaf23e5197e1da492ad,9eb1905b0d2d4dff99236976201e564cbe25ee258ba901ad38107c5c6b5846f0,True,0,1
GG0084,0,1,CVB0080,0.08517958351710675,0.11835634785678638,4,0,predict_proba,0.45000000000000007,constraints_met,3,2,RF,830f5a626880a1ca71f261ed67a8c916e793d67c54b6efaf23e5197e1da492ad,9eb1905b0d2d4dff99236976201e564cbe25ee258ba901ad38107c5c6b5846f0,True,0,1
GG0091,0,1,CVB0087,0.1957768399777668,0.23054428539922547,25,0,predict_proba,0.45000000000000007,constraints_met,3,2,RF,830f5a626880a1ca71f261ed67a8c916e793d67c54b6efaf23e5197e1da492ad,9eb1905b0d2d4dff99236976201e564cbe25ee258ba901ad38107c5c6b5846f0,True,0,1
GG0097,0,1,CVB0093,0.6322187429048018,0.5435678720216734,8,1,predict_proba,0.45000000000000007,constraints_met,3,2,RF,830f5a626880a1ca71f261ed67a8c916e793d67c54b6efaf23e5197e1da492ad,9eb1905b0d2d4dff99236976201e564cbe25ee258ba901ad38107c5c6b5846f0,True,0,1
GG0100,0,1,CVB0096,0.03241402122675614,0.036222975612174184,13,0,predict_proba,0.45000000000000007,constraints_met,3,2,RF,830f5a626880a1ca71f261ed67a8c916e793d67c54b6efaf23e5197e1da492ad,9eb1905b0d2d4dff99236976201e564cbe25ee258ba901ad38107c5c6b5846f0,True,0,1
GG0103,0,1,CVB0099,0.03890766034449674,0.05262799018625081,6,0,predict_proba,0.45000000000000007,constraints_met,3,2,RF,830f5a626880a1ca71f261ed67a8c916e793d67c54b6efaf23e5197e1da492ad,9eb1905b0d2d4dff99236976201e564cbe25ee258ba901ad38107c5c6b5846f0,True,0,1
GG0107,0,1,CVB0103,0.10651451044058727,0.09273185241471056,5,0,predict_proba,0.45000000000000007,constraints_met,3,2,RF,830f5a626880a1ca71f261ed67a8c916e793d67c54b6efaf23e5197e1da492ad,9eb1905b0d2d4dff99236976201e564cbe25ee258ba901ad38107c5c6b5846f0,True,0,1
GG0112,0,1,CVB0108,0.09516399364829366,0.1063229510313806,11,0,predict_proba,0.45000000000000007,constraints_met,3,2,RF,830f5a626880a1ca71f261ed67a8c916e793d67c54b6efaf23e5197e1da492ad,9eb1905b0d2d4dff99236976201e564cbe25ee258ba901ad38107c5c6b5846f0,True,0,1
GG0119,0,1,CVB0115,0.31197600488532523,0.23836574398476018,5,0,predict_proba,0.45000000000000007,constraints_met,3,2,RF,830f5a626880a1ca71f261ed67a8c916e793d67c54b6efaf23e5197e1da492ad,9eb1905b0d2d4dff99236976201e564cbe25ee258ba901ad38107c5c6b5846f0,True,0,1
GG0121,0,1,CVB0117,0.07740600285429014,0.08908716728267733,6,0,predict_proba,0.45000000000000007,constraints_met,3,2,RF,830f5a626880a1ca71f261ed67a8c916e793d67c54b6efaf23e5197e1da492ad,9eb1905b0d2d4dff99236976201e564cbe25ee258ba901ad38107c5c6b5846f0,True,0,1
GG0127,0,1,CVB0123,0.0189685717133296,0.023609913753461536,3,0,predict_proba,0.45000000000000007,constraints_met,3,2,RF,830f5a626880a1ca71f261ed67a8c916e793d67c54b6efaf23e5197e1da492ad,9eb1905b0d2d4dff99236976201e564cbe25ee258ba901ad38107c5c6b5846f0,True,0,1
GG0001,1,1,CVB0001,0.3650441187365749,0.3636187500994241,7,1,monotonic_transformed_decision_score_not_calibrated,0.325,constraints_met,3,2,SVM,6f73214161263078f75ede7e5a547558d9d2bdccc9287df681663a384df81b98,9eb1905b0d2d4dff99236976201e564cbe25ee258ba901ad38107c5c6b5846f0,True,0,1
GG0007,0,1,CVB0007,0.3043967518887144,0.31529572645563053,11,0,monotonic_transformed_decision_score_not_calibrated,0.325,constraints_met,3,2,SVM,6f73214161263078f75ede7e5a547558d9d2bdccc9287df681663a384df81b98,9eb1905b0d2d4dff99236976201e564cbe25ee258ba901ad38107c5c6b5846f0,True,0,1
GG0009,0,1,CVB0009,0.19823725875770618,0.1998941091564081,55,0,monotonic_transformed_decision_score_not_calibrated,0.325,constraints_met,3,2,SVM,6f73214161263078f75ede7e5a547558d9d2bdccc9287df681663a384df81b98,9eb1905b0d2d4dff99236976201e564cbe25ee258ba901ad38107c5c6b5846f0,True,0,1
GG0018,0,1,CVB0016,0.18419502603337512,0.17763174738493506,15,0,monotonic_transformed_decision_score_not_calibrated,0.325,constraints_met,3,2,SVM,6f73214161263078f75ede7e5a547558d9d2bdccc9287df681663a384df81b98,9eb1905b0d2d4dff99236976201e564cbe25ee258ba901ad38107c5c6b5846f0,True,0,1
GG0026,1,1,CVB0023,0.20271339638540795,0.20225452077675404,8,0,monotonic_transformed_decision_score_not_calibrated,0.325,constraints_met,3,2,SVM,6f73214161263078f75ede7e5a547558d9d2bdccc9287df681663a384df81b98,9eb1905b0d2d4dff99236976201e564cbe25ee258ba901ad38107c5c6b5846f0,True,0,1
GG0032,0,1,CVB0029,0.29475193666128663,0.29472903065471834,23,0,monotonic_transformed_decision_score_not_calibrated,0.325,constraints_met,3,2,SVM,6f73214161263078f75ede7e5a547558d9d2bdccc9287df681663a384df81b98,9eb1905b0d2d4dff99236976201e564cbe25ee258ba901ad38107c5c6b5846f0,True,0,1
GG0036,0,1,CVB0033,0.30133138097543555,0.2810552141298747,84,0,monotonic_transformed_decision_score_not_calibrated,0.325,constraints_met,3,2,SVM,6f73214161263078f75ede7e5a547558d9d2bdccc9287df681663a384df81b98,9eb1905b0d2d4dff99236976201e564cbe25ee258ba901ad38107c5c6b5846f0,True,0,1
GG0041,1,1,CVB0038,0.3399548410817177,0.33820363880956983,21,1,monotonic_transformed_decision_score_not_calibrated,0.325,constraints_met,3,2,SVM,6f73214161263078f75ede7e5a547558d9d2bdccc9287df681663a384df81b98,9eb1905b0d2d4dff99236976201e564cbe25ee258ba901ad38107c5c6b5846f0,True,0,1
GG0047,1,1,CVB0043,0.33063563873206403,0.3377864979330441,15,1,monotonic_transformed_decision_score_not_calibrated,0.325,constraints_met,3,2,SVM,6f73214161263078f75ede7e5a547558d9d2bdccc9287df681663a384df81b98,9eb1905b0d2d4dff99236976201e564cbe25ee258ba901ad38107c5c6b5846f0,True,0,1
GG0053,1,1,CVB0049,0.2800922807265645,0.28928739904605133,6,0,monotonic_transformed_decision_score_not_calibrated,0.325,constraints_met,3,2,SVM,6f73214161263078f75ede7e5a547558d9d2bdccc9287df681663a384df81b98,9eb1905b0d2d4dff99236976201e564cbe25ee258ba901ad38107c5c6b5846f0,True,0,1
GG0057,1,1,CVB0053,0.33877391086431086,0.3398303841254874,10,1,monotonic_transformed_decision_score_not_calibrated,0.325,constraints_met,3,2,SVM,6f73214161263078f75ede7e5a547558d9d2bdccc9287df681663a384df81b98,9eb1905b0d2d4dff99236976201e564cbe25ee258ba901ad38107c5c6b5846f0,True,0,1
GG0064,1,1,CVB0060,0.41242566237763095,0.40678888964966264,5,1,monotonic_transformed_decision_score_not_calibrated,0.325,constraints_met,3,2,SVM,6f73214161263078f75ede7e5a547558d9d2bdccc9287df681663a384df81b98,9eb1905b0d2d4dff99236976201e564cbe25ee258ba901ad38107c5c6b5846f0,True,0,1
GG0071,0,1,CVB0067,0.30289816267622904,0.274835268461865,14,0,monotonic_transformed_decision_score_not_calibrated,0.325,constraints_met,3,2,SVM,6f73214161263078f75ede7e5a547558d9d2bdccc9287df681663a384df81b98,9eb1905b0d2d4dff99236976201e564cbe25ee258ba901ad38107c5c6b5846f0,True,0,1
GG0074,0,1,CVB0070,0.2569889910703389,0.26051766784065306,8,0,monotonic_transformed_decision_score_not_calibrated,0.325,constraints_met,3,2,SVM,6f73214161263078f75ede7e5a547558d9d2bdccc9287df681663a384df81b98,9eb1905b0d2d4dff99236976201e564cbe25ee258ba901ad38107c5c6b5846f0,True,0,1
GG0079,0,1,CVB0075,0.290311726681555,0.30642658942124557,99,0,monotonic_transformed_decision_score_not_calibrated,0.325,constraints_met,3,2,SVM,6f73214161263078f75ede7e5a547558d9d2bdccc9287df681663a384df81b98,9eb1905b0d2d4dff99236976201e564cbe25ee258ba901ad38107c5c6b5846f0,True,0,1
GG0084,0,1,CVB0080,0.24480962812031137,0.2571083990357886,4,0,monotonic_transformed_decision_score_not_calibrated,0.325,constraints_met,3,2,SVM,6f73214161263078f75ede7e5a547558d9d2bdccc9287df681663a384df81b98,9eb1905b0d2d4dff99236976201e564cbe25ee258ba901ad38107c5c6b5846f0,True,0,1
GG0091,0,1,CVB0087,0.272115763677918,0.276195391677437,25,0,monotonic_transformed_decision_score_not_calibrated,0.325,constraints_met,3,2,SVM,6f73214161263078f75ede7e5a547558d9d2bdccc9287df681663a384df81b98,9eb1905b0d2d4dff99236976201e564cbe25ee258ba901ad38107c5c6b5846f0,True,0,1
GG0097,0,1,CVB0093,0.31516899802507603,0.30803141258473393,8,0,monotonic_transformed_decision_score_not_calibrated,0.325,constraints_met,3,2,SVM,6f73214161263078f75ede7e5a547558d9d2bdccc9287df681663a384df81b98,9eb1905b0d2d4dff99236976201e564cbe25ee258ba901ad38107c5c6b5846f0,True,0,1
GG0100,0,1,CVB0096,0.25046182415190005,0.2341482930449481,13,0,monotonic_transformed_decision_score_not_calibrated,0.325,constraints_met,3,2,SVM,6f73214161263078f75ede7e5a547558d9d2bdccc9287df681663a384df81b98,9eb1905b0d2d4dff99236976201e564cbe25ee258ba901ad38107c5c6b5846f0,True,0,1
GG0103,0,1,CVB0099,0.263855360388633,0.26463194712412214,6,0,monotonic_transformed_decision_score_not_calibrated,0.325,constraints_met,3,2,SVM,6f73214161263078f75ede7e5a547558d9d2bdccc9287df681663a384df81b98,9eb1905b0d2d4dff99236976201e564cbe25ee258ba901ad38107c5c6b5846f0,True,0,1
GG0107,0,1,CVB0103,0.27188474442070226,0.2614168799848891,5,0,monotonic_transformed_decision_score_not_calibrated,0.325,constraints_met,3,2,SVM,6f73214161263078f75ede7e5a547558d9d2bdccc9287df681663a384df81b98,9eb1905b0d2d4dff99236976201e564cbe25ee258ba901ad38107c5c6b5846f0,True,0,1
GG0112,0,1,CVB0108,0.25975256343682107,0.2460472194405089,11,0,monotonic_transformed_decision_score_not_calibrated,0.325,constraints_met,3,2,SVM,6f73214161263078f75ede7e5a547558d9d2bdccc9287df681663a384df81b98,9eb1905b0d2d4dff99236976201e564cbe25ee258ba901ad38107c5c6b5846f0,True,0,1
GG0119,0,1,CVB0115,0.36984610404970514,0.342457102115033,5,1,monotonic_transformed_decision_score_not_calibrated,0.325,constraints_met,3,2,SVM,6f73214161263078f75ede7e5a547558d9d2bdccc9287df681663a384df81b98,9eb1905b0d2d4dff99236976201e564cbe25ee258ba901ad38107c5c6b5846f0,True,0,1
GG0121,0,1,CVB0117,0.20479424889015152,0.20471869609176072,6,0,monotonic_transformed_decision_score_not_calibrated,0.325,constraints_met,3,2,SVM,6f73214161263078f75ede7e5a547558d9d2bdccc9287df681663a384df81b98,9eb1905b0d2d4dff99236976201e564cbe25ee258ba901ad38107c5c6b5846f0,True,0,1
GG0127,0,1,CVB0123,0.22374696077066963,0.22396184706003533,3,0,monotonic_transformed_decision_score_not_calibrated,0.325,constraints_met,3,2,SVM,6f73214161263078f75ede7e5a547558d9d2bdccc9287df681663a384df81b98,9eb1905b0d2d4dff99236976201e564cbe25ee258ba901ad38107c5c6b5846f0,True,0,1
GG0001,1,1,CVB0001,0.9958417033550112,0.835774182699644,7,1,predict_proba,0.195,constraints_met,3,2,MLP,12f4762e7810aa99bd7d6a4eefb68d7c572895c204e36c74d3b4f620965fc66f,9eb1905b0d2d4dff99236976201e564cbe25ee258ba901ad38107c5c6b5846f0,True,73,1
GG0007,0,1,CVB0007,3.5766729248512724e-07,0.08466090245453875,11,0,predict_proba,0.195,constraints_met,3,2,MLP,12f4762e7810aa99bd7d6a4eefb68d7c572895c204e36c74d3b4f620965fc66f,9eb1905b0d2d4dff99236976201e564cbe25ee258ba901ad38107c5c6b5846f0,True,73,1
GG0009,0,1,CVB0009,1.3807888848235946e-16,1.6838298377660714e-06,55,0,predict_proba,0.195,constraints_met,3,2,MLP,12f4762e7810aa99bd7d6a4eefb68d7c572895c204e36c74d3b4f620965fc66f,9eb1905b0d2d4dff99236976201e564cbe25ee258ba901ad38107c5c6b5846f0,True,73,1
GG0018,0,1,CVB0016,7.076582477846992e-23,3.165118233699725e-14,15,0,predict_proba,0.195,constraints_met,3,2,MLP,12f4762e7810aa99bd7d6a4eefb68d7c572895c204e36c74d3b4f620965fc66f,9eb1905b0d2d4dff99236976201e564cbe25ee258ba901ad38107c5c6b5846f0,True,73,1
GG0026,1,1,CVB0023,8.607999190383363e-13,8.804999476501609e-12,8,0,predict_proba,0.195,constraints_met,3,2,MLP,12f4762e7810aa99bd7d6a4eefb68d7c572895c204e36c74d3b4f620965fc66f,9eb1905b0d2d4dff99236976201e564cbe25ee258ba901ad38107c5c6b5846f0,True,73,1
GG0032,0,1,CVB0029,1.669513079423833e-06,0.07123145392438278,23,0,predict_proba,0.195,constraints_met,3,2,MLP,12f4762e7810aa99bd7d6a4eefb68d7c572895c204e36c74d3b4f620965fc66f,9eb1905b0d2d4dff99236976201e564cbe25ee258ba901ad38107c5c6b5846f0,True,73,1
GG0036,0,1,CVB0033,4.952924179380167e-06,0.21539400710136333,84,0,predict_proba,0.195,constraints_met,3,2,MLP,12f4762e7810aa99bd7d6a4eefb68d7c572895c204e36c74d3b4f620965fc66f,9eb1905b0d2d4dff99236976201e564cbe25ee258ba901ad38107c5c6b5846f0,True,73,1
GG0041,1,1,CVB0038,0.9980192484301676,0.7810876030166786,21,1,predict_proba,0.195,constraints_met,3,2,MLP,12f4762e7810aa99bd7d6a4eefb68d7c572895c204e36c74d3b4f620965fc66f,9eb1905b0d2d4dff99236976201e564cbe25ee258ba901ad38107c5c6b5846f0,True,73,1
GG0047,1,1,CVB0043,0.996989322889205,0.7662428234240628,15,1,predict_proba,0.195,constraints_met,3,2,MLP,12f4762e7810aa99bd7d6a4eefb68d7c572895c204e36c74d3b4f620965fc66f,9eb1905b0d2d4dff99236976201e564cbe25ee258ba901ad38107c5c6b5846f0,True,73,1
GG0053,1,1,CVB0049,0.9840928417179382,0.6678597003587744,6,1,predict_proba,0.195,constraints_met,3,2,MLP,12f4762e7810aa99bd7d6a4eefb68d7c572895c204e36c74d3b4f620965fc66f,9eb1905b0d2d4dff99236976201e564cbe25ee258ba901ad38107c5c6b5846f0,True,73,1
GG0057,1,1,CVB0053,0.8133744685051362,0.6731408805066812,10,1,predict_proba,0.195,constraints_met,3,2,MLP,12f4762e7810aa99bd7d6a4eefb68d7c572895c204e36c74d3b4f620965fc66f,9eb1905b0d2d4dff99236976201e564cbe25ee258ba901ad38107c5c6b5846f0,True,73,1
GG0064,1,1,CVB0060,0.9994639328536248,0.9993079110149466,5,1,predict_proba,0.195,constraints_met,3,2,MLP,12f4762e7810aa99bd7d6a4eefb68d7c572895c204e36c74d3b4f620965fc66f,9eb1905b0d2d4dff99236976201e564cbe25ee258ba901ad38107c5c6b5846f0,True,73,1
GG0071,0,1,CVB0067,0.010412473157111909,0.1622658392677291,14,0,predict_proba,0.195,constraints_met,3,2,MLP,12f4762e7810aa99bd7d6a4eefb68d7c572895c204e36c74d3b4f620965fc66f,9eb1905b0d2d4dff99236976201e564cbe25ee258ba901ad38107c5c6b5846f0,True,73,1
GG0074,0,1,CVB0070,2.967287165833589e-08,0.0014054326182049211,8,0,predict_proba,0.195,constraints_met,3,2,MLP,12f4762e7810aa99bd7d6a4eefb68d7c572895c204e36c74d3b4f620965fc66f,9eb1905b0d2d4dff99236976201e564cbe25ee258ba901ad38107c5c6b5846f0,True,73,1
GG0079,0,1,CVB0075,1.4091597022488263e-05,0.2156423453865902,99,0,predict_proba,0.195,constraints_met,3,2,MLP,12f4762e7810aa99bd7d6a4eefb68d7c572895c204e36c74d3b4f620965fc66f,9eb1905b0d2d4dff99236976201e564cbe25ee258ba901ad38107c5c6b5846f0,True,73,1
GG0084,0,1,CVB0080,2.223480135127067e-13,6.786545686792621e-08,4,0,predict_proba,0.195,constraints_met,3,2,MLP,12f4762e7810aa99bd7d6a4eefb68d7c572895c204e36c74d3b4f620965fc66f,9eb1905b0d2d4dff99236976201e564cbe25ee258ba901ad38107c5c6b5846f0,True,73,1
GG0091,0,1,CVB0087,1.2415019238541098e-05,0.1578849729214972,25,0,predict_proba,0.195,constraints_met,3,2,MLP,12f4762e7810aa99bd7d6a4eefb68d7c572895c204e36c74d3b4f620965fc66f,9eb1905b0d2d4dff99236976201e564cbe25ee258ba901ad38107c5c6b5846f0,True,73,1
GG0097,0,1,CVB0093,0.9816402021616406,0.7371576850541037,8,1,predict_proba,0.195,constraints_met,3,2,MLP,12f4762e7810aa99bd7d6a4eefb68d7c572895c204e36c74d3b4f620965fc66f,9eb1905b0d2d4dff99236976201e564cbe25ee258ba901ad38107c5c6b5846f0,True,73,1
GG0100,0,1,CVB0096,2.098361259364706e-09,3.076723766381731e-08,13,0,predict_proba,0.195,constraints_met,3,2,MLP,12f4762e7810aa99bd7d6a4eefb68d7c572895c204e36c74d3b4f620965fc66f,9eb1905b0d2d4dff99236976201e564cbe25ee258ba901ad38107c5c6b5846f0,True,73,1
GG0103,0,1,CVB0099,8.983483211106801e-09,1.6588050594319817e-06,6,0,predict_proba,0.195,constraints_met,3,2,MLP,12f4762e7810aa99bd7d6a4eefb68d7c572895c204e36c74d3b4f620965fc66f,9eb1905b0d2d4dff99236976201e564cbe25ee258ba901ad38107c5c6b5846f0,True,73,1
GG0107,0,1,CVB0103,1.242622100863514e-05,0.0005670953095063453,5,0,predict_proba,0.195,constraints_met,3,2,MLP,12f4762e7810aa99bd7d6a4eefb68d7c572895c204e36c74d3b4f620965fc66f,9eb1905b0d2d4dff99236976201e564cbe25ee258ba901ad38107c5c6b5846f0,True,73,1
GG0112,0,1,CVB0108,8.702624523371033e-18,1.7537924837644951e-13,11,0,predict_proba,0.195,constraints_met,3,2,MLP,12f4762e7810aa99bd7d6a4eefb68d7c572895c204e36c74d3b4f620965fc66f,9eb1905b0d2d4dff99236976201e564cbe25ee258ba901ad38107c5c6b5846f0,True,73,1
GG0119,0,1,CVB0115,0.09031604491856517,0.4181659742179333,5,0,predict_proba,0.195,constraints_met,3,2,MLP,12f4762e7810aa99bd7d6a4eefb68d7c572895c204e36c74d3b4f620965fc66f,9eb1905b0d2d4dff99236976201e564cbe25ee258ba901ad38107c5c6b5846f0,True,73,1
GG0121,0,1,CVB0117,6.190500329388553e-13,4.957841974820027e-10,6,0,predict_proba,0.195,constraints_met,3,2,MLP,12f4762e7810aa99bd7d6a4eefb68d7c572895c204e36c74d3b4f620965fc66f,9eb1905b0d2d4dff99236976201e564cbe25ee258ba901ad38107c5c6b5846f0,True,73,1
GG0127,0,1,CVB0123,1.1129195832627573e-22,1.101199072953337e-21,3,0,predict_proba,0.195,constraints_met,3,2,MLP,12f4762e7810aa99bd7d6a4eefb68d7c572895c204e36c74d3b4f620965fc66f,9eb1905b0d2d4dff99236976201e564cbe25ee258ba901ad38107c5c6b5846f0,True,73,1
GG0001,1,1,CVB0001,0.6063793301582336,0.6313549716557775,7,1,predict_proba,0.5,constraints_met,3,2,XGBoost,34ceedf6a1bb29961f2328af1d5171f68f761751bb240b7ec5769fb12f9571f5,9eb1905b0d2d4dff99236976201e564cbe25ee258ba901ad38107c5c6b5846f0,True,0,1
GG0007,0,1,CVB0007,0.08381639420986176,0.23720172648741442,11,0,predict_proba,0.5,constraints_met,3,2,XGBoost,34ceedf6a1bb29961f2328af1d5171f68f761751bb240b7ec5769fb12f9571f5,9eb1905b0d2d4dff99236976201e564cbe25ee258ba901ad38107c5c6b5846f0,True,0,1
GG0009,0,1,CVB0009,0.00013691357162315398,0.0008761661362190022,55,0,predict_proba,0.5,constraints_met,3,2,XGBoost,34ceedf6a1bb29961f2328af1d5171f68f761751bb240b7ec5769fb12f9571f5,9eb1905b0d2d4dff99236976201e564cbe25ee258ba901ad38107c5c6b5846f0,True,0,1
GG0018,0,1,CVB0016,6.532395491376519e-05,0.00013733790268209608,15,0,predict_proba,0.5,constraints_met,3,2,XGBoost,34ceedf6a1bb29961f2328af1d5171f68f761751bb240b7ec5769fb12f9571f5,9eb1905b0d2d4dff99236976201e564cbe25ee258ba901ad38107c5c6b5846f0,True,0,1
GG0026,1,1,CVB0023,0.03965563513338566,0.042369823378976434,8,0,predict_proba,0.5,constraints_met,3,2,XGBoost,34ceedf6a1bb29961f2328af1d5171f68f761751bb240b7ec5769fb12f9571f5,9eb1905b0d2d4dff99236976201e564cbe25ee258ba901ad38107c5c6b5846f0,True,0,1
GG0032,0,1,CVB0029,0.020314106717705727,0.0990655155720837,23,0,predict_proba,0.5,constraints_met,3,2,XGBoost,34ceedf6a1bb29961f2328af1d5171f68f761751bb240b7ec5769fb12f9571f5,9eb1905b0d2d4dff99236976201e564cbe25ee258ba901ad38107c5c6b5846f0,True,0,1
GG0036,0,1,CVB0033,0.017821910325437784,0.1305357963730265,84,0,predict_proba,0.5,constraints_met,3,2,XGBoost,34ceedf6a1bb29961f2328af1d5171f68f761751bb240b7ec5769fb12f9571f5,9eb1905b0d2d4dff99236976201e564cbe25ee258ba901ad38107c5c6b5846f0,True,0,1
GG0041,1,1,CVB0038,0.7779016494750977,0.6854563107093176,21,1,predict_proba,0.5,constraints_met,3,2,XGBoost,34ceedf6a1bb29961f2328af1d5171f68f761751bb240b7ec5769fb12f9571f5,9eb1905b0d2d4dff99236976201e564cbe25ee258ba901ad38107c5c6b5846f0,True,0,1
GG0047,1,1,CVB0043,0.940498948097229,0.7718263363698498,15,1,predict_proba,0.5,constraints_met,3,2,XGBoost,34ceedf6a1bb29961f2328af1d5171f68f761751bb240b7ec5769fb12f9571f5,9eb1905b0d2d4dff99236976201e564cbe25ee258ba901ad38107c5c6b5846f0,True,0,1
GG0053,1,1,CVB0049,0.5628208518028259,0.5528864550093809,6,1,predict_proba,0.5,constraints_met,3,2,XGBoost,34ceedf6a1bb29961f2328af1d5171f68f761751bb240b7ec5769fb12f9571f5,9eb1905b0d2d4dff99236976201e564cbe25ee258ba901ad38107c5c6b5846f0,True,0,1
GG0057,1,1,CVB0053,0.8833507001399994,0.882023298740387,10,1,predict_proba,0.5,constraints_met,3,2,XGBoost,34ceedf6a1bb29961f2328af1d5171f68f761751bb240b7ec5769fb12f9571f5,9eb1905b0d2d4dff99236976201e564cbe25ee258ba901ad38107c5c6b5846f0,True,0,1
GG0064,1,1,CVB0060,0.9611086249351501,0.9442868947982788,5,1,predict_proba,0.5,constraints_met,3,2,XGBoost,34ceedf6a1bb29961f2328af1d5171f68f761751bb240b7ec5769fb12f9571f5,9eb1905b0d2d4dff99236976201e564cbe25ee258ba901ad38107c5c6b5846f0,True,0,1
GG0071,0,1,CVB0067,0.26040469855070114,0.3737749143804519,14,0,predict_proba,0.5,constraints_met,3,2,XGBoost,34ceedf6a1bb29961f2328af1d5171f68f761751bb240b7ec5769fb12f9571f5,9eb1905b0d2d4dff99236976201e564cbe25ee258ba901ad38107c5c6b5846f0,True,0,1
GG0074,0,1,CVB0070,0.008095541037619114,0.020210646700434154,8,0,predict_proba,0.5,constraints_met,3,2,XGBoost,34ceedf6a1bb29961f2328af1d5171f68f761751bb240b7ec5769fb12f9571f5,9eb1905b0d2d4dff99236976201e564cbe25ee258ba901ad38107c5c6b5846f0,True,0,1
GG0079,0,1,CVB0075,0.023671001195907593,0.1891417579519306,99,0,predict_proba,0.5,constraints_met,3,2,XGBoost,34ceedf6a1bb29961f2328af1d5171f68f761751bb240b7ec5769fb12f9571f5,9eb1905b0d2d4dff99236976201e564cbe25ee258ba901ad38107c5c6b5846f0,True,0,1
GG0084,0,1,CVB0080,0.003667627985123545,0.022943432646570727,4,0,predict_proba,0.5,constraints_met,3,2,XGBoost,34ceedf6a1bb29961f2328af1d5171f68f761751bb240b7ec5769fb12f9571f5,9eb1905b0d2d4dff99236976201e564cbe25ee258ba901ad38107c5c6b5846f0,True,0,1
GG0091,0,1,CVB0087,0.00682087242603302,0.1265080739883706,25,0,predict_proba,0.5,constraints_met,3,2,XGBoost,34ceedf6a1bb29961f2328af1d5171f68f761751bb240b7ec5769fb12f9571f5,9eb1905b0d2d4dff99236976201e564cbe25ee258ba901ad38107c5c6b5846f0,True,0,1
GG0097,0,1,CVB0093,0.8382926881313324,0.620415112003684,8,1,predict_proba,0.5,constraints_met,3,2,XGBoost,34ceedf6a1bb29961f2328af1d5171f68f761751bb240b7ec5769fb12f9571f5,9eb1905b0d2d4dff99236976201e564cbe25ee258ba901ad38107c5c6b5846f0,True,0,1
GG0100,0,1,CVB0096,0.0005044119316153228,0.002955226180347381,13,0,predict_proba,0.5,constraints_met,3,2,XGBoost,34ceedf6a1bb29961f2328af1d5171f68f761751bb240b7ec5769fb12f9571f5,9eb1905b0d2d4dff99236976201e564cbe25ee258ba901ad38107c5c6b5846f0,True,0,1
GG0103,0,1,CVB0099,0.001154005469288677,0.002318320829848138,6,0,predict_proba,0.5,constraints_met,3,2,XGBoost,34ceedf6a1bb29961f2328af1d5171f68f761751bb240b7ec5769fb12f9571f5,9eb1905b0d2d4dff99236976201e564cbe25ee258ba901ad38107c5c6b5846f0,True,0,1
GG0107,0,1,CVB0103,0.0023370818234980106,0.01417805397650227,5,0,predict_proba,0.5,constraints_met,3,2,XGBoost,34ceedf6a1bb29961f2328af1d5171f68f761751bb240b7ec5769fb12f9571f5,9eb1905b0d2d4dff99236976201e564cbe25ee258ba901ad38107c5c6b5846f0,True,0,1
GG0112,0,1,CVB0108,0.0013013756833970547,0.004137907328020612,11,0,predict_proba,0.5,constraints_met,3,2,XGBoost,34ceedf6a1bb29961f2328af1d5171f68f761751bb240b7ec5769fb12f9571f5,9eb1905b0d2d4dff99236976201e564cbe25ee258ba901ad38107c5c6b5846f0,True,0,1
GG0119,0,1,CVB0115,0.09123195707798004,0.1400926012545824,5,0,predict_proba,0.5,constraints_met,3,2,XGBoost,34ceedf6a1bb29961f2328af1d5171f68f761751bb240b7ec5769fb12f9571f5,9eb1905b0d2d4dff99236976201e564cbe25ee258ba901ad38107c5c6b5846f0,True,0,1
GG0121,0,1,CVB0117,0.007023491431027651,0.00992792258815219,6,0,predict_proba,0.5,constraints_met,3,2,XGBoost,34ceedf6a1bb29961f2328af1d5171f68f761751bb240b7ec5769fb12f9571f5,9eb1905b0d2d4dff99236976201e564cbe25ee258ba901ad38107c5c6b5846f0,True,0,1
GG0127,0,1,CVB0123,4.978907236363739e-05,8.011595249020805e-05,3,0,predict_proba,0.5,constraints_met,3,2,XGBoost,34ceedf6a1bb29961f2328af1d5171f68f761751bb240b7ec5769fb12f9571f5,9eb1905b0d2d4dff99236976201e564cbe25ee258ba901ad38107c5c6b5846f0,True,0,1
GG0002,0,1,CVB0002,0.031302417761384066,0.07803594243083319,39,0,predict_proba,0.41000000000000003,constraints_met,3,3,RF,138b42b645a52e1c9c6450b33e86be72371b7a305187b74bbc7820825358c506,9eb1905b0d2d4dff99236976201e564cbe25ee258ba901ad38107c5c6b5846f0,True,0,1
GG0005,0,1,CVB0005,0.24778936946821686,0.29727303514415676,55,0,predict_proba,0.41000000000000003,constraints_met,3,3,RF,138b42b645a52e1c9c6450b33e86be72371b7a305187b74bbc7820825358c506,9eb1905b0d2d4dff99236976201e564cbe25ee258ba901ad38107c5c6b5846f0,True,0,1
GG0012,1,1,CVB0012,0.1607784451335439,0.2137660344699335,28,0,predict_proba,0.41000000000000003,constraints_met,3,3,RF,138b42b645a52e1c9c6450b33e86be72371b7a305187b74bbc7820825358c506,9eb1905b0d2d4dff99236976201e564cbe25ee258ba901ad38107c5c6b5846f0,True,0,1
GG0015,0,1,CVB0002,0.19900836559491322,0.3002672082530474,27,0,predict_proba,0.41000000000000003,constraints_met,3,3,RF,138b42b645a52e1c9c6450b33e86be72371b7a305187b74bbc7820825358c506,9eb1905b0d2d4dff99236976201e564cbe25ee258ba901ad38107c5c6b5846f0,True,0,1
GG0019,0,1,CVB0017,0.024295976157263185,0.051104849340763314,5,0,predict_proba,0.41000000000000003,constraints_met,3,3,RF,138b42b645a52e1c9c6450b33e86be72371b7a305187b74bbc7820825358c506,9eb1905b0d2d4dff99236976201e564cbe25ee258ba901ad38107c5c6b5846f0,True,0,1
GG0027,0,1,CVB0024,0.03221719087548227,0.18687334001892708,14,0,predict_proba,0.41000000000000003,constraints_met,3,3,RF,138b42b645a52e1c9c6450b33e86be72371b7a305187b74bbc7820825358c506,9eb1905b0d2d4dff99236976201e564cbe25ee258ba901ad38107c5c6b5846f0,True,0,1
GG0030,0,1,CVB0027,0.07191208895334444,0.11106966555535176,59,0,predict_proba,0.41000000000000003,constraints_met,3,3,RF,138b42b645a52e1c9c6450b33e86be72371b7a305187b74bbc7820825358c506,9eb1905b0d2d4dff99236976201e564cbe25ee258ba901ad38107c5c6b5846f0,True,0,1
GG0037,0,1,CVB0034,0.1778866370445644,0.180093521085548,6,0,predict_proba,0.41000000000000003,constraints_met,3,3,RF,138b42b645a52e1c9c6450b33e86be72371b7a305187b74bbc7820825358c506,9eb1905b0d2d4dff99236976201e564cbe25ee258ba901ad38107c5c6b5846f0,True,0,1
GG0042,1,1,CVB0039,0.20783867996676075,0.21853315822446012,7,0,predict_proba,0.41000000000000003,constraints_met,3,3,RF,138b42b645a52e1c9c6450b33e86be72371b7a305187b74bbc7820825358c506,9eb1905b0d2d4dff99236976201e564cbe25ee258ba901ad38107c5c6b5846f0,True,0,1
GG0048,1,1,CVB0044,0.09453458785372287,0.13110965027097793,4,0,predict_proba,0.41000000000000003,constraints_met,3,3,RF,138b42b645a52e1c9c6450b33e86be72371b7a305187b74bbc7820825358c506,9eb1905b0d2d4dff99236976201e564cbe25ee258ba901ad38107c5c6b5846f0,True,0,1
GG0054,1,1,CVB0050,0.6076957279253908,0.5746685587997887,21,1,predict_proba,0.41000000000000003,constraints_met,3,3,RF,138b42b645a52e1c9c6450b33e86be72371b7a305187b74bbc7820825358c506,9eb1905b0d2d4dff99236976201e564cbe25ee258ba901ad38107c5c6b5846f0,True,0,1
GG0058,1,1,CVB0054,0.47955494986430924,0.5115857751117997,7,1,predict_proba,0.41000000000000003,constraints_met,3,3,RF,138b42b645a52e1c9c6450b33e86be72371b7a305187b74bbc7820825358c506,9eb1905b0d2d4dff99236976201e564cbe25ee258ba901ad38107c5c6b5846f0,True,0,1
GG0065,0,1,CVB0061,0.014961927683785476,0.024693324763952303,11,0,predict_proba,0.41000000000000003,constraints_met,3,3,RF,138b42b645a52e1c9c6450b33e86be72371b7a305187b74bbc7820825358c506,9eb1905b0d2d4dff99236976201e564cbe25ee258ba901ad38107c5c6b5846f0,True,0,1
GG0072,0,1,CVB0068,0.3985831397301363,0.3712829914201337,8,0,predict_proba,0.41000000000000003,constraints_met,3,3,RF,138b42b645a52e1c9c6450b33e86be72371b7a305187b74bbc7820825358c506,9eb1905b0d2d4dff99236976201e564cbe25ee258ba901ad38107c5c6b5846f0,True,0,1
GG0077,0,1,CVB0073,0.17790400219430147,0.17824708274245285,15,0,predict_proba,0.41000000000000003,constraints_met,3,3,RF,138b42b645a52e1c9c6450b33e86be72371b7a305187b74bbc7820825358c506,9eb1905b0d2d4dff99236976201e564cbe25ee258ba901ad38107c5c6b5846f0,True,0,1
GG0082,0,1,CVB0078,0.020458492213435545,0.02188289696189499,11,0,predict_proba,0.41000000000000003,constraints_met,3,3,RF,138b42b645a52e1c9c6450b33e86be72371b7a305187b74bbc7820825358c506,9eb1905b0d2d4dff99236976201e564cbe25ee258ba901ad38107c5c6b5846f0,True,0,1
GG0086,0,1,CVB0082,0.1034643014561604,0.1014824777201201,16,0,predict_proba,0.41000000000000003,constraints_met,3,3,RF,138b42b645a52e1c9c6450b33e86be72371b7a305187b74bbc7820825358c506,9eb1905b0d2d4dff99236976201e564cbe25ee258ba901ad38107c5c6b5846f0,True,0,1
GG0092,0,1,CVB0088,0.30710180703232987,0.2990712743795373,13,0,predict_proba,0.41000000000000003,constraints_met,3,3,RF,138b42b645a52e1c9c6450b33e86be72371b7a305187b74bbc7820825358c506,9eb1905b0d2d4dff99236976201e564cbe25ee258ba901ad38107c5c6b5846f0,True,0,1
GG0098,0,1,CVB0094,0.1177424861147531,0.1658182739566724,18,0,predict_proba,0.41000000000000003,constraints_met,3,3,RF,138b42b645a52e1c9c6450b33e86be72371b7a305187b74bbc7820825358c506,9eb1905b0d2d4dff99236976201e564cbe25ee258ba901ad38107c5c6b5846f0,True,0,1
GG0104,0,1,CVB0100,0.22210533491691054,0.21612028525234364,6,0,predict_proba,0.41000000000000003,constraints_met,3,3,RF,138b42b645a52e1c9c6450b33e86be72371b7a305187b74bbc7820825358c506,9eb1905b0d2d4dff99236976201e564cbe25ee258ba901ad38107c5c6b5846f0,True,0,1
GG0108,0,1,CVB0104,0.08465777680367828,0.10564714129916866,40,0,predict_proba,0.41000000000000003,constraints_met,3,3,RF,138b42b645a52e1c9c6450b33e86be72371b7a305187b74bbc7820825358c506,9eb1905b0d2d4dff99236976201e564cbe25ee258ba901ad38107c5c6b5846f0,True,0,1
GG0113,0,1,CVB0109,0.0015162162086009789,0.0063114650587858465,12,0,predict_proba,0.41000000000000003,constraints_met,3,3,RF,138b42b645a52e1c9c6450b33e86be72371b7a305187b74bbc7820825358c506,9eb1905b0d2d4dff99236976201e564cbe25ee258ba901ad38107c5c6b5846f0,True,0,1
GG0116,0,1,CVB0112,1.404718475305437e-06,1.3474178216113787e-05,10,0,predict_proba,0.41000000000000003,constraints_met,3,3,RF,138b42b645a52e1c9c6450b33e86be72371b7a305187b74bbc7820825358c506,9eb1905b0d2d4dff99236976201e564cbe25ee258ba901ad38107c5c6b5846f0,True,0,1
GG0122,0,1,CVB0118,0.024201033278182148,0.02838203277840846,19,0,predict_proba,0.41000000000000003,constraints_met,3,3,RF,138b42b645a52e1c9c6450b33e86be72371b7a305187b74bbc7820825358c506,9eb1905b0d2d4dff99236976201e564cbe25ee258ba901ad38107c5c6b5846f0,True,0,1
GG0126,0,1,CVB0122,0.23363763205797292,0.22386545847529976,53,0,predict_proba,0.41000000000000003,constraints_met,3,3,RF,138b42b645a52e1c9c6450b33e86be72371b7a305187b74bbc7820825358c506,9eb1905b0d2d4dff99236976201e564cbe25ee258ba901ad38107c5c6b5846f0,True,0,1
GG0002,0,1,CVB0002,0.15251328753616394,0.17739473119047725,39,0,monotonic_transformed_decision_score_not_calibrated,0.45999999999999996,constraints_met,3,3,SVM,036ae0ab6da92d9606dcff9fd9fd5c0b3f773a13d71b4c1ff7d0186c3baaaa25,9eb1905b0d2d4dff99236976201e564cbe25ee258ba901ad38107c5c6b5846f0,True,0,1
GG0005,0,1,CVB0005,0.29487506042546635,0.3146767449326882,55,0,monotonic_transformed_decision_score_not_calibrated,0.45999999999999996,constraints_met,3,3,SVM,036ae0ab6da92d9606dcff9fd9fd5c0b3f773a13d71b4c1ff7d0186c3baaaa25,9eb1905b0d2d4dff99236976201e564cbe25ee258ba901ad38107c5c6b5846f0,True,0,1
GG0012,1,1,CVB0012,0.18407251879040595,0.20844109087937995,28,0,monotonic_transformed_decision_score_not_calibrated,0.45999999999999996,constraints_met,3,3,SVM,036ae0ab6da92d9606dcff9fd9fd5c0b3f773a13d71b4c1ff7d0186c3baaaa25,9eb1905b0d2d4dff99236976201e564cbe25ee258ba901ad38107c5c6b5846f0,True,0,1
GG0015,0,1,CVB0002,0.4121187589186018,0.4259377472145407,27,0,monotonic_transformed_decision_score_not_calibrated,0.45999999999999996,constraints_met,3,3,SVM,036ae0ab6da92d9606dcff9fd9fd5c0b3f773a13d71b4c1ff7d0186c3baaaa25,9eb1905b0d2d4dff99236976201e564cbe25ee258ba901ad38107c5c6b5846f0,True,0,1
GG0019,0,1,CVB0017,0.14013363585362193,0.13782541702650075,5,0,monotonic_transformed_decision_score_not_calibrated,0.45999999999999996,constraints_met,3,3,SVM,036ae0ab6da92d9606dcff9fd9fd5c0b3f773a13d71b4c1ff7d0186c3baaaa25,9eb1905b0d2d4dff99236976201e564cbe25ee258ba901ad38107c5c6b5846f0,True,0,1
GG0027,0,1,CVB0024,0.14786657903211453,0.2782708566019399,14,0,monotonic_transformed_decision_score_not_calibrated,0.45999999999999996,constraints_met,3,3,SVM,036ae0ab6da92d9606dcff9fd9fd5c0b3f773a13d71b4c1ff7d0186c3baaaa25,9eb1905b0d2d4dff99236976201e564cbe25ee258ba901ad38107c5c6b5846f0,True,0,1
GG0030,0,1,CVB0027,0.1926648174131866,0.19138667924236233,59,0,monotonic_transformed_decision_score_not_calibrated,0.45999999999999996,constraints_met,3,3,SVM,036ae0ab6da92d9606dcff9fd9fd5c0b3f773a13d71b4c1ff7d0186c3baaaa25,9eb1905b0d2d4dff99236976201e564cbe25ee258ba901ad38107c5c6b5846f0,True,0,1
GG0037,0,1,CVB0034,0.22148406726229927,0.25185740571308796,6,0,monotonic_transformed_decision_score_not_calibrated,0.45999999999999996,constraints_met,3,3,SVM,036ae0ab6da92d9606dcff9fd9fd5c0b3f773a13d71b4c1ff7d0186c3baaaa25,9eb1905b0d2d4dff99236976201e564cbe25ee258ba901ad38107c5c6b5846f0,True,0,1
GG0042,1,1,CVB0039,0.27007512307361203,0.27387629571634836,7,0,monotonic_transformed_decision_score_not_calibrated,0.45999999999999996,constraints_met,3,3,SVM,036ae0ab6da92d9606dcff9fd9fd5c0b3f773a13d71b4c1ff7d0186c3baaaa25,9eb1905b0d2d4dff99236976201e564cbe25ee258ba901ad38107c5c6b5846f0,True,0,1
GG0048,1,1,CVB0044,0.2241802686579995,0.22069443027001914,4,0,monotonic_transformed_decision_score_not_calibrated,0.45999999999999996,constraints_met,3,3,SVM,036ae0ab6da92d9606dcff9fd9fd5c0b3f773a13d71b4c1ff7d0186c3baaaa25,9eb1905b0d2d4dff99236976201e564cbe25ee258ba901ad38107c5c6b5846f0,True,0,1
GG0054,1,1,CVB0050,0.5794239289214466,0.5172708478103873,21,1,monotonic_transformed_decision_score_not_calibrated,0.45999999999999996,constraints_met,3,3,SVM,036ae0ab6da92d9606dcff9fd9fd5c0b3f773a13d71b4c1ff7d0186c3baaaa25,9eb1905b0d2d4dff99236976201e564cbe25ee258ba901ad38107c5c6b5846f0,True,0,1
GG0058,1,1,CVB0054,0.5100998551970489,0.5446036510986924,7,1,monotonic_transformed_decision_score_not_calibrated,0.45999999999999996,constraints_met,3,3,SVM,036ae0ab6da92d9606dcff9fd9fd5c0b3f773a13d71b4c1ff7d0186c3baaaa25,9eb1905b0d2d4dff99236976201e564cbe25ee258ba901ad38107c5c6b5846f0,True,0,1
GG0065,0,1,CVB0061,0.09456193414359236,0.11975625316199512,11,0,monotonic_transformed_decision_score_not_calibrated,0.45999999999999996,constraints_met,3,3,SVM,036ae0ab6da92d9606dcff9fd9fd5c0b3f773a13d71b4c1ff7d0186c3baaaa25,9eb1905b0d2d4dff99236976201e564cbe25ee258ba901ad38107c5c6b5846f0,True,0,1
GG0072,0,1,CVB0068,0.42941775593894504,0.49321586105655507,8,0,monotonic_transformed_decision_score_not_calibrated,0.45999999999999996,constraints_met,3,3,SVM,036ae0ab6da92d9606dcff9fd9fd5c0b3f773a13d71b4c1ff7d0186c3baaaa25,9eb1905b0d2d4dff99236976201e564cbe25ee258ba901ad38107c5c6b5846f0,True,0,1
GG0077,0,1,CVB0073,0.29238509565177645,0.2923798829779091,15,0,monotonic_transformed_decision_score_not_calibrated,0.45999999999999996,constraints_met,3,3,SVM,036ae0ab6da92d9606dcff9fd9fd5c0b3f773a13d71b4c1ff7d0186c3baaaa25,9eb1905b0d2d4dff99236976201e564cbe25ee258ba901ad38107c5c6b5846f0,True,0,1
GG0082,0,1,CVB0078,0.3185286440748696,0.31360548601404453,11,0,monotonic_transformed_decision_score_not_calibrated,0.45999999999999996,constraints_met,3,3,SVM,036ae0ab6da92d9606dcff9fd9fd5c0b3f773a13d71b4c1ff7d0186c3baaaa25,9eb1905b0d2d4dff99236976201e564cbe25ee258ba901ad38107c5c6b5846f0,True,0,1
GG0086,0,1,CVB0082,0.13387915308270404,0.17131578704934028,16,0,monotonic_transformed_decision_score_not_calibrated,0.45999999999999996,constraints_met,3,3,SVM,036ae0ab6da92d9606dcff9fd9fd5c0b3f773a13d71b4c1ff7d0186c3baaaa25,9eb1905b0d2d4dff99236976201e564cbe25ee258ba901ad38107c5c6b5846f0,True,0,1
GG0092,0,1,CVB0088,0.3125150448386573,0.3135065758083151,13,0,monotonic_transformed_decision_score_not_calibrated,0.45999999999999996,constraints_met,3,3,SVM,036ae0ab6da92d9606dcff9fd9fd5c0b3f773a13d71b4c1ff7d0186c3baaaa25,9eb1905b0d2d4dff99236976201e564cbe25ee258ba901ad38107c5c6b5846f0,True,0,1
GG0098,0,1,CVB0094,0.19462016098045637,0.2393442983763794,18,0,monotonic_transformed_decision_score_not_calibrated,0.45999999999999996,constraints_met,3,3,SVM,036ae0ab6da92d9606dcff9fd9fd5c0b3f773a13d71b4c1ff7d0186c3baaaa25,9eb1905b0d2d4dff99236976201e564cbe25ee258ba901ad38107c5c6b5846f0,True,0,1
GG0104,0,1,CVB0100,0.22002196178141717,0.25689846768430774,6,0,monotonic_transformed_decision_score_not_calibrated,0.45999999999999996,constraints_met,3,3,SVM,036ae0ab6da92d9606dcff9fd9fd5c0b3f773a13d71b4c1ff7d0186c3baaaa25,9eb1905b0d2d4dff99236976201e564cbe25ee258ba901ad38107c5c6b5846f0,True,0,1
GG0108,0,1,CVB0104,0.3654336636365734,0.3581295859072915,40,0,monotonic_transformed_decision_score_not_calibrated,0.45999999999999996,constraints_met,3,3,SVM,036ae0ab6da92d9606dcff9fd9fd5c0b3f773a13d71b4c1ff7d0186c3baaaa25,9eb1905b0d2d4dff99236976201e564cbe25ee258ba901ad38107c5c6b5846f0,True,0,1
GG0113,0,1,CVB0109,0.12290825798174404,0.13398556418957674,12,0,monotonic_transformed_decision_score_not_calibrated,0.45999999999999996,constraints_met,3,3,SVM,036ae0ab6da92d9606dcff9fd9fd5c0b3f773a13d71b4c1ff7d0186c3baaaa25,9eb1905b0d2d4dff99236976201e564cbe25ee258ba901ad38107c5c6b5846f0,True,0,1
GG0116,0,1,CVB0112,0.05710341991543032,0.06148439151333938,10,0,monotonic_transformed_decision_score_not_calibrated,0.45999999999999996,constraints_met,3,3,SVM,036ae0ab6da92d9606dcff9fd9fd5c0b3f773a13d71b4c1ff7d0186c3baaaa25,9eb1905b0d2d4dff99236976201e564cbe25ee258ba901ad38107c5c6b5846f0,True,0,1
GG0122,0,1,CVB0118,0.1726689881134815,0.19810113057311318,19,0,monotonic_transformed_decision_score_not_calibrated,0.45999999999999996,constraints_met,3,3,SVM,036ae0ab6da92d9606dcff9fd9fd5c0b3f773a13d71b4c1ff7d0186c3baaaa25,9eb1905b0d2d4dff99236976201e564cbe25ee258ba901ad38107c5c6b5846f0,True,0,1
GG0126,0,1,CVB0122,0.24008436549100198,0.23863964201173324,53,0,monotonic_transformed_decision_score_not_calibrated,0.45999999999999996,constraints_met,3,3,SVM,036ae0ab6da92d9606dcff9fd9fd5c0b3f773a13d71b4c1ff7d0186c3baaaa25,9eb1905b0d2d4dff99236976201e564cbe25ee258ba901ad38107c5c6b5846f0,True,0,1
GG0002,0,1,CVB0002,7.428010062911799e-09,0.02122951114451205,39,0,predict_proba,0.1,constraints_met,3,3,MLP,e3eb9d7a1c02457634ee9456d23fac64fe8bc9103cca2f0a19d9aec17effe746,9eb1905b0d2d4dff99236976201e564cbe25ee258ba901ad38107c5c6b5846f0,True,455,1
GG0005,0,1,CVB0005,0.022355790569573684,0.17127227737811596,55,0,predict_proba,0.1,constraints_met,3,3,MLP,e3eb9d7a1c02457634ee9456d23fac64fe8bc9103cca2f0a19d9aec17effe746,9eb1905b0d2d4dff99236976201e564cbe25ee258ba901ad38107c5c6b5846f0,True,455,1
GG0012,1,1,CVB0012,2.4943477011987203e-05,0.03484977150420807,28,0,predict_proba,0.1,constraints_met,3,3,MLP,e3eb9d7a1c02457634ee9456d23fac64fe8bc9103cca2f0a19d9aec17effe746,9eb1905b0d2d4dff99236976201e564cbe25ee258ba901ad38107c5c6b5846f0,True,455,1
GG0015,0,1,CVB0002,0.013794597070924475,0.40876014200070815,27,0,predict_proba,0.1,constraints_met,3,3,MLP,e3eb9d7a1c02457634ee9456d23fac64fe8bc9103cca2f0a19d9aec17effe746,9eb1905b0d2d4dff99236976201e564cbe25ee258ba901ad38107c5c6b5846f0,True,455,1
GG0019,0,1,CVB0017,5.130018896491652e-14,2.3230572844012506e-12,5,0,predict_proba,0.1,constraints_met,3,3,MLP,e3eb9d7a1c02457634ee9456d23fac64fe8bc9103cca2f0a19d9aec17effe746,9eb1905b0d2d4dff99236976201e564cbe25ee258ba901ad38107c5c6b5846f0,True,455,1
GG0027,0,1,CVB0024,6.404064164189371e-15,0.20997157887814108,14,0,predict_proba,0.1,constraints_met,3,3,MLP,e3eb9d7a1c02457634ee9456d23fac64fe8bc9103cca2f0a19d9aec17effe746,9eb1905b0d2d4dff99236976201e564cbe25ee258ba901ad38107c5c6b5846f0,True,455,1
GG0030,0,1,CVB0027,2.8722902348855972e-08,0.009603050746240512,59,0,predict_proba,0.1,constraints_met,3,3,MLP,e3eb9d7a1c02457634ee9456d23fac64fe8bc9103cca2f0a19d9aec17effe746,9eb1905b0d2d4dff99236976201e564cbe25ee258ba901ad38107c5c6b5846f0,True,455,1
GG0037,0,1,CVB0034,0.0011056414749032449,0.15801928951147576,6,0,predict_proba,0.1,constraints_met,3,3,MLP,e3eb9d7a1c02457634ee9456d23fac64fe8bc9103cca2f0a19d9aec17effe746,9eb1905b0d2d4dff99236976201e564cbe25ee258ba901ad38107c5c6b5846f0,True,455,1
GG0042,1,1,CVB0039,0.01443775685618993,0.066534014274329,7,0,predict_proba,0.1,constraints_met,3,3,MLP,e3eb9d7a1c02457634ee9456d23fac64fe8bc9103cca2f0a19d9aec17effe746,9eb1905b0d2d4dff99236976201e564cbe25ee258ba901ad38107c5c6b5846f0,True,455,1
GG0048,1,1,CVB0044,0.0003717957807790978,0.0008240703785288157,4,0,predict_proba,0.1,constraints_met,3,3,MLP,e3eb9d7a1c02457634ee9456d23fac64fe8bc9103cca2f0a19d9aec17effe746,9eb1905b0d2d4dff99236976201e564cbe25ee258ba901ad38107c5c6b5846f0,True,455,1
GG0054,1,1,CVB0050,0.8395344194275488,0.5730751312457955,21,1,predict_proba,0.1,constraints_met,3,3,MLP,e3eb9d7a1c02457634ee9456d23fac64fe8bc9103cca2f0a19d9aec17effe746,9eb1905b0d2d4dff99236976201e564cbe25ee258ba901ad38107c5c6b5846f0,True,455,1
GG0058,1,1,CVB0054,0.4642440953264301,0.4283962968127814,7,1,predict_proba,0.1,constraints_met,3,3,MLP,e3eb9d7a1c02457634ee9456d23fac64fe8bc9103cca2f0a19d9aec17effe746,9eb1905b0d2d4dff99236976201e564cbe25ee258ba901ad38107c5c6b5846f0,True,455,1
GG0065,0,1,CVB0061,1.4220709531445033e-10,4.4286443157193595e-08,11,0,predict_proba,0.1,constraints_met,3,3,MLP,e3eb9d7a1c02457634ee9456d23fac64fe8bc9103cca2f0a19d9aec17effe746,9eb1905b0d2d4dff99236976201e564cbe25ee258ba901ad38107c5c6b5846f0,True,455,1
GG0072,0,1,CVB0068,0.04144621281152485,0.3785527878582598,8,0,predict_proba,0.1,constraints_met,3,3,MLP,e3eb9d7a1c02457634ee9456d23fac64fe8bc9103cca2f0a19d9aec17effe746,9eb1905b0d2d4dff99236976201e564cbe25ee258ba901ad38107c5c6b5846f0,True,455,1
GG0077,0,1,CVB0073,7.930073744809516e-34,7.420480493327156e-32,15,0,predict_proba,0.1,constraints_met,3,3,MLP,e3eb9d7a1c02457634ee9456d23fac64fe8bc9103cca2f0a19d9aec17effe746,9eb1905b0d2d4dff99236976201e564cbe25ee258ba901ad38107c5c6b5846f0,True,455,1
GG0082,0,1,CVB0078,8.872557427245127e-07,3.980032002609757e-05,11,0,predict_proba,0.1,constraints_met,3,3,MLP,e3eb9d7a1c02457634ee9456d23fac64fe8bc9103cca2f0a19d9aec17effe746,9eb1905b0d2d4dff99236976201e564cbe25ee258ba901ad38107c5c6b5846f0,True,455,1
GG0086,0,1,CVB0082,2.659478741133282e-11,0.01927436270801182,16,0,predict_proba,0.1,constraints_met,3,3,MLP,e3eb9d7a1c02457634ee9456d23fac64fe8bc9103cca2f0a19d9aec17effe746,9eb1905b0d2d4dff99236976201e564cbe25ee258ba901ad38107c5c6b5846f0,True,455,1
GG0092,0,1,CVB0088,0.001918969172677486,0.08523597178043993,13,0,predict_proba,0.1,constraints_met,3,3,MLP,e3eb9d7a1c02457634ee9456d23fac64fe8bc9103cca2f0a19d9aec17effe746,9eb1905b0d2d4dff99236976201e564cbe25ee258ba901ad38107c5c6b5846f0,True,455,1
GG0098,0,1,CVB0094,0.0021465688620191845,0.13631228892093544,18,0,predict_proba,0.1,constraints_met,3,3,MLP,e3eb9d7a1c02457634ee9456d23fac64fe8bc9103cca2f0a19d9aec17effe746,9eb1905b0d2d4dff99236976201e564cbe25ee258ba901ad38107c5c6b5846f0,True,455,1
GG0104,0,1,CVB0100,1.1961253793251027e-23,0.00023214776897661975,6,0,predict_proba,0.1,constraints_met,3,3,MLP,e3eb9d7a1c02457634ee9456d23fac64fe8bc9103cca2f0a19d9aec17effe746,9eb1905b0d2d4dff99236976201e564cbe25ee258ba901ad38107c5c6b5846f0,True,455,1
GG0108,0,1,CVB0104,6.351144890203406e-06,0.03919226719330963,40,0,predict_proba,0.1,constraints_met,3,3,MLP,e3eb9d7a1c02457634ee9456d23fac64fe8bc9103cca2f0a19d9aec17effe746,9eb1905b0d2d4dff99236976201e564cbe25ee258ba901ad38107c5c6b5846f0,True,455,1
GG0113,0,1,CVB0109,4.389412970751923e-08,3.115017293982941e-07,12,0,predict_proba,0.1,constraints_met,3,3,MLP,e3eb9d7a1c02457634ee9456d23fac64fe8bc9103cca2f0a19d9aec17effe746,9eb1905b0d2d4dff99236976201e564cbe25ee258ba901ad38107c5c6b5846f0,True,455,1
GG0116,0,1,CVB0112,4.643518646922495e-14,1.516408272747185e-13,10,0,predict_proba,0.1,constraints_met,3,3,MLP,e3eb9d7a1c02457634ee9456d23fac64fe8bc9103cca2f0a19d9aec17effe746,9eb1905b0d2d4dff99236976201e564cbe25ee258ba901ad38107c5c6b5846f0,True,455,1
GG0122,0,1,CVB0118,7.929961390333881e-10,5.658660264048705e-07,19,0,predict_proba,0.1,constraints_met,3,3,MLP,e3eb9d7a1c02457634ee9456d23fac64fe8bc9103cca2f0a19d9aec17effe746,9eb1905b0d2d4dff99236976201e564cbe25ee258ba901ad38107c5c6b5846f0,True,455,1
GG0126,0,1,CVB0122,0.005806984526206583,0.14081719358969466,53,0,predict_proba,0.1,constraints_met,3,3,MLP,e3eb9d7a1c02457634ee9456d23fac64fe8bc9103cca2f0a19d9aec17effe746,9eb1905b0d2d4dff99236976201e564cbe25ee258ba901ad38107c5c6b5846f0,True,455,1
GG0002,0,1,CVB0002,0.002056105062365532,0.031029250971653547,39,0,predict_proba,0.345,constraints_met,3,3,XGBoost,fa918013c1409dc959ee826802f97650202fb62bb6eb8e25b1ec88c78be5c93e,9eb1905b0d2d4dff99236976201e564cbe25ee258ba901ad38107c5c6b5846f0,True,0,1
GG0005,0,1,CVB0005,0.279457688331604,0.3385984114879234,55,0,predict_proba,0.345,constraints_met,3,3,XGBoost,fa918013c1409dc959ee826802f97650202fb62bb6eb8e25b1ec88c78be5c93e,9eb1905b0d2d4dff99236976201e564cbe25ee258ba901ad38107c5c6b5846f0,True,0,1
GG0012,1,1,CVB0012,0.038097696378827095,0.0922450437293654,28,0,predict_proba,0.345,constraints_met,3,3,XGBoost,fa918013c1409dc959ee826802f97650202fb62bb6eb8e25b1ec88c78be5c93e,9eb1905b0d2d4dff99236976201e564cbe25ee258ba901ad38107c5c6b5846f0,True,0,1
GG0015,0,1,CVB0002,0.037729036062955856,0.273697790776,27,0,predict_proba,0.345,constraints_met,3,3,XGBoost,fa918013c1409dc959ee826802f97650202fb62bb6eb8e25b1ec88c78be5c93e,9eb1905b0d2d4dff99236976201e564cbe25ee258ba901ad38107c5c6b5846f0,True,0,1
GG0019,0,1,CVB0017,0.00037814336246810853,0.0006084018663386814,5,0,predict_proba,0.345,constraints_met,3,3,XGBoost,fa918013c1409dc959ee826802f97650202fb62bb6eb8e25b1ec88c78be5c93e,9eb1905b0d2d4dff99236976201e564cbe25ee258ba901ad38107c5c6b5846f0,True,0,1
GG0027,0,1,CVB0024,0.001821089768782258,0.2065731617162133,14,0,predict_proba,0.345,constraints_met,3,3,XGBoost,fa918013c1409dc959ee826802f97650202fb62bb6eb8e25b1ec88c78be5c93e,9eb1905b0d2d4dff99236976201e564cbe25ee258ba901ad38107c5c6b5846f0,True,0,1
GG0030,0,1,CVB0027,0.003899628296494484,0.023072412321323746,59,0,predict_proba,0.345,constraints_met,3,3,XGBoost,fa918013c1409dc959ee826802f97650202fb62bb6eb8e25b1ec88c78be5c93e,9eb1905b0d2d4dff99236976201e564cbe25ee258ba901ad38107c5c6b5846f0,True,0,1
GG0037,0,1,CVB0034,0.002303268469404429,0.15671808097007064,6,0,predict_proba,0.345,constraints_met,3,3,XGBoost,fa918013c1409dc959ee826802f97650202fb62bb6eb8e25b1ec88c78be5c93e,9eb1905b0d2d4dff99236976201e564cbe25ee258ba901ad38107c5c6b5846f0,True,0,1
GG0042,1,1,CVB0039,0.18184363842010498,0.23541471867689065,7,0,predict_proba,0.345,constraints_met,3,3,XGBoost,fa918013c1409dc959ee826802f97650202fb62bb6eb8e25b1ec88c78be5c93e,9eb1905b0d2d4dff99236976201e564cbe25ee258ba901ad38107c5c6b5846f0,True,0,1
GG0048,1,1,CVB0044,0.006561941234394908,0.015441126859514043,4,0,predict_proba,0.345,constraints_met,3,3,XGBoost,fa918013c1409dc959ee826802f97650202fb62bb6eb8e25b1ec88c78be5c93e,9eb1905b0d2d4dff99236976201e564cbe25ee258ba901ad38107c5c6b5846f0,True,0,1
GG0054,1,1,CVB0050,0.7343222498893738,0.6442719064209432,21,1,predict_proba,0.345,constraints_met,3,3,XGBoost,fa918013c1409dc959ee826802f97650202fb62bb6eb8e25b1ec88c78be5c93e,9eb1905b0d2d4dff99236976201e564cbe25ee258ba901ad38107c5c6b5846f0,True,0,1
GG0058,1,1,CVB0054,0.4057798385620117,0.5642738257135663,7,1,predict_proba,0.345,constraints_met,3,3,XGBoost,fa918013c1409dc959ee826802f97650202fb62bb6eb8e25b1ec88c78be5c93e,9eb1905b0d2d4dff99236976201e564cbe25ee258ba901ad38107c5c6b5846f0,True,0,1
GG0065,0,1,CVB0061,0.0002668546512722969,0.000382307150589027,11,0,predict_proba,0.345,constraints_met,3,3,XGBoost,fa918013c1409dc959ee826802f97650202fb62bb6eb8e25b1ec88c78be5c93e,9eb1905b0d2d4dff99236976201e564cbe25ee258ba901ad38107c5c6b5846f0,True,0,1
GG0072,0,1,CVB0068,0.1263413242995739,0.2746747295605019,8,0,predict_proba,0.345,constraints_met,3,3,XGBoost,fa918013c1409dc959ee826802f97650202fb62bb6eb8e25b1ec88c78be5c93e,9eb1905b0d2d4dff99236976201e564cbe25ee258ba901ad38107c5c6b5846f0,True,0,1
GG0077,0,1,CVB0073,0.007353963330388069,0.011012052418664098,15,0,predict_proba,0.345,constraints_met,3,3,XGBoost,fa918013c1409dc959ee826802f97650202fb62bb6eb8e25b1ec88c78be5c93e,9eb1905b0d2d4dff99236976201e564cbe25ee258ba901ad38107c5c6b5846f0,True,0,1
GG0082,0,1,CVB0078,0.009452522732317448,0.018682383741675454,11,0,predict_proba,0.345,constraints_met,3,3,XGBoost,fa918013c1409dc959ee826802f97650202fb62bb6eb8e25b1ec88c78be5c93e,9eb1905b0d2d4dff99236976201e564cbe25ee258ba901ad38107c5c6b5846f0,True,0,1
GG0086,0,1,CVB0082,0.00040637317579239607,0.02335112204377765,16,0,predict_proba,0.345,constraints_met,3,3,XGBoost,fa918013c1409dc959ee826802f97650202fb62bb6eb8e25b1ec88c78be5c93e,9eb1905b0d2d4dff99236976201e564cbe25ee258ba901ad38107c5c6b5846f0,True,0,1
GG0092,0,1,CVB0088,0.08845192193984985,0.14563647012871045,13,0,predict_proba,0.345,constraints_met,3,3,XGBoost,fa918013c1409dc959ee826802f97650202fb62bb6eb8e25b1ec88c78be5c93e,9eb1905b0d2d4dff99236976201e564cbe25ee258ba901ad38107c5c6b5846f0,True,0,1
GG0098,0,1,CVB0094,0.014315650332719088,0.07754909045737197,18,0,predict_proba,0.345,constraints_met,3,3,XGBoost,fa918013c1409dc959ee826802f97650202fb62bb6eb8e25b1ec88c78be5c93e,9eb1905b0d2d4dff99236976201e564cbe25ee258ba901ad38107c5c6b5846f0,True,0,1
GG0104,0,1,CVB0100,0.03348454646766186,0.0775928480240206,6,0,predict_proba,0.345,constraints_met,3,3,XGBoost,fa918013c1409dc959ee826802f97650202fb62bb6eb8e25b1ec88c78be5c93e,9eb1905b0d2d4dff99236976201e564cbe25ee258ba901ad38107c5c6b5846f0,True,0,1
GG0108,0,1,CVB0104,0.0004791768005816266,0.014128970856654632,40,0,predict_proba,0.345,constraints_met,3,3,XGBoost,fa918013c1409dc959ee826802f97650202fb62bb6eb8e25b1ec88c78be5c93e,9eb1905b0d2d4dff99236976201e564cbe25ee258ba901ad38107c5c6b5846f0,True,0,1
GG0113,0,1,CVB0109,0.0004743271565530449,0.0006014173971683098,12,0,predict_proba,0.345,constraints_met,3,3,XGBoost,fa918013c1409dc959ee826802f97650202fb62bb6eb8e25b1ec88c78be5c93e,9eb1905b0d2d4dff99236976201e564cbe25ee258ba901ad38107c5c6b5846f0,True,0,1
GG0116,0,1,CVB0112,1.851878550951369e-05,2.4968248180812224e-05,10,0,predict_proba,0.345,constraints_met,3,3,XGBoost,fa918013c1409dc959ee826802f97650202fb62bb6eb8e25b1ec88c78be5c93e,9eb1905b0d2d4dff99236976201e564cbe25ee258ba901ad38107c5c6b5846f0,True,0,1
GG0122,0,1,CVB0118,0.0007306314655579627,0.0011492493220813277,19,0,predict_proba,0.345,constraints_met,3,3,XGBoost,fa918013c1409dc959ee826802f97650202fb62bb6eb8e25b1ec88c78be5c93e,9eb1905b0d2d4dff99236976201e564cbe25ee258ba901ad38107c5c6b5846f0,True,0,1
GG0126,0,1,CVB0122,0.004697872791439295,0.01804006850854318,53,0,predict_proba,0.345,constraints_met,3,3,XGBoost,fa918013c1409dc959ee826802f97650202fb62bb6eb8e25b1ec88c78be5c93e,9eb1905b0d2d4dff99236976201e564cbe25ee258ba901ad38107c5c6b5846f0,True,0,1
GG0003,1,1,CVB0003,0.6124005917616723,0.5737976919618489,25,1,predict_proba,0.45999999999999996,constraints_met,3,4,RF,a5a3818f75300e7f9b4e16ac8301394914e754667cc89b35d518b47853b32d4d,9eb1905b0d2d4dff99236976201e564cbe25ee258ba901ad38107c5c6b5846f0,True,0,1
GG0006,0,1,CVB0006,0.41457901246125956,0.4140734440888158,10,0,predict_proba,0.45999999999999996,constraints_met,3,4,RF,a5a3818f75300e7f9b4e16ac8301394914e754667cc89b35d518b47853b32d4d,9eb1905b0d2d4dff99236976201e564cbe25ee258ba901ad38107c5c6b5846f0,True,0,1
GG0014,1,1,CVB0014,0.31292013909528094,0.30492232025540844,15,0,predict_proba,0.45999999999999996,constraints_met,3,4,RF,a5a3818f75300e7f9b4e16ac8301394914e754667cc89b35d518b47853b32d4d,9eb1905b0d2d4dff99236976201e564cbe25ee258ba901ad38107c5c6b5846f0,True,0,1
GG0020,1,1,CVB0018,0.5001335966782342,0.4983884524689857,9,1,predict_proba,0.45999999999999996,constraints_met,3,4,RF,a5a3818f75300e7f9b4e16ac8301394914e754667cc89b35d518b47853b32d4d,9eb1905b0d2d4dff99236976201e564cbe25ee258ba901ad38107c5c6b5846f0,True,0,1
GG0024,0,1,CVB0021,0.33317213368002485,0.30186833607121466,20,0,predict_proba,0.45999999999999996,constraints_met,3,4,RF,a5a3818f75300e7f9b4e16ac8301394914e754667cc89b35d518b47853b32d4d,9eb1905b0d2d4dff99236976201e564cbe25ee258ba901ad38107c5c6b5846f0,True,0,1
GG0031,0,1,CVB0028,0.08182403230317646,0.1296381423647099,4,0,predict_proba,0.45999999999999996,constraints_met,3,4,RF,a5a3818f75300e7f9b4e16ac8301394914e754667cc89b35d518b47853b32d4d,9eb1905b0d2d4dff99236976201e564cbe25ee258ba901ad38107c5c6b5846f0,True,0,1
GG0039,0,1,CVB0036,0.3238567364114015,0.3352945511947974,107,0,predict_proba,0.45999999999999996,constraints_met,3,4,RF,a5a3818f75300e7f9b4e16ac8301394914e754667cc89b35d518b47853b32d4d,9eb1905b0d2d4dff99236976201e564cbe25ee258ba901ad38107c5c6b5846f0,True,0,1
GG0043,1,1,CVB0040,0.6835598746481214,0.6568646142256706,6,1,predict_proba,0.45999999999999996,constraints_met,3,4,RF,a5a3818f75300e7f9b4e16ac8301394914e754667cc89b35d518b47853b32d4d,9eb1905b0d2d4dff99236976201e564cbe25ee258ba901ad38107c5c6b5846f0,True,0,1
GG0050,1,1,CVB0046,0.6369957373456635,0.6422861368229095,6,1,predict_proba,0.45999999999999996,constraints_met,3,4,RF,a5a3818f75300e7f9b4e16ac8301394914e754667cc89b35d518b47853b32d4d,9eb1905b0d2d4dff99236976201e564cbe25ee258ba901ad38107c5c6b5846f0,True,0,1
GG0052,1,1,CVB0048,0.6316911411825353,0.6994835880513562,3,1,predict_proba,0.45999999999999996,constraints_met,3,4,RF,a5a3818f75300e7f9b4e16ac8301394914e754667cc89b35d518b47853b32d4d,9eb1905b0d2d4dff99236976201e564cbe25ee258ba901ad38107c5c6b5846f0,True,0,1
GG0059,1,1,CVB0055,0.5434785783231257,0.5867263566058555,15,1,predict_proba,0.45999999999999996,constraints_met,3,4,RF,a5a3818f75300e7f9b4e16ac8301394914e754667cc89b35d518b47853b32d4d,9eb1905b0d2d4dff99236976201e564cbe25ee258ba901ad38107c5c6b5846f0,True,0,1
GG0066,0,1,CVB0062,0.47448014056766846,0.4751012001536612,3,1,predict_proba,0.45999999999999996,constraints_met,3,4,RF,a5a3818f75300e7f9b4e16ac8301394914e754667cc89b35d518b47853b32d4d,9eb1905b0d2d4dff99236976201e564cbe25ee258ba901ad38107c5c6b5846f0,True,0,1
GG0068,0,1,CVB0064,0.25465024814470016,0.2552202943571603,5,0,predict_proba,0.45999999999999996,constraints_met,3,4,RF,a5a3818f75300e7f9b4e16ac8301394914e754667cc89b35d518b47853b32d4d,9eb1905b0d2d4dff99236976201e564cbe25ee258ba901ad38107c5c6b5846f0,True,0,1
GG0076,0,1,CVB0072,0.7756095620890648,0.7796712923929144,6,1,predict_proba,0.45999999999999996,constraints_met,3,4,RF,a5a3818f75300e7f9b4e16ac8301394914e754667cc89b35d518b47853b32d4d,9eb1905b0d2d4dff99236976201e564cbe25ee258ba901ad38107c5c6b5846f0,True,0,1
GG0080,0,1,CVB0076,0.08116209658807186,0.08335162145178003,6,0,predict_proba,0.45999999999999996,constraints_met,3,4,RF,a5a3818f75300e7f9b4e16ac8301394914e754667cc89b35d518b47853b32d4d,9eb1905b0d2d4dff99236976201e564cbe25ee258ba901ad38107c5c6b5846f0,True,0,1
GG0085,0,1,CVB0081,0.5707648962623707,0.5781185989237985,8,1,predict_proba,0.45999999999999996,constraints_met,3,4,RF,a5a3818f75300e7f9b4e16ac8301394914e754667cc89b35d518b47853b32d4d,9eb1905b0d2d4dff99236976201e564cbe25ee258ba901ad38107c5c6b5846f0,True,0,1
GG0093,0,1,CVB0089,0.2369482917894587,0.37974499001773276,21,0,predict_proba,0.45999999999999996,constraints_met,3,4,RF,a5a3818f75300e7f9b4e16ac8301394914e754667cc89b35d518b47853b32d4d,9eb1905b0d2d4dff99236976201e564cbe25ee258ba901ad38107c5c6b5846f0,True,0,1
GG0096,0,1,CVB0092,0.7390569800119883,0.7328995188581431,9,1,predict_proba,0.45999999999999996,constraints_met,3,4,RF,a5a3818f75300e7f9b4e16ac8301394914e754667cc89b35d518b47853b32d4d,9eb1905b0d2d4dff99236976201e564cbe25ee258ba901ad38107c5c6b5846f0,True,0,1
GG0101,0,1,CVB0097,0.0,0.0017493447639628276,5,0,predict_proba,0.45999999999999996,constraints_met,3,4,RF,a5a3818f75300e7f9b4e16ac8301394914e754667cc89b35d518b47853b32d4d,9eb1905b0d2d4dff99236976201e564cbe25ee258ba901ad38107c5c6b5846f0,True,0,1
GG0109,0,1,CVB0105,0.29695580814993516,0.2727799175078276,9,0,predict_proba,0.45999999999999996,constraints_met,3,4,RF,a5a3818f75300e7f9b4e16ac8301394914e754667cc89b35d518b47853b32d4d,9eb1905b0d2d4dff99236976201e564cbe25ee258ba901ad38107c5c6b5846f0,True,0,1
GG0114,0,1,CVB0110,0.2783956227760961,0.2745793816645873,16,0,predict_proba,0.45999999999999996,constraints_met,3,4,RF,a5a3818f75300e7f9b4e16ac8301394914e754667cc89b35d518b47853b32d4d,9eb1905b0d2d4dff99236976201e564cbe25ee258ba901ad38107c5c6b5846f0,True,0,1
GG0117,0,1,CVB0113,0.00267639902676399,0.007021775114043894,26,0,predict_proba,0.45999999999999996,constraints_met,3,4,RF,a5a3818f75300e7f9b4e16ac8301394914e754667cc89b35d518b47853b32d4d,9eb1905b0d2d4dff99236976201e564cbe25ee258ba901ad38107c5c6b5846f0,True,0,1
GG0124,0,1,CVB0120,0.12488352488700598,0.1414723154368543,9,0,predict_proba,0.45999999999999996,constraints_met,3,4,RF,a5a3818f75300e7f9b4e16ac8301394914e754667cc89b35d518b47853b32d4d,9eb1905b0d2d4dff99236976201e564cbe25ee258ba901ad38107c5c6b5846f0,True,0,1
GG0128,0,1,CVB0124,0.29106223669207026,0.22037103355142587,5,0,predict_proba,0.45999999999999996,constraints_met,3,4,RF,a5a3818f75300e7f9b4e16ac8301394914e754667cc89b35d518b47853b32d4d,9eb1905b0d2d4dff99236976201e564cbe25ee258ba901ad38107c5c6b5846f0,True,0,1
GG0003,1,1,CVB0003,0.5951457642244389,0.5479122141010586,25,1,monotonic_transformed_decision_score_not_calibrated,0.405,constraints_met,3,4,SVM,28f14bd0af3ae3ab5deda2a149d94846c31c46d5cc3ff9c9b19de84dca2f79bf,9eb1905b0d2d4dff99236976201e564cbe25ee258ba901ad38107c5c6b5846f0,True,0,1
GG0006,0,1,CVB0006,0.5412039120904968,0.552794702248953,10,1,monotonic_transformed_decision_score_not_calibrated,0.405,constraints_met,3,4,SVM,28f14bd0af3ae3ab5deda2a149d94846c31c46d5cc3ff9c9b19de84dca2f79bf,9eb1905b0d2d4dff99236976201e564cbe25ee258ba901ad38107c5c6b5846f0,True,0,1
GG0014,1,1,CVB0014,0.2914431059076747,0.2884971434067339,15,0,monotonic_transformed_decision_score_not_calibrated,0.405,constraints_met,3,4,SVM,28f14bd0af3ae3ab5deda2a149d94846c31c46d5cc3ff9c9b19de84dca2f79bf,9eb1905b0d2d4dff99236976201e564cbe25ee258ba901ad38107c5c6b5846f0,True,0,1
GG0020,1,1,CVB0018,0.45629854262034725,0.4912483273597986,9,1,monotonic_transformed_decision_score_not_calibrated,0.405,constraints_met,3,4,SVM,28f14bd0af3ae3ab5deda2a149d94846c31c46d5cc3ff9c9b19de84dca2f79bf,9eb1905b0d2d4dff99236976201e564cbe25ee258ba901ad38107c5c6b5846f0,True,0,1
GG0024,0,1,CVB0021,0.4547578255173878,0.4238593354825689,20,1,monotonic_transformed_decision_score_not_calibrated,0.405,constraints_met,3,4,SVM,28f14bd0af3ae3ab5deda2a149d94846c31c46d5cc3ff9c9b19de84dca2f79bf,9eb1905b0d2d4dff99236976201e564cbe25ee258ba901ad38107c5c6b5846f0,True,0,1
GG0031,0,1,CVB0028,0.29229860413097186,0.3166148897513357,4,0,monotonic_transformed_decision_score_not_calibrated,0.405,constraints_met,3,4,SVM,28f14bd0af3ae3ab5deda2a149d94846c31c46d5cc3ff9c9b19de84dca2f79bf,9eb1905b0d2d4dff99236976201e564cbe25ee258ba901ad38107c5c6b5846f0,True,0,1
GG0039,0,1,CVB0036,0.3564044270676991,0.3469035573251735,107,0,monotonic_transformed_decision_score_not_calibrated,0.405,constraints_met,3,4,SVM,28f14bd0af3ae3ab5deda2a149d94846c31c46d5cc3ff9c9b19de84dca2f79bf,9eb1905b0d2d4dff99236976201e564cbe25ee258ba901ad38107c5c6b5846f0,True,0,1
GG0043,1,1,CVB0040,0.5477197447973144,0.5265208076401084,6,1,monotonic_transformed_decision_score_not_calibrated,0.405,constraints_met,3,4,SVM,28f14bd0af3ae3ab5deda2a149d94846c31c46d5cc3ff9c9b19de84dca2f79bf,9eb1905b0d2d4dff99236976201e564cbe25ee258ba901ad38107c5c6b5846f0,True,0,1
GG0050,1,1,CVB0046,0.5839980869982152,0.5648900626542693,6,1,monotonic_transformed_decision_score_not_calibrated,0.405,constraints_met,3,4,SVM,28f14bd0af3ae3ab5deda2a149d94846c31c46d5cc3ff9c9b19de84dca2f79bf,9eb1905b0d2d4dff99236976201e564cbe25ee258ba901ad38107c5c6b5846f0,True,0,1
GG0052,1,1,CVB0048,0.7540821657081771,0.7111533664045949,3,1,monotonic_transformed_decision_score_not_calibrated,0.405,constraints_met,3,4,SVM,28f14bd0af3ae3ab5deda2a149d94846c31c46d5cc3ff9c9b19de84dca2f79bf,9eb1905b0d2d4dff99236976201e564cbe25ee258ba901ad38107c5c6b5846f0,True,0,1
GG0059,1,1,CVB0055,0.6140400448452963,0.6260754470194042,15,1,monotonic_transformed_decision_score_not_calibrated,0.405,constraints_met,3,4,SVM,28f14bd0af3ae3ab5deda2a149d94846c31c46d5cc3ff9c9b19de84dca2f79bf,9eb1905b0d2d4dff99236976201e564cbe25ee258ba901ad38107c5c6b5846f0,True,0,1
GG0066,0,1,CVB0062,0.3643261964793429,0.359191290436258,3,0,monotonic_transformed_decision_score_not_calibrated,0.405,constraints_met,3,4,SVM,28f14bd0af3ae3ab5deda2a149d94846c31c46d5cc3ff9c9b19de84dca2f79bf,9eb1905b0d2d4dff99236976201e564cbe25ee258ba901ad38107c5c6b5846f0,True,0,1
GG0068,0,1,CVB0064,0.37701869405907923,0.35268847326224884,5,0,monotonic_transformed_decision_score_not_calibrated,0.405,constraints_met,3,4,SVM,28f14bd0af3ae3ab5deda2a149d94846c31c46d5cc3ff9c9b19de84dca2f79bf,9eb1905b0d2d4dff99236976201e564cbe25ee258ba901ad38107c5c6b5846f0,True,0,1
GG0076,0,1,CVB0072,0.5410546813836619,0.5350332006868646,6,1,monotonic_transformed_decision_score_not_calibrated,0.405,constraints_met,3,4,SVM,28f14bd0af3ae3ab5deda2a149d94846c31c46d5cc3ff9c9b19de84dca2f79bf,9eb1905b0d2d4dff99236976201e564cbe25ee258ba901ad38107c5c6b5846f0,True,0,1
GG0080,0,1,CVB0076,0.13093927145312284,0.13833646139246983,6,0,monotonic_transformed_decision_score_not_calibrated,0.405,constraints_met,3,4,SVM,28f14bd0af3ae3ab5deda2a149d94846c31c46d5cc3ff9c9b19de84dca2f79bf,9eb1905b0d2d4dff99236976201e564cbe25ee258ba901ad38107c5c6b5846f0,True,0,1
GG0085,0,1,CVB0081,0.6308162031706195,0.6269067519222181,8,1,monotonic_transformed_decision_score_not_calibrated,0.405,constraints_met,3,4,SVM,28f14bd0af3ae3ab5deda2a149d94846c31c46d5cc3ff9c9b19de84dca2f79bf,9eb1905b0d2d4dff99236976201e564cbe25ee258ba901ad38107c5c6b5846f0,True,0,1
GG0093,0,1,CVB0089,0.35168435829900674,0.3668049900995442,21,0,monotonic_transformed_decision_score_not_calibrated,0.405,constraints_met,3,4,SVM,28f14bd0af3ae3ab5deda2a149d94846c31c46d5cc3ff9c9b19de84dca2f79bf,9eb1905b0d2d4dff99236976201e564cbe25ee258ba901ad38107c5c6b5846f0,True,0,1
GG0096,0,1,CVB0092,0.777849755641344,0.767718515690627,9,1,monotonic_transformed_decision_score_not_calibrated,0.405,constraints_met,3,4,SVM,28f14bd0af3ae3ab5deda2a149d94846c31c46d5cc3ff9c9b19de84dca2f79bf,9eb1905b0d2d4dff99236976201e564cbe25ee258ba901ad38107c5c6b5846f0,True,0,1
GG0101,0,1,CVB0097,0.07039328202071583,0.07559061911734848,5,0,monotonic_transformed_decision_score_not_calibrated,0.405,constraints_met,3,4,SVM,28f14bd0af3ae3ab5deda2a149d94846c31c46d5cc3ff9c9b19de84dca2f79bf,9eb1905b0d2d4dff99236976201e564cbe25ee258ba901ad38107c5c6b5846f0,True,0,1
GG0109,0,1,CVB0105,0.29097483369750227,0.30900943908071044,9,0,monotonic_transformed_decision_score_not_calibrated,0.405,constraints_met,3,4,SVM,28f14bd0af3ae3ab5deda2a149d94846c31c46d5cc3ff9c9b19de84dca2f79bf,9eb1905b0d2d4dff99236976201e564cbe25ee258ba901ad38107c5c6b5846f0,True,0,1
GG0114,0,1,CVB0110,0.46001070101351793,0.4516731517319161,16,1,monotonic_transformed_decision_score_not_calibrated,0.405,constraints_met,3,4,SVM,28f14bd0af3ae3ab5deda2a149d94846c31c46d5cc3ff9c9b19de84dca2f79bf,9eb1905b0d2d4dff99236976201e564cbe25ee258ba901ad38107c5c6b5846f0,True,0,1
GG0117,0,1,CVB0113,0.08621962943026999,0.08786220847574697,26,0,monotonic_transformed_decision_score_not_calibrated,0.405,constraints_met,3,4,SVM,28f14bd0af3ae3ab5deda2a149d94846c31c46d5cc3ff9c9b19de84dca2f79bf,9eb1905b0d2d4dff99236976201e564cbe25ee258ba901ad38107c5c6b5846f0,True,0,1
GG0124,0,1,CVB0120,0.22654896648189934,0.23618535214628722,9,0,monotonic_transformed_decision_score_not_calibrated,0.405,constraints_met,3,4,SVM,28f14bd0af3ae3ab5deda2a149d94846c31c46d5cc3ff9c9b19de84dca2f79bf,9eb1905b0d2d4dff99236976201e564cbe25ee258ba901ad38107c5c6b5846f0,True,0,1
GG0128,0,1,CVB0124,0.5060143957576646,0.3839653115792322,5,1,monotonic_transformed_decision_score_not_calibrated,0.405,constraints_met,3,4,SVM,28f14bd0af3ae3ab5deda2a149d94846c31c46d5cc3ff9c9b19de84dca2f79bf,9eb1905b0d2d4dff99236976201e564cbe25ee258ba901ad38107c5c6b5846f0,True,0,1
GG0003,1,1,CVB0003,0.6122027293107274,0.5382549697875827,25,1,predict_proba,0.10500000000000001,constraints_met,3,4,MLP,c449e1a278d6cac7e0960dff62ea898bc193e2cdceaa5f9362a0fd01c1d9225e,9eb1905b0d2d4dff99236976201e564cbe25ee258ba901ad38107c5c6b5846f0,True,191,1
GG0006,0,1,CVB0006,0.9859292189894568,0.7218286699111982,10,1,predict_proba,0.10500000000000001,constraints_met,3,4,MLP,c449e1a278d6cac7e0960dff62ea898bc193e2cdceaa5f9362a0fd01c1d9225e,9eb1905b0d2d4dff99236976201e564cbe25ee258ba901ad38107c5c6b5846f0,True,191,1
GG0014,1,1,CVB0014,0.004403036796762356,0.08894725240720591,15,0,predict_proba,0.10500000000000001,constraints_met,3,4,MLP,c449e1a278d6cac7e0960dff62ea898bc193e2cdceaa5f9362a0fd01c1d9225e,9eb1905b0d2d4dff99236976201e564cbe25ee258ba901ad38107c5c6b5846f0,True,191,1
GG0020,1,1,CVB0018,0.9179387390250217,0.708799782873188,9,1,predict_proba,0.10500000000000001,constraints_met,3,4,MLP,c449e1a278d6cac7e0960dff62ea898bc193e2cdceaa5f9362a0fd01c1d9225e,9eb1905b0d2d4dff99236976201e564cbe25ee258ba901ad38107c5c6b5846f0,True,191,1
GG0024,0,1,CVB0021,0.007484442927236417,0.25843356854496097,20,0,predict_proba,0.10500000000000001,constraints_met,3,4,MLP,c449e1a278d6cac7e0960dff62ea898bc193e2cdceaa5f9362a0fd01c1d9225e,9eb1905b0d2d4dff99236976201e564cbe25ee258ba901ad38107c5c6b5846f0,True,191,1
GG0031,0,1,CVB0028,1.543918300082804e-05,0.008922091236115134,4,0,predict_proba,0.10500000000000001,constraints_met,3,4,MLP,c449e1a278d6cac7e0960dff62ea898bc193e2cdceaa5f9362a0fd01c1d9225e,9eb1905b0d2d4dff99236976201e564cbe25ee258ba901ad38107c5c6b5846f0,True,191,1
GG0039,0,1,CVB0036,0.3306651329684218,0.44791989526624487,107,1,predict_proba,0.10500000000000001,constraints_met,3,4,MLP,c449e1a278d6cac7e0960dff62ea898bc193e2cdceaa5f9362a0fd01c1d9225e,9eb1905b0d2d4dff99236976201e564cbe25ee258ba901ad38107c5c6b5846f0,True,191,1
GG0043,1,1,CVB0040,0.9995474792160549,0.9972162385917321,6,1,predict_proba,0.10500000000000001,constraints_met,3,4,MLP,c449e1a278d6cac7e0960dff62ea898bc193e2cdceaa5f9362a0fd01c1d9225e,9eb1905b0d2d4dff99236976201e564cbe25ee258ba901ad38107c5c6b5846f0,True,191,1
GG0050,1,1,CVB0046,0.9999478858768993,0.9034214636579332,6,1,predict_proba,0.10500000000000001,constraints_met,3,4,MLP,c449e1a278d6cac7e0960dff62ea898bc193e2cdceaa5f9362a0fd01c1d9225e,9eb1905b0d2d4dff99236976201e564cbe25ee258ba901ad38107c5c6b5846f0,True,191,1
GG0052,1,1,CVB0048,0.9953069132909078,0.9769591541991723,3,1,predict_proba,0.10500000000000001,constraints_met,3,4,MLP,c449e1a278d6cac7e0960dff62ea898bc193e2cdceaa5f9362a0fd01c1d9225e,9eb1905b0d2d4dff99236976201e564cbe25ee258ba901ad38107c5c6b5846f0,True,191,1
GG0059,1,1,CVB0055,0.8501081803968138,0.5844428684898637,15,1,predict_proba,0.10500000000000001,constraints_met,3,4,MLP,c449e1a278d6cac7e0960dff62ea898bc193e2cdceaa5f9362a0fd01c1d9225e,9eb1905b0d2d4dff99236976201e564cbe25ee258ba901ad38107c5c6b5846f0,True,191,1
GG0066,0,1,CVB0062,0.06294249044440053,0.06315625333500485,3,0,predict_proba,0.10500000000000001,constraints_met,3,4,MLP,c449e1a278d6cac7e0960dff62ea898bc193e2cdceaa5f9362a0fd01c1d9225e,9eb1905b0d2d4dff99236976201e564cbe25ee258ba901ad38107c5c6b5846f0,True,191,1
GG0068,0,1,CVB0064,0.0023367400427173925,0.003925816771414728,5,0,predict_proba,0.10500000000000001,constraints_met,3,4,MLP,c449e1a278d6cac7e0960dff62ea898bc193e2cdceaa5f9362a0fd01c1d9225e,9eb1905b0d2d4dff99236976201e564cbe25ee258ba901ad38107c5c6b5846f0,True,191,1
GG0076,0,1,CVB0072,0.9972463412756702,0.9936427303029157,6,1,predict_proba,0.10500000000000001,constraints_met,3,4,MLP,c449e1a278d6cac7e0960dff62ea898bc193e2cdceaa5f9362a0fd01c1d9225e,9eb1905b0d2d4dff99236976201e564cbe25ee258ba901ad38107c5c6b5846f0,True,191,1
GG0080,0,1,CVB0076,7.233647176204481e-11,1.7234194868074e-10,6,0,predict_proba,0.10500000000000001,constraints_met,3,4,MLP,c449e1a278d6cac7e0960dff62ea898bc193e2cdceaa5f9362a0fd01c1d9225e,9eb1905b0d2d4dff99236976201e564cbe25ee258ba901ad38107c5c6b5846f0,True,191,1
GG0085,0,1,CVB0081,1.6660534592797918e-06,4.030589202158562e-06,8,0,predict_proba,0.10500000000000001,constraints_met,3,4,MLP,c449e1a278d6cac7e0960dff62ea898bc193e2cdceaa5f9362a0fd01c1d9225e,9eb1905b0d2d4dff99236976201e564cbe25ee258ba901ad38107c5c6b5846f0,True,191,1
GG0093,0,1,CVB0089,0.000581507705713231,0.2656295514011838,21,0,predict_proba,0.10500000000000001,constraints_met,3,4,MLP,c449e1a278d6cac7e0960dff62ea898bc193e2cdceaa5f9362a0fd01c1d9225e,9eb1905b0d2d4dff99236976201e564cbe25ee258ba901ad38107c5c6b5846f0,True,191,1
GG0096,0,1,CVB0092,0.9944919040277582,0.9496054056775611,9,1,predict_proba,0.10500000000000001,constraints_met,3,4,MLP,c449e1a278d6cac7e0960dff62ea898bc193e2cdceaa5f9362a0fd01c1d9225e,9eb1905b0d2d4dff99236976201e564cbe25ee258ba901ad38107c5c6b5846f0,True,191,1
GG0101,0,1,CVB0097,4.769669631067384e-10,3.8712044831369e-07,5,0,predict_proba,0.10500000000000001,constraints_met,3,4,MLP,c449e1a278d6cac7e0960dff62ea898bc193e2cdceaa5f9362a0fd01c1d9225e,9eb1905b0d2d4dff99236976201e564cbe25ee258ba901ad38107c5c6b5846f0,True,191,1
GG0109,0,1,CVB0105,4.4796479485547987e-13,0.11100842108852887,9,0,predict_proba,0.10500000000000001,constraints_met,3,4,MLP,c449e1a278d6cac7e0960dff62ea898bc193e2cdceaa5f9362a0fd01c1d9225e,9eb1905b0d2d4dff99236976201e564cbe25ee258ba901ad38107c5c6b5846f0,True,191,1
GG0114,0,1,CVB0110,0.6399796913933122,0.5089811673053857,16,1,predict_proba,0.10500000000000001,constraints_met,3,4,MLP,c449e1a278d6cac7e0960dff62ea898bc193e2cdceaa5f9362a0fd01c1d9225e,9eb1905b0d2d4dff99236976201e564cbe25ee258ba901ad38107c5c6b5846f0,True,191,1
GG0117,0,1,CVB0113,7.355927405938294e-11,8.580562310442678e-08,26,0,predict_proba,0.10500000000000001,constraints_met,3,4,MLP,c449e1a278d6cac7e0960dff62ea898bc193e2cdceaa5f9362a0fd01c1d9225e,9eb1905b0d2d4dff99236976201e564cbe25ee258ba901ad38107c5c6b5846f0,True,191,1
GG0124,0,1,CVB0120,3.234138664823898e-07,0.00778806450250717,9,0,predict_proba,0.10500000000000001,constraints_met,3,4,MLP,c449e1a278d6cac7e0960dff62ea898bc193e2cdceaa5f9362a0fd01c1d9225e,9eb1905b0d2d4dff99236976201e564cbe25ee258ba901ad38107c5c6b5846f0,True,191,1
GG0128,0,1,CVB0124,0.013588719928532429,0.10801408362706319,5,0,predict_proba,0.10500000000000001,constraints_met,3,4,MLP,c449e1a278d6cac7e0960dff62ea898bc193e2cdceaa5f9362a0fd01c1d9225e,9eb1905b0d2d4dff99236976201e564cbe25ee258ba901ad38107c5c6b5846f0,True,191,1
GG0003,1,1,CVB0003,0.7506439089775085,0.6383877964317799,25,1,predict_proba,0.5,constraints_met,3,4,XGBoost,9abda8600d43251c251722bc0e6d5dceaead9da1a359ba4bd8a06cbb5ed10078,9eb1905b0d2d4dff99236976201e564cbe25ee258ba901ad38107c5c6b5846f0,True,0,1
GG0006,0,1,CVB0006,0.3136347085237503,0.46234011128544805,10,0,predict_proba,0.5,constraints_met,3,4,XGBoost,9abda8600d43251c251722bc0e6d5dceaead9da1a359ba4bd8a06cbb5ed10078,9eb1905b0d2d4dff99236976201e564cbe25ee258ba901ad38107c5c6b5846f0,True,0,1
GG0014,1,1,CVB0014,0.1401960849761963,0.13375921435654164,15,0,predict_proba,0.5,constraints_met,3,4,XGBoost,9abda8600d43251c251722bc0e6d5dceaead9da1a359ba4bd8a06cbb5ed10078,9eb1905b0d2d4dff99236976201e564cbe25ee258ba901ad38107c5c6b5846f0,True,0,1
GG0020,1,1,CVB0018,0.3786222040653229,0.45380290639069343,9,0,predict_proba,0.5,constraints_met,3,4,XGBoost,9abda8600d43251c251722bc0e6d5dceaead9da1a359ba4bd8a06cbb5ed10078,9eb1905b0d2d4dff99236976201e564cbe25ee258ba901ad38107c5c6b5846f0,True,0,1
GG0024,0,1,CVB0021,0.1683991402387619,0.2624012738058809,20,0,predict_proba,0.5,constraints_met,3,4,XGBoost,9abda8600d43251c251722bc0e6d5dceaead9da1a359ba4bd8a06cbb5ed10078,9eb1905b0d2d4dff99236976201e564cbe25ee258ba901ad38107c5c6b5846f0,True,0,1
GG0031,0,1,CVB0028,0.00967601255979389,0.060289874381851405,4,0,predict_proba,0.5,constraints_met,3,4,XGBoost,9abda8600d43251c251722bc0e6d5dceaead9da1a359ba4bd8a06cbb5ed10078,9eb1905b0d2d4dff99236976201e564cbe25ee258ba901ad38107c5c6b5846f0,True,0,1
GG0039,0,1,CVB0036,0.1502998024225235,0.2087841754883667,107,0,predict_proba,0.5,constraints_met,3,4,XGBoost,9abda8600d43251c251722bc0e6d5dceaead9da1a359ba4bd8a06cbb5ed10078,9eb1905b0d2d4dff99236976201e564cbe25ee258ba901ad38107c5c6b5846f0,True,0,1
GG0043,1,1,CVB0040,0.9405001401901245,0.8568035165468851,6,1,predict_proba,0.5,constraints_met,3,4,XGBoost,9abda8600d43251c251722bc0e6d5dceaead9da1a359ba4bd8a06cbb5ed10078,9eb1905b0d2d4dff99236976201e564cbe25ee258ba901ad38107c5c6b5846f0,True,0,1
GG0050,1,1,CVB0046,0.9593819677829742,0.9422401686509451,6,1,predict_proba,0.5,constraints_met,3,4,XGBoost,9abda8600d43251c251722bc0e6d5dceaead9da1a359ba4bd8a06cbb5ed10078,9eb1905b0d2d4dff99236976201e564cbe25ee258ba901ad38107c5c6b5846f0,True,0,1
GG0052,1,1,CVB0048,0.9332626461982727,0.9281297127405802,3,1,predict_proba,0.5,constraints_met,3,4,XGBoost,9abda8600d43251c251722bc0e6d5dceaead9da1a359ba4bd8a06cbb5ed10078,9eb1905b0d2d4dff99236976201e564cbe25ee258ba901ad38107c5c6b5846f0,True,0,1
GG0059,1,1,CVB0055,0.8085134029388428,0.722910962998867,15,1,predict_proba,0.5,constraints_met,3,4,XGBoost,9abda8600d43251c251722bc0e6d5dceaead9da1a359ba4bd8a06cbb5ed10078,9eb1905b0d2d4dff99236976201e564cbe25ee258ba901ad38107c5c6b5846f0,True,0,1
GG0066,0,1,CVB0062,0.3697233200073242,0.4327724476655324,3,0,predict_proba,0.5,constraints_met,3,4,XGBoost,9abda8600d43251c251722bc0e6d5dceaead9da1a359ba4bd8a06cbb5ed10078,9eb1905b0d2d4dff99236976201e564cbe25ee258ba901ad38107c5c6b5846f0,True,0,1
GG0068,0,1,CVB0064,0.05730940029025078,0.057670921087265015,5,0,predict_proba,0.5,constraints_met,3,4,XGBoost,9abda8600d43251c251722bc0e6d5dceaead9da1a359ba4bd8a06cbb5ed10078,9eb1905b0d2d4dff99236976201e564cbe25ee258ba901ad38107c5c6b5846f0,True,0,1
GG0076,0,1,CVB0072,0.8049400746822357,0.8248558044433594,6,1,predict_proba,0.5,constraints_met,3,4,XGBoost,9abda8600d43251c251722bc0e6d5dceaead9da1a359ba4bd8a06cbb5ed10078,9eb1905b0d2d4dff99236976201e564cbe25ee258ba901ad38107c5c6b5846f0,True,0,1
GG0080,0,1,CVB0076,0.001608444843441248,0.0016772813881592203,6,0,predict_proba,0.5,constraints_met,3,4,XGBoost,9abda8600d43251c251722bc0e6d5dceaead9da1a359ba4bd8a06cbb5ed10078,9eb1905b0d2d4dff99236976201e564cbe25ee258ba901ad38107c5c6b5846f0,True,0,1
GG0085,0,1,CVB0081,0.4116891622543335,0.4227750301361084,8,0,predict_proba,0.5,constraints_met,3,4,XGBoost,9abda8600d43251c251722bc0e6d5dceaead9da1a359ba4bd8a06cbb5ed10078,9eb1905b0d2d4dff99236976201e564cbe25ee258ba901ad38107c5c6b5846f0,True,0,1
GG0093,0,1,CVB0089,0.24466052651405334,0.32365426421165466,21,0,predict_proba,0.5,constraints_met,3,4,XGBoost,9abda8600d43251c251722bc0e6d5dceaead9da1a359ba4bd8a06cbb5ed10078,9eb1905b0d2d4dff99236976201e564cbe25ee258ba901ad38107c5c6b5846f0,True,0,1
GG0096,0,1,CVB0092,0.9749060273170471,0.9707935121324327,9,1,predict_proba,0.5,constraints_met,3,4,XGBoost,9abda8600d43251c251722bc0e6d5dceaead9da1a359ba4bd8a06cbb5ed10078,9eb1905b0d2d4dff99236976201e564cbe25ee258ba901ad38107c5c6b5846f0,True,0,1
GG0101,0,1,CVB0097,0.00011826840636786073,0.00010973150929203258,5,0,predict_proba,0.5,constraints_met,3,4,XGBoost,9abda8600d43251c251722bc0e6d5dceaead9da1a359ba4bd8a06cbb5ed10078,9eb1905b0d2d4dff99236976201e564cbe25ee258ba901ad38107c5c6b5846f0,True,0,1
GG0109,0,1,CVB0105,0.006536148954182863,0.0698824823096705,9,0,predict_proba,0.5,constraints_met,3,4,XGBoost,9abda8600d43251c251722bc0e6d5dceaead9da1a359ba4bd8a06cbb5ed10078,9eb1905b0d2d4dff99236976201e564cbe25ee258ba901ad38107c5c6b5846f0,True,0,1
GG0114,0,1,CVB0110,0.1378105692565441,0.1712837975937873,16,0,predict_proba,0.5,constraints_met,3,4,XGBoost,9abda8600d43251c251722bc0e6d5dceaead9da1a359ba4bd8a06cbb5ed10078,9eb1905b0d2d4dff99236976201e564cbe25ee258ba901ad38107c5c6b5846f0,True,0,1
GG0117,0,1,CVB0113,4.6667479182360694e-05,0.00021257856049207755,26,0,predict_proba,0.5,constraints_met,3,4,XGBoost,9abda8600d43251c251722bc0e6d5dceaead9da1a359ba4bd8a06cbb5ed10078,9eb1905b0d2d4dff99236976201e564cbe25ee258ba901ad38107c5c6b5846f0,True,0,1
GG0124,0,1,CVB0120,0.0069330912083387375,0.02342945523560047,9,0,predict_proba,0.5,constraints_met,3,4,XGBoost,9abda8600d43251c251722bc0e6d5dceaead9da1a359ba4bd8a06cbb5ed10078,9eb1905b0d2d4dff99236976201e564cbe25ee258ba901ad38107c5c6b5846f0,True,0,1
GG0128,0,1,CVB0124,0.18035513162612915,0.16483179663773626,5,0,predict_proba,0.5,constraints_met,3,4,XGBoost,9abda8600d43251c251722bc0e6d5dceaead9da1a359ba4bd8a06cbb5ed10078,9eb1905b0d2d4dff99236976201e564cbe25ee258ba901ad38107c5c6b5846f0,True,0,1
GG0004,0,1,CVB0004,0.05179711003516393,0.13020260083352592,35,0,predict_proba,0.325,constraints_met,3,5,RF,800a6fadd786e2053d94fc3353b779600092d0d156fcfdf9b6b5281751ca8f93,9eb1905b0d2d4dff99236976201e564cbe25ee258ba901ad38107c5c6b5846f0,True,0,1
GG0008,0,1,CVB0008,0.052203194672673335,0.1175898038734364,47,0,predict_proba,0.325,constraints_met,3,5,RF,800a6fadd786e2053d94fc3353b779600092d0d156fcfdf9b6b5281751ca8f93,9eb1905b0d2d4dff99236976201e564cbe25ee258ba901ad38107c5c6b5846f0,True,0,1
GG0013,1,1,CVB0013,0.4077708707764004,0.42011900752347353,16,1,predict_proba,0.325,constraints_met,3,5,RF,800a6fadd786e2053d94fc3353b779600092d0d156fcfdf9b6b5281751ca8f93,9eb1905b0d2d4dff99236976201e564cbe25ee258ba901ad38107c5c6b5846f0,True,0,1
GG0023,0,1,CVB0020,0.17768663454583736,0.17794660904653128,38,0,predict_proba,0.325,constraints_met,3,5,RF,800a6fadd786e2053d94fc3353b779600092d0d156fcfdf9b6b5281751ca8f93,9eb1905b0d2d4dff99236976201e564cbe25ee258ba901ad38107c5c6b5846f0,True,0,1
GG0028,1,1,CVB0025,0.3300872163108607,0.3290275811650222,5,1,predict_proba,0.325,constraints_met,3,5,RF,800a6fadd786e2053d94fc3353b779600092d0d156fcfdf9b6b5281751ca8f93,9eb1905b0d2d4dff99236976201e564cbe25ee258ba901ad38107c5c6b5846f0,True,0,1
GG0034,1,1,CVB0031,0.5176739434602485,0.5168857596081469,75,1,predict_proba,0.325,constraints_met,3,5,RF,800a6fadd786e2053d94fc3353b779600092d0d156fcfdf9b6b5281751ca8f93,9eb1905b0d2d4dff99236976201e564cbe25ee258ba901ad38107c5c6b5846f0,True,0,1
GG0038,1,1,CVB0035,0.5330519357304482,0.5352592891058807,222,1,predict_proba,0.325,constraints_met,3,5,RF,800a6fadd786e2053d94fc3353b779600092d0d156fcfdf9b6b5281751ca8f93,9eb1905b0d2d4dff99236976201e564cbe25ee258ba901ad38107c5c6b5846f0,True,0,1
GG0045,1,1,CVB0041,0.4871832101514498,0.41895020706886715,11,1,predict_proba,0.325,constraints_met,3,5,RF,800a6fadd786e2053d94fc3353b779600092d0d156fcfdf9b6b5281751ca8f93,9eb1905b0d2d4dff99236976201e564cbe25ee258ba901ad38107c5c6b5846f0,True,0,1
GG0046,1,1,CVB0042,0.6201586326986694,0.6056040444677504,18,1,predict_proba,0.325,constraints_met,3,5,RF,800a6fadd786e2053d94fc3353b779600092d0d156fcfdf9b6b5281751ca8f93,9eb1905b0d2d4dff99236976201e564cbe25ee258ba901ad38107c5c6b5846f0,True,0,1
GG0055,0,1,CVB0051,0.1260163921956474,0.15094068486066367,5,0,predict_proba,0.325,constraints_met,3,5,RF,800a6fadd786e2053d94fc3353b779600092d0d156fcfdf9b6b5281751ca8f93,9eb1905b0d2d4dff99236976201e564cbe25ee258ba901ad38107c5c6b5846f0,True,0,1
GG0061,1,1,CVB0057,0.5653718256219943,0.5098987249547594,5,1,predict_proba,0.325,constraints_met,3,5,RF,800a6fadd786e2053d94fc3353b779600092d0d156fcfdf9b6b5281751ca8f93,9eb1905b0d2d4dff99236976201e564cbe25ee258ba901ad38107c5c6b5846f0,True,0,1
GG0067,0,1,CVB0063,0.5148518957633619,0.42603041518901613,5,1,predict_proba,0.325,constraints_met,3,5,RF,800a6fadd786e2053d94fc3353b779600092d0d156fcfdf9b6b5281751ca8f93,9eb1905b0d2d4dff99236976201e564cbe25ee258ba901ad38107c5c6b5846f0,True,0,1
GG0070,0,1,CVB0066,0.021910745115284513,0.0257730703467205,14,0,predict_proba,0.325,constraints_met,3,5,RF,800a6fadd786e2053d94fc3353b779600092d0d156fcfdf9b6b5281751ca8f93,9eb1905b0d2d4dff99236976201e564cbe25ee258ba901ad38107c5c6b5846f0,True,0,1
GG0075,0,1,CVB0071,0.20252345122997328,0.2502579180784739,10,0,predict_proba,0.325,constraints_met,3,5,RF,800a6fadd786e2053d94fc3353b779600092d0d156fcfdf9b6b5281751ca8f93,9eb1905b0d2d4dff99236976201e564cbe25ee258ba901ad38107c5c6b5846f0,True,0,1
GG0081,0,1,CVB0077,0.33312917460694635,0.31836658483604924,5,1,predict_proba,0.325,constraints_met,3,5,RF,800a6fadd786e2053d94fc3353b779600092d0d156fcfdf9b6b5281751ca8f93,9eb1905b0d2d4dff99236976201e564cbe25ee258ba901ad38107c5c6b5846f0,True,0,1
GG0087,0,1,CVB0083,0.5624629202863007,0.4697335242300104,19,1,predict_proba,0.325,constraints_met,3,5,RF,800a6fadd786e2053d94fc3353b779600092d0d156fcfdf9b6b5281751ca8f93,9eb1905b0d2d4dff99236976201e564cbe25ee258ba901ad38107c5c6b5846f0,True,0,1
GG0090,0,1,CVB0086,0.4118125671145577,0.34282195142371363,16,1,predict_proba,0.325,constraints_met,3,5,RF,800a6fadd786e2053d94fc3353b779600092d0d156fcfdf9b6b5281751ca8f93,9eb1905b0d2d4dff99236976201e564cbe25ee258ba901ad38107c5c6b5846f0,True,0,1
GG0095,0,1,CVB0091,0.2291891809800357,0.23404325786553828,33,0,predict_proba,0.325,constraints_met,3,5,RF,800a6fadd786e2053d94fc3353b779600092d0d156fcfdf9b6b5281751ca8f93,9eb1905b0d2d4dff99236976201e564cbe25ee258ba901ad38107c5c6b5846f0,True,0,1
GG0102,0,1,CVB0098,0.2896411730760774,0.3145107479740024,20,0,predict_proba,0.325,constraints_met,3,5,RF,800a6fadd786e2053d94fc3353b779600092d0d156fcfdf9b6b5281751ca8f93,9eb1905b0d2d4dff99236976201e564cbe25ee258ba901ad38107c5c6b5846f0,True,0,1
GG0106,0,1,CVB0102,0.07705879066695218,0.2155786005623995,24,0,predict_proba,0.325,constraints_met,3,5,RF,800a6fadd786e2053d94fc3353b779600092d0d156fcfdf9b6b5281751ca8f93,9eb1905b0d2d4dff99236976201e564cbe25ee258ba901ad38107c5c6b5846f0,True,0,1
GG0111,0,1,CVB0107,0.011276774088041135,0.019074768951896977,25,0,predict_proba,0.325,constraints_met,3,5,RF,800a6fadd786e2053d94fc3353b779600092d0d156fcfdf9b6b5281751ca8f93,9eb1905b0d2d4dff99236976201e564cbe25ee258ba901ad38107c5c6b5846f0,True,0,1
GG0118,0,1,CVB0114,0.013338788126125677,0.03922825195510102,65,0,predict_proba,0.325,constraints_met,3,5,RF,800a6fadd786e2053d94fc3353b779600092d0d156fcfdf9b6b5281751ca8f93,9eb1905b0d2d4dff99236976201e564cbe25ee258ba901ad38107c5c6b5846f0,True,0,1
GG0123,0,1,CVB0119,0.09631866902003643,0.11630916652005507,33,0,predict_proba,0.325,constraints_met,3,5,RF,800a6fadd786e2053d94fc3353b779600092d0d156fcfdf9b6b5281751ca8f93,9eb1905b0d2d4dff99236976201e564cbe25ee258ba901ad38107c5c6b5846f0,True,0,1
GG0129,0,1,CVB0125,0.19049820538242074,0.21986853673618986,8,0,predict_proba,0.325,constraints_met,3,5,RF,800a6fadd786e2053d94fc3353b779600092d0d156fcfdf9b6b5281751ca8f93,9eb1905b0d2d4dff99236976201e564cbe25ee258ba901ad38107c5c6b5846f0,True,0,1
GG0004,0,1,CVB0004,0.013731449454741779,0.16243936283245336,35,0,monotonic_transformed_decision_score_not_calibrated,0.42500000000000004,constraints_met,3,5,SVM,5fa4a908761633c62a478b5a6b62e5ab4f348beacb01f913ae275df854a8b8a0,9eb1905b0d2d4dff99236976201e564cbe25ee258ba901ad38107c5c6b5846f0,True,0,1
GG0008,0,1,CVB0008,0.16082876220066136,0.23165704652031358,47,0,monotonic_transformed_decision_score_not_calibrated,0.42500000000000004,constraints_met,3,5,SVM,5fa4a908761633c62a478b5a6b62e5ab4f348beacb01f913ae275df854a8b8a0,9eb1905b0d2d4dff99236976201e564cbe25ee258ba901ad38107c5c6b5846f0,True,0,1
GG0013,1,1,CVB0013,0.3789456326146179,0.4283769979998327,16,0,monotonic_transformed_decision_score_not_calibrated,0.42500000000000004,constraints_met,3,5,SVM,5fa4a908761633c62a478b5a6b62e5ab4f348beacb01f913ae275df854a8b8a0,9eb1905b0d2d4dff99236976201e564cbe25ee258ba901ad38107c5c6b5846f0,True,0,1
GG0023,0,1,CVB0020,0.10222051861851317,0.22413613442386843,38,0,monotonic_transformed_decision_score_not_calibrated,0.42500000000000004,constraints_met,3,5,SVM,5fa4a908761633c62a478b5a6b62e5ab4f348beacb01f913ae275df854a8b8a0,9eb1905b0d2d4dff99236976201e564cbe25ee258ba901ad38107c5c6b5846f0,True,0,1
GG0028,1,1,CVB0025,0.42536529694407677,0.43947737008990584,5,1,monotonic_transformed_decision_score_not_calibrated,0.42500000000000004,constraints_met,3,5,SVM,5fa4a908761633c62a478b5a6b62e5ab4f348beacb01f913ae275df854a8b8a0,9eb1905b0d2d4dff99236976201e564cbe25ee258ba901ad38107c5c6b5846f0,True,0,1
GG0034,1,1,CVB0031,0.5967203050903486,0.5463667321275357,75,1,monotonic_transformed_decision_score_not_calibrated,0.42500000000000004,constraints_met,3,5,SVM,5fa4a908761633c62a478b5a6b62e5ab4f348beacb01f913ae275df854a8b8a0,9eb1905b0d2d4dff99236976201e564cbe25ee258ba901ad38107c5c6b5846f0,True,0,1
GG0038,1,1,CVB0035,0.589543181473632,0.530184161555061,222,1,monotonic_transformed_decision_score_not_calibrated,0.42500000000000004,constraints_met,3,5,SVM,5fa4a908761633c62a478b5a6b62e5ab4f348beacb01f913ae275df854a8b8a0,9eb1905b0d2d4dff99236976201e564cbe25ee258ba901ad38107c5c6b5846f0,True,0,1
GG0045,1,1,CVB0041,0.5544038063220583,0.5288480716869043,11,1,monotonic_transformed_decision_score_not_calibrated,0.42500000000000004,constraints_met,3,5,SVM,5fa4a908761633c62a478b5a6b62e5ab4f348beacb01f913ae275df854a8b8a0,9eb1905b0d2d4dff99236976201e564cbe25ee258ba901ad38107c5c6b5846f0,True,0,1
GG0046,1,1,CVB0042,0.6074616632435527,0.5652175248802951,18,1,monotonic_transformed_decision_score_not_calibrated,0.42500000000000004,constraints_met,3,5,SVM,5fa4a908761633c62a478b5a6b62e5ab4f348beacb01f913ae275df854a8b8a0,9eb1905b0d2d4dff99236976201e564cbe25ee258ba901ad38107c5c6b5846f0,True,0,1
GG0055,0,1,CVB0051,0.41835856602488253,0.33219616288205006,5,0,monotonic_transformed_decision_score_not_calibrated,0.42500000000000004,constraints_met,3,5,SVM,5fa4a908761633c62a478b5a6b62e5ab4f348beacb01f913ae275df854a8b8a0,9eb1905b0d2d4dff99236976201e564cbe25ee258ba901ad38107c5c6b5846f0,True,0,1
GG0061,1,1,CVB0057,0.46466158624339843,0.39907741746621445,5,1,monotonic_transformed_decision_score_not_calibrated,0.42500000000000004,constraints_met,3,5,SVM,5fa4a908761633c62a478b5a6b62e5ab4f348beacb01f913ae275df854a8b8a0,9eb1905b0d2d4dff99236976201e564cbe25ee258ba901ad38107c5c6b5846f0,True,0,1
GG0067,0,1,CVB0063,0.12001237763180685,0.11114599242803377,5,0,monotonic_transformed_decision_score_not_calibrated,0.42500000000000004,constraints_met,3,5,SVM,5fa4a908761633c62a478b5a6b62e5ab4f348beacb01f913ae275df854a8b8a0,9eb1905b0d2d4dff99236976201e564cbe25ee258ba901ad38107c5c6b5846f0,True,0,1
GG0070,0,1,CVB0066,0.05359592905877954,0.05403976085447454,14,0,monotonic_transformed_decision_score_not_calibrated,0.42500000000000004,constraints_met,3,5,SVM,5fa4a908761633c62a478b5a6b62e5ab4f348beacb01f913ae275df854a8b8a0,9eb1905b0d2d4dff99236976201e564cbe25ee258ba901ad38107c5c6b5846f0,True,0,1
GG0075,0,1,CVB0071,0.23279527030573977,0.3265996167303243,10,0,monotonic_transformed_decision_score_not_calibrated,0.42500000000000004,constraints_met,3,5,SVM,5fa4a908761633c62a478b5a6b62e5ab4f348beacb01f913ae275df854a8b8a0,9eb1905b0d2d4dff99236976201e564cbe25ee258ba901ad38107c5c6b5846f0,True,0,1
GG0081,0,1,CVB0077,0.39642431866247874,0.39488710247188435,5,0,monotonic_transformed_decision_score_not_calibrated,0.42500000000000004,constraints_met,3,5,SVM,5fa4a908761633c62a478b5a6b62e5ab4f348beacb01f913ae275df854a8b8a0,9eb1905b0d2d4dff99236976201e564cbe25ee258ba901ad38107c5c6b5846f0,True,0,1
GG0087,0,1,CVB0083,0.3699229965356665,0.3694713289766659,19,0,monotonic_transformed_decision_score_not_calibrated,0.42500000000000004,constraints_met,3,5,SVM,5fa4a908761633c62a478b5a6b62e5ab4f348beacb01f913ae275df854a8b8a0,9eb1905b0d2d4dff99236976201e564cbe25ee258ba901ad38107c5c6b5846f0,True,0,1
GG0090,0,1,CVB0086,0.3961365938619769,0.5057730886332729,16,0,monotonic_transformed_decision_score_not_calibrated,0.42500000000000004,constraints_met,3,5,SVM,5fa4a908761633c62a478b5a6b62e5ab4f348beacb01f913ae275df854a8b8a0,9eb1905b0d2d4dff99236976201e564cbe25ee258ba901ad38107c5c6b5846f0,True,0,1
GG0095,0,1,CVB0091,0.4119137517878004,0.4049878102431985,33,0,monotonic_transformed_decision_score_not_calibrated,0.42500000000000004,constraints_met,3,5,SVM,5fa4a908761633c62a478b5a6b62e5ab4f348beacb01f913ae275df854a8b8a0,9eb1905b0d2d4dff99236976201e564cbe25ee258ba901ad38107c5c6b5846f0,True,0,1
GG0102,0,1,CVB0098,0.5769556298862555,0.5630180891421048,20,1,monotonic_transformed_decision_score_not_calibrated,0.42500000000000004,constraints_met,3,5,SVM,5fa4a908761633c62a478b5a6b62e5ab4f348beacb01f913ae275df854a8b8a0,9eb1905b0d2d4dff99236976201e564cbe25ee258ba901ad38107c5c6b5846f0,True,0,1
GG0106,0,1,CVB0102,0.0750096101172533,0.20063506250411076,24,0,monotonic_transformed_decision_score_not_calibrated,0.42500000000000004,constraints_met,3,5,SVM,5fa4a908761633c62a478b5a6b62e5ab4f348beacb01f913ae275df854a8b8a0,9eb1905b0d2d4dff99236976201e564cbe25ee258ba901ad38107c5c6b5846f0,True,0,1
GG0111,0,1,CVB0107,0.06113716286771553,0.0873135301744381,25,0,monotonic_transformed_decision_score_not_calibrated,0.42500000000000004,constraints_met,3,5,SVM,5fa4a908761633c62a478b5a6b62e5ab4f348beacb01f913ae275df854a8b8a0,9eb1905b0d2d4dff99236976201e564cbe25ee258ba901ad38107c5c6b5846f0,True,0,1
GG0118,0,1,CVB0114,0.02702092958563421,0.0757504786351185,65,0,monotonic_transformed_decision_score_not_calibrated,0.42500000000000004,constraints_met,3,5,SVM,5fa4a908761633c62a478b5a6b62e5ab4f348beacb01f913ae275df854a8b8a0,9eb1905b0d2d4dff99236976201e564cbe25ee258ba901ad38107c5c6b5846f0,True,0,1
GG0123,0,1,CVB0119,0.19592902018541095,0.23074292192045165,33,0,monotonic_transformed_decision_score_not_calibrated,0.42500000000000004,constraints_met,3,5,SVM,5fa4a908761633c62a478b5a6b62e5ab4f348beacb01f913ae275df854a8b8a0,9eb1905b0d2d4dff99236976201e564cbe25ee258ba901ad38107c5c6b5846f0,True,0,1
GG0129,0,1,CVB0125,0.070855729970332,0.1825716915391491,8,0,monotonic_transformed_decision_score_not_calibrated,0.42500000000000004,constraints_met,3,5,SVM,5fa4a908761633c62a478b5a6b62e5ab4f348beacb01f913ae275df854a8b8a0,9eb1905b0d2d4dff99236976201e564cbe25ee258ba901ad38107c5c6b5846f0,True,0,1
GG0004,0,1,CVB0004,4.458830919641667e-10,0.14485984881505728,35,0,predict_proba,0.14500000000000002,constraints_met,3,5,MLP,2e5d3cd8b4df0394a14061b6bcded89de6de92f9a8b3f1197b0749ebcacb597b,9eb1905b0d2d4dff99236976201e564cbe25ee258ba901ad38107c5c6b5846f0,True,680,2
GG0008,0,1,CVB0008,0.002997263708773598,0.20097507891853433,47,0,predict_proba,0.14500000000000002,constraints_met,3,5,MLP,2e5d3cd8b4df0394a14061b6bcded89de6de92f9a8b3f1197b0749ebcacb597b,9eb1905b0d2d4dff99236976201e564cbe25ee258ba901ad38107c5c6b5846f0,True,680,2
GG0013,1,1,CVB0013,0.27140167964426093,0.4514569403156763,16,1,predict_proba,0.14500000000000002,constraints_met,3,5,MLP,2e5d3cd8b4df0394a14061b6bcded89de6de92f9a8b3f1197b0749ebcacb597b,9eb1905b0d2d4dff99236976201e564cbe25ee258ba901ad38107c5c6b5846f0,True,680,2
GG0023,0,1,CVB0020,9.968956450963273e-07,0.17432015084047953,38,0,predict_proba,0.14500000000000002,constraints_met,3,5,MLP,2e5d3cd8b4df0394a14061b6bcded89de6de92f9a8b3f1197b0749ebcacb597b,9eb1905b0d2d4dff99236976201e564cbe25ee258ba901ad38107c5c6b5846f0,True,680,2
GG0028,1,1,CVB0025,0.2977506569194678,0.40785091540372287,5,1,predict_proba,0.14500000000000002,constraints_met,3,5,MLP,2e5d3cd8b4df0394a14061b6bcded89de6de92f9a8b3f1197b0749ebcacb597b,9eb1905b0d2d4dff99236976201e564cbe25ee258ba901ad38107c5c6b5846f0,True,680,2
GG0034,1,1,CVB0031,0.5706496512452784,0.5094719643659815,75,1,predict_proba,0.14500000000000002,constraints_met,3,5,MLP,2e5d3cd8b4df0394a14061b6bcded89de6de92f9a8b3f1197b0749ebcacb597b,9eb1905b0d2d4dff99236976201e564cbe25ee258ba901ad38107c5c6b5846f0,True,680,2
GG0038,1,1,CVB0035,0.9320564925731947,0.68308944210826,222,1,predict_proba,0.14500000000000002,constraints_met,3,5,MLP,2e5d3cd8b4df0394a14061b6bcded89de6de92f9a8b3f1197b0749ebcacb597b,9eb1905b0d2d4dff99236976201e564cbe25ee258ba901ad38107c5c6b5846f0,True,680,2
GG0045,1,1,CVB0041,0.8683095525452953,0.6221294274166524,11,1,predict_proba,0.14500000000000002,constraints_met,3,5,MLP,2e5d3cd8b4df0394a14061b6bcded89de6de92f9a8b3f1197b0749ebcacb597b,9eb1905b0d2d4dff99236976201e564cbe25ee258ba901ad38107c5c6b5846f0,True,680,2
GG0046,1,1,CVB0042,0.9668837265379263,0.7296207279467113,18,1,predict_proba,0.14500000000000002,constraints_met,3,5,MLP,2e5d3cd8b4df0394a14061b6bcded89de6de92f9a8b3f1197b0749ebcacb597b,9eb1905b0d2d4dff99236976201e564cbe25ee258ba901ad38107c5c6b5846f0,True,680,2
GG0055,0,1,CVB0051,0.002811806698877161,0.007698679821785283,5,0,predict_proba,0.14500000000000002,constraints_met,3,5,MLP,2e5d3cd8b4df0394a14061b6bcded89de6de92f9a8b3f1197b0749ebcacb597b,9eb1905b0d2d4dff99236976201e564cbe25ee258ba901ad38107c5c6b5846f0,True,680,2
GG0061,1,1,CVB0057,0.46798202640087805,0.3954775278350438,5,1,predict_proba,0.14500000000000002,constraints_met,3,5,MLP,2e5d3cd8b4df0394a14061b6bcded89de6de92f9a8b3f1197b0749ebcacb597b,9eb1905b0d2d4dff99236976201e564cbe25ee258ba901ad38107c5c6b5846f0,True,680,2
GG0067,0,1,CVB0063,0.0012789033755868536,0.002228708195826455,5,0,predict_proba,0.14500000000000002,constraints_met,3,5,MLP,2e5d3cd8b4df0394a14061b6bcded89de6de92f9a8b3f1197b0749ebcacb597b,9eb1905b0d2d4dff99236976201e564cbe25ee258ba901ad38107c5c6b5846f0,True,680,2
GG0070,0,1,CVB0066,1.2957138698486285e-07,2.902791937964385e-07,14,0,predict_proba,0.14500000000000002,constraints_met,3,5,MLP,2e5d3cd8b4df0394a14061b6bcded89de6de92f9a8b3f1197b0749ebcacb597b,9eb1905b0d2d4dff99236976201e564cbe25ee258ba901ad38107c5c6b5846f0,True,680,2
GG0075,0,1,CVB0071,0.18264054370313135,0.3894209168633939,10,1,predict_proba,0.14500000000000002,constraints_met,3,5,MLP,2e5d3cd8b4df0394a14061b6bcded89de6de92f9a8b3f1197b0749ebcacb597b,9eb1905b0d2d4dff99236976201e564cbe25ee258ba901ad38107c5c6b5846f0,True,680,2
GG0081,0,1,CVB0077,0.08893426499061656,0.09701957962198206,5,0,predict_proba,0.14500000000000002,constraints_met,3,5,MLP,2e5d3cd8b4df0394a14061b6bcded89de6de92f9a8b3f1197b0749ebcacb597b,9eb1905b0d2d4dff99236976201e564cbe25ee258ba901ad38107c5c6b5846f0,True,680,2
GG0087,0,1,CVB0083,0.35640801726448645,0.36642697579661104,19,1,predict_proba,0.14500000000000002,constraints_met,3,5,MLP,2e5d3cd8b4df0394a14061b6bcded89de6de92f9a8b3f1197b0749ebcacb597b,9eb1905b0d2d4dff99236976201e564cbe25ee258ba901ad38107c5c6b5846f0,True,680,2
GG0090,0,1,CVB0086,0.4377832925755824,0.46005024654846,16,1,predict_proba,0.14500000000000002,constraints_met,3,5,MLP,2e5d3cd8b4df0394a14061b6bcded89de6de92f9a8b3f1197b0749ebcacb597b,9eb1905b0d2d4dff99236976201e564cbe25ee258ba901ad38107c5c6b5846f0,True,680,2
GG0095,0,1,CVB0091,0.011398568510831573,0.3608609869733346,33,0,predict_proba,0.14500000000000002,constraints_met,3,5,MLP,2e5d3cd8b4df0394a14061b6bcded89de6de92f9a8b3f1197b0749ebcacb597b,9eb1905b0d2d4dff99236976201e564cbe25ee258ba901ad38107c5c6b5846f0,True,680,2
GG0102,0,1,CVB0098,0.9706162642913927,0.7403519291441628,20,1,predict_proba,0.14500000000000002,constraints_met,3,5,MLP,2e5d3cd8b4df0394a14061b6bcded89de6de92f9a8b3f1197b0749ebcacb597b,9eb1905b0d2d4dff99236976201e564cbe25ee258ba901ad38107c5c6b5846f0,True,680,2
GG0106,0,1,CVB0102,7.853752197428527e-05,0.13785447786432634,24,0,predict_proba,0.14500000000000002,constraints_met,3,5,MLP,2e5d3cd8b4df0394a14061b6bcded89de6de92f9a8b3f1197b0749ebcacb597b,9eb1905b0d2d4dff99236976201e564cbe25ee258ba901ad38107c5c6b5846f0,True,680,2
GG0111,0,1,CVB0107,9.57024652210348e-11,1.2549142005984587e-08,25,0,predict_proba,0.14500000000000002,constraints_met,3,5,MLP,2e5d3cd8b4df0394a14061b6bcded89de6de92f9a8b3f1197b0749ebcacb597b,9eb1905b0d2d4dff99236976201e564cbe25ee258ba901ad38107c5c6b5846f0,True,680,2
GG0118,0,1,CVB0114,1.1288313493803176e-07,0.03448183853215874,65,0,predict_proba,0.14500000000000002,constraints_met,3,5,MLP,2e5d3cd8b4df0394a14061b6bcded89de6de92f9a8b3f1197b0749ebcacb597b,9eb1905b0d2d4dff99236976201e564cbe25ee258ba901ad38107c5c6b5846f0,True,680,2
GG0123,0,1,CVB0119,0.002179081281745657,0.11138765076577806,33,0,predict_proba,0.14500000000000002,constraints_met,3,5,MLP,2e5d3cd8b4df0394a14061b6bcded89de6de92f9a8b3f1197b0749ebcacb597b,9eb1905b0d2d4dff99236976201e564cbe25ee258ba901ad38107c5c6b5846f0,True,680,2
GG0129,0,1,CVB0125,2.17151932296707e-08,0.031972147459774655,8,0,predict_proba,0.14500000000000002,constraints_met,3,5,MLP,2e5d3cd8b4df0394a14061b6bcded89de6de92f9a8b3f1197b0749ebcacb597b,9eb1905b0d2d4dff99236976201e564cbe25ee258ba901ad38107c5c6b5846f0,True,680,2
GG0004,0,1,CVB0004,0.0005295584560371935,0.11310616420336309,35,0,predict_proba,0.13,constraints_met,3,5,XGBoost,f5fcb432771cd87cf229d688f5ab756f893357956cbe8217ffb976d534b575e8,9eb1905b0d2d4dff99236976201e564cbe25ee258ba901ad38107c5c6b5846f0,True,0,1
GG0008,0,1,CVB0008,0.04872894287109375,0.1168514484381105,47,0,predict_proba,0.13,constraints_met,3,5,XGBoost,f5fcb432771cd87cf229d688f5ab756f893357956cbe8217ffb976d534b575e8,9eb1905b0d2d4dff99236976201e564cbe25ee258ba901ad38107c5c6b5846f0,True,0,1
GG0013,1,1,CVB0013,0.343349426984787,0.4319940134009812,16,1,predict_proba,0.13,constraints_met,3,5,XGBoost,f5fcb432771cd87cf229d688f5ab756f893357956cbe8217ffb976d534b575e8,9eb1905b0d2d4dff99236976201e564cbe25ee258ba901ad38107c5c6b5846f0,True,0,1
GG0023,0,1,CVB0020,0.012429446447640657,0.08278482251204734,38,0,predict_proba,0.13,constraints_met,3,5,XGBoost,f5fcb432771cd87cf229d688f5ab756f893357956cbe8217ffb976d534b575e8,9eb1905b0d2d4dff99236976201e564cbe25ee258ba901ad38107c5c6b5846f0,True,0,1
GG0028,1,1,CVB0025,0.15848062932491302,0.18407420553267,5,1,predict_proba,0.13,constraints_met,3,5,XGBoost,f5fcb432771cd87cf229d688f5ab756f893357956cbe8217ffb976d534b575e8,9eb1905b0d2d4dff99236976201e564cbe25ee258ba901ad38107c5c6b5846f0,True,0,1
GG0034,1,1,CVB0031,0.36826303601264954,0.4330787612410495,75,1,predict_proba,0.13,constraints_met,3,5,XGBoost,f5fcb432771cd87cf229d688f5ab756f893357956cbe8217ffb976d534b575e8,9eb1905b0d2d4dff99236976201e564cbe25ee258ba901ad38107c5c6b5846f0,True,0,1
GG0038,1,1,CVB0035,0.5912627875804901,0.5119288261772159,222,1,predict_proba,0.13,constraints_met,3,5,XGBoost,f5fcb432771cd87cf229d688f5ab756f893357956cbe8217ffb976d534b575e8,9eb1905b0d2d4dff99236976201e564cbe25ee258ba901ad38107c5c6b5846f0,True,0,1
GG0045,1,1,CVB0041,0.7027494311332703,0.5338991221717813,11,1,predict_proba,0.13,constraints_met,3,5,XGBoost,f5fcb432771cd87cf229d688f5ab756f893357956cbe8217ffb976d534b575e8,9eb1905b0d2d4dff99236976201e564cbe25ee258ba901ad38107c5c6b5846f0,True,0,1
GG0046,1,1,CVB0042,0.541632279753685,0.5472510266635153,18,1,predict_proba,0.13,constraints_met,3,5,XGBoost,f5fcb432771cd87cf229d688f5ab756f893357956cbe8217ffb976d534b575e8,9eb1905b0d2d4dff99236976201e564cbe25ee258ba901ad38107c5c6b5846f0,True,0,1
GG0055,0,1,CVB0051,0.2412872016429901,0.22750157862901688,5,1,predict_proba,0.13,constraints_met,3,5,XGBoost,f5fcb432771cd87cf229d688f5ab756f893357956cbe8217ffb976d534b575e8,9eb1905b0d2d4dff99236976201e564cbe25ee258ba901ad38107c5c6b5846f0,True,0,1
GG0061,1,1,CVB0057,0.495216429233551,0.4436984334141016,5,1,predict_proba,0.13,constraints_met,3,5,XGBoost,f5fcb432771cd87cf229d688f5ab756f893357956cbe8217ffb976d534b575e8,9eb1905b0d2d4dff99236976201e564cbe25ee258ba901ad38107c5c6b5846f0,True,0,1
GG0067,0,1,CVB0063,0.06543701887130737,0.08826304962858558,5,0,predict_proba,0.13,constraints_met,3,5,XGBoost,f5fcb432771cd87cf229d688f5ab756f893357956cbe8217ffb976d534b575e8,9eb1905b0d2d4dff99236976201e564cbe25ee258ba901ad38107c5c6b5846f0,True,0,1
GG0070,0,1,CVB0066,0.001583146455232054,0.002090970628030066,14,0,predict_proba,0.13,constraints_met,3,5,XGBoost,f5fcb432771cd87cf229d688f5ab756f893357956cbe8217ffb976d534b575e8,9eb1905b0d2d4dff99236976201e564cbe25ee258ba901ad38107c5c6b5846f0,True,0,1
GG0075,0,1,CVB0071,0.09156511776382104,0.2631766137473903,10,0,predict_proba,0.13,constraints_met,3,5,XGBoost,f5fcb432771cd87cf229d688f5ab756f893357956cbe8217ffb976d534b575e8,9eb1905b0d2d4dff99236976201e564cbe25ee258ba901ad38107c5c6b5846f0,True,0,1
GG0081,0,1,CVB0077,0.06370355933904648,0.04472242910414934,5,0,predict_proba,0.13,constraints_met,3,5,XGBoost,f5fcb432771cd87cf229d688f5ab756f893357956cbe8217ffb976d534b575e8,9eb1905b0d2d4dff99236976201e564cbe25ee258ba901ad38107c5c6b5846f0,True,0,1
GG0087,0,1,CVB0083,0.33209264278411865,0.4003700881118053,19,1,predict_proba,0.13,constraints_met,3,5,XGBoost,f5fcb432771cd87cf229d688f5ab756f893357956cbe8217ffb976d534b575e8,9eb1905b0d2d4dff99236976201e564cbe25ee258ba901ad38107c5c6b5846f0,True,0,1
GG0090,0,1,CVB0086,0.18274297565221786,0.280387390521355,16,1,predict_proba,0.13,constraints_met,3,5,XGBoost,f5fcb432771cd87cf229d688f5ab756f893357956cbe8217ffb976d534b575e8,9eb1905b0d2d4dff99236976201e564cbe25ee258ba901ad38107c5c6b5846f0,True,0,1
GG0095,0,1,CVB0091,0.002571966266259551,0.08408091246339168,33,0,predict_proba,0.13,constraints_met,3,5,XGBoost,f5fcb432771cd87cf229d688f5ab756f893357956cbe8217ffb976d534b575e8,9eb1905b0d2d4dff99236976201e564cbe25ee258ba901ad38107c5c6b5846f0,True,0,1
GG0102,0,1,CVB0098,0.22099076956510544,0.32912035696208475,20,1,predict_proba,0.13,constraints_met,3,5,XGBoost,f5fcb432771cd87cf229d688f5ab756f893357956cbe8217ffb976d534b575e8,9eb1905b0d2d4dff99236976201e564cbe25ee258ba901ad38107c5c6b5846f0,True,0,1
GG0106,0,1,CVB0102,0.016980537679046392,0.2326089126934221,24,0,predict_proba,0.13,constraints_met,3,5,XGBoost,f5fcb432771cd87cf229d688f5ab756f893357956cbe8217ffb976d534b575e8,9eb1905b0d2d4dff99236976201e564cbe25ee258ba901ad38107c5c6b5846f0,True,0,1
GG0111,0,1,CVB0107,1.9178345610271208e-05,8.690603583090706e-05,25,0,predict_proba,0.13,constraints_met,3,5,XGBoost,f5fcb432771cd87cf229d688f5ab756f893357956cbe8217ffb976d534b575e8,9eb1905b0d2d4dff99236976201e564cbe25ee258ba901ad38107c5c6b5846f0,True,0,1
GG0118,0,1,CVB0114,0.0005469798343256116,0.01790751284682196,65,0,predict_proba,0.13,constraints_met,3,5,XGBoost,f5fcb432771cd87cf229d688f5ab756f893357956cbe8217ffb976d534b575e8,9eb1905b0d2d4dff99236976201e564cbe25ee258ba901ad38107c5c6b5846f0,True,0,1
GG0123,0,1,CVB0119,0.0453658364713192,0.1369514151081217,33,0,predict_proba,0.13,constraints_met,3,5,XGBoost,f5fcb432771cd87cf229d688f5ab756f893357956cbe8217ffb976d534b575e8,9eb1905b0d2d4dff99236976201e564cbe25ee258ba901ad38107c5c6b5846f0,True,0,1
GG0129,0,1,CVB0125,0.049155171029269695,0.06899980760681501,8,0,predict_proba,0.13,constraints_met,3,5,XGBoost,f5fcb432771cd87cf229d688f5ab756f893357956cbe8217ffb976d534b575e8,9eb1905b0d2d4dff99236976201e564cbe25ee258ba901ad38107c5c6b5846f0,True,0,1
